x,y,cluster,trend,value,set,residual
0.0,0.0,0,275.0863524853048,474.224075,1,199.1377225146952
1.0,0.0,0,259.7389079971472,,0,
2.0,0.0,0,243.65384205304144,,0,
3.0,0.0,0,226.77817699818115,,0,
4.0,0.0,0,209.07117583052604,,0,
5.0,0.0,0,190.51274656115856,,0,
6.0,0.0,0,171.1106913368858,749.593665,1,578.4829736631142
7.0,0.0,0,150.9041390002094,,0,
8.0,0.0,0,129.96196034145396,,0,
9.0,0.0,0,108.37740057976043,,0,
10.0,0.0,0,86.26161325834983,,0,
11.0,0.0,0,63.73841526617616,,0,
12.0,0.0,0,40.94130327808671,-36.874397,1,-77.81570027808671
13.0,0.0,0,18.01276605138264,,0,
14.0,0.0,0,-4.894338632395375,,0,
15.0,0.0,0,-27.61310559649428,,0,
16.0,0.0,0,-49.95485346328496,,0,
17.0,0.0,0,-71.69031849809107,,0,
18.0,0.0,0,-92.47165510711784,-255.970953,1,-163.49929789288217
19.0,0.0,0,-111.75667536168476,,0,
20.0,0.0,0,-129.91324885046924,,0,
21.0,0.0,0,-147.1172704659839,,0,
22.0,0.0,0,-163.43074673085357,,0,
23.0,0.0,0,-178.88200650630824,,0,
24.0,0.0,0,-193.4864971870411,-512.422377,1,-318.9358798129589
25.0,0.0,0,-207.25619006690977,,0,
26.0,0.0,0,-220.2046449447662,,0,
27.0,0.0,0,-232.34974152648647,,0,
28.0,0.0,0,-243.71485793248576,,0,
29.0,0.0,0,-254.3289333215762,,0,
30.0,0.0,0,-264.2257539376078,-353.156803,1,-88.93104906239222
31.0,0.0,0,-273.4427498672849,,0,
32.0,0.0,0,-282.01952274794166,,0,
33.0,0.0,0,-289.9962406324921,,0,
34.0,0.0,0,-297.411951360642,,0,
35.0,0.0,0,-304.30279021859315,,0,
36.0,0.0,0,-310.6999829177439,-269.85286,1,40.84712291774389
37.0,0.0,0,-316.6274310269,,0,
38.0,0.0,0,-322.0983971583337,,0,
39.0,0.0,0,-327.10999813534,,0,
40.0,0.0,0,-331.63149731424346,,0,
41.0,0.0,0,-335.5806717679661,,0,
42.0,0.0,0,-338.89068171483814,-372.586972,1,-33.696290285161865
43.0,0.0,0,-341.6817759511014,,0,
44.0,0.0,0,-344.0900551389277,,0,
45.0,0.0,0,-346.20088866418155,,0,
46.0,0.0,0,-348.0724896299798,,0,
47.0,0.0,0,-349.7470945933783,,0,
48.0,0.0,0,-351.2553883700675,-834.016074,1,-482.7606856299325
49.0,0.0,0,-352.61813957159757,,0,
50.0,0.0,0,-353.84632924244215,,0,
51.0,0.0,0,-354.94026545649467,,0,
52.0,0.0,0,-355.88789755178004,,0,
53.0,0.0,0,-356.66236000568824,,0,
54.0,0.0,0,-357.21850371854816,-776.971686,1,-419.7531822814518
55.0,0.0,0,-357.4876096126027,,0,
56.0,0.0,0,-357.36814696741567,,0,
57.0,0.0,0,-356.7067203373517,,0,
58.0,0.0,0,-355.2513159031514,,0,
59.0,0.0,0,-352.5514153160839,,0,
60.0,0.0,0,-348.2536333924945,-570.530454,1,-222.27682060750544
61.0,0.0,0,-342.8556105146199,,0,
62.0,0.0,0,-336.9557301010427,,0,
63.0,0.0,0,-330.96040353760145,,0,
64.0,0.0,0,-325.1851306416065,,0,
65.0,0.0,0,-319.89893368188496,,0,
66.0,0.0,0,-315.3354183522533,-183.533745,1,131.80167335225332
67.0,0.0,0,-311.68768767258734,,0,
68.0,0.0,0,-309.0973315649535,,0,
69.0,0.0,0,-307.6488307979889,,0,
70.0,0.0,0,-307.3756786318336,,0,
71.0,0.0,0,-308.2737897171719,,0,
72.0,0.0,1,-310.3137294393928,410.148254,1,720.4619834393927
73.0,0.0,1,-313.4478668401498,,0,
74.0,0.0,1,-317.61333414207184,,0,
75.0,0.0,1,-322.73295142322604,,0,
76.0,0.0,1,-328.71563296384556,,0,
77.0,0.0,1,-335.4569501793194,,0,
78.0,0.0,1,-342.84004114328127,306.953297,1,649.7933381432813
79.0,0.0,1,-350.7369375804301,,0,
80.0,0.0,1,-359.0105299547795,,0,
81.0,0.0,1,-367.51770551902155,,0,
82.0,0.0,1,-376.1144821965572,,0,
83.0,0.0,1,-384.6637906410688,,0,
84.0,0.0,1,-393.04532401757024,8.115114,1,401.16043801757024
85.0,0.0,1,-401.1646741850127,,0,
86.0,0.0,1,-408.95773794377965,,0,
87.0,0.0,1,-416.3884098466915,,0,
88.0,0.0,1,-423.4416200280393,,0,
89.0,0.0,1,-430.1157652769689,,0,
90.0,0.0,1,-436.41727160794835,-405.137127,1,31.28014460794833
91.0,0.0,1,-442.35774145672985,,0,
92.0,0.0,1,-447.9528419026501,,0,
93.0,0.0,1,-453.22190096620034,,0,
94.0,0.0,1,-458.1875015398564,,0,
95.0,0.0,1,-462.8747609797383,,0,
96.0,0.0,1,-467.31028186099684,-258.137721,1,209.17256086099684
97.0,0.0,1,-471.52091976025986,,0,
98.0,0.0,1,-475.532563239969,,0,
99.0,0.0,1,-479.3691100166179,,0,
100.0,0.0,1,-483.0518042639487,,0,
101.0,0.0,1,-486.59911857379234,,0,
102.0,0.0,1,-490.0274639675008,-403.129118,1,86.8983459675008
103.0,0.0,1,-493.35323793386306,,0,
104.0,0.0,1,-496.59697025684545,,0,
105.0,0.0,1,-499.7888769100646,,0,
106.0,0.0,1,-502.9617313014205,,0,
107.0,0.0,1,-506.09196832827365,,0,
108.0,0.0,1,-509.04316264858426,-509.47614,1,-0.43297735141572957
109.0,0.0,1,-511.62592864560065,,0,
110.0,0.0,1,-513.6615083583602,,0,
111.0,0.0,1,-514.99596265742,,0,
112.0,0.0,1,-515.5043073610341,,0,
113.0,0.0,1,-515.0973767678679,,0,
114.0,0.0,1,-513.7289943946744,-60.119306,1,453.6096883946744
115.0,0.0,1,-511.3990902088335,,0,
116.0,0.0,1,-508.1506573409206,,0,
117.0,0.0,1,-504.06204043674916,,0,
118.0,0.0,1,-499.238255093147,,0,
119.0,0.0,1,-493.8048009526028,,0,
120.0,0.0,1,-487.9060437256703,-40.037057,1,447.8689867256703
121.0,0.0,1,-481.7093850401616,,0,
122.0,0.0,1,-475.4164028917876,,0,
123.0,0.0,1,-469.27834172697476,,0,
124.0,0.0,1,-463.57944838607,,0,
125.0,0.0,1,-458.488354369083,,0,
126.0,0.0,1,-453.913311458693,-532.989036,1,-79.07572454130707
127.0,0.0,1,-449.64822383034334,,0,
128.0,0.0,1,-445.52228145830304,,0,
129.0,0.0,1,-441.4170871462993,,0,
130.0,0.0,2,-437.25066542782315,,0,
131.0,0.0,2,-432.964271257144,,0,
132.0,0.0,2,-428.51386102699325,-100.3713,1,328.14256102699323
133.0,0.0,2,-423.86432537147994,,0,
134.0,0.0,2,-418.9851698694656,,0,
135.0,0.0,2,-413.8469368113874,,0,
136.0,0.0,2,-408.41810956504924,,0,
137.0,0.0,2,-402.6628369728405,,0,
138.0,0.0,2,-396.5410148578944,44.65782,1,441.19883485789444
139.0,0.0,2,-390.0142606130248,,0,
140.0,0.0,2,-383.0618448143359,,0,
141.0,0.0,2,-375.70296732438874,,0,
142.0,0.0,2,-368.0078159598088,,0,
143.0,0.0,2,-360.08495058522385,,0,
144.0,0.0,2,-352.05733489808335,54.862272,1,406.9196068980834
145.0,0.0,2,-344.0444298546645,,0,
146.0,0.0,2,-336.15378588928615,,0,
147.0,0.0,2,-328.47785131065757,,0,
148.0,0.0,2,-321.09218486006284,,0,
149.0,0.0,2,-314.05320928077344,,0,
150.0,0.0,2,-307.3949070089511,-257.659604,1,49.73530300895112
151.0,0.0,2,-301.1250663413666,,0,
152.0,0.0,2,-295.22454611190915,,0,
153.0,0.0,2,-289.6583899440375,,0,
154.0,0.0,2,-284.40353014931134,,0,
155.0,0.0,2,-279.46682261654496,,0,
156.0,0.0,2,-274.8664080770104,-425.328445,1,-150.46203692298957
157.0,0.0,2,-270.60344128537326,,0,
158.0,0.0,2,-266.6504902861816,,0,
159.0,0.0,2,-262.95192257798044,,0,
160.0,0.0,2,-259.4275220087584,,0,
161.0,0.0,2,-255.97595224377437,,0,
162.0,0.0,2,-252.47748929915542,-385.36112,1,-132.8836307008446
163.0,0.0,2,-248.79637921975518,,0,
164.0,0.0,2,-244.78361010127264,,0,
165.0,0.0,2,-240.28128754896534,,0,
166.0,0.0,2,-235.13009678947856,,0,
167.0,0.0,2,-229.18093181397126,,0,
168.0,0.0,2,-222.3097602109192,-78.945016,1,143.36474421091918
169.0,0.0,2,-214.43131951717078,,0,
170.0,0.0,2,-205.5052980611763,,0,
171.0,0.0,2,-195.53180451302615,,0,
172.0,0.0,3,-184.53923282528558,,0,
173.0,0.0,3,-172.57080031823716,,0,
174.0,0.0,3,-159.67413679468882,-418.979534,1,-259.3053972053112
175.0,0.0,3,-145.89490613257658,,0,
176.0,0.0,3,-131.27356566287926,,0,
177.0,0.0,3,-115.84421427758934,,0,
178.0,0.0,3,-99.63521271606442,,0,
179.0,0.0,3,-82.67227469319914,,0,
180.0,0.0,3,-64.98540979007521,-762.878067,1,-697.8926572099248
181.0,0.0,3,-46.620068210388126,,0,
182.0,0.0,3,-27.648847681542975,,0,
183.0,0.0,3,-8.176278532613651,,0,
184.0,0.0,3,11.667576152889524,,0,
185.0,0.0,3,31.74040979653364,,0,
186.0,0.0,3,51.90034423776888,-386.242755,1,-438.14309923776887
187.0,0.0,3,72.01434909997624,,0,
188.0,0.0,3,91.9628280755278,,0,
189.0,0.0,3,111.64196025163255,,0,
190.0,0.0,3,130.96495632504957,,0,
191.0,0.0,3,149.8627432290814,,0,
192.0,0.0,3,168.284145794707,-159.284279,1,-327.56842479470697
193.0,0.0,3,186.1953789106483,,0,
194.0,0.0,3,203.5785392577527,,0,
195.0,0.0,3,220.42880648376013,,0,
196.0,0.0,3,236.75032244671456,,0,
197.0,0.0,3,252.5512760118072,,0,
198.0,0.0,3,267.83937561907806,-39.921405,1,-307.76078061907805
199.0,0.0,3,282.6190821448399,,0,
0.0,1.0,0,281.7661988693144,,0,
1.0,1.0,0,266.67830742643855,,0,
2.0,1.0,0,250.83140854259545,,0,
3.0,1.0,0,234.15653920888508,,0,
4.0,1.0,0,216.59587666559673,,0,
5.0,1.0,0,198.1152366729366,695.238031,1,497.1227943270634
6.0,1.0,0,178.7158252110239,,0,
7.0,1.0,0,158.43973364137491,,0,
8.0,1.0,0,137.36644927255838,,0,
9.0,1.0,0,115.60317986033624,,0,
10.0,1.0,0,93.27454731165199,,0,
11.0,1.0,0,70.5154982254353,93.67507,1,23.15957177456471
12.0,1.0,0,47.468263459333684,,0,
13.0,1.0,0,24.282555328361923,,0,
14.0,1.0,0,1.1181461988308001,,0,
15.0,1.0,0,-21.850051314868324,,0,
16.0,1.0,0,-44.42206636045012,,0,
17.0,1.0,0,-66.3496490328107,-280.582936,1,-214.23328696718931
18.0,1.0,0,-87.28747604854289,,0,
19.0,1.0,0,-106.93651650443644,,0,
20.0,1.0,0,-125.41005438979482,,0,
21.0,1.0,0,-142.87025579479086,,0,
22.0,1.0,0,-159.38738986448152,,0,
23.0,1.0,0,-174.99112616341154,-368.544611,1,-193.55348483658844
24.0,1.0,0,-189.69598270245478,,0,
25.0,1.0,0,-203.51294567740115,,0,
26.0,1.0,0,-216.45558841023012,,0,
27.0,1.0,0,-228.54326181375654,,0,
28.0,1.0,0,-239.802324033044,,0,
29.0,1.0,0,-250.26597387996298,-422.596946,1,-172.33097212003702
30.0,1.0,0,-259.97316549535026,,0,
31.0,1.0,0,-268.9670188860946,,0,
32.0,1.0,0,-277.29302991252916,,0,
33.0,1.0,0,-284.99724512196553,,0,
34.0,1.0,0,-292.1244418766728,,0,
35.0,1.0,0,-298.7162631280553,-157.078666,1,141.6375971280553
36.0,1.0,0,-304.80919102234475,,0,
37.0,1.0,0,-310.43216653835407,,0,
38.0,1.0,0,-315.60347947081027,,0,
39.0,1.0,0,-320.32596925466714,,0,
40.0,1.0,0,-324.5772128064782,,0,
41.0,1.0,0,-328.272116275999,-405.154015,1,-76.88189872400102
42.0,1.0,0,-331.2268380068126,,0,
43.0,1.0,0,-333.6779230183565,,0,
44.0,1.0,0,-335.7640980684082,,0,
45.0,1.0,0,-337.5630374873217,,0,
46.0,1.0,0,-339.12901125850476,,0,
47.0,1.0,0,-340.50233331398704,-902.332336,1,-561.830002686013
48.0,1.0,0,-341.7130973668827,,0,
49.0,1.0,0,-342.7824822101684,,0,
50.0,1.0,0,-343.72258977539605,,0,
51.0,1.0,0,-344.5352312625837,,0,
52.0,1.0,0,-345.2099090519914,,0,
53.0,1.0,0,-345.72112998781813,-769.317355,1,-423.5962250121819
54.0,1.0,0,-346.024974939588,,0,
55.0,1.0,0,-346.0543779186828,,0,
56.0,1.0,0,-345.7114902762405,,0,
57.0,1.0,0,-344.8526349924068,,0,
58.0,1.0,0,-343.2507658481263,,0,
59.0,1.0,0,-340.4358879534266,-677.388051,1,-336.95216304657345
60.0,1.0,0,-335.53981166340236,,0,
61.0,1.0,0,-329.57265651498165,,0,
62.0,1.0,0,-323.1516587017395,,0,
63.0,1.0,0,-316.66138614233205,,0,
64.0,1.0,0,-310.4170817441627,,0,
65.0,1.0,0,-304.7025195650858,-268.60293,1,36.09958956508581
66.0,1.0,0,-299.7773144179664,,0,
67.0,1.0,0,-295.863626084536,,0,
68.0,1.0,0,-293.12101541990705,,0,
69.0,1.0,0,-291.6323508061032,,0,
70.0,1.0,0,-291.4166681867355,,0,
71.0,1.0,0,-292.4547738227302,201.262991,1,493.7177648227302
72.0,1.0,1,-294.70714952101116,,0,
73.0,1.0,1,-298.12044989129936,,0,
74.0,1.0,1,-302.6279858175112,,0,
75.0,1.0,1,-308.14873316523517,,0,
76.0,1.0,1,-314.5867708518999,,0,
77.0,1.0,1,-321.831493994594,494.925935,1,816.757428994594
78.0,1.0,1,-329.7583605805157,,0,
79.0,1.0,1,-338.2298986282349,,0,
80.0,1.0,1,-347.0970141443977,,0,
81.0,1.0,1,-356.20125032453507,,0,
82.0,1.0,1,-365.3795022122795,,0,
83.0,1.0,1,-374.4732558466385,-141.565533,1,232.9077228466385
84.0,1.0,1,-383.3430314512443,,0,
85.0,1.0,1,-391.88381801316064,,0,
86.0,1.0,1,-400.03260050426616,,0,
87.0,1.0,1,-407.76292493083974,,0,
88.0,1.0,1,-415.0717132564205,,0,
89.0,1.0,1,-421.967317320883,-481.856197,1,-59.888879679117
90.0,1.0,1,-428.46299366348467,,0,
91.0,1.0,1,-434.57494596567994,,0,
92.0,1.0,1,-440.32257882005433,,0,
93.0,1.0,1,-445.72913345873076,,0,
94.0,1.0,1,-450.82177248343214,,0,
95.0,1.0,1,-455.6308729679058,-428.033593,1,27.59727996790582
96.0,1.0,1,-460.1886949332966,,0,
97.0,1.0,1,-464.5277525776546,,0,
98.0,1.0,1,-468.67920626181876,,0,
99.0,1.0,1,-472.67150883758586,,0,
100.0,1.0,1,-476.52946222600076,,0,
101.0,1.0,1,-480.27382501815737,-415.118207,1,65.15561801815738
102.0,1.0,1,-483.9217114598032,,0,
103.0,1.0,1,-487.4883615740391,,0,
104.0,1.0,1,-490.99189133399705,,0,
105.0,1.0,1,-494.4660232113347,,0,
106.0,1.0,1,-497.9879610258904,,0,
107.0,1.0,1,-501.5952504916895,-511.931728,1,-10.336477508310509
108.0,1.0,1,-505.0742742489783,,0,
109.0,1.0,1,-508.1733006582399,,0,
110.0,1.0,1,-510.6890554700767,,0,
111.0,1.0,1,-512.4461090134901,,0,
112.0,1.0,1,-513.2965530754682,,0,
113.0,1.0,1,-513.1316778982855,-116.69627,1,396.43540789828546
114.0,1.0,1,-511.8954011461101,,0,
115.0,1.0,1,-509.59031359104483,,0,
116.0,1.0,1,-506.2720201595075,,0,
117.0,1.0,1,-502.03534619901257,,0,
118.0,1.0,1,-496.9999705988721,,0,
119.0,1.0,1,-491.3010085613332,-207.56239,1,283.7386185613332
120.0,1.0,1,-485.0863787887138,,0,
121.0,1.0,1,-478.5213517198099,,0,
122.0,1.0,1,-471.8028303720648,,0,
123.0,1.0,1,-465.1948159801286,,0,
124.0,1.0,1,-459.10231837133324,,0,
125.0,1.0,1,-453.8637291152809,-322.327174,1,131.53655511528086
126.0,1.0,1,-449.21662694327824,,0,
127.0,1.0,1,-444.8339611815718,,0,
128.0,1.0,1,-440.53346067999155,,0,
129.0,1.0,1,-436.2050476353688,,0,
130.0,1.0,2,-431.77584982218013,,0,
131.0,1.0,2,-427.19486159020016,-276.961617,1,150.23324459020017
132.0,1.0,2,-422.42463192384093,,0,
133.0,1.0,2,-417.4358279212156,,0,
134.0,1.0,2,-412.2030349855304,,0,
135.0,1.0,2,-406.70096081220436,,0,
136.0,1.0,2,-400.9005100029972,,0,
137.0,1.0,2,-394.76450077250047,142.002532,1,536.7670327725004
138.0,1.0,2,-388.24392443325996,,0,
139.0,1.0,2,-381.27971171824174,,0,
140.0,1.0,2,-373.8230576352944,,0,
141.0,1.0,2,-365.8808448723157,,0,
142.0,1.0,2,-357.5444973290578,,0,
143.0,1.0,2,-348.9598203273672,-24.745336,1,324.2144843273672
144.0,1.0,2,-340.2801365835985,,0,
145.0,1.0,2,-331.64423570879444,,0,
146.0,1.0,2,-323.1724107210139,,0,
147.0,1.0,2,-314.96728038684523,,0,
148.0,1.0,2,-307.11407901113853,,0,
149.0,1.0,2,-299.67898539231464,-132.394629,1,167.28435639231463
150.0,1.0,2,-292.70491469922126,,0,
151.0,1.0,2,-286.2042199451171,,0,
152.0,1.0,2,-280.14939738101384,,0,
153.0,1.0,2,-274.47649116039247,,0,
154.0,1.0,2,-269.14099441418875,,0,
155.0,1.0,2,-264.17365496193815,-491.2417,1,-227.06804503806183
156.0,1.0,2,-259.6239316392457,,0,
157.0,1.0,2,-255.50338640233167,,0,
158.0,1.0,2,-251.7816434348424,,0,
159.0,1.0,2,-248.3951774361849,,0,
160.0,1.0,2,-245.25433346391947,,0,
161.0,1.0,2,-242.24764763244093,-552.482426,1,-310.2347783675591
162.0,1.0,2,-239.2442721860025,,0,
163.0,1.0,2,-236.09532210614998,,0,
164.0,1.0,2,-232.63510852863692,,0,
165.0,1.0,2,-228.68380643722776,,0,
166.0,1.0,2,-224.05413181406038,,0,
167.0,1.0,2,-218.56527103653207,-389.302605,1,-170.73733396346796
168.0,1.0,2,-212.065022127892,,0,
169.0,1.0,2,-204.45345595623803,,0,
170.0,1.0,2,-195.69411159856463,,0,
171.0,1.0,2,-185.80468634066347,,0,
172.0,1.0,3,-174.83512014216103,,0,
173.0,1.0,3,-162.84693896849785,-182.470585,1,-19.623646031502147
174.0,1.0,3,-149.90046464702755,,0,
175.0,1.0,3,-136.04890788168996,,0,
176.0,1.0,3,-121.33618315610511,,0,
177.0,1.0,3,-105.79617559254984,,0,
178.0,1.0,3,-89.45276056327566,,0,
179.0,1.0,3,-72.32171895322972,-741.947155,1,-669.6254360467702
180.0,1.0,3,-54.41799618738878,,0,
181.0,1.0,3,-35.77240210539094,,0,
182.0,1.0,3,-16.45422398862138,,0,
183.0,1.0,3,3.4176917057920946,,0,
184.0,1.0,3,23.68773371289717,,0,
185.0,1.0,3,44.18779588119651,-413.107599,1,-457.2953948811965
186.0,1.0,3,64.75552228245942,,0,
187.0,1.0,3,85.24294964651199,,0,
188.0,1.0,3,105.51962709626241,,0,
189.0,1.0,3,125.47375961957005,,0,
190.0,1.0,3,145.01292645192007,,0,
191.0,1.0,3,164.0647507882677,-393.093982,1,-557.1587327882677
192.0,1.0,3,182.5773793109256,,0,
193.0,1.0,3,200.51937965594698,,0,
194.0,1.0,3,217.87848993309672,,0,
195.0,1.0,3,234.65856118571537,,0,
196.0,1.0,3,250.87424917293538,,0,
197.0,1.0,3,266.5439050965797,-217.627958,1,-484.1718630965797
198.0,1.0,3,281.68261257013,,0,
199.0,1.0,3,296.29815242982295,,0,
0.0,2.0,0,288.0762363671165,,0,
1.0,2.0,0,273.2797497790016,,0,
2.0,2.0,0,257.71128579208744,,0,
3.0,2.0,0,241.2826525299388,,0,
4.0,2.0,0,223.9129338348721,546.320071,1,322.4071371651279
5.0,2.0,0,205.54730825441948,,0,
6.0,2.0,0,186.17746052800794,,0,
7.0,2.0,0,165.85140909760958,,0,
8.0,2.0,0,144.66582411363197,,0,
9.0,2.0,0,122.74790148439934,,0,
10.0,2.0,0,100.23906202890794,304.749845,1,204.51078297109206
11.0,2.0,0,77.28631931466953,,0,
12.0,2.0,0,54.040446984014125,,0,
13.0,2.0,0,30.658178956175107,,0,
14.0,2.0,0,7.30657944981067,,0,
15.0,2.0,0,-15.830757920808537,,0,
16.0,2.0,0,-38.544802876145695,-328.573169,1,-290.0283661238543
17.0,2.0,0,-60.59070681197045,,0,
18.0,2.0,0,-81.70023067593866,,0,
19.0,2.0,0,-101.68455621969042,,0,
20.0,2.0,0,-120.53469027114625,,0,
21.0,2.0,0,-138.3238379060822,,0,
22.0,2.0,0,-155.10747887004982,-308.543502,1,-153.43602312995017
23.0,2.0,0,-170.91389329933008,,0,
24.0,2.0,0,-185.7572628784983,,0,
25.0,2.0,0,-199.64853618196503,,0,
26.0,2.0,0,-212.60230843600584,,0,
27.0,2.0,0,-224.64055812276638,,0,
28.0,2.0,0,-235.79393276618794,-524.460075,1,-288.666142233812
29.0,2.0,0,-246.1012356441206,,0,
30.0,2.0,0,-255.60780742525822,,0,
31.0,2.0,0,-264.363425347241,,0,
32.0,2.0,0,-272.42013965910155,,0,
33.0,2.0,0,-279.8302271476132,,0,
34.0,2.0,0,-286.64425108241267,-222.66779,1,63.97646108241267
35.0,2.0,0,-292.9091016794773,,0,
36.0,2.0,0,-298.66582597012166,,0,
37.0,2.0,0,-303.9469792130476,,0,
38.0,2.0,0,-308.77300968789496,,0,
39.0,2.0,0,-313.14643036099005,,0,
40.0,2.0,0,-317.03985344005196,-493.536874,1,-176.49702055994806
41.0,2.0,0,-320.3722627854295,,0,
42.0,2.0,0,-323.07603040290996,,0,
43.0,2.0,0,-325.26903698952447,,0,
44.0,2.0,0,-327.08407669544977,,0,
45.0,2.0,0,-328.60304032047134,,0,
46.0,2.0,0,-329.88124565147154,-866.284542,1,-536.4032963485284
47.0,2.0,0,-330.95922088405496,,0,
48.0,2.0,0,-331.86745978140243,,0,
49.0,2.0,0,-332.6280290498253,,0,
50.0,2.0,0,-333.2542787519051,,0,
51.0,2.0,0,-333.74919100822444,,0,
52.0,2.0,0,-334.1027131439405,-741.551645,1,-407.4489318560595
53.0,2.0,0,-334.288321541746,,0,
54.0,2.0,0,-334.25882845580054,,0,
55.0,2.0,0,-333.9408392543337,,0,
56.0,2.0,0,-333.2258138920588,,0,
57.0,2.0,0,-331.95181575049355,,0,
58.0,2.0,0,-329.85788649867754,-758.138494,1,-428.2806075013225
59.0,2.0,0,-326.4854234657014,,0,
60.0,2.0,0,-321.4751060724666,,0,
61.0,2.0,0,-315.32215761510815,,0,
62.0,2.0,0,-308.6278075334267,,0,
63.0,2.0,0,-301.80930992957656,,0,
64.0,2.0,0,-295.20562749596866,-349.714978,1,-54.50935050403132
65.0,2.0,0,-289.128712065547,,0,
66.0,2.0,0,-283.8795594069379,,0,
67.0,2.0,0,-279.73099474406627,,0,
68.0,2.0,0,-276.87505542638246,,0,
69.0,2.0,0,-275.38732289365726,,0,
70.0,2.0,0,-275.26037822703074,109.882826,1,385.14320422703076
71.0,2.0,0,-276.45620909012723,,0,
72.0,2.0,1,-278.92830736456017,,0,
73.0,2.0,1,-282.6222261296134,,0,
74.0,2.0,1,-287.471030854329,,0,
75.0,2.0,1,-293.39197336458165,,0,
76.0,2.0,1,-300.28538916613616,653.766291,1,954.0516801661362
77.0,2.0,1,-308.03517402106445,,0,
78.0,2.0,1,-316.509882373859,,0,
79.0,2.0,1,-325.56367443175986,,0,
80.0,2.0,1,-335.0367922483674,,0,
81.0,2.0,1,-344.7560475038954,,0,
82.0,2.0,1,-354.5373460751507,-110.070171,1,244.4671750751507
83.0,2.0,1,-364.19474212786736,,0,
84.0,2.0,1,-373.5611742742185,,0,
85.0,2.0,1,-382.51679106796473,,0,
86.0,2.0,1,-391.00396134541006,,0,
87.0,2.0,1,-399.01420348574175,,0,
88.0,2.0,1,-406.56208683611203,-475.325693,1,-68.76360616388797
89.0,2.0,1,-413.6672011971568,,0,
90.0,2.0,1,-420.34829132282175,,0,
91.0,2.0,1,-426.6241678662882,,0,
92.0,2.0,1,-432.51646507639816,,0,
93.0,2.0,1,-438.0517264052469,,0,
94.0,2.0,1,-443.26194334437605,-465.607626,1,-22.345682655623932
95.0,2.0,1,-448.1836085547002,,0,
96.0,2.0,1,-452.8558087568481,,0,
97.0,2.0,1,-457.31797991045823,,0,
98.0,2.0,1,-461.60780754939697,,0,
99.0,2.0,1,-465.75954422461655,,0,
100.0,2.0,1,-469.80285738077873,-321.034092,1,148.76876538077875
101.0,2.0,1,-473.7622676592946,,0,
102.0,2.0,1,-477.6573096969714,,0,
103.0,2.0,1,-481.50381288126937,,0,
104.0,2.0,1,-485.31747902630195,,0,
105.0,2.0,1,-489.1239000015121,,0,
106.0,2.0,1,-493.00294381377535,-398.174171,1,94.82877281377534
107.0,2.0,1,-497.13193481773123,,0,
108.0,2.0,1,-501.1446647590092,,0,
109.0,2.0,1,-504.7710838057001,,0,
110.0,2.0,1,-507.7949752066761,,0,
111.0,2.0,1,-510.015632583767,,0,
112.0,2.0,1,-511.2528556409907,-368.941656,1,142.31119964099065
113.0,2.0,1,-511.3683598319167,,0,
114.0,2.0,1,-510.29143721310356,,0,
115.0,2.0,1,-508.0310675535584,,0,
116.0,2.0,1,-504.6645638535192,,0,
117.0,2.0,1,-500.312079198844,,0,
118.0,2.0,1,-495.1135798250325,-326.686436,1,168.4271438250325
119.0,2.0,1,-489.2164784488782,,0,
120.0,2.0,1,-482.7734130063109,,0,
121.0,2.0,1,-475.947698659098,,0,
122.0,2.0,1,-468.92679010909706,,0,
123.0,2.0,1,-461.9528645392311,,0,
124.0,2.0,1,-455.4405646389023,-215.529366,1,239.91119863890228
125.0,2.0,1,-450.0914876951465,,0,
126.0,2.0,1,-445.2768380059242,,0,
127.0,2.0,1,-440.65745447331847,,0,
128.0,2.0,1,-436.07184866778334,,0,
129.0,2.0,1,-431.4206897484328,,0,
130.0,2.0,2,-426.63792154798193,-106.959931,1,319.67799054798195
131.0,2.0,2,-421.677892570784,,0,
132.0,2.0,2,-416.5079650178668,,0,
133.0,2.0,2,-411.1034629159949,,0,
134.0,2.0,2,-405.44365323854527,,0,
135.0,2.0,2,-399.5079783312467,,0,
136.0,2.0,2,-393.27180562450667,81.757014,1,475.0288196245067
137.0,2.0,2,-386.7007111605708,,0,
138.0,2.0,2,-379.74200568858214,,0,
139.0,2.0,2,-372.3145400466565,,0,
140.0,2.0,2,-364.31866595537576,,0,
141.0,2.0,2,-355.72704895741845,,0,
142.0,2.0,2,-346.6731088953384,-222.124311,1,124.54879789533837
143.0,2.0,2,-337.3615376611888,,0,
144.0,2.0,2,-327.97631677021127,,0,
145.0,2.0,2,-318.6693142756485,,0,
146.0,2.0,2,-309.568580471916,,0,
147.0,2.0,2,-300.7842126591495,,0,
148.0,2.0,2,-292.4103776215743,76.915798,1,369.3261756215743
149.0,2.0,2,-284.5241923014037,,0,
150.0,2.0,2,-277.18142678555887,,0,
151.0,2.0,2,-270.4076870330464,,0,
152.0,2.0,2,-264.1804661878414,,0,
153.0,2.0,2,-258.3957890507445,,0,
154.0,2.0,2,-252.9460800673296,-497.932693,1,-244.98661293267037
155.0,2.0,2,-247.92822834601247,,0,
156.0,2.0,2,-243.43465564255894,,0,
157.0,2.0,2,-239.47460251667871,,0,
158.0,2.0,2,-236.0066865837798,,0,
159.0,2.0,2,-232.95614654112433,,0,
160.0,2.0,2,-230.22312950700143,-623.052727,1,-392.8295974929986
161.0,2.0,2,-227.68680138811033,,0,
162.0,2.0,2,-225.20698739671934,,0,
163.0,2.0,2,-222.62416237751313,,0,
164.0,2.0,2,-219.75849755320814,,0,
165.0,2.0,2,-216.40930528179888,,0,
166.0,2.0,2,-212.3582040301444,-450.623618,1,-238.26541396985562
167.0,2.0,2,-207.3829034429291,,0,
168.0,2.0,2,-201.28939688933315,,0,
169.0,2.0,2,-193.9559633525132,,0,
170.0,2.0,2,-185.35631239220857,,0,
171.0,2.0,2,-175.53868290307219,,0,
172.0,2.0,3,-164.58389039582835,-284.73481,1,-120.15091960417163
173.0,2.0,3,-152.57481378205193,,0,
174.0,2.0,3,-139.58377984806066,,0,
175.0,2.0,3,-125.66996189688507,,0,
176.0,2.0,3,-110.87984228567802,,0,
177.0,2.0,3,-95.24744053508039,,0,
178.0,2.0,3,-78.79327291943628,-644.477731,1,-565.6844580805637
179.0,2.0,3,-61.52288373256306,,0,
180.0,2.0,3,-43.43005062688462,,0,
181.0,2.0,3,-24.51786086642096,,0,
182.0,2.0,3,-4.844329101848416,,0,
183.0,2.0,3,15.448926375727751,,0,
184.0,2.0,3,36.16722017971915,-451.994186,1,-488.16140617971917
185.0,2.0,3,57.11021123450337,,0,
186.0,2.0,3,78.09462902542145,,0,
187.0,2.0,3,98.9588843862075,,0,
188.0,2.0,3,119.56262959314336,,0,
189.0,2.0,3,139.78624566429062,,0,
190.0,2.0,3,159.53116683642293,-613.131666,1,-772.6628328364229
191.0,2.0,3,178.72083266580012,,0,
192.0,2.0,3,197.30181302933488,,0,
193.0,2.0,3,215.24453938587976,,0,
194.0,2.0,3,232.54286139101896,,0,
195.0,2.0,3,249.2112802468764,,0,
196.0,2.0,3,265.27850510916323,-321.352338,1,-586.6308431091632
197.0,2.0,3,280.77701093686846,,0,
198.0,2.0,3,295.73155112572204,,0,
199.0,2.0,3,310.15267273223435,,0,
0.0,3.0,0,293.9141307099635,,0,
1.0,3.0,0,279.43375147809274,,0,
2.0,3.0,0,264.1808000486926,,0,
3.0,3.0,0,248.04541938437615,416.233718,1,168.18829861562386
4.0,3.0,0,230.9154163672065,,0,
5.0,3.0,0,212.70380118726462,,0,
6.0,3.0,0,193.3868919671222,,0,
7.0,3.0,0,173.0244607180939,,0,
8.0,3.0,0,151.74177316333225,,0,
9.0,3.0,0,129.69391993654426,332.979326,1,203.28540606345575
10.0,3.0,0,107.04113151784986,,0,
11.0,3.0,0,83.94082115039782,,0,
12.0,3.0,0,60.54937845605309,,0,
13.0,3.0,0,37.02748731768588,,0,
14.0,3.0,0,13.546012746111955,,0,
15.0,3.0,0,-9.70860878611711,-261.212836,1,-251.50422721388287
16.0,3.0,0,-32.53067571423162,,0,
17.0,3.0,0,-54.698457786260406,,0,
18.0,3.0,0,-75.99852014325734,,0,
19.0,3.0,0,-96.27818349490917,,0,
20.0,3.0,0,-115.47965653738356,,0,
21.0,3.0,0,-133.60871743298776,-283.500679,1,-149.89196156701223
22.0,3.0,0,-150.68542021840403,,0,
23.0,3.0,0,-166.7233842158821,,0,
24.0,3.0,0,-181.7302295433692,,0,
25.0,3.0,0,-195.71405748843972,,0,
26.0,3.0,0,-208.68951329635456,,0,
27.0,3.0,0,-220.68143908635102,-510.908553,1,-290.22711391364896
28.0,3.0,0,-231.7257726907119,,0,
29.0,3.0,0,-241.86823492210897,,0,
30.0,3.0,0,-251.16178978190874,,0,
31.0,3.0,0,-259.6638031312468,,0,
32.0,3.0,0,-267.4334447811998,,0,
33.0,3.0,0,-274.5294691844756,-405.54487,1,-131.0154008155244
34.0,3.0,0,-281.00823981473513,,0,
35.0,3.0,0,-286.9217412351645,,0,
36.0,3.0,0,-292.315285634686,,0,
37.0,3.0,0,-297.2245926288997,,0,
38.0,3.0,0,-301.6718373823751,,0,
39.0,3.0,0,-305.66018291157343,-388.541911,1,-82.8817280884266
40.0,3.0,0,-309.1676051300092,,0,
41.0,3.0,0,-312.15176292501565,,0,
42.0,3.0,0,-314.597950988129,,0,
43.0,3.0,0,-316.56657116287533,,0,
44.0,3.0,0,-318.1479703275618,,0,
45.0,3.0,0,-319.4163422272359,-662.601625,1,-343.18528277276414
46.0,3.0,0,-320.4259017376753,,0,
47.0,3.0,0,-321.2170784262671,,0,
48.0,3.0,0,-321.8208764449664,,0,
49.0,3.0,0,-322.2605529516586,,0,
50.0,3.0,0,-322.55109001896926,,0,
51.0,3.0,0,-322.6968950114806,-793.242349,1,-470.5454539885194
52.0,3.0,0,-322.6881396494573,,0,
53.0,3.0,0,-322.49614075001955,,0,
54.0,3.0,0,-322.06800094259233,,0,
55.0,3.0,0,-321.3201304413378,,0,
56.0,3.0,0,-320.1290878315813,,0,
57.0,3.0,0,-318.3168965336372,-756.821022,1,-438.5041254663628
58.0,3.0,0,-315.63293296220945,,0,
59.0,3.0,0,-311.78222538990303,,0,
60.0,3.0,0,-306.6393154924517,,0,
61.0,3.0,0,-300.4564123326927,,0,
62.0,3.0,0,-293.66276708242367,,0,
63.0,3.0,0,-286.65903472651917,-421.478754,1,-134.8197192734808
64.0,3.0,0,-279.79874579683747,,0,
65.0,3.0,0,-273.418739335968,,0,
66.0,3.0,0,-267.8667660550127,,0,
67.0,3.0,0,-263.49717499307735,,0,
68.0,3.0,0,-260.56409916767734,,0,
69.0,3.0,0,-259.114026188372,22.475374,1,281.589400188372
70.0,3.0,0,-259.0901258253143,,0,
71.0,3.0,0,-260.43799782801125,,0,
72.0,3.0,1,-263.1138246176306,,0,
73.0,3.0,1,-267.0693396128627,,0,
74.0,3.0,1,-272.241098418046,,0,
75.0,3.0,1,-278.5458274479497,687.146364,1,965.6921914479497
76.0,3.0,1,-285.880010618861,,0,
77.0,3.0,1,-294.12168378321076,,0,
78.0,3.0,1,-303.1326810432547,,0,
79.0,3.0,1,-312.7600472050726,,0,
80.0,3.0,1,-322.8358497121226,,0,
81.0,3.0,1,-333.1752378618803,-130.811804,1,202.3634338618803
82.0,3.0,1,-343.5741127029978,,0,
83.0,3.0,1,-353.8127210853072,,0,
84.0,3.0,1,-363.681231537088,,0,
85.0,3.0,1,-373.0354900868988,,0,
86.0,3.0,1,-381.8330613879443,,0,
87.0,3.0,1,-390.09873547455936,-439.458719,1,-49.35998352544061
88.0,3.0,1,-397.87079681387786,,0,
89.0,3.0,1,-405.178309438812,,0,
90.0,3.0,1,-412.04131037504703,,0,
91.0,3.0,1,-418.4775385178291,,0,
92.0,3.0,1,-424.50868849134713,,0,
93.0,3.0,1,-430.1640349718764,-449.170623,1,-19.006588028123588
94.0,3.0,1,-435.4810744649658,,0,
95.0,3.0,1,-440.5038056444828,,0,
96.0,3.0,1,-445.27976027681143,,0,
97.0,3.0,1,-449.85684703528386,,0,
98.0,3.0,1,-454.2806785440771,,0,
99.0,3.0,1,-458.59263944340637,-242.416623,1,216.17601644340638
100.0,3.0,1,-462.8287112638063,,0,
101.0,3.0,1,-467.01902656190214,,0,
102.0,3.0,1,-471.18825853354247,,0,
103.0,3.0,1,-475.3573318105591,,0,
104.0,3.0,1,-479.5479871116504,,0,
105.0,3.0,1,-483.79510732421477,-255.141402,1,228.65370532421477
106.0,3.0,1,-488.173817701434,,0,
107.0,3.0,1,-492.71494452312254,,0,
108.0,3.0,1,-497.19108792269617,,0,
109.0,3.0,1,-501.32578743121576,,0,
110.0,3.0,1,-504.874784075324,,0,
111.0,3.0,1,-507.60077640679003,-556.071139,1,-48.470362593209984
112.0,3.0,1,-509.27599717549856,,0,
113.0,3.0,1,-509.7146277952652,,0,
114.0,3.0,1,-508.82218832747094,,0,
115.0,3.0,1,-506.62157321926134,,0,
116.0,3.0,1,-503.22774714580737,,0,
117.0,3.0,1,-498.79832494672155,-464.676743,1,34.12158194672156
118.0,3.0,1,-493.4987826731922,,0,
119.0,3.0,1,-487.49043031711517,,0,
120.0,3.0,1,-480.93267362915503,,0,
121.0,3.0,1,-473.9931179712021,,0,
122.0,3.0,1,-466.86598175759264,,0,
123.0,3.0,1,-459.810266340377,-297.711302,1,162.098964340377
124.0,3.0,1,-453.2254077791149,,0,
125.0,3.0,1,-447.4448192663658,,0,
126.0,3.0,1,-442.2025014529481,,0,
127.0,3.0,1,-437.16972493173307,,0,
128.0,3.0,1,-432.16462572680757,,0,
129.0,3.0,1,-427.0795103551882,60.115387,1,487.1948973551882
130.0,3.0,2,-421.84555110984365,,0,
131.0,3.0,2,-416.4170604612882,,0,
132.0,3.0,2,-410.7628570886736,,0,
133.0,3.0,2,-404.8606561543729,,0,
134.0,3.0,2,-398.6928621693969,,0,
135.0,3.0,2,-392.2428627780391,-91.264003,1,300.9788597780391
136.0,3.0,2,-385.4910217594297,,0,
137.0,3.0,2,-378.40917562512914,,0,
138.0,3.0,2,-370.95094300354685,,0,
139.0,3.0,2,-363.0300037468114,,0,
140.0,3.0,2,-354.4752737290837,,0,
141.0,3.0,2,-345.1582559760682,-367.652247,1,-22.493991023931812
142.0,3.0,2,-335.3199006929426,,0,
143.0,3.0,2,-325.2429523226565,,0,
144.0,3.0,2,-315.12368540970783,,0,
145.0,3.0,2,-305.11555828779456,,0,
146.0,3.0,2,-295.3493244295951,,0,
147.0,3.0,2,-285.94042055703176,-220.705378,1,65.23504255703176
148.0,3.0,2,-276.99108529198566,,0,
149.0,3.0,2,-268.58926686751147,,0,
150.0,3.0,2,-260.804427172925,,0,
151.0,3.0,2,-253.67898765157224,,0,
152.0,3.0,2,-247.21124855737435,,0,
153.0,3.0,2,-241.30280832294375,-335.376919,1,-94.07411067705624
154.0,3.0,2,-235.70793068854255,,0,
155.0,3.0,2,-230.66540937242098,,0,
156.0,3.0,2,-226.26572994679736,,0,
157.0,3.0,2,-222.50074283783033,,0,
158.0,3.0,2,-219.3153140194354,,0,
159.0,3.0,2,-216.62352983580786,-810.550289,1,-593.9267591641922
160.0,3.0,2,-214.31647290876572,,0,
161.0,3.0,2,-212.26583312716684,,0,
162.0,3.0,2,-210.3248498220637,,0,
163.0,3.0,2,-208.3271673733325,,0,
164.0,3.0,2,-206.0837535792889,,0,
165.0,3.0,2,-203.37813349226417,-697.441316,1,-494.06318250773586
166.0,3.0,2,-199.96205734137766,,0,
167.0,3.0,2,-195.56116045660747,,0,
168.0,3.0,2,-189.91516309598228,,0,
169.0,3.0,2,-182.8649430900041,,0,
170.0,3.0,2,-174.4088515559779,,0,
171.0,3.0,2,-164.64914015836985,-205.399658,1,-40.75051784163014
172.0,3.0,3,-153.70737580303103,,0,
173.0,3.0,3,-141.68624164361245,,0,
174.0,3.0,3,-128.66520788308117,,0,
175.0,3.0,3,-114.70539503070904,,0,
176.0,3.0,3,-99.85396382855834,,0,
177.0,3.0,3,-84.14573087513418,-612.211674,1,-528.0659431248658
178.0,3.0,3,-67.60134283850857,,0,
179.0,3.0,3,-50.22126104840572,,0,
180.0,3.0,3,-31.977009398120572,,0,
181.0,3.0,3,-12.821800380304921,,0,
182.0,3.0,3,7.21868733206793,,0,
183.0,3.0,3,27.958341909856244,-565.001921,1,-592.9602629098563
184.0,3.0,3,49.14062160062895,,0,
185.0,3.0,3,70.53130830475129,,0,
186.0,3.0,3,91.93097851357743,,0,
187.0,3.0,3,113.16785202419851,,0,
188.0,3.0,3,134.09291979552654,,0,
189.0,3.0,3,154.57842749990596,-524.349584,1,-678.928011499906
190.0,3.0,3,174.51844157185042,,0,
191.0,3.0,3,193.83052616208442,,0,
192.0,3.0,3,212.4578567223507,,0,
193.0,3.0,3,230.37119187386998,,0,
194.0,3.0,3,247.56993989736293,,0,
195.0,3.0,3,264.0808290229179,-354.32958,1,-618.410409022918
196.0,3.0,3,279.9512988575443,,0,
197.0,3.0,3,295.2344579278433,,0,
198.0,3.0,3,309.9685872610862,,0,
199.0,3.0,3,324.1651869154448,,0,
0.0,4.0,0,299.16490091238666,,0,
1.0,4.0,0,285.011309993366,,0,
2.0,4.0,0,270.10104959248565,441.47276,1,171.37171040751434
3.0,4.0,0,254.30390163258562,,0,
4.0,4.0,0,237.46749771918985,,0,
5.0,4.0,0,219.4517367902008,,0,
6.0,4.0,0,200.20442633351195,,0,
7.0,4.0,0,179.8102144859222,,0,
8.0,4.0,0,158.44367200089619,275.633354,1,117.18968199910381
9.0,4.0,0,136.2960766551405,,0,
10.0,4.0,0,113.54412523010978,,0,
11.0,4.0,0,90.34971766404124,,0,
12.0,4.0,0,66.86894607740396,,0,
13.0,4.0,0,43.26127576835279,,0,
14.0,4.0,0,19.696332545761834,-274.170233,1,-293.86656554576183
15.0,4.0,0,-3.6426145927471225,,0,
16.0,4.0,0,-26.55972754895629,,0,
17.0,4.0,0,-48.85528907147818,,0,
18.0,4.0,0,-70.34573752504366,,0,
19.0,4.0,0,-90.8906130667674,,0,
20.0,4.0,0,-110.40687359696312,-166.041975,1,-55.635101403036884
21.0,4.0,0,-128.85706496502098,,0,
22.0,4.0,0,-146.22564079751464,,0,
23.0,4.0,0,-162.50339855266793,,0,
24.0,4.0,0,-177.6841141093464,,0,
25.0,4.0,0,-191.7681813230156,,0,
26.0,4.0,0,-204.76780103375495,-489.524003,1,-284.75620196624504
27.0,4.0,0,-216.71020229391434,,0,
28.0,4.0,0,-227.63749855745118,,0,
29.0,4.0,0,-237.60374732442506,,0,
30.0,4.0,0,-246.67082071084587,,0,
31.0,4.0,0,-254.90451006599324,,0,
32.0,4.0,0,-262.3714918651749,-456.554188,1,-194.1826961348251
33.0,4.0,0,-269.1370983607485,,0,
34.0,4.0,0,-275.2635152416333,,0,
35.0,4.0,0,-280.8079723179835,,0,
36.0,4.0,0,-285.8205540145718,,0,
37.0,4.0,0,-290.34137290821855,,0,
38.0,4.0,0,-294.3970930417199,-113.640513,1,180.75658004171993
39.0,4.0,0,-297.99752365115273,,0,
40.0,4.0,0,-301.13527786466875,,0,
41.0,4.0,0,-303.79579803654633,,0,
42.0,4.0,0,-305.98155341781967,,0,
43.0,4.0,0,-307.7287028817991,,0,
44.0,4.0,0,-309.09379906578397,-553.552542,1,-244.45874293421605
45.0,4.0,0,-310.1322927880901,,0,
46.0,4.0,0,-310.8900769248139,,0,
47.0,4.0,0,-311.4040531438004,,0,
48.0,4.0,0,-311.7043774342528,,0,
49.0,4.0,0,-311.8153810021322,,0,
50.0,4.0,0,-311.75440515347873,-713.918947,1,-402.1645418465213
51.0,4.0,0,-311.52853974466416,,0,
52.0,4.0,0,-311.1296298944508,,0,
53.0,4.0,0,-310.5282206987067,,0,
54.0,4.0,0,-309.66723971557803,,0,
55.0,4.0,0,-308.45601267709935,,0,
56.0,4.0,0,-306.7649916172377,-601.726968,1,-294.9619763827624
57.0,4.0,0,-304.42322206139215,,0,
58.0,4.0,0,-301.2292606957053,,0,
59.0,4.0,0,-297.0046975045225,,0,
60.0,4.0,0,-291.70475913707924,,0,
61.0,4.0,0,-285.4901615818544,,0,
62.0,4.0,0,-278.66305441770237,-320.227808,1,-41.56475358229761
63.0,4.0,0,-271.56509291630573,,0,
64.0,4.0,0,-264.5345844237345,,0,
65.0,4.0,0,-257.91071585317695,,0,
66.0,4.0,0,-252.0640326959765,,0,
67.0,4.0,0,-247.4546657141036,,0,
68.0,4.0,0,-244.4805030860516,1.264026,1,245.7445290860516
69.0,4.0,0,-243.08210886932466,,0,
70.0,4.0,0,-243.13283797899203,,0,
71.0,4.0,0,-244.58670814283687,,0,
72.0,4.0,1,-247.41836932119986,,0,
73.0,4.0,1,-251.59232393271668,,0,
74.0,4.0,1,-257.0500388844157,654.266912,1,911.3169508844157
75.0,4.0,1,-263.7064139606591,,0,
76.0,4.0,1,-271.45173322632036,,0,
77.0,4.0,1,-280.15602703546756,,0,
78.0,4.0,1,-289.6733411622117,,0,
79.0,4.0,1,-299.84425359674424,,0,
80.0,4.0,1,-310.49565591913415,-93.747729,1,216.74792691913416
81.0,4.0,1,-321.4369515850922,,0,
82.0,4.0,1,-332.45161011814344,,0,
83.0,4.0,1,-343.28580574702937,,0,
84.0,4.0,1,-353.660910067214,,0,
85.0,4.0,1,-363.38333475177024,,0,
86.0,4.0,1,-372.45179194443335,-448.180553,1,-75.72876105556662
87.0,4.0,1,-380.9508372889395,,0,
88.0,4.0,1,-388.942551021918,,0,
89.0,4.0,1,-396.4569172274605,,0,
90.0,4.0,1,-403.50770739025756,,0,
91.0,4.0,1,-410.1067243618709,,0,
92.0,4.0,1,-416.273501710657,-471.466115,1,-55.192613289343
93.0,4.0,1,-422.0400898619464,,0,
94.0,4.0,1,-427.4510855825283,,0,
95.0,4.0,1,-432.5602363334856,,0,
96.0,4.0,1,-437.42567953244634,,0,
97.0,4.0,1,-442.1055293367481,,0,
98.0,4.0,1,-446.65462092018424,-197.695389,1,248.95923192018424
99.0,4.0,1,-451.12249483755295,,0,
100.0,4.0,1,-455.5524078974486,,0,
101.0,4.0,1,-459.9811878620153,,0,
102.0,4.0,1,-464.4399581260077,,0,
103.0,4.0,1,-468.95608049226666,,0,
104.0,4.0,1,-473.5569554888343,-181.268461,1,292.2884944888343
105.0,4.0,1,-478.274846695831,,0,
106.0,4.0,1,-483.1383975631288,,0,
107.0,4.0,1,-488.11133097042693,,0,
108.0,4.0,1,-493.0317710594645,,0,
109.0,4.0,1,-497.6652448103032,,0,
110.0,4.0,1,-501.7577968479054,-574.766992,1,-73.00919515209455
111.0,4.0,1,-505.0376812385275,,0,
112.0,4.0,1,-507.21605995858044,,0,
113.0,4.0,1,-508.0298818975825,,0,
114.0,4.0,1,-507.342247705099,,0,
115.0,4.0,1,-505.2075134466504,,0,
116.0,4.0,1,-501.8069596995665,-635.125215,1,-133.31825530043352
117.0,4.0,1,-497.3485639222381,,0,
118.0,4.0,1,-492.0229425370544,,0,
119.0,4.0,1,-486.0011846188045,,0,
120.0,4.0,1,-479.44625585589165,,0,
121.0,4.0,1,-472.52811737874435,,0,
122.0,4.0,1,-465.44223477506966,-368.578701,1,96.86353377506964
123.0,4.0,1,-458.42975580652273,,0,
124.0,4.0,1,-451.7639105059279,,0,
125.0,4.0,1,-445.6035508548557,,0,
126.0,4.0,1,-439.8499658871897,,0,
127.0,4.0,1,-434.2939421309511,,0,
128.0,4.0,1,-428.7657774059262,110.573413,1,539.3391904059262
129.0,4.0,1,-423.15213103752467,,0,
130.0,4.0,2,-417.3792863299227,,0,
131.0,4.0,2,-411.39906033129955,,0,
132.0,4.0,2,-405.17951010291654,,0,
133.0,4.0,2,-398.698677397806,,0,
134.0,4.0,2,-391.94002888309114,-77.076593,1,314.86343588309114
135.0,4.0,2,-384.8886697219896,,0,
136.0,4.0,2,-377.52752898135077,,0,
137.0,4.0,2,-369.83247365810166,,0,
138.0,4.0,2,-361.7642288579914,,0,
139.0,4.0,2,-353.25049079575547,,0,
140.0,4.0,2,-344.1149261983446,-490.761051,1,-146.6461248016554
141.0,4.0,2,-334.0080893764389,,0,
142.0,4.0,2,-323.396719093118,,0,
143.0,4.0,2,-312.5738671671206,,0,
144.0,4.0,2,-301.72729343539686,,0,
145.0,4.0,2,-291.0095314570499,,0,
146.0,4.0,2,-280.55441523579066,-225.896658,1,54.657757235790655
147.0,4.0,2,-270.4831110196901,,0,
148.0,4.0,2,-260.9058470911041,,0,
149.0,4.0,2,-251.92072647883833,,0,
150.0,4.0,2,-243.60925256699375,,0,
151.0,4.0,2,-236.02642929862486,,0,
152.0,4.0,2,-229.1796248857354,-32.550694,1,196.6289308857354
153.0,4.0,2,-222.98923339951216,,0,
154.0,4.0,2,-217.3596125937329,,0,
155.0,4.0,2,-212.38386521267967,,0,
156.0,4.0,2,-208.1380074179615,,0,
157.0,4.0,2,-204.6089949657853,,0,
158.0,4.0,2,-201.7330559585971,-877.000639,1,-675.2675830414029
159.0,4.0,2,-199.4158723862638,,0,
160.0,4.0,2,-197.5416067895785,,0,
161.0,4.0,2,-195.9766408243304,,0,
162.0,4.0,2,-194.5702890964567,,0,
163.0,4.0,2,-193.15320226515178,,0,
164.0,4.0,2,-191.53323003593687,-706.281823,1,-514.7485929640632
165.0,4.0,2,-189.48758682012704,,0,
166.0,4.0,2,-186.74935868645844,,0,
167.0,4.0,2,-182.99060007469234,,0,
168.0,4.0,2,-177.84304038948903,,0,
169.0,4.0,2,-171.06973663458484,,0,
170.0,4.0,2,-162.73254736269155,-55.322973,1,107.40957436269156
171.0,4.0,2,-153.02805297993473,,0,
172.0,4.0,3,-142.1189672334367,,0,
173.0,4.0,3,-130.11586432195327,,0,
174.0,4.0,3,-117.09565650948934,,0,
175.0,4.0,3,-103.11567782475322,,0,
176.0,4.0,3,-88.2210822013003,-463.89431,1,-375.6732277986997
177.0,4.0,3,-72.44741999340476,,0,
178.0,4.0,3,-55.81905488084885,,0,
179.0,4.0,3,-38.34179274873168,,0,
180.0,4.0,3,-19.982463965570787,,0,
181.0,4.0,3,-0.624701842712966,,0,
182.0,4.0,3,19.8039640222014,-437.642424,1,-457.4463880222014
183.0,4.0,3,41.00630424001429,,0,
184.0,4.0,3,62.64338944813062,,0,
185.0,4.0,3,84.46383335012797,,0,
186.0,4.0,3,106.26164086066274,,0,
187.0,4.0,3,127.85772480272863,,0,
188.0,4.0,3,149.0941500852059,-282.285261,1,-431.3794110852059
189.0,4.0,3,169.83336113984114,,0,
190.0,4.0,3,189.95974727979046,,0,
191.0,4.0,3,209.38238470886427,,0,
192.0,4.0,3,228.03829349795706,,0,
193.0,4.0,3,245.8957825192192,,0,
194.0,4.0,3,262.9575070905048,-271.441195,1,-534.3987020905048
195.0,4.0,3,279.26222859087284,,0,
196.0,4.0,3,294.8813015765336,,0,
197.0,4.0,3,309.89974036291824,,0,
198.0,4.0,3,324.37696149374096,,0,
199.0,4.0,3,338.3202735583036,,0,
0.0,5.0,0,303.7060221917345,,0,
1.0,5.0,0,289.8660522597929,403.358594,1,113.49254174020706
2.0,5.0,0,275.3026132347004,,0,
3.0,5.0,0,259.87512631499703,,0,
4.0,5.0,0,243.39017020500614,,0,
5.0,5.0,0,225.61860658126534,,0,
6.0,5.0,0,206.44506320111395,,0,
7.0,5.0,0,186.01387266319944,340.85417,1,154.84029733680057
8.0,5.0,0,164.58463246661995,,0,
9.0,5.0,0,142.38485051161842,,0,
10.0,5.0,0,119.59608375962125,,0,
11.0,5.0,0,96.37423805490107,,0,
12.0,5.0,0,72.86754355437006,,0,
13.0,5.0,0,49.2289609028885,-246.018538,1,-295.24749890288854
14.0,5.0,0,25.623107526007516,,0,
15.0,5.0,0,2.2275654199875135,,0,
16.0,5.0,0,-20.77148328293697,,0,
17.0,5.0,0,-43.18931145887473,,0,
18.0,5.0,0,-64.85746507272415,,0,
19.0,5.0,0,-85.63872170276227,-179.443084,1,-93.80436229723773
20.0,5.0,0,-105.43396970831964,,0,
21.0,5.0,0,-124.17680977256168,,0,
22.0,5.0,0,-141.82147979243018,,0,
23.0,5.0,0,-158.33338695359998,,0,
24.0,5.0,0,-173.68691354223847,,0,
25.0,5.0,0,-187.86949159674987,-427.208686,1,-239.33919440325013
26.0,5.0,0,-200.8877246880147,,0,
27.0,5.0,0,-212.77072130694432,,0,
28.0,5.0,0,-223.56814571981522,,0,
29.0,5.0,0,-233.34428100371588,,0,
30.0,5.0,0,-242.17130394624837,,0,
31.0,5.0,0,-250.12404721468192,-532.115218,1,-281.9911707853181
32.0,5.0,0,-257.2767260072651,,0,
33.0,5.0,0,-263.70105376356514,,0,
34.0,5.0,0,-269.464956336451,,0,
35.0,5.0,0,-274.6312437006927,,0,
36.0,5.0,0,-279.2558163285139,,0,
37.0,5.0,0,-283.38523783635173,12.604884,1,295.99012183635176
38.0,5.0,0,-287.0539368977479,,0,
39.0,5.0,0,-290.2821493449119,,0,
40.0,5.0,0,-293.0770284649261,,0,
41.0,5.0,0,-295.439807317598,,0,
42.0,5.0,0,-297.3777887037868,,0,
43.0,5.0,0,-298.9122259675387,-392.649269,1,-93.73704303246132
44.0,5.0,0,-300.0752863918169,,0,
45.0,5.0,0,-300.90186475573137,,0,
46.0,5.0,0,-301.42456592311646,,0,
47.0,5.0,0,-301.67297117860653,,0,
48.0,5.0,0,-301.67445080610196,,0,
49.0,5.0,0,-301.45417812411324,-549.116602,1,-247.6624238758867
50.0,5.0,0,-301.0331199606153,,0,
51.0,5.0,0,-300.4235606079783,,0,
52.0,5.0,0,-299.62240477343585,,0,
53.0,5.0,0,-298.6033162070016,,0,
54.0,5.0,0,-297.30949633786076,,0,
55.0,5.0,0,-295.6491984202057,-634.683314,1,-339.0341155797943
56.0,5.0,0,-293.49606186774326,,0,
57.0,5.0,0,-290.6974212428613,,0,
58.0,5.0,0,-287.09723458166263,,0,
59.0,5.0,0,-282.5814407234757,,0,
60.0,5.0,0,-277.1366027256299,,0,
61.0,5.0,0,-270.88145279022865,-366.960886,1,-96.07943320977137
62.0,5.0,0,-264.04327384800854,,0,
63.0,5.0,0,-256.90838687534415,,0,
64.0,5.0,0,-249.78821197528305,,0,
65.0,5.0,0,-243.011605529573,,0,
66.0,5.0,0,-236.94181819667574,,0,
67.0,5.0,0,-232.06158782201237,-55.504049,1,176.55753882201236
68.0,5.0,0,-229.05575992068043,,0,
69.0,5.0,0,-227.6175051271348,,0,
70.0,5.0,0,-227.63429546682164,,0,
71.0,5.0,0,-229.09660207500565,,0,
72.0,5.0,1,-232.0028023080231,,0,
73.0,5.0,1,-236.32976338945446,326.435617,1,562.7653803894544
74.0,5.0,1,-242.02061429779133,,0,
75.0,5.0,1,-248.98347849358834,,0,
76.0,5.0,1,-257.0971809645707,,0,
77.0,5.0,1,-266.21940255963455,,0,
78.0,5.0,1,-276.1936445339925,,0,
79.0,5.0,1,-286.85314483261755,5.017362,1,291.87050683261754
80.0,5.0,1,-298.0211452700569,,0,
81.0,5.0,1,-309.5069365511954,,0,
82.0,5.0,1,-321.0952983063253,,0,
83.0,5.0,1,-332.5205417036377,,0,
84.0,5.0,1,-343.41227267579234,,0,
85.0,5.0,1,-353.44853757272904,-564.478805,1,-211.03026742727093
86.0,5.0,1,-362.7496250901095,,0,
87.0,5.0,1,-371.4838684074771,,0,
88.0,5.0,1,-379.71506062086337,,0,
89.0,5.0,1,-387.4592354733977,,0,
90.0,5.0,1,-394.71596576979937,,0,
91.0,5.0,1,-401.4868387833194,-390.502309,1,10.984529783319374
92.0,5.0,1,-407.7878701923728,,0,
93.0,5.0,1,-413.65526211181987,,0,
94.0,5.0,1,-419.143849522181,,0,
95.0,5.0,1,-424.32057150060245,,0,
96.0,5.0,1,-429.2568781175687,,0,
97.0,5.0,1,-434.02277541196236,-309.096825,1,124.92595041196233
98.0,5.0,1,-438.6831875554308,,0,
99.0,5.0,1,-443.2961684613292,,0,
100.0,5.0,1,-447.9122988478557,,0,
101.0,5.0,1,-452.57482420315137,,0,
102.0,5.0,1,-457.3203420397149,,0,
103.0,5.0,1,-462.17990329476834,-237.873867,1,224.30603629476835
104.0,5.0,1,-467.1797863760221,,0,
105.0,5.0,1,-472.33860940333307,,0,
106.0,5.0,1,-477.65217728589414,,0,
107.0,5.0,1,-483.0615488889198,,0,
108.0,5.0,1,-488.43073572060166,,0,
109.0,5.0,1,-493.56047463692084,-701.825962,1,-208.26548736307916
110.0,5.0,1,-498.2088779655096,,0,
111.0,5.0,1,-502.0894325734307,,0,
112.0,5.0,1,-504.8530576576104,,0,
113.0,5.0,1,-506.11118275360514,,0,
114.0,5.0,1,-505.63741518558527,,0,
115.0,5.0,1,-503.56457358487023,-745.767599,1,-242.2030254151298
116.0,5.0,1,-500.18909798201275,,0,
117.0,5.0,1,-495.77082988757866,,0,
118.0,5.0,1,-490.51213050327533,,0,
119.0,5.0,1,-484.5822157687271,,0,
120.0,5.0,1,-478.1384845263565,,0,
121.0,5.0,1,-471.34242169320896,-354.652923,1,116.68949869320898
122.0,5.0,1,-464.37103938752534,,0,
123.0,5.0,1,-457.41746169054386,,0,
124.0,5.0,1,-450.66026444280214,,0,
125.0,5.0,1,-444.191316090526,,0,
126.0,5.0,1,-437.97027513498324,,0,
127.0,5.0,1,-431.87475296069533,154.516023,1,586.3907759606954
128.0,5.0,1,-425.776330471861,,0,
129.0,5.0,1,-419.5741623120084,,0,
130.0,5.0,2,-413.1972906467572,,0,
131.0,5.0,2,-406.5977598335339,,0,
132.0,5.0,2,-399.74331580084254,,0,
133.0,5.0,2,-392.6115585973803,4.461692,1,397.0732505973803
134.0,5.0,2,-385.1853825799626,,0,
135.0,5.0,2,-377.44906494231145,,0,
136.0,5.0,2,-369.38418482731504,,0,
137.0,5.0,2,-360.964125590559,,0,
138.0,5.0,2,-352.1444343021394,,0,
139.0,5.0,2,-342.8411800247559,-419.584519,1,-76.74333897524411
140.0,5.0,2,-332.8862348321054,,0,
141.0,5.0,2,-322.1547636880059,,0,
142.0,5.0,2,-310.89226447514284,,0,
143.0,5.0,2,-299.38714519068526,,0,
144.0,5.0,2,-287.84274692885083,,0,
145.0,5.0,2,-276.42134539374456,-295.853492,1,-19.432146606255458
146.0,5.0,2,-265.26467236905955,,0,
147.0,5.0,2,-254.50177935820102,,0,
148.0,5.0,2,-244.251703898095,,0,
149.0,5.0,2,-234.62298499573444,,0,
150.0,5.0,2,-225.7100074172231,,0,
151.0,5.0,2,-217.58467927286256,227.454103,1,445.0387822728626
152.0,5.0,2,-210.2819358323759,,0,
153.0,5.0,2,-203.790653695949,,0,
154.0,5.0,2,-198.0923213232909,,0,
155.0,5.0,2,-193.20789127963508,,0,
156.0,5.0,2,-189.14981975739647,,0,
157.0,5.0,2,-185.88231031287796,-641.39178,1,-455.5094696871221
158.0,5.0,2,-183.32936358508232,,0,
159.0,5.0,2,-181.38832519046264,,0,
160.0,5.0,2,-179.93740904083825,,0,
161.0,5.0,2,-178.83881594583,,0,
162.0,5.0,2,-177.9391834089256,,0,
163.0,5.0,2,-177.06798753550538,-639.474539,1,-462.40655146449467
164.0,5.0,2,-176.03362642640423,,0,
165.0,5.0,2,-174.61569822276215,,0,
166.0,5.0,2,-172.5489559103953,,0,
167.0,5.0,2,-169.48467307451574,,0,
168.0,5.0,2,-164.90903633569542,,0,
169.0,5.0,2,-158.3829069811036,-220.561235,1,-62.17832801889642
170.0,5.0,2,-150.1540119436504,,0,
171.0,5.0,3,-140.54896304171416,,0,
172.0,5.0,3,-129.737283533148,,0,
173.0,5.0,3,-117.81597530832369,,0,
174.0,5.0,3,-104.8499652343362,,0,
175.0,5.0,3,-90.88868064799317,-255.240805,1,-164.35212435200683
176.0,5.0,3,-75.97308536317723,,0,
177.0,5.0,3,-60.13780811633478,,0,
178.0,5.0,3,-43.4096637091061,,0,
179.0,5.0,3,-25.801572860436863,,0,
180.0,5.0,3,-7.2958016912743915,,0,
181.0,5.0,3,12.226496668597974,-134.176037,1,-146.40253366859798
182.0,5.0,3,33.05440424610424,,0,
183.0,5.0,3,54.6602396445669,,0,
184.0,5.0,3,76.68884918678668,,0,
185.0,5.0,3,98.8907163561671,,0,
186.0,5.0,3,121.053692993406,,0,
187.0,5.0,3,142.98846835143922,-272.862661,1,-415.8511293514392
188.0,5.0,3,164.5247500590849,,0,
189.0,5.0,3,185.51171525182144,,0,
190.0,5.0,3,205.82067597545392,,0,
191.0,5.0,3,225.34892178980226,,0,
192.0,5.0,3,244.02404916955857,,0,
193.0,5.0,3,261.80839076955453,-152.590757,1,-414.39914776955453
194.0,5.0,3,278.7036414598915,,0,
195.0,5.0,3,294.7563413895841,,0,
196.0,5.0,3,310.0633733404102,,0,
197.0,5.0,3,324.7605042760115,,0,
198.0,5.0,3,338.94661190493935,,0,
199.0,5.0,3,352.6095214636807,325.610864,1,-26.99865746368073
0.0,6.0,0,307.419194447677,220.623242,1,-86.795952447677
1.0,6.0,0,293.8459783529106,,0,
2.0,6.0,0,279.5902651687502,,0,
3.0,6.0,0,264.51909153386805,,0,
4.0,6.0,0,248.4272662102303,,0,
5.0,6.0,0,230.9645378736859,,0,
6.0,6.0,0,211.84437882508792,488.921369,1,277.0769901749121
7.0,6.0,0,191.37933730024815,,0,
8.0,6.0,0,169.94620019169815,,0,
9.0,6.0,0,147.7785956740263,,0,
10.0,6.0,0,125.04293486587994,,0,
11.0,6.0,0,101.87860768005339,,0,
12.0,6.0,0,78.41989088854461,-69.867063,1,-148.28695388854462
13.0,6.0,0,54.8099121455125,,0,
14.0,6.0,0,31.207397994876374,,0,
15.0,6.0,0,7.785650528297992,,0,
16.0,6.0,0,-15.274821021448588,,0,
17.0,6.0,0,-37.79718719719676,,0,
18.0,6.0,0,-59.61979684763355,-220.181134,1,-160.56133715236643
19.0,6.0,0,-80.60510492903268,,0,
20.0,6.0,0,-100.64278546477726,,0,
21.0,6.0,0,-119.64607174490084,,0,
22.0,6.0,0,-137.54437492521538,,0,
23.0,6.0,0,-154.27752699828125,,0,
24.0,6.0,0,-169.79609139580134,-381.023527,1,-211.22743560419866
25.0,6.0,0,-184.06884533415723,,0,
26.0,6.0,0,-197.0932500528288,,0,
27.0,6.0,0,-208.90061327451258,,0,
28.0,6.0,0,-219.55101631057187,,0,
29.0,6.0,0,-229.1218228823709,,0,
30.0,6.0,0,-237.69695466606936,-634.875658,1,-397.1787033339307
31.0,6.0,0,-245.36037162612774,,0,
32.0,6.0,0,-252.19320660572703,,0,
33.0,6.0,0,-258.27283386951603,,0,
34.0,6.0,0,-263.67252420051955,,0,
35.0,6.0,0,-268.4608970147783,,0,
36.0,6.0,0,-272.7007436581189,-65.593987,1,207.10675665811888
37.0,6.0,0,-276.44706500283064,,0,
38.0,6.0,0,-279.74455630002194,,0,
39.0,6.0,0,-282.62543553529395,,0,
40.0,6.0,0,-285.1092385611264,,0,
41.0,6.0,0,-287.20603676178143,,0,
42.0,6.0,0,-288.922382313016,-224.588886,1,64.33349631301598
43.0,6.0,0,-290.26655384227706,,0,
44.0,6.0,0,-291.2503248396388,,0,
45.0,6.0,0,-291.8882512449163,,0,
46.0,6.0,0,-292.1970931544711,,0,
47.0,6.0,0,-292.1963122243196,,0,
48.0,6.0,0,-291.90881472379624,-394.834332,1,-102.92551727620378
49.0,6.0,0,-291.3606109600878,,0,
50.0,6.0,0,-290.57820818031905,,0,
51.0,6.0,0,-289.5829073187415,,0,
52.0,6.0,0,-288.3819426370028,,0,
53.0,6.0,0,-286.95788802684183,,0,
54.0,6.0,0,-285.2595788536637,-645.35538,1,-360.09580114633627
55.0,6.0,0,-283.1986757545237,,0,
56.0,6.0,0,-280.6550275949012,,0,
57.0,6.0,0,-277.49227667554806,,0,
58.0,6.0,0,-273.5842037694092,,0,
59.0,6.0,0,-268.85002005173374,,0,
60.0,6.0,0,-263.28910634660133,-424.656628,1,-161.36752165339868
61.0,6.0,0,-256.998195606182,,0,
62.0,6.0,0,-250.16208995765192,,0,
63.0,6.0,0,-243.02898929678122,,0,
64.0,6.0,0,-235.88935106409554,,0,
65.0,6.0,0,-229.0699341189902,,0,
66.0,6.0,0,-222.95133636395622,-222.920517,1,0.030819363956226198
67.0,6.0,0,-218.01823633813183,,0,
68.0,6.0,0,-214.7036441502787,,0,
69.0,6.0,0,-212.9915539471549,,0,
70.0,6.0,0,-212.8039877881347,,0,
71.0,6.0,0,-214.14294081136177,,0,
72.0,6.0,1,-217.02127519028363,14.027646,1,231.04892119028364
73.0,6.0,1,-221.42280122303782,,0,
74.0,6.0,1,-227.28554237027856,,0,
75.0,6.0,1,-234.50244088313775,,0,
76.0,6.0,1,-242.93274808011483,,0,
77.0,6.0,1,-252.41556432239395,,0,
78.0,6.0,1,-262.7797854059754,166.287622,1,429.0674074059754
79.0,6.0,1,-273.8488174203776,,0,
80.0,6.0,1,-285.4405973191242,,0,
81.0,6.0,1,-297.3634371654007,,0,
82.0,6.0,1,-309.4064409317216,,0,
83.0,6.0,1,-321.3173137861995,,0,
84.0,6.0,1,-332.71581762693677,-509.425213,1,-176.70939537306322
85.0,6.0,1,-343.0094454769878,,0,
86.0,6.0,1,-352.584589283324,,0,
87.0,6.0,1,-361.6133171526908,,0,
88.0,6.0,1,-370.136658156438,,0,
89.0,6.0,1,-378.1526180404471,,0,
90.0,6.0,1,-385.64428906441026,-260.881717,1,124.76257206441028
91.0,6.0,1,-392.6006145888932,,0,
92.0,6.0,1,-399.0337462416355,,0,
93.0,6.0,1,-404.98728572626896,,0,
94.0,6.0,1,-410.53173075279847,,0,
95.0,6.0,1,-415.7521414238472,,0,
96.0,6.0,1,-420.73628449800526,-351.017254,1,69.71903049800528
97.0,6.0,1,-425.5672503968126,,0,
98.0,6.0,1,-430.3201199363393,,0,
99.0,6.0,1,-435.0609554154071,,0,
100.0,6.0,1,-439.84680321400083,,0,
101.0,6.0,1,-444.7260184984516,,0,
102.0,6.0,1,-449.7385528910927,-397.625634,1,52.112918891092704
103.0,6.0,1,-454.91576987963845,,0,
104.0,6.0,1,-460.27870930656354,,0,
105.0,6.0,1,-465.8324612387041,,0,
106.0,6.0,1,-471.55392633671363,,0,
107.0,6.0,1,-477.3750821180802,,0,
108.0,6.0,1,-483.1726458297162,-720.099582,1,-236.92693617028385
109.0,6.0,1,-488.77120402858327,,0,
110.0,6.0,1,-493.94961925392636,,0,
111.0,6.0,1,-498.43371501667116,,0,
112.0,6.0,1,-501.85575654955755,,0,
113.0,6.0,1,-503.65901432072496,,0,
114.0,6.0,1,-503.3816053630708,-824.912947,1,-321.53134163692926
115.0,6.0,1,-501.3812251885829,,0,
116.0,6.0,1,-498.11302469451766,,0,
117.0,6.0,1,-493.8488920549262,,0,
118.0,6.0,1,-488.77766256358154,,0,
119.0,6.0,1,-483.0543770882341,,0,
120.0,6.0,1,-476.8227125205449,-315.46833,1,161.3543825205449
121.0,6.0,1,-470.2268099963476,,0,
122.0,6.0,1,-463.41545813469384,,0,
123.0,6.0,1,-456.53500106070715,,0,
124.0,6.0,1,-449.705407844016,,0,
125.0,6.0,1,-442.98598984723503,,0,
126.0,6.0,1,-436.35948947025827,-193.588015,1,242.77147447025825
127.0,6.0,1,-429.7541290956933,,0,
128.0,6.0,1,-423.08221855050215,,0,
129.0,6.0,1,-416.2661461714488,,0,
130.0,6.0,2,-409.2466148313233,,0,
131.0,6.0,2,-401.98115503763984,,0,
132.0,6.0,2,-394.43971091491767,185.250707,1,579.6904179149177
133.0,6.0,2,-386.6001752591055,,0,
134.0,6.0,2,-378.4444664990933,,0,
135.0,6.0,2,-369.95484120620677,,0,
136.0,6.0,2,-361.1097737709715,,0,
137.0,6.0,2,-351.87840301096,,0,
138.0,6.0,2,-342.2122400852095,-181.535378,1,160.67686208520948
139.0,6.0,2,-332.03517568875395,,0,
140.0,6.0,2,-321.25367642266065,,0,
141.0,6.0,2,-309.84788829985337,,0,
142.0,6.0,2,-297.9604469574206,,0,
143.0,6.0,2,-285.80746748837555,,0,
144.0,6.0,2,-273.5871553728575,-444.163997,1,-170.57684162714247
145.0,6.0,2,-261.4691313570147,,0,
146.0,6.0,2,-249.6036014124711,,0,
147.0,6.0,2,-238.1282690618973,,0,
148.0,6.0,2,-227.171667263141,,0,
149.0,6.0,2,-216.853867604892,,0,
150.0,6.0,2,-207.2851948647367,34.488102,1,241.7732968647367
151.0,6.0,2,-198.5632732019949,,0,
152.0,6.0,2,-190.76840334602457,,0,
153.0,6.0,2,-183.95665710945832,,0,
154.0,6.0,2,-178.15103951116362,,0,
155.0,6.0,2,-173.33641384232033,,0,
156.0,6.0,2,-169.46340290246007,-431.783433,1,-262.3200300975399
157.0,6.0,2,-166.45608329838433,,0,
158.0,6.0,2,-164.21781525815095,,0,
159.0,6.0,2,-162.63491303167757,,0,
160.0,6.0,2,-161.57885868973972,,0,
161.0,6.0,2,-160.90721398083406,,0,
162.0,6.0,2,-160.46318392256944,-809.775653,1,-649.3124690774306
163.0,6.0,2,-160.07370011398598,,0,
164.0,6.0,2,-159.54561543562158,,0,
165.0,6.0,2,-158.65883069986012,,0,
166.0,6.0,2,-157.15294409061244,,0,
167.0,6.0,2,-154.69549769668083,,0,
168.0,6.0,2,-150.7513812281104,-424.215043,1,-273.4636617718896
169.0,6.0,2,-144.45626168746094,,0,
170.0,6.0,2,-136.46426347558372,,0,
171.0,6.0,3,-127.10549551113945,,0,
172.0,6.0,3,-116.51731912045943,,0,
173.0,6.0,3,-104.77855593599452,,0,
174.0,6.0,3,-91.94324365708235,-268.1251,1,-176.18185634291763
175.0,6.0,3,-78.05415697186982,,0,
176.0,6.0,3,-63.148188537408714,,0,
177.0,6.0,3,-47.25727881716739,,0,
178.0,6.0,3,-30.405809027157375,,0,
179.0,6.0,3,-12.602777456850163,,0,
180.0,6.0,3,6.178694975540566,52.559652,1,46.380957024459434
181.0,6.0,3,26.04552217784658,,0,
182.0,6.0,3,47.057526739372406,,0,
183.0,6.0,3,68.90168472936784,,0,
184.0,6.0,3,91.22019779543916,,0,
185.0,6.0,3,113.73976229131222,,0,
186.0,6.0,3,136.2294319985922,-273.516258,1,-409.7456899985922
187.0,6.0,3,158.4823236338707,,0,
188.0,6.0,3,180.31048427215137,,0,
189.0,6.0,3,201.54536088422174,,0,
190.0,6.0,3,222.0412113020866,,0,
191.0,6.0,3,241.68005049243948,,0,
192.0,6.0,3,260.37708217522595,-9.490989,1,-269.86807117522596
193.0,6.0,3,278.0858908440132,,0,
194.0,6.0,3,294.8033698028703,,0,
195.0,6.0,3,310.5760210437147,,0,
196.0,6.0,3,325.5138274485216,,0,
197.0,6.0,3,339.820851206463,,0,
198.0,6.0,3,353.6895447016177,343.010103,1,-10.67944170161769
199.0,6.0,3,367.0379230042745,,0,
0.0,7.0,0,310.20956015135744,,0,
1.0,7.0,0,296.8215795472788,,0,
2.0,7.0,0,282.7781865701545,,0,
3.0,7.0,0,267.9569157506485,,0,
4.0,7.0,0,252.17384691615007,,0,
5.0,7.0,0,235.06767293233133,474.979634,1,239.91196106766864
6.0,7.0,0,215.98662989934382,,0,
7.0,7.0,0,195.60681260828278,,0,
8.0,7.0,0,174.31286739986535,,0,
9.0,7.0,0,152.31108297601168,,0,
10.0,7.0,0,129.74765376352298,,0,
11.0,7.0,0,106.74350372090703,122.341471,1,15.59796727909297
12.0,7.0,0,83.41674011053692,,0,
13.0,7.0,0,59.89992683033415,,0,
14.0,7.0,0,36.34828516205016,,0,
15.0,7.0,0,12.935807574242062,,0,
16.0,7.0,0,-10.156620797009964,,0,
17.0,7.0,0,-32.75404235298629,-99.120561,1,-66.3665186470137
18.0,7.0,0,-54.697043383610435,,0,
19.0,7.0,0,-75.84689793618963,,0,
20.0,7.0,0,-96.08588130239514,,0,
21.0,7.0,0,-115.31319632761733,,0,
22.0,7.0,0,-133.4385253192886,,0,
23.0,7.0,0,-150.37697877454775,-290.600834,1,-140.22385522545227
24.0,7.0,0,-166.05072864377144,,0,
25.0,7.0,0,-180.40213841751392,,0,
26.0,7.0,0,-193.41477706555452,,0,
27.0,7.0,0,-205.1244945129074,,0,
28.0,7.0,0,-215.60776550108858,,0,
29.0,7.0,0,-224.9592137141699,-540.692186,1,-315.7329722858301
30.0,7.0,0,-233.27542540671857,,0,
31.0,7.0,0,-240.64842363640128,,0,
32.0,7.0,0,-247.16462513958686,,0,
33.0,7.0,0,-252.90564324316802,,0,
34.0,7.0,0,-257.94922942796256,,0,
35.0,7.0,0,-262.36969162541936,-222.922112,1,39.447579625419365
36.0,7.0,0,-266.23746728073456,,0,
37.0,7.0,0,-269.6176086152409,,0,
38.0,7.0,0,-272.5670925595914,,0,
39.0,7.0,0,-275.1313511112985,,0,
40.0,7.0,0,-277.34122827928513,,0,
41.0,7.0,0,-279.2121128468716,-160.147101,1,119.06501184687161
42.0,7.0,0,-280.74632527957147,,0,
43.0,7.0,0,-281.93803716127877,,0,
44.0,7.0,0,-282.77878747900104,,0,
45.0,7.0,0,-283.2621583316177,,0,
46.0,7.0,0,-283.38731991199165,,0,
47.0,7.0,0,-283.1616264415825,-281.426514,1,1.735112441582487
48.0,7.0,0,-282.6022162347981,,0,
49.0,7.0,0,-281.73609385858435,,0,
50.0,7.0,0,-280.5976463838888,,0,
51.0,7.0,0,-279.22216687651417,,0,
52.0,7.0,0,-277.63439039118384,,0,
53.0,7.0,0,-275.8333257878003,-718.205912,1,-442.37258621219974
54.0,7.0,0,-273.77867361589597,,0,
55.0,7.0,0,-271.38659619331884,,0,
56.0,7.0,0,-268.53960046617067,,0,
57.0,7.0,0,-265.1087175050998,,0,
58.0,7.0,0,-260.9822130987304,,0,
59.0,7.0,0,-256.0947712195739,-447.343598,1,-191.2488267804261
60.0,7.0,0,-250.4507023022743,,0,
61.0,7.0,0,-244.13463073977618,,0,
62.0,7.0,0,-237.3075667016601,,0,
63.0,7.0,0,-230.1939399698167,,0,
64.0,7.0,0,-223.06908381448375,,0,
65.0,7.0,0,-216.25442251187633,-256.697075,1,-40.442652488123656
66.0,7.0,0,-210.12039039978845,,0,
67.0,7.0,0,-205.06936477053387,,0,
68.0,7.0,0,-201.42328521507443,,0,
69.0,7.0,0,-199.31348105936195,,0,
70.0,7.0,0,-198.78058253704876,,0,
71.0,7.0,0,-199.8693008573573,-18.307096,1,181.5622048573573
72.0,7.0,1,-202.61673747815075,,0,
73.0,7.0,1,-207.01494976381218,,0,
74.0,7.0,1,-212.9901077902614,,0,
75.0,7.0,1,-220.40864966257504,,0,
76.0,7.0,1,-229.09976114103483,,0,
77.0,7.0,1,-238.87706719770722,255.98468,1,494.86174719770725
78.0,7.0,1,-249.55112758907126,,0,
79.0,7.0,1,-260.93317684338035,,0,
80.0,7.0,1,-272.83297227534604,,0,
81.0,7.0,1,-285.0521924379718,,0,
82.0,7.0,1,-297.3716953484909,,0,
83.0,7.0,1,-309.52388810506636,-350.011054,1,-40.48716589493364
84.0,7.0,1,-321.137143470718,,0,
85.0,7.0,1,-331.88767079739046,,0,
86.0,7.0,1,-341.89181667997764,,0,
87.0,7.0,1,-351.30983732533605,,0,
88.0,7.0,1,-360.1906976064565,,0,
89.0,7.0,1,-368.5266083767383,-90.67008,1,277.8565283767383
90.0,7.0,1,-376.285734658195,,0,
91.0,7.0,1,-383.4407095281749,,0,
92.0,7.0,1,-389.9984406983567,,0,
93.0,7.0,1,-396.0154887265853,,0,
94.0,7.0,1,-401.58689039238016,,0,
95.0,7.0,1,-406.82224130276336,-306.360899,1,100.46134230276334
96.0,7.0,1,-411.82807062967186,,0,
97.0,7.0,1,-416.70045771557125,,0,
98.0,7.0,1,-421.5235339589708,,0,
99.0,7.0,1,-426.37001874457565,,0,
100.0,7.0,1,-431.3020049771112,,0,
101.0,7.0,1,-436.3713594421315,-460.321733,1,-23.950373557868488
102.0,7.0,1,-441.61946155395526,,0,
103.0,7.0,1,-447.0759144639901,,0,
104.0,7.0,1,-452.7555117945685,,0,
105.0,7.0,1,-458.6524695538892,,0,
106.0,7.0,1,-464.7316394329391,,0,
107.0,7.0,1,-470.9189274351593,-698.734904,1,-227.81597656484075
108.0,7.0,1,-477.09542472963585,,0,
109.0,7.0,1,-483.09724534591396,,0,
110.0,7.0,1,-488.71656651042576,,0,
111.0,7.0,1,-493.6946433974956,,0,
112.0,7.0,1,-497.6900015953124,,0,
113.0,7.0,1,-500.12644131212073,-824.361589,1,-324.23514768787925
114.0,7.0,1,-500.0436598638753,,0,
115.0,7.0,1,-498.28722166409716,,0,
116.0,7.0,1,-495.32237781441654,,0,
117.0,7.0,1,-491.3878408993023,,0,
118.0,7.0,1,-486.6536062150153,,0,
119.0,7.0,1,-481.26088283709305,-288.044649,1,193.21623383709306
120.0,7.0,1,-475.3392347382578,,0,
121.0,7.0,1,-469.0141789531608,,0,
122.0,7.0,1,-462.40749084419167,,0,
123.0,7.0,1,-455.62936736800475,,0,
124.0,7.0,1,-448.7629034530364,,0,
125.0,7.0,1,-441.84781052326434,-415.580269,1,26.267541523264356
126.0,7.0,1,-434.8760735223532,,0,
127.0,7.0,1,-427.8054119756889,,0,
128.0,7.0,1,-420.5809182723169,,0,
129.0,7.0,1,-413.15113244537315,,0,
130.0,7.0,2,-405.47428203737945,,0,
131.0,7.0,2,-397.5182329746458,160.084893,1,557.6031259746458
132.0,7.0,2,-389.25819383352064,,0,
133.0,7.0,2,-380.6740368837036,,0,
134.0,7.0,2,-371.74762943787937,,0,
135.0,7.0,2,-362.460023004478,,0,
136.0,7.0,2,-352.7882214936908,,0,
137.0,7.0,2,-342.70141975964725,149.361714,1,492.06313375964726
138.0,7.0,2,-332.15768719575317,,0,
139.0,7.0,2,-321.1061180086108,,0,
140.0,7.0,2,-309.50755202048094,,0,
141.0,7.0,2,-297.3804567363313,,0,
142.0,7.0,2,-284.8303516611195,,0,
143.0,7.0,2,-272.0203772904497,-539.894963,1,-267.8745857095503
144.0,7.0,2,-259.1253570587796,,0,
145.0,7.0,2,-246.31090066180695,,0,
146.0,7.0,2,-233.73084839054263,,0,
147.0,7.0,2,-221.52979922361556,,0,
148.0,7.0,2,-209.84553920869803,,0,
149.0,7.0,2,-198.8103694329766,121.456313,1,320.2666824329766
150.0,7.0,2,-188.55193839977255,,0,
151.0,7.0,2,-179.1955176505362,,0,
152.0,7.0,2,-170.86963430052856,,0,
153.0,7.0,2,-163.7022846536711,,0,
154.0,7.0,2,-157.76135411129871,,0,
155.0,7.0,2,-152.99256259732647,-274.642301,1,-121.6497384026735
156.0,7.0,2,-149.28024328947504,,0,
157.0,7.0,2,-146.50567397163286,,0,
158.0,7.0,2,-144.54967561745252,,0,
159.0,7.0,2,-143.28589951024333,,0,
160.0,7.0,2,-142.57764082914218,,0,
161.0,7.0,2,-142.27633281315502,-737.165172,1,-594.888839186845
162.0,7.0,2,-142.2197923261192,,0,
163.0,7.0,2,-142.22927866799728,,0,
164.0,7.0,2,-142.10457099910855,,0,
165.0,7.0,2,-141.61542426906635,,0,
166.0,7.0,2,-140.48485124995204,,0,
167.0,7.0,2,-138.34998367368826,-343.645536,1,-205.29555232631174
168.0,7.0,2,-134.68020491491188,,0,
169.0,7.0,2,-129.01704739446723,,0,
170.0,7.0,2,-121.58711268752813,,0,
171.0,7.0,3,-112.69552915285749,,0,
172.0,7.0,3,-102.49193462236144,,0,
173.0,7.0,3,-91.05688754547737,-211.73033,1,-120.67344245452264
174.0,7.0,3,-78.4432352860822,,0,
175.0,7.0,3,-64.69229151709442,,0,
176.0,7.0,3,-49.83948776357283,,0,
177.0,7.0,3,-33.914842383506766,,0,
178.0,7.0,3,-16.94009627655396,,0,
179.0,7.0,3,1.0776049283449538,62.723742,1,61.64613707165505
180.0,7.0,3,20.154212146451755,,0,
181.0,7.0,3,40.317773932009004,,0,
182.0,7.0,3,61.517502685193904,,0,
183.0,7.0,3,83.53593437547534,,0,
184.0,7.0,3,106.07913889715564,,0,
185.0,7.0,3,128.86951087260968,-108.168893,1,-237.03840387260968
186.0,7.0,3,151.65812990084305,,0,
187.0,7.0,3,174.21778673799417,,0,
188.0,7.0,3,196.3392282476707,,0,
189.0,7.0,3,217.83217775042795,,0,
190.0,7.0,3,238.52987465204205,,0,
191.0,7.0,3,258.2956641979108,-164.202276,1,-422.4979401979108
192.0,7.0,3,277.0301403027115,,0,
193.0,7.0,3,294.67754758740193,,0,
194.0,7.0,3,311.2308446235347,,0,
195.0,7.0,3,326.73642457593814,,0,
196.0,7.0,3,341.303840605804,,0,
197.0,7.0,3,355.15539525391796,239.757915,1,-115.39748025391796
198.0,7.0,3,368.67335250839096,,0,
199.0,7.0,3,381.61441579277744,,0,
0.0,8.0,0,312.02646640450257,,0,
1.0,8.0,0,298.72451762690616,,0,
2.0,8.0,0,284.7664859677898,,0,
3.0,8.0,0,270.0215751312862,,0,
4.0,8.0,0,254.2866327319789,423.69887,1,169.4122372680211
5.0,8.0,0,237.21304422057437,,0,
6.0,8.0,0,218.51483679100056,,0,
7.0,8.0,0,198.5027169654495,,0,
8.0,8.0,0,177.5471459484179,,0,
9.0,8.0,0,155.86818869021954,,0,
10.0,8.0,0,133.60894506584737,263.727418,1,130.11847293415263
11.0,8.0,0,110.87626890741012,,0,
12.0,8.0,0,87.77042209780484,,0,
13.0,8.0,0,64.41295728714613,,0,
14.0,8.0,0,40.96094154442835,,0,
15.0,8.0,0,17.59768001100747,,0,
16.0,8.0,0,-5.488241456288961,23.484405,1,28.97264645628896
17.0,8.0,0,-28.119229756266577,,0,
18.0,8.0,0,-50.13626395435131,,0,
19.0,8.0,0,-71.40040385680186,,0,
20.0,8.0,0,-91.7903915115021,,0,
21.0,8.0,0,-111.19727451616563,,0,
22.0,8.0,0,-129.5169433204137,-243.464327,1,-113.9473836795863
23.0,8.0,0,-146.64267006729642,,0,
24.0,8.0,0,-162.46359902760014,,0,
25.0,8.0,0,-176.88272330471955,,0,
26.0,8.0,0,-189.86095760477474,,0,
27.0,8.0,0,-201.44575881881974,,0,
28.0,8.0,0,-211.7418639943644,-383.442378,1,-171.70051400563563
29.0,8.0,0,-220.8658780970618,,0,
30.0,8.0,0,-228.92576340861706,,0,
31.0,8.0,0,-236.01853615716027,,0,
32.0,8.0,0,-242.23311258746253,,0,
33.0,8.0,0,-247.65332553639018,,0,
34.0,8.0,0,-252.36012689591735,-148.332146,1,104.02798089591735
35.0,8.0,0,-256.4329440402944,,0,
36.0,8.0,0,-259.95010893391736,,0,
37.0,8.0,0,-262.9879492244909,,0,
38.0,8.0,0,-265.61783766875305,,0,
39.0,8.0,0,-267.9006947186281,,0,
40.0,8.0,0,-269.87973536651407,-275.106316,1,-5.2265806334859235
41.0,8.0,0,-271.5744734052423,,0,
42.0,8.0,0,-272.9800170823146,,0,
43.0,8.0,0,-274.0731948265966,,0,
44.0,8.0,0,-274.8227764524636,,0,
45.0,8.0,0,-275.19945330621704,,0,
46.0,8.0,0,-275.1831301260099,-94.307577,1,180.87555312600995
47.0,8.0,0,-274.76748656222117,,0,
48.0,8.0,0,-273.96265960299934,,0,
49.0,8.0,0,-272.7964200454735,,0,
50.0,8.0,0,-271.31301378121134,,0,
51.0,8.0,0,-269.56729925603213,,0,
52.0,8.0,0,-267.6108830288431,-666.610001,1,-398.9991179711569
53.0,8.0,0,-265.4694600315197,,0,
54.0,8.0,0,-263.11913777865993,,0,
55.0,8.0,0,-260.47778190006284,,0,
56.0,8.0,0,-257.42100496512285,,0,
57.0,8.0,0,-253.81470225544763,,0,
58.0,8.0,0,-249.548759176585,-402.322099,1,-152.77333982341497
59.0,8.0,0,-244.56308068603175,,0,
60.0,8.0,0,-238.8637304743388,,0,
61.0,8.0,0,-232.52899991523736,,0,
62.0,8.0,0,-225.70655718783019,,0,
63.0,8.0,0,-218.60509429412832,,0,
64.0,8.0,0,-211.4849978671882,-202.762603,1,8.7223948671882
65.0,8.0,0,-204.65044915181352,,0,
66.0,8.0,0,-198.43855755187542,,0,
67.0,8.0,0,-193.18979758373098,,0,
68.0,8.0,0,-189.1909148040868,,0,
69.0,8.0,0,-186.63852678445983,,0,
70.0,8.0,0,-185.6703571696562,-161.272932,1,24.397425169656202
71.0,8.0,0,-186.40497563439203,,0,
72.0,8.0,0,-188.93086152469186,,0,
73.0,8.0,1,-193.26013138359122,,0,
74.0,8.0,1,-199.29997436486883,,0,
75.0,8.0,1,-206.8742136067558,,0,
76.0,8.0,1,-215.7695619770675,433.652139,1,649.4217009770675
77.0,8.0,1,-225.76893925916738,,0,
78.0,8.0,1,-236.66381789394654,,0,
79.0,8.0,1,-248.25391577499795,,0,
80.0,8.0,1,-260.34128216720273,,0,
81.0,8.0,1,-272.72124626666846,,0,
82.0,8.0,1,-285.16991090917145,-196.530726,1,88.63918490917146
83.0,8.0,1,-297.4297472885337,,0,
84.0,8.0,1,-309.21966435202194,,0,
85.0,8.0,1,-320.3426021436753,,0,
86.0,8.0,1,-330.7901913881542,,0,
87.0,8.0,1,-340.63270645489865,,0,
88.0,8.0,1,-349.90561860865455,27.236759,1,377.14237760865456
89.0,8.0,1,-358.59393707748677,,0,
90.0,8.0,1,-366.646434696333,,0,
91.0,8.0,1,-374.00731097983225,,0,
92.0,8.0,1,-380.6709775938434,,0,
93.0,8.0,1,-386.71673990919226,,0,
94.0,8.0,1,-392.2788937358946,-271.195203,1,121.0836907358946
95.0,8.0,1,-397.4982265307176,,0,
96.0,8.0,1,-402.4998382106387,,0,
97.0,8.0,1,-407.3903559853097,,0,
98.0,8.0,1,-412.26054250663583,,0,
99.0,8.0,1,-417.1878945080243,,0,
100.0,8.0,1,-422.23810174595565,-349.460284,1,72.77781774595564
101.0,8.0,1,-427.46531810725696,,0,
102.0,8.0,1,-432.9112877047701,,0,
103.0,8.0,1,-438.60322030612133,,0,
104.0,8.0,1,-444.5501607836768,,0,
105.0,8.0,1,-450.7376740915024,,0,
106.0,8.0,1,-457.1212629462716,-643.200888,1,-186.07962505372836
107.0,8.0,1,-463.61996197680855,,0,
108.0,8.0,1,-470.1119157468638,,0,
109.0,8.0,1,-476.43207640016226,,0,
110.0,8.0,1,-482.36869179686255,,0,
111.0,8.0,1,-487.65062345645674,,0,
112.0,8.0,1,-491.9066866226822,-605.981701,1,-114.07501437731787
113.0,8.0,1,-494.572203102156,,0,
114.0,8.0,1,-495.17488357409457,,0,
115.0,8.0,1,-494.06096123470707,,0,
116.0,8.0,1,-491.67373333241994,,0,
117.0,8.0,1,-488.2727870473427,,0,
118.0,8.0,1,-484.033384349721,-418.131642,1,65.90174234972102
119.0,8.0,1,-479.0939408700451,,0,
120.0,8.0,1,-473.57542045506125,,0,
121.0,8.0,1,-467.588824042964,,0,
122.0,8.0,1,-461.2351710635885,,0,
123.0,8.0,1,-454.5993953768775,,0,
124.0,8.0,1,-447.7405861538282,-411.290371,1,36.450215153828196
125.0,8.0,1,-440.6843109361271,,0,
126.0,8.0,1,-433.4244281242827,,0,
127.0,8.0,1,-425.93608127452717,,0,
128.0,8.0,1,-418.1908326007433,,0,
129.0,8.0,1,-410.1639274036752,,0,
130.0,8.0,2,-401.83441117742996,-70.709435,1,331.12497617742997
131.0,8.0,2,-393.18367459730507,,0,
132.0,8.0,2,-384.1945802695009,,0,
133.0,8.0,2,-374.850792849571,,0,
134.0,8.0,2,-365.13580998705584,,0,
135.0,8.0,2,-355.0315709688657,,0,
136.0,8.0,2,-344.51681085142627,226.690941,1,571.2077518514263
137.0,8.0,2,-333.56578408149835,,0,
138.0,8.0,2,-322.1490826678337,,0,
139.0,8.0,2,-310.240215205009,,0,
140.0,8.0,2,-297.83211210412264,,0,
141.0,8.0,2,-284.9600331827205,,0,
142.0,8.0,2,-271.7133982344876,-256.147654,1,15.565744234487624
143.0,8.0,2,-258.2241601824644,,0,
144.0,8.0,2,-244.644111183341,,0,
145.0,8.0,2,-231.12859154336184,,0,
146.0,8.0,2,-217.83008009302102,,0,
147.0,8.0,2,-204.89741407374822,,0,
148.0,8.0,2,-192.47687142928044,156.504944,1,348.98181542928046
149.0,8.0,2,-180.7134014784533,,0,
150.0,8.0,2,-169.75189913512258,,0,
151.0,8.0,2,-159.7404798215248,,0,
152.0,8.0,2,-150.8426188540543,,0,
153.0,8.0,2,-143.26808606307895,,0,
154.0,8.0,2,-137.17578736622818,-92.56536,1,44.61042736622818
155.0,8.0,2,-132.42637417775404,,0,
156.0,8.0,2,-128.82820319688471,,0,
157.0,8.0,2,-126.23307273642058,,0,
158.0,8.0,2,-124.50388540688073,,0,
159.0,8.0,2,-123.50113456293911,,0,
160.0,8.0,2,-123.07827213765268,-462.960699,1,-339.8824268623473
161.0,8.0,2,-123.07900311575213,,0,
162.0,8.0,2,-123.33422079370939,,0,
163.0,8.0,2,-123.65772254425974,,0,
164.0,8.0,2,-123.83995548688108,,0,
165.0,8.0,2,-123.63845736359144,,0,
166.0,8.0,2,-122.76296384513262,-549.521146,1,-426.7581821548674
167.0,8.0,2,-120.8574325277441,,0,
168.0,8.0,2,-117.52011579521059,,0,
169.0,8.0,2,-112.47530693918816,,0,
170.0,8.0,3,-105.7421031023041,,0,
171.0,8.0,3,-97.47323303932353,,0,
172.0,8.0,3,-87.79079141724651,-71.627742,1,16.163049417246512
173.0,8.0,3,-76.77230864532612,,0,
174.0,8.0,3,-64.47148600211221,,0,
175.0,8.0,3,-50.931412034078676,,0,
176.0,8.0,3,-36.18912721743982,,0,
177.0,8.0,3,-20.275765229700482,,0,
178.0,8.0,3,-3.2152124317362905,-24.253061,1,-21.03784856826371
179.0,8.0,3,14.976740639976924,,0,
180.0,8.0,3,34.287964279035805,,0,
181.0,8.0,3,54.68780532247911,,0,
182.0,8.0,3,76.08105418052946,,0,
183.0,8.0,3,98.27960857994913,,0,
184.0,8.0,3,121.03357176376448,-53.499678,1,-174.5332497637645
185.0,8.0,3,144.07872797538585,,0,
186.0,8.0,3,167.15870387101677,,0,
187.0,8.0,3,190.02924137629452,,0,
188.0,8.0,3,212.45902022352675,,0,
189.0,8.0,3,234.23302334207983,,0,
190.0,8.0,3,255.15946800549136,-414.633307,1,-669.7927750054914
191.0,8.0,3,275.0792775525624,,0,
192.0,8.0,3,293.87622441968415,,0,
193.0,8.0,3,311.4858056330122,,0,
194.0,8.0,3,327.9017790941434,,0,
195.0,8.0,3,343.1815782289341,,0,
196.0,8.0,3,357.4571934857304,-34.820102,1,-392.2772954857304
197.0,8.0,3,370.96164616011083,,0,
198.0,8.0,3,383.9191304296837,,0,
199.0,8.0,3,396.27877331616764,,0,
0.0,9.0,0,312.87348091689637,,0,
1.0,9.0,0,299.5681968498684,,0,
2.0,9.0,0,285.590936619672,,0,
3.0,9.0,0,270.8051947539898,255.453379,1,-15.351815753989769
4.0,9.0,0,255.0213963801507,,0,
5.0,9.0,0,238.01364668059978,,0,
6.0,9.0,0,219.6680762906035,,0,
7.0,9.0,0,200.12639938229404,,0,
8.0,9.0,0,179.63759244782705,,0,
9.0,9.0,0,158.40508586484066,287.373451,1,128.96836513515933
10.0,9.0,0,136.56661121710204,,0,
11.0,9.0,0,114.2118449740592,,0,
12.0,9.0,0,91.41370691679185,,0,
13.0,9.0,0,68.27731194578519,,0,
14.0,9.0,0,44.9706871689923,,0,
15.0,9.0,0,21.700103859333467,100.276794,1,78.57669014066653
16.0,9.0,0,-1.3308828179433476,,0,
17.0,9.0,0,-23.940428655434516,,0,
18.0,9.0,0,-45.97073991160141,,0,
19.0,9.0,0,-67.28485937861478,,0,
20.0,9.0,0,-87.76170346440631,,0,
21.0,9.0,0,-107.28964681837533,-279.308757,1,-172.01911018162468
22.0,9.0,0,-125.75806696781365,,0,
23.0,9.0,0,-143.04606008073097,,0,
24.0,9.0,0,-159.0098878156423,,0,
25.0,9.0,0,-173.4912454278383,,0,
26.0,9.0,0,-186.40672985590936,,0,
27.0,9.0,0,-197.83577833168238,-448.160828,1,-250.3250496683176
28.0,9.0,0,-207.93255341762415,,0,
29.0,9.0,0,-216.83566566900117,,0,
30.0,9.0,0,-224.6580366900016,,0,
31.0,9.0,0,-231.49646126125663,,0,
32.0,9.0,0,-237.43911988576292,,0,
33.0,9.0,0,-242.57008265210607,-151.166306,1,91.40377665210607
34.0,9.0,0,-246.9721468245698,,0,
35.0,9.0,0,-250.7288736038863,,0,
36.0,9.0,0,-253.9260254342007,,0,
37.0,9.0,0,-256.65181898648734,,0,
38.0,9.0,0,-258.9944168637594,,0,
39.0,9.0,0,-261.0344043126279,-212.168723,1,48.865681312627885
40.0,9.0,0,-262.83151647289196,,0,
41.0,9.0,0,-264.41039800827275,,0,
42.0,9.0,0,-265.75546431410476,,0,
43.0,9.0,0,-266.82045704391203,,0,
44.0,9.0,0,-267.5465633193671,,0,
45.0,9.0,0,-267.87887753905306,-154.692851,1,113.18602653905307
46.0,9.0,0,-267.7767163908429,,0,
47.0,9.0,0,-267.2190224135702,,0,
48.0,9.0,0,-266.20752850577264,,0,
49.0,9.0,0,-264.7693198974157,,0,
50.0,9.0,0,-262.95855673088226,,0,
51.0,9.0,0,-260.8542370351788,-508.89531,1,-248.04107296482118
52.0,9.0,0,-258.5466216940986,,0,
53.0,9.0,0,-256.1038944225147,,0,
54.0,9.0,0,-253.52660759657374,,0,
55.0,9.0,0,-250.7264037822606,,0,
56.0,9.0,0,-247.55500293810474,,0,
57.0,9.0,0,-243.85808205509966,-375.410396,1,-131.55231394490033
58.0,9.0,0,-239.51759271831543,,0,
59.0,9.0,0,-234.47402314234932,,0,
60.0,9.0,0,-228.735230837141,,0,
61.0,9.0,0,-222.37744694423964,,0,
62.0,9.0,0,-215.54111814070347,,0,
63.0,9.0,0,-208.42347587474433,-345.54785,1,-137.12437412525566
64.0,9.0,0,-201.26946285106533,,0,
65.0,9.0,0,-194.36110670500784,,0,
66.0,9.0,0,-188.0023704538835,,0,
67.0,9.0,0,-182.4952043778212,,0,
68.0,9.0,0,-178.11136634923605,,0,
69.0,9.0,0,-175.08087834333492,-477.42566,1,-302.3447816566651
70.0,9.0,0,-173.6095828760008,,0,
71.0,9.0,0,-173.8998418370611,,0,
72.0,9.0,0,-176.1250138147625,,0,
73.0,9.0,1,-180.33906223718077,,0,
74.0,9.0,1,-186.4149941205833,,0,
75.0,9.0,1,-194.10689064451435,423.967362,1,618.0742526445143
76.0,9.0,1,-203.14670038611803,,0,
77.0,9.0,1,-213.28731071162838,,0,
78.0,9.0,1,-224.3059844073723,,0,
79.0,9.0,1,-235.99595607324773,,0,
80.0,9.0,1,-248.15661682180507,,0,
81.0,9.0,1,-260.58428463586097,-223.078335,1,37.50594963586096
82.0,9.0,1,-273.0646156383591,,0,
83.0,9.0,1,-285.3723030525398,,0,
84.0,9.0,1,-297.2935575932279,,0,
85.0,9.0,1,-308.6790793311793,,0,
86.0,9.0,1,-319.4770484467299,,0,
87.0,9.0,1,-329.69446471799074,123.563737,1,453.25820171799074
88.0,9.0,1,-339.3368580506103,,0,
89.0,9.0,1,-348.3750577831124,,0,
90.0,9.0,1,-356.73211593587985,,0,
91.0,9.0,1,-364.29801685610073,,0,
92.0,9.0,1,-371.031211330348,,0,
93.0,9.0,1,-377.0565522811348,-324.027515,1,53.02903728113483
94.0,9.0,1,-382.5714887054892,,0,
95.0,9.0,1,-387.7489757372059,,0,
96.0,9.0,1,-392.72649375182664,,0,
97.0,9.0,1,-397.61613323558777,,0,
98.0,9.0,1,-402.51225092878667,,0,
99.0,9.0,1,-407.4954718603585,-243.243215,1,164.25225686035853
100.0,9.0,1,-412.63422421303403,,0,
101.0,9.0,1,-417.9845605409664,,0,
102.0,9.0,1,-423.58859943350035,,0,
103.0,9.0,1,-429.4717007030931,,0,
104.0,9.0,1,-435.6384369650332,,0,
105.0,9.0,1,-442.0675679284159,-522.800445,1,-80.73287707158408
106.0,9.0,1,-448.7065610905738,,0,
107.0,9.0,1,-455.4665189533116,,0,
108.0,9.0,1,-462.2181599141295,,0,
109.0,9.0,1,-468.78833554788616,,0,
110.0,9.0,1,-474.95467726449533,,0,
111.0,9.0,1,-480.4345072511146,-502.390978,1,-21.95647074888541
112.0,9.0,1,-484.8693515074119,,0,
113.0,9.0,1,-487.85296657281833,,0,
114.0,9.0,1,-489.13706884662315,,0,
115.0,9.0,1,-488.8309532703788,,0,
116.0,9.0,1,-487.207095413185,,0,
117.0,9.0,1,-484.50082849278624,-497.183042,1,-12.68221350721376
118.0,9.0,1,-480.8880237988924,,0,
119.0,9.0,1,-476.50636763115926,,0,
120.0,9.0,1,-471.4713479066595,,0,
121.0,9.0,1,-465.8837470993967,,0,
122.0,9.0,1,-459.8304520147303,,0,
123.0,9.0,1,-453.38019135615104,-499.87222,1,-46.49202864384898
124.0,9.0,1,-446.57660966301046,,0,
125.0,9.0,1,-439.43349412725,,0,
126.0,9.0,1,-431.9400741113823,,0,
127.0,9.0,1,-424.0803189957387,,0,
128.0,9.0,1,-415.8499299396135,,0,
129.0,9.0,1,-407.25290461182703,-281.907202,1,125.34570261182705
130.0,9.0,2,-398.2909582734583,,0,
131.0,9.0,2,-388.96005870307636,,0,
132.0,9.0,2,-379.2517016058773,,0,
133.0,9.0,2,-369.1546247048027,,0,
134.0,9.0,2,-358.65567249401283,,0,
135.0,9.0,2,-347.7399390960909,-185.812678,1,161.9272610960909
136.0,9.0,2,-336.39074311399963,,0,
137.0,9.0,2,-324.59032459405717,,0,
138.0,9.0,2,-312.3226806851135,,0,
139.0,9.0,2,-299.5803037161095,,0,
140.0,9.0,2,-286.37536866478695,,0,
141.0,9.0,2,-272.75183210346404,415.416228,1,688.1680601034641
142.0,9.0,2,-258.79101283665113,,0,
143.0,9.0,2,-244.6064260034036,,0,
144.0,9.0,2,-230.33219122575974,,0,
145.0,9.0,2,-216.112521336996,,0,
146.0,9.0,2,-202.09587793478568,,0,
147.0,9.0,2,-188.43325607955194,-238.058839,1,-49.62558292044807
148.0,9.0,2,-175.27879507974285,,0,
149.0,9.0,2,-162.79121910190042,,0,
150.0,9.0,2,-151.1352201995851,,0,
151.0,9.0,2,-140.4829309507768,,0,
152.0,9.0,2,-131.01953252872045,,0,
153.0,9.0,2,-122.98632019083016,-12.257673,1,110.72864719083016
154.0,9.0,2,-116.72288442351783,,0,
155.0,9.0,2,-111.9153402035663,,0,
156.0,9.0,2,-108.3464657354125,,0,
157.0,9.0,2,-105.85186693055948,,0,
158.0,9.0,2,-104.27521071844967,,0,
159.0,9.0,2,-103.46083204114257,-285.118619,1,-181.65778695885746
160.0,9.0,2,-103.25031235300412,,0,
161.0,9.0,2,-103.4787886985323,,0,
162.0,9.0,2,-103.97039349858096,,0,
163.0,9.0,2,-104.53277164399333,,0,
164.0,9.0,2,-104.9505538538142,,0,
165.0,9.0,2,-104.97785602438671,-568.574554,1,-463.5966979756133
166.0,9.0,2,-104.3317722162792,,0,
167.0,9.0,2,-102.6963268024374,,0,
168.0,9.0,2,-99.76148707905668,,0,
169.0,9.0,2,-95.30992208827956,,0,
170.0,9.0,3,-89.27469634210138,,0,
171.0,9.0,3,-81.68992536463338,-245.281732,1,-163.59180663536662
172.0,9.0,3,-72.613691033941,,0,
173.0,9.0,3,-62.098331360000884,,0,
174.0,9.0,3,-50.190695370311005,,0,
175.0,9.0,3,-36.93497182071587,,0,
176.0,9.0,3,-22.37156355906336,,0,
177.0,9.0,3,-6.535264224759885,-141.763203,1,-135.22793877524012
178.0,9.0,3,10.544301006229944,,0,
179.0,9.0,3,28.838498992074165,,0,
180.0,9.0,3,48.30944101465866,,0,
181.0,9.0,3,68.89087484467018,,0,
182.0,9.0,3,90.464746351543,,0,
183.0,9.0,3,112.85104255340411,52.004187,1,-60.84685555340411
184.0,9.0,3,135.82211517014366,,0,
185.0,9.0,3,159.12721848323417,,0,
186.0,9.0,3,182.509086695718,,0,
187.0,9.0,3,205.7106629861737,,0,
188.0,9.0,3,228.4788925815301,,0,
189.0,9.0,3,250.57106014611054,-482.159616,1,-732.7306761461106
190.0,9.0,3,271.76542444764345,,0,
191.0,9.0,3,291.8752158152347,,0,
192.0,9.0,3,310.7635044126946,,0,
193.0,9.0,3,328.3558875907547,,0,
194.0,9.0,3,344.64869945534883,,0,
195.0,9.0,3,359.7124482664367,-203.578167,1,-563.2906152664367
196.0,9.0,3,373.69062154350104,,0,
197.0,9.0,3,386.77922761924856,,0,
198.0,9.0,3,399.14220795229267,,0,
199.0,9.0,3,410.8303313012366,,0,
0.0,10.0,0,312.8005957845162,,0,
1.0,10.0,0,299.4298724501714,,0,
2.0,10.0,0,285.37651245476445,-13.165047,1,-298.54155945476447
3.0,10.0,0,270.5157441876072,,0,
4.0,10.0,0,254.70028756231477,,0,
5.0,10.0,0,237.7946396657244,,0,
6.0,10.0,0,219.74952643068536,,0,
7.0,10.0,0,200.6477210140656,,0,
8.0,10.0,0,180.65201932365744,307.47507,1,126.82305067634258
9.0,10.0,0,159.92472233720764,,0,
10.0,10.0,0,138.58580095575599,,0,
11.0,10.0,0,116.6997941338741,,0,
12.0,10.0,0,94.28967229783302,,0,
13.0,10.0,0,71.42429237999022,,0,
14.0,10.0,0,48.30240587399021,181.35802,1,133.0556141260098
15.0,10.0,0,25.174378007919586,,0,
16.0,10.0,0,2.260849487465748,,0,
17.0,10.0,0,-20.255938538874034,,0,
18.0,10.0,0,-42.22267470094084,,0,
19.0,10.0,0,-63.50670774892933,,0,
20.0,10.0,0,-83.98947957436758,-276.68373,1,-192.69425042563245
21.0,10.0,0,-103.56008186964027,,0,
22.0,10.0,0,-122.10740669780353,,0,
23.0,10.0,0,-139.50831761790323,,0,
24.0,10.0,0,-155.60434015166538,,0,
25.0,10.0,0,-170.1561372657743,,0,
26.0,10.0,0,-182.96974608836172,-406.581773,1,-223.61202691163828
27.0,10.0,0,-194.2216172074659,,0,
28.0,10.0,0,-204.134337704294,,0,
29.0,10.0,0,-212.85044194835064,,0,
30.0,10.0,0,-220.4767907649075,,0,
31.0,10.0,0,-227.10546149614675,,0,
32.0,10.0,0,-232.82220270209655,-66.608966,1,166.21323670209654
33.0,10.0,0,-237.7104784494004,,0,
34.0,10.0,0,-241.85403655687696,,0,
35.0,10.0,0,-245.33928060455946,,0,
36.0,10.0,0,-248.2578899563523,,0,
37.0,10.0,0,-250.70919542447155,,0,
38.0,10.0,0,-252.80006820952258,-61.734775,1,191.06529320952257
39.0,10.0,0,-254.63721712077677,,0,
40.0,10.0,0,-256.3059762599805,,0,
41.0,10.0,0,-257.84034550418437,,0,
42.0,10.0,0,-259.20855551731074,,0,
43.0,10.0,0,-260.3313273496424,,0,
44.0,10.0,0,-261.11543279855687,-144.061522,1,117.05391079855687
45.0,10.0,0,-261.4782470228711,,0,
46.0,10.0,0,-261.35874824461644,,0,
47.0,10.0,0,-260.72130416243454,,0,
48.0,10.0,0,-259.55790404622167,,0,
49.0,10.0,0,-257.89169945601316,,0,
50.0,10.0,0,-255.7827169168886,-314.79522,1,-59.01250308311137
51.0,10.0,0,-253.3337535016144,,0,
52.0,10.0,0,-250.68596974717366,,0,
53.0,10.0,0,-247.97705911806952,,0,
54.0,10.0,0,-245.2484401922702,,0,
55.0,10.0,0,-242.38755987228797,,0,
56.0,10.0,0,-239.19298186540254,-346.482132,1,-107.28915013459743
57.0,10.0,0,-235.47472422239662,,0,
58.0,10.0,0,-231.10352429753402,,0,
59.0,10.0,0,-226.02178270416698,,0,
60.0,10.0,0,-220.2420688382117,,0,
61.0,10.0,0,-213.84249686541443,,0,
62.0,10.0,0,-206.96052245947794,-367.889711,1,-160.92918854052203
63.0,10.0,0,-199.78519802065784,,0,
64.0,10.0,0,-192.54781797362375,,0,
65.0,10.0,0,-185.51044086976617,,0,
66.0,10.0,0,-178.95125995339913,,0,
67.0,10.0,0,-173.14714743589138,,0,
68.0,10.0,0,-168.35879907640629,-503.399596,1,-335.0407969235937
69.0,10.0,0,-164.82925725646055,,0,
70.0,10.0,0,-162.80347116338817,,0,
71.0,10.0,0,-162.56127080098304,,0,
72.0,10.0,0,-164.4076175595619,,0,
73.0,10.0,1,-168.48553224377974,,0,
74.0,10.0,1,-174.58975259942963,177.462126,1,352.05187859942964
75.0,10.0,1,-182.35810360246978,,0,
76.0,10.0,1,-191.46655875851138,,0,
77.0,10.0,1,-201.65083869054888,,0,
78.0,10.0,1,-212.68480560948592,,0,
79.0,10.0,1,-224.3626618459275,,0,
80.0,10.0,1,-236.48739120859318,-313.396978,1,-76.90958679140681
81.0,10.0,1,-248.8634085025369,,0,
82.0,10.0,1,-261.29356845189614,,0,
83.0,10.0,1,-273.58398197814677,,0,
84.0,10.0,1,-285.5612795687048,,0,
85.0,10.0,1,-297.0979249338743,,0,
86.0,10.0,1,-308.12426251735087,84.961263,1,393.0855255173509
87.0,10.0,1,-318.6117513765421,,0,
88.0,10.0,1,-328.54099079872503,,0,
89.0,10.0,1,-337.87259037312833,,0,
90.0,10.0,1,-346.5166383114556,,0,
91.0,10.0,1,-354.28388854966397,,0,
92.0,10.0,1,-361.02378235200376,-478.729602,1,-117.70581964799624
93.0,10.0,1,-366.976703007771,,0,
94.0,10.0,1,-372.4240099848066,,0,
95.0,10.0,1,-377.55158270646643,,0,
96.0,10.0,1,-382.4975304382406,,0,
97.0,10.0,1,-387.3746005280791,,0,
98.0,10.0,1,-392.27906330390397,-50.800539,1,341.47852430390395
99.0,10.0,1,-397.29430764854624,,0,
100.0,10.0,1,-402.49176479047674,,0,
101.0,10.0,1,-407.9300697730687,,0,
102.0,10.0,1,-413.6528082919576,,0,
103.0,10.0,1,-419.6850399963396,,0,
104.0,10.0,1,-426.0288356556284,-433.317528,1,-7.2886923443715546
105.0,10.0,1,-432.65823483502027,,0,
106.0,10.0,1,-439.5142241059875,,0,
107.0,10.0,1,-446.5003778833634,,0,
108.0,10.0,1,-453.47950447538096,,0,
109.0,10.0,1,-460.2710301282268,,0,
110.0,10.0,1,-466.6485570432178,-556.044899,1,-89.39634195678218
111.0,10.0,1,-472.33897608864845,,0,
112.0,10.0,1,-477.03343555788706,,0,
113.0,10.0,1,-480.4385961592752,,0,
114.0,10.0,1,-482.38249630200335,,0,
115.0,10.0,1,-482.8829369581581,,0,
116.0,10.0,1,-482.0846342668592,-453.400465,1,28.684169266859215
117.0,10.0,1,-480.15882287157,,0,
118.0,10.0,1,-477.25740705664793,,0,
119.0,10.0,1,-473.50724692140193,,0,
120.0,10.0,1,-469.01545536888443,,0,
121.0,10.0,1,-463.87389730974064,,0,
122.0,10.0,1,-458.1598956163034,-407.480862,1,50.6790336163034
123.0,10.0,1,-451.9329914941045,,0,
124.0,10.0,1,-445.22869683911995,,0,
125.0,10.0,1,-438.05158794289673,,0,
126.0,10.0,1,-430.37760505350525,,0,
127.0,10.0,1,-422.1887462013965,,0,
128.0,10.0,1,-413.5092581636163,-373.804067,1,39.70519116361635
129.0,10.0,1,-404.3776863405874,,0,
130.0,10.0,2,-394.81787043040913,,0,
131.0,10.0,2,-384.8386029127141,,0,
132.0,10.0,2,-374.43944422656205,,0,
133.0,10.0,2,-363.6148132995422,,0,
134.0,10.0,2,-352.3562823334705,-343.547661,1,8.808621333470512
135.0,10.0,2,-340.6539185304646,,0,
136.0,10.0,2,-328.49746935210715,,0,
137.0,10.0,2,-315.87821149917363,,0,
138.0,10.0,2,-302.79234961646944,,0,
139.0,10.0,2,-289.2466039541214,,0,
140.0,10.0,2,-275.26555177922273,612.760913,1,888.0264647792227
141.0,10.0,2,-260.8984458214036,,0,
142.0,10.0,2,-246.22221327907027,,0,
143.0,10.0,2,-231.33904142950632,,0,
144.0,10.0,2,-216.370335331776,,0,
145.0,10.0,2,-201.45052402215515,,0,
146.0,10.0,2,-186.7231571385464,-362.350243,1,-175.62708586145357
147.0,10.0,2,-172.3398785349491,,0,
148.0,10.0,2,-158.46175624511307,,0,
149.0,10.0,2,-145.26209596846093,,0,
150.0,10.0,2,-132.92973081694072,,0,
151.0,10.0,2,-121.67196682145004,,0,
152.0,10.0,2,-111.71946649601159,-32.530788,1,79.18867849601159
153.0,10.0,2,-103.33989518006274,,0,
154.0,10.0,2,-96.71913257150572,,0,
155.0,10.0,2,-91.70341041399661,,0,
156.0,10.0,2,-88.05532387902349,,0,
157.0,10.0,2,-85.57070928076428,,0,
158.0,10.0,2,-84.06296635288345,-193.070535,1,-109.00756864711656
159.0,10.0,2,-83.35595256246961,,0,
160.0,10.0,2,-83.27852111114044,,0,
161.0,10.0,2,-83.65823520849517,,0,
162.0,10.0,2,-84.3147460600012,,0,
163.0,10.0,2,-85.05333394962508,,0,
164.0,10.0,2,-85.65901809234492,-457.280768,1,-371.6217499076551
165.0,10.0,2,-85.89224774087052,,0,
166.0,10.0,2,-85.48917512471598,,0,
167.0,10.0,2,-84.1731352984425,,0,
168.0,10.0,2,-81.68497802576167,,0,
169.0,10.0,2,-77.82586332170467,,0,
170.0,10.0,3,-72.4808910866468,-279.402668,1,-206.9217769133532
171.0,10.0,3,-65.60281396301434,,0,
172.0,10.0,3,-57.18168498962041,,0,
173.0,10.0,3,-47.23065410579147,,0,
174.0,10.0,3,-35.78271334792589,,0,
175.0,10.0,3,-22.882367798571067,,0,
176.0,10.0,3,-8.574016777041834,-13.979022,1,-5.405005222958167
177.0,10.0,3,7.103884056414245,,0,
178.0,10.0,3,24.11683450593773,,0,
179.0,10.0,3,42.426380484081164,,0,
180.0,10.0,3,61.97754729036387,,0,
181.0,10.0,3,82.68324383231811,,0,
182.0,10.0,3,104.4110279532033,213.645849,1,109.2348210467967
183.0,10.0,3,126.98055393627874,,0,
184.0,10.0,3,150.17399793257937,,0,
185.0,10.0,3,173.75051288137183,,0,
186.0,10.0,3,197.45482598632952,,0,
187.0,10.0,3,221.02001611268497,,0,
188.0,10.0,3,244.17088304965,-391.51356,1,-635.68444304965
189.0,10.0,3,266.6327378802089,,0,
190.0,10.0,3,288.1467429641016,,0,
191.0,10.0,3,308.4902784889564,,0,
192.0,10.0,3,327.49874202250794,,0,
193.0,10.0,3,345.0836465557077,,0,
194.0,10.0,3,361.24203121197934,-257.190118,1,-618.4321492119793
195.0,10.0,3,376.05428601938183,,0,
196.0,10.0,3,389.6685189101263,,0,
197.0,10.0,3,402.2660421506007,,0,
198.0,10.0,3,414.0076970297159,,0,
199.0,10.0,3,424.9967553882161,,0,
0.0,11.0,0,311.88554820104036,,0,
1.0,11.0,0,298.4144473003107,5.589234,1,-292.82521330031074
2.0,11.0,0,284.2638760730915,,0,
3.0,11.0,0,269.330037602198,,0,
4.0,11.0,0,253.50601115945028,,0,
5.0,11.0,0,236.70999279643365,,0,
6.0,11.0,0,218.9228156967656,,0,
7.0,11.0,0,200.20417083078792,279.14392,1,78.93974916921206
8.0,11.0,0,180.6686301376758,,0,
9.0,11.0,0,160.44261877500685,,0,
10.0,11.0,0,139.62842523115978,,0,
11.0,11.0,0,118.27353495344141,,0,
12.0,11.0,0,96.32837134841247,,0,
13.0,11.0,0,73.76330105712987,260.539865,1,186.77656394287015
14.0,11.0,0,50.866950857118354,,0,
15.0,11.0,0,27.95186405449931,,0,
16.0,11.0,0,5.24042681978608,,0,
17.0,11.0,0,-17.09358344814973,,0,
18.0,11.0,0,-38.90439760907611,,0,
19.0,11.0,0,-60.064323961763876,-244.177463,1,-184.1131390382361
20.0,11.0,0,-80.4571416448598,,0,
21.0,11.0,0,-99.9721381173731,,0,
22.0,11.0,0,-118.49728582485113,,0,
23.0,11.0,0,-135.90950134544255,,0,
24.0,11.0,0,-152.05566384885606,,0,
25.0,11.0,0,-166.68165099964244,-312.268907,1,-145.58725600035757
26.0,11.0,0,-179.36415293168102,,0,
27.0,11.0,0,-190.49400061077904,,0,
28.0,11.0,0,-200.29504095147422,,0,
29.0,11.0,0,-208.8935505163754,,0,
30.0,11.0,0,-216.38879147406988,,0,
31.0,11.0,0,-222.86983124098333,-65.885046,1,156.98478524098334
32.0,11.0,0,-228.42180526740412,,0,
33.0,11.0,0,-233.12868103117216,,0,
34.0,11.0,0,-237.07516566448612,,0,
35.0,11.0,0,-240.34913764797238,,0,
36.0,11.0,0,-243.04539176431717,,0,
37.0,11.0,0,-245.2709106054608,200.201811,1,445.47272160546083
38.0,11.0,0,-247.15020737221494,,0,
39.0,11.0,0,-248.82355083904804,,0,
40.0,11.0,0,-250.41952765807218,,0,
41.0,11.0,0,-251.9925141788408,,0,
42.0,11.0,0,-253.4832168424182,,0,
43.0,11.0,0,-254.76158831630164,-56.858425,1,197.90316331630163
44.0,11.0,0,-255.69274427275377,,0,
45.0,11.0,0,-256.16775189392865,,0,
46.0,11.0,0,-256.1089010932701,,0,
47.0,11.0,0,-255.4683606554281,,0,
48.0,11.0,0,-254.22799652793765,,0,
49.0,11.0,0,-252.40282197663328,-124.553233,1,127.84958897663327
50.0,11.0,0,-250.04972246363468,,0,
51.0,11.0,0,-247.2835568157716,,0,
52.0,11.0,0,-244.29801468658115,,0,
53.0,11.0,0,-241.34572570097225,,0,
54.0,11.0,0,-238.55211255064933,,0,
55.0,11.0,0,-235.73478088662887,-174.37785,1,61.356930886628874
56.0,11.0,0,-232.59088084309406,,0,
57.0,11.0,0,-228.8899734005754,,0,
58.0,11.0,0,-224.50029873961466,,0,
59.0,11.0,0,-219.37323694414226,,0,
60.0,11.0,0,-213.53043624490238,,0,
61.0,11.0,0,-207.05516050551523,-225.881762,1,-18.826601494484777
62.0,11.0,0,-200.08496294969518,,0,
63.0,11.0,0,-192.80388621989187,,0,
64.0,11.0,0,-185.43329722113413,,0,
65.0,11.0,0,-178.22086342380499,,0,
66.0,11.0,0,-171.42765896086348,,0,
67.0,11.0,0,-165.31484060696312,-319.721656,1,-154.40681539303688
68.0,11.0,0,-160.1339824090319,,0,
69.0,11.0,0,-156.12755837916666,,0,
70.0,11.0,0,-153.54736446736933,,0,
71.0,11.0,0,-152.70556956237397,,0,
72.0,11.0,0,-154.07771541898182,,0,
73.0,11.0,1,-158.0365875336356,38.167806,1,196.2043935336356
74.0,11.0,1,-164.15712333984266,,0,
75.0,11.0,1,-171.91885125759654,,0,
76.0,11.0,1,-180.98005320205266,,0,
77.0,11.0,1,-191.08292751446243,,0,
78.0,11.0,1,-202.0081328403321,,0,
79.0,11.0,1,-213.55555679935605,-312.799501,1,-99.24394420064397
80.0,11.0,1,-225.53496542151333,,0,
81.0,11.0,1,-237.76154352906087,,0,
82.0,11.0,1,-250.0554995353741,,0,
83.0,11.0,1,-262.2468705082247,,0,
84.0,11.0,1,-274.18604476580003,,0,
85.0,11.0,1,-285.7559031138062,-141.917772,1,143.83813111380618
86.0,11.0,1,-296.8765623670479,,0,
87.0,11.0,1,-307.49698477041966,,0,
88.0,11.0,1,-317.57729416046277,,0,
89.0,11.0,1,-327.06823233318937,,0,
90.0,11.0,1,-335.8848257384816,,0,
91.0,11.0,1,-343.82725733350526,-501.097957,1,-157.27069966649475
92.0,11.0,1,-350.5060793477096,,0,
93.0,11.0,1,-356.4033961918103,,0,
94.0,11.0,1,-361.8117309266454,,0,
95.0,11.0,1,-366.90784029981023,,0,
96.0,11.0,1,-371.82830043625927,,0,
97.0,11.0,1,-376.68770598845913,0.110858,1,376.79856398845914
98.0,11.0,1,-381.58574889941156,,0,
99.0,11.0,1,-386.6100114606015,,0,
100.0,11.0,1,-391.83638744962445,,0,
101.0,11.0,1,-397.3277684943987,,0,
102.0,11.0,1,-403.1312421709554,,0,
103.0,11.0,1,-409.2740045299804,-310.821512,1,98.45249252998042
104.0,11.0,1,-415.7583399293235,,0,
105.0,11.0,1,-422.55626150928583,,0,
106.0,11.0,1,-429.6045932167108,,0,
107.0,11.0,1,-436.8012532562898,,0,
108.0,11.0,1,-444.00323069296064,,0,
109.0,11.0,1,-451.02648626802056,-613.618847,1,-162.5923607319794
110.0,11.0,1,-457.6484372919804,,0,
111.0,11.0,1,-463.6158861033856,,0,
112.0,11.0,1,-468.6656340940972,,0,
113.0,11.0,1,-472.56640196144326,,0,
114.0,11.0,1,-475.17394989961576,,0,
115.0,11.0,1,-476.4605762602332,-409.440698,1,67.01987826023321
116.0,11.0,1,-476.49142429254425,,0,
117.0,11.0,1,-475.3747688448011,,0,
118.0,11.0,1,-473.2250778742964,,0,
119.0,11.0,1,-470.1474604930004,,0,
120.0,11.0,1,-466.2347712721057,,0,
121.0,11.0,1,-461.5684058719362,-327.337547,1,134.23085887193622
122.0,11.0,1,-456.21796777135296,,0,
123.0,11.0,1,-450.2383476942159,,0,
124.0,11.0,1,-443.6639552000197,,0,
125.0,11.0,1,-436.4984738996882,,0,
126.0,11.0,1,-428.69720912385947,,0,
127.0,11.0,1,-420.2142850654691,-532.461337,1,-112.24705193453087
128.0,11.0,1,-411.1246378329415,,0,
129.0,11.0,1,-401.5068547977862,,0,
130.0,11.0,2,-391.3994523530055,,0,
131.0,11.0,2,-380.8199814383952,,0,
132.0,11.0,2,-369.77502803051175,,0,
133.0,11.0,2,-358.26514888812744,-423.26022,1,-64.99507111187256
134.0,11.0,2,-346.28775810725347,,0,
135.0,11.0,2,-333.83917741919504,,0,
136.0,11.0,2,-320.91656525058715,,0,
137.0,11.0,2,-307.52029886632954,,0,
138.0,11.0,2,-293.6572654591382,,0,
139.0,11.0,2,-279.3451932593598,634.180206,1,913.5253992593598
140.0,11.0,2,-264.6174928949513,,0,
141.0,11.0,2,-249.5273087773421,,0,
142.0,11.0,2,-234.14928544140275,,0,
143.0,11.0,2,-218.57845582562004,,0,
144.0,11.0,2,-202.92714325791167,,0,
145.0,11.0,2,-187.32165355392135,183.805872,1,371.1275255539214
146.0,11.0,2,-171.9003304930502,,0,
147.0,11.0,2,-156.813803827019,,0,
148.0,11.0,2,-142.22764334250678,,0,
149.0,11.0,2,-128.32725489885706,,0,
150.0,11.0,2,-115.32423548079714,,0,
151.0,11.0,2,-103.4614548475729,29.958063,1,133.4195178475729
152.0,11.0,2,-93.00838774642762,,0,
153.0,11.0,2,-84.22130631809705,,0,
154.0,11.0,2,-77.22899828501795,,0,
155.0,11.0,2,-71.9415683023617,,0,
156.0,11.0,2,-68.13959140668885,,0,
157.0,11.0,2,-65.58625022207525,-68.698402,1,-3.112151777924751
158.0,11.0,2,-64.0648055865604,,0,
159.0,11.0,2,-63.380651302715705,,0,
160.0,11.0,2,-63.35326441581856,,0,
161.0,11.0,2,-63.806441359527525,,0,
162.0,11.0,2,-64.55945912200332,,0,
163.0,11.0,2,-65.41991307311037,-453.652963,1,-388.23304992688963
164.0,11.0,2,-66.1786905672343,,0,
165.0,11.0,2,-66.60808236556477,,0,
166.0,11.0,2,-66.46509531821721,,0,
167.0,11.0,2,-65.50272539511207,,0,
168.0,11.0,2,-63.48970875897794,,0,
169.0,11.0,3,-60.23179886923026,-213.970847,1,-153.73904813076973
170.0,11.0,3,-55.581125872413395,,0,
171.0,11.0,3,-49.428955569354,,0,
172.0,11.0,3,-41.698649116682645,,0,
173.0,11.0,3,-32.35725639172597,,0,
174.0,11.0,3,-21.424380660042516,,0,
175.0,11.0,3,-8.948913521162467,266.606031,1,275.55494452116244
176.0,11.0,3,5.02052676139283,,0,
177.0,11.0,3,20.445221649759333,,0,
178.0,11.0,3,37.29108653696312,,0,
179.0,11.0,3,55.51717801534687,,0,
180.0,11.0,3,75.06140308268368,,0,
181.0,11.0,3,95.82598680357478,371.19723,1,275.3712431964252
182.0,11.0,3,117.66793986910852,,0,
183.0,11.0,3,140.40128927015758,,0,
184.0,11.0,3,163.81093603323097,,0,
185.0,11.0,3,187.6648737223877,,0,
186.0,11.0,3,211.71334571346597,,0,
187.0,11.0,3,235.68198523507454,-336.961303,1,-572.6432882350746
188.0,11.0,3,259.2716304813075,,0,
189.0,11.0,3,282.1691189926496,,0,
190.0,11.0,3,304.06813888843317,,0,
191.0,11.0,3,324.6979521888279,,0,
192.0,11.0,3,343.8553588021314,,0,
193.0,11.0,3,361.4314125634337,-218.673646,1,-580.1050585634337
194.0,11.0,3,377.4231155355392,,0,
195.0,11.0,3,391.92464194330387,,0,
196.0,11.0,3,405.0996622986422,,0,
197.0,11.0,3,417.1410424624846,,0,
198.0,11.0,3,428.22897293276037,,0,
199.0,11.0,3,438.5050014857261,-76.617926,1,-515.1229274857261
0.0,12.0,0,310.21645824284496,21.772496,1,-288.443962242845
1.0,12.0,0,296.628462146924,,0,
2.0,12.0,0,282.37660598977527,,0,
3.0,12.0,0,267.37866269961523,,0,
4.0,12.0,0,251.557521177936,,0,
5.0,12.0,0,234.862471924047,,0,
6.0,12.0,0,217.2913892302313,246.237634,1,28.946244769768725
7.0,12.0,0,198.89412431815435,,0,
8.0,12.0,0,179.75707024513395,,0,
9.0,12.0,0,159.9786957817123,,0,
10.0,12.0,0,139.64408471848583,,0,
11.0,12.0,0,118.79765039452832,,0,
12.0,12.0,0,97.37413017606013,230.129088,1,132.75495782393986
13.0,12.0,0,75.13508896008716,,0,
14.0,12.0,0,52.56532738651731,,0,
15.0,12.0,0,29.97834186635737,,0,
16.0,12.0,0,7.580150214555033,,0,
17.0,12.0,0,-14.465062300587306,,0,
18.0,12.0,0,-36.017276510756346,-25.567658,1,10.449618510756345
19.0,12.0,0,-56.95164057033253,,0,
20.0,12.0,0,-77.15199229263817,,0,
21.0,12.0,0,-96.50473164934738,,0,
22.0,12.0,0,-114.89150974523363,,0,
23.0,12.0,0,-132.17811976618395,,0,
24.0,12.0,0,-148.1920515456368,-325.456297,1,-177.26424545436322
25.0,12.0,0,-162.67802308806858,,0,
26.0,12.0,0,-175.4255782875116,,0,
27.0,12.0,0,-186.59582924120696,,0,
28.0,12.0,0,-196.39900167801534,,0,
29.0,12.0,0,-204.96965980181994,,0,
30.0,12.0,0,-212.41150358836603,-169.284869,1,43.126634588366045
31.0,12.0,0,-218.81745454883094,,0,
32.0,12.0,0,-224.27643542613077,,0,
33.0,12.0,0,-228.87559273681836,,0,
34.0,12.0,0,-232.70160571580345,,0,
35.0,12.0,0,-235.84290912190772,,0,
36.0,12.0,0,-238.3939697297319,345.067705,1,583.4616747297318
37.0,12.0,0,-240.4627841422116,,0,
38.0,12.0,0,-242.18309037184372,,0,
39.0,12.0,0,-243.72952791040734,,0,
40.0,12.0,0,-245.30481121219782,,0,
41.0,12.0,0,-247.01361059068586,,0,
42.0,12.0,0,-248.73961261221848,80.598744,1,329.3383566122185
43.0,12.0,0,-250.27170479836604,,0,
44.0,12.0,0,-251.43335935187497,,0,
45.0,12.0,0,-252.09881626240895,,0,
46.0,12.0,0,-252.18153210059972,,0,
47.0,12.0,0,-251.62610307177601,,0,
48.0,12.0,0,-250.405883790394,-163.206285,1,87.19959879039399
49.0,12.0,0,-248.52569536245574,,0,
50.0,12.0,0,-246.03054158829036,,0,
51.0,12.0,0,-243.02488827279012,,0,
52.0,12.0,0,-239.7179908015096,,0,
53.0,12.0,0,-236.51764165666464,,0,
54.0,12.0,0,-233.76882636874507,-26.467871,1,207.30095536874506
55.0,12.0,0,-231.08076592302314,,0,
56.0,12.0,0,-228.00580439748956,,0,
57.0,12.0,0,-224.3067213272152,,0,
58.0,12.0,0,-219.86872667010903,,0,
59.0,12.0,0,-214.65896235489345,,0,
60.0,12.0,0,-208.71013581704756,-45.298145,1,163.41199081704755
61.0,12.0,0,-202.11169399946812,,0,
62.0,12.0,0,-195.00287357200068,,0,
63.0,12.0,0,-187.5654375973736,,0,
64.0,12.0,0,-180.01519572796315,,0,
65.0,12.0,0,-172.59202752501733,,0,
66.0,12.0,0,-165.5487595458544,-260.877238,1,-95.32847845414557
67.0,12.0,0,-159.14030619413825,,0,
68.0,12.0,0,-153.6159410005639,,0,
69.0,12.0,0,-149.21890672105656,,0,
70.0,12.0,0,-146.19914105503995,,0,
71.0,12.0,0,-144.852654467315,,0,
72.0,12.0,0,-145.67803310347517,167.959399,1,313.63743210347513
73.0,12.0,0,-149.52985447792162,,0,
74.0,12.0,1,-155.50758390880947,,0,
75.0,12.0,1,-163.07547195523512,,0,
76.0,12.0,1,-171.9171187910615,,0,
77.0,12.0,1,-181.78508815115856,,0,
78.0,12.0,1,-192.46438803453202,-121.56663,1,70.89775803453202
79.0,12.0,1,-203.75801637835866,,0,
80.0,12.0,1,-215.48076347146707,,0,
81.0,12.0,1,-227.45697032356475,,0,
82.0,12.0,1,-239.52080826330348,,0,
83.0,12.0,1,-251.51897406869102,,0,
84.0,12.0,1,-263.31559176810697,-218.623771,1,44.691820768106965
85.0,12.0,1,-274.797349841494,,0,
86.0,12.0,1,-285.87512375661754,,0,
87.0,12.0,1,-296.4792004340525,,0,
88.0,12.0,1,-306.54811885978415,,0,
89.0,12.0,1,-316.0116219975025,,0,
90.0,12.0,1,-324.7619035638709,-394.878688,1,-70.11678443612914
91.0,12.0,1,-332.60203699052,,0,
92.0,12.0,1,-339.38066598150544,,0,
93.0,12.0,1,-345.3416837629402,,0,
94.0,12.0,1,-350.7725699969378,,0,
95.0,12.0,1,-355.8669152720472,,0,
96.0,12.0,1,-360.77157192174855,-146.300716,1,214.47085592174855
97.0,12.0,1,-365.60878952589337,,0,
98.0,12.0,1,-370.48497253246023,,0,
99.0,12.0,1,-375.4941632622649,,0,
100.0,12.0,1,-380.71873207530007,,0,
101.0,12.0,1,-386.228048168997,,0,
102.0,12.0,1,-392.0753798428377,-213.607988,1,178.4673918428377
103.0,12.0,1,-398.29322834356117,,0,
104.0,12.0,1,-404.887543820023,,0,
105.0,12.0,1,-411.83166687591074,,0,
106.0,12.0,1,-419.06115984560165,,0,
107.0,12.0,1,-426.47069015219677,,0,
108.0,12.0,1,-433.91376235723874,-776.85928,1,-342.9455176427613
109.0,12.0,1,-441.2057157569625,,0,
110.0,12.0,1,-448.1306189038878,,0,
111.0,12.0,1,-454.45382493739544,,0,
112.0,12.0,1,-459.9430407111413,,0,
113.0,12.0,1,-464.3985126176067,,0,
114.0,12.0,1,-467.68424763699477,-484.370536,1,-16.686288363005247
115.0,12.0,1,-469.74371723286094,,0,
116.0,12.0,1,-470.5903957717637,,0,
117.0,12.0,1,-470.2819031116778,,0,
118.0,12.0,1,-468.8938574327094,,0,
119.0,12.0,1,-466.5034897938667,,0,
120.0,12.0,1,-463.1840485544817,-327.398594,1,135.7854545544817
121.0,12.0,1,-459.00375720586635,,0,
122.0,12.0,1,-454.02411550114994,,0,
123.0,12.0,1,-448.2964175846719,,0,
124.0,12.0,1,-441.856401269888,,0,
125.0,12.0,1,-434.7153975970541,,0,
126.0,12.0,1,-426.8327676539475,-480.640257,1,-53.807489346052535
127.0,12.0,1,-418.0902183796261,,0,
128.0,12.0,1,-408.6556630613268,,0,
129.0,12.0,2,-398.6218078760867,,0,
130.0,12.0,2,-388.03355413600184,,0,
131.0,12.0,2,-376.9161754219531,,0,
132.0,12.0,2,-365.2838170218347,-434.476408,1,-69.1925909781653
133.0,12.0,2,-353.1441005370816,,0,
134.0,12.0,2,-340.5012691486954,,0,
135.0,12.0,2,-327.35872819914584,,0,
136.0,12.0,2,-313.7214553588492,,0,
137.0,12.0,2,-299.5986085802051,,0,
138.0,12.0,2,-285.0065146007123,230.442635,1,515.4491496007123
139.0,12.0,2,-269.9719762025561,,0,
140.0,12.0,2,-254.53549417955946,,0,
141.0,12.0,2,-238.75372027026606,,0,
142.0,12.0,2,-222.70050755823468,,0,
143.0,12.0,2,-206.46642167859136,,0,
144.0,12.0,2,-190.15726528075902,805.036733,1,995.193998280759
145.0,12.0,2,-173.8926111925466,,0,
146.0,12.0,2,-157.80534908708432,,0,
147.0,12.0,2,-142.0430143111589,,0,
148.0,12.0,2,-126.77146726811043,,0,
149.0,12.0,2,-112.18137869620114,,0,
150.0,12.0,2,-98.49745093840284,118.964957,1,217.46240793840283
151.0,12.0,2,-85.98732184209803,,0,
152.0,12.0,2,-74.95585342058621,,0,
153.0,12.0,2,-65.68801735849047,,0,
154.0,12.0,2,-58.321627608909694,,0,
155.0,12.0,2,-52.76504531480896,,0,
156.0,12.0,2,-48.77730638895446,32.610099,1,81.38740538895445
157.0,12.0,2,-46.09307950501534,,0,
158.0,12.0,2,-44.47720504674726,,0,
159.0,12.0,2,-43.727477544489375,,0,
160.0,12.0,2,-43.66242988344311,,0,
161.0,12.0,2,-44.10846626894636,,0,
162.0,12.0,2,-44.889553649343725,-347.093209,1,-302.2036553506563
163.0,12.0,2,-45.81986655003857,,0,
164.0,12.0,2,-46.699558355765475,,0,
165.0,12.0,2,-47.31421834816865,,0,
166.0,12.0,2,-47.438901601075486,,0,
167.0,12.0,2,-46.847198636744,,0,
168.0,12.0,2,-45.3237221204181,-97.080143,1,-51.75642087958191
169.0,12.0,3,-42.674751332218875,,0,
170.0,12.0,3,-38.729687359260424,,0,
171.0,12.0,3,-33.33078410930466,,0,
172.0,12.0,3,-26.3291051392589,,0,
173.0,12.0,3,-17.634162602887955,,0,
174.0,12.0,3,-7.265512255169597,115.388238,1,122.6537502551696
175.0,12.0,3,4.711206680476607,,0,
176.0,12.0,3,18.245726860841387,,0,
177.0,12.0,3,33.30667839622765,,0,
178.0,12.0,3,49.86860713759961,,0,
179.0,12.0,3,67.89722344974871,,0,
180.0,12.0,3,87.3337018241291,460.602057,1,373.2683551758709
181.0,12.0,3,108.07872747240617,,0,
182.0,12.0,3,129.98112514636523,,0,
183.0,12.0,3,152.84245582645235,,0,
184.0,12.0,3,176.44394336504047,,0,
185.0,12.0,3,200.5667259099573,,0,
186.0,12.0,3,224.9747029237369,-338.33061,1,-563.3053129237369
187.0,12.0,3,249.38889458468475,,0,
188.0,12.0,3,273.48280006101413,,0,
189.0,12.0,3,296.89611592620713,,0,
190.0,12.0,3,319.261198678425,,0,
191.0,12.0,3,340.2416651011881,,0,
192.0,12.0,3,359.57950684679963,-60.689072,1,-420.26857884679964
193.0,12.0,3,377.13723580466467,,0,
194.0,12.0,3,392.9155045688967,,0,
195.0,12.0,3,407.0358421718047,,0,
196.0,12.0,3,419.69712975663424,,0,
197.0,12.0,3,431.12504727186024,,0,
198.0,12.0,3,441.5310022060148,-66.483818,1,-508.0148202060148
199.0,12.0,3,451.0895192089083,,0,
0.0,13.0,0,307.88169842878415,,0,
1.0,13.0,0,294.17010977480095,,0,
2.0,13.0,0,279.8181268184999,,0,
3.0,13.0,0,264.76266847043007,,0,
4.0,13.0,0,248.94663764044526,,0,
5.0,13.0,0,232.33525629258656,216.510238,1,-15.825018292586577
6.0,13.0,0,214.93926663632737,,0,
7.0,13.0,0,196.80387074253667,,0,
8.0,13.0,0,177.9956244632849,,0,
9.0,13.0,0,158.58809755227412,,0,
10.0,13.0,0,138.64155926581589,,0,
11.0,13.0,0,118.17414048792125,266.120158,1,147.94601751207875
12.0,13.0,0,97.11583001638064,,0,
13.0,13.0,0,75.42148750377237,,0,
14.0,13.0,0,53.366583403105324,,0,
15.0,13.0,0,31.25173338321474,,0,
16.0,13.0,0,9.288568313109863,,0,
17.0,13.0,0,-12.358122378907865,186.329038,1,198.68716037890786
18.0,13.0,0,-33.54888615013624,,0,
19.0,13.0,0,-54.15870687936331,,0,
20.0,13.0,0,-74.06948106046184,,0,
21.0,13.0,0,-93.16316714889035,,0,
22.0,13.0,0,-111.31403553332348,,0,
23.0,13.0,0,-128.3786779377624,-401.220829,1,-272.8421510622376
24.0,13.0,0,-144.18503972783947,,0,
25.0,13.0,0,-158.54260961979162,,0,
26.0,13.0,0,-171.33446173669654,,0,
27.0,13.0,0,-182.6086593305081,,0,
28.0,13.0,0,-192.4941331196169,,0,
29.0,13.0,0,-201.11369924712926,-258.992538,1,-57.87883875287076
30.0,13.0,0,-208.57498416794988,,0,
31.0,13.0,0,-214.97817062215108,,0,
32.0,13.0,0,-220.41972396664642,,0,
33.0,13.0,0,-224.99294997923425,,0,
34.0,13.0,0,-228.78828139444522,,0,
35.0,13.0,0,-231.89501753706827,150.625904,1,382.52092153706826
36.0,13.0,0,-234.4054144941838,,0,
37.0,13.0,0,-236.42226298969035,,0,
38.0,13.0,0,-238.07319151108095,,0,
39.0,13.0,0,-239.54227829405863,,0,
40.0,13.0,0,-241.13420997130743,,0,
41.0,13.0,0,-243.09707324803458,29.951646,1,273.04871924803456
42.0,13.0,0,-245.16534063771542,,0,
43.0,13.0,0,-247.02004444480917,,0,
44.0,13.0,0,-248.46923113004596,,0,
45.0,13.0,0,-249.38725550021627,,0,
46.0,13.0,0,-249.68700528124464,,0,
47.0,13.0,0,-249.31006288655772,-247.536461,1,1.7736018865577137
48.0,13.0,0,-248.22456381721713,,0,
49.0,13.0,0,-246.42810772903613,,0,
50.0,13.0,0,-243.95599973702338,,0,
51.0,13.0,0,-240.89808390175313,,0,
52.0,13.0,0,-237.4369391145301,,0,
53.0,13.0,0,-233.99616453094495,68.817085,1,302.813249530945
54.0,13.0,0,-231.38474874860185,,0,
55.0,13.0,0,-228.75600096018934,,0,
56.0,13.0,0,-225.65350059862612,,0,
57.0,13.0,0,-221.87196960204164,,0,
58.0,13.0,0,-217.31446617555048,,0,
59.0,13.0,0,-211.9591479257142,70.561762,1,282.5209099257142
60.0,13.0,0,-205.84572403869242,,0,
61.0,13.0,0,-199.06764380779532,,0,
62.0,13.0,0,-191.76567176837852,,0,
63.0,13.0,0,-184.12115763443217,,0,
64.0,13.0,0,-176.3483349753551,,0,
65.0,13.0,0,-168.6855159280094,-180.741777,1,-12.056261071990605
66.0,13.0,0,-161.38555234311934,,0,
67.0,13.0,0,-154.7066977785962,,0,
68.0,13.0,0,-148.90616784406302,,0,
69.0,13.0,0,-144.24037640205643,,0,
70.0,13.0,0,-140.97907404241414,,0,
71.0,13.0,0,-139.45074389550064,77.180721,1,216.63146489550064
72.0,13.0,0,-140.1420185433817,,0,
73.0,13.0,0,-143.4312045969491,,0,
74.0,13.0,1,-148.8947778724105,,0,
75.0,13.0,1,-156.01142847447045,,0,
76.0,13.0,1,-164.4369347286265,,0,
77.0,13.0,1,-173.90965262688042,28.886652,1,202.7963046268804
78.0,13.0,1,-184.20624668640812,,0,
79.0,13.0,1,-195.12525120540704,,0,
80.0,13.0,1,-206.48154417436672,,0,
81.0,13.0,1,-218.10497325014876,,0,
82.0,13.0,1,-229.83993143091357,,0,
83.0,13.0,1,-241.5448279148477,-199.544617,1,42.00021091484771
84.0,13.0,1,-253.09181832789545,,0,
85.0,13.0,1,-264.36727574487395,,0,
86.0,13.0,1,-275.2720964624823,,0,
87.0,13.0,1,-285.71953053457946,,0,
88.0,13.0,1,-295.6284568477313,,0,
89.0,13.0,1,-304.91133935333346,-131.305157,1,173.60618235333345
90.0,13.0,1,-313.459488037337,,0,
91.0,13.0,1,-321.1503011007371,,0,
92.0,13.0,1,-327.94210116496834,,0,
93.0,13.0,1,-333.9673461381226,,0,
94.0,13.0,1,-339.4357997965053,,0,
95.0,13.0,1,-344.53564066223225,-231.812675,1,112.72296566223224
96.0,13.0,1,-349.4215039296023,,0,
97.0,13.0,1,-354.22411358921454,,0,
98.0,13.0,1,-359.05776593501287,,0,
99.0,13.0,1,-364.02420225760216,,0,
100.0,13.0,1,-369.21379456435534,,0,
101.0,13.0,1,-374.70450774723486,-167.251817,1,207.45269074723487
102.0,13.0,1,-380.558719928973,,0,
103.0,13.0,1,-386.81796118668535,,0,
104.0,13.0,1,-393.49601084174174,,0,
105.0,13.0,1,-400.5714994474838,,0,
106.0,13.0,1,-407.98184120955193,,0,
107.0,13.0,1,-415.6204199596432,-778.771369,1,-363.15094904035686
108.0,13.0,1,-423.3382133170853,,0,
109.0,13.0,1,-430.9499749841525,,0,
110.0,13.0,1,-438.24460464469666,,0,
111.0,13.0,1,-444.99967444448953,,0,
112.0,13.0,1,-451.00025778125746,,0,
113.0,13.0,1,-456.0605799593486,-564.251443,1,-108.19086304065138
114.0,13.0,1,-460.04341054406177,,0,
115.0,13.0,1,-462.8700284127917,,0,
116.0,13.0,1,-464.51718104768224,,0,
117.0,13.0,1,-465.0036558159127,,0,
118.0,13.0,1,-464.3705374803012,,0,
119.0,13.0,1,-462.6647233600479,-408.049286,1,54.615437360047906
120.0,13.0,1,-459.9362023452413,,0,
121.0,13.0,1,-456.2380249659127,,0,
122.0,13.0,1,-451.6226511897603,,0,
123.0,13.0,1,-446.1367254164543,,0,
124.0,13.0,1,-439.8143363898307,,0,
125.0,13.0,1,-432.6662275932149,-385.957372,1,46.70885559321488
126.0,13.0,1,-424.66125030285184,,0,
127.0,13.0,1,-415.7719875292423,,0,
128.0,13.0,1,-406.0946563210091,,0,
129.0,13.0,2,-395.72981038451326,,0,
130.0,13.0,2,-384.7369233743466,,0,
131.0,13.0,2,-373.1525310713878,-395.556497,1,-22.403965928612195
132.0,13.0,2,-361.00004275801257,,0,
133.0,13.0,2,-348.29513041701466,,0,
134.0,13.0,2,-335.04949349060007,,0,
135.0,13.0,2,-321.27395234586766,,0,
136.0,13.0,2,-306.9812757776999,,0,
137.0,13.0,2,-292.18893345362085,-173.983525,1,118.20540845362086
138.0,13.0,2,-276.9218101715551,,0,
139.0,13.0,2,-261.2147563440303,,0,
140.0,13.0,2,-245.11470570553138,,0,
141.0,13.0,2,-228.6820566994429,,0,
142.0,13.0,2,-211.9911647054505,,0,
143.0,13.0,2,-195.13008992977848,1000.412371,1,1195.5424609297784
144.0,13.0,2,-178.20003289404121,,0,
145.0,13.0,2,-161.31502822334005,,0,
146.0,13.0,2,-144.60246403134443,,0,
147.0,13.0,2,-128.20496366344742,,0,
148.0,13.0,2,-112.28422255739133,,0,
149.0,13.0,2,-97.02759856134799,-128.644325,1,-31.616726438652023
150.0,13.0,2,-82.65858422595738,,0,
151.0,13.0,2,-69.45211947250573,,0,
152.0,13.0,2,-57.74951908965886,,0,
153.0,13.0,2,-47.92526985954464,,0,
154.0,13.0,2,-40.18529710264011,,0,
155.0,13.0,2,-34.377718652591284,213.670026,1,248.0477446525913
156.0,13.0,2,-30.179919784404774,,0,
157.0,13.0,2,-27.297923814388923,,0,
158.0,13.0,2,-25.496876027958933,,0,
159.0,13.0,2,-24.582940950553166,,0,
160.0,13.0,2,-24.384370647268952,,0,
161.0,13.0,2,-24.7371463568561,-21.015976,1,3.7211703568561028
162.0,13.0,2,-25.474612450063432,,0,
163.0,13.0,2,-26.420555811295344,,0,
164.0,13.0,2,-27.38568130792555,,0,
165.0,13.0,2,-28.167715139250504,,0,
166.0,13.0,2,-28.555279008427533,,0,
167.0,13.0,2,-28.33501255693409,-231.792118,1,-203.4571054430659
168.0,13.0,2,-27.300025439762976,,0,
169.0,13.0,3,-25.255978448854876,,0,
170.0,13.0,3,-22.019736004636798,,0,
171.0,13.0,3,-17.403810235773562,,0,
172.0,13.0,3,-11.180511004808068,,0,
173.0,13.0,3,-3.1610452952045307,-131.448594,1,-128.28754870479548
174.0,13.0,3,6.589121228767908,,0,
175.0,13.0,3,17.97487169202941,,0,
176.0,13.0,3,30.958104468300007,,0,
177.0,13.0,3,45.52509270849987,,0,
178.0,13.0,3,61.66664281604426,,0,
179.0,13.0,3,79.36328173822403,399.421852,1,320.05857026177597
180.0,13.0,3,98.56968804968346,,0,
181.0,13.0,3,119.19624840436518,,0,
182.0,13.0,3,141.08903962499608,,0,
183.0,13.0,3,164.02530059526907,,0,
184.0,13.0,3,187.76914518568083,,0,
185.0,13.0,3,212.1302794419462,-353.49497,1,-565.6252494419462
186.0,13.0,3,236.90213651215527,,0,
187.0,13.0,3,261.80196795279335,,0,
188.0,13.0,3,286.47080208580155,,0,
189.0,13.0,3,310.49240063267644,,0,
190.0,13.0,3,333.42205576335255,,0,
191.0,13.0,3,354.8338338211761,-192.167582,1,-547.0014158211761
192.0,13.0,3,374.39006700605387,,0,
193.0,13.0,3,391.91330534576264,,0,
194.0,13.0,3,407.41818989463354,,0,
195.0,13.0,3,421.07866351361736,,0,
196.0,13.0,3,433.15490831322677,,0,
197.0,13.0,3,443.923465968197,-204.213775,1,-648.1372409681969
198.0,13.0,3,453.633104460936,,0,
199.0,13.0,3,462.48640423046163,,0,
0.0,14.0,0,304.9662824697807,,0,
1.0,14.0,0,291.1288957469369,,0,
2.0,14.0,0,276.67754356976366,,0,
3.0,14.0,0,261.56524438293854,,0,
4.0,14.0,0,245.751045090743,251.823664,1,6.072618909257017
5.0,14.0,0,229.2039943441996,,0,
6.0,14.0,0,211.94906927731063,,0,
7.0,14.0,0,194.02633449110363,,0,
8.0,14.0,0,175.48749873226916,,0,
9.0,14.0,0,156.38667847035686,,0,
10.0,14.0,0,136.76485095877433,133.221358,1,-3.5434929587743227
11.0,14.0,0,116.63333559615785,,0,
12.0,14.0,0,95.97769701598736,,0,
13.0,14.0,0,74.83728703081943,,0,
14.0,14.0,0,53.38473620056902,,0,
15.0,14.0,0,31.845966959463112,,0,
16.0,14.0,0,10.419090303701523,130.95915,1,120.54005969629847
17.0,14.0,0,-10.73288938208134,,0,
18.0,14.0,0,-31.470758625262533,,0,
19.0,14.0,0,-51.669064097615774,,0,
20.0,14.0,0,-71.20827629473933,,0,
21.0,14.0,0,-89.96791756223683,,0,
22.0,14.0,0,-107.81994837043749,-403.524,1,-295.7040516295625
23.0,14.0,0,-124.6231923703017,,0,
24.0,14.0,0,-140.22395502356812,,0,
25.0,14.0,0,-154.47637273417786,,0,
26.0,14.0,0,-167.28984532492177,,0,
27.0,14.0,0,-178.6628876574905,,0,
28.0,14.0,0,-188.66080714758573,-245.071728,1,-56.41092085241428
29.0,14.0,0,-197.37667575765954,,0,
30.0,14.0,0,-204.91313130638446,,0,
31.0,14.0,0,-211.3766418967425,,0,
32.0,14.0,0,-216.87327544252184,,0,
33.0,14.0,0,-221.50493810675107,,0,
34.0,14.0,0,-225.3678236836131,-58.99555,1,166.3722736836131
35.0,14.0,0,-228.5537986566378,,0,
36.0,14.0,0,-231.1546298313333,,0,
37.0,14.0,0,-233.26932706292428,,0,
38.0,14.0,0,-235.01673950482655,,0,
39.0,14.0,0,-236.562182740945,,0,
40.0,14.0,0,-238.21853556846327,-32.667638,1,205.55089756846326
41.0,14.0,0,-240.54453495026974,,0,
42.0,14.0,0,-242.95937963628967,,0,
43.0,14.0,0,-245.1312863156454,,0,
44.0,14.0,0,-246.88250246748066,,0,
45.0,14.0,0,-248.0918503091998,,0,
46.0,14.0,0,-248.67232320451876,-249.034633,1,-0.3623097954812522
47.0,14.0,0,-248.5636254211604,,0,
48.0,14.0,0,-247.7313015802356,,0,
49.0,14.0,0,-246.17093654246128,,0,
50.0,14.0,0,-243.91852795357408,,0,
51.0,14.0,0,-241.07159338398924,,0,
52.0,14.0,0,-237.83609717446961,85.480475,1,323.3165721744696
53.0,14.0,0,-234.62097283648473,,0,
54.0,14.0,0,-231.77643740891654,,0,
55.0,14.0,0,-228.9198664431642,,0,
56.0,14.0,0,-225.61328799656985,,0,
57.0,14.0,0,-221.62950710915902,,0,
58.0,14.0,0,-216.86320714862086,-70.873942,1,145.98926514862086
59.0,14.0,0,-211.28975364608777,,0,
60.0,14.0,0,-204.94825723602844,,0,
61.0,14.0,0,-197.9323625964098,,0,
62.0,14.0,0,-190.383266518249,,0,
63.0,14.0,0,-182.48299397050505,,0,
64.0,14.0,0,-174.44724285245684,-117.172073,1,57.27516985245684
65.0,14.0,0,-166.517624981243,,0,
66.0,14.0,0,-158.95342968852492,,0,
67.0,14.0,0,-152.0234959635527,,0,
68.0,14.0,0,-145.9997794100782,,0,
69.0,14.0,0,-141.15597978921505,,0,
70.0,14.0,0,-137.7763500817673,-109.187516,1,28.588834081767303
71.0,14.0,0,-136.17471173754893,,0,
72.0,14.0,0,-136.67708127957303,,0,
73.0,14.0,0,-139.43537179434497,,0,
74.0,14.0,1,-144.2458620624966,,0,
75.0,14.0,1,-150.74441388966443,,0,
76.0,14.0,1,-158.60238366021804,194.655188,1,353.25757166021805
77.0,14.0,1,-167.54766248831947,,0,
78.0,14.0,1,-177.34460785709598,,0,
79.0,14.0,1,-187.78201495984558,,0,
80.0,14.0,1,-198.67022979529793,,0,
81.0,14.0,1,-209.84143878355098,,0,
82.0,14.0,1,-221.14839381206548,-187.821058,1,33.327335812065485
83.0,14.0,1,-232.45972060104032,,0,
84.0,14.0,1,-243.65354119602853,,0,
85.0,14.0,1,-254.61364919367406,,0,
86.0,14.0,1,-265.2302429231677,,0,
87.0,14.0,1,-275.40196569232467,,0,
88.0,14.0,1,-285.0348150147547,273.452706,1,558.4875210147547
89.0,14.0,1,-294.0377168197956,,0,
90.0,14.0,1,-302.32155063906976,,0,
91.0,14.0,1,-309.81744096954935,,0,
92.0,14.0,1,-316.5224210720189,,0,
93.0,14.0,1,-322.5281857241898,,0,
94.0,14.0,1,-327.98745713725293,-284.154895,1,43.83256213725292
95.0,14.0,1,-333.06326193724817,,0,
96.0,14.0,1,-337.9055630118637,,0,
97.0,14.0,1,-342.6479798430064,,0,
98.0,14.0,1,-347.41031066544383,,0,
99.0,14.0,1,-352.3011561542735,,0,
100.0,14.0,1,-357.4191479482033,-95.05202,1,262.36712794820335
101.0,14.0,1,-362.8522674447622,,0,
102.0,14.0,1,-368.6747849546009,,0,
103.0,14.0,1,-374.94139692255476,,0,
104.0,14.0,1,-381.678679243596,,0,
105.0,14.0,1,-388.87523842456994,,0,
106.0,14.0,1,-396.47347719334357,-733.725519,1,-337.2520418066564
107.0,14.0,1,-404.36638572073934,,0,
108.0,14.0,1,-412.40122891194915,,0,
109.0,14.0,1,-420.3893771042067,,0,
110.0,14.0,1,-428.11999951501457,,0,
111.0,14.0,1,-435.37566690184985,,0,
112.0,14.0,1,-441.94874141814034,-697.603504,1,-255.6547625818597
113.0,14.0,1,-447.65722274949985,,0,
114.0,14.0,1,-452.3575498407372,,0,
115.0,14.0,1,-455.95149449368546,,0,
116.0,14.0,1,-458.3863373339882,,0,
117.0,14.0,1,-459.6507190169468,,0,
118.0,14.0,1,-459.75892724826554,-467.512251,1,-7.753323751734456
119.0,14.0,1,-458.72491068692307,,0,
120.0,14.0,1,-456.5738761402172,,0,
121.0,14.0,1,-453.3440767122229,,0,
122.0,14.0,1,-449.07934754624875,,0,
123.0,14.0,1,-443.8223106938094,,0,
124.0,14.0,1,-437.60715597848684,-239.645889,1,197.96126697848683
125.0,14.0,1,-430.4522556859811,,0,
126.0,14.0,1,-422.36090080778376,,0,
127.0,14.0,1,-413.35269290343786,,0,
128.0,14.0,1,-403.495175624681,,0,
129.0,14.0,2,-392.871255576174,,0,
130.0,14.0,2,-381.54663313978926,-346.803889,1,34.74274413978924
131.0,14.0,2,-369.56754231321975,,0,
132.0,14.0,2,-356.96629747223415,,0,
133.0,14.0,2,-343.76642479333714,,0,
134.0,14.0,2,-329.986844402576,,0,
135.0,14.0,2,-315.6454513311546,,0,
136.0,14.0,2,-300.7623240334942,-154.090569,1,146.67175503349424
137.0,14.0,2,-285.36263358990254,,0,
138.0,14.0,2,-269.47919195985014,,0,
139.0,14.0,2,-253.154468757446,,0,
140.0,14.0,2,-236.4418780470005,,0,
141.0,14.0,2,-219.40626342208634,,0,
142.0,14.0,2,-202.12377875159473,1191.355097,1,1393.4788757515946
143.0,14.0,2,-184.6816003934582,,0,
144.0,14.0,2,-167.17791690525337,,0,
145.0,14.0,2,-149.72245916606335,,0,
146.0,14.0,2,-132.43770035660145,,0,
147.0,14.0,2,-115.46091619562503,,0,
148.0,14.0,2,-98.94749865739868,-399.905485,1,-300.9579863426013
149.0,14.0,2,-83.07623466509904,,0,
150.0,14.0,2,-68.05801535055434,,0,
151.0,14.0,2,-54.152086815123766,,0,
152.0,14.0,2,-41.704079862516664,,0,
153.0,14.0,2,-31.227484578666918,,0,
154.0,14.0,2,-23.136310899999444,245.314339,1,268.45064989999946
155.0,14.0,2,-17.07903689203522,,0,
156.0,14.0,2,-12.602648281543225,,0,
157.0,14.0,2,-9.417713794195151,,0,
158.0,14.0,2,-7.314170292371273,,0,
159.0,14.0,2,-6.119929913886153,,0,
160.0,14.0,2,-5.680656361073488,45.62149,1,51.30214636107349
161.0,14.0,2,-5.8467420210072305,,0,
162.0,14.0,2,-6.463957749518158,,0,
163.0,14.0,2,-7.367150893413054,,0,
164.0,14.0,2,-8.377165489546314,,0,
165.0,14.0,2,-9.301186362099543,,0,
166.0,14.0,2,-9.936300128774747,-325.237272,1,-315.3009718712253
167.0,14.0,2,-10.075355443928856,,0,
168.0,14.0,3,-9.513328594970517,,0,
169.0,14.0,3,-8.051597476442112,,0,
170.0,14.0,3,-5.496912526195956,,0,
171.0,14.0,3,-1.6498582714266377,,0,
172.0,14.0,3,3.745766583379009,-95.447048,1,-99.192814583379
173.0,14.0,3,11.053732068769023,,0,
174.0,14.0,3,20.079974125441368,,0,
175.0,14.0,3,30.74444845511607,,0,
176.0,14.0,3,43.0351127742324,,0,
177.0,14.0,3,56.95844559451507,,0,
178.0,14.0,3,72.52350456253043,127.180657,1,54.65715243746956
179.0,14.0,3,89.72973790034303,,0,
180.0,14.0,3,108.55311194979731,,0,
181.0,14.0,3,128.92722555822547,,0,
182.0,14.0,3,150.7138789370947,,0,
183.0,14.0,3,173.6568339189107,,0,
184.0,14.0,3,197.45929038462054,-19.898715,1,-217.35800538462055
185.0,14.0,3,222.0073882498982,,0,
186.0,14.0,3,247.13911583950176,,0,
187.0,14.0,3,272.5578116314937,,0,
188.0,14.0,3,297.8677127063129,,0,
189.0,14.0,3,322.5938891153928,,0,
190.0,14.0,3,346.2024828056601,-313.621293,1,-659.82377580566
191.0,14.0,3,368.1475519211017,,0,
192.0,14.0,3,387.97064432785555,,0,
193.0,14.0,3,405.4340749824041,,0,
194.0,14.0,3,420.5883692817588,,0,
195.0,14.0,3,433.7032093888265,,0,
196.0,14.0,3,445.1330924210197,-13.240823,1,-458.37391542101966
197.0,14.0,3,455.21852469554506,,0,
198.0,14.0,3,464.2442582498188,,0,
199.0,14.0,3,472.43220120661135,,0,
0.0,15.0,0,301.55183474380465,,0,
1.0,15.0,0,287.58920759221655,,0,
2.0,15.0,0,273.0385260715266,,0,
3.0,15.0,0,257.8644701459343,329.016851,1,71.15238085406565
4.0,15.0,0,242.03830647529685,,0,
5.0,15.0,0,225.54736652315114,,0,
6.0,15.0,0,208.41100841936714,,0,
7.0,15.0,0,190.6661025518515,,0,
8.0,15.0,0,172.35661266720854,,0,
9.0,15.0,0,153.5267540964851,-14.257122,1,-167.7838760964851
10.0,15.0,0,134.21212394325994,,0,
11.0,15.0,0,114.43550913446234,,0,
12.0,15.0,0,94.22076441037643,,0,
13.0,15.0,0,73.63137570541949,,0,
14.0,15.0,0,52.796065141883446,,0,
15.0,15.0,0,31.882722956157522,-65.804244,1,-97.68696695615752
16.0,15.0,0,11.058532842042041,,0,
17.0,15.0,0,-9.526510463212617,,0,
18.0,15.0,0,-29.738988642944605,,0,
19.0,15.0,0,-49.45637553610504,,0,
20.0,15.0,0,-68.56088381710288,,0,
21.0,15.0,0,-86.9338520377496,-442.73756,1,-355.80370796225037
22.0,15.0,0,-104.45114866565564,,0,
23.0,15.0,0,-120.98111898662319,,0,
24.0,15.0,0,-136.3888013810356,,0,
25.0,15.0,0,-150.55115985991142,,0,
26.0,15.0,0,-163.3812233654171,,0,
27.0,15.0,0,-174.84572048304835,-237.449642,1,-62.60392151695166
28.0,15.0,0,-184.96458593310672,,0,
29.0,15.0,0,-193.80068237787782,,0,
30.0,15.0,0,-201.44868359545944,,0,
31.0,15.0,0,-208.02192049079167,,0,
32.0,15.0,0,-213.6382126070239,,0,
33.0,15.0,0,-218.40979967583553,-71.775119,1,146.6346806758355
34.0,15.0,0,-222.43982784906984,,0,
35.0,15.0,0,-225.82429866460006,,0,
36.0,15.0,0,-228.65778058623255,,0,
37.0,15.0,0,-231.0426248676522,,0,
38.0,15.0,0,-233.1044495541355,,0,
39.0,15.0,0,-235.0244478097029,-159.797716,1,75.2267318097029
40.0,15.0,0,-237.10388284613873,,0,
41.0,15.0,0,-239.587000903819,,0,
42.0,15.0,0,-242.20404050598154,,0,
43.0,15.0,0,-244.63140624983498,,0,
44.0,15.0,0,-246.67213085519325,,0,
45.0,15.0,0,-248.1951908149258,-366.615907,1,-118.42071618507418
46.0,15.0,0,-249.10778664769896,,0,
47.0,15.0,0,-249.34570015015925,,0,
48.0,15.0,0,-248.871773815059,,0,
49.0,15.0,0,-247.68038781385258,,0,
50.0,15.0,0,-245.80868562123214,,0,
51.0,15.0,0,-243.35624319676754,139.82061,1,383.1768531967675
52.0,15.0,0,-240.50941586086265,,0,
53.0,15.0,0,-237.52314926745385,,0,
54.0,15.0,0,-234.53386476598098,,0,
55.0,15.0,0,-231.37603944617877,,0,
56.0,15.0,0,-227.7665224566299,,0,
57.0,15.0,0,-223.49507129521226,-234.624518,1,-11.129446704787739
58.0,15.0,0,-218.4489916622406,,0,
59.0,15.0,0,-212.5962852505436,,0,
60.0,15.0,0,-205.97158265983308,,0,
61.0,15.0,0,-198.66656218672506,,0,
62.0,15.0,0,-190.8223380530908,,0,
63.0,15.0,0,-182.62246218489963,-133.097495,1,49.52496718489962
64.0,15.0,0,-174.2860850131401,,0,
65.0,15.0,0,-166.0611046192571,,0,
66.0,15.0,0,-158.21701453867718,,0,
67.0,15.0,0,-151.0369828227158,,0,
68.0,15.0,0,-144.80904245613783,,0,
69.0,15.0,0,-139.8176512987502,-164.939718,1,-25.122066701249793
70.0,15.0,0,-136.3376321753094,,0,
71.0,15.0,0,-134.62537828247696,,0,
72.0,15.0,0,-134.88153751967184,,0,
73.0,15.0,0,-137.16686952955934,,0,
74.0,15.0,1,-141.35256721198675,,0,
75.0,15.0,1,-147.18961860440686,424.763723,1,571.9533416044069
76.0,15.0,1,-154.40507723802148,,0,
77.0,15.0,1,-162.7405701310272,,0,
78.0,15.0,1,-171.95550853068198,,0,
79.0,15.0,1,-181.82807151179077,,0,
80.0,15.0,1,-192.16115089204504,,0,
81.0,15.0,1,-202.78779357991516,-183.110743,1,19.677050579915146
82.0,15.0,1,-213.57044956249592,,0,
83.0,15.0,1,-224.39115306955136,,0,
84.0,15.0,1,-235.1357372873681,,0,
85.0,15.0,1,-245.68397609473323,,0,
86.0,15.0,1,-255.91378182587505,,0,
87.0,15.0,1,-265.7113606590174,329.772554,1,595.4839146590174
88.0,15.0,1,-274.9766307211976,,0,
89.0,15.0,1,-283.62391724648114,,0,
90.0,15.0,1,-291.58516909640457,,0,
91.0,15.0,1,-298.82298302769414,,0,
92.0,15.0,1,-305.3509465977004,,0,
93.0,15.0,1,-311.242917454063,-286.040443,1,25.202474454063008
94.0,15.0,1,-316.61794177532283,,0,
95.0,15.0,1,-321.613973351823,,0,
96.0,15.0,1,-326.36900769346084,,0,
97.0,15.0,1,-331.01327665175813,,0,
98.0,15.0,1,-335.667880155037,,0,
99.0,15.0,1,-340.44570412691974,81.714136,1,422.15984012691973
100.0,15.0,1,-345.45242461215093,,0,
101.0,15.0,1,-350.7863344409743,,0,
102.0,15.0,1,-356.53582194207047,,0,
103.0,15.0,1,-362.77318377851793,,0,
104.0,15.0,1,-369.543895167968,,0,
105.0,15.0,1,-376.85249011333235,-647.266898,1,-270.4144078866676
106.0,15.0,1,-384.64970338131025,,0,
107.0,15.0,1,-392.8275111631301,,0,
108.0,15.0,1,-401.2256108887159,,0,
109.0,15.0,1,-409.6466269726743,,0,
110.0,15.0,1,-417.8741465212188,,0,
111.0,15.0,1,-425.68940786226176,-712.129319,1,-286.43991113773825
112.0,15.0,1,-432.88539682325427,,0,
113.0,15.0,1,-439.278288701571,,0,
114.0,15.0,1,-444.715841705427,,0,
115.0,15.0,1,-449.0820744556113,,0,
116.0,15.0,1,-452.29840386005526,,0,
117.0,15.0,1,-454.3245880480408,-446.268176,1,8.05641204804084
118.0,15.0,1,-455.15808771899174,,0,
119.0,15.0,1,-454.77511248417886,,0,
120.0,15.0,1,-453.18062033255046,,0,
121.0,15.0,1,-450.4000486311779,,0,
122.0,15.0,1,-446.4703031018498,,0,
123.0,15.0,1,-441.432873393529,-437.120512,1,4.312361393528988
124.0,15.0,1,-435.3273382725529,,0,
125.0,15.0,1,-428.1872595327659,,0,
126.0,15.0,1,-420.04367783161706,,0,
127.0,15.0,1,-410.93894154712507,,0,
128.0,15.0,1,-400.93573338833085,,0,
129.0,15.0,2,-390.1057151163841,-233.578651,1,156.52706411638408
130.0,15.0,2,-378.51319981515917,,0,
131.0,15.0,2,-366.20891564301564,,0,
132.0,15.0,2,-353.23121342181184,,0,
133.0,15.0,2,-339.60968568701537,,0,
134.0,15.0,2,-325.3691515831797,,0,
135.0,15.0,2,-310.53346914158465,-223.978693,1,86.55477614158465
136.0,15.0,2,-295.12903891270616,,0,
137.0,15.0,2,-279.1879007170901,,0,
138.0,15.0,2,-262.7502517624953,,0,
139.0,15.0,2,-245.8661252452439,,0,
140.0,15.0,2,-228.59598053034279,,0,
141.0,15.0,2,-211.01022426497002,1062.948701,1,1273.95892526497
142.0,15.0,2,-193.18820937728015,,0,
143.0,15.0,2,-175.2176396409377,,0,
144.0,15.0,2,-157.19502629511408,,0,
145.0,15.0,2,-139.2271128200955,,0,
146.0,15.0,2,-121.43281768304587,,0,
147.0,15.0,2,-103.94550864632765,-253.677784,1,-149.73227535367235
148.0,15.0,2,-86.9158856197173,,0,
149.0,15.0,2,-70.51612946377645,,0,
150.0,15.0,2,-54.94658276490736,,0,
151.0,15.0,2,-40.4483569201293,,0,
152.0,15.0,2,-27.334502434459864,,0,
153.0,15.0,2,-16.12734206613095,280.221248,1,296.34859006613095
154.0,15.0,2,-7.692250879081257,,0,
155.0,15.0,2,-1.2352270255360054,,0,
156.0,15.0,2,3.6963326198165305,,0,
157.0,15.0,2,7.349382180163957,,0,
158.0,15.0,2,9.90515527943171,,0,
159.0,15.0,2,11.513809161275276,462.012077,1,450.4982678387247
160.0,15.0,2,12.311456508396077,,0,
161.0,15.0,2,12.431932903098641,,0,
162.0,15.0,2,12.015901573942756,,0,
163.0,15.0,2,11.21733089787449,,0,
164.0,15.0,2,10.206745320989285,,0,
165.0,15.0,2,9.17092962843526,-131.060943,1,-140.23187262843527
166.0,15.0,2,8.309519614496821,,0,
167.0,15.0,2,7.829735834740859,,0,
168.0,15.0,3,7.941138534486527,,0,
169.0,15.0,3,8.852689225655922,,0,
170.0,15.0,3,10.775049154268345,,0,
171.0,15.0,3,13.933782359010365,-265.286898,1,-279.2206803590104
172.0,15.0,3,18.60048395414924,,0,
173.0,15.0,3,25.008719033889065,,0,
174.0,15.0,3,33.13516148630879,,0,
175.0,15.0,3,42.92272608375788,,0,
176.0,15.0,3,54.36756007454824,,0,
177.0,15.0,3,67.48811479743745,140.205052,1,72.71693720256255
178.0,15.0,3,82.30807372981144,,0,
179.0,15.0,3,98.84499240446894,,0,
180.0,15.0,3,117.09800255638402,,0,
181.0,15.0,3,137.0302518985045,,0,
182.0,15.0,3,158.53998087695072,,0,
183.0,15.0,3,181.39075647400023,284.673118,1,103.28236152599976
184.0,15.0,3,205.1444626005541,,0,
185.0,15.0,3,229.84785422147252,,0,
186.0,15.0,3,255.3360704461884,,0,
187.0,15.0,3,281.2874840213335,,0,
188.0,15.0,3,307.27708910808724,,0,
189.0,15.0,3,332.78415844196934,-85.697352,1,-418.48151044196936
190.0,15.0,3,357.1892636373086,,0,
191.0,15.0,3,379.79524424500414,,0,
192.0,15.0,3,399.95008481237164,,0,
193.0,15.0,3,417.3110758968469,,0,
194.0,15.0,3,432.0129070487492,,0,
195.0,15.0,3,444.4975230329219,640.343026,1,195.84550296707812
196.0,15.0,3,455.2486591154884,,0,
197.0,15.0,3,464.6697174234905,,0,
198.0,15.0,3,473.06790035652375,,0,
199.0,15.0,3,480.67015953380906,,0,
0.0,16.0,0,297.71732675650856,,0,
1.0,16.0,0,283.6333589128335,,0,
2.0,16.0,0,268.986194229321,310.002934,1,41.01673977067901
3.0,16.0,0,253.75034103592043,,0,
4.0,16.0,0,237.909133541747,,0,
5.0,16.0,0,221.4611647198617,,0,
6.0,16.0,0,204.42512236477342,,0,
7.0,16.0,0,186.83487267638702,,0,
8.0,16.0,0,168.7317725224566,-2.621592,1,-171.3533645224566
9.0,16.0,0,150.15847844214295,,0,
10.0,16.0,0,131.154199954457,,0,
11.0,16.0,0,111.75502555344065,,0,
12.0,16.0,0,92.004198250419,,0,
13.0,16.0,0,71.96997635376465,,0,
14.0,16.0,0,51.75551317067584,-62.821363,1,-114.57687617067583
15.0,16.0,0,31.489254024490947,,0,
16.0,16.0,0,11.306450156604114,,0,
17.0,16.0,0,-8.663022668275516,,0,
18.0,16.0,0,-28.297799692300032,,0,
19.0,16.0,0,-47.483099549681356,,0,
20.0,16.0,0,-66.10712048206187,-495.195966,1,-429.0888455179381
21.0,16.0,0,-84.05743403280576,,0,
22.0,16.0,0,-101.21836792115937,,0,
23.0,16.0,0,-117.47059178200288,,0,
24.0,16.0,0,-132.69455000557355,,0,
25.0,16.0,0,-146.77869886650296,,0,
26.0,16.0,0,-159.6308038294228,-357.531759,1,-197.90095517057722
27.0,16.0,0,-171.18907089655113,,0,
28.0,16.0,0,-181.43382294896583,,0,
29.0,16.0,0,-190.40017657075077,,0,
30.0,16.0,0,-198.1792508203216,,0,
31.0,16.0,0,-204.89750117086442,,0,
32.0,16.0,0,-210.68837182617426,-24.507013,1,186.18135882617426
33.0,16.0,0,-215.67492826090893,,0,
34.0,16.0,0,-219.96610792932916,,0,
35.0,16.0,0,-223.66097304425057,,0,
36.0,16.0,0,-226.8567255179296,,0,
37.0,16.0,0,-229.65939898677607,,0,
38.0,16.0,0,-232.19818377828778,-326.565664,1,-94.36748022171224
39.0,16.0,0,-234.64174097304203,,0,
40.0,16.0,0,-237.18586614769447,,0,
41.0,16.0,0,-239.92748727471917,,0,
42.0,16.0,0,-242.74169319387875,,0,
43.0,16.0,0,-245.4078718639048,,0,
44.0,16.0,0,-247.7390708479943,-485.933811,1,-238.1947401520057
45.0,16.0,0,-249.59813898181164,,0,
46.0,16.0,0,-250.88604830706026,,0,
47.0,16.0,0,-251.53360234888532,,0,
48.0,16.0,0,-251.49890714940557,,0,
49.0,16.0,0,-250.77020734055986,,0,
50.0,16.0,0,-249.37413926616136,-92.687933,1,156.68620626616138
51.0,16.0,0,-247.3871461199451,,0,
52.0,16.0,0,-244.9375050557719,,0,
53.0,16.0,0,-242.16672190186364,,0,
54.0,16.0,0,-239.1343554148989,,0,
55.0,16.0,0,-235.75461723422995,,0,
56.0,16.0,0,-231.85626891021093,-157.064434,1,74.79183491021092
57.0,16.0,0,-227.279785675506,,0,
58.0,16.0,0,-221.92471630081855,,0,
59.0,16.0,0,-215.75888121805838,,0,
60.0,16.0,0,-208.81490621752891,,0,
61.0,16.0,0,-201.18378396044864,,0,
62.0,16.0,0,-193.00772777223756,-262.073733,1,-69.06600522776245
63.0,16.0,0,-184.47301355671152,,0,
64.0,16.0,0,-175.80332923897367,,0,
65.0,16.0,0,-167.25384003127692,,0,
66.0,16.0,0,-159.10536814179068,,0,
67.0,16.0,0,-151.65677663219685,,0,
68.0,16.0,0,-145.21249318185437,-302.193706,1,-156.98121281814565
69.0,16.0,0,-140.06316906260327,,0,
70.0,16.0,0,-136.46222692104493,,0,
71.0,16.0,0,-134.60366268304642,,0,
72.0,16.0,0,-134.5994263104949,,0,
73.0,16.0,0,-136.45539909321087,,0,
74.0,16.0,0,-140.06810615953873,529.686704,1,669.7548101595387
75.0,16.0,1,-145.25863499695515,,0,
76.0,16.0,1,-151.81417613440135,,0,
77.0,16.0,1,-159.50608536406435,,0,
78.0,16.0,1,-168.09557076360943,,0,
79.0,16.0,1,-177.34879194725363,,0,
80.0,16.0,1,-187.05825839628233,-69.379117,1,117.67914139628233
81.0,16.0,1,-197.05740160683854,,0,
82.0,16.0,1,-207.22286325754976,,0,
83.0,16.0,1,-217.45972660259577,,0,
84.0,16.0,1,-227.66833970074367,,0,
85.0,16.0,1,-237.72137146631394,,0,
86.0,16.0,1,-247.47937795835605,197.137169,1,444.616546958356
87.0,16.0,1,-256.8170927151041,,0,
88.0,16.0,1,-265.6337294452678,,0,
89.0,16.0,1,-273.8533110062126,,0,
90.0,16.0,1,-281.42584694959805,,0,
91.0,16.0,1,-288.33350939364027,,0,
92.0,16.0,1,-294.5988050534652,-312.670689,1,-18.071883946534797
93.0,16.0,1,-300.2867608127099,,0,
94.0,16.0,1,-305.49640502781403,,0,
95.0,16.0,1,-310.34599818910465,,0,
96.0,16.0,1,-314.9599258156604,,0,
97.0,16.0,1,-319.4610047759361,,0,
98.0,16.0,1,-323.96756718371034,317.522277,1,641.4898441837104
99.0,16.0,1,-328.59335337390803,,0,
100.0,16.0,1,-333.44853439382496,,0,
101.0,16.0,1,-338.6405042892011,,0,
102.0,16.0,1,-344.2728169408547,,0,
103.0,16.0,1,-350.4397722924514,,0,
104.0,16.0,1,-357.2135572173047,-429.410116,1,-72.19655878269532
105.0,16.0,1,-364.62315994074197,,0,
106.0,16.0,1,-372.63194903460317,,0,
107.0,16.0,1,-381.12811816210524,,0,
108.0,16.0,1,-389.936251567804,,0,
109.0,16.0,1,-398.8422953477402,,0,
110.0,16.0,1,-407.6181728202391,-748.841466,1,-341.22329317976084
111.0,16.0,1,-416.0393612578264,,0,
112.0,16.0,1,-423.8960403141773,,0,
113.0,16.0,1,-431.0002773153692,,0,
114.0,16.0,1,-437.1907656969688,,0,
115.0,16.0,1,-442.33574008625874,,0,
116.0,16.0,1,-446.3348092770357,-380.6378,1,65.69700927703565
117.0,16.0,1,-449.12090579787764,,0,
118.0,16.0,1,-450.6522982751576,,0,
119.0,16.0,1,-450.89342930945077,,0,
120.0,16.0,1,-449.8311154993171,,0,
121.0,16.0,1,-447.4784758026244,,0,
122.0,16.0,1,-443.86766967629956,-500.580681,1,-56.71301132370047
123.0,16.0,1,-439.0425649667668,,0,
124.0,16.0,1,-433.0521078260899,,0,
125.0,16.0,1,-425.94624274859234,,0,
126.0,16.0,1,-417.776512869269,,0,
127.0,16.0,1,-408.6004089238868,,0,
128.0,16.0,1,-398.4831647598912,24.135069,1,422.6182337598912
129.0,16.0,2,-387.49240270011796,,0,
130.0,16.0,2,-375.69002514622844,,0,
131.0,16.0,2,-363.1275557035333,,0,
132.0,16.0,2,-349.84597017273336,,0,
133.0,16.0,2,-335.87822145352584,,0,
134.0,16.0,2,-321.25286232205326,-358.2969,1,-37.04403767794673
135.0,16.0,2,-305.9979220025907,,0,
136.0,16.0,2,-290.14463296686154,,0,
137.0,16.0,2,-273.73075906589474,,0,
138.0,16.0,2,-256.8032528915651,,0,
139.0,16.0,2,-239.4198395691892,,0,
140.0,16.0,2,-221.6490342773759,684.537375,1,906.1864092773759
141.0,16.0,2,-203.56842825141212,,0,
142.0,16.0,2,-185.2621642898157,,0,
143.0,16.0,2,-166.81959429625203,,0,
144.0,16.0,2,-148.3364119360631,,0,
145.0,16.0,2,-129.9174921562153,,0,
146.0,16.0,2,-111.679917874706,192.711505,1,304.391422874706
147.0,16.0,2,-93.75567968466203,,0,
148.0,16.0,2,-76.29462170418992,,0,
149.0,16.0,2,-59.46877097868128,,0,
150.0,16.0,2,-43.48002186655867,,0,
151.0,16.0,2,-28.576125022103952,,0,
152.0,16.0,2,-15.090523349994328,-71.960354,1,-56.86983065000567
153.0,16.0,2,-3.5286087661224883,,0,
154.0,16.0,2,5.693419001545408,,0,
155.0,16.0,2,12.911337770237878,,0,
156.0,16.0,2,18.551194267616665,,0,
157.0,16.0,2,22.869598793437035,,0,
158.0,16.0,2,26.042187625123915,618.416238,1,592.3740503748761
159.0,16.0,2,28.20687718866975,,0,
160.0,16.0,2,29.484796253047534,,0,
161.0,16.0,2,29.994289559967,,0,
162.0,16.0,2,29.861961642487586,,0,
163.0,16.0,2,29.230853392378776,,0,
164.0,16.0,2,28.26473345944396,144.530281,1,116.26554754055604
165.0,16.0,2,27.14797794014521,,0,
166.0,16.0,2,26.08179269699758,,0,
167.0,16.0,3,25.27863247961068,,0,
168.0,16.0,3,24.95705132749572,,0,
169.0,16.0,3,25.339033618278336,,0,
170.0,16.0,3,26.651396885670692,-261.206458,1,-287.8578548856707
171.0,16.0,3,29.13061754419323,,0,
172.0,16.0,3,33.015822416811716,,0,
173.0,16.0,3,38.48815243104764,,0,
174.0,16.0,3,45.61202939390205,,0,
175.0,16.0,3,54.396464027617185,,0,
176.0,16.0,3,64.85734977951506,66.314358,1,1.457008220484937
177.0,16.0,3,77.02426663220103,,0,
178.0,16.0,3,90.9325893999303,,0,
179.0,16.0,3,106.61497179989237,,0,
180.0,16.0,3,124.09101920404646,,0,
181.0,16.0,3,143.35000107449378,,0,
182.0,16.0,3,164.31712950911606,329.146401,1,164.82927149088397
183.0,16.0,3,186.79432005854324,,0,
184.0,16.0,3,210.52037616376765,,0,
185.0,16.0,3,235.38539547869004,,0,
186.0,16.0,3,261.2061859165551,,0,
187.0,16.0,3,287.65332776759897,,0,
188.0,16.0,3,314.2917683367559,6.176874,1,-308.1148943367559
189.0,16.0,3,340.5849026214237,,0,
190.0,16.0,3,365.86414831510046,,0,
191.0,16.0,3,389.2794564612559,,0,
192.0,16.0,3,409.86085180423106,,0,
193.0,16.0,3,427.04082054522587,,0,
194.0,16.0,3,441.162382328308,973.580845,1,532.4184626716919
195.0,16.0,3,452.9687569990201,,0,
196.0,16.0,3,463.0793290443471,,0,
197.0,16.0,3,471.9282492901111,,0,
198.0,16.0,3,479.8183104433265,,0,
199.0,16.0,3,486.96482199778256,,0,
0.0,17.0,0,293.5390082946906,,0,
1.0,17.0,0,279.34155046271917,283.270362,1,3.928811537280808
2.0,17.0,0,264.6049943682592,,0,
3.0,17.0,0,249.31240516092657,,0,
4.0,17.0,0,233.45646821732225,,0,
5.0,17.0,0,217.04326472780667,,0,
6.0,17.0,0,200.09418658951472,,0,
7.0,17.0,0,182.64370734640397,-146.866818,1,-329.51052534640394
8.0,17.0,0,164.73466642824496,,0,
9.0,17.0,0,146.41347769237473,,0,
10.0,17.0,0,127.72674213364371,,0,
11.0,17.0,0,108.72132149288154,,0,
12.0,17.0,0,89.44945784422453,,0,
13.0,17.0,0,69.97682526905555,-91.889537,1,-161.86636226905557
14.0,17.0,0,50.3872267247134,,0,
15.0,17.0,0,30.779658932962775,,0,
16.0,17.0,0,11.260633892161422,,0,
17.0,17.0,0,-8.062470000251778,,0,
18.0,17.0,0,-27.084414221171755,,0,
19.0,17.0,0,-45.70214847897296,-449.38357,1,-403.68142152102706
20.0,17.0,0,-63.813455730705755,,0,
21.0,17.0,0,-81.31539672710278,,0,
22.0,17.0,0,-98.10336385233677,,0,
23.0,17.0,0,-114.07133187917134,,0,
24.0,17.0,0,-129.1134981545183,,0,
25.0,17.0,0,-143.12656744476408,-453.678175,1,-310.55160755523593
26.0,17.0,0,-156.01133341183595,,0,
27.0,17.0,0,-167.67596735667757,,0,
28.0,17.0,0,-178.05473684596654,,0,
29.0,17.0,0,-187.15199646608016,,0,
30.0,17.0,0,-195.06715766878187,,0,
31.0,17.0,0,-201.9544472915477,63.109971,1,265.06441829154767
32.0,17.0,0,-207.96773338614003,,0,
33.0,17.0,0,-213.238138697081,,0,
34.0,17.0,0,-217.87544806633377,,0,
35.0,17.0,0,-221.97697089701614,,0,
36.0,17.0,0,-225.63747733907803,,0,
37.0,17.0,0,-228.95878006477142,-317.178099,1,-88.21931893522856
38.0,17.0,0,-232.05758154697833,,0,
39.0,17.0,0,-235.06486783630316,,0,
40.0,17.0,0,-238.0987937015816,,0,
41.0,17.0,0,-241.20204818549973,,0,
42.0,17.0,0,-244.30217461651773,,0,
43.0,17.0,0,-247.2543335799637,-477.767068,1,-230.51273442003628
44.0,17.0,0,-249.90714912957628,,0,
45.0,17.0,0,-252.13335491699763,,0,
46.0,17.0,0,-253.83456965424557,,0,
47.0,17.0,0,-254.93877382112987,,0,
48.0,17.0,0,-255.39797275774617,,0,
49.0,17.0,0,-255.1882854350406,-334.537333,1,-79.34904756495939
50.0,17.0,0,-254.31347280913906,,0,
51.0,17.0,0,-252.81074125904343,,0,
52.0,17.0,0,-250.74940375326696,,0,
53.0,17.0,0,-248.20420660562377,,0,
54.0,17.0,0,-245.2039403245144,,0,
55.0,17.0,0,-241.698654650374,-200.484025,1,41.21462965037401
56.0,17.0,0,-237.580852836134,,0,
57.0,17.0,0,-232.73649257568468,,0,
58.0,17.0,0,-227.08613309285283,,0,
59.0,17.0,0,-220.60525875579697,,0,
60.0,17.0,0,-213.32996321505925,,0,
61.0,17.0,0,-205.35463700356922,-342.463105,1,-137.10846799643076
62.0,17.0,0,-196.82570529478835,,0,
63.0,17.0,0,-187.93411703396487,,0,
64.0,17.0,0,-178.90855654542975,,0,
65.0,17.0,0,-170.01045229422016,,0,
66.0,17.0,0,-161.53039327604347,,0,
67.0,17.0,0,-153.7829326040992,-327.233215,1,-173.45028239590079
68.0,17.0,0,-147.09259690597537,,0,
69.0,17.0,0,-141.7620854095985,,0,
70.0,17.0,0,-138.02609309940453,,0,
71.0,17.0,0,-136.01833590173555,,0,
72.0,17.0,0,-135.7727853894321,,0,
73.0,17.0,0,-137.24434102516534,396.737905,1,533.9822460251653
74.0,17.0,0,-140.33241036741674,,0,
75.0,17.0,1,-144.90532051287664,,0,
76.0,17.0,1,-150.81153631933557,,0,
77.0,17.0,1,-157.86206477925043,,0,
78.0,17.0,1,-165.81815004336022,,0,
79.0,17.0,1,-174.42596764471818,44.849656,1,219.2756236447182
80.0,17.0,1,-183.4633126947847,,0,
81.0,17.0,1,-192.76311972157418,,0,
82.0,17.0,1,-202.22051886293775,,0,
83.0,17.0,1,-211.78152592535116,,0,
84.0,17.0,1,-221.37786158801464,,0,
85.0,17.0,1,-230.86376775624922,35.103223,1,265.96699075624923
86.0,17.0,1,-240.07090017654264,,0,
87.0,17.0,1,-248.86527642448073,,0,
88.0,17.0,1,-257.1517654323179,,0,
89.0,17.0,1,-264.86719688907397,,0,
90.0,17.0,1,-271.97736443609756,,0,
91.0,17.0,1,-278.47828414551986,-188.548467,1,89.92981714551988
92.0,17.0,1,-284.39852616809367,,0,
93.0,17.0,1,-289.7985288868408,,0,
94.0,17.0,1,-294.76484130605604,,0,
95.0,17.0,1,-299.4009949854426,,0,
96.0,17.0,1,-303.81859235871343,,0,
97.0,17.0,1,-308.1311143074272,376.78162,1,684.9127343074272
98.0,17.0,1,-312.4509684744735,,0,
99.0,17.0,1,-316.8891589292871,,0,
100.0,17.0,1,-321.55671360655833,,0,
101.0,17.0,1,-326.56698698784476,,0,
102.0,17.0,1,-332.03742612110364,,0,
103.0,17.0,1,-338.0875155131589,-418.622973,1,-80.5354574868411
104.0,17.0,1,-344.82610188384024,,0,
105.0,17.0,1,-352.3204391633899,,0,
106.0,17.0,1,-360.55369193874503,,0,
107.0,17.0,1,-369.403705765566,,0,
108.0,17.0,1,-378.666332419376,,0,
109.0,17.0,1,-388.10031856625756,-737.020382,1,-348.9200634337425
110.0,17.0,1,-397.46116639047796,,0,
111.0,17.0,1,-406.51728542099886,,0,
112.0,17.0,1,-415.05593238610527,,0,
113.0,17.0,1,-422.8853562425111,,0,
114.0,17.0,1,-429.8359290606313,,0,
115.0,17.0,1,-435.7611961790353,-466.993764,1,-31.232567820964675
116.0,17.0,1,-440.5392164033983,,0,
117.0,17.0,1,-444.0734371448143,,0,
118.0,17.0,1,-446.28998141112606,,0,
119.0,17.0,1,-447.13539317368395,,0,
120.0,17.0,1,-446.58308504514935,,0,
121.0,17.0,1,-444.63722133450756,-564.757634,1,-120.1204126654925
122.0,17.0,1,-441.32874109569457,,0,
123.0,17.0,1,-436.70771464068093,,0,
124.0,17.0,1,-430.8353315200766,,0,
125.0,17.0,1,-423.77786562170786,,0,
126.0,17.0,1,-415.603794726605,,0,
127.0,17.0,1,-406.3831302302897,225.64141,1,632.0245402302896
128.0,17.0,1,-396.18622772705567,,0,
129.0,17.0,2,-385.08038944556756,,0,
130.0,17.0,2,-373.1256528793401,,0,
131.0,17.0,2,-360.3722722258062,,0,
132.0,17.0,2,-346.8608992456575,,0,
133.0,17.0,2,-332.62492850642593,-243.852548,1,88.77238050642592
134.0,17.0,2,-317.69404162487626,,0,
135.0,17.0,2,-302.0981858808427,,0,
136.0,17.0,2,-285.8715143454392,,0,
137.0,17.0,2,-269.0559952870608,,0,
138.0,17.0,2,-251.704409685899,,0,
139.0,17.0,2,-233.88223505481074,305.572843,1,539.4550780548107
140.0,17.0,2,-215.66745752991483,,0,
141.0,17.0,2,-197.14726629062534,,0,
142.0,17.0,2,-178.41257674624558,,0,
143.0,17.0,2,-159.55491993804753,,0,
144.0,17.0,2,-140.66904854684253,,0,
145.0,17.0,2,-121.85846756854153,551.451471,1,673.3099385685415
146.0,17.0,2,-103.23987532455794,,0,
147.0,17.0,2,-84.94605090673213,,0,
148.0,17.0,2,-67.12874103838112,,0,
149.0,17.0,2,-49.963230913728694,,0,
150.0,17.0,2,-33.656418671223946,,0,
151.0,17.0,2,-18.460676251379482,-547.992295,1,-529.5316187486205
152.0,17.0,2,-4.691196186337038,,0,
153.0,17.0,2,7.297282222250942,,0,
154.0,17.0,2,17.296624935890577,,0,
155.0,17.0,2,25.425721799358143,,0,
156.0,17.0,2,31.950376646720542,,0,
157.0,17.0,2,37.097792504744575,619.15592,1,582.0581274952555
158.0,17.0,2,41.034750606013404,,0,
159.0,17.0,2,43.887947373288625,,0,
160.0,17.0,2,45.763188514785725,,0,
161.0,17.0,2,46.76148532047955,,0,
162.0,17.0,2,46.99335031753435,,0,
163.0,17.0,2,46.59023425119085,493.548427,1,446.95819274880915
164.0,17.0,2,45.71075259678764,,0,
165.0,17.0,2,44.54047678535426,,0,
166.0,17.0,2,43.28662970914593,,0,
167.0,17.0,3,42.17077002210135,,0,
168.0,17.0,3,41.422387095182785,,0,
169.0,17.0,3,41.27495034762251,-95.771786,1,-137.04673634762253
170.0,17.0,3,41.9640533693746,,0,
171.0,17.0,3,43.72390509206889,,0,
172.0,17.0,3,46.772712384699844,,0,
173.0,17.0,3,51.28188492017216,,0,
174.0,17.0,3,57.3567024986296,,0,
175.0,17.0,3,65.05677473600372,-285.423732,1,-350.4805067360037
176.0,17.0,3,74.42747056554072,,0,
177.0,17.0,3,85.51414501589898,,0,
178.0,17.0,3,98.36357694427716,,0,
179.0,17.0,3,113.02106425487,,0,
180.0,17.0,3,129.52497344739095,,0,
181.0,17.0,3,147.8951135548923,281.601362,1,133.7062484451077
182.0,17.0,3,168.10791626734135,,0,
183.0,17.0,3,190.064754758685,,0,
184.0,17.0,3,213.60348223776964,,0,
185.0,17.0,3,238.5317680676235,,0,
186.0,17.0,3,264.5844955449502,,0,
187.0,17.0,3,291.4007565043212,-107.341926,1,-398.7426825043212
188.0,17.0,3,318.53875302401866,,0,
189.0,17.0,3,345.47254321942455,,0,
190.0,17.0,3,371.5494737609697,,0,
191.0,17.0,3,395.8709689794341,,0,
192.0,17.0,3,417.03809127706336,,0,
193.0,17.0,3,433.88163100838574,1212.618859,1,778.7372279916142
194.0,17.0,3,447.333983674871,,0,
195.0,17.0,3,458.55511584394844,,0,
196.0,17.0,3,468.20050858140166,,0,
197.0,17.0,3,476.6744560957304,,0,
198.0,17.0,3,484.25083623717364,,0,
199.0,17.0,3,491.12446669364,294.880268,1,-196.24419869364
0.0,18.0,0,289.0896418816046,198.485958,1,-90.60368388160461
1.0,18.0,0,274.7904424544249,,0,
2.0,18.0,0,259.9753793760028,,0,
3.0,18.0,0,244.63449851826226,,0,
4.0,18.0,0,228.76758271029394,,0,
5.0,18.0,0,212.38669902400943,,0,
6.0,18.0,0,195.51742847471178,-133.073325,1,-328.5907534747118
7.0,18.0,0,178.19787667791024,,0,
8.0,18.0,0,160.47580089830444,,0,
9.0,18.0,0,142.40482333421824,,0,
10.0,18.0,0,124.04076310024539,,0,
11.0,18.0,0,105.43941764139163,,0,
12.0,18.0,0,86.6570214536332,-176.659517,1,-263.3165384536332
13.0,18.0,0,67.75316664050115,,0,
14.0,18.0,0,48.794004768060404,,0,
15.0,18.0,0,29.853390476080676,,0,
16.0,18.0,0,11.011665146863379,,0,
17.0,18.0,0,-7.646475746907527,,0,
18.0,18.0,0,-26.033673648664262,-487.684804,1,-461.6511303513357
19.0,18.0,0,-44.06076510206185,,0,
20.0,18.0,0,-61.637086472444935,,0,
21.0,18.0,0,-78.67068533846759,,0,
22.0,18.0,0,-95.06880904635182,,0,
23.0,18.0,0,-110.73874907979189,,0,
24.0,18.0,0,-125.58846356761205,-437.304631,1,-311.7161674323879
25.0,18.0,0,-139.5251989667304,,0,
26.0,18.0,0,-152.44902946217917,,0,
27.0,18.0,0,-164.2407082615464,,0,
28.0,18.0,0,-174.76862684680964,,0,
29.0,18.0,0,-183.98696572903282,,0,
30.0,18.0,0,-192.03113359530107,-74.801839,1,117.22929459530107
31.0,18.0,0,-199.1090768355789,,0,
32.0,18.0,0,-205.39419201563578,,0,
33.0,18.0,0,-211.01607566594612,,0,
34.0,18.0,0,-216.07665462518344,,0,
35.0,18.0,0,-220.66456714256492,,0,
36.0,18.0,0,-224.86551379121374,-199.370087,1,25.49542679121373
37.0,18.0,0,-228.7690436388948,,0,
38.0,18.0,0,-232.47057510609739,,0,
39.0,18.0,0,-236.06434574359446,,0,
40.0,18.0,0,-239.62198317058937,,0,
41.0,18.0,0,-243.16195525346848,,0,
42.0,18.0,0,-246.63457016086613,-385.89065,1,-139.25607983913386
43.0,18.0,0,-249.93993813856287,,0,
44.0,18.0,0,-252.96149190214783,,0,
45.0,18.0,0,-255.59045062432415,,0,
46.0,18.0,0,-257.7361195395497,,0,
47.0,18.0,0,-259.3276327810727,,0,
48.0,18.0,0,-260.3120030476566,-424.702739,1,-164.3907359523434
49.0,18.0,0,-260.65086442875327,,0,
50.0,18.0,0,-260.3182779588824,,0,
51.0,18.0,0,-259.30476140097016,,0,
52.0,18.0,0,-257.62814700606395,,0,
53.0,18.0,0,-255.32727073557908,,0,
54.0,18.0,0,-252.42259177075175,-277.798044,1,-25.375452229248253
55.0,18.0,0,-248.88362178947136,,0,
56.0,18.0,0,-244.63570431328117,,0,
57.0,18.0,0,-239.5931143897833,,0,
58.0,18.0,0,-233.69402236238966,,0,
59.0,18.0,0,-226.92445016480997,,0,
60.0,18.0,0,-219.3290796454894,-458.683746,1,-239.35466635451058
61.0,18.0,0,-211.01136034846786,,0,
62.0,18.0,0,-202.12690182455117,,0,
63.0,18.0,0,-192.87444912805586,,0,
64.0,18.0,0,-183.48803789474186,,0,
65.0,18.0,0,-174.23255974548374,,0,
66.0,18.0,0,-165.40331359883567,-424.344608,1,-258.9412944011643
67.0,18.0,0,-157.3272655247565,,0,
68.0,18.0,0,-150.3559141904043,,0,
69.0,18.0,0,-144.82474043988623,,0,
70.0,18.0,0,-140.9656138601713,,0,
71.0,18.0,0,-138.845388914262,,0,
72.0,18.0,0,-138.4077922376855,103.614483,1,242.0222752376855
73.0,18.0,0,-139.54829834087286,,0,
74.0,18.0,0,-142.15564611890295,,0,
75.0,18.0,1,-146.1342240900085,,0,
76.0,18.0,1,-151.40671358293912,,0,
77.0,18.0,1,-157.8423393038629,,0,
78.0,18.0,1,-165.1848591007838,-127.999721,1,37.1851381007838
79.0,18.0,1,-173.14239686425844,,0,
80.0,18.0,1,-181.4775552887877,,0,
81.0,18.0,1,-190.02348300163794,,0,
82.0,18.0,1,-198.68835786020645,,0,
83.0,18.0,1,-207.47642073275347,,0,
84.0,18.0,1,-216.39754137484488,72.487633,1,288.8851743748449
85.0,18.0,1,-225.2461995898757,,0,
86.0,18.0,1,-233.8143322411779,,0,
87.0,18.0,1,-241.97289646363424,,0,
88.0,18.0,1,-249.64052551550049,,0,
89.0,18.0,1,-256.76891744530803,,0,
90.0,18.0,1,-263.33782119439275,-6.081626,1,257.2561951943927
91.0,18.0,1,-269.35393027599275,,0,
92.0,18.0,1,-274.8505576644966,,0,
93.0,18.0,1,-279.8857574555659,,0,
94.0,18.0,1,-284.53788868217816,,0,
95.0,18.0,1,-288.899391107705,,0,
96.0,18.0,1,-293.0705726394044,308.126107,1,601.1966796394045
97.0,18.0,1,-297.1549684079928,,0,
98.0,18.0,1,-301.25695216727036,,0,
99.0,18.0,1,-305.48159478638627,,0,
100.0,18.0,1,-309.936568719535,,0,
101.0,18.0,1,-314.7359995553643,,0,
102.0,18.0,1,-320.00602907538996,-452.787145,1,-132.78111592461005
103.0,18.0,1,-325.89003069118917,,0,
104.0,18.0,1,-332.54400976889883,,0,
105.0,18.0,1,-340.0977287638707,,0,
106.0,18.0,1,-348.569301282525,,0,
107.0,18.0,1,-357.81098279435173,,0,
108.0,18.0,1,-367.565317011602,-570.347906,1,-202.78258898839795
109.0,18.0,1,-377.5525797526807,,0,
110.0,18.0,1,-387.5118416217847,,0,
111.0,18.0,1,-397.20786145603324,,0,
112.0,18.0,1,-406.428120960687,,0,
113.0,18.0,1,-414.9792503494782,,0,
114.0,18.0,1,-422.6847104537883,-541.286125,1,-118.60141454621169
115.0,18.0,1,-429.3838867744744,,0,
116.0,18.0,1,-434.93265826826246,,0,
117.0,18.0,1,-439.20535518210454,,0,
118.0,18.0,1,-442.09804046286445,,0,
119.0,18.0,1,-443.5343498928878,,0,
120.0,18.0,1,-443.47335247238516,-554.91063,1,-111.43727752761481
121.0,18.0,1,-441.9136096477705,,0,
122.0,18.0,1,-438.88951788461964,,0,
123.0,18.0,1,-434.4619236530234,,0,
124.0,18.0,1,-428.70731843107933,,0,
125.0,18.0,1,-421.70894396801305,,0,
126.0,18.0,1,-413.5509624041406,-294.827303,1,118.72365940414062
127.0,18.0,1,-404.3149534340546,,0,
128.0,18.0,1,-394.0772447170675,,0,
129.0,18.0,2,-382.90624298193507,,0,
130.0,18.0,2,-370.8602246255914,,0,
131.0,18.0,2,-357.9865933628935,,0,
132.0,18.0,2,-344.3230932288425,124.298735,1,468.62182822884245
133.0,18.0,2,-329.90068858351697,,0,
134.0,18.0,2,-314.74744139250834,,0,
135.0,18.0,2,-298.8927489093221,,0,
136.0,18.0,2,-282.37151543183063,,0,
137.0,18.0,2,-265.2280363830614,,0,
138.0,18.0,2,-247.51946494448566,-115.683921,1,131.83554394448566
139.0,18.0,2,-229.31853684638918,,0,
140.0,18.0,2,-210.7142564873211,,0,
141.0,18.0,2,-191.8072579554646,,0,
142.0,18.0,2,-172.69825152755038,,0,
143.0,18.0,2,-153.4801681603858,,0,
144.0,18.0,2,-134.2449142277983,621.700622,1,755.9455362277982
145.0,18.0,2,-115.09444808955595,,0,
146.0,18.0,2,-96.14614739952867,,0,
147.0,18.0,2,-77.53456004006512,,0,
148.0,18.0,2,-59.41323081431983,,0,
149.0,18.0,2,-41.9581677481583,,0,
150.0,18.0,2,-25.373064756800886,-671.204306,1,-645.8312412431991
151.0,18.0,2,-9.893993880159542,,0,
152.0,18.0,2,4.216763911143062,,0,
153.0,18.0,2,16.714163344684493,,0,
154.0,18.0,2,27.464156946027288,,0,
155.0,18.0,2,36.50336091326608,,0,
156.0,18.0,2,43.97885441310791,300.570117,1,256.59126258689207
157.0,18.0,2,50.05402958963532,,0,
158.0,18.0,2,54.86535392461701,,0,
159.0,18.0,2,58.5180287434996,,0,
160.0,18.0,2,61.09577479886502,,0,
161.0,18.0,2,62.67598274481861,,0,
162.0,18.0,2,63.34761593723306,610.623912,1,547.276296062767
163.0,18.0,2,63.22779645069386,,0,
164.0,18.0,2,62.471097347763134,,0,
165.0,18.0,2,61.268274550278875,,0,
166.0,18.0,3,59.83713609575898,,0,
167.0,18.0,3,58.411457805734244,,0,
168.0,18.0,3,57.232216423610225,322.37079,1,265.1385735763898
169.0,18.0,3,56.54201587944408,,0,
170.0,18.0,3,56.580968112059054,,0,
171.0,18.0,3,57.58053006939008,,0,
172.0,18.0,3,59.75164168237825,,0,
173.0,18.0,3,63.268994858173755,,0,
174.0,18.0,3,68.26294169326866,-391.52475,1,-459.78769169326864
175.0,18.0,3,74.82729561762972,,0,
176.0,18.0,3,83.03469248392503,,0,
177.0,18.0,3,92.94788760352822,,0,
178.0,18.0,3,104.62493867261946,,0,
179.0,18.0,3,118.12148246444121,,0,
180.0,18.0,3,133.49270663830248,-11.745483,1,-145.2381896383025
181.0,18.0,3,150.7946931323022,,0,
182.0,18.0,3,170.07812888899934,,0,
183.0,18.0,3,191.35528891786817,,0,
184.0,18.0,3,214.5304346617486,,0,
185.0,18.0,3,239.3534573736324,,0,
186.0,18.0,3,265.45748418814037,-88.243953,1,-353.7014371881404
187.0,18.0,3,292.4179159338091,,0,
188.0,18.0,3,319.77054691297235,,0,
189.0,18.0,3,346.9939558738697,,0,
190.0,18.0,3,373.46405488346136,,0,
191.0,18.0,3,398.3509185307048,,0,
192.0,18.0,3,420.21192475831776,1259.565455,1,839.3535302416822
193.0,18.0,3,436.5964186241763,,0,
194.0,18.0,3,449.70868577141664,,0,
195.0,18.0,3,460.74335333817726,,0,
196.0,18.0,3,470.27869736972207,,0,
197.0,18.0,3,478.6807053581506,,0,
198.0,18.0,3,486.20261934322843,532.358155,1,46.155535656771576
199.0,18.0,3,493.0274289219524,,0,
0.0,19.0,0,284.43766685382434,,0,
1.0,19.0,0,270.05219637730625,,0,
2.0,19.0,0,255.1731593820732,,0,
3.0,19.0,0,239.79607657487213,,0,
4.0,19.0,0,223.92616685655958,,0,
5.0,19.0,0,207.58049144472898,-42.262399,1,-249.842890444729
6.0,19.0,0,190.7892958908851,,0,
7.0,19.0,0,173.59601906836178,,0,
8.0,19.0,0,156.05573667940916,,0,
9.0,19.0,0,138.23193814986735,,0,
10.0,19.0,0,120.1916634508234,,0,
11.0,19.0,0,101.99979550336866,-241.989532,1,-343.98932750336866
12.0,19.0,0,83.71465421494213,,0,
13.0,19.0,0,65.38740436441003,,0,
14.0,19.0,0,47.06569312361535,,0,
15.0,19.0,0,28.798999952719896,,0,
16.0,19.0,0,10.6426338671954,,0,
17.0,19.0,0,-7.34079335189017,-394.616157,1,-387.2753636481098
18.0,19.0,0,-25.081802666638396,,0,
19.0,19.0,0,-42.50536214402746,,0,
20.0,19.0,0,-59.53245457056619,,0,
21.0,19.0,0,-76.08172078381176,,0,
22.0,19.0,0,-92.07117726665456,,0,
23.0,19.0,0,-107.41984720744222,-370.068538,1,-262.6486907925578
24.0,19.0,0,-122.04858084378793,,0,
25.0,19.0,0,-135.8781834840338,,0,
26.0,19.0,0,-148.8205900756875,,0,
27.0,19.0,0,-160.7526017299897,,0,
28.0,19.0,0,-171.45855874927656,,0,
29.0,19.0,0,-180.77028241153675,-167.037849,1,13.73243341153676
30.0,19.0,0,-188.93918056870461,,0,
31.0,19.0,0,-196.24999724506415,,0,
32.0,19.0,0,-202.87274025472288,,0,
33.0,19.0,0,-208.91954777417413,,0,
34.0,19.0,0,-214.47586426668568,,0,
35.0,19.0,0,-219.6163069961949,-135.987446,1,83.6288609961949
36.0,19.0,0,-224.41320879937848,,0,
37.0,19.0,0,-228.94022152663092,,0,
38.0,19.0,0,-233.2709085872266,,0,
39.0,19.0,0,-237.47094365594057,,0,
40.0,19.0,0,-241.58376934967237,,0,
41.0,19.0,0,-245.61502094967,-451.493252,1,-205.87823105033
42.0,19.0,0,-249.52630354282155,,0,
43.0,19.0,0,-253.24429781017534,,0,
44.0,19.0,0,-256.6790766381964,,0,
45.0,19.0,0,-259.7409327981586,,0,
46.0,19.0,0,-262.3503600886179,,0,
47.0,19.0,0,-264.44136131848063,-430.314076,1,-165.87271468151937
48.0,19.0,0,-265.95959286398283,,0,
49.0,19.0,0,-266.8558516226476,,0,
50.0,19.0,0,-267.0755062814278,,0,
51.0,19.0,0,-266.5554151758424,,0,
52.0,19.0,0,-265.26202612808265,,0,
53.0,19.0,0,-263.22555611620555,-244.784903,1,18.44065311620554
54.0,19.0,0,-260.4771593013138,,0,
55.0,19.0,0,-256.9960243224996,,0,
56.0,19.0,0,-252.71770742240187,,0,
57.0,19.0,0,-247.56602978429146,,0,
58.0,19.0,0,-241.48720336146653,,0,
59.0,19.0,0,-234.47631989083675,-542.761852,1,-308.2855321091632
60.0,19.0,0,-226.5908179087055,,0,
61.0,19.0,0,-217.95027471665162,,0,
62.0,19.0,0,-208.72665288928692,,0,
63.0,19.0,0,-199.13146835300358,,0,
64.0,19.0,0,-189.40537600091193,,0,
65.0,19.0,0,-179.81326582411566,-538.367243,1,-358.55397717588437
66.0,19.0,0,-170.64633795400732,,0,
67.0,19.0,0,-162.23216182657416,,0,
68.0,19.0,0,-154.94929922174197,,0,
69.0,19.0,0,-149.20584643255097,,0,
70.0,19.0,0,-145.2721007794862,,0,
71.0,19.0,0,-143.1160307822156,68.421468,1,211.5374987822156
72.0,19.0,0,-142.55717634481698,,0,
73.0,19.0,0,-143.42861529978836,,0,
74.0,19.0,0,-145.60382889303582,,0,
75.0,19.0,1,-149.00585370546105,,0,
76.0,19.0,1,-153.64652217781259,,0,
77.0,19.0,1,-159.51283642211274,-94.268046,1,65.24479042211274
78.0,19.0,1,-166.26998130541688,,0,
79.0,19.0,1,-173.57160755169025,,0,
80.0,19.0,1,-181.18398961529056,,0,
81.0,19.0,1,-188.95103020406532,,0,
82.0,19.0,1,-196.78629758763418,,0,
83.0,19.0,1,-204.71083104715945,-107.678803,1,97.03202804715944
84.0,19.0,1,-212.89329566072047,,0,
85.0,19.0,1,-220.99123407145817,,0,
86.0,19.0,1,-228.80256856048436,,0,
87.0,19.0,1,-236.21742353315312,,0,
88.0,19.0,1,-243.16949246647346,,0,
89.0,19.0,1,-249.62357350178354,87.441134,1,337.0647075017836
90.0,19.0,1,-255.57061366985727,,0,
91.0,19.0,1,-261.0254788859893,,0,
92.0,19.0,1,-266.025285064381,,0,
93.0,19.0,1,-270.6269066613877,,0,
94.0,19.0,1,-274.90313282261195,,0,
95.0,19.0,1,-278.9379280498779,187.127827,1,466.0657550498779
96.0,19.0,1,-282.82186776981143,,0,
97.0,19.0,1,-286.64875458372626,,0,
98.0,19.0,1,-290.5139313358268,,0,
99.0,19.0,1,-294.51440583125805,,0,
100.0,19.0,1,-298.7508956787533,,0,
101.0,19.0,1,-303.33231616778585,-265.663422,1,37.66889416778582
102.0,19.0,1,-308.3840295156788,,0,
103.0,19.0,1,-314.0619580444379,,0,
104.0,19.0,1,-320.5704423541956,,0,
105.0,19.0,1,-328.1429011672226,,0,
106.0,19.0,1,-336.8719310872948,,0,
107.0,19.0,1,-346.54406925290095,-306.018505,1,40.52556425290095
108.0,19.0,1,-356.8067116311322,,0,
109.0,19.0,1,-367.33963859942287,,0,
110.0,19.0,1,-377.8758402841704,,0,
111.0,19.0,1,-388.184873631478,,0,
112.0,19.0,1,-398.0595318387259,,0,
113.0,19.0,1,-407.3078076111706,-615.468105,1,-208.16029738882946
114.0,19.0,1,-415.74804830592984,,0,
115.0,19.0,1,-423.2062774238839,,0,
116.0,19.0,1,-429.5158985913222,,0,
117.0,19.0,1,-434.52095378662307,,0,
118.0,19.0,1,-438.08445489660335,,0,
119.0,19.0,1,-440.1018541875019,-508.506355,1,-68.4045008124981
120.0,19.0,1,-440.5152699193095,,0,
121.0,19.0,1,-439.3202830198479,,0,
122.0,19.0,1,-436.5605119709762,,0,
123.0,19.0,1,-432.3133684520617,,0,
124.0,19.0,1,-426.67440271118903,,0,
125.0,19.0,1,-419.7451504847377,-743.133884,1,-323.3887335152623
126.0,19.0,1,-411.6252337706619,,0,
127.0,19.0,1,-402.4073633002372,,0,
128.0,19.0,1,-392.1738884228471,,0,
129.0,19.0,2,-380.9944089609853,,0,
130.0,19.0,2,-368.92473037116724,,0,
131.0,19.0,2,-356.0076015097802,428.026722,1,784.0343235097803
132.0,19.0,2,-342.2752753546447,,0,
133.0,19.0,2,-327.75343170760243,,0,
134.0,19.0,2,-312.4657742327199,,0,
135.0,19.0,2,-296.4387040237234,,0,
136.0,19.0,2,-279.7057174706788,,0,
137.0,19.0,2,-262.3114310003002,-63.385735,1,198.9256960003002
138.0,19.0,2,-244.31535146454553,,0,
139.0,19.0,2,-225.79565647311392,,0,
140.0,19.0,2,-206.85268976282532,,0,
141.0,19.0,2,-187.60666310777015,,0,
142.0,19.0,2,-168.1743515402959,,0,
143.0,19.0,2,-148.6458303753643,274.375491,1,423.0213213753643
144.0,19.0,2,-129.1056361065057,,0,
145.0,19.0,2,-109.65466659997401,,0,
146.0,19.0,2,-90.41240647759423,,0,
147.0,19.0,2,-71.51516423319845,,0,
148.0,19.0,2,-53.11599828759063,,0,
149.0,19.0,2,-35.38625928478359,-488.086266,1,-452.70000671521643
150.0,19.0,2,-18.517045281596438,,0,
151.0,19.0,2,-2.716684061149863,,0,
152.0,19.0,2,11.8033689465301,,0,
153.0,19.0,2,24.86258987434121,,0,
154.0,19.0,2,36.35803153320194,,0,
155.0,19.0,2,46.28789603211044,-330.069371,1,-376.3572670321104
156.0,19.0,2,54.726753825787455,,0,
157.0,19.0,2,61.7774375102108,,0,
158.0,19.0,2,67.53541429698089,,0,
159.0,19.0,2,72.07413184917823,,0,
160.0,19.0,2,75.44571163073851,,0,
161.0,19.0,2,77.69347611771809,461.63326,1,383.9397838822819
162.0,19.0,2,78.87469349175262,,0,
163.0,19.0,2,79.08640170459694,,0,
164.0,19.0,2,78.48028470796271,,0,
165.0,19.0,2,77.25798211527217,,0,
166.0,19.0,3,75.65353421678083,,0,
167.0,19.0,3,73.91580951335345,391.613283,1,317.6974734866466
168.0,19.0,3,72.29722130067239,,0,
169.0,19.0,3,71.04777699404076,,0,
170.0,19.0,3,70.4109806479064,,0,
171.0,19.0,3,70.6184389647533,,0,
172.0,19.0,3,71.8817826707309,,0,
173.0,19.0,3,74.38388867095637,-323.891417,1,-398.27530567095636
174.0,19.0,3,78.27434871588048,,0,
175.0,19.0,3,83.67215926756762,,0,
176.0,19.0,3,90.6729790581594,,0,
177.0,19.0,3,99.35631163717335,,0,
178.0,19.0,3,109.79086296650348,,0,
179.0,19.0,3,122.0395742932451,-432.195758,1,-554.2353322932452
180.0,19.0,3,136.1676461228708,,0,
181.0,19.0,3,152.2580683329361,,0,
182.0,19.0,3,170.43508353141806,,0,
183.0,19.0,3,190.85116350010503,,0,
184.0,19.0,3,213.50386186715332,,0,
185.0,19.0,3,238.04880844934087,-117.880567,1,-355.92937544934085
186.0,19.0,3,263.9772575665593,,0,
187.0,19.0,3,290.78779010101425,,0,
188.0,19.0,3,317.98298140612314,,0,
189.0,19.0,3,345.0188728715948,,0,
190.0,19.0,3,371.23709018031514,,0,
191.0,19.0,3,395.735188205188,933.468307,1,537.733118794812
192.0,19.0,3,417.1085410863161,,0,
193.0,19.0,3,434.17965004281723,,0,
194.0,19.0,3,447.8704995610842,,0,
195.0,19.0,3,459.32956457948603,,0,
196.0,19.0,3,469.20099789404776,,0,
197.0,19.0,3,477.87912273529946,669.304862,1,191.4257392647005
198.0,19.0,3,485.6301349489004,,0,
199.0,19.0,3,492.6439748101984,,0,
0.0,20.0,0,279.64645281635603,,0,
1.0,20.0,0,265.1938412544114,,0,
2.0,20.0,0,250.26922903260856,,0,
3.0,20.0,0,234.8722860815542,,0,
4.0,20.0,0,219.0122641959897,151.233428,1,-67.7788361959897
5.0,20.0,0,202.71012856142625,,0,
6.0,20.0,0,186.00036006665323,,0,
7.0,20.0,0,168.93206295207347,,0,
8.0,20.0,0,151.5688324134826,,0,
9.0,20.0,0,133.9863332358509,,0,
10.0,20.0,0,116.26605502517486,-194.129925,1,-310.3959800251748
11.0,20.0,0,98.48475778416105,,0,
12.0,20.0,0,80.70318585963105,,0,
13.0,20.0,0,62.961528011917835,,0,
14.0,20.0,0,45.28556621928874,,0,
15.0,20.0,0,27.698518549193977,,0,
16.0,20.0,0,10.23069725302048,-312.228974,1,-322.4596712530205
17.0,20.0,0,-7.076252253304119,,0,
18.0,20.0,0,-24.169343349014525,,0,
19.0,20.0,0,-40.98629445136612,,0,
20.0,20.0,0,-57.458215730744996,,0,
21.0,20.0,0,-73.51235526784149,,0,
22.0,20.0,0,-89.07472211583081,-425.222333,1,-336.1476108841692
23.0,20.0,0,-104.07238166163006,,0,
24.0,20.0,0,-118.43482570427295,,0,
25.0,20.0,0,-132.092958538502,,0,
26.0,20.0,0,-144.9723592333321,,0,
27.0,20.0,0,-156.9716722772464,,0,
28.0,20.0,0,-167.87411702425743,-338.645549,1,-170.7714319757426
29.0,20.0,0,-177.2560466088362,,0,
30.0,20.0,0,-185.62659925413755,,0,
31.0,20.0,0,-193.26850266694237,,0,
32.0,20.0,0,-200.32147592600086,,0,
33.0,20.0,0,-206.874217145305,,0,
34.0,20.0,0,-212.9940288529615,-76.409414,1,136.5846148529615
35.0,20.0,0,-218.74091443837824,,0,
36.0,20.0,0,-224.17363608818414,,0,
37.0,20.0,0,-229.35070498312234,,0,
38.0,20.0,0,-234.32732078139088,,0,
39.0,20.0,0,-239.1485520646056,,0,
40.0,20.0,0,-243.83998856766993,-388.434598,1,-144.59460943233006
41.0,20.0,0,-248.3993909319397,,0,
42.0,20.0,0,-252.79412842632155,,0,
43.0,20.0,0,-256.96668270036207,,0,
44.0,20.0,0,-260.8456414555112,,0,
45.0,20.0,0,-264.3571194514843,,0,
46.0,20.0,0,-267.43286123245343,-371.211248,1,-103.77838676754658
47.0,20.0,0,-270.0136683982637,,0,
48.0,20.0,0,-272.0478798743861,,0,
49.0,20.0,0,-273.48391371760226,,0,
50.0,20.0,0,-274.2526469195582,,0,
51.0,20.0,0,-274.2334563238255,,0,
52.0,20.0,0,-273.31454132495855,-255.792711,1,17.521830324958557
53.0,20.0,0,-271.5650450240282,,0,
54.0,20.0,0,-269.0420016152857,,0,
55.0,20.0,0,-265.7182769502724,,0,
56.0,20.0,0,-261.51980742015803,,0,
57.0,20.0,0,-256.3621175451699,,0,
58.0,20.0,0,-250.1872808784683,-683.204286,1,-433.0170051215317
59.0,20.0,0,-242.99555757725466,,0,
60.0,20.0,0,-234.86159182894335,,0,
61.0,20.0,0,-225.93071454435267,,0,
62.0,20.0,0,-216.40146749423366,,0,
63.0,20.0,0,-206.50562162228562,,0,
64.0,20.0,0,-196.49382185023205,-586.057237,1,-389.56341514976793
65.0,20.0,0,-186.6295800064836,,0,
66.0,20.0,0,-177.19190111028,,0,
67.0,20.0,0,-168.48887773805836,,0,
68.0,20.0,0,-160.89428898374172,,0,
69.0,20.0,0,-154.92568944406594,,0,
70.0,20.0,0,-151.01378581738754,241.608793,1,392.62257881738753
71.0,20.0,0,-148.91431255746284,,0,
72.0,20.0,0,-148.2921815752743,,0,
73.0,20.0,0,-148.95177275787137,,0,
74.0,20.0,0,-150.76584693200857,,0,
75.0,20.0,1,-153.6593823116873,,0,
76.0,20.0,1,-157.66792405570231,-21.458986,1,136.2089380557023
77.0,20.0,1,-163.00359651868894,,0,
78.0,20.0,1,-169.14121111683926,,0,
79.0,20.0,1,-175.74325628614133,,0,
80.0,20.0,1,-182.6020719740045,,0,
81.0,20.0,1,-189.58204429323814,,0,
82.0,20.0,1,-196.6182542667666,-194.180411,1,2.437843266766606
83.0,20.0,1,-203.73888953141795,,0,
84.0,20.0,1,-210.97629182939272,,0,
85.0,20.0,1,-218.14689092075423,,0,
86.0,20.0,1,-225.06460877456993,,0,
87.0,20.0,1,-231.62267237314882,,0,
88.0,20.0,1,-237.76210703860124,-33.735223,1,204.02688403860125
89.0,20.0,1,-243.45627791517109,,0,
90.0,20.0,1,-248.70411679068638,,0,
91.0,20.0,1,-253.52653654980531,,0,
92.0,20.0,1,-257.96374736059806,,0,
93.0,20.0,1,-262.07226442496903,,0,
94.0,20.0,1,-265.92117042066457,114.097977,1,380.0191474206646
95.0,20.0,1,-269.5879979860347,,0,
96.0,20.0,1,-273.1551162476271,,0,
97.0,20.0,1,-276.7073827357217,,0,
98.0,20.0,1,-280.3312704379532,,0,
99.0,20.0,1,-284.1153403878525,,0,
100.0,20.0,1,-288.15211135723075,-191.056045,1,97.09606635723074
101.0,20.0,1,-292.5419716565434,,0,
102.0,20.0,1,-297.4009229940093,,0,
103.0,20.0,1,-302.8769272975492,,0,
104.0,20.0,1,-309.18932547754866,,0,
105.0,20.0,1,-316.7118614209794,,0,
106.0,20.0,1,-325.7347544904296,-155.78286,1,169.95189449042962
107.0,20.0,1,-335.85467399761546,,0,
108.0,20.0,1,-346.58621282150125,,0,
109.0,20.0,1,-357.60108110829606,,0,
110.0,20.0,1,-368.64597114551,,0,
111.0,20.0,1,-379.5034379489316,,0,
112.0,20.0,1,-389.97505438831286,-582.208668,1,-192.23361361168713
113.0,20.0,1,-399.87223294881824,,0,
114.0,20.0,1,-409.01000715946066,,0,
115.0,20.0,1,-417.20249045181845,,0,
116.0,20.0,1,-424.2607274701404,,0,
117.0,20.0,1,-429.99564415563054,,0,
118.0,20.0,1,-434.23025361258624,-375.718865,1,58.511388612586245
119.0,20.0,1,-436.82295224868176,,0,
120.0,20.0,1,-437.69432100827544,,0,
121.0,20.0,1,-436.84042314717044,,0,
122.0,20.0,1,-434.3224849429971,,0,
123.0,20.0,1,-430.2420986171164,,0,
124.0,20.0,1,-424.71796120648287,-758.094359,1,-333.3763977935172
125.0,20.0,1,-417.8710274375517,,0,
126.0,20.0,1,-409.81616219039006,,0,
127.0,20.0,1,-400.6567886814282,,0,
128.0,20.0,1,-390.48091874836246,,0,
129.0,20.0,2,-379.3586607718753,,0,
130.0,20.0,2,-367.34187381675747,270.483036,1,637.8249098167576
131.0,20.0,2,-354.4663053056138,,0,
132.0,20.0,2,-340.75583414103676,,0,
133.0,20.0,2,-326.22790961197825,,0,
134.0,20.0,2,-310.899224928442,,0,
135.0,20.0,2,-294.79097692478535,,0,
136.0,20.0,2,-277.93345506372134,212.860234,1,490.79368906372133
137.0,20.0,2,-260.37000268289376,,0,
138.0,20.0,2,-242.16062558508952,,0,
139.0,20.0,2,-223.38591879693558,,0,
140.0,20.0,2,-204.15325361301075,,0,
141.0,20.0,2,-184.60796194485738,,0,
142.0,20.0,2,-164.90042541448202,39.195049,1,204.095474414482
143.0,20.0,2,-145.1022826965018,,0,
144.0,20.0,2,-125.28663385003165,,0,
145.0,20.0,2,-105.55813578180823,,0,
146.0,20.0,2,-86.04049089297041,,0,
147.0,20.0,2,-66.87090854638518,,0,
148.0,20.0,2,-48.19878680786496,-257.680696,1,-209.48190919213505
149.0,20.0,2,-30.185874274360685,,0,
150.0,20.0,2,-13.005404065119365,,0,
151.0,20.0,2,3.163149294527102,,0,
152.0,20.0,2,18.14749468836817,,0,
153.0,20.0,2,31.805178622180392,,0,
154.0,20.0,2,44.04800957745101,-629.770135,1,-673.818144577451
155.0,20.0,2,54.85277438451885,,0,
156.0,20.0,2,64.24917593877035,,0,
157.0,20.0,2,72.29322269542172,,0,
158.0,20.0,2,79.04098914194765,,0,
159.0,20.0,2,84.53072924760636,,0,
160.0,20.0,2,88.77568396596325,336.984048,1,248.20836403403672
161.0,20.0,2,91.77203356457176,,0,
162.0,20.0,2,93.52870357650318,,0,
163.0,20.0,2,94.11231362728722,,0,
164.0,20.0,2,93.67465650398663,,0,
165.0,20.0,2,92.4384383667566,,0,
166.0,20.0,3,90.66149195357139,180.358044,1,89.69655204642862
167.0,20.0,3,88.60985188421182,,0,
168.0,20.0,3,86.54609586963488,,0,
169.0,20.0,3,84.72580498067691,,0,
170.0,20.0,3,83.39565680225678,,0,
171.0,20.0,3,82.79009530767507,,0,
172.0,20.0,3,83.12610243420204,-297.703244,1,-380.829346434202
173.0,20.0,3,84.59757271044509,,0,
174.0,20.0,3,87.37174830231743,,0,
175.0,20.0,3,91.58915212437569,,0,
176.0,20.0,3,97.36628860644123,,0,
177.0,20.0,3,104.7993879179121,,0,
178.0,20.0,3,113.96841078648868,-530.687491,1,-644.6559017864887
179.0,20.0,3,124.94228738046513,,0,
180.0,20.0,3,137.78835981459997,,0,
181.0,20.0,3,152.59275412968782,,0,
182.0,20.0,3,169.5095821084542,,0,
183.0,20.0,3,188.86276503585395,,0,
184.0,20.0,3,210.87689181494352,-127.571805,1,-338.4486968149435
185.0,20.0,3,234.97227940103767,,0,
186.0,20.0,3,260.45923838669114,,0,
187.0,20.0,3,286.79441416495683,,0,
188.0,20.0,3,313.461079935063,,0,
189.0,20.0,3,339.8921321967173,,0,
190.0,20.0,3,365.405234444901,786.490224,1,421.084989555099
191.0,20.0,3,389.1387867579906,,0,
192.0,20.0,3,410.1079396139248,,0,
193.0,20.0,3,427.725733497733,,0,
194.0,20.0,3,442.31205528502323,,0,
195.0,20.0,3,454.58527669184696,,0,
196.0,20.0,3,465.1406551566906,934.863028,1,469.72237284330936
197.0,20.0,3,474.3913320771244,,0,
198.0,20.0,3,482.6240944576275,,0,
199.0,20.0,3,490.04426054115174,,0,
0.0,21.0,0,274.77351525080303,,0,
1.0,21.0,0,260.27649747245596,,0,
2.0,21.0,0,245.3288200640236,,0,
3.0,21.0,0,229.93318339380858,12.585749,1,-217.34743439380858
4.0,21.0,0,214.10159272371675,,0,
5.0,21.0,0,197.85758511301538,,0,
6.0,21.0,0,181.23857630498242,,0,
7.0,21.0,0,164.29819769113237,,0,
8.0,21.0,0,147.10812790902855,,0,
9.0,21.0,0,129.7577658182563,-156.860979,1,-286.6187448182563
10.0,21.0,0,112.34791218559258,,0,
11.0,21.0,0,94.9739210561238,,0,
12.0,21.0,0,77.70195343578234,,0,
13.0,21.0,0,60.557017801362235,,0,
14.0,21.0,0,43.535922184244555,,0,
15.0,21.0,0,26.63144945781096,-239.407619,1,-266.03906845781097
16.0,21.0,0,9.848799695551861,,0,
17.0,21.0,0,-6.78923437919002,,0,
18.0,21.0,0,-23.243490650464082,,0,
19.0,21.0,0,-39.46187147736782,,0,
20.0,21.0,0,-55.383094738819636,,0,
21.0,21.0,0,-70.94018055517881,-456.231596,1,-385.2914154448212
22.0,21.0,0,-86.06354006854963,,0,
23.0,21.0,0,-100.68349958869294,,0,
24.0,21.0,0,-114.73172126577992,,0,
25.0,21.0,0,-128.1400965507637,,0,
26.0,21.0,0,-140.8333811397606,,0,
27.0,21.0,0,-152.70481385083258,-447.308526,1,-294.6037121491674
28.0,21.0,0,-163.5585600677514,,0,
29.0,21.0,0,-173.24285554534436,,0,
30.0,21.0,0,-182.00921347136318,,0,
31.0,21.0,0,-190.11930405449675,,0,
32.0,21.0,0,-197.7053655787604,,0,
33.0,21.0,0,-204.84122642037983,-147.955052,1,56.88617442037983
34.0,21.0,0,-211.58067723864224,,0,
35.0,21.0,0,-217.97260330243807,,0,
36.0,21.0,0,-224.06525106815388,,0,
37.0,21.0,0,-229.90538511701743,,0,
38.0,21.0,0,-235.53455479542026,,0,
39.0,21.0,0,-240.983485788689,-288.939539,1,-47.95605321131103
40.0,21.0,0,-246.2658990341879,,0,
41.0,21.0,0,-251.37389777014323,,0,
42.0,21.0,0,-256.27720449007757,,0,
43.0,21.0,0,-260.9271355388555,,0,
44.0,21.0,0,-265.2639802625781,,0,
45.0,21.0,0,-269.2250871116594,-353.304684,1,-84.07959688834063
46.0,21.0,0,-272.7511498437307,,0,
47.0,21.0,0,-275.78914140722554,,0,
48.0,21.0,0,-278.2910042749936,,0,
49.0,21.0,0,-280.2069725730398,,0,
50.0,21.0,0,-281.4700093287247,,0,
51.0,21.0,0,-281.9473724876334,-364.556441,1,-82.6090685123666
52.0,21.0,0,-281.39121924671053,,0,
53.0,21.0,0,-279.98517614615776,,0,
54.0,21.0,0,-277.7786758530128,,0,
55.0,21.0,0,-274.72407193777326,,0,
56.0,21.0,0,-270.72600296612654,,0,
57.0,21.0,0,-265.6762371592704,-726.17825,1,-460.50201284072966
58.0,21.0,0,-259.497989349431,,0,
59.0,21.0,0,-252.19073601337004,,0,
60.0,21.0,0,-243.85299852900062,,0,
61.0,21.0,0,-234.6703764408703,,0,
62.0,21.0,0,-224.8822156125243,,0,
63.0,21.0,0,-214.7501241933569,-483.194716,1,-268.44459180664313
64.0,21.0,0,-204.5399217622362,,0,
65.0,21.0,0,-194.51650090974,,0,
66.0,21.0,0,-184.94807138694887,,0,
67.0,21.0,0,-176.11943627819346,,0,
68.0,21.0,0,-168.36384089692,,0,
69.0,21.0,0,-162.18987448837652,100.290889,1,262.4807634883765
70.0,21.0,0,-158.4046891577018,,0,
71.0,21.0,0,-156.34299145450495,,0,
72.0,21.0,0,-155.6397555624353,,0,
73.0,21.0,0,-156.1117792946461,,0,
74.0,21.0,0,-157.64234154930455,,0,
75.0,21.0,1,-160.17499925335142,-106.920142,1,53.25485725335142
76.0,21.0,1,-163.7488403118914,,0,
77.0,21.0,1,-168.3811203259229,,0,
78.0,21.0,1,-173.76742955393274,,0,
79.0,21.0,1,-179.59079451461548,,0,
80.0,21.0,1,-185.64617520642787,,0,
81.0,21.0,1,-191.806282256126,-143.537566,1,48.268716256126
82.0,21.0,1,-198.00934456670075,,0,
83.0,21.0,1,-204.24407090327077,,0,
84.0,21.0,1,-210.48442170002818,,0,
85.0,21.0,1,-216.62695974265444,,0,
86.0,21.0,1,-222.54624061206414,,0,
87.0,21.0,1,-228.15208393932244,-36.943372,1,191.20871193932243
88.0,21.0,1,-233.39386655709677,,0,
89.0,21.0,1,-238.25217929526116,,0,
90.0,21.0,1,-242.73232411046774,,0,
91.0,21.0,1,-246.8600999940827,,0,
92.0,21.0,1,-250.67858831003105,,0,
93.0,21.0,1,-254.24483890885767,86.561398,1,340.80623690885767
94.0,21.0,1,-257.62592051837055,,0,
95.0,21.0,1,-260.8947424417747,,0,
96.0,21.0,1,-264.1268768030459,,0,
97.0,21.0,1,-267.3992834323435,,0,
98.0,21.0,1,-270.79063867130753,,0,
99.0,21.0,1,-274.38250907082147,-53.26916,1,221.11334907082147
100.0,21.0,1,-278.26123861924134,,0,
101.0,21.0,1,-282.5212689961563,,0,
102.0,21.0,1,-287.27152696878693,,0,
103.0,21.0,1,-292.64865581221693,,0,
104.0,21.0,1,-298.8492766729496,,0,
105.0,21.0,1,-306.2619477830631,-32.591743,1,273.67020478306307
106.0,21.0,1,-315.59596497157327,,0,
107.0,21.0,1,-326.0352596357334,,0,
108.0,21.0,1,-337.08583055302006,,0,
109.0,21.0,1,-348.44798803042977,,0,
110.0,21.0,1,-359.8848662763412,,0,
111.0,21.0,1,-371.1897716140313,-548.878506,1,-177.6887343859687
112.0,21.0,1,-382.17142508733195,,0,
113.0,21.0,1,-392.6447066336714,,0,
114.0,21.0,1,-402.4231052701798,,0,
115.0,21.0,1,-411.3116610634497,,0,
116.0,21.0,1,-419.101063885646,,0,
117.0,21.0,1,-425.5666295081319,-293.960189,1,131.60644050813187
118.0,21.0,1,-430.4807356766214,,0,
119.0,21.0,1,-433.6487352024824,,0,
120.0,21.0,1,-434.96084503164093,,0,
121.0,21.0,1,-434.42045330474866,,0,
122.0,21.0,1,-432.12067639726047,,0,
123.0,21.0,1,-428.1969585719453,-814.699427,1,-386.5024684280547
124.0,21.0,1,-422.7937996951441,,0,
125.0,21.0,1,-416.05086012007996,,0,
126.0,21.0,1,-408.09725752607847,,0,
127.0,21.0,1,-399.04671374289137,,0,
128.0,21.0,1,-388.99258225136145,,0,
129.0,21.0,2,-378.0044641543209,-275.383479,1,102.62098515432086
130.0,21.0,2,-366.1281292247295,,0,
131.0,21.0,2,-353.3892410881708,,0,
132.0,21.0,2,-339.79989253354506,,0,
133.0,21.0,2,-325.366171105934,,0,
134.0,21.0,2,-310.09525214124005,,0,
135.0,21.0,2,-294.00131801594034,363.337703,1,657.3390210159403
136.0,21.0,2,-277.1102696774069,,0,
137.0,21.0,2,-259.4635171009031,,0,
138.0,21.0,2,-241.12124921707618,,0,
139.0,21.0,2,-222.1657801104193,,0,
140.0,21.0,2,-202.70659506257653,,0,
141.0,21.0,2,-182.89786051239753,-146.045882,1,36.85197851239752
142.0,21.0,2,-162.954428473181,,0,
143.0,21.0,2,-142.90079821336985,,0,
144.0,21.0,2,-122.81657119824376,,0,
145.0,21.0,2,-102.81568746268749,,0,
146.0,21.0,2,-83.02586653545222,,0,
147.0,21.0,2,-63.58291249857939,-208.855722,1,-145.2728095014206
148.0,21.0,2,-44.629106815424166,,0,
149.0,21.0,2,-26.313024714239873,,0,
150.0,21.0,2,-8.788278103476841,,0,
151.0,21.0,2,7.791362958610989,,0,
152.0,21.0,2,23.28212639461708,,0,
153.0,21.0,2,37.56469564662257,-535.128718,1,-572.6934136466226
154.0,21.0,2,50.55793515064943,,0,
155.0,21.0,2,62.22459581564908,,0,
156.0,21.0,2,72.56500747759492,,0,
157.0,21.0,2,81.60137169963855,,0,
158.0,21.0,2,89.35836319483496,,0,
159.0,21.0,2,95.84375610946154,370.684052,1,274.84029589053847
160.0,21.0,2,101.03166333568515,,0,
161.0,21.0,2,104.85840323414595,,0,
162.0,21.0,2,107.25717456518032,,0,
163.0,21.0,2,108.2445820149369,,0,
164.0,21.0,2,107.9822614657387,,0,
165.0,21.0,3,106.73382714479521,188.049914,1,81.31608685520479
166.0,21.0,3,104.78929260661425,,0,
167.0,21.0,3,102.43034110475855,,0,
168.0,21.0,3,99.92561566570657,,0,
169.0,21.0,3,97.53345925495523,,0,
170.0,21.0,3,95.50342497352176,,0,
171.0,21.0,3,94.07494254405901,-276.170464,1,-370.245406544059
172.0,21.0,3,93.4737390746377,,0,
173.0,21.0,3,93.90741701169463,,0,
174.0,21.0,3,95.56174397790528,,0,
175.0,21.0,3,98.59863827806112,,0,
176.0,21.0,3,103.15592714396189,,0,
177.0,21.0,3,109.34850474810082,-358.881812,1,-468.23031674810085
178.0,21.0,3,117.27086485844302,,0,
179.0,21.0,3,127.00184995769087,,0,
180.0,21.0,3,138.6136966416234,,0,
181.0,21.0,3,152.19003026639984,,0,
182.0,21.0,3,167.86689086035767,,0,
183.0,21.0,3,185.98900730382593,-129.782393,1,-315.77140030382594
184.0,21.0,3,207.26042223218246,,0,
185.0,21.0,3,230.61146017508872,,0,
186.0,21.0,3,255.32077453965758,,0,
187.0,21.0,3,280.8522832180388,,0,
188.0,21.0,3,306.683547101733,,0,
189.0,21.0,3,332.2460438975395,491.305188,1,159.0591441024605
190.0,21.0,3,356.89080329897115,,0,
191.0,21.0,3,379.8941366614745,,0,
192.0,21.0,3,400.57387880542956,,0,
193.0,21.0,3,418.55175991540455,,0,
194.0,21.0,3,433.9225357773794,,0,
195.0,21.0,3,447.08655405002355,1235.872049,1,788.7854949499765
196.0,21.0,3,458.48787130846176,,0,
197.0,21.0,3,468.4958132646716,,0,
198.0,21.0,3,477.39205962889537,,0,
199.0,21.0,3,485.38809317808773,,0,
0.0,22.0,0,269.8696045290126,,0,
1.0,22.0,0,255.35430143954,,0,
2.0,22.0,0,240.41021400451427,-171.288132,1,-411.6983460045143
3.0,22.0,0,225.04223475401523,,0,
4.0,22.0,0,209.26405344357772,,0,
5.0,22.0,0,193.10038754505877,,0,
6.0,22.0,0,176.5896869710632,,0,
7.0,22.0,0,159.7875314656012,,0,
8.0,22.0,0,142.77081737279514,-198.368026,1,-341.1388433727951
9.0,22.0,0,125.6416986418626,,0,
10.0,22.0,0,108.52582335365878,,0,
11.0,22.0,0,91.55052360532136,,0,
12.0,22.0,0,74.79561529676721,,0,
13.0,22.0,0,58.26194083838345,,0,
14.0,22.0,0,41.90363934706693,-5.962457,1,-47.86609634706693
15.0,22.0,0,25.677838943393,,0,
16.0,22.0,0,9.56645200537605,,0,
17.0,22.0,0,-6.4225857263518265,,0,
18.0,22.0,0,-22.26015760448354,,0,
19.0,22.0,0,-37.901254658791004,,0,
20.0,22.0,0,-53.289524881016405,-257.517032,1,-204.22750711898357
21.0,22.0,0,-68.36107403049755,,0,
22.0,22.0,0,-83.04763234403799,,0,
23.0,22.0,0,-97.27902476173404,,0,
24.0,22.0,0,-110.98456131117564,,0,
25.0,22.0,0,-124.09246159125178,,0,
26.0,22.0,0,-136.52580808677885,-384.926289,1,-248.40048091322114
27.0,22.0,0,-148.19527153787567,,0,
28.0,22.0,0,-159.0095710343303,,0,
29.0,22.0,0,-168.96269268370088,,0,
30.0,22.0,0,-178.19524978449044,,0,
31.0,22.0,0,-186.86324953872827,,0,
32.0,22.0,0,-195.0569132715027,-208.208136,1,-13.151222728497288
33.0,22.0,0,-202.82836429253803,,0,
34.0,22.0,0,-210.21997815729992,,0,
35.0,22.0,0,-217.2736369154809,,0,
36.0,22.0,0,-224.03116179371136,,0,
37.0,22.0,0,-230.5316145682009,,0,
38.0,22.0,0,-236.8072602360844,-177.226406,1,59.580854236084406
39.0,22.0,0,-242.87897691928447,,0,
40.0,22.0,0,-248.75206039226032,,0,
41.0,22.0,0,-254.41370585840195,,0,
42.0,22.0,0,-259.83331306639593,,0,
43.0,22.0,0,-264.9659085113817,,0,
44.0,22.0,0,-269.7578019972789,-324.799587,1,-55.0417850027211
45.0,22.0,0,-274.1527945889429,,0,
46.0,22.0,0,-278.0971403755757,,0,
47.0,22.0,0,-281.5417537060148,,0,
48.0,22.0,0,-284.44035885955964,,0,
49.0,22.0,0,-286.7418463994982,,0,
50.0,22.0,0,-288.3725785434217,-454.965795,1,-166.59321645657832
51.0,22.0,0,-289.2029298328889,,0,
52.0,22.0,0,-289.1089476445268,,0,
53.0,22.0,0,-288.1457807399838,,0,
54.0,22.0,0,-286.3535312141539,,0,
55.0,22.0,0,-283.67933191644624,,0,
56.0,22.0,0,-280.00564321166894,-510.841628,1,-230.83598478833107
57.0,22.0,0,-275.1852066495994,,0,
58.0,22.0,0,-269.1002792217114,,0,
59.0,22.0,0,-261.7387137702008,,0,
60.0,22.0,0,-253.2348417583853,,0,
61.0,22.0,0,-243.83807986650572,,0,
62.0,22.0,0,-233.84692189515044,-558.445171,1,-324.5982491048495
63.0,22.0,0,-223.56151986458644,,0,
64.0,22.0,0,-213.2662242335282,,0,
65.0,22.0,0,-203.23063648577954,,0,
66.0,22.0,0,-193.72013767010503,,0,
67.0,22.0,0,-185.01550077043066,,0,
68.0,22.0,0,-177.45385264604556,-287.002449,1,-109.54859635395445
69.0,22.0,0,-171.5104663573602,,0,
70.0,22.0,0,-167.5721155769279,,0,
71.0,22.0,0,-165.35370065211828,,0,
72.0,22.0,0,-164.48771782193216,,0,
73.0,22.0,0,-164.7594586572377,,0,
74.0,22.0,0,-166.03846277447155,-107.020871,1,59.017591774471555
75.0,22.0,1,-168.25481003029563,,0,
76.0,22.0,1,-171.37973807418894,,0,
77.0,22.0,1,-175.33964043800188,,0,
78.0,22.0,1,-179.9355979292959,,0,
79.0,22.0,1,-184.9294806894095,,0,
80.0,22.0,1,-190.13280650138768,-53.411297,1,136.7215095013877
81.0,22.0,1,-195.42009208320087,,0,
82.0,22.0,1,-200.71954915982496,,0,
83.0,22.0,1,-205.99254553527499,,0,
84.0,22.0,1,-211.1982584024263,,0,
85.0,22.0,1,-216.2699158970845,,0,
86.0,22.0,1,-221.13017230237892,-126.96406,1,94.16611230237892
87.0,22.0,1,-225.71764652958518,,0,
88.0,22.0,1,-229.99739414155556,,0,
89.0,22.0,1,-233.95992876052333,,0,
90.0,22.0,1,-237.6175087764932,,0,
91.0,22.0,1,-241.0007985933844,,0,
92.0,22.0,1,-244.15606513278544,131.348679,1,375.50474413278545
93.0,22.0,1,-247.14208357177995,,0,
94.0,22.0,1,-250.02584663641028,,0,
95.0,22.0,1,-252.87744768485845,,0,
96.0,22.0,1,-255.76668891863483,,0,
97.0,22.0,1,-258.76335981438024,,0,
98.0,22.0,1,-261.93965167406714,-59.312359,1,202.62729267406712
99.0,22.0,1,-265.3725165953729,,0,
100.0,22.0,1,-269.14593391869494,,0,
101.0,22.0,1,-273.3545276996156,,0,
102.0,22.0,1,-278.1108957474171,,0,
103.0,22.0,1,-283.5616511892149,,0,
104.0,22.0,1,-289.926696465478,141.493207,1,431.419903465478
105.0,22.0,1,-297.5822356486333,,0,
106.0,22.0,1,-306.82290121121696,,0,
107.0,22.0,1,-317.2517588398223,,0,
108.0,22.0,1,-328.3916890892724,,0,
109.0,22.0,1,-339.92427386215877,,0,
110.0,22.0,1,-351.60705981545834,-506.267047,1,-154.65998718454165
111.0,22.0,1,-363.23347193194786,,0,
112.0,22.0,1,-374.6145371347775,,0,
113.0,22.0,1,-385.56759851378865,,0,
114.0,22.0,1,-395.9068307602611,,0,
115.0,22.0,1,-405.43329873939365,,0,
116.0,22.0,1,-413.9237682058847,-149.517565,1,264.4062032058847
117.0,22.0,1,-421.1204312114569,,0,
118.0,22.0,1,-426.7332675579528,,0,
119.0,22.0,1,-430.48551037153175,,0,
120.0,22.0,1,-432.21800272204564,,0,
121.0,22.0,1,-431.95808131143167,,0,
122.0,22.0,1,-429.8570080646459,-952.961119,1,-523.1041109353541
123.0,22.0,1,-426.09319959576897,,0,
124.0,22.0,1,-420.83358662811224,,0,
125.0,22.0,1,-414.231878430066,,0,
126.0,22.0,1,-406.4296938617008,,0,
127.0,22.0,1,-397.551422697793,,0,
128.0,22.0,1,-387.69628982103313,-510.320754,1,-122.62446417896689
129.0,22.0,2,-376.9325259931429,,0,
130.0,22.0,2,-365.2970114893642,,0,
131.0,22.0,2,-352.80123645045023,,0,
132.0,22.0,2,-339.44134698583366,,0,
133.0,22.0,2,-325.208735538974,,0,
134.0,22.0,2,-310.0988100380964,359.26963,1,669.3684400380964
135.0,22.0,2,-294.11742371327273,,0,
136.0,22.0,2,-277.28549161068804,,0,
137.0,22.0,2,-259.64253880329125,,0,
138.0,22.0,2,-241.24985589258722,,0,
139.0,22.0,2,-222.1940759057652,,0,
140.0,22.0,2,-202.59307897623512,-240.087467,1,-37.494388023764884
141.0,22.0,2,-182.60678073881172,,0,
142.0,22.0,2,-162.40339278693682,,0,
143.0,22.0,2,-142.07396948930545,,0,
144.0,22.0,2,-121.70984991449222,,0,
145.0,22.0,2,-101.42910536004638,,0,
146.0,22.0,2,-81.3603977436951,-227.703077,1,-146.3426792563049
147.0,22.0,2,-61.63499336375389,,0,
148.0,22.0,2,-42.38467707600648,,0,
149.0,22.0,2,-23.74228128193863,,0,
150.0,22.0,2,-5.841692137553764,,0,
151.0,22.0,2,11.185116443401057,,0,
152.0,22.0,2,27.21485691938142,-415.393539,1,-442.6083959193814
153.0,22.0,2,42.1421976020938,,0,
154.0,22.0,2,55.888240402982774,,0,
155.0,22.0,2,68.40438811054628,,0,
156.0,22.0,2,79.66952259668324,,0,
157.0,22.0,2,89.68111195368692,,0,
158.0,22.0,2,98.44172765593612,13.72172,1,-84.72000765593612
159.0,22.0,2,105.94021924534536,,0,
160.0,22.0,2,112.1242342236801,,0,
161.0,22.0,2,116.86815133927303,,0,
162.0,22.0,2,119.98510061603338,,0,
163.0,22.0,2,121.39690319140209,,0,
164.0,22.0,2,121.3070610423747,140.251067,1,18.944005957625308
165.0,22.0,3,120.0562648900559,,0,
166.0,22.0,3,117.96708618628327,,0,
167.0,22.0,3,115.32663779929135,,0,
168.0,22.0,3,112.40212144317047,,0,
169.0,22.0,3,109.45143761666986,,0,
170.0,22.0,3,106.72713820505851,-110.741259,1,-217.46839720505852
171.0,22.0,3,104.47595971931878,,0,
172.0,22.0,3,102.93571824401442,,0,
173.0,22.0,3,102.33096226986345,,0,
174.0,22.0,3,102.86853191268165,,0,
175.0,22.0,3,104.73385136019351,,0,
176.0,22.0,3,108.0884590298665,-46.421818,1,-154.5102770298665
177.0,22.0,3,113.06919415484299,,0,
178.0,22.0,3,119.78971573985837,,0,
179.0,22.0,3,128.34558673633,,0,
180.0,22.0,3,138.8252352526979,,0,
181.0,22.0,3,151.33216339885985,,0,
182.0,22.0,3,166.0344351847234,-242.10101,1,-408.1354451847234
183.0,22.0,3,183.26384421731927,,0,
184.0,22.0,3,203.24232323217439,,0,
185.0,22.0,3,225.37485539829504,,0,
186.0,22.0,3,248.94689772504353,,0,
187.0,22.0,3,273.38818725271267,,0,
188.0,22.0,3,298.16424118707073,77.202473,1,-220.96176818707073
189.0,22.0,3,322.72095007801545,,0,
190.0,22.0,3,346.4691147682788,,0,
191.0,22.0,3,368.81330427955254,,0,
192.0,22.0,3,389.24301773110346,,0,
193.0,22.0,3,407.46326866422896,,0,
194.0,22.0,3,423.4629406097556,1463.026223,1,1039.5632823902445
195.0,22.0,3,437.44902004408505,,0,
196.0,22.0,3,449.7170332314563,,0,
197.0,22.0,3,460.5574983307961,,0,
198.0,22.0,3,470.2185225317444,,0,
199.0,22.0,3,478.90079006101587,,0,
0.0,23.0,0,264.9776941182936,,0,
1.0,23.0,0,250.47307438982534,-162.720194,1,-413.19326838982533
2.0,23.0,0,235.5629837042652,,0,
3.0,23.0,0,220.2540607845076,,0,
4.0,23.0,0,204.56104784178024,,0,
5.0,23.0,0,188.50884303950443,,0,
6.0,23.0,0,172.13516936652013,,0,
7.0,23.0,0,155.49434507034675,-162.457439,1,-317.9517840703468
8.0,23.0,0,138.66306247914326,,0,
9.0,23.0,0,121.74949071336596,,0,
10.0,23.0,0,104.90449620250729,,0,
11.0,23.0,0,88.31103309417085,,0,
12.0,23.0,0,72.08539570316498,,0,
13.0,23.0,0,56.18086910232523,-50.02165,1,-106.20251910232523
14.0,23.0,0,40.48495090036886,,0,
15.0,23.0,0,24.91878226303379,,0,
16.0,23.0,0,9.448119980785123,,0,
17.0,23.0,0,-5.927893464395311,,0,
18.0,23.0,0,-21.186196868802654,,0,
19.0,23.0,0,-36.28625275077138,-131.163315,1,-94.87706224922863
20.0,23.0,0,-51.174706916412106,,0,
21.0,23.0,0,-65.78907846286893,,0,
22.0,23.0,0,-80.06083535776997,,0,
23.0,23.0,0,-93.91792103769694,,0,
24.0,23.0,0,-107.28668491182907,,0,
25.0,23.0,0,-120.09344733133912,-519.258586,1,-399.1651386686609
26.0,23.0,0,-132.26746913748502,,0,
27.0,23.0,0,-143.752152446752,,0,
28.0,23.0,0,-154.5387066797557,,0,
29.0,23.0,0,-164.71027973875243,,0,
30.0,23.0,0,-174.3935710826845,,0,
31.0,23.0,0,-183.64351135985635,-146.370053,1,37.273458359856335
32.0,23.0,0,-192.4683115746011,,0,
33.0,23.0,0,-200.8855609450111,,0,
34.0,23.0,0,-208.9268692015321,,0,
35.0,23.0,0,-216.63033234309114,,0,
36.0,23.0,0,-224.03456433351676,,0,
37.0,23.0,0,-231.1740529205781,-103.12224,1,128.0518129205781
38.0,23.0,0,-238.07493764067476,,0,
39.0,23.0,0,-244.75112071331205,,0,
40.0,23.0,0,-251.20125072170777,,0,
41.0,23.0,0,-257.40741500743025,,0,
42.0,23.0,0,-263.3361964321084,,0,
43.0,23.0,0,-268.9421034291372,-412.287871,1,-143.3457675708628
44.0,23.0,0,-274.1726051775404,,0,
45.0,23.0,0,-278.9735154017235,,0,
46.0,23.0,0,-283.2933376419751,,0,
47.0,23.0,0,-287.08517014243625,,0,
48.0,23.0,0,-290.3047617017146,,0,
49.0,23.0,0,-292.903528663257,-356.27327,1,-63.369741336743004
50.0,23.0,0,-294.8172613715142,,0,
51.0,23.0,0,-295.9635242796794,,0,
52.0,23.0,0,-296.2828324812799,,0,
53.0,23.0,0,-295.7774684766591,,0,
54.0,23.0,0,-294.449479738636,,0,
55.0,23.0,0,-292.23721552023926,-363.044874,1,-70.80765847976073
56.0,23.0,0,-289.00045952233995,,0,
57.0,23.0,0,-284.53478987584094,,0,
58.0,23.0,0,-278.64164358701964,,0,
59.0,23.0,0,-271.2726056204265,,0,
60.0,23.0,0,-262.6227561203923,,0,
61.0,23.0,0,-253.0456759193803,-622.803919,1,-369.75824308061965
62.0,23.0,0,-242.91802291416388,,0,
63.0,23.0,0,-232.57942299125352,,0,
64.0,23.0,0,-222.3284644196101,,0,
65.0,23.0,0,-212.43628476841695,,0,
66.0,23.0,0,-203.16413919340994,,0,
67.0,23.0,0,-194.78408962082176,-526.852776,1,-332.0686863791782
68.0,23.0,0,-187.601046029813,,0,
69.0,23.0,0,-181.93767522333292,,0,
70.0,23.0,0,-177.97425797918186,,0,
71.0,23.0,0,-175.59318264948888,,0,
72.0,23.0,0,-174.5429733165729,,0,
73.0,23.0,0,-174.60822055018798,-18.654912,1,155.95330855018798
74.0,23.0,0,-175.63574565044837,,0,
75.0,23.0,0,-177.5208098621697,,0,
76.0,23.0,1,-180.17990803023713,,0,
77.0,23.0,1,-183.50542293901526,,0,
78.0,23.0,1,-187.3383264911281,,0,
79.0,23.0,1,-191.49680496564542,-123.574717,1,67.92208796564542
80.0,23.0,1,-195.82059114990443,,0,
81.0,23.0,1,-200.19106129551437,,0,
82.0,23.0,1,-204.5304643638592,,0,
83.0,23.0,1,-208.78907882568456,,0,
84.0,23.0,1,-212.92664843421517,,0,
85.0,23.0,1,-216.900319260385,-277.23251,1,-60.33219073961499
86.0,23.0,1,-220.66754178967312,,0,
87.0,23.0,1,-224.19630887970197,,0,
88.0,23.0,1,-227.4718239386293,,0,
89.0,23.0,1,-230.49771525832693,,0,
90.0,23.0,1,-233.29465949604491,,0,
91.0,23.0,1,-235.89863927341503,342.563578,1,578.462217273415
92.0,23.0,1,-238.35947774987653,,0,
93.0,23.0,1,-240.73897667307392,,0,
94.0,23.0,1,-243.1066292448886,,0,
95.0,23.0,1,-245.53185604873943,,0,
96.0,23.0,1,-248.07874098394404,,0,
97.0,23.0,1,-250.80946440710613,-76.869613,1,173.93985140710612
98.0,23.0,1,-253.7905661646364,,0,
99.0,23.0,1,-257.0964018585546,,0,
100.0,23.0,1,-260.81127313990874,,0,
101.0,23.0,1,-265.03302233210206,,0,
102.0,23.0,1,-269.8803959505476,,0,
103.0,23.0,1,-275.5065712397475,55.602258,1,331.1088292397475
104.0,23.0,1,-282.1167693485286,,0,
105.0,23.0,1,-289.9489452169719,,0,
106.0,23.0,1,-299.104054082909,,0,
107.0,23.0,1,-309.38092979714565,,0,
108.0,23.0,1,-320.44305932332645,,0,
109.0,23.0,1,-331.9895088346675,-422.358918,1,-90.36940916533251
110.0,23.0,1,-343.7745346384727,,0,
111.0,23.0,1,-355.58898903755335,,0,
112.0,23.0,1,-367.2441700833715,,0,
113.0,23.0,1,-378.5598284070238,,0,
114.0,23.0,1,-389.35357792902505,,0,
115.0,23.0,1,-399.42924662949736,-221.411534,1,178.01771262949737
116.0,23.0,1,-408.5616206776067,,0,
117.0,23.0,1,-416.4746428714734,,0,
118.0,23.0,1,-422.8156544852973,,0,
119.0,23.0,1,-427.1761890956059,,0,
120.0,23.0,1,-429.29908493538824,,0,
121.0,23.0,1,-429.2826258313362,-990.278059,1,-560.9954331686638
122.0,23.0,1,-427.38218411220623,,0,
123.0,23.0,1,-423.8143476720252,,0,
124.0,23.0,1,-418.7511204472539,,0,
125.0,23.0,1,-412.35140121756467,,0,
126.0,23.0,1,-404.7690167944411,,0,
127.0,23.0,1,-396.142011989461,-654.645922,1,-258.503910010539
128.0,23.0,1,-386.57806957988214,,0,
129.0,23.0,2,-376.1438971674179,,0,
130.0,23.0,2,-364.8637845729354,,0,
131.0,23.0,2,-352.7293947484359,,0,
132.0,23.0,2,-339.71579973322514,,0,
133.0,23.0,2,-325.79636180279886,-12.341728,1,313.45463380279887
134.0,23.0,2,-310.95304055229644,,0,
135.0,23.0,2,-295.18268225145584,,0,
136.0,23.0,2,-278.5009978682283,,0,
137.0,23.0,2,-260.9455670008174,,0,
138.0,23.0,2,-242.57867435864227,,0,
139.0,23.0,2,-223.4904490055451,-70.331212,1,153.1592370055451
140.0,23.0,2,-203.80192614888801,,0,
141.0,23.0,2,-183.66218952439522,,0,
142.0,23.0,2,-163.22375204689888,,0,
143.0,23.0,2,-142.61631192106142,,0,
144.0,23.0,2,-121.96243334039173,,0,
145.0,23.0,2,-101.39163780427407,-357.803963,1,-256.41232519572594
146.0,23.0,2,-81.03456492005034,,0,
147.0,23.0,2,-61.01606865762733,,0,
148.0,23.0,2,-41.4543723679235,,0,
149.0,23.0,2,-22.464337514935323,,0,
150.0,23.0,2,-4.160427908160273,,0,
151.0,23.0,2,13.343649229773291,-332.818612,1,-346.16226122977326
152.0,23.0,2,29.939035665272968,,0,
153.0,23.0,2,45.527984528911475,,0,
154.0,23.0,2,60.029818010138115,,0,
155.0,23.0,2,73.38429224186257,,0,
156.0,23.0,2,85.55125028557086,,0,
157.0,23.0,2,96.50681859194628,-215.919289,1,-312.4261075919463
158.0,23.0,2,106.23645752473749,,0,
159.0,23.0,2,114.72179863015481,,0,
160.0,23.0,2,121.90979600622086,,0,
161.0,23.0,2,127.64675821670971,,0,
162.0,23.0,2,131.5831062300058,,0,
163.0,23.0,2,133.41854346414038,329.259005,1,195.84046153585962
164.0,23.0,3,133.50932097091572,,0,
165.0,23.0,3,132.30666944253426,,0,
166.0,23.0,3,130.13486039906275,,0,
167.0,23.0,3,127.26832611730788,,0,
168.0,23.0,3,123.96645362317213,,0,
169.0,23.0,3,120.48592274689872,-255.470906,1,-375.95682874689874
170.0,23.0,3,117.08418772954974,,0,
171.0,23.0,3,114.0185803324639,,0,
172.0,23.0,3,111.54290421168116,,0,
173.0,23.0,3,109.90259538724786,,0,
174.0,23.0,3,109.32924516245839,,0,
175.0,23.0,3,110.03518649585021,-84.88211,1,-194.91729649585022
176.0,23.0,3,112.20890578068793,,0,
177.0,23.0,3,116.01227936641226,,0,
178.0,23.0,3,121.58096929339081,,0,
179.0,23.0,3,129.02961913510808,,0,
180.0,23.0,3,138.4637819057316,,0,
181.0,23.0,3,150.0005586881598,-150.476901,1,-300.4774596881598
182.0,23.0,3,163.79426829976728,,0,
183.0,23.0,3,180.0182006436371,,0,
184.0,23.0,3,198.66993689756782,,0,
185.0,23.0,3,219.37815846249578,,0,
186.0,23.0,3,241.58872105768387,,0,
187.0,23.0,3,264.7534580362262,-17.168835,1,-281.9222930362262
188.0,23.0,3,288.3457441554492,,0,
189.0,23.0,3,311.8390928941226,,0,
190.0,23.0,3,334.70454326942854,,0,
191.0,23.0,3,356.4393735195772,,0,
192.0,23.0,3,376.62725664475875,,0,
193.0,23.0,3,395.0069716795115,1104.977525,1,709.9705533204885
194.0,23.0,3,411.5051271917964,,0,
195.0,23.0,3,426.2072060678838,,0,
196.0,23.0,3,439.2906684795307,,0,
197.0,23.0,3,450.9625455402929,,0,
198.0,23.0,3,461.4219282507038,,0,
199.0,23.0,3,470.8445521592803,19.244247,1,-451.6003051592803
0.0,24.0,0,260.1319916572684,-45.332914,1,-305.4649056572684
1.0,24.0,0,245.66890989794047,,0,
2.0,24.0,0,230.82597005165007,,0,
3.0,24.0,0,215.6115720496673,,0,
4.0,24.0,0,200.04151832390926,,0,
5.0,24.0,0,184.14078044732742,,0,
6.0,24.0,0,167.94581783017202,-243.772439,1,-411.718256830172
7.0,24.0,0,151.5079221176493,,0,
8.0,24.0,0,134.89866370200616,,0,
9.0,24.0,0,118.22023725084728,,0,
10.0,24.0,0,101.62916021850833,,0,
11.0,24.0,0,85.38530807405914,,0,
12.0,24.0,0,69.71332993374381,-162.663153,1,-232.3764829337438
13.0,24.0,0,54.44654334546067,,0,
14.0,24.0,0,39.384094872439164,,0,
15.0,24.0,0,24.430496958368167,,0,
16.0,24.0,0,9.547348172789498,,0,
17.0,24.0,0,-5.269889720671927,,0,
18.0,24.0,0,-20.002113450769684,1.335205,1,21.337318450769683
19.0,24.0,0,-34.61230603597869,,0,
20.0,24.0,0,-49.04958258304396,,0,
21.0,24.0,0,-63.2525850605125,,0,
22.0,24.0,0,-77.15259540723491,,0,
23.0,24.0,0,-90.67649082014759,,0,
24.0,24.0,0,-103.74975268568232,-580.906993,1,-477.15724031431773
25.0,24.0,0,-116.30038928601425,,0,
26.0,24.0,0,-128.26643571704335,,0,
27.0,24.0,0,-139.613446410287,,0,
28.0,24.0,0,-150.37373567582108,,0,
29.0,24.0,0,-160.71317096069106,,0,
30.0,24.0,0,-170.82954580292426,-37.178263,1,133.65128280292424
31.0,24.0,0,-180.6435775841419,,0,
32.0,24.0,0,-190.06509529522737,,0,
33.0,24.0,0,-199.08680650641327,,0,
34.0,24.0,0,-207.73440302581002,,0,
35.0,24.0,0,-216.04382439398614,,0,
36.0,24.0,0,-224.05150260765367,-241.941625,1,-17.890122392346314
37.0,24.0,0,-231.7886814688536,,0,
38.0,24.0,0,-239.27704146593896,,0,
39.0,24.0,0,-246.52504837657398,,0,
40.0,24.0,0,-253.5253850955778,,0,
41.0,24.0,0,-260.25420248573937,,0,
42.0,24.0,0,-266.6727476953238,-409.707544,1,-143.0347963046762
43.0,24.0,0,-272.73121977335177,,0,
44.0,24.0,0,-278.37394119415694,,0,
45.0,24.0,0,-283.54472584620817,,0,
46.0,24.0,0,-288.1914664766955,,0,
47.0,24.0,0,-292.2687804996931,,0,
48.0,24.0,0,-295.737341640619,-209.105981,1,86.63136064061896
49.0,24.0,0,-298.55952106867335,,0,
50.0,24.0,0,-300.69434687173634,,0,
51.0,24.0,0,-302.1002875001068,,0,
52.0,24.0,0,-302.75080374937534,,0,
53.0,24.0,0,-302.6397724881972,,0,
54.0,24.0,0,-301.75227920979523,-261.169676,1,40.58260320979525
55.0,24.0,0,-300.02244797789535,,0,
56.0,24.0,0,-297.2980862329896,,0,
57.0,24.0,0,-293.311431313763,,0,
58.0,24.0,0,-287.71417530196777,,0,
59.0,24.0,0,-280.3563542652264,,0,
60.0,24.0,0,-271.557746271239,-618.346415,1,-346.78866872876097
61.0,24.0,0,-261.843251286391,,0,
62.0,24.0,0,-251.67081333369424,,0,
63.0,24.0,0,-241.40265538950462,,0,
64.0,24.0,0,-231.33738772572542,,0,
65.0,24.0,0,-221.73745449112175,,0,
66.0,24.0,0,-212.8487546970282,-639.737027,1,-426.8882723029718
67.0,24.0,0,-204.9142629758353,,0,
68.0,24.0,0,-198.17517246620992,,0,
69.0,24.0,0,-192.83760362046087,,0,
70.0,24.0,0,-188.99407876938494,,0,
71.0,24.0,0,-186.57499811832895,,0,
72.0,24.0,0,-185.40645393612067,6.449456,1,191.85590993612067
73.0,24.0,0,-185.29836267911014,,0,
74.0,24.0,0,-186.08684483449906,,0,
75.0,24.0,0,-187.6387687179522,,0,
76.0,24.0,1,-189.83721779206098,,0,
77.0,24.0,1,-192.5593859144392,,0,
78.0,24.0,1,-195.66467004904553,-230.706382,1,-35.041711950954465
79.0,24.0,1,-199.00473545373643,,0,
80.0,24.0,1,-202.44420983207965,,0,
81.0,24.0,1,-205.87532570999247,,0,
82.0,24.0,1,-209.2217428636941,,0,
83.0,24.0,1,-212.4338288829349,,0,
84.0,24.0,1,-215.4796504706319,-311.601691,1,-96.12204052936812
85.0,24.0,1,-218.3374084271527,,0,
86.0,24.0,1,-220.9931351775158,,0,
87.0,24.0,1,-223.4422791975012,,0,
88.0,24.0,1,-225.69158193015937,,0,
89.0,24.0,1,-227.7596323607322,,0,
90.0,24.0,1,-229.67655554686644,350.031327,1,579.7078825468664
91.0,24.0,1,-231.48372882067997,,0,
92.0,24.0,1,-233.23408399378604,,0,
93.0,24.0,1,-234.9928784504209,,0,
94.0,24.0,1,-236.8357021388365,,0,
95.0,24.0,1,-238.83493280890661,,0,
96.0,24.0,1,-241.04657975418013,-125.870372,1,115.17620775418013
97.0,24.0,1,-243.52279155068754,,0,
98.0,24.0,1,-246.32502117218974,,0,
99.0,24.0,1,-249.52619577600126,,0,
100.0,24.0,1,-253.21101754831398,,0,
101.0,24.0,1,-257.47803693074434,,0,
102.0,24.0,1,-262.4438673611767,-71.323438,1,191.12042936117666
103.0,24.0,1,-268.2475914592974,,0,
104.0,24.0,1,-275.04589302280965,,0,
105.0,24.0,1,-282.9743538347575,,0,
106.0,24.0,1,-292.06244585994864,,0,
107.0,24.0,1,-302.17964199614653,,0,
108.0,24.0,1,-313.09145859787895,-206.539296,1,106.55216259787895
109.0,24.0,1,-324.5460457783729,,0,
110.0,24.0,1,-336.3133941193155,,0,
111.0,24.0,1,-348.18921521052107,,0,
112.0,24.0,1,-359.98772137852757,,0,
113.0,24.0,1,-371.53242069753105,,0,
114.0,24.0,1,-382.64636458204404,-290.725367,1,91.92099758204404
115.0,24.0,1,-393.1408750238843,,0,
116.0,24.0,1,-402.80030054213785,,0,
117.0,24.0,1,-411.3568428210838,,0,
118.0,24.0,1,-418.4376852221885,,0,
119.0,24.0,1,-423.4592375086768,,0,
120.0,24.0,1,-425.9162548451204,-950.939812,1,-525.0235571548795
121.0,24.0,1,-426.12943598442143,,0,
122.0,24.0,1,-424.4983301667962,,0,
123.0,24.0,1,-421.22590308323925,,0,
124.0,24.0,1,-416.45654333978746,,0,
125.0,24.0,1,-410.3488019247998,,0,
126.0,24.0,1,-403.07535523935076,-683.622139,1,-280.5467837606492
127.0,24.0,1,-394.7952145744566,,0,
128.0,24.0,2,-385.6302917924295,,0,
129.0,24.0,2,-375.6471124483687,,0,
130.0,24.0,2,-364.851973552868,,0,
131.0,24.0,2,-353.2083401680902,,0,
132.0,24.0,2,-340.6640949813227,-261.592948,1,79.07114698132273
133.0,24.0,2,-327.171982114236,,0,
134.0,24.0,2,-312.7000803648116,,0,
135.0,24.0,2,-297.2364815623441,,0,
136.0,24.0,2,-280.79179719832246,,0,
137.0,24.0,2,-263.4011818499457,,0,
138.0,24.0,2,-245.12640057796443,406.094361,1,651.2207615779644
139.0,24.0,2,-226.05773246269382,,0,
140.0,24.0,2,-206.3142759311304,,0,
141.0,24.0,2,-186.03898092220334,,0,
142.0,24.0,2,-165.38598543701846,,0,
143.0,24.0,2,-144.50932965180618,,0,
144.0,24.0,2,-123.56189814066602,-490.005829,1,-366.443930859334
145.0,24.0,2,-102.69343752529676,,0,
146.0,24.0,2,-82.04113050891101,,0,
147.0,24.0,2,-61.72253178396204,,0,
148.0,24.0,2,-41.838693988909654,,0,
149.0,24.0,2,-22.48379975388889,,0,
150.0,24.0,2,-3.7531101788881642,-456.346978,1,-452.5938678211118
151.0,24.0,2,14.254756789177918,,0,
152.0,24.0,2,31.440414887714724,,0,
153.0,24.0,2,47.708631275512744,,0,
154.0,24.0,2,62.973206702794414,,0,
155.0,24.0,2,77.16022879815137,,0,
156.0,24.0,2,90.20915405989945,-416.154755,1,-506.36390905989947
157.0,24.0,2,102.07223777124636,,0,
158.0,24.0,2,112.71340287803832,,0,
159.0,24.0,2,122.10562971911713,,0,
160.0,24.0,2,130.21079257562087,,0,
161.0,24.0,2,136.89357323297008,,0,
162.0,24.0,2,141.74420120653485,400.165733,1,258.42153179346514
163.0,24.0,2,144.01436570744409,,0,
164.0,24.0,3,144.41997242686193,,0,
165.0,24.0,3,143.40648830850841,,0,
166.0,24.0,3,141.26634781285975,,0,
167.0,24.0,3,138.259681812684,,0,
168.0,24.0,3,134.64171809337859,-202.860804,1,-337.5025220933786
169.0,24.0,3,130.67220069067116,,0,
170.0,24.0,3,126.6178066363027,,0,
171.0,24.0,3,122.75082995246339,,0,
172.0,24.0,3,119.34548520914541,,0,
173.0,24.0,3,116.67252908657974,,0,
174.0,24.0,3,114.99266380801964,-65.676764,1,-180.66942780801963
175.0,24.0,3,114.54923844648874,,0,
176.0,24.0,3,115.56112807361933,,0,
177.0,24.0,3,118.2172679117648,,0,
178.0,24.0,3,122.67481173912165,,0,
179.0,24.0,3,129.06274042369478,,0,
180.0,24.0,3,137.49140962628735,-33.678497,1,-171.16990662628734
181.0,24.0,3,148.06484906544938,,0,
182.0,24.0,3,160.88286335865268,,0,
183.0,24.0,3,176.00230591421132,,0,
184.0,24.0,3,193.34141751650895,,0,
185.0,24.0,3,212.61593079912564,,0,
186.0,24.0,3,233.39859427953343,-63.677052,1,-297.07564627953343
187.0,24.0,3,255.21272549096466,,0,
188.0,24.0,3,277.5736463512003,,0,
189.0,24.0,3,299.997157547743,,0,
190.0,24.0,3,322.00895660265815,,0,
191.0,24.0,3,343.1696539152763,,0,
192.0,24.0,3,363.1144038371567,626.784468,1,263.67006416284323
193.0,24.0,3,381.5926524774404,,0,
194.0,24.0,3,398.4870479352976,,0,
195.0,24.0,3,413.80053025644156,,0,
196.0,24.0,3,427.6204695795459,,0,
197.0,24.0,3,440.07888612578245,,0,
198.0,24.0,3,451.32219263968,288.735913,1,-162.58627963968001
199.0,24.0,3,461.49349367768446,,0,
0.0,25.0,0,255.35716406766733,,0,
1.0,25.0,0,240.9669652616285,,0,
2.0,25.0,0,226.2253987639997,,0,
3.0,25.0,0,211.1430369777736,,0,
4.0,25.0,0,195.73736572661437,,0,
5.0,25.0,0,180.03433928271988,-239.82051,1,-419.8548492827199
6.0,25.0,0,164.07041618066432,,0,
7.0,25.0,0,147.89546099380823,,0,
8.0,25.0,0,131.5773546211276,,0,
9.0,25.0,0,115.21045006283384,,0,
10.0,25.0,0,98.93497524151462,,0,
11.0,25.0,0,83.01451788091799,-76.832725,1,-159.84724288091797
12.0,25.0,0,67.91155446881021,,0,
13.0,25.0,0,53.209409456467256,,0,
14.0,25.0,0,38.691575362332514,,0,
15.0,25.0,0,24.2674392379231,,0,
16.0,25.0,0,9.895972764374164,,0,
17.0,25.0,0,-4.432688511034939,72.434031,1,76.86671951103494
18.0,25.0,0,-18.70507960379473,,0,
19.0,25.0,0,-32.88894254569459,,0,
20.0,25.0,0,-46.936742467732984,,0,
21.0,25.0,0,-60.78904193166818,,0,
22.0,25.0,0,-74.3780512575031,,0,
23.0,25.0,0,-87.6314788904856,-477.075569,1,-389.4440901095144
24.0,25.0,0,-100.47695203193871,,0,
25.0,25.0,0,-112.84786273154896,,0,
26.0,25.0,0,-124.69262431448442,,0,
27.0,25.0,0,-135.99093713196635,,0,
28.0,25.0,0,-146.78345508466737,,0,
29.0,25.0,0,-157.24959696542282,-25.358981,1,131.89061596542282
30.0,25.0,0,-167.77533109106298,,0,
31.0,25.0,0,-178.05584661137982,,0,
32.0,25.0,0,-187.97004979686608,,0,
33.0,25.0,0,-197.50379527409677,,0,
34.0,25.0,0,-206.67625925190805,,0,
35.0,25.0,0,-215.51841420976962,-328.182416,1,-112.66400179023037
36.0,25.0,0,-224.06273414031602,,0,
37.0,25.0,0,-232.33679187403322,,0,
38.0,25.0,0,-240.35833160867332,,0,
39.0,25.0,0,-248.13116394109602,,0,
40.0,25.0,0,-255.64219993146253,,0,
41.0,25.0,0,-262.8605429462332,-349.781507,1,-86.9209640537668
42.0,25.0,0,-269.7395205190551,,0,
43.0,25.0,0,-276.2214456304391,,0,
44.0,25.0,0,-282.24354500166373,,0,
45.0,25.0,0,-287.74376278604177,,0,
46.0,25.0,0,-292.6663697372205,,0,
47.0,25.0,0,-296.96670996813555,-133.036066,1,163.93064396813554
48.0,25.0,0,-300.612934665005,,0,
49.0,25.0,0,-303.5835878464277,,0,
50.0,25.0,0,-305.86350117839174,,0,
51.0,25.0,0,-307.4426581645057,,0,
52.0,25.0,0,-308.31822926871246,,0,
53.0,25.0,0,-308.49065355771745,-168.318165,1,140.17248855771746
54.0,25.0,0,-307.9457650325603,,0,
55.0,25.0,0,-306.62673401831125,,0,
56.0,25.0,0,-304.397560589503,,0,
57.0,25.0,0,-300.976334368439,,0,
58.0,25.0,0,-295.80237548461446,,0,
59.0,25.0,0,-288.4230025624056,-650.733743,1,-362.3107404375944
60.0,25.0,0,-279.48120544911217,,0,
61.0,25.0,0,-269.7326223305354,,0,
62.0,25.0,0,-259.66303080445505,,0,
63.0,25.0,0,-249.62408779992256,,0,
64.0,25.0,0,-239.89938063457885,,0,
65.0,25.0,0,-230.73387897078646,-582.013876,1,-351.2799970292135
66.0,25.0,0,-222.34925122190907,,0,
67.0,25.0,0,-214.94982096679996,,0,
68.0,25.0,0,-208.71569386251213,,0,
69.0,25.0,0,-203.77709636618238,,0,
70.0,25.0,0,-200.17715159029467,,0,
71.0,25.0,0,-197.85504315116486,-150.466189,1,47.38885415116485
72.0,25.0,0,-196.67210820629407,,0,
73.0,25.0,0,-196.4584532653389,,0,
74.0,25.0,0,-197.04747929206496,,0,
75.0,25.0,0,-198.2895391248785,,0,
76.0,25.0,1,-200.05015173110587,,0,
77.0,25.0,1,-202.20112561510177,-287.225873,1,-85.0247473848982
78.0,25.0,1,-204.61410363688992,,0,
79.0,25.0,1,-207.16254955903423,,0,
80.0,25.0,1,-209.7302675300798,,0,
81.0,25.0,1,-212.2207215436647,,0,
82.0,25.0,1,-214.563287536992,,0,
83.0,25.0,1,-216.71492090509128,-378.584769,1,-161.86984809490872
84.0,25.0,1,-218.65721784342168,,0,
85.0,25.0,1,-220.39061042799676,,0,
86.0,25.0,1,-221.92844739963766,,0,
87.0,25.0,1,-223.29279383935136,,0,
88.0,25.0,1,-224.51216874152487,,0,
89.0,25.0,1,-225.620686730359,229.408205,1,455.028891730359
90.0,25.0,1,-226.65813467687258,,0,
91.0,25.0,1,-227.6707840528652,,0,
92.0,25.0,1,-228.7130744383794,,0,
93.0,25.0,1,-229.8511088512014,,0,
94.0,25.0,1,-231.16942588316306,,0,
95.0,25.0,1,-232.75296195499777,-179.204488,1,53.548473954997775
96.0,25.0,1,-234.64028055613562,,0,
97.0,25.0,1,-236.87068787411408,,0,
98.0,25.0,1,-239.50278785671253,,0,
99.0,25.0,1,-242.6085614063013,,0,
100.0,25.0,1,-246.271155229555,,0,
101.0,25.0,1,-250.58475939160599,-194.636819,1,55.94794039160598
102.0,25.0,1,-255.65465227845561,,0,
103.0,25.0,1,-261.59415362614436,,0,
104.0,25.0,1,-268.5117302802173,,0,
105.0,25.0,1,-276.48049027460866,,0,
106.0,25.0,1,-285.49650478194235,,0,
107.0,25.0,1,-295.45830722591927,-66.167331,1,229.29097622591928
108.0,25.0,1,-306.19032417902054,,0,
109.0,25.0,1,-317.4867421190793,,0,
110.0,25.0,1,-329.14283519334276,,0,
111.0,25.0,1,-340.9668748895408,,0,
112.0,25.0,1,-352.78011833811615,,0,
113.0,25.0,1,-364.411404764227,-325.695607,1,38.71579776422698
114.0,25.0,1,-375.68911999949705,,0,
115.0,25.0,1,-386.4308748916628,,0,
116.0,25.0,1,-396.4295448797566,,0,
117.0,25.0,1,-405.4313912541229,,0,
118.0,25.0,1,-413.09146784582845,,0,
119.0,25.0,1,-418.80720690415,-754.847915,1,-336.04070809584994
120.0,25.0,1,-421.55606654896474,,0,
121.0,25.0,1,-422.1575360040115,,0,
122.0,25.0,1,-420.9999207430428,,0,
123.0,25.0,1,-418.2083488034732,,0,
124.0,25.0,1,-413.87726984881374,,0,
125.0,25.0,1,-408.18030137191727,-566.012765,1,-157.83246362808268
126.0,25.0,1,-401.3272211124822,,0,
127.0,25.0,1,-393.5060291995396,,0,
128.0,25.0,2,-384.86249546000545,,0,
129.0,25.0,2,-375.4682317851948,,0,
130.0,25.0,2,-365.30224205487684,,0,
131.0,25.0,2,-354.2864677348298,-314.828407,1,39.45806073482976
132.0,25.0,2,-342.3355993360419,,0,
133.0,25.0,2,-329.381785988453,,0,
134.0,25.0,2,-315.3810212980734,,0,
135.0,25.0,2,-300.3140711661581,,0,
136.0,25.0,2,-284.18691248327013,,0,
137.0,25.0,2,-267.03167787325947,524.398548,1,791.4302258732595
138.0,25.0,2,-248.90794222582554,,0,
139.0,25.0,2,-229.9037349227401,,0,
140.0,25.0,2,-210.13517212234729,,0,
141.0,25.0,2,-189.74341108472436,,0,
142.0,25.0,2,-168.88917777588904,,0,
143.0,25.0,2,-147.7474795418566,-267.173672,1,-119.42619245814342
144.0,25.0,2,-126.50171567816142,,0,
145.0,25.0,2,-105.32959138010847,,0,
146.0,25.0,2,-84.38036576005106,,0,
147.0,25.0,2,-63.76177393090984,,0,
148.0,25.0,2,-43.55119440579438,,0,
149.0,25.0,2,-23.81814887510336,-744.81772,1,-720.9995711248966
150.0,25.0,2,-4.6391573259970755,,0,
151.0,25.0,2,13.898770581290592,,0,
152.0,25.0,2,31.70113985129865,,0,
153.0,25.0,2,48.67097615292005,,0,
154.0,25.0,2,64.71340409404183,,0,
155.0,25.0,2,79.7387318139954,-246.635095,1,-326.3738268139954
156.0,25.0,2,93.66384813114564,,0,
157.0,25.0,2,106.4124865337144,,0,
158.0,25.0,2,117.91586222003025,,0,
159.0,25.0,2,128.11751630916115,,0,
160.0,25.0,2,136.98526791522454,,0,
161.0,25.0,2,144.39717034665227,230.09698,1,85.69980965334773
162.0,25.0,2,149.86529585695826,,0,
163.0,25.0,3,152.96500959400873,,0,
164.0,25.0,3,153.99379605436116,,0,
165.0,25.0,3,153.3709774381423,,0,
166.0,25.0,3,151.40241423832413,,0,
167.0,25.0,3,148.35472062573535,460.349489,1,311.99476837426465
168.0,25.0,3,144.4897449689015,,0,
169.0,25.0,3,140.0770795904682,,0,
170.0,25.0,3,135.39775291689148,,0,
171.0,25.0,3,130.74348914164875,,0,
172.0,25.0,3,126.41321214464551,,0,
173.0,25.0,3,122.70741895684114,151.593098,1,28.88567904315886
174.0,25.0,3,119.92057594678772,,0,
175.0,25.0,3,118.33169092347089,,0,
176.0,25.0,3,118.19382338802097,,0,
177.0,25.0,3,119.72444408101728,,0,
178.0,25.0,3,123.09956180095833,,0,
179.0,25.0,3,128.45416205301444,-177.241247,1,-305.69540905301443
180.0,25.0,3,135.8887635250867,,0,
181.0,25.0,3,145.47682782186166,,0,
182.0,25.0,3,157.26170209706106,,0,
183.0,25.0,3,171.2305836349551,,0,
184.0,25.0,3,187.2707593753439,,0,
185.0,25.0,3,205.14503447766765,-376.087615,1,-581.2326494776677
186.0,25.0,3,224.51380857979166,,0,
187.0,25.0,3,244.97934366251866,,0,
188.0,25.0,3,266.1181516203578,,0,
189.0,25.0,3,287.49837584346096,,0,
190.0,25.0,3,308.69513010319497,,0,
191.0,25.0,3,329.31284753138607,204.250803,1,-125.06204453138608
192.0,25.0,3,349.01418340457894,,0,
193.0,25.0,3,367.5469868561777,,0,
194.0,25.0,3,384.7584313963089,,0,
195.0,25.0,3,400.59067403203517,,0,
196.0,25.0,3,415.0615778966312,,0,
197.0,25.0,3,428.23968279661494,422.635919,1,-5.603763796614942
198.0,25.0,3,440.22164129799785,,0,
199.0,25.0,3,451.11588484768436,,0,
0.0,26.0,0,250.6679880178126,,0,
1.0,26.0,0,236.3807958343241,,0,
2.0,26.0,0,221.7736867570202,,0,
3.0,26.0,0,206.85999246877327,,0,
4.0,26.0,0,191.65978270875348,-373.537063,1,-565.1968457087535
5.0,26.0,0,176.20138303213753,,0,
6.0,26.0,0,160.52343686690438,,0,
7.0,26.0,0,144.6779805454862,,0,
8.0,26.0,0,128.73559731988644,,0,
9.0,26.0,0,112.79544135493052,,0,
10.0,26.0,0,97.00859912933083,-72.498732,1,-169.50733112933085
11.0,26.0,0,81.62681849515502,,0,
12.0,26.0,0,66.86373337724945,,0,
13.0,26.0,0,52.53879469005187,,0,
14.0,26.0,0,38.434806130571815,,0,
15.0,26.0,0,24.438246155343222,,0,
16.0,26.0,0,10.492166106661898,133.834797,1,123.34263089333811
17.0,26.0,0,-3.425603615891305,,0,
18.0,26.0,0,-17.311263399766176,,0,
19.0,26.0,0,-31.13971984138334,,0,
20.0,26.0,0,-44.86825172722456,,0,
21.0,26.0,0,-58.44038244883632,,0,
22.0,26.0,0,-71.79036325024208,-343.832834,1,-272.0424707497579
23.0,26.0,0,-84.84835224725612,,0,
24.0,26.0,0,-97.54646360050538,,0,
25.0,26.0,0,-109.82633974692726,,0,
26.0,26.0,0,-121.64972772833426,,0,
27.0,26.0,0,-133.01487987568544,,0,
28.0,26.0,0,-143.98515663316357,-174.427611,1,-30.442454366836444
29.0,26.0,0,-154.7370598814232,,0,
30.0,26.0,0,-165.44817999890074,,0,
31.0,26.0,0,-175.99857597351001,,0,
32.0,26.0,0,-186.25570368127956,,0,
33.0,26.0,0,-196.17887441390485,,0,
34.0,26.0,0,-205.77065956204024,-414.159746,1,-208.38908643795975
35.0,26.0,0,-215.0515203522009,,0,
36.0,26.0,0,-224.04709622112568,,0,
37.0,26.0,0,-232.78028313280083,,0,
38.0,26.0,0,-241.26517491711274,,0,
39.0,26.0,0,-249.50181453061668,,0,
40.0,26.0,0,-257.4718638294653,-259.187131,1,-1.7152671705347302
41.0,26.0,0,-265.13648131187074,,0,
42.0,26.0,0,-272.43843441744684,,0,
43.0,26.0,0,-279.30870404914094,,0,
44.0,26.0,0,-285.67391343704367,,0,
45.0,26.0,0,-291.4620399606356,,0,
46.0,26.0,0,-296.6093544112591,-213.47975,1,83.12960441125912
47.0,26.0,0,-301.06942865186465,,0,
48.0,26.0,0,-304.81875682833925,,0,
49.0,26.0,0,-307.8545618939388,,0,
50.0,26.0,0,-310.187110037019,,0,
51.0,26.0,0,-311.83214660487283,,0,
52.0,26.0,0,-312.8053968767199,-155.337884,1,157.4675128767199
53.0,26.0,0,-313.1155749561858,,0,
54.0,26.0,0,-312.751785197368,,0,
55.0,26.0,0,-311.66438447035034,,0,
56.0,26.0,0,-309.73683642095057,,0,
57.0,26.0,0,-306.7304636566769,,0,
58.0,26.0,0,-302.07130341521406,-743.607536,1,-441.5362325847859
59.0,26.0,0,-294.6437482301808,,0,
60.0,26.0,0,-285.7711655477033,,0,
61.0,26.0,0,-276.2375075029813,,0,
62.0,26.0,0,-266.4954110269391,,0,
63.0,26.0,0,-256.87979520716544,,0,
64.0,26.0,0,-247.66108168832216,-479.611084,1,-231.95000231167785
65.0,26.0,0,-239.06784461459756,,0,
66.0,26.0,0,-231.2973568498055,,0,
67.0,26.0,0,-224.51764475319578,,0,
68.0,26.0,0,-218.86036347367917,,0,
69.0,26.0,0,-214.40473576232762,,0,
70.0,26.0,0,-211.15968238257847,-377.298477,1,-166.13879461742152
71.0,26.0,0,-209.05812679484006,,0,
72.0,26.0,0,-207.97165386012784,,0,
73.0,26.0,0,-207.7380931033549,,0,
74.0,26.0,0,-208.188094150697,,0,
75.0,26.0,0,-209.16258479091994,,0,
76.0,26.0,1,-210.5197507837729,-307.547403,1,-97.02765221622707
77.0,26.0,1,-212.13371626900607,,0,
78.0,26.0,1,-213.889365534862,,0,
79.0,26.0,1,-215.67840899221756,,0,
80.0,26.0,1,-217.40002128520428,,0,
81.0,26.0,1,-218.96670784056914,,0,
82.0,26.0,1,-220.31358914633165,-427.265625,1,-206.95203585366835
83.0,26.0,1,-221.4067591853891,,0,
84.0,26.0,1,-222.24543677097972,,0,
85.0,26.0,1,-222.85594682469036,,0,
86.0,26.0,1,-223.28104275979786,,0,
87.0,26.0,1,-223.57011809274263,,0,
88.0,26.0,1,-223.77341120141682,194.50049,1,418.27390120141683
89.0,26.0,1,-223.94015020709412,,0,
90.0,26.0,1,-224.11923971554643,,0,
91.0,26.0,1,-224.36125245112453,,0,
92.0,26.0,1,-224.7211877970185,,0,
93.0,26.0,1,-225.26254057557162,,0,
94.0,26.0,1,-226.06873665752573,-205.022598,1,21.046138657525745
95.0,26.0,1,-227.25399517230107,,0,
96.0,26.0,1,-228.82200074843422,,0,
97.0,26.0,1,-230.80833798962703,,0,
98.0,26.0,1,-233.27077346260558,,0,
99.0,26.0,1,-236.2790059614308,,0,
100.0,26.0,1,-239.91170790865726,-105.148108,1,134.76359990865728
101.0,26.0,1,-244.2543277650093,,0,
102.0,26.0,1,-249.39578941302352,,0,
103.0,26.0,1,-255.42180711846595,,0,
104.0,26.0,1,-262.40188412251064,,0,
105.0,26.0,1,-270.36912503886924,,0,
106.0,26.0,1,-279.2993376751583,-19.622176,1,259.6771616751583
107.0,26.0,1,-289.1029421260646,,0,
108.0,26.0,1,-299.6371407726001,,0,
109.0,26.0,1,-310.7298782828766,,0,
110.0,26.0,1,-322.20125186042424,,0,
111.0,26.0,1,-333.875395425378,,0,
112.0,26.0,1,-345.5835188803612,-479.225128,1,-133.64160911963876
113.0,26.0,1,-357.1609779172941,,0,
114.0,26.0,1,-368.44035272727524,,0,
115.0,26.0,1,-379.24096605334125,,0,
116.0,26.0,1,-389.3533897875568,,0,
117.0,26.0,1,-398.51359338190287,,0,
118.0,26.0,1,-406.34932723471866,-479.46352,1,-73.11419276528136
119.0,26.0,1,-412.273661944123,,0,
120.0,26.0,1,-415.77294148499277,,0,
121.0,26.0,1,-417.15023747767555,,0,
122.0,26.0,1,-416.761814311285,,0,
123.0,26.0,1,-414.6954071058244,,0,
124.0,26.0,1,-410.9701595078441,-517.194822,1,-106.22466249215597
125.0,26.0,1,-405.8310073021039,,0,
126.0,26.0,1,-399.5404448911286,,0,
127.0,26.0,1,-392.30731096191084,,0,
128.0,26.0,2,-384.31723473244347,,0,
129.0,26.0,2,-375.6658802701422,,0,
130.0,26.0,2,-366.284281996197,-341.880347,1,24.40393499619705
131.0,26.0,2,-356.0317254050824,,0,
132.0,26.0,2,-344.7891424352056,,0,
133.0,26.0,2,-332.4737160546447,,0,
134.0,26.0,2,-319.0336732539381,,0,
135.0,26.0,2,-304.4445902601292,,0,
136.0,26.0,2,-288.7083335815332,117.482617,1,406.19095058153323
137.0,26.0,2,-271.853459181777,,0,
138.0,26.0,2,-253.93613955808178,,0,
139.0,26.0,2,-235.0409000220534,,0,
140.0,26.0,2,-215.28058796552796,,0,
141.0,26.0,2,-194.7954823654618,,0,
142.0,26.0,2,-173.75246443459946,77.59303,1,251.34549443459946
143.0,26.0,2,-152.34513552927456,,0,
144.0,26.0,2,-130.79060013686103,,0,
145.0,26.0,2,-109.3075490664196,,0,
146.0,26.0,2,-88.06655473720912,,0,
147.0,26.0,2,-67.15752513180996,,0,
148.0,26.0,2,-46.621061367328366,-820.112035,1,-773.4909736326716
149.0,26.0,2,-26.497259006911918,,0,
150.0,26.0,2,-6.846309394542914,,0,
151.0,26.0,2,12.251592049931787,,0,
152.0,26.0,2,30.702276957432332,,0,
153.0,26.0,2,48.40364071193471,,0,
154.0,26.0,2,65.25017209596263,-364.77283,1,-430.0230020959626
155.0,26.0,2,81.13573337149865,,0,
156.0,26.0,2,95.95475939915195,,0,
157.0,26.0,2,109.602356425592,,0,
158.0,26.0,2,121.97432172207118,,0,
159.0,26.0,2,132.970304888393,,0,
160.0,26.0,2,142.525112230971,52.591428,1,-89.93368423097098
161.0,26.0,2,150.63668499822234,,0,
162.0,26.0,2,156.78153925181687,,0,
163.0,26.0,3,160.68727318826132,,0,
164.0,26.0,3,162.45224047183,,0,
165.0,26.0,3,162.35035606470956,,0,
166.0,26.0,3,160.66334118188388,905.939149,1,745.2758078181162
167.0,26.0,3,157.65987368125207,,0,
168.0,26.0,3,153.61029390290787,,0,
169.0,26.0,3,148.79702904965234,,0,
170.0,26.0,3,143.51856238139953,,0,
171.0,26.0,3,138.08912737393985,,0,
172.0,26.0,3,132.83557442236634,195.838983,1,63.00340857763368
173.0,26.0,3,128.09185367051396,,0,
174.0,26.0,3,124.1907606278728,,0,
175.0,26.0,3,121.45229411547189,,0,
176.0,26.0,3,120.16871893782809,,0,
177.0,26.0,3,120.58854119724128,,0,
178.0,26.0,3,122.90413833587445,-212.342187,1,-335.2463253358744
179.0,26.0,3,127.24806929161423,,0,
180.0,26.0,3,133.6989857578883,,0,
181.0,26.0,3,142.29133779014228,,0,
182.0,26.0,3,153.01889586973266,,0,
183.0,26.0,3,165.82532614673255,,0,
184.0,26.0,3,180.5865971390158,-393.369794,1,-573.9563911390158
185.0,26.0,3,197.10088601307507,,0,
186.0,26.0,3,215.09636731102728,,0,
187.0,26.0,3,234.2501218789257,,0,
188.0,26.0,3,254.20589295557875,,0,
189.0,26.0,3,274.5877857324231,,0,
190.0,26.0,3,295.01508406344146,-106.685388,1,-401.70047206344145
191.0,26.0,3,315.12266594555695,,0,
192.0,26.0,3,334.5857918631664,,0,
193.0,26.0,3,353.1430105493491,,0,
194.0,26.0,3,370.6100517267623,,0,
195.0,26.0,3,386.8810984968659,,0,
196.0,26.0,3,401.91905532097735,436.235227,1,34.31617167902266
197.0,26.0,3,415.73987282726375,,0,
198.0,26.0,3,428.3961606765042,,0,
199.0,26.0,3,439.9633075743768,,0,
0.0,27.0,0,246.06959168508183,,0,
1.0,27.0,0,231.9125145848957,,0,
2.0,27.0,0,217.46943449790706,,0,
3.0,27.0,0,202.7569137585524,-429.58776,1,-632.3446737585524
4.0,27.0,0,187.79829380342562,,0,
5.0,27.0,0,172.62525085778907,,0,
6.0,27.0,0,157.27996133753186,,0,
7.0,27.0,0,141.81835120070537,,0,
8.0,27.0,0,126.31530767364166,,0,
9.0,27.0,0,110.87314427921956,-350.167985,1,-461.04112927921955
10.0,27.0,0,95.63212695313268,,0,
11.0,27.0,0,80.75919918071304,,0,
12.0,27.0,0,66.34877071334631,,0,
13.0,27.0,0,52.32634665599471,,0,
14.0,27.0,0,38.54642279939435,,0,
15.0,27.0,0,24.89346255383134,186.721882,1,161.82841944616865
16.0,27.0,0,11.295285624291864,,0,
17.0,27.0,0,-2.2851465015119174,,0,
18.0,27.0,0,-15.856152500098688,,0,
19.0,27.0,0,-29.401460799232154,,0,
20.0,27.0,0,-42.883992828035844,,0,
21.0,27.0,0,-56.25048947730102,-260.585709,1,-204.335219522699
22.0,27.0,0,-69.43730605518795,,0,
23.0,27.0,0,-82.3772154599792,,0,
24.0,27.0,0,-95.00707540105941,,0,
25.0,27.0,0,-107.27663407672662,,0,
26.0,27.0,0,-119.15931422259018,,0,
27.0,27.0,0,-130.6660366616852,-337.238024,1,-206.57198733831478
28.0,27.0,0,-141.86044383977423,,0,
29.0,27.0,0,-152.85428962483275,,0,
30.0,27.0,0,-163.72660849016393,,0,
31.0,27.0,0,-174.44074508598715,,0,
32.0,27.0,0,-184.918072221888,,0,
33.0,27.0,0,-195.11256663373206,-542.031159,1,-346.91859236626794
34.0,27.0,0,-205.01314954155532,,0,
35.0,27.0,0,-214.6291645205165,,0,
36.0,27.0,0,-223.97862004186027,,0,
37.0,27.0,0,-233.07968619741587,,0,
38.0,27.0,0,-241.94378386210883,,0,
39.0,27.0,0,-250.56905847452435,-226.743991,1,23.82506747452436
40.0,27.0,0,-258.9338556902221,,0,
41.0,27.0,0,-266.9915876806044,,0,
42.0,27.0,0,-274.67165794641187,,0,
43.0,27.0,0,-281.89027410154813,,0,
44.0,27.0,0,-288.5614226264297,,0,
45.0,27.0,0,-294.5987426719512,-232.93662,1,61.66212267195118
46.0,27.0,0,-299.9227515807215,,0,
47.0,27.0,0,-304.4794227710081,,0,
48.0,27.0,0,-308.25354832648736,,0,
49.0,27.0,0,-311.26423434554454,,0,
50.0,27.0,0,-313.5482634415821,,0,
51.0,27.0,0,-315.14398241341405,-298.391332,1,16.752650413414074
52.0,27.0,0,-316.0807878884516,,0,
53.0,27.0,0,-316.37117629636487,,0,
54.0,27.0,0,-316.0004306695773,,0,
55.0,27.0,0,-314.9099053117461,,0,
56.0,27.0,0,-312.9670513791498,,0,
57.0,27.0,0,-309.89968378927733,-665.659874,1,-355.7601902107226
58.0,27.0,0,-305.16140911119874,,0,
59.0,27.0,0,-298.31592744846785,,0,
60.0,27.0,0,-290.02220626922644,,0,
61.0,27.0,0,-281.0490526786416,,0,
62.0,27.0,0,-271.89022138286964,,0,
63.0,27.0,0,-262.8976338801149,-408.097305,1,-145.19967111988512
64.0,27.0,0,-254.34451678384357,,0,
65.0,27.0,0,-246.4512328852943,,0,
66.0,27.0,0,-239.39626422787842,,0,
67.0,27.0,0,-233.31869093815476,,0,
68.0,27.0,0,-228.31401191053737,,0,
69.0,27.0,0,-224.42541452430305,-466.521131,1,-242.09571647569697
70.0,27.0,0,-221.6353798635355,,0,
71.0,27.0,0,-219.864334840413,,0,
72.0,27.0,0,-218.9802736450365,,0,
73.0,27.0,0,-218.8174538802341,,0,
74.0,27.0,0,-219.1988506648413,,0,
75.0,27.0,1,-219.95706244811663,-346.565248,1,-126.60818555188337
76.0,27.0,1,-220.9486616159993,,0,
77.0,27.0,1,-222.0577126517328,,0,
78.0,27.0,1,-223.18844419156085,,0,
79.0,27.0,1,-224.2533227214517,,0,
80.0,27.0,1,-225.16545291669718,,0,
81.0,27.0,1,-225.84183354496054,-468.414485,1,-242.57265145503948
82.0,27.0,1,-226.21836397243896,,0,
83.0,27.0,1,-226.26894840209934,,0,
84.0,27.0,1,-226.01445313214936,,0,
85.0,27.0,1,-225.51361551673835,,0,
86.0,27.0,1,-224.84348353528912,,0,
87.0,27.0,1,-224.08246277402213,-106.796393,1,117.28606977402214
88.0,27.0,1,-223.30183456399755,,0,
89.0,27.0,1,-222.56432345183202,,0,
90.0,27.0,1,-221.9263990006948,,0,
91.0,27.0,1,-221.4420269705006,,0,
92.0,27.0,1,-221.16704789427968,,0,
93.0,27.0,1,-221.16486318800526,13.779019,1,234.94388218800526
94.0,27.0,1,-221.51491671575423,,0,
95.0,27.0,1,-222.29595697213517,,0,
96.0,27.0,1,-223.5401712554103,,0,
97.0,27.0,1,-225.2807250267124,,0,
98.0,27.0,1,-227.5700555898875,,0,
99.0,27.0,1,-230.4726854847977,-90.130435,1,140.3422504847977
100.0,27.0,1,-234.06035069562859,,0,
101.0,27.0,1,-238.40752494598814,,0,
102.0,27.0,1,-243.58571864633996,,0,
103.0,27.0,1,-249.65549941664267,,0,
104.0,27.0,1,-256.6556778719332,,0,
105.0,27.0,1,-264.590768435417,117.287824,1,381.878592435417
106.0,27.0,1,-273.42078713335286,,0,
107.0,27.0,1,-283.05899475563274,,0,
108.0,27.0,1,-293.379938904367,,0,
109.0,27.0,1,-304.2339898347127,,0,
110.0,27.0,1,-315.46162511426155,,0,
111.0,27.0,1,-326.90280291916883,-510.602743,1,-183.69994008083114
112.0,27.0,1,-338.4002522972569,,0,
113.0,27.0,1,-349.79740720894733,,0,
114.0,27.0,1,-360.93186690357834,,0,
115.0,27.0,1,-371.62453057145103,,0,
116.0,27.0,1,-381.66341479890616,,0,
117.0,27.0,1,-390.7801570690681,-362.211376,1,28.56878106906811
118.0,27.0,1,-398.62237838150395,,0,
119.0,27.0,1,-404.7726183487184,,0,
120.0,27.0,1,-408.95303616066303,,0,
121.0,27.0,1,-411.2241298103436,,0,
122.0,27.0,1,-411.77054239701283,,0,
123.0,27.0,1,-410.6443214993378,-517.65069,1,-107.00636850066223
124.0,27.0,1,-407.69627558815773,,0,
125.0,27.0,1,-403.3275713144558,,0,
126.0,27.0,1,-397.7969668935075,,0,
127.0,27.0,1,-391.30485488835257,,0,
128.0,27.0,2,-384.09648170567016,,0,
129.0,27.0,2,-376.3577299194203,-369.257,1,7.100729919420303
130.0,27.0,2,-367.9097559171132,,0,
131.0,27.0,2,-358.53137785639774,,0,
132.0,27.0,2,-348.0875745239973,,0,
133.0,27.0,2,-336.4912677864395,,0,
134.0,27.0,2,-323.68707139945764,,0,
135.0,27.0,2,-309.6464955193951,-153.481863,1,156.1646325193951
136.0,27.0,2,-294.36712425871156,,0,
137.0,27.0,2,-277.87323771649244,,0,
138.0,27.0,2,-260.21681755846384,,0,
139.0,27.0,2,-241.47835599214523,,0,
140.0,27.0,2,-221.76720468112762,,0,
141.0,27.0,2,-201.22182361110936,476.565281,1,677.7871046111094
142.0,27.0,2,-180.01139889336628,,0,
143.0,27.0,2,-158.341245021722,,0,
144.0,27.0,2,-136.46159419410105,,0,
145.0,27.0,2,-114.65548394048528,,0,
146.0,27.0,2,-93.13800856078251,,0,
147.0,27.0,2,-71.95801577413658,-539.528777,1,-467.5707612258634
148.0,27.0,2,-51.095526682147465,,0,
149.0,27.0,2,-30.561271876293176,,0,
150.0,27.0,2,-10.406695484860393,,0,
151.0,27.0,2,9.288397028565669,,0,
152.0,27.0,2,28.42611924560333,,0,
153.0,27.0,2,46.897206291527255,-457.57561,1,-504.47281629152724
154.0,27.0,2,64.58517825899253,,0,
155.0,27.0,2,81.368707388654,,0,
156.0,27.0,2,97.12276604480576,,0,
157.0,27.0,2,111.71935906453109,,0,
158.0,27.0,2,125.02961990434778,,0,
159.0,27.0,2,136.9325580861041,-122.484494,1,-259.4170520861041
160.0,27.0,2,147.33955784197315,,0,
161.0,27.0,2,156.1241145894528,,0,
162.0,27.0,3,162.9632347047318,,0,
163.0,27.0,3,167.6255761045104,,0,
164.0,27.0,3,170.10864383135777,,0,
165.0,27.0,3,170.5662104652256,871.917634,1,701.3514235347744
166.0,27.0,3,169.2194189009315,,0,
167.0,27.0,3,166.31732218102843,,0,
168.0,27.0,3,162.13010417451733,,0,
169.0,27.0,3,156.95046780274424,,0,
170.0,27.0,3,151.09428777403446,,0,
171.0,27.0,3,144.89916771066055,696.51817,1,551.6190022893395
172.0,27.0,3,138.72123447332706,,0,
173.0,27.0,3,132.93009633085603,,0,
174.0,27.0,3,127.90078599857225,,0,
175.0,27.0,3,124.00049218556524,,0,
176.0,27.0,3,121.56824930563744,,0,
177.0,27.0,3,120.88925790429494,-117.9248,1,-238.81405790429494
178.0,27.0,3,122.171805839429,,0,
179.0,27.0,3,125.53803796966531,,0,
180.0,27.0,3,131.03321633665473,,0,
181.0,27.0,3,138.64554085004056,,0,
182.0,27.0,3,148.3227922089609,,0,
183.0,27.0,3,159.97778253133583,-285.080469,1,-445.0582515313358
184.0,27.0,3,173.48488089596503,,0,
185.0,27.0,3,188.67567183551728,,0,
186.0,27.0,3,205.33906186637614,,0,
187.0,27.0,3,223.22444514562085,,0,
188.0,27.0,3,242.04462999298994,,0,
189.0,27.0,3,261.4797088200976,-125.747662,1,-387.2273708200976
190.0,27.0,3,281.1870742505489,,0,
191.0,27.0,3,300.82076420362864,,0,
192.0,27.0,3,320.05709132234915,,0,
193.0,27.0,3,338.61906193009054,,0,
194.0,27.0,3,356.292681321871,,0,
195.0,27.0,3,372.9323141943678,522.210871,1,149.2785568056322
196.0,27.0,3,388.45652113146207,,0,
197.0,27.0,3,402.8381057900551,,0,
198.0,27.0,3,416.0921727810637,,0,
199.0,27.0,3,428.2647055769485,,0,
0.0,28.0,0,241.5583469742487,,0,
1.0,28.0,0,227.55388433800545,,0,
2.0,28.0,0,213.29880476082326,-357.355453,1,-570.6542577608233
3.0,28.0,0,198.81303676161042,,0,
4.0,28.0,0,184.12332548863196,,0,
5.0,28.0,0,169.264716583697,,0,
6.0,28.0,0,154.2825295649527,,0,
7.0,28.0,0,139.23502269835444,,0,
8.0,28.0,0,124.19678391211346,-456.665856,1,-580.8626399121135
9.0,28.0,0,109.26174056706077,,0,
10.0,28.0,0,94.54031313640007,,0,
11.0,28.0,0,80.13647745182243,,0,
12.0,28.0,0,66.09765801770845,,0,
13.0,28.0,0,52.38298899756046,,0,
14.0,28.0,0,38.896379973273724,152.080919,1,113.18453902672627
15.0,28.0,0,25.538439802949142,,0,
16.0,28.0,0,12.232030047453009,,0,
17.0,28.0,0,-1.0715703377500176,,0,
18.0,28.0,0,-14.392339076817734,,0,
19.0,28.0,0,-27.722755743528978,,0,
20.0,28.0,0,-41.03075166471535,-255.001717,1,-213.97096533528466
21.0,28.0,0,-54.26498025992623,,0,
22.0,28.0,0,-67.36220533715823,,0,
23.0,28.0,0,-80.25594661563446,,0,
24.0,28.0,0,-92.88555460382486,,0,
25.0,28.0,0,-105.20536540544708,,0,
26.0,28.0,0,-117.19386224368645,-539.635839,1,-422.4419767563136
27.0,28.0,0,-128.86188138110447,,0,
28.0,28.0,0,-140.25497675212682,,0,
29.0,28.0,0,-151.43741952151322,,0,
30.0,28.0,0,-162.4511353479611,,0,
31.0,28.0,0,-173.2867629445209,,0,
32.0,28.0,0,-183.90551695865724,-616.112077,1,-432.20656004134275
33.0,28.0,0,-194.2748384479637,,0,
34.0,28.0,0,-204.3814737458597,,0,
35.0,28.0,0,-214.22853471167764,,0,
36.0,28.0,0,-223.828432745795,,0,
37.0,28.0,0,-233.19591464598852,,0,
38.0,28.0,0,-242.3415201033713,-336.778049,1,-94.43652889662872
39.0,28.0,0,-251.26458417588583,,0,
40.0,28.0,0,-259.94459518705116,,0,
41.0,28.0,0,-268.3306000208686,,0,
42.0,28.0,0,-276.33553523039154,,0,
43.0,28.0,0,-283.8561367405164,,0,
44.0,28.0,0,-290.7971806915157,-234.535526,1,56.26165469151567
45.0,28.0,0,-297.0538212257379,,0,
46.0,28.0,0,-302.5151934014575,,0,
47.0,28.0,0,-307.10787349088423,,0,
48.0,28.0,0,-310.8264693851452,,0,
49.0,28.0,0,-313.7202620631506,,0,
50.0,28.0,0,-315.8571341556235,-496.707996,1,-180.85086184437648
51.0,28.0,0,-317.2964025305664,,0,
52.0,28.0,0,-318.0764899051501,,0,
53.0,28.0,0,-318.208895489377,,0,
54.0,28.0,0,-317.67056313894864,,0,
55.0,28.0,0,-316.3898623848727,,0,
56.0,28.0,0,-314.2226714887838,-416.322832,1,-102.10016051121619
57.0,28.0,0,-310.92251338378264,,0,
58.0,28.0,0,-306.17110835827043,,0,
59.0,28.0,0,-299.8522196650265,,0,
60.0,28.0,0,-292.31819718223414,,0,
61.0,28.0,0,-284.12071408783413,,0,
62.0,28.0,0,-275.7341092464776,-289.838261,1,-14.104151753522387
63.0,28.0,0,-267.5218800101611,,0,
64.0,28.0,0,-259.7634936046088,,0,
65.0,28.0,0,-252.67531329735357,,0,
66.0,28.0,0,-246.42177156181424,,0,
67.0,28.0,0,-241.11960552489109,,0,
68.0,28.0,0,-236.83717161451204,-426.439242,1,-189.60207038548793
69.0,28.0,0,-233.59088477618388,,0,
70.0,28.0,0,-231.34178295000675,,0,
71.0,28.0,0,-229.99570768568083,,0,
72.0,28.0,0,-229.4096381308591,,0,
73.0,28.0,0,-229.4051944021121,,0,
74.0,28.0,0,-229.78956458689208,-443.489264,1,-213.6996994131079
75.0,28.0,1,-230.382330988783,,0,
76.0,28.0,1,-231.04034817528736,,0,
77.0,28.0,1,-231.66667933909957,,0,
78.0,28.0,1,-232.19676758679998,,0,
79.0,28.0,1,-232.57243158995698,,0,
80.0,28.0,1,-232.7218510727198,-259.560976,1,-26.83912492728018
81.0,28.0,1,-232.55889665158247,,0,
82.0,28.0,1,-232.00788980619836,,0,
83.0,28.0,1,-231.04401374168447,,0,
84.0,28.0,1,-229.71568051534268,,0,
85.0,28.0,1,-228.1256438815417,,0,
86.0,28.0,1,-226.3927642212584,-456.025535,1,-229.6327707787416
87.0,28.0,1,-224.62560822873638,,0,
88.0,28.0,1,-222.9139706069036,,0,
89.0,28.0,1,-221.33061323986112,,0,
90.0,28.0,1,-219.93653833582357,,0,
91.0,28.0,1,-218.78679976781495,,0,
92.0,28.0,1,-217.93602047969762,270.343507,1,488.2795274796976
93.0,28.0,1,-217.44329610915884,,0,
94.0,28.0,1,-217.3734292516492,,0,
95.0,28.0,1,-217.78588935599828,,0,
96.0,28.0,1,-218.7234774711069,,0,
97.0,28.0,1,-220.22580985378772,,0,
98.0,28.0,1,-222.3422266544476,-216.44948,1,5.892746654447592
99.0,28.0,1,-225.13185874902047,,0,
100.0,28.0,1,-228.65919528871382,,0,
101.0,28.0,1,-232.9880380563418,,0,
102.0,28.0,1,-238.1740563486128,,0,
103.0,28.0,1,-244.25628882624005,,0,
104.0,28.0,1,-251.2485075554514,285.546438,1,536.7949455554515
105.0,28.0,1,-259.13197871977536,,0,
106.0,28.0,1,-267.8516763171756,,0,
107.0,28.0,1,-277.3177588433573,,0,
108.0,28.0,1,-287.41243699162806,,0,
109.0,28.0,1,-297.9999981059909,,0,
110.0,28.0,1,-308.9365479658445,-463.983898,1,-155.0473500341555
111.0,28.0,1,-320.076698414623,,0,
112.0,28.0,1,-331.2759467046726,,0,
113.0,28.0,1,-342.3886275449886,,0,
114.0,28.0,1,-353.26171747709304,,0,
115.0,28.0,1,-363.72477538069506,,0,
116.0,28.0,1,-373.57664935060893,-409.95332,1,-36.37667064939109
117.0,28.0,1,-382.5720528547099,,0,
118.0,28.0,1,-390.4204102285112,,0,
119.0,28.0,1,-396.8277546992849,,0,
120.0,28.0,1,-401.59693244461596,,0,
121.0,28.0,1,-404.6892804904319,,0,
122.0,28.0,1,-406.144827078595,-543.514845,1,-137.37001792140506
123.0,28.0,1,-405.9495435872268,,0,
124.0,28.0,1,-404.0869966386017,,0,
125.0,28.0,1,-400.77927026731504,,0,
126.0,28.0,1,-396.2654163466932,,0,
127.0,28.0,1,-390.7351405817026,,0,
128.0,28.0,2,-384.43718179022835,-243.029195,1,141.40798679022836
129.0,28.0,2,-377.76702616376133,,0,
130.0,28.0,2,-370.3239089336603,,0,
131.0,28.0,2,-361.8723478497632,,0,
132.0,28.0,2,-352.2814674505098,,0,
133.0,28.0,2,-341.46179643232244,,0,
134.0,28.0,2,-329.352993859291,-271.466972,1,57.88602185929102
135.0,28.0,2,-315.92086739305705,,0,
136.0,28.0,2,-301.1573477370803,,0,
137.0,28.0,2,-285.08147231672956,,0,
138.0,28.0,2,-267.74059435146955,,0,
139.0,28.0,2,-249.211392130077,,0,
140.0,28.0,2,-229.60040455732087,430.52681,1,660.1272145573209
141.0,28.0,2,-209.04426407602296,,0,
142.0,28.0,2,-187.7109898286435,,0,
143.0,28.0,2,-165.80607597191192,,0,
144.0,28.0,2,-143.59290101824445,,0,
145.0,28.0,2,-121.43999536494084,,0,
146.0,28.0,2,-99.67944649154379,-307.154854,1,-207.47540750845621
147.0,28.0,2,-78.24570862061228,,0,
148.0,28.0,2,-57.036337439545605,,0,
149.0,28.0,2,-36.05244273134849,,0,
150.0,28.0,2,-15.349008204600977,,0,
151.0,28.0,2,4.989379178616218,,0,
152.0,28.0,2,24.859364253337844,-441.487354,1,-466.3467182533378
153.0,28.0,2,44.144566522383684,,0,
154.0,28.0,2,62.718872974921396,,0,
155.0,28.0,2,80.4483159773954,,0,
156.0,28.0,2,97.19223756348947,,0,
157.0,28.0,2,112.80465847855703,,0,
158.0,28.0,2,127.1373079715886,-387.570811,1,-514.7081189715886
159.0,28.0,2,140.04521570172074,,0,
160.0,28.0,2,151.3849826994774,,0,
161.0,28.0,2,160.97538071284362,,0,
162.0,28.0,3,168.57880125199154,,0,
163.0,28.0,3,174.00468637438462,,0,
164.0,28.0,3,177.19566614078212,737.439177,1,560.2435108592178
165.0,28.0,3,178.2222332039928,,0,
166.0,28.0,3,177.24351357053092,,0,
167.0,28.0,3,174.47715538396733,,0,
168.0,28.0,3,170.18473425897537,,0,
169.0,28.0,3,164.6650598479173,,0,
170.0,28.0,3,158.2496409213927,1196.91993,1,1038.6702890786073
171.0,28.0,3,151.29849247249513,,0,
172.0,28.0,3,144.1961762841529,,0,
173.0,28.0,3,137.34772258006706,,0,
174.0,28.0,3,131.17248669491892,,0,
175.0,28.0,3,126.09149797153805,,0,
176.0,28.0,3,122.50215332502557,208.111794,1,85.60964067497443
177.0,28.0,3,120.73816048327717,,0,
178.0,28.0,3,121.0270251563743,,0,
179.0,28.0,3,123.47108582926012,,0,
180.0,28.0,3,128.06647027475265,,0,
181.0,28.0,3,134.74376908324848,,0,
182.0,28.0,3,143.40326234368695,18.33633,1,-125.06693234368694
183.0,28.0,3,153.9325769764837,,0,
184.0,28.0,3,166.21040286736388,,0,
185.0,28.0,3,180.10387211222405,,0,
186.0,28.0,3,195.46325912333668,,0,
187.0,28.0,3,212.11304028795712,,0,
188.0,28.0,3,229.8389139083447,-228.000316,1,-457.8392299083447
189.0,28.0,3,248.37681487293958,,0,
190.0,28.0,3,267.4148575340805,,0,
191.0,28.0,3,286.6137732684583,,0,
192.0,28.0,3,305.63910881604534,,0,
193.0,28.0,3,324.19204248971073,,0,
194.0,28.0,3,342.0295906250976,502.00515,1,159.9755593749024
195.0,28.0,3,358.9724148573223,,0,
196.0,28.0,3,374.9031938608023,,0,
197.0,28.0,3,389.7597231859545,,0,
198.0,28.0,3,403.5260180608602,,0,
199.0,28.0,3,416.2231453301356,,0,
0.0,29.0,0,237.12333868581482,,0,
1.0,29.0,0,223.28822324605426,-358.582307,1,-581.8705302460543
2.0,29.0,0,209.2380793644843,,0,
3.0,29.0,0,194.99594063409313,,0,
4.0,29.0,0,180.59150194349058,,0,
5.0,29.0,0,166.062334505521,,0,
6.0,29.0,0,151.45529793281457,,0,
7.0,29.0,0,136.8280057230295,-459.049162,1,-595.8771677230295
8.0,29.0,0,122.24972758471267,,0,
9.0,29.0,0,107.79990343938698,,0,
10.0,29.0,0,93.56033266935265,,0,
11.0,29.0,0,79.59658923203096,,0,
12.0,29.0,0,65.93265712272841,,0,
13.0,29.0,0,52.538089598485385,5.931995,1,-46.606094598485384
14.0,29.0,0,39.34156069297751,,0,
15.0,29.0,0,26.25777538176044,,0,
16.0,29.0,0,13.209101882501272,,0,
17.0,29.0,0,0.13807461502437945,,0,
18.0,29.0,0,-12.985667876841035,,0,
19.0,29.0,0,-26.16214734751702,-111.101095,1,-84.93894765248298
20.0,29.0,0,-39.36210197050241,,0,
21.0,29.0,0,-52.532856799065485,,0,
22.0,29.0,0,-65.60786023042601,,0,
23.0,29.0,0,-78.51760484684928,,0,
24.0,29.0,0,-91.19997517979937,,0,
25.0,29.0,0,-103.6090581704193,-579.394237,1,-475.7851788295807
26.0,29.0,0,-115.7219150269666,,0,
27.0,29.0,0,-127.54204392897373,,0,
28.0,29.0,0,-139.09631378162885,,0,
29.0,29.0,0,-150.4214311020187,,0,
30.0,29.0,0,-161.54286128952663,,0,
31.0,29.0,0,-172.4619185627016,-612.649401,1,-440.1874824372984
32.0,29.0,0,-183.16254746253253,,0,
33.0,29.0,0,-193.6273285409261,,0,
34.0,29.0,0,-203.8476841058,,0,
35.0,29.0,0,-213.82559504737583,,0,
36.0,29.0,0,-223.57071593539877,,0,
37.0,29.0,0,-233.095967053785,-426.800311,1,-193.70434394621503
38.0,29.0,0,-242.41256836618413,,0,
39.0,29.0,0,-251.52402183391678,,0,
40.0,29.0,0,-260.41734130694385,,0,
41.0,29.0,0,-269.0478139590414,,0,
42.0,29.0,0,-277.31275369253126,,0,
43.0,29.0,0,-285.0757368829072,-283.553981,1,1.5217558829072004
44.0,29.0,0,-292.25459560944,,0,
45.0,29.0,0,-298.71991093867837,,0,
46.0,29.0,0,-304.29646029827563,,0,
47.0,29.0,0,-308.8689465083917,,0,
48.0,29.0,0,-312.4512554821922,,0,
49.0,29.0,0,-315.1427082303853,-584.865085,1,-269.7223767696147
50.0,29.0,0,-317.0498043509724,,0,
51.0,29.0,0,-318.2499721028471,,0,
52.0,29.0,0,-318.7857456003185,,0,
53.0,29.0,0,-318.6654038964116,,0,
54.0,29.0,0,-317.8605785905238,,0,
55.0,29.0,0,-316.2992770447181,-194.733667,1,121.56561004471811
56.0,29.0,0,-313.85797515796366,,0,
57.0,29.0,0,-310.3687264465261,,0,
58.0,29.0,0,-305.6812044549879,,0,
59.0,29.0,0,-299.79963554189453,,0,
60.0,29.0,0,-292.96926724956575,,0,
61.0,29.0,0,-285.58473573620176,-285.877564,1,-0.292828263798242
62.0,29.0,0,-278.04808479038184,,0,
63.0,29.0,0,-270.7020626863887,,0,
64.0,29.0,0,-263.8192341750291,,0,
65.0,29.0,0,-257.6076436323783,,0,
66.0,29.0,0,-252.21769473934546,,0,
67.0,29.0,0,-247.7467146409017,-430.5804,1,-182.8336853590983
68.0,29.0,0,-244.24089446591097,,0,
69.0,29.0,0,-241.69529352655445,,0,
70.0,29.0,0,-240.05321142369212,,0,
71.0,29.0,0,-239.20649554329066,,0,
72.0,29.0,0,-238.99837565435882,,0,
73.0,29.0,0,-239.2313737126533,-515.941006,1,-276.7096322873467
74.0,29.0,0,-239.68591451385146,,0,
75.0,29.0,1,-240.15639286818623,,0,
76.0,29.0,1,-240.49694875610294,,0,
77.0,29.0,1,-240.64226024651362,,0,
78.0,29.0,1,-240.57921416747922,,0,
79.0,29.0,1,-240.29481197388486,-161.160383,1,79.13442897388487
80.0,29.0,1,-239.73736704204748,,0,
81.0,29.0,1,-238.8072032775235,,0,
82.0,29.0,1,-237.39212443883298,,0,
83.0,29.0,1,-235.4522756143706,,0,
84.0,29.0,1,-233.0764960156812,,0,
85.0,29.0,1,-230.43314190595538,-585.348053,1,-354.91491109404467
86.0,29.0,1,-227.69127656048295,,0,
87.0,29.0,1,-224.98688219329233,,0,
88.0,29.0,1,-222.42217894844362,,0,
89.0,29.0,1,-220.07439246129798,,0,
90.0,29.0,1,-218.004808788246,,0,
91.0,29.0,1,-216.26621530249395,374.473564,1,590.739779302494
92.0,29.0,1,-214.90863694690051,,0,
93.0,29.0,1,-213.98302778609832,,0,
94.0,29.0,1,-213.5413713930211,,0,
95.0,29.0,1,-213.63245681699755,,0,
96.0,29.0,1,-214.29936937367802,,0,
97.0,29.0,1,-215.58466954295727,-189.802376,1,25.782293542957262
98.0,29.0,1,-217.53685613020207,,0,
99.0,29.0,1,-220.2116083419496,,0,
100.0,29.0,1,-223.66813605554125,,0,
101.0,29.0,1,-227.9621850348367,,0,
102.0,29.0,1,-233.1369333828734,,0,
103.0,29.0,1,-239.2136301144783,410.506155,1,649.7197851144783
104.0,29.0,1,-246.18437832382278,,0,
105.0,29.0,1,-254.00891262128061,,0,
106.0,29.0,1,-262.61582410230767,,0,
107.0,29.0,1,-271.9074794294065,,0,
108.0,29.0,1,-281.7672650883469,,0,
109.0,29.0,1,-292.0674945310084,-489.972109,1,-197.9046144689916
110.0,29.0,1,-302.67627465416626,,0,
111.0,29.0,1,-313.46196591936655,,0,
112.0,29.0,1,-324.29445481481525,,0,
113.0,29.0,1,-335.04298345515235,,0,
114.0,29.0,1,-345.5706404161392,,0,
115.0,29.0,1,-355.7260584818396,-480.542882,1,-124.81682351816045
116.0,29.0,1,-365.334018842299,,0,
117.0,29.0,1,-374.18951989617653,,0,
118.0,29.0,1,-382.0647290394845,,0,
119.0,29.0,1,-388.7395546155476,,0,
120.0,29.0,1,-394.0485117856806,,0,
121.0,29.0,1,-397.90354017932077,-575.308437,1,-177.40489682067926
122.0,29.0,1,-400.2647864077808,,0,
123.0,29.0,1,-401.1026801009575,,0,
124.0,29.0,1,-400.43472458180986,,0,
125.0,29.0,1,-398.3843418693259,,0,
126.0,29.0,1,-395.1262236120492,,0,
127.0,29.0,1,-390.84539870989283,-329.610403,1,61.234995709892814
128.0,29.0,2,-385.77776548239854,,0,
129.0,29.0,2,-380.09851796285875,,0,
130.0,29.0,2,-373.61617420278526,,0,
131.0,29.0,2,-366.0952248220274,,0,
132.0,29.0,2,-357.38511665858096,,0,
133.0,29.0,2,-347.38271431335124,-219.131889,1,128.25082531335124
134.0,29.0,2,-336.0168503171535,,0,
135.0,29.0,2,-323.24427469148213,,0,
136.0,29.0,2,-309.0493416952486,,0,
137.0,29.0,2,-293.4449058277314,,0,
138.0,29.0,2,-276.47362457904774,,0,
139.0,29.0,2,-258.2093470624641,-96.341187,1,161.86816006246409
140.0,29.0,2,-238.75807292156242,,0,
141.0,29.0,2,-218.25795459848632,,0,
142.0,29.0,2,-196.87905696767484,,0,
143.0,29.0,2,-174.82624166928144,,0,
144.0,29.0,2,-152.3540169323751,,0,
145.0,29.0,2,-129.84191030402144,31.915684,1,161.75759430402144
146.0,29.0,2,-107.86943180163507,,0,
147.0,29.0,2,-86.12457887362689,,0,
148.0,29.0,2,-64.495743702646,,0,
149.0,29.0,2,-42.996115148067474,,0,
150.0,29.0,2,-21.68579269025213,,0,
151.0,29.0,2,-0.6523918282146042,-262.118304,1,-261.4659121717854
152.0,29.0,2,19.997417108883383,,0,
153.0,29.0,2,40.14243508140498,,0,
154.0,29.0,2,59.64953169909859,,0,
155.0,29.0,2,78.3751347268335,,0,
156.0,29.0,2,96.16618572468724,,0,
157.0,29.0,2,112.86117547021422,-421.632962,1,-534.4941374702142
158.0,29.0,2,128.2916801945321,,0,
159.0,29.0,2,142.28318579518964,,0,
160.0,29.0,2,154.65020737016312,,0,
161.0,29.0,3,165.18537875778566,,0,
162.0,29.0,3,173.66937751119258,,0,
163.0,29.0,3,179.9212429628751,327.993982,1,148.0727390371249
164.0,29.0,3,183.8489213466819,,0,
165.0,29.0,3,185.4650633529236,,0,
166.0,29.0,3,184.87722585065603,,0,
167.0,29.0,3,182.27159550126817,,0,
168.0,29.0,3,177.89877126019564,,0,
169.0,29.0,3,172.06213562222547,807.21851,1,635.1563743777746
170.0,29.0,3,165.10791026379593,,0,
171.0,29.0,3,157.41705139139958,,0,
172.0,29.0,3,149.39975205582596,,0,
173.0,29.0,3,141.4927580842159,,0,
174.0,29.0,3,134.15770513908137,,0,
175.0,29.0,3,127.87427490529808,529.27462,1,401.40034509470195
176.0,29.0,3,123.11472536162182,,0,
177.0,29.0,3,120.28443317528581,,0,
178.0,29.0,3,119.64052771542629,,0,
179.0,29.0,3,121.25057283670321,,0,
180.0,29.0,3,125.03508625249378,,0,
181.0,29.0,3,130.84934278742185,1.862553,1,-128.98678978742186
182.0,29.0,3,138.54211550756372,,0,
183.0,29.0,3,147.97940623926115,,0,
184.0,29.0,3,159.0487066747155,,0,
185.0,29.0,3,171.65607439739688,,0,
186.0,29.0,3,185.71802192039468,,0,
187.0,29.0,3,201.1431626568301,-395.746352,1,-596.8895146568301
188.0,29.0,3,217.8002701487203,,0,
189.0,29.0,3,235.4837986344719,,0,
190.0,29.0,3,253.90268776995072,,0,
191.0,29.0,3,272.70719537312107,,0,
192.0,29.0,3,291.537548839362,,0,
193.0,29.0,3,310.06671505184204,58.916232,1,-251.15048305184203
194.0,29.0,3,328.02418309717905,,0,
195.0,29.0,3,345.2030991528154,,0,
196.0,29.0,3,361.4579443388211,,0,
197.0,29.0,3,376.6985671562579,,0,
198.0,29.0,3,390.88356764242053,,0,
199.0,29.0,3,404.01357172740245,-241.046478,1,-645.0600497274024
0.0,30.0,0,232.74822899619176,-422.404952,1,-655.1531809961917
1.0,30.0,0,219.0928271774028,,0,
2.0,30.0,0,205.25688501779223,,0,
3.0,30.0,0,191.26596649349085,,0,
4.0,30.0,0,177.15188250452047,,0,
5.0,30.0,0,162.95349290354352,,0,
6.0,30.0,0,148.7173873130232,-411.261338,1,-559.9787253130232
7.0,30.0,0,134.49810055581474,,0,
8.0,30.0,0,120.35709872965526,,0,
9.0,30.0,0,106.35912443044072,,0,
10.0,30.0,0,92.56407689541811,,0,
11.0,30.0,0,79.01394001313383,,0,
12.0,30.0,0,65.71878337049566,-117.156184,1,-182.87496737049565
13.0,30.0,0,52.65022740535642,,0,
14.0,30.0,0,39.74748627921508,,0,
15.0,30.0,0,26.932080268950813,,0,
16.0,30.0,0,14.124066349628265,,0,
17.0,30.0,0,1.2565911084820982,,0,
18.0,30.0,0,-11.711517152012675,185.82603,1,197.53754715201268
19.0,30.0,0,-24.786764068754565,,0,
20.0,30.0,0,-37.939166904310696,,0,
21.0,30.0,0,-51.10932371698436,,0,
22.0,30.0,0,-64.22159736300819,,0,
23.0,30.0,0,-77.19834223570433,,0,
24.0,30.0,0,-89.97158780753671,-489.344732,1,-399.3731441924633
25.0,30.0,0,-102.49108824921132,,0,
26.0,30.0,0,-114.72876910213381,,0,
27.0,30.0,0,-126.67923712913762,,0,
28.0,30.0,0,-138.35529824715923,,0,
29.0,30.0,0,-149.77814189540368,,0,
30.0,30.0,0,-160.96537791311857,-423.623501,1,-262.6581230868814
31.0,30.0,0,-171.92370416364793,,0,
32.0,30.0,0,-182.65032388470718,,0,
33.0,30.0,0,-193.139740114726,,0,
34.0,30.0,0,-203.38974429492373,,0,
35.0,30.0,0,-213.40381391005576,,0,
36.0,30.0,0,-223.1905626808002,-512.701498,1,-289.5109353191998
37.0,30.0,0,-232.76165363502514,,0,
38.0,30.0,0,-242.12888496692176,,0,
39.0,30.0,0,-251.30014167269837,,0,
40.0,30.0,0,-260.2726347056596,,0,
41.0,30.0,0,-269.0193819596316,,0,
42.0,30.0,0,-277.45254673514864,-323.229335,1,-45.77678826485135
43.0,30.0,0,-285.3787560759811,,0,
44.0,30.0,0,-292.77848681969044,,0,
45.0,30.0,0,-299.47258905319177,,0,
46.0,30.0,0,-305.1692270942149,,0,
47.0,30.0,0,-309.6664561064954,,0,
48.0,30.0,0,-313.0329100202289,-603.552665,1,-290.51975497977116
49.0,30.0,0,-315.456849581984,,0,
50.0,30.0,0,-317.08467138600827,,0,
51.0,30.0,0,-318.00224915907893,,0,
52.0,30.0,0,-318.25017976131494,,0,
53.0,30.0,0,-317.8337290333311,,0,
54.0,30.0,0,-316.7260936215316,-206.048109,1,110.6779846215316
55.0,30.0,0,-314.8689893184892,,0,
56.0,30.0,0,-312.17725787270683,,0,
57.0,30.0,0,-308.5593244522606,,0,
58.0,30.0,0,-303.9663309319003,,0,
59.0,30.0,0,-298.4592773582299,,0,
60.0,30.0,0,-292.24134248258633,-108.346004,1,183.89533848258634
61.0,30.0,0,-285.6180079931146,,0,
62.0,30.0,0,-278.92254248106474,,0,
63.0,30.0,0,-272.4601897658795,,0,
64.0,30.0,0,-266.4826792147105,,0,
65.0,30.0,0,-261.1814164474563,,0,
66.0,30.0,0,-256.6886716868248,-450.097283,1,-193.4086113131752
67.0,30.0,0,-253.0812702967487,,0,
68.0,30.0,0,-250.3842809677226,,0,
69.0,30.0,0,-248.57365602832215,,0,
70.0,30.0,0,-247.57757368563034,,0,
71.0,30.0,0,-247.27651295917167,,0,
72.0,30.0,0,-247.5021523214964,-556.845039,1,-309.34288667850365
73.0,30.0,0,-248.03668867201486,,0,
74.0,30.0,0,-248.6217080545248,,0,
75.0,30.0,1,-249.00174997204158,,0,
76.0,30.0,1,-249.0150999400721,,0,
77.0,30.0,1,-248.64891398053805,,0,
78.0,30.0,1,-247.97427646049618,-232.127087,1,15.847189460496196
79.0,30.0,1,-247.04468341193024,,0,
80.0,30.0,1,-245.83908730223447,,0,
81.0,30.0,1,-244.2386985147823,,0,
82.0,30.0,1,-242.05096161693655,,0,
83.0,30.0,1,-239.1797283117303,,0,
84.0,30.0,1,-235.79034782705276,-592.771736,1,-356.9813881729473
85.0,30.0,1,-232.15480119303356,,0,
86.0,30.0,1,-228.49214426457547,,0,
87.0,30.0,1,-224.95371746389355,,0,
88.0,30.0,1,-221.64414476980892,,0,
89.0,30.0,1,-218.63870148437854,,0,
90.0,30.0,1,-215.99495580760413,581.501785,1,797.4967408076042
91.0,30.0,1,-213.76067053322367,,0,
92.0,30.0,1,-211.97917411253366,,0,
93.0,30.0,1,-210.69251196315417,,0,
94.0,30.0,1,-209.94226657143736,,0,
95.0,30.0,1,-209.76882521763218,,0,
96.0,30.0,1,-210.21170090934174,-208.526312,1,1.6853889093417536
97.0,30.0,1,-211.31257360491873,,0,
98.0,30.0,1,-213.11887590301558,,0,
99.0,30.0,1,-215.6846424997384,,0,
100.0,30.0,1,-219.0670309197194,,0,
101.0,30.0,1,-223.31823257438737,,0,
102.0,30.0,1,-228.47385154627773,284.447179,1,512.9210305462777
103.0,30.0,1,-234.54114782170382,,0,
104.0,30.0,1,-241.49202478546704,,0,
105.0,30.0,1,-249.2636392349359,,0,
106.0,30.0,1,-257.7651881055717,,0,
107.0,30.0,1,-266.8870481739723,,0,
108.0,30.0,1,-276.5093259259884,-522.486555,1,-245.97722907401157
109.0,30.0,1,-286.50865815035286,,0,
110.0,30.0,1,-296.7630039642918,,0,
111.0,30.0,1,-307.1542999331318,,0,
112.0,30.0,1,-317.56880673450905,,0,
113.0,30.0,1,-327.89500573680016,,0,
114.0,30.0,1,-338.01905956871815,-544.436339,1,-206.41727943128183
115.0,30.0,1,-347.81829397071124,,0,
116.0,30.0,1,-357.1542403575586,,0,
117.0,30.0,1,-365.86872869765375,,0,
118.0,30.0,1,-373.7883638369094,,0,
119.0,30.0,1,-380.7408363049544,,0,
120.0,30.0,1,-386.57725518654115,-392.652351,1,-6.075095813458859
121.0,30.0,1,-391.1851921696634,,0,
122.0,30.0,1,-394.4854305990575,,0,
123.0,30.0,1,-396.4296564783981,,0,
124.0,30.0,1,-397.0191085653787,,0,
125.0,30.0,1,-396.3214038184724,,0,
126.0,30.0,1,-394.45426090914043,-397.709377,1,-3.2551160908595875
127.0,30.0,1,-391.5624350383814,,0,
128.0,30.0,2,-387.79472375982004,,0,
129.0,30.0,2,-383.21671121256077,,0,
130.0,30.0,2,-377.72976386008577,,0,
131.0,30.0,2,-371.1620388095216,,0,
132.0,30.0,2,-363.36180032413176,-85.738728,1,277.6230723241318
133.0,30.0,2,-354.21298138205566,,0,
134.0,30.0,2,-343.63152609840563,,0,
135.0,30.0,2,-331.5632758608481,,0,
136.0,30.0,2,-317.9839448048224,,0,
137.0,30.0,2,-302.8998628427071,,0,
138.0,30.0,2,-286.3492385602294,-445.351261,1,-159.0020224397706
139.0,30.0,2,-268.40428516404427,,0,
140.0,30.0,2,-249.1735469861742,,0,
141.0,30.0,2,-228.8024574730007,,0,
142.0,30.0,2,-207.47202595895033,,0,
143.0,30.0,2,-185.4008078020961,,0,
144.0,30.0,2,-162.86212176308618,334.109299,1,496.9714207630862
145.0,30.0,2,-140.23001202119485,,0,
146.0,30.0,2,-117.8378470314965,,0,
147.0,30.0,2,-95.61815606077653,,0,
148.0,30.0,2,-73.46474266696896,,0,
149.0,30.0,2,-51.37458559946754,,0,
150.0,30.0,2,-29.39952371603067,-281.743282,1,-252.34375828396935
151.0,30.0,2,-7.623192187882523,,0,
152.0,30.0,2,13.848795284073276,,0,
153.0,30.0,2,34.8937689203085,,0,
154.0,30.0,2,55.374656995592886,,0,
155.0,30.0,2,75.14134344892955,,0,
156.0,30.0,2,94.03123220173438,-181.924473,1,-275.9557052017344
157.0,30.0,2,111.8693682206067,,0,
158.0,30.0,2,128.4682017008272,,0,
159.0,30.0,2,143.62651437987006,,0,
160.0,30.0,2,157.12729378169752,,0,
161.0,30.0,3,168.73886576670338,,0,
162.0,30.0,3,178.23012895631837,-16.82969,1,-195.05981895631837
163.0,30.0,3,185.40364732561284,,0,
164.0,30.0,3,190.13198660279159,,0,
165.0,30.0,3,192.38082468777793,,0,
166.0,30.0,3,192.2156481764523,,0,
167.0,30.0,3,189.79682039165345,,0,
168.0,30.0,3,185.36778387216327,302.636193,1,117.26840912783672
169.0,30.0,3,179.239709771442,,0,
170.0,30.0,3,171.77565282813157,,0,
171.0,30.0,3,163.3772823276886,,0,
172.0,30.0,3,154.476686679649,,0,
173.0,30.0,3,145.5347192935751,,0,
174.0,30.0,3,137.04580898740824,733.465461,1,596.4196520125918
175.0,30.0,3,129.5448355042754,,0,
176.0,30.0,3,123.59712911660608,,0,
177.0,30.0,3,119.7238935297064,,0,
178.0,30.0,3,118.23881994810654,,0,
179.0,30.0,3,119.14414805264823,,0,
180.0,30.0,3,122.23743976031255,-90.278971,1,-212.51641076031257
181.0,30.0,3,127.27777060842345,,0,
182.0,30.0,3,134.06323351580795,,0,
183.0,30.0,3,142.44428103986138,,0,
184.0,30.0,3,152.32049275607278,,0,
185.0,30.0,3,163.6377053119868,,0,
186.0,30.0,3,176.38320723230936,-405.271496,1,-581.6547032323094
187.0,30.0,3,190.5647678469395,,0,
188.0,30.0,3,206.15613921901968,,0,
189.0,30.0,3,223.01984862663085,,0,
190.0,30.0,3,240.86982883549354,,0,
191.0,30.0,3,259.3184212313354,,0,
192.0,30.0,3,277.96199170562613,-334.496938,1,-612.4589297056261
193.0,30.0,3,296.4411108201457,,0,
194.0,30.0,3,314.46279890564256,,0,
195.0,30.0,3,331.8009545731111,,0,
196.0,30.0,3,348.28961664765666,,0,
197.0,30.0,3,363.8164705493509,,0,
198.0,30.0,3,378.3188005809352,-245.80797,1,-624.1267705809353
199.0,30.0,3,391.7804003053752,,0,
0.0,31.0,0,228.41328772238194,,0,
1.0,31.0,0,214.94155316907563,,0,
2.0,31.0,0,201.32151968462858,,0,
3.0,31.0,0,187.58053923864645,,0,
4.0,31.0,0,173.75158407831623,,0,
5.0,31.0,0,159.87360430313856,-440.661083,1,-600.5346873031385
6.0,31.0,0,145.99153394391033,,0,
7.0,31.0,0,132.15556969524187,,0,
8.0,31.0,0,118.4191044696272,,0,
9.0,31.0,0,104.83450221938256,,0,
10.0,31.0,0,91.44611567354877,,0,
11.0,31.0,0,78.28111706663185,-234.031051,1,-312.31216806663184
12.0,31.0,0,65.34076439625642,,0,
13.0,31.0,0,52.595955217773735,,0,
14.0,31.0,0,39.98932858630724,,0,
15.0,31.0,0,27.443027242843527,,0,
16.0,31.0,0,14.870230330430786,,0,
17.0,31.0,0,2.1902442902501207,284.20484,1,282.01459570974987
18.0,31.0,0,-10.652786043399828,,0,
19.0,31.0,0,-23.672232881945092,,0,
20.0,31.0,0,-36.83249902894022,,0,
21.0,31.0,0,-50.05929274671507,,0,
22.0,31.0,0,-63.260048863405245,,0,
23.0,31.0,0,-76.3433355457455,-346.989902,1,-270.64656645425447
24.0,31.0,0,-89.231717676259,,0,
25.0,31.0,0,-101.86833848743117,,0,
26.0,31.0,0,-114.21899449084594,,0,
27.0,31.0,0,-126.27070152674787,,0,
28.0,31.0,0,-138.0270119199995,,0,
29.0,31.0,0,-149.5007320183322,-402.731512,1,-253.2307799816678
30.0,31.0,0,-160.7061417744335,,0,
31.0,31.0,0,-171.65377698603334,,0,
32.0,31.0,0,-182.34947431625915,,0,
33.0,31.0,0,-192.79653678899922,,0,
34.0,31.0,0,-202.9984797740908,,0,
35.0,31.0,0,-212.96070913733274,-489.674256,1,-276.7135468626673
36.0,31.0,0,-222.69092219308368,,0,
37.0,31.0,0,-232.19864847163626,,0,
38.0,31.0,0,-241.49418869523652,,0,
39.0,31.0,0,-250.5866205106886,,0,
40.0,31.0,0,-259.47929147471586,,0,
41.0,31.0,0,-268.1579952689208,-361.304877,1,-93.14688173107919
42.0,31.0,0,-276.56318950955756,,0,
43.0,31.0,0,-284.60040414623654,,0,
44.0,31.0,0,-292.197161314798,,0,
45.0,31.0,0,-299.14734923161996,,0,
46.0,31.0,0,-305.00490692695166,,0,
47.0,31.0,0,-309.3576900432745,-585.582043,1,-276.2243529567255
48.0,31.0,0,-312.4486340520525,,0,
49.0,31.0,0,-314.59236850247544,,0,
50.0,31.0,0,-315.945473188287,,0,
51.0,31.0,0,-316.585758481775,,0,
52.0,31.0,0,-316.54810878742865,,0,
53.0,31.0,0,-315.8378600370197,-265.731753,1,50.10610703701968
54.0,31.0,0,-314.43679819898534,,0,
55.0,31.0,0,-312.308462907833,,0,
56.0,31.0,0,-309.4083575853401,,0,
57.0,31.0,0,-305.7047959682168,,0,
58.0,31.0,0,-301.2119773125596,,0,
59.0,31.0,0,-296.0242607883338,51.980579,1,348.00483978833375
60.0,31.0,0,-290.3287290827866,,0,
61.0,31.0,0,-284.38288724533777,,0,
62.0,31.0,0,-278.47060096721543,,0,
63.0,31.0,0,-272.8598476820589,,0,
64.0,31.0,0,-267.7748879100982,,0,
65.0,31.0,0,-263.3832043215225,-431.297552,1,-167.9143476784775
66.0,31.0,0,-259.7929311080952,,0,
67.0,31.0,0,-257.0561732835813,,0,
68.0,31.0,0,-255.17446664650925,,0,
69.0,31.0,0,-254.103849218287,,0,
70.0,31.0,0,-253.75815684433474,,0,
71.0,31.0,0,-254.00961192873729,-676.340752,1,-422.33114007126267
72.0,31.0,0,-254.68519590520737,,0,
73.0,31.0,0,-255.55622455156117,,0,
74.0,31.0,0,-256.3227189261888,,0,
75.0,31.0,1,-256.6354535596656,,0,
76.0,31.0,1,-256.2759495235805,,0,
77.0,31.0,1,-255.32898115965781,-380.406202,1,-125.07722084034219
78.0,31.0,1,-253.99870530359476,,0,
79.0,31.0,1,-252.4162535243413,,0,
80.0,31.0,1,-250.60018986010982,,0,
81.0,31.0,1,-248.43561461174613,,0,
82.0,31.0,1,-245.6087471373976,,0,
83.0,31.0,1,-241.84533341228962,-515.516777,1,-273.6714435877104
84.0,31.0,1,-237.50428532734804,,0,
85.0,31.0,1,-232.99551434124442,,0,
86.0,31.0,1,-228.55517949828936,,0,
87.0,31.0,1,-224.32948027256134,,0,
88.0,31.0,1,-220.41649690586564,,0,
89.0,31.0,1,-216.8857738338047,775.228127,1,992.1139008338047
90.0,31.0,1,-213.7894558570697,,0,
91.0,31.0,1,-211.16943201327376,,0,
92.0,31.0,1,-209.06207463759347,,0,
93.0,31.0,1,-207.50117245624097,,0,
94.0,31.0,1,-206.51945823037022,,0,
95.0,31.0,1,-206.14953071104173,-202.773244,1,3.376286711041729
96.0,31.0,1,-206.42538735840026,,0,
97.0,31.0,1,-207.385143851905,,0,
98.0,31.0,1,-209.07397409000987,,0,
99.0,31.0,1,-211.54527595040054,,0,
100.0,31.0,1,-214.8577810651259,,0,
101.0,31.0,1,-219.06636349697692,75.653752,1,294.7201154969769
102.0,31.0,1,-224.20609769495604,,0,
103.0,31.0,1,-230.27461631684582,,0,
104.0,31.0,1,-237.22310019865108,,0,
105.0,31.0,1,-244.96203356725528,,0,
106.0,31.0,1,-253.37642523652903,,0,
107.0,31.0,1,-262.3408103793772,-518.406976,1,-256.06616562062277
108.0,31.0,1,-271.72931308516854,,0,
109.0,31.0,1,-281.4211769182575,,0,
110.0,31.0,1,-291.30349605028823,,0,
111.0,31.0,1,-301.27224753239943,,0,
112.0,31.0,1,-311.2319716578859,,0,
113.0,31.0,1,-321.0940396533315,-636.280712,1,-315.1866723466685
114.0,31.0,1,-330.7733096415941,,0,
115.0,31.0,1,-340.1830832522028,,0,
116.0,31.0,1,-349.22882842177205,,0,
117.0,31.0,1,-357.80233503187446,,0,
118.0,31.0,1,-365.779377338431,,0,
119.0,31.0,1,-373.02382498784937,-118.629473,1,254.39435198784935
120.0,31.0,1,-379.39783367378186,,0,
121.0,31.0,1,-384.7737123524239,,0,
122.0,31.0,1,-389.04423571726875,,0,
123.0,31.0,1,-392.1338415018399,,0,
124.0,31.0,1,-394.0120813563044,,0,
125.0,31.0,1,-394.70023319789834,-313.106685,1,81.59354819789831
126.0,31.0,1,-394.26234155379734,,0,
127.0,31.0,1,-392.78458311395843,,0,
128.0,31.0,2,-390.3424770586207,,0,
129.0,31.0,2,-386.9518209430353,,0,
130.0,31.0,2,-382.54044640134816,,0,
131.0,31.0,2,-376.979241677087,163.320697,1,540.299938677087
132.0,31.0,2,-370.13066835356585,,0,
133.0,31.0,2,-361.8744235122558,,0,
134.0,31.0,2,-352.1162707833446,,0,
135.0,31.0,2,-340.79179297455266,,0,
136.0,31.0,2,-327.86862060749263,,0,
137.0,31.0,2,-313.3473422749812,-213.335339,1,100.0120032749812
138.0,31.0,2,-297.26215804409367,,0,
139.0,31.0,2,-279.68389418633524,,0,
140.0,31.0,2,-260.7255935841895,,0,
141.0,31.0,2,-240.54480820859317,,0,
142.0,31.0,2,-219.33884249647963,,0,
143.0,31.0,2,-197.34019850385812,237.037282,1,434.3774805038581
144.0,31.0,2,-174.81876365387143,,0,
145.0,31.0,2,-152.06769177617753,,0,
146.0,31.0,2,-129.3035438570023,,0,
147.0,31.0,2,-106.57028383114084,,0,
148.0,31.0,2,-83.83955060775043,,0,
149.0,31.0,2,-61.113113231800526,-425.363403,1,-364.2502897681995
150.0,31.0,2,-38.4355952656897,,0,
151.0,31.0,2,-15.884518237769953,,0,
152.0,31.0,2,6.437954642220575,,0,
153.0,31.0,2,28.410074873288977,,0,
154.0,31.0,2,49.89337632807292,,0,
155.0,31.0,2,70.7340035785237,72.353156,1,1.6191524214763007
156.0,31.0,2,90.76283620012691,,0,
157.0,31.0,2,109.79461735523182,,0,
158.0,31.0,2,127.62627970345056,,0,
159.0,31.0,2,144.03492015817028,,0,
160.0,31.0,2,158.77704322850332,,0,
161.0,31.0,3,171.593151260553,-209.50633,1,-381.099481260553
162.0,31.0,3,182.22313873081293,,0,
163.0,31.0,3,190.43393255759656,,0,
164.0,31.0,3,196.05321874558285,,0,
165.0,31.0,3,198.99954662816162,,0,
166.0,31.0,3,199.30122753898468,,0,
167.0,31.0,3,197.10031959541084,122.917506,1,-74.18281359541083
168.0,31.0,3,192.6420685209887,,0,
169.0,31.0,3,186.25428304983507,,0,
170.0,31.0,3,178.32361980968926,,0,
171.0,31.0,3,169.27536891097407,,0,
172.0,31.0,3,159.56106440364238,,0,
173.0,31.0,3,149.65621165331686,538.819358,1,389.1631463466831
174.0,31.0,3,140.07003699228517,,0,
175.0,31.0,3,131.36991083892644,,0,
176.0,31.0,3,124.21500031051983,,0,
177.0,31.0,3,119.31966107773042,,0,
178.0,31.0,3,117.1287730297372,,0,
179.0,31.0,3,117.50190596687025,-101.145117,1,-218.64702296687025
180.0,31.0,3,120.03347621841385,,0,
181.0,31.0,3,124.38219042008132,,0,
182.0,31.0,3,130.31344754596284,,0,
183.0,31.0,3,137.67313121944608,,0,
184.0,31.0,3,146.37269642586762,,0,
185.0,31.0,3,156.39017726997554,-231.56954,1,-387.9597172699755
186.0,31.0,3,167.77902916199673,,0,
187.0,31.0,3,180.6624990872442,,0,
188.0,31.0,3,195.16237522673327,,0,
189.0,31.0,3,211.23553104477833,,0,
190.0,31.0,3,228.56928199278627,,0,
191.0,31.0,3,246.690296141227,-417.897196,1,-664.587492141227
192.0,31.0,3,265.1317122060136,,0,
193.0,31.0,3,283.5064129944658,,0,
194.0,31.0,3,301.5114919886073,,0,
195.0,31.0,3,318.91324102586077,,0,
196.0,31.0,3,335.5329957079812,,0,
197.0,31.0,3,351.2398030539043,-302.128836,1,-653.3686390539043
198.0,31.0,3,365.9506817507063,,0,
199.0,31.0,3,379.6342343347351,,0,
0.0,32.0,0,224.09737435224815,,0,
1.0,32.0,0,210.80726057644642,,0,
2.0,32.0,0,197.39795238812803,,0,
3.0,32.0,0,183.89781211310037,,0,
4.0,32.0,0,170.34008100781648,-550.483778,1,-720.8238590078165
5.0,32.0,0,156.7628525930486,,0,
6.0,32.0,0,143.20858083383064,,0,
7.0,32.0,0,129.72280962601508,,0,
8.0,32.0,0,116.35171580979659,,0,
9.0,32.0,0,103.13807892757177,,0,
10.0,32.0,0,90.11560309094784,-323.627403,1,-413.74300609094786
11.0,32.0,0,77.3022328916777,,0,
12.0,32.0,0,64.69396619999316,,0,
13.0,32.0,0,52.26093709778797,,0,
14.0,32.0,0,39.94674465300341,,0,
15.0,32.0,0,27.67098168148368,,0,
16.0,32.0,0,15.33553598652361,269.983508,1,254.64797201347636
17.0,32.0,0,2.8382907168997917,,0,
18.0,32.0,0,-9.900553280298482,,0,
19.0,32.0,0,-22.9047088196603,,0,
20.0,32.0,0,-36.1256295076455,,0,
21.0,32.0,0,-49.46148472963614,,0,
22.0,32.0,0,-62.79291856306372,-247.283478,1,-184.49055943693628
23.0,32.0,0,-76.009848724716,,0,
24.0,32.0,0,-89.0237765910133,,0,
25.0,32.0,0,-101.77116745720559,,0,
26.0,32.0,0,-114.21265959969605,,0,
27.0,32.0,0,-126.3300405808368,,0,
28.0,32.0,0,-138.12156610615784,-650.552379,1,-512.4308128938421
29.0,32.0,0,-149.59617221510416,,0,
30.0,32.0,0,-160.76769294449332,,0,
31.0,32.0,0,-171.65044685416615,,0,
32.0,32.0,0,-182.25692931846424,,0,
33.0,32.0,0,-192.59727091310197,,0,
34.0,32.0,0,-202.67957853194093,-366.430894,1,-163.7513154680591
35.0,32.0,0,-212.51052653927036,,0,
36.0,32.0,0,-222.09599084614456,,0,
37.0,32.0,0,-231.44164463490233,,0,
38.0,32.0,0,-240.55337297561346,,0,
39.0,32.0,0,-249.43729300221457,,0,
40.0,32.0,0,-258.09890476919827,-295.742309,1,-37.64340423080171
41.0,32.0,0,-266.54025412998453,,0,
42.0,32.0,0,-274.7552285596612,,0,
43.0,32.0,0,-282.72449482245065,,0,
44.0,32.0,0,-290.3725085481492,,0,
45.0,32.0,0,-297.4713396688312,,0,
46.0,32.0,0,-303.51983998501237,-569.830114,1,-266.3102740149876
47.0,32.0,0,-307.6718758177085,,0,
48.0,32.0,0,-310.5619462830946,,0,
49.0,32.0,0,-312.5133079199586,,0,
50.0,32.0,0,-313.66049522414687,,0,
51.0,32.0,0,-314.07419424597174,,0,
52.0,32.0,0,-313.79006893488986,-335.66973,1,-21.879661065110156
53.0,32.0,0,-312.8205518536088,,0,
54.0,32.0,0,-311.1621505877265,,0,
55.0,32.0,0,-308.8032479720059,,0,
56.0,32.0,0,-305.73579825512934,,0,
57.0,32.0,0,-301.9729395819377,,0,
58.0,32.0,0,-297.57089073774114,15.59745,1,313.1683407377411
59.0,32.0,0,-292.6475656823459,,0,
60.0,32.0,0,-287.38695331384224,,0,
61.0,32.0,0,-282.02341764521043,,0,
62.0,32.0,0,-276.810889841905,,0,
63.0,32.0,0,-271.9885280496228,,0,
64.0,32.0,0,-267.7531229625456,-376.807708,1,-109.05458503745439
65.0,32.0,0,-264.24350233809673,,0,
66.0,32.0,0,-261.5370650555924,,0,
67.0,32.0,0,-259.65473841305356,,0,
68.0,32.0,0,-258.5692806336301,,0,
69.0,32.0,0,-258.2130128982908,,0,
70.0,32.0,0,-258.48309573874576,-788.760309,1,-530.2772132612542
71.0,32.0,0,-259.2435533324606,,0,
72.0,32.0,0,-260.32248990624794,,0,
73.0,32.0,0,-261.49934138238314,,0,
74.0,32.0,0,-262.46608485406614,,0,
75.0,32.0,1,-262.7396629002178,,0,
76.0,32.0,1,-261.9133167029213,-462.459819,1,-200.5465022970787
77.0,32.0,1,-260.3013002216285,,0,
78.0,32.0,1,-258.2800673253514,,0,
79.0,32.0,1,-256.0228911259819,,0,
80.0,32.0,1,-253.5708797424395,,0,
81.0,32.0,1,-250.8410104819377,,0,
82.0,32.0,1,-247.51565635300358,-510.683855,1,-263.1681986469964
83.0,32.0,1,-242.92782672023168,,0,
84.0,32.0,1,-237.84301896600664,,0,
85.0,32.0,1,-232.6883478718246,,0,
86.0,32.0,1,-227.68056232259914,,0,
87.0,32.0,1,-222.95708713115164,,0,
88.0,32.0,1,-218.61118207850268,760.641459,1,979.2526410785027
89.0,32.0,1,-214.70869427941216,,0,
90.0,32.0,1,-211.29796678460116,,0,
91.0,32.0,1,-208.41631548499936,,0,
92.0,32.0,1,-206.09439545878922,,0,
93.0,32.0,1,-204.35911283964379,,0,
94.0,32.0,1,-203.23561087446797,-305.342182,1,-102.10657112553201
95.0,32.0,1,-202.7489886038802,,0,
96.0,32.0,1,-202.92647147364005,,0,
97.0,32.0,1,-203.80040866771014,,0,
98.0,32.0,1,-205.41176181730407,,0,
99.0,32.0,1,-207.81289213319178,,0,
100.0,32.0,1,-211.06708394951784,-31.59234,1,179.47474394951783
101.0,32.0,1,-215.23987106917866,,0,
102.0,32.0,1,-220.37670146556775,,0,
103.0,32.0,1,-226.47184440142928,,0,
104.0,32.0,1,-233.45220590464396,,0,
105.0,32.0,1,-241.1928806883625,,0,
106.0,32.0,1,-249.54798140616185,-357.499059,1,-107.95107759383814
107.0,32.0,1,-258.37340274681264,,0,
108.0,32.0,1,-267.53682409907196,,0,
109.0,32.0,1,-276.9204219371477,,0,
110.0,32.0,1,-286.42095075329416,,0,
111.0,32.0,1,-295.9491792753579,,0,
112.0,32.0,1,-305.4291790271618,-656.443505,1,-351.01432597283815
113.0,32.0,1,-314.79734008992,,0,
114.0,32.0,1,-324.00061741459285,,0,
115.0,32.0,1,-332.99310637220333,,0,
116.0,32.0,1,-341.72974156283453,,0,
117.0,32.0,1,-350.1564153237805,,0,
118.0,32.0,1,-358.19815287857637,150.390885,1,508.5890378785764
119.0,32.0,1,-365.7507478155412,,0,
120.0,32.0,1,-372.68259559432045,,0,
121.0,32.0,1,-378.8486469599875,,0,
122.0,32.0,1,-384.11126895322013,,0,
123.0,32.0,1,-388.36056514403026,,0,
124.0,32.0,1,-391.5285212604722,-254.164333,1,137.3641882604722
125.0,32.0,1,-393.59274769719195,,0,
126.0,32.0,1,-394.5680115334035,,0,
127.0,32.0,1,-394.4871626594595,,0,
128.0,32.0,2,-393.37379730762405,,0,
129.0,32.0,2,-391.21299962050034,,0,
130.0,32.0,2,-387.9368736570141,188.264087,1,576.2009606570141
131.0,32.0,2,-383.4359225314329,,0,
132.0,32.0,2,-377.58390190254795,,0,
133.0,32.0,2,-370.2592709627843,,0,
134.0,32.0,2,-361.3595472153829,,0,
135.0,32.0,2,-350.81114443193655,,0,
136.0,32.0,2,-338.5754016888277,-70.809208,1,267.7661936888277
137.0,32.0,2,-324.64974327285927,,0,
138.0,32.0,2,-309.0654720982743,,0,
139.0,32.0,2,-291.8899473527963,,0,
140.0,32.0,2,-273.2396078988677,,0,
141.0,32.0,2,-253.28785921826056,,0,
142.0,32.0,2,-232.24976663692541,-12.093309,1,220.1564576369254
143.0,32.0,2,-210.36176682998848,,0,
144.0,32.0,2,-187.86919957186183,,0,
145.0,32.0,2,-165.00340545136714,,0,
146.0,32.0,2,-141.9344303931939,,0,
147.0,32.0,2,-118.74236366040714,,0,
148.0,32.0,2,-95.45314151522325,-119.058951,1,-23.605809484776742
149.0,32.0,2,-72.0917598216256,,0,
150.0,32.0,2,-48.7069180717117,,0,
151.0,32.0,2,-25.37446456491307,,0,
152.0,32.0,2,-2.1943629428278655,,0,
153.0,32.0,2,20.71287933173153,,0,
154.0,32.0,2,43.20876798795871,142.221146,1,99.0123780120413
155.0,32.0,2,65.137998646911,,0,
156.0,32.0,2,86.32814299315214,,0,
157.0,32.0,2,106.58784215076594,,0,
158.0,32.0,2,125.70373171391839,,0,
159.0,32.0,2,143.43691757794295,,0,
160.0,32.0,3,159.52105710207252,19.477016,1,-140.04404110207253
161.0,32.0,3,173.66579423709481,,0,
162.0,32.0,3,185.5701642799777,,0,
163.0,32.0,3,194.94888548263407,,0,
164.0,32.0,3,201.56996244018228,,0,
165.0,32.0,3,205.29624745821275,,0,
166.0,32.0,3,206.11881257602363,118.711872,1,-87.40694057602363
167.0,32.0,3,204.1699015970662,,0,
168.0,32.0,3,199.71078322076937,,0,
169.0,32.0,3,193.1012186173757,,0,
170.0,32.0,3,184.7638370124041,,0,
171.0,32.0,3,175.1548972034434,,0,
172.0,32.0,3,164.7469992078113,322.196347,1,157.4493477921887
173.0,32.0,3,154.0249295081012,,0,
174.0,32.0,3,143.49553228626974,,0,
175.0,32.0,3,133.7179871456392,,0,
176.0,32.0,3,125.38013101411343,,0,
177.0,32.0,3,119.4588685908675,,0,
178.0,32.0,3,116.76595508084938,-324.885653,1,-441.65160808084937
179.0,32.0,3,116.781086598603,,0,
180.0,32.0,3,118.82418973448512,,0,
181.0,32.0,3,122.5157824788912,,0,
182.0,32.0,3,127.6243021242226,,0,
183.0,32.0,3,134.00003863048914,,0,
184.0,32.0,3,141.55865160780377,-72.855534,1,-214.41418560780377
185.0,32.0,3,150.28988767984265,,0,
186.0,32.0,3,160.28636346898202,,0,
187.0,32.0,3,171.7836428183291,,0,
188.0,32.0,3,185.12777678736893,,0,
189.0,32.0,3,200.44490767979005,,0,
190.0,32.0,3,217.3163806646553,-502.783364,1,-720.0997446646553
191.0,32.0,3,235.1026245457324,,0,
192.0,32.0,3,253.27297246198577,,0,
193.0,32.0,3,271.4375199107453,,0,
194.0,32.0,3,289.30486221165484,,0,
195.0,32.0,3,306.64733924646134,,0,
196.0,32.0,3,323.2799691311957,-280.159372,1,-603.4393411311958
197.0,32.0,3,339.052777773235,,0,
198.0,32.0,3,353.8580638633284,,0,
199.0,32.0,3,367.64724253313034,,0,
0.0,33.0,0,219.77971342331148,,0,
1.0,33.0,0,206.6639152487769,,0,
2.0,33.0,0,193.4542785773083,,0,
3.0,33.0,0,180.1794468745902,-561.503917,1,-741.6833638745902
4.0,33.0,0,166.8721793571458,,0,
5.0,33.0,0,153.56904259078146,,0,
6.0,33.0,0,140.30961537572148,,0,
7.0,33.0,0,127.13498006591544,,0,
8.0,33.0,0,114.08526310422167,,0,
9.0,33.0,0,101.19607694035221,-376.322771,1,-477.5188479403522
10.0,33.0,0,88.49396420756239,,0,
11.0,33.0,0,75.99132864961575,,0,
12.0,33.0,0,63.68165148232947,,0,
13.0,33.0,0,51.53570779415895,,0,
14.0,33.0,0,39.49889581774187,,0,
15.0,33.0,0,27.489195103433303,293.923152,1,266.4339568965667
16.0,33.0,0,15.396231504390016,,0,
17.0,33.0,0,3.087730639032088,,0,
18.0,33.0,0,-9.558302704797825,,0,
19.0,33.0,0,-22.586356256368163,,0,
20.0,33.0,0,-35.921377034377656,,0,
21.0,33.0,0,-49.41310921308468,-76.188874,1,-26.775764786915317
22.0,33.0,0,-62.905004300417204,,0,
23.0,33.0,0,-76.2669878296183,,0,
24.0,33.0,0,-89.40124650912185,,0,
25.0,33.0,0,-102.2396488065715,,0,
26.0,33.0,0,-114.73973970966472,,0,
27.0,33.0,0,-126.8805171273707,-733.076771,1,-606.1962538726293
28.0,33.0,0,-138.65789929386665,,0,
29.0,33.0,0,-150.07991492971632,,0,
30.0,33.0,0,-161.1620043577277,,0,
31.0,33.0,0,-171.92291488301635,,0,
32.0,33.0,0,-182.38140823882713,,0,
33.0,33.0,0,-192.55371872933756,-308.006323,1,-115.45260427066245
34.0,33.0,0,-202.45181277467054,,0,
35.0,33.0,0,-212.0827863176055,,0,
36.0,33.0,0,-221.44954469264485,,0,
37.0,33.0,0,-230.5522928638311,,0,
38.0,33.0,0,-239.39015516257496,,0,
39.0,33.0,0,-247.96283066921023,-190.684296,1,57.278534669210245
40.0,33.0,0,-256.27337392041227,,0,
41.0,33.0,0,-264.33497322531184,,0,
42.0,33.0,0,-272.18390824468224,,0,
43.0,33.0,0,-279.87210143784614,,0,
44.0,33.0,0,-287.3468372197676,,0,
45.0,33.0,0,-294.29293629572567,-503.916412,1,-209.6234757042743
46.0,33.0,0,-300.1470104685286,,0,
47.0,33.0,0,-304.4351355038234,,0,
48.0,33.0,0,-307.3790493694396,,0,
49.0,33.0,0,-309.29086750748684,,0,
50.0,33.0,0,-310.33262571846717,,0,
51.0,33.0,0,-310.5920810894495,-420.82311,1,-110.23102891055049
52.0,33.0,0,-310.11883837795176,,0,
53.0,33.0,0,-308.94031379930675,,0,
54.0,33.0,0,-307.0718705742256,,0,
55.0,33.0,0,-304.526511693035,,0,
56.0,33.0,0,-301.3266778645484,,0,
57.0,33.0,0,-297.5188017751789,37.933101,1,335.4519027751789
58.0,33.0,0,-293.1886937924937,,0,
59.0,33.0,0,-288.4729117934512,,0,
60.0,33.0,0,-283.56001297574403,,0,
61.0,33.0,0,-278.6778148556241,,0,
62.0,33.0,0,-274.0676957837204,,0,
63.0,33.0,0,-269.9520287895939,-235.673731,1,34.27829778959389
64.0,33.0,0,-266.50434470469554,,0,
65.0,33.0,0,-263.8317791263544,,0,
66.0,33.0,0,-261.973606680207,,0,
67.0,33.0,0,-260.91127960034646,,0,
68.0,33.0,0,-260.58159555639577,,0,
69.0,33.0,0,-260.88721163504306,-735.975231,1,-475.08801936495695
70.0,33.0,0,-261.70299231236277,,0,
71.0,33.0,0,-262.8787036441572,,0,
72.0,33.0,0,-264.23775853931875,,0,
73.0,33.0,0,-265.5682050950054,,0,
74.0,33.0,0,-266.5918975965469,,0,
75.0,33.0,1,-266.82437696953275,-558.27766,1,-291.4532830304672
76.0,33.0,1,-265.4340429309086,,0,
77.0,33.0,1,-263.20063912841215,,0,
78.0,33.0,1,-260.5369723908552,,0,
79.0,33.0,1,-257.6107185886649,,0,
80.0,33.0,1,-254.46313193392052,,0,
81.0,33.0,1,-251.00179491675226,-511.475605,1,-260.4738100832477
82.0,33.0,1,-246.93366066632734,,0,
83.0,33.0,1,-242.00170226464616,,0,
84.0,33.0,1,-236.57790599713553,,0,
85.0,33.0,1,-231.08125863035275,,0,
86.0,33.0,1,-225.75353560792064,,0,
87.0,33.0,1,-220.7436962532115,564.492056,1,785.2357522532116
88.0,33.0,1,-216.15017540311237,,0,
89.0,33.0,1,-212.04066145062097,,0,
90.0,33.0,1,-208.4631625501279,,0,
91.0,33.0,1,-205.45290626506903,,0,
92.0,33.0,1,-203.03686832231688,,0,
93.0,33.0,1,-201.23684738194424,-152.627207,1,48.609640381944246
94.0,33.0,1,-200.0717371398132,,0,
95.0,33.0,1,-199.55960231388235,,0,
96.0,33.0,1,-199.72013387197512,,0,
97.0,33.0,1,-200.57792974629774,,0,
98.0,33.0,1,-202.1668424365962,,0,
99.0,33.0,1,-204.53528959410687,44.682694,1,249.21798359410687
100.0,33.0,1,-207.75104729202212,,0,
101.0,33.0,1,-211.89875603751352,,0,
102.0,33.0,1,-217.0525922597517,,0,
103.0,33.0,1,-223.215291504172,,0,
104.0,33.0,1,-230.27943651265286,,0,
105.0,33.0,1,-238.06792199360962,-130.31527,1,107.75265199360962
106.0,33.0,1,-246.39661294695907,,0,
107.0,33.0,1,-255.10333122974407,,0,
108.0,33.0,1,-264.0521225907614,,0,
109.0,33.0,1,-273.13045737793254,,0,
110.0,33.0,1,-282.24613591407615,,0,
111.0,33.0,1,-291.3253085363167,-705.210228,1,-413.88491946368333
112.0,33.0,1,-300.31166806484543,,0,
113.0,33.0,1,-309.1665869144872,,0,
114.0,33.0,1,-317.8695918247977,,0,
115.0,33.0,1,-326.4176150910207,,0,
116.0,33.0,1,-334.81981043792257,,0,
117.0,33.0,1,-343.08345385603025,134.971409,1,478.05486285603024
118.0,33.0,1,-351.1893215074624,,0,
119.0,33.0,1,-359.0656098024401,,0,
120.0,33.0,1,-366.57974306154574,,0,
121.0,33.0,1,-373.5585808706019,,0,
122.0,33.0,1,-379.8245453514046,,0,
123.0,33.0,1,-385.2270266289852,-116.826297,1,268.4007296289852
124.0,33.0,1,-389.65888336928765,,0,
125.0,33.0,1,-393.05814719474074,,0,
126.0,33.0,1,-395.39829790980366,,0,
127.0,33.0,1,-396.67064261370433,,0,
128.0,33.0,1,-396.86255757779145,,0,
129.0,33.0,2,-395.9373527407952,-48.302352,1,347.6350007407952
130.0,33.0,2,-393.8235803710777,,0,
131.0,33.0,2,-390.4179121993766,,0,
132.0,33.0,2,-385.5977483312745,,0,
133.0,33.0,2,-379.2371435064415,,0,
134.0,33.0,2,-371.223180571169,,0,
135.0,33.0,2,-361.47185973524756,128.167526,1,489.6393857352476
136.0,33.0,2,-349.94006848296704,,0,
137.0,33.0,2,-336.6277195452931,,0,
138.0,33.0,2,-321.56798753590874,,0,
139.0,33.0,2,-304.819364321349,,0,
140.0,33.0,2,-286.49412746500093,,0,
141.0,33.0,2,-266.7898055418209,-287.153781,1,-20.363975458179084
142.0,33.0,2,-245.94391150034244,,0,
143.0,33.0,2,-224.18935206442984,,0,
144.0,33.0,2,-201.74313052119396,,0,
145.0,33.0,2,-178.794876255306,,0,
146.0,33.0,2,-155.48828312191108,,0,
147.0,33.0,2,-131.9136422865231,-213.834701,1,-81.9210587134769
148.0,33.0,2,-108.1251701412184,,0,
149.0,33.0,2,-84.16941905899694,,0,
150.0,33.0,2,-60.105423694047204,,0,
151.0,33.0,2,-36.01277608640157,,0,
152.0,33.0,2,-11.99252065384644,,0,
153.0,33.0,2,11.834611191203294,201.231247,1,189.3966358087967
154.0,33.0,2,35.3301746075158,,0,
155.0,33.0,2,58.33898661442072,,0,
156.0,33.0,2,80.68846561053942,,0,
157.0,33.0,2,102.18600149391932,,0,
158.0,33.0,2,122.61435436608735,,0,
159.0,33.0,2,141.72571424664784,250.404484,1,108.67876975335216
160.0,33.0,3,159.23625467091915,,0,
161.0,33.0,3,174.82483207338737,,0,
162.0,33.0,3,188.1414659305101,,0,
163.0,33.0,3,198.832166980872,,0,
164.0,33.0,3,206.58420268465852,,0,
165.0,33.0,3,211.18687857269833,187.562326,1,-23.62455257269832
166.0,33.0,3,212.58839259315937,,0,
167.0,33.0,3,210.92161882200162,,0,
168.0,33.0,3,206.48536125382816,,0,
169.0,33.0,3,199.69437802163156,,0,
170.0,33.0,3,191.02499823973994,,0,
171.0,33.0,3,180.97535651060753,106.04325,1,-74.93210651060753
172.0,33.0,3,170.04516786658496,,0,
173.0,33.0,3,158.73228751538772,,0,
174.0,33.0,3,147.5432213921158,,0,
175.0,33.0,3,137.02035188119044,,0,
176.0,33.0,3,127.80662792522344,,0,
177.0,33.0,3,120.90096007214743,-403.148485,1,-524.0494450721474
178.0,33.0,3,117.90696985281102,,0,
179.0,33.0,3,117.49955631587363,,0,
180.0,33.0,3,118.96429047723359,,0,
181.0,33.0,3,121.95560184359056,,0,
182.0,33.0,3,126.2503312246954,,0,
183.0,33.0,3,131.69510815314425,-120.314542,1,-252.00965015314426
184.0,33.0,3,138.1954719522182,,0,
185.0,33.0,3,145.72756850482256,,0,
186.0,33.0,3,154.3744824105379,,0,
187.0,33.0,3,164.41131990171561,,0,
188.0,33.0,3,176.47546981438063,,0,
189.0,33.0,3,191.1023138096134,-467.436958,1,-658.5392718096134
190.0,33.0,3,207.5241365211259,,0,
191.0,33.0,3,224.86409523061593,,0,
192.0,33.0,3,242.59558006671432,,0,
193.0,33.0,3,260.36937067344843,,0,
194.0,33.0,3,277.9261048404005,,0,
195.0,33.0,3,295.05420582622173,-315.955037,1,-611.0092428262217
196.0,33.0,3,311.5659302982094,,0,
197.0,33.0,3,327.2873491063074,,0,
198.0,33.0,3,342.07244327491935,,0,
199.0,33.0,3,355.846566870845,,0,
0.0,34.0,0,215.44137032972503,,0,
1.0,34.0,0,202.4882688123762,,0,
2.0,34.0,0,189.4625810268335,-632.221237,1,-821.6838180268335
3.0,34.0,0,176.39258674956363,,0,
4.0,34.0,0,163.30995813598565,,0,
5.0,34.0,0,150.24927407991345,,0,
6.0,34.0,0,137.24708036200173,,0,
7.0,34.0,0,124.3403433325584,,0,
8.0,34.0,0,111.56417002223316,-523.401934,1,-634.9661040222331
9.0,34.0,0,98.9487617566192,,0,
10.0,34.0,0,86.51574151794193,,0,
11.0,34.0,0,74.27419590986392,,0,
12.0,34.0,0,62.216860453103436,,0,
13.0,34.0,0,50.31666602384212,,0,
14.0,34.0,0,38.52323677027016,353.171007,1,314.6477702297298
15.0,34.0,0,26.75792850626749,,0,
16.0,34.0,0,14.90509316198586,,0,
17.0,34.0,0,2.8004695294366684,,0,
18.0,34.0,0,-9.752083103710902,,0,
19.0,34.0,0,-22.84776381104166,,0,
20.0,34.0,0,-36.352552799813566,43.00893,1,79.36148279981356
21.0,34.0,0,-50.0337211344704,,0,
22.0,34.0,0,-63.694368157113786,,0,
23.0,34.0,0,-77.1910038283022,,0,
24.0,34.0,0,-90.4218428963286,,0,
25.0,34.0,0,-103.31724266984384,,0,
26.0,34.0,0,-115.83360504277516,-645.339269,1,-529.5056639572248
27.0,34.0,0,-127.94887181229205,,0,
28.0,34.0,0,-139.65847550595208,,0,
29.0,34.0,0,-150.97134864265536,,0,
30.0,34.0,0,-161.90598438616144,,0,
31.0,34.0,0,-172.48654637298387,,0,
32.0,34.0,0,-182.73878847666492,-345.671063,1,-162.93227452333508
33.0,34.0,0,-192.68559678128804,,0,
34.0,34.0,0,-202.34287548987777,,0,
35.0,34.0,0,-211.71753417019863,,0,
36.0,34.0,0,-220.8085464441101,,0,
37.0,34.0,0,-229.60984672457562,,0,
38.0,34.0,0,-238.11318114140886,-312.905135,1,-74.79195385859111
39.0,34.0,0,-246.3105264131009,,0,
40.0,34.0,0,-254.1977603125706,,0,
41.0,34.0,0,-261.7839519491681,,0,
42.0,34.0,0,-269.11671361608023,,0,
43.0,34.0,0,-276.3348281212493,,0,
44.0,34.0,0,-283.4998146678263,-332.880295,1,-49.380480332173704
45.0,34.0,0,-290.1708716324283,,0,
46.0,34.0,0,-295.81981459875533,,0,
47.0,34.0,0,-300.1489009329707,,0,
48.0,34.0,0,-303.1953775062939,,0,
49.0,34.0,0,-305.1436322640511,,0,
50.0,34.0,0,-306.1490157219523,-526.271202,1,-220.1221862780477
51.0,34.0,0,-306.3144445873477,,0,
52.0,34.0,0,-305.706404633529,,0,
53.0,34.0,0,-304.36967446501876,,0,
54.0,34.0,0,-302.3387503546837,,0,
55.0,34.0,0,-299.6484238440571,,0,
56.0,34.0,0,-296.3451463557285,-97.515406,1,198.82974035572852
57.0,34.0,0,-292.49943237278785,,0,
58.0,34.0,0,-288.21790294520906,,0,
59.0,34.0,0,-283.6519480375373,,0,
60.0,34.0,0,-278.99901279161713,,0,
61.0,34.0,0,-274.4925616662622,,0,
62.0,34.0,0,-270.3780314034666,-129.698228,1,140.6798034034666
63.0,34.0,0,-266.8762202055841,,0,
64.0,34.0,0,-264.1447339454535,,0,
65.0,34.0,0,-262.25587211357924,,0,
66.0,34.0,0,-261.2010719744503,,0,
67.0,34.0,0,-260.91218322857094,,0,
68.0,34.0,0,-261.2824970243746,-602.794123,1,-341.5116259756254
69.0,34.0,0,-262.1792982020561,,0,
70.0,34.0,0,-263.4489392551113,,0,
71.0,34.0,0,-264.9177302323551,,0,
72.0,34.0,0,-266.3894582780995,,0,
73.0,34.0,0,-267.6346012449503,,0,
74.0,34.0,1,-268.3535591307955,-762.151139,1,-493.79757986920447
75.0,34.0,1,-268.08884822707114,,0,
76.0,34.0,1,-266.4727031387447,,0,
77.0,34.0,1,-263.8653274716271,,0,
78.0,34.0,1,-260.6887793136557,,0,
79.0,34.0,1,-257.1550130664655,,0,
80.0,34.0,1,-253.33297034698808,-537.197443,1,-283.86447265301194
81.0,34.0,1,-249.16882090513536,,0,
82.0,34.0,1,-244.520408774697,,0,
83.0,34.0,1,-239.32999854282752,,0,
84.0,34.0,1,-233.7907410904918,,0,
85.0,34.0,1,-228.19337822385023,,0,
86.0,34.0,1,-222.7684174787646,415.458045,1,638.2264624787647
87.0,34.0,1,-217.6728932914193,,0,
88.0,34.0,1,-213.01244400939322,,0,
89.0,34.0,1,-208.859142506426,,0,
90.0,34.0,1,-205.26300028806145,,0,
91.0,34.0,1,-202.2593015697239,,0,
92.0,34.0,1,-199.87336322021656,136.862453,1,336.7358162202165
93.0,34.0,1,-198.12374345178978,,0,
94.0,34.0,1,-197.02462731945343,,0,
95.0,34.0,1,-196.58797762079485,,0,
96.0,34.0,1,-196.82596570043097,,0,
97.0,34.0,1,-197.75417959048718,,0,
98.0,34.0,1,-199.39624337308487,198.410264,1,397.80650737308486
99.0,34.0,1,-201.79092512901843,,0,
100.0,34.0,1,-205.00336506203166,,0,
101.0,34.0,1,-209.13907037196896,,0,
102.0,34.0,1,-214.3313551657193,,0,
103.0,34.0,1,-220.62058461480683,,0,
104.0,34.0,1,-227.83680434479174,-14.949019,1,212.88778534479175
105.0,34.0,1,-235.72129587009476,,0,
106.0,34.0,1,-244.0508988811198,,0,
107.0,34.0,1,-252.65333119075513,,0,
108.0,34.0,1,-261.395329680945,,0,
109.0,34.0,1,-270.17318244949547,,0,
110.0,34.0,1,-278.90722828107937,-604.883488,1,-325.9762597189207
111.0,34.0,1,-287.5390178885682,,0,
112.0,34.0,1,-296.03057666474706,,0,
113.0,34.0,1,-304.3657405023332,,0,
114.0,34.0,1,-312.553390399411,,0,
115.0,34.0,1,-320.63120101478125,,0,
116.0,34.0,1,-328.66529712434567,66.052231,1,394.7175281243457
117.0,34.0,1,-336.7355528062599,,0,
118.0,34.0,1,-344.8945485903423,,0,
119.0,34.0,1,-353.10932895760016,,0,
120.0,34.0,1,-361.2338758827427,,0,
121.0,34.0,1,-369.04603119758394,,0,
122.0,34.0,1,-376.31367973800843,-190.48326,1,185.83041973800843
123.0,34.0,1,-382.8410158349834,,0,
124.0,34.0,1,-388.484617248203,,0,
125.0,34.0,1,-393.1502832167498,,0,
126.0,34.0,1,-396.7803489230664,,0,
127.0,34.0,1,-399.33654916915657,,0,
128.0,34.0,1,-400.78170686458907,-238.421794,1,162.35991286458906
129.0,34.0,2,-401.0637820233678,,0,
130.0,34.0,2,-400.1059485909218,,0,
131.0,34.0,2,-397.80454821008243,,0,
132.0,34.0,2,-394.03409193576226,,0,
133.0,34.0,2,-388.65804813225077,,0,
134.0,34.0,2,-381.545992010163,108.857798,1,490.403790010163
135.0,34.0,2,-372.5971549137539,,0,
136.0,34.0,2,-361.7633169744222,,0,
137.0,34.0,2,-349.05592792011157,,0,
138.0,34.0,2,-334.5260853571599,,0,
139.0,34.0,2,-318.2210056295189,,0,
140.0,34.0,2,-300.22100749424135,-346.61282,1,-46.39181250575865
141.0,34.0,2,-280.77638843214663,,0,
142.0,34.0,2,-260.1522297137835,,0,
143.0,34.0,2,-238.5669727760178,,0,
144.0,34.0,2,-216.20796358543157,,0,
145.0,34.0,2,-193.23277867205616,,0,
146.0,34.0,2,-169.76459010263625,-356.602261,1,-186.83767089736375
147.0,34.0,2,-145.89281577567817,,0,
148.0,34.0,2,-121.68437838539467,,0,
149.0,34.0,2,-97.20073814530406,,0,
150.0,34.0,2,-72.51224275879213,,0,
151.0,34.0,2,-47.705874887873506,,0,
152.0,34.0,2,-22.887350269149465,306.109456,1,328.9968062691495
153.0,34.0,2,1.8198566739556554,,0,
154.0,34.0,2,26.276295685944206,,0,
155.0,34.0,2,50.32757605615916,,0,
156.0,34.0,2,73.80364405731962,,0,
157.0,34.0,2,96.51562373107299,,0,
158.0,34.0,2,118.24979205777527,249.011473,1,130.76168094222473
159.0,34.0,2,138.7586825631879,,0,
160.0,34.0,3,157.75030442004208,,0,
161.0,34.0,3,174.87856325255416,,0,
162.0,34.0,3,189.74170341932222,,0,
163.0,34.0,3,201.900679050108,,0,
164.0,34.0,3,210.93204286276887,520.814893,1,309.8828501372311
165.0,34.0,3,216.51937176946922,,0,
166.0,34.0,3,218.55399472291901,,0,
167.0,34.0,3,217.18473351197463,,0,
168.0,34.0,3,212.78173292668362,,0,
169.0,34.0,3,205.8471885410181,,0,
170.0,34.0,3,196.9316847160644,-111.977593,1,-308.9092777160644
171.0,34.0,3,186.5850715268025,,0,
172.0,34.0,3,175.33938315801788,,0,
173.0,34.0,3,163.71262111034594,,0,
174.0,34.0,3,152.22707674661433,,0,
175.0,34.0,3,141.4460659897377,,0,
176.0,34.0,3,132.0544882195245,-487.937422,1,-619.9919102195245
177.0,34.0,3,125.02174898897647,,0,
178.0,34.0,3,121.14889100172513,,0,
179.0,34.0,3,119.90229673846625,,0,
180.0,34.0,3,120.58612101696053,,0,
181.0,34.0,3,122.80245634102903,,0,
182.0,34.0,3,126.29817552058375,-199.089849,1,-325.3880245205837
183.0,34.0,3,130.89814369503438,,0,
184.0,34.0,3,136.48794390987314,,0,
185.0,34.0,3,143.0222657698323,,0,
186.0,34.0,3,150.5570884300614,,0,
187.0,34.0,3,159.3241305925767,,0,
188.0,34.0,3,170.00033625625656,-367.753584,1,-537.7539202562566
189.0,34.0,3,183.9647191472759,,0,
190.0,34.0,3,199.6654586848381,,0,
191.0,34.0,3,216.23728813102207,,0,
192.0,34.0,3,233.2347398934944,,0,
193.0,34.0,3,250.35910380395944,,0,
194.0,34.0,3,267.3824870323806,-391.298806,1,-658.6812930323806
195.0,34.0,3,284.10972882338683,,0,
196.0,34.0,3,300.3524598343647,,0,
197.0,34.0,3,315.9086413044497,,0,
198.0,34.0,3,330.56761150718376,,0,
199.0,34.0,3,344.2037522972678,,0,
0.0,35.0,0,211.06638900795224,,0,
1.0,35.0,0,198.26109896678827,-695.269003,1,-893.5301019667883
2.0,35.0,0,185.4002361627936,,0,
3.0,35.0,0,172.51116209351676,,0,
4.0,35.0,0,159.62397501373198,,0,
5.0,35.0,0,146.77093272388447,,0,
6.0,35.0,0,133.98547684893128,,0,
7.0,35.0,0,121.30075694383413,-616.725995,1,-738.0267519438341
8.0,35.0,0,108.74758445729094,,0,
9.0,35.0,0,96.35182415985037,,0,
10.0,35.0,0,84.13135268261249,,0,
11.0,35.0,0,72.09283906259225,,0,
12.0,35.0,0,60.22863502240216,,0,
13.0,35.0,0,48.513872666546376,272.429434,1,223.91556133345364
14.0,35.0,0,36.903324224593234,,0,
15.0,35.0,0,25.32646499560724,,0,
16.0,35.0,0,13.676608022680739,,0,
17.0,35.0,0,1.7822908747912152,,0,
18.0,35.0,0,-10.655617328302469,,0,
19.0,35.0,0,-23.87831136232853,103.226072,1,127.10438336232853
20.0,35.0,0,-37.595390491216676,,0,
21.0,35.0,0,-51.46105152654491,,0,
22.0,35.0,0,-65.26170085211925,,0,
23.0,35.0,0,-78.85423624714895,,0,
24.0,35.0,0,-92.13776204326132,,0,
25.0,35.0,0,-105.04241593815095,-550.574174,1,-445.531758061849
26.0,35.0,0,-117.523803218588,,0,
27.0,35.0,0,-129.55921386035334,,0,
28.0,35.0,0,-141.1442715155863,,0,
29.0,35.0,0,-152.28962606435744,,0,
30.0,35.0,0,-163.0176491826569,,0,
31.0,35.0,0,-173.35894308924253,-344.977081,1,-171.61813791075747
32.0,35.0,0,-183.34786857150903,,0,
33.0,35.0,0,-193.0159857347171,,0,
34.0,35.0,0,-202.38429242720304,,0,
35.0,35.0,0,-211.45898483303608,,0,
36.0,35.0,0,-220.2340673310391,,0,
37.0,35.0,0,-228.69730791356415,-341.638516,1,-112.94120808643584
38.0,35.0,0,-236.8348025936939,,0,
39.0,35.0,0,-244.63366033876446,,0,
40.0,35.0,0,-252.08512455502205,,0,
41.0,35.0,0,-259.19180001781206,,0,
42.0,35.0,0,-265.9872877775924,,0,
43.0,35.0,0,-272.62051619726844,-91.813495,1,180.80702119726845
44.0,35.0,0,-279.4364173643771,,0,
45.0,35.0,0,-285.75816801871406,,0,
46.0,35.0,0,-291.14122880867217,,0,
47.0,35.0,0,-295.36843032808247,,0,
48.0,35.0,0,-298.4143051486608,,0,
49.0,35.0,0,-300.3695194405009,-541.065089,1,-240.69556955949906
50.0,35.0,0,-301.3486409452307,,0,
51.0,35.0,0,-301.4485527577417,,0,
52.0,35.0,0,-300.7431515381977,,0,
53.0,35.0,0,-299.28978336299406,,0,
54.0,35.0,0,-297.1381323073292,,0,
55.0,35.0,0,-294.33976908686964,-218.762929,1,75.57684008686962
56.0,35.0,0,-290.95835756163797,,0,
57.0,35.0,0,-287.0803794824751,,0,
58.0,35.0,0,-282.82553491703584,,0,
59.0,35.0,0,-278.35516978967644,,0,
60.0,35.0,0,-273.87617382659664,,0,
61.0,35.0,0,-269.63605061502494,64.217531,1,333.85358161502495
62.0,35.0,0,-265.9015659256984,,0,
63.0,35.0,0,-262.91305177406684,,0,
64.0,35.0,0,-260.8238511538875,,0,
65.0,35.0,0,-259.66531623704213,,0,
66.0,35.0,0,-259.3657410636515,,0,
67.0,35.0,0,-259.7955426561275,-556.317391,1,-296.52184834387253
68.0,35.0,0,-260.7993949367374,,0,
69.0,35.0,0,-262.2074486609454,,0,
70.0,35.0,0,-263.8352415889167,,0,
71.0,35.0,0,-265.48072722593224,,0,
72.0,35.0,0,-266.9213751153293,,0,
73.0,35.0,0,-267.90904780625715,-674.585619,1,-406.6765711937428
74.0,35.0,1,-268.160438687235,,0,
75.0,35.0,1,-267.37994239755426,,0,
76.0,35.0,1,-265.4319986078044,,0,
77.0,35.0,1,-262.50017585553996,,0,
78.0,35.0,1,-258.8900179407319,,0,
79.0,35.0,1,-254.82881802340125,-498.925756,1,-244.09693797659872
80.0,35.0,1,-250.4307232071733,,0,
81.0,35.0,1,-245.71503522765852,,0,
82.0,35.0,1,-240.6569525895029,,0,
83.0,35.0,1,-235.27990002004117,,0,
84.0,35.0,1,-229.71668661846343,,0,
85.0,35.0,1,-224.16444777204742,277.612316,1,501.77676377204745
86.0,35.0,1,-218.80952890980552,,0,
87.0,35.0,1,-213.79666108402853,,0,
88.0,35.0,1,-209.23021895741476,,0,
89.0,35.0,1,-205.18380837478617,,0,
90.0,35.0,1,-201.70911654594238,,0,
91.0,35.0,1,-198.84235574415288,347.816075,1,546.6584307441528
92.0,35.0,1,-196.6086438782877,,0,
93.0,35.0,1,-195.0250074449441,,0,
94.0,35.0,1,-194.10264312654908,,0,
95.0,35.0,1,-193.84895552996204,,0,
96.0,35.0,1,-194.26978733751457,,0,
97.0,35.0,1,-195.37224499390868,113.962898,1,309.3351429939087
98.0,35.0,1,-197.16873248146294,,0,
99.0,35.0,1,-199.68355146163958,,0,
100.0,35.0,1,-202.96566700196854,,0,
101.0,35.0,1,-207.11839615858435,,0,
102.0,35.0,1,-212.36121442681178,,0,
103.0,35.0,1,-218.86121456369983,-48.220841,1,170.64037356369982
104.0,35.0,1,-226.29691444146465,,0,
105.0,35.0,1,-234.30148049552554,,0,
106.0,35.0,1,-242.63675971182965,,0,
107.0,35.0,1,-251.13512465233725,,0,
108.0,35.0,1,-259.672130646748,,0,
109.0,35.0,1,-268.1552047200903,-530.716614,1,-262.56140927990975
110.0,35.0,1,-276.5178611688243,,0,
111.0,35.0,1,-284.71643202865243,,0,
112.0,35.0,1,-292.729030526938,,0,
113.0,35.0,1,-300.55744173580206,,0,
114.0,35.0,1,-308.23275400395505,,0,
115.0,35.0,1,-315.8248764625496,72.908361,1,388.7332374625496
116.0,35.0,1,-323.4529158936348,,0,
117.0,35.0,1,-331.2819633085237,,0,
118.0,35.0,1,-339.46912487981535,,0,
119.0,35.0,1,-348.03970973315336,,0,
120.0,35.0,1,-356.8091879968488,,0,
121.0,35.0,1,-365.4687474609782,-407.327937,1,-41.85918953902183
122.0,35.0,1,-373.7154720928447,,0,
123.0,35.0,1,-381.3104534459417,,0,
124.0,35.0,1,-388.0829492694029,,0,
125.0,35.0,1,-393.9169619218137,,0,
126.0,35.0,1,-398.73430060572264,,0,
127.0,35.0,1,-402.4774959654096,-238.678516,1,163.79897996540961
128.0,35.0,1,-405.0937319692348,,0,
129.0,35.0,2,-406.5211273668501,,0,
130.0,35.0,2,-406.6787417873784,,0,
131.0,35.0,2,-405.46093749133433,,0,
132.0,35.0,2,-402.73608012984914,,0,
133.0,35.0,2,-398.35089047848487,-319.557335,1,78.79355547848485
134.0,35.0,2,-392.1458149465525,,0,
135.0,35.0,2,-383.988527498459,,0,
136.0,35.0,2,-373.81819454102515,,0,
137.0,35.0,2,-361.6657030132119,,0,
138.0,35.0,2,-347.6229780633148,,0,
139.0,35.0,2,-331.7659891785079,-398.80909,1,-67.04310082149215
140.0,35.0,2,-314.0908093126891,,0,
141.0,35.0,2,-294.9525053442594,,0,
142.0,35.0,2,-274.609712715006,,0,
143.0,35.0,2,-253.25587582796288,,0,
144.0,35.0,2,-231.05045751864236,,0,
145.0,35.0,2,-208.12451014039107,-380.391994,1,-172.26748385960894
146.0,35.0,2,-184.58264931987287,,0,
147.0,35.0,2,-160.50777682015905,,0,
148.0,35.0,2,-135.97065798415133,,0,
149.0,35.0,2,-111.04198244153667,,0,
150.0,35.0,2,-85.80261178505316,,0,
151.0,35.0,2,-60.349313381520915,263.731994,1,324.0813073815209
152.0,35.0,2,-34.79599011802202,,0,
153.0,35.0,2,-9.27208353401511,,0,
154.0,35.0,2,16.079845874701277,,0,
155.0,35.0,2,41.10574126961001,,0,
156.0,35.0,2,65.63973468052427,,0,
157.0,35.0,2,89.50101629197707,272.841764,1,183.34074770802295
158.0,35.0,2,112.4870139888535,,0,
159.0,35.0,2,134.3619433282147,,0,
160.0,35.0,3,154.8401310434856,,0,
161.0,35.0,3,173.56525583151233,,0,
162.0,35.0,3,190.09155060427656,,0,
163.0,35.0,3,203.88346143801755,994.106353,1,790.2228915619825
164.0,35.0,3,214.36587009131472,,0,
165.0,35.0,3,221.05870800766206,,0,
166.0,35.0,3,223.7662981960566,,0,
167.0,35.0,3,222.68095131345035,,0,
168.0,35.0,3,218.30095158866607,,0,
169.0,35.0,3,211.2585577761347,204.11796,1,-7.140597776134683
170.0,35.0,3,202.1951951135561,,0,
171.0,35.0,3,191.71296132693533,,0,
172.0,35.0,3,180.37191137218906,,0,
173.0,35.0,3,168.7069601958574,,0,
174.0,35.0,3,157.25452906328428,,0,
175.0,35.0,3,146.588918608104,-481.602087,1,-628.191005608104
176.0,35.0,3,137.36352163179254,,0,
177.0,35.0,3,130.27863029771834,,0,
178.0,35.0,3,125.75915829288715,,0,
179.0,35.0,3,123.63997632669634,,0,
180.0,35.0,3,123.48654462930426,,0,
181.0,35.0,3,124.92444327120756,-405.170193,1,-530.0946362712075
182.0,35.0,3,127.6817142778782,,0,
183.0,35.0,3,131.56300888833357,,0,
184.0,35.0,3,136.4371963005833,,0,
185.0,35.0,3,142.24809468255262,,0,
186.0,35.0,3,149.0549270769152,,0,
187.0,35.0,3,157.1264390181459,-413.12819,1,-570.2546290181459
188.0,35.0,3,167.1206486033916,,0,
189.0,35.0,3,179.62335085333325,,0,
190.0,35.0,3,193.9394612813594,,0,
191.0,35.0,3,209.27284609078197,,0,
192.0,35.0,3,225.17217143974267,,0,
193.0,35.0,3,241.34952861463535,-351.680055,1,-593.0295836146354
194.0,35.0,3,257.5893510308506,,0,
195.0,35.0,3,273.7051101872785,,0,
196.0,35.0,3,289.51101513777394,,0,
197.0,35.0,3,304.78982801457823,,0,
198.0,35.0,3,319.2406184190186,,0,
199.0,35.0,3,332.61275463442144,-23.254661,1,-355.86741563442143
0.0,36.0,0,206.64258883064758,-536.624651,1,-743.2672398306476
1.0,36.0,0,193.96803451994492,,0,
2.0,36.0,0,181.2507328480424,,0,
3.0,36.0,0,168.51665677108394,,0,
4.0,36.0,0,155.79393149992393,,0,
5.0,36.0,0,143.11222720389924,,0,
6.0,36.0,0,130.50181429609074,-641.00003,1,-771.5018442960908
7.0,36.0,0,117.99220704661639,,0,
8.0,36.0,0,105.61034172431391,,0,
9.0,36.0,0,93.37828585565148,,0,
10.0,36.0,0,81.31056286628882,,0,
11.0,36.0,0,69.41128601240052,,0,
12.0,36.0,0,57.67135760458768,206.270598,1,148.59924039541232
13.0,36.0,0,46.06587256374769,,0,
14.0,36.0,0,34.55143040585972,,0,
15.0,36.0,0,23.062157883978216,,0,
16.0,36.0,0,11.5012482134116,,0,
17.0,36.0,0,-0.28197101753903553,,0,
18.0,36.0,0,-12.592774740696768,200.011605,1,212.60437974069677
19.0,36.0,0,-25.990299355820753,,0,
20.0,36.0,0,-39.8538699845667,,0,
21.0,36.0,0,-53.819891330702376,,0,
22.0,36.0,0,-67.6850954094698,,0,
23.0,36.0,0,-81.3072978417149,,0,
24.0,36.0,0,-94.58306526076194,-466.926097,1,-372.3430317392381
25.0,36.0,0,-107.43925034516724,,0,
26.0,36.0,0,-119.8286849221331,,0,
27.0,36.0,0,-131.72705968117953,,0,
28.0,36.0,0,-143.12995046333526,,0,
29.0,36.0,0,-154.04979048935638,,0,
30.0,36.0,0,-164.51296431032824,-326.005305,1,-161.49234068967178
31.0,36.0,0,-174.55705833764114,,0,
32.0,36.0,0,-184.22713380974164,,0,
33.0,36.0,0,-193.56748102740676,,0,
34.0,36.0,0,-202.60699309421761,,0,
35.0,36.0,0,-211.34973431380786,,0,
36.0,36.0,0,-219.78250127428328,-437.964499,1,-218.1819977257167
37.0,36.0,0,-227.8874984660215,,0,
38.0,36.0,0,-235.6486625009711,,0,
39.0,36.0,0,-243.05404975191777,,0,
40.0,36.0,0,-250.0992780819215,,0,
41.0,36.0,0,-256.79670276616525,,0,
42.0,36.0,0,-263.20021533058025,-13.083083,1,250.11713233058026
43.0,36.0,0,-269.45950065890975,,0,
44.0,36.0,0,-275.6648510081577,,0,
45.0,36.0,0,-281.4548084277267,,0,
46.0,36.0,0,-286.4475613129034,,0,
47.0,36.0,0,-290.4378169946067,,0,
48.0,36.0,0,-293.36189820992877,-485.093592,1,-191.73169379007123
49.0,36.0,0,-295.24962067410524,,0,
50.0,36.0,0,-296.1718291063007,,0,
51.0,36.0,0,-296.20574913665405,,0,
52.0,36.0,0,-295.42148629213625,,0,
53.0,36.0,0,-293.8810830917773,,0,
54.0,36.0,0,-291.6431709846729,-253.799936,1,37.843234984672904
55.0,36.0,0,-288.7700293785747,,0,
56.0,36.0,0,-285.3358744789184,,0,
57.0,36.0,0,-281.43584147300135,,0,
58.0,36.0,0,-277.19520263130835,,0,
59.0,36.0,0,-272.77834158670885,,0,
60.0,36.0,0,-268.39679502393847,148.565363,1,416.96215802393846
61.0,36.0,0,-264.3137562685879,,0,
62.0,36.0,0,-260.83399786034715,,0,
63.0,36.0,0,-258.2505220884732,,0,
64.0,36.0,0,-256.73403056425377,,0,
65.0,36.0,0,-256.2593747702267,,0,
66.0,36.0,0,-256.66457029049343,-388.375428,1,-131.71085770950657
67.0,36.0,0,-257.7473842325744,,0,
68.0,36.0,0,-259.30613217012433,,0,
69.0,36.0,0,-261.1397310563025,,0,
70.0,36.0,0,-263.0372752908188,,0,
71.0,36.0,0,-264.77033077059787,,0,
72.0,36.0,0,-266.09313159839803,-530.107349,1,-264.01421740160197
73.0,36.0,0,-266.7533215198637,,0,
74.0,36.0,1,-266.5158642054812,,0,
75.0,36.0,1,-265.2115352815126,,0,
76.0,36.0,1,-262.81449550178513,,0,
77.0,36.0,1,-259.47372204113526,,0,
78.0,36.0,1,-255.4279013656851,-356.700166,1,-101.27226463431492
79.0,36.0,1,-250.89563854852895,,0,
80.0,36.0,1,-246.02610639196791,,0,
81.0,36.0,1,-240.90118746958615,,0,
82.0,36.0,1,-235.5691558031249,,0,
83.0,36.0,1,-230.09319375675113,,0,
84.0,36.0,1,-224.58111286352505,3.585826,1,228.16693886352505
85.0,36.0,1,-219.17343331243865,,0,
86.0,36.0,1,-214.01131746064493,,0,
87.0,36.0,1,-209.2149003727718,,0,
88.0,36.0,1,-204.8777490560933,,0,
89.0,36.0,1,-201.0697805412674,,0,
90.0,36.0,1,-197.84222999432677,436.520879,1,634.3631089943267
91.0,36.0,1,-195.2320024304645,,0,
92.0,36.0,1,-193.2648656146921,,0,
93.0,36.0,1,-191.95775309476176,,0,
94.0,36.0,1,-191.3206379762887,,0,
95.0,36.0,1,-191.3583801263294,,0,
96.0,36.0,1,-192.07283053664014,-84.4204,1,107.65243053664014
97.0,36.0,1,-193.465432714087,,0,
98.0,36.0,1,-195.54073270304798,,0,
99.0,36.0,1,-198.31183524261724,,0,
100.0,36.0,1,-201.81065176505217,,0,
101.0,36.0,1,-206.1122517187323,,0,
102.0,36.0,1,-211.43230055478125,-14.292159,1,197.14014155478125
103.0,36.0,1,-218.2241187263312,,0,
104.0,36.0,1,-225.85429298894542,,0,
105.0,36.0,1,-233.9380145967225,,0,
106.0,36.0,1,-242.2493809702719,,0,
107.0,36.0,1,-250.6279287955913,,0,
108.0,36.0,1,-258.95667681921987,-542.72636,1,-283.76968318078013
109.0,36.0,1,-267.153115453184,,0,
110.0,36.0,1,-275.163522565279,,0,
111.0,36.0,1,-282.9584624638883,,0,
112.0,36.0,1,-290.5302475326898,,0,
113.0,36.0,1,-297.8939742741495,,0,
114.0,36.0,1,-305.0937825009969,-183.034702,1,122.05908050099688
115.0,36.0,1,-312.2164121587193,,0,
116.0,36.0,1,-319.4148684505017,,0,
117.0,36.0,1,-326.93852179361147,,0,
118.0,36.0,1,-335.10775985256987,,0,
119.0,36.0,1,-344.0628044777741,,0,
120.0,36.0,1,-353.51867108452643,-538.513736,1,-184.99506491547356
121.0,36.0,1,-363.0163923076252,,0,
122.0,36.0,1,-372.17949093349307,,0,
123.0,36.0,1,-380.74286195593595,,0,
124.0,36.0,1,-388.5236456589373,,0,
125.0,36.0,1,-395.39528006673936,,0,
126.0,36.0,1,-401.2679433049634,-63.594838,1,337.6731053049634
127.0,36.0,1,-406.07254641771215,,0,
128.0,36.0,1,-409.7468567010146,,0,
129.0,36.0,2,-412.22354179523245,,0,
130.0,36.0,2,-413.4202336439157,,0,
131.0,36.0,2,-413.23130188218784,,0,
132.0,36.0,2,-411.52066036661563,-416.006337,1,-4.485676633384344
133.0,36.0,2,-408.1165231431278,,0,
134.0,36.0,2,-402.81685877289783,,0,
135.0,36.0,2,-395.4302823905782,,0,
136.0,36.0,2,-385.8645472607968,,0,
137.0,36.0,2,-374.1802906487301,,0,
138.0,36.0,2,-360.5239039042972,-321.185377,1,39.33852690429717
139.0,36.0,2,-345.0172355623654,,0,
140.0,36.0,2,-327.7745993614735,,0,
141.0,36.0,2,-309.04664860876073,,0,
142.0,36.0,2,-289.0749664555242,,0,
143.0,36.0,2,-268.0378549626621,,0,
144.0,36.0,2,-246.07307689309528,-470.427199,1,-224.3541221069047
145.0,36.0,2,-223.28927361560636,,0,
146.0,36.0,2,-199.77309417027755,,0,
147.0,36.0,2,-175.59730474426033,,0,
148.0,36.0,2,-150.83103322859097,,0,
149.0,36.0,2,-125.55033211390219,,0,
150.0,36.0,2,-99.84606418254589,131.724345,1,231.5704091825459
151.0,36.0,2,-73.82718992664013,,0,
152.0,36.0,2,-47.61969817883801,,0,
153.0,36.0,2,-21.363008756306954,,0,
154.0,36.0,2,4.794009863657266,,0,
155.0,36.0,2,30.695801215548272,,0,
156.0,36.0,2,56.18067696212529,258.497636,1,202.3169590378747
157.0,36.0,2,81.0784096125426,,0,
158.0,36.0,2,105.20378888810228,,0,
159.0,36.0,3,128.34429298801842,,0,
160.0,36.0,3,150.23915417626267,,0,
161.0,36.0,3,170.54724038244603,,0,
162.0,36.0,3,188.8048991066098,1129.355417,1,940.5505178933902
163.0,36.0,3,204.38757062212972,,0,
164.0,36.0,3,216.52281940156536,,0,
165.0,36.0,3,224.46118278815266,,0,
166.0,36.0,3,227.85210552239732,,0,
167.0,36.0,3,226.99202157122636,,0,
168.0,36.0,3,222.60830464429455,611.932223,1,389.3239183557055
169.0,36.0,3,215.5088337044799,,0,
170.0,36.0,3,206.42359127040254,,0,
171.0,36.0,3,195.9891059497313,,0,
172.0,36.0,3,184.77533726633555,,0,
173.0,36.0,3,173.3170569256763,,0,
174.0,36.0,3,162.14220004216622,-389.040968,1,-551.1831680421662
175.0,36.0,3,151.79390096602583,,0,
176.0,36.0,3,142.8296820204414,,0,
177.0,36.0,3,135.75216134054062,,0,
178.0,36.0,3,130.84857545180785,,0,
179.0,36.0,3,128.08845507125807,,0,
180.0,36.0,3,127.23146182566416,-478.55348,1,-605.7849418256642
181.0,36.0,3,127.9945766494966,,0,
182.0,36.0,3,130.13094818984973,,0,
183.0,36.0,3,133.44585358307813,,0,
184.0,36.0,3,137.80027937419072,,0,
185.0,36.0,3,143.1267247575597,,0,
186.0,36.0,3,149.46979099567034,-424.49747,1,-573.9672609956704
187.0,36.0,3,157.04851066963602,,0,
188.0,36.0,3,166.249048550133,,0,
189.0,36.0,3,177.30334348607357,,0,
190.0,36.0,3,189.94608588176197,,0,
191.0,36.0,3,203.70489625737537,,0,
192.0,36.0,3,218.2006084000459,-333.619033,1,-551.8196414000458
193.0,36.0,3,233.16253466589842,,0,
194.0,36.0,3,248.3801660733261,,0,
195.0,36.0,3,263.66686952080636,,0,
196.0,36.0,3,278.8345941030275,,0,
197.0,36.0,3,293.6667263496638,,0,
198.0,36.0,3,307.8390741134499,464.361618,1,156.52254388655012
199.0,36.0,3,320.8454595851217,,0,
0.0,37.0,0,202.16203782780212,,0,
1.0,37.0,0,189.6000020311767,,0,
2.0,37.0,0,177.0040654604236,,0,
3.0,37.0,0,164.39842130076795,,0,
4.0,37.0,0,151.808891646986,,0,
5.0,37.0,0,139.26233003113884,-784.475708,1,-923.7380380311389
6.0,37.0,0,126.78574695911084,,0,
7.0,37.0,0,114.40509651725006,,0,
8.0,37.0,0,102.14365911838831,,0,
9.0,37.0,0,90.0199636988691,,0,
10.0,37.0,0,78.04523873282596,,0,
11.0,37.0,0,66.22050035267603,4.047727,1,-62.172773352676025
12.0,37.0,0,54.533540891163284,,0,
13.0,37.0,0,42.956053293939476,,0,
14.0,37.0,0,31.440609991317615,,0,
15.0,37.0,0,19.916018090738362,,0,
16.0,37.0,0,8.276980118447682,,0,
17.0,37.0,0,-3.6437404642492766,374.001512,1,377.64525246424927
18.0,37.0,0,-16.137433279611287,,0,
19.0,37.0,0,-29.433589552478225,,0,
20.0,37.0,0,-43.22686348402931,,0,
21.0,37.0,0,-57.15452697940418,,0,
22.0,37.0,0,-70.98548985216621,,0,
23.0,37.0,0,-84.55985175351088,-382.757425,1,-298.1975732464891
24.0,37.0,0,-97.76173239095806,,0,
25.0,37.0,0,-110.50908285107289,,0,
26.0,37.0,0,-122.74889918898407,,0,
27.0,37.0,0,-134.45388763197843,,0,
28.0,37.0,0,-145.61919093864708,,0,
29.0,37.0,0,-156.2589603971901,-427.225208,1,-270.9662476028099
30.0,37.0,0,-166.403229498952,,0,
31.0,37.0,0,-176.09585228256037,,0,
32.0,37.0,0,-185.3935711500526,,0,
33.0,37.0,0,-194.36026203299116,,0,
34.0,37.0,0,-203.0393451363343,,0,
35.0,37.0,0,-211.42761805781083,-407.446934,1,-196.01931594218917
36.0,37.0,0,-219.49966288426367,,0,
37.0,37.0,0,-227.23363610956585,,0,
38.0,37.0,0,-234.61533715447877,,0,
39.0,37.0,0,-241.63814462740993,,0,
40.0,37.0,0,-248.30605223887687,,0,
41.0,37.0,0,-254.6417314295686,54.424698,1,309.0664294295686
42.0,37.0,0,-260.698234226933,,0,
43.0,37.0,0,-266.5478518939308,,0,
44.0,37.0,0,-272.17492697399575,,0,
45.0,37.0,0,-277.3779229100073,,0,
46.0,37.0,0,-281.8982118523418,,0,
47.0,37.0,0,-285.55319214287374,-373.887661,1,-88.33446885712624
48.0,37.0,0,-288.2580678558297,,0,
49.0,37.0,0,-290.00368176084885,,0,
50.0,37.0,0,-290.8253198791499,,0,
51.0,37.0,0,-290.7775051516801,,0,
52.0,37.0,0,-289.91992036171723,,0,
53.0,37.0,0,-288.3126683321061,-228.297397,1,60.015271332106124
54.0,37.0,0,-286.0173452535746,,0,
55.0,37.0,0,-283.10131692654795,,0,
56.0,37.0,0,-279.64373199717375,,0,
57.0,37.0,0,-275.7425242225436,,0,
58.0,37.0,0,-271.5221190965385,,0,
59.0,37.0,0,-267.14212830300676,211.018873,1,478.16100130300674
60.0,37.0,0,-262.8083181516922,,0,
61.0,37.0,0,-258.7882717301436,,0,
62.0,37.0,0,-255.4293741683723,,0,
63.0,37.0,0,-253.13029034038482,,0,
64.0,37.0,0,-252.1300801115067,,0,
65.0,37.0,0,-252.30213940574322,-148.216653,1,104.08548640574321
66.0,37.0,0,-253.3472336494524,,0,
67.0,37.0,0,-254.99170494359532,,0,
68.0,37.0,0,-257.0040879329754,,0,
69.0,37.0,0,-259.1666392280895,,0,
70.0,37.0,0,-261.2519752285298,,0,
71.0,37.0,0,-263.01059704078943,-427.142278,1,-164.13168095921054
72.0,37.0,0,-264.17441979293653,,0,
73.0,37.0,0,-264.48537477811624,,0,
74.0,37.0,1,-263.74847430948284,,0,
75.0,37.0,1,-261.8841172460634,,0,
76.0,37.0,1,-258.9488498644205,,0,
77.0,37.0,1,-255.11245614333893,-377.871783,1,-122.75932685666106
78.0,37.0,1,-250.5993340411951,,0,
79.0,37.0,1,-245.62631413513736,,0,
80.0,37.0,1,-240.36653887283137,,0,
81.0,37.0,1,-234.94378913039327,,0,
82.0,37.0,1,-229.44861800429499,,0,
83.0,37.0,1,-223.96341832026155,-98.976752,1,124.98666632026155
84.0,37.0,1,-218.58018712731428,,0,
85.0,37.0,1,-213.4013649784738,,0,
86.0,37.0,1,-208.52932662130843,,0,
87.0,37.0,1,-204.05610990721289,,0,
88.0,37.0,1,-200.0587734575638,,0,
89.0,37.0,1,-196.59928358492107,698.507264,1,895.106547584921
90.0,37.0,1,-193.72623788718192,,0,
91.0,37.0,1,-191.47670832338918,,0,
92.0,37.0,1,-189.87766288099738,,0,
93.0,37.0,1,-188.94711420954263,,0,
94.0,37.0,1,-188.6953748882479,,0,
95.0,37.0,1,-189.12673381441164,-272.542204,1,-83.41547018558839
96.0,37.0,1,-190.24169955711022,,0,
97.0,37.0,1,-192.0398931075688,,0,
98.0,37.0,1,-194.523913157278,,0,
99.0,37.0,1,-197.7053402382371,,0,
100.0,37.0,1,-201.61645773610144,,0,
101.0,37.0,1,-206.33882177114356,31.197706,1,237.53652777114357
102.0,37.0,1,-212.06508018312525,,0,
103.0,37.0,1,-218.93345318682532,,0,
104.0,37.0,1,-226.5975306268656,,0,
105.0,37.0,1,-234.67397289539576,,0,
106.0,37.0,1,-242.91631618236715,,0,
107.0,37.0,1,-251.15573457689243,-460.286773,1,-209.13103842310755
108.0,37.0,1,-259.2751397526481,,0,
109.0,37.0,1,-267.19934317141633,,0,
110.0,37.0,1,-274.8875553400121,,0,
111.0,37.0,1,-282.3256174649125,,0,
112.0,37.0,1,-289.52027899469977,,0,
113.0,37.0,1,-296.49807153864276,-288.384,1,8.114071538642747
114.0,37.0,1,-303.3102714765664,,0,
115.0,37.0,1,-310.0459075498875,,0,
116.0,37.0,1,-316.85898841495873,,0,
117.0,37.0,1,-324.03083890896505,,0,
118.0,37.0,1,-332.0977370859937,,0,
119.0,37.0,1,-341.497311250012,-304.517491,1,36.97982025001198
120.0,37.0,1,-351.6567492291797,,0,
121.0,37.0,1,-361.9098385451707,,0,
122.0,37.0,1,-371.8551669443332,,0,
123.0,37.0,1,-381.2317835909962,,0,
124.0,37.0,1,-389.85821440385917,,0,
125.0,37.0,1,-397.6039781805248,95.865639,1,493.4696171805248
126.0,37.0,1,-404.37203128006877,,0,
127.0,37.0,1,-410.085333162333,,0,
128.0,37.0,1,-414.67533140955857,,0,
129.0,37.0,2,-418.07170413174754,,0,
130.0,37.0,2,-420.19299023588064,,0,
131.0,37.0,2,-420.9372574096342,-377.572685,1,43.36457240963421
132.0,37.0,2,-420.1709138995393,,0,
133.0,37.0,2,-417.71275907286326,,0,
134.0,37.0,2,-413.31473423960415,,0,
135.0,37.0,2,-406.6814807495193,,0,
136.0,37.0,2,-397.64654481003527,,0,
137.0,37.0,2,-386.34232604817225,-327.817454,1,58.524872048172256
138.0,37.0,2,-373.02192480099984,,0,
139.0,37.0,2,-357.88521648328606,,0,
140.0,37.0,2,-341.09913981335194,,0,
141.0,37.0,2,-322.8556547340704,,0,
142.0,37.0,2,-303.34438824066456,,0,
143.0,37.0,2,-282.71825719007757,-367.385306,1,-84.66704880992245
144.0,37.0,2,-261.09300495981734,,0,
145.0,37.0,2,-238.55555582238594,,0,
146.0,37.0,2,-215.17335792674567,,0,
147.0,37.0,2,-191.00541962963325,,0,
148.0,37.0,2,-166.1148725383391,,0,
149.0,37.0,2,-140.58051098230317,44.250992,1,184.83150298230316
150.0,37.0,2,-114.50377757576643,,0,
151.0,37.0,2,-88.00929107608317,,0,
152.0,37.0,2,-61.24005766927439,,0,
153.0,37.0,2,-34.350461477268254,,0,
154.0,37.0,2,-7.499920896803815,,0,
155.0,37.0,2,19.1512609164929,317.057113,1,297.9058520835071
156.0,37.0,2,45.44343285231298,,0,
157.0,37.0,2,71.21636664229663,,0,
158.0,37.0,2,96.30450367886806,,0,
159.0,37.0,3,120.5264280856718,,0,
160.0,37.0,3,143.66387597657013,,0,
161.0,37.0,3,165.4229238029402,856.959076,1,691.5361521970598
162.0,37.0,3,185.36999355460648,,0,
163.0,37.0,3,202.84239104812877,,0,
164.0,37.0,3,216.86050713370787,,0,
165.0,37.0,3,226.22335819229193,,0,
166.0,37.0,3,230.25093871324498,,0,
167.0,37.0,3,229.50607942429633,1024.967199,1,795.4611195757036
168.0,37.0,3,225.1178331101546,,0,
169.0,37.0,3,218.07710045001295,,0,
170.0,37.0,3,209.15785201809194,,0,
171.0,37.0,3,198.99334528078907,,0,
172.0,37.0,3,188.13792866261792,,0,
173.0,37.0,3,177.10598305488384,-101.799896,1,-278.9058790548838
174.0,37.0,3,166.39537465962349,,0,
175.0,37.0,3,156.4957084994021,,0,
176.0,37.0,3,147.8717718320404,,0,
177.0,37.0,3,140.90917759561125,,0,
178.0,37.0,3,135.83589636796387,,0,
179.0,37.0,3,132.6828306757161,-418.626019,1,-551.3088496757161
180.0,37.0,3,131.3281514144328,,0,
181.0,37.0,3,131.58150137300618,,0,
182.0,37.0,3,133.24606973244954,,0,
183.0,37.0,3,136.14691275362566,,0,
184.0,37.0,3,140.1426433452434,,0,
185.0,37.0,3,145.13825699985318,-329.545568,1,-474.6838249998532
186.0,37.0,3,151.11133373760094,,0,
187.0,37.0,3,158.14640268014773,,0,
188.0,37.0,3,166.4196889991581,,0,
189.0,37.0,3,176.06110775416164,,0,
190.0,37.0,3,187.0111651890038,,0,
191.0,37.0,3,199.06202861931524,-166.050596,1,-365.1126246193153
192.0,37.0,3,211.97553294704994,,0,
193.0,37.0,3,225.5353061812857,,0,
194.0,37.0,3,239.54590008503874,,0,
195.0,37.0,3,253.81688457535347,,0,
196.0,37.0,3,268.14397795073455,,0,
197.0,37.0,3,282.28157008840935,510.040767,1,227.75919691159066
198.0,37.0,3,295.89413030232754,,0,
199.0,37.0,3,308.6934907151517,,0,
0.0,38.0,0,197.62122928762983,,0,
1.0,38.0,0,185.15333281832864,,0,
2.0,38.0,0,172.65674983162899,,0,
3.0,38.0,0,160.15358268060663,,0,
4.0,38.0,0,147.66708633342932,-758.924903,1,-906.5919893334293
5.0,38.0,0,135.2211031838815,,0,
6.0,38.0,0,122.83928148582345,,0,
7.0,38.0,0,110.54402599692548,,0,
8.0,38.0,0,98.35509878306766,,0,
9.0,38.0,0,86.2877335108351,,0,
10.0,38.0,0,74.35008521340205,-301.722892,1,-376.07297721340205
11.0,38.0,0,62.53994678993331,,0,
12.0,38.0,0,50.84104622868472,,0,
13.0,38.0,0,39.21953324428978,,0,
14.0,38.0,0,27.62066988247534,,0,
15.0,38.0,0,15.964364497140195,,0,
16.0,38.0,0,4.137344046146609,438.764352,1,434.62700795385337
17.0,38.0,0,-8.016824990831083,,0,
18.0,38.0,0,-20.679047703160904,,0,
19.0,38.0,0,-33.92108962859493,,0,
20.0,38.0,0,-47.57871766239987,,0,
21.0,38.0,0,-61.38508287888908,,0,
22.0,38.0,0,-75.10817973795929,-180.980207,1,-105.87202726204072
23.0,38.0,0,-88.5708668708321,,0,
24.0,38.0,0,-101.64132382543175,,0,
25.0,38.0,0,-114.22552880755393,,0,
26.0,38.0,0,-126.26286472195352,,0,
27.0,38.0,0,-137.72260885419746,,0,
28.0,38.0,0,-148.5999996635437,-452.174135,1,-303.57413533645627
29.0,38.0,0,-158.91174810942903,,0,
30.0,38.0,0,-168.69173868827056,,0,
31.0,38.0,0,-177.98832733380186,,0,
32.0,38.0,0,-186.86594064218662,,0,
33.0,38.0,0,-195.41429565066937,,0,
34.0,38.0,0,-203.71044451679336,-344.649181,1,-140.93873648320664
35.0,38.0,0,-211.72584180894046,,0,
36.0,38.0,0,-219.41783124479116,,0,
37.0,38.0,0,-226.76602375998482,,0,
38.0,38.0,0,-233.76136380114622,,0,
39.0,38.0,0,-240.4029071210134,,0,
40.0,38.0,0,-246.6993549286708,-7.68696,1,239.0123949286708
41.0,38.0,0,-252.67211364280956,,0,
42.0,38.0,0,-258.35333270147385,,0,
43.0,38.0,0,-263.7631826582983,,0,
44.0,38.0,0,-268.85916908022773,,0,
45.0,38.0,0,-273.5095898095824,,0,
46.0,38.0,0,-277.5425316463734,-232.765981,1,44.77655064637338
47.0,38.0,0,-280.8141176579993,,0,
48.0,38.0,0,-283.23882560928905,,0,
49.0,38.0,0,-284.78715547025786,,0,
50.0,38.0,0,-285.47003563979524,,0,
51.0,38.0,0,-285.3224593811683,,0,
52.0,38.0,0,-284.3919968711343,-117.785405,1,166.60659187113433
53.0,38.0,0,-282.73314814305013,,0,
54.0,38.0,0,-280.40633789545245,,0,
55.0,38.0,0,-277.4799876755096,,0,
56.0,38.0,0,-274.034452509306,,0,
57.0,38.0,0,-270.16707312883227,,0,
58.0,38.0,0,-265.9980629472266,111.99127,1,377.98933294722656
59.0,38.0,0,-261.67761548727503,,0,
60.0,38.0,0,-257.3960180766735,,0,
61.0,38.0,0,-253.40231573829442,,0,
62.0,38.0,0,-250.04897307185456,,0,
63.0,38.0,0,-247.88747786583917,,0,
64.0,38.0,0,-247.37666379764414,80.802984,1,328.1796477976441
65.0,38.0,0,-248.14255747506104,,0,
66.0,38.0,0,-249.70711072817357,,0,
67.0,38.0,0,-251.7685914981921,,0,
68.0,38.0,0,-254.0949119958459,,0,
69.0,38.0,0,-256.46816259183106,,0,
70.0,38.0,0,-258.6557847268268,-421.000978,1,-162.34519327317315
71.0,38.0,0,-260.39345176056304,,0,
72.0,38.0,0,-261.38464358342026,,0,
73.0,38.0,1,-261.34163097440614,,0,
74.0,38.0,1,-260.0823779022103,,0,
75.0,38.0,1,-257.6060576748714,,0,
76.0,38.0,1,-254.06048210785957,-441.318661,1,-187.25817889214045
77.0,38.0,1,-249.66506398349884,,0,
78.0,38.0,1,-244.6580328650889,,0,
79.0,38.0,1,-239.26427583789518,,0,
80.0,38.0,1,-233.67539665001095,,0,
81.0,38.0,1,-228.04204680510156,,0,
82.0,38.0,1,-222.47785950767138,-277.022313,1,-54.544453492328614
83.0,38.0,1,-217.07108873602192,,0,
84.0,38.0,1,-211.89728693215875,,0,
85.0,38.0,1,-207.02719172632078,,0,
86.0,38.0,1,-202.52872861033393,,0,
87.0,38.0,1,-198.46586332861625,,0,
88.0,38.0,1,-194.89706333620416,874.280725,1,1069.1777883362042
89.0,38.0,1,-191.87433548193076,,0,
90.0,38.0,1,-189.4426158362112,,0,
91.0,38.0,1,-187.6391303177479,,0,
92.0,38.0,1,-186.49270294620874,,0,
93.0,38.0,1,-186.02337964685466,,0,
94.0,38.0,1,-186.24287187881419,-299.188174,1,-112.94530212118582
95.0,38.0,1,-187.15612666443758,,0,
96.0,38.0,1,-188.76398258181143,,0,
97.0,38.0,1,-191.06670541652784,,0,
98.0,38.0,1,-194.06843608050985,,0,
99.0,38.0,1,-197.7832518325813,,0,
100.0,38.0,1,-202.24432606664413,143.066279,1,345.31060506664414
101.0,38.0,1,-207.51515928851722,,0,
102.0,38.0,1,-213.67549557663733,,0,
103.0,38.0,1,-220.7055436364576,,0,
104.0,38.0,1,-228.3836536716026,,0,
105.0,38.0,1,-236.4197744695539,,0,
106.0,38.0,1,-244.5753292972986,-317.0875,1,-72.51217070270138
107.0,38.0,1,-252.67383267191326,,0,
108.0,38.0,1,-260.59509089971107,,0,
109.0,38.0,1,-268.2715984482911,,0,
110.0,38.0,1,-275.67907096712224,,0,
111.0,38.0,1,-282.8227818558562,,0,
112.0,38.0,1,-289.72711829598666,-380.40526,1,-90.67814170401334
113.0,38.0,1,-296.4324112909726,,0,
114.0,38.0,1,-302.9992168357858,,0,
115.0,38.0,1,-309.52011278369173,,0,
116.0,38.0,1,-316.1428563080153,,0,
117.0,38.0,1,-323.1221523659524,,0,
118.0,38.0,1,-331.02038138275384,78.946262,1,409.96664338275383
119.0,38.0,1,-340.90296360723914,,0,
120.0,38.0,1,-351.57451264297924,,0,
121.0,38.0,1,-362.34724477827694,,0,
122.0,38.0,1,-372.8497607519039,,0,
123.0,38.0,1,-382.82961903438263,,0,
124.0,38.0,1,-392.10355148259987,101.065672,1,493.1692234825999
125.0,38.0,1,-400.53437497365485,,0,
126.0,38.0,1,-408.0164492044278,,0,
127.0,38.0,1,-414.4644162589502,,0,
128.0,38.0,1,-419.8034005075533,,0,
129.0,38.0,2,-423.9600121697222,,0,
130.0,38.0,2,-426.8537416151976,-316.451248,1,110.40249361519756
131.0,38.0,2,-428.3879279918219,,0,
132.0,38.0,2,-428.43825435488907,,0,
133.0,38.0,2,-426.8334509999895,,0,
134.0,38.0,2,-423.3126344476341,,0,
135.0,38.0,2,-417.43735870149976,,0,
136.0,38.0,2,-408.8390979929827,-633.166287,1,-224.3271890070173
137.0,38.0,2,-397.8558516313242,,0,
138.0,38.0,2,-384.8943197821718,,0,
139.0,38.0,2,-370.1893112470789,,0,
140.0,38.0,2,-353.9099429111884,,0,
141.0,38.0,2,-336.2126004718284,,0,
142.0,38.0,2,-317.24289288175896,-382.607761,1,-65.36486811824102
143.0,38.0,2,-297.1214873182944,,0,
144.0,38.0,2,-275.93863609360415,,0,
145.0,38.0,2,-253.75760647067364,,0,
146.0,38.0,2,-230.62349716002518,,0,
147.0,38.0,2,-206.57663630888055,,0,
148.0,38.0,2,-181.66918741399786,-216.338852,1,-34.66966458600214
149.0,38.0,2,-155.98044172479058,,0,
150.0,38.0,2,-129.62446285860278,,0,
151.0,38.0,2,-102.74695649128262,,0,
152.0,38.0,2,-75.51449145532388,,0,
153.0,38.0,2,-48.10232928291225,,0,
154.0,38.0,2,-20.685257631294007,192.62295,1,213.308207631294
155.0,38.0,2,6.56752256618347,,0,
156.0,38.0,2,33.49428277769766,,0,
157.0,38.0,2,59.9404306528013,,0,
158.0,38.0,2,85.75610467700972,,0,
159.0,38.0,3,110.79000305853697,,0,
160.0,38.0,3,134.87395281487989,687.671804,1,552.7978511851201
161.0,38.0,3,157.78605251507543,,0,
162.0,38.0,3,179.17466229345337,,0,
163.0,38.0,3,198.43209423038206,,0,
164.0,38.0,3,214.50060861507518,,0,
165.0,38.0,3,225.55532781435977,,0,
166.0,38.0,3,230.05767213840227,1685.667824,1,1455.6101518615978
167.0,38.0,3,229.34994067360822,,0,
168.0,38.0,3,225.11927584712976,,0,
169.0,38.0,3,218.40444337407826,,0,
170.0,38.0,3,209.94081075755093,,0,
171.0,38.0,3,200.32351012869185,,0,
172.0,38.0,3,190.07567620879126,430.115599,1,240.0399227912087
173.0,38.0,3,179.68143165042056,,0,
174.0,38.0,3,169.60098230156655,,0,
175.0,38.0,3,160.27066981323878,,0,
176.0,38.0,3,152.08521412349364,,0,
177.0,38.0,3,145.3619957701303,,0,
178.0,38.0,3,140.30106805567266,-83.229452,1,-223.53052005567264
179.0,38.0,3,136.96812196818792,,0,
180.0,38.0,3,135.31594767194474,,0,
181.0,38.0,3,135.22916687229736,,0,
182.0,38.0,3,136.56535506108048,,0,
183.0,38.0,3,139.1793309591667,,0,
184.0,38.0,3,142.93186370155308,-207.302186,1,-350.2340497015531
185.0,38.0,3,147.68959826874925,,0,
186.0,38.0,3,153.32858795326683,,0,
187.0,38.0,3,159.7667872436723,,0,
188.0,38.0,3,167.02942760067526,,0,
189.0,38.0,3,175.24488673987798,,0,
190.0,38.0,3,184.5172829849762,115.848864,1,-68.66841898497619
191.0,38.0,3,194.8382017937911,,0,
192.0,38.0,3,206.10701676103054,,0,
193.0,38.0,3,218.1772242152074,,0,
194.0,38.0,3,230.87985774204571,,0,
195.0,38.0,3,244.02593079286453,,0,
196.0,38.0,3,257.39880978701694,647.584312,1,390.185502212983
197.0,38.0,3,270.7446918675523,,0,
198.0,38.0,3,283.7865024667117,,0,
199.0,38.0,3,296.32530000421684,,0,
0.0,39.0,0,193.02099472635746,,0,
1.0,39.0,0,180.62956939154537,,0,
2.0,39.0,0,168.211502279446,,0,
3.0,39.0,0,155.78658257157076,-666.181502,1,-821.9680845715708
4.0,39.0,0,143.3753114418796,,0,
5.0,39.0,0,130.99837671376008,,0,
6.0,39.0,0,118.67597222683253,,0,
7.0,39.0,0,106.42693317044905,,0,
8.0,39.0,0,94.2676151671767,,0,
9.0,39.0,0,82.2103228050837,-533.523441,1,-615.7337638050838
10.0,39.0,0,70.26086873593158,,0,
11.0,39.0,0,58.414759690080245,,0,
12.0,39.0,0,46.6522943139571,,0,
13.0,39.0,0,34.93432609374577,,0,
14.0,39.0,0,23.1999167764734,,0,
15.0,39.0,0,11.36485931491552,418.710575,1,407.3457156850845
16.0,39.0,0,-0.6785406591516221,,0,
17.0,39.0,0,-13.052590684208553,,0,
18.0,39.0,0,-25.857781138518476,,0,
19.0,39.0,0,-39.10327907117244,,0,
20.0,39.0,0,-52.66775006605894,,0,
21.0,39.0,0,-66.34918214086065,-182.391574,1,-116.04239185913934
22.0,39.0,0,-79.93829669104889,,0,
23.0,39.0,0,-93.25449790488346,,0,
24.0,39.0,0,-106.1546865486016,,0,
25.0,39.0,0,-118.53399371757405,,0,
26.0,39.0,0,-130.32479061631602,,0,
27.0,39.0,0,-141.49425037824403,-330.46269,1,-188.96843962175598
28.0,39.0,0,-152.03992625733372,,0,
29.0,39.0,0,-161.98378360821152,,0,
30.0,39.0,0,-171.3660737101818,,0,
31.0,39.0,0,-180.24084408928684,,0,
32.0,39.0,0,-188.6756657210426,,0,
33.0,39.0,0,-196.76788737539027,-155.638654,1,41.12923337539027
34.0,39.0,0,-204.66179937856214,,0,
35.0,39.0,0,-212.27012028653917,,0,
36.0,39.0,0,-219.5514983971516,,0,
37.0,39.0,0,-226.49198752537268,,0,
38.0,39.0,0,-233.08674485697702,,0,
39.0,39.0,0,-239.33725031174254,-8.306359,1,231.03089131174255
40.0,39.0,0,-245.25131768641586,,0,
41.0,39.0,0,-250.84219529374968,,0,
42.0,39.0,0,-256.1220533161395,,0,
43.0,39.0,0,-261.0849958110048,,0,
44.0,39.0,0,-265.684320045053,,0,
45.0,39.0,0,-269.82556205723813,112.110772,1,381.9363340572381
46.0,39.0,0,-273.38950637220114,,0,
47.0,39.0,0,-276.2674343793915,,0,
48.0,39.0,0,-278.3842243158215,,0,
49.0,39.0,0,-279.7037280500954,,0,
50.0,39.0,0,-280.22302319949085,,0,
51.0,39.0,0,-279.96313602604096,-136.081532,1,143.88160402604095
52.0,39.0,0,-278.9610075392702,,0,
53.0,39.0,0,-277.2645960032678,,0,
54.0,39.0,0,-274.9311725243606,,0,
55.0,39.0,0,-272.02810296286043,,0,
56.0,39.0,0,-268.63532556784776,,0,
57.0,39.0,0,-264.84895143777976,-90.90407,1,173.94488143777977
58.0,39.0,0,-260.78576503231307,,0,
59.0,39.0,0,-256.5889429948038,,0,
60.0,39.0,0,-252.4363878906297,,0,
61.0,39.0,0,-248.5558917896269,,0,
62.0,39.0,0,-245.26172815977043,,0,
63.0,39.0,0,-243.1098572759729,86.118926,1,329.2287832759729
64.0,39.0,0,-243.04826354605393,,0,
65.0,39.0,0,-244.1906789129207,,0,
66.0,39.0,0,-246.03314107652113,,0,
67.0,39.0,0,-248.29398693968324,,0,
68.0,39.0,0,-250.74894353747368,,0,
69.0,39.0,0,-253.18439144107106,-314.73466,1,-61.55026855892896
70.0,39.0,0,-255.37060999760797,,0,
71.0,39.0,0,-257.03887529366875,,0,
72.0,39.0,0,-257.8612008592245,,0,
73.0,39.0,1,-257.47330731731927,,0,
74.0,39.0,1,-255.65425064982992,,0,
75.0,39.0,1,-252.50611229137576,-537.534641,1,-285.0285287086242
76.0,39.0,1,-248.301480452159,,0,
77.0,39.0,1,-243.3184563688992,,0,
78.0,39.0,1,-237.81396414030314,,0,
79.0,39.0,1,-232.02441173421175,,0,
80.0,39.0,1,-226.15888333172916,,0,
81.0,39.0,1,-220.38866399021936,-340.396524,1,-120.00786000978064
82.0,39.0,1,-214.8404450490707,,0,
83.0,39.0,1,-209.59864434290648,,0,
84.0,39.0,1,-204.7170170879399,,0,
85.0,39.0,1,-200.2337418582083,,0,
86.0,39.0,1,-196.18326768767292,,0,
87.0,39.0,1,-192.60227983998448,860.667622,1,1053.2699018399844
88.0,39.0,1,-189.5309462251007,,0,
89.0,39.0,1,-187.01156419965628,,0,
90.0,39.0,1,-185.0860098959456,,0,
91.0,39.0,1,-183.79265242496695,,0,
92.0,39.0,1,-183.16326154400303,,0,
93.0,39.0,1,-183.22071544559049,-216.824286,1,-33.603570554409515
94.0,39.0,1,-183.97842420230518,,0,
95.0,39.0,1,-185.4419006798562,,0,
96.0,39.0,1,-187.61209160961334,,0,
97.0,39.0,1,-190.48961473727468,,0,
98.0,39.0,1,-194.0791842347826,,0,
99.0,39.0,1,-198.39368490448032,257.673133,1,456.06681790448033
100.0,39.0,1,-203.4561906824747,,0,
101.0,39.0,1,-209.29285739394163,,0,
102.0,39.0,1,-215.8996733787717,,0,
103.0,39.0,1,-223.18254373330865,,0,
104.0,39.0,1,-230.9496280131616,,0,
105.0,39.0,1,-238.98457198331926,-274.336347,1,-35.35177501668073
106.0,39.0,1,-247.08382549425005,,0,
107.0,39.0,1,-255.07102832046803,,0,
108.0,39.0,1,-262.8237335829508,,0,
109.0,39.0,1,-270.2879729293272,,0,
110.0,39.0,1,-277.4653781714369,,0,
111.0,39.0,1,-284.38822186401285,-518.863794,1,-234.47557213598714
112.0,39.0,1,-291.1031324797714,,0,
113.0,39.0,1,-297.6681742699493,,0,
114.0,39.0,1,-304.1596780185064,,0,
115.0,39.0,1,-310.68727494895575,,0,
116.0,39.0,1,-317.42221911666275,,0,
117.0,39.0,1,-324.65988875382936,373.189577,1,697.8494657538293
118.0,39.0,1,-332.9469569198609,,0,
119.0,39.0,1,-342.72702175876566,,0,
120.0,39.0,1,-353.4280510979879,,0,
121.0,39.0,1,-364.37891809077337,,0,
122.0,39.0,1,-375.16756013550184,,0,
123.0,39.0,1,-385.51719859480363,232.141398,1,617.6585965948036
124.0,39.0,1,-395.22656962629844,,0,
125.0,39.0,1,-404.1432647855345,,0,
126.0,39.0,1,-412.14843350746105,,0,
127.0,39.0,1,-419.1457419178696,,0,
128.0,39.0,1,-425.0520227597699,,0,
129.0,39.0,2,-429.7886364349233,-120.553274,1,309.23536243492333
130.0,39.0,2,-433.27305127195723,,0,
131.0,39.0,2,-435.4099831299609,,0,
132.0,39.0,2,-436.08055945178785,,0,
133.0,39.0,2,-435.12552444209723,,0,
134.0,39.0,2,-432.30952606106985,,0,
135.0,39.0,2,-427.1819089867422,-713.228253,1,-286.0463440132578
136.0,39.0,2,-418.94144288576354,,0,
137.0,39.0,2,-408.3663468964478,,0,
138.0,39.0,2,-395.8861935072955,,0,
139.0,39.0,2,-381.72237122646766,,0,
140.0,39.0,2,-366.0345911127806,,0,
141.0,39.0,2,-348.95798315276625,-381.433572,1,-32.47558884723378
142.0,39.0,2,-330.60958338169803,,0,
143.0,39.0,2,-311.08296412390337,,0,
144.0,39.0,2,-290.44366141573846,,0,
145.0,39.0,2,-268.73005517904676,,0,
146.0,39.0,2,-245.9608895747765,,0,
147.0,39.0,2,-222.1508189736196,-358.299442,1,-136.1486230263804
148.0,39.0,2,-197.33365971589956,,0,
149.0,39.0,2,-171.5862391003102,,0,
150.0,39.0,2,-145.0393339057373,,0,
151.0,39.0,2,-117.86838464052562,,0,
152.0,39.0,2,-90.27214410027227,,0,
153.0,39.0,2,-62.45297345686413,-121.428521,1,-58.975547543135875
154.0,39.0,2,-34.605239680786326,,0,
155.0,39.0,2,-6.910788585846603,,0,
156.0,39.0,2,20.461715629637183,,0,
157.0,39.0,2,47.35606537131571,,0,
158.0,39.0,2,73.62766335330525,,0,
159.0,39.0,3,99.14238652267522,267.965804,1,168.82341747732477
160.0,39.0,3,123.77140535478975,,0,
161.0,39.0,3,147.3668077098555,,0,
162.0,39.0,3,169.67974961545042,,0,
163.0,39.0,3,190.1896609071373,,0,
164.0,39.0,3,207.8961696026381,,0,
165.0,39.0,3,220.84072316704624,1365.053674,1,1144.2129508329538
166.0,39.0,3,225.68338122013665,,0,
167.0,39.0,3,225.47582873062493,,0,
168.0,39.0,3,221.94667372993717,,0,
169.0,39.0,3,216.03155394969508,,0,
170.0,39.0,3,208.41697138316522,,0,
171.0,39.0,3,199.67034233154118,902.908977,1,703.2386346684589
172.0,39.0,3,190.2929331944615,,0,
173.0,39.0,3,180.74478701595945,,0,
174.0,39.0,3,171.45448177021171,,0,
175.0,39.0,3,162.8168075277572,,0,
176.0,39.0,3,155.1790240862756,,0,
177.0,39.0,3,148.81886966808088,138.395854,1,-10.423015668080865
178.0,39.0,3,143.9234844200255,,0,
179.0,39.0,3,140.58174992497516,,0,
180.0,39.0,3,138.79621981032687,,0,
181.0,39.0,3,138.50843322226137,,0,
182.0,39.0,3,139.6248603327549,,0,
183.0,39.0,3,142.03349679089297,66.943832,1,-75.08966479089297
184.0,39.0,3,145.60596316261217,,0,
185.0,39.0,3,150.18125963458442,,0,
186.0,39.0,3,155.5321130651173,,0,
187.0,39.0,3,161.37041757394036,,0,
188.0,39.0,3,167.55937251093565,,0,
189.0,39.0,3,174.31503443120891,132.067428,1,-42.24760643120891
190.0,39.0,3,181.9377093922958,,0,
191.0,39.0,3,190.57480687461793,,0,
192.0,39.0,3,200.22929185374232,,0,
193.0,39.0,3,210.81749998877058,,0,
194.0,39.0,3,222.2032732577518,,0,
195.0,39.0,3,234.2098434703803,722.574036,1,488.3641925296197
196.0,39.0,3,246.62322724284604,,0,
197.0,39.0,3,259.2009615795396,,0,
198.0,39.0,3,271.7024344129459,,0,
199.0,39.0,3,283.94634603196755,,0,
0.0,40.0,0,188.36619195569074,,0,
1.0,40.0,0,176.03501411736943,,0,
2.0,40.0,0,163.67662334592023,-547.991613,1,-711.6682363459203
3.0,40.0,0,151.30837545366376,,0,
4.0,40.0,0,138.94793050564476,,0,
5.0,40.0,0,126.61276254737459,,0,
6.0,40.0,0,114.31956870423164,,0,
7.0,40.0,0,102.08358617110571,,0,
8.0,40.0,0,89.91780953438138,-529.798624,1,-619.7164335343814
9.0,40.0,0,77.83198251755675,,0,
10.0,40.0,0,65.83078791086155,,0,
11.0,40.0,0,53.909758242411044,,0,
12.0,40.0,0,42.04812417102221,,0,
13.0,40.0,0,30.203115293639712,,0,
14.0,40.0,0,18.310530593356816,364.866597,1,346.5560664066432
15.0,40.0,0,6.287991578778019,,0,
16.0,40.0,0,-5.960054660761671,,0,
17.0,40.0,0,-18.52648249080812,,0,
18.0,40.0,0,-31.46586825195118,,0,
19.0,40.0,0,-44.75398623122601,,0,
20.0,40.0,0,-58.278263156083995,-202.125448,1,-143.847184843916
21.0,40.0,0,-71.86731181590949,,0,
22.0,40.0,0,-85.33205588978308,,0,
23.0,40.0,0,-98.49520665076125,,0,
24.0,40.0,0,-111.20718114724878,,0,
25.0,40.0,0,-123.35465613685665,,0,
26.0,40.0,0,-134.8649599377968,-247.513187,1,-112.64822706220318
27.0,40.0,0,-145.70607951925558,,0,
28.0,40.0,0,-155.88189820617845,,0,
29.0,40.0,0,-165.42416014389164,,0,
30.0,40.0,0,-174.38408769349917,,0,
31.0,40.0,0,-182.82663060521008,,0,
32.0,40.0,0,-190.83049886953086,-106.93191,1,83.89858886953085
33.0,40.0,0,-198.4969839474943,,0,
34.0,40.0,0,-205.9122588471364,,0,
35.0,40.0,0,-213.05495267437072,,0,
36.0,40.0,0,-219.88814586740045,,0,
37.0,40.0,0,-226.39605184635366,,0,
38.0,40.0,0,-232.5728573957458,59.185632,1,291.7584893957458
39.0,40.0,0,-238.41813534522225,,0,
40.0,40.0,0,-243.93495516769326,,0,
41.0,40.0,0,-249.12706353940303,,0,
42.0,40.0,0,-253.99255576365977,,0,
43.0,40.0,0,-258.5134022904658,,0,
44.0,40.0,0,-262.645256338139,359.000621,1,621.645877338139
45.0,40.0,0,-266.31645338397357,,0,
46.0,40.0,0,-269.4405705702811,,0,
47.0,40.0,0,-271.9358061232306,,0,
48.0,40.0,0,-273.74050349093886,,0,
49.0,40.0,0,-274.8198211366034,,0,
50.0,40.0,0,-275.1649107061967,-48.468618,1,226.6962927061967
51.0,40.0,0,-274.7883779880467,,0,
52.0,40.0,0,-273.7193419545365,,0,
53.0,40.0,0,-271.99996326389373,,0,
54.0,40.0,0,-269.68398680978135,,0,
55.0,40.0,0,-266.83708913415467,,0,
56.0,40.0,0,-263.5386238071842,-253.741038,1,9.797585807184191
57.0,40.0,0,-259.8844853119008,,0,
58.0,40.0,0,-255.99112371010415,,0,
59.0,40.0,0,-252.00132699172173,,0,
60.0,40.0,0,-248.09370559229865,,0,
61.0,40.0,0,-244.50146123328705,,0,
62.0,40.0,0,-241.55780531638447,-83.983845,1,157.57396031638447
63.0,40.0,0,-239.79279801813664,,0,
64.0,40.0,0,-239.64318642591024,,0,
65.0,40.0,0,-240.71388901354658,,0,
66.0,40.0,0,-242.50841351569397,,0,
67.0,40.0,0,-244.71099169969239,,0,
68.0,40.0,0,-247.08172911825386,-229.894259,1,17.187470118253856
69.0,40.0,0,-249.40278452680286,,0,
70.0,40.0,0,-251.44945781991555,,0,
71.0,40.0,0,-252.9646189416144,,0,
72.0,40.0,0,-253.61705350397824,,0,
73.0,40.0,1,-252.92171792123554,,0,
74.0,40.0,1,-250.48510709744005,-517.908458,1,-267.42335090255995
75.0,40.0,1,-246.6250394164217,,0,
76.0,40.0,1,-241.77001426574134,,0,
77.0,40.0,1,-236.22589762265852,,0,
78.0,40.0,1,-230.25607015574496,,0,
79.0,40.0,1,-224.10981920537415,,0,
80.0,40.0,1,-218.019107080072,-442.332976,1,-224.31386891992798
81.0,40.0,1,-212.17961106049188,,0,
82.0,40.0,1,-206.72912551175978,,0,
83.0,40.0,1,-201.74026466874056,,0,
84.0,40.0,1,-197.2356525261057,,0,
85.0,40.0,1,-193.21506139730263,,0,
86.0,40.0,1,-189.6780473346771,907.946966,1,1097.625013334677
87.0,40.0,1,-186.63524401719587,,0,
88.0,40.0,1,-184.11060394280685,,0,
89.0,40.0,1,-182.138890325572,,0,
90.0,40.0,1,-180.76111056617083,,0,
91.0,40.0,1,-180.01895301654076,,0,
92.0,40.0,1,-179.94890682351252,-116.486773,1,63.46213382351252
93.0,40.0,1,-180.57742496705032,,0,
94.0,40.0,1,-181.91899477752304,,0,
95.0,40.0,1,-183.9779899125947,,0,
96.0,40.0,1,-186.75320830927558,,0,
97.0,40.0,1,-190.24296969468014,,0,
98.0,40.0,1,-194.44904980462525,443.094299,1,637.5433488046252
99.0,40.0,1,-199.37815155124554,,0,
100.0,40.0,1,-205.03852518395797,,0,
101.0,40.0,1,-211.42623072489368,,0,
102.0,40.0,1,-218.49280859564533,,0,
103.0,40.0,1,-226.09511611087237,,0,
104.0,40.0,1,-234.02230582119955,-311.867361,1,-77.84505517880046
105.0,40.0,1,-242.12788419873868,,0,
106.0,40.0,1,-250.244171671824,,0,
107.0,40.0,1,-258.182621774351,,0,
108.0,40.0,1,-265.8128666825651,,0,
109.0,40.0,1,-273.1071537842654,,0,
110.0,40.0,1,-280.11067657514286,-485.182509,1,-205.07183242485712
111.0,40.0,1,-286.89164641345633,,0,
112.0,40.0,1,-293.52081258605904,,0,
113.0,40.0,1,-300.0740361863518,,0,
114.0,40.0,1,-306.6442199016601,,0,
115.0,40.0,1,-313.3590177727456,,0,
116.0,40.0,1,-320.40634102471813,407.647908,1,728.054249024718
117.0,40.0,1,-328.06446003651854,,0,
118.0,40.0,1,-336.675479549358,,0,
119.0,40.0,1,-346.3924366304609,,0,
120.0,40.0,1,-356.93258493002577,,0,
121.0,40.0,1,-367.8274970382745,,0,
122.0,40.0,1,-378.6793723385417,112.942057,1,491.6214293385417
123.0,40.0,1,-389.1909860674714,,0,
124.0,40.0,1,-399.13898837512534,,0,
125.0,40.0,1,-408.35166262448547,,0,
126.0,40.0,1,-416.69399629638247,,0,
127.0,40.0,1,-424.05657541155415,,0,
128.0,40.0,1,-430.34603207129476,123.244613,1,553.5906450712947
129.0,40.0,2,-435.4759722438066,,0,
130.0,40.0,2,-439.3578320446941,,0,
131.0,40.0,2,-441.89092560540666,,0,
132.0,40.0,2,-442.9498419265183,,0,
133.0,40.0,2,-442.36413225354954,,0,
134.0,40.0,2,-439.87499406193456,-733.049574,1,-293.17457993806545
135.0,40.0,2,-435.04733189299077,,0,
136.0,40.0,2,-427.51824370291433,,0,
137.0,40.0,2,-417.635688568158,,0,
138.0,40.0,2,-405.82216461404914,,0,
139.0,40.0,2,-392.329202068162,,0,
140.0,40.0,2,-377.327500506668,-544.2006,1,-166.873099493332
141.0,40.0,2,-360.94821529993715,,0,
142.0,40.0,2,-343.2949627390808,,0,
143.0,40.0,2,-324.4438878517976,,0,
144.0,40.0,2,-304.4408661880516,,0,
145.0,40.0,2,-283.3008319888395,,0,
146.0,40.0,2,-261.0128803226762,-264.959692,1,-3.946811677323808
147.0,40.0,2,-237.5564953617868,,0,
148.0,40.0,2,-212.9345941586871,,0,
149.0,40.0,2,-187.21595345706373,,0,
150.0,40.0,2,-160.5558395561693,,0,
151.0,40.0,2,-133.17369165787386,,0,
152.0,40.0,2,-105.31120488005399,-215.80671,1,-110.49550511994602
153.0,40.0,2,-77.20264471396513,,0,
154.0,40.0,2,-49.06351752813498,,0,
155.0,40.0,2,-21.08972295134663,,0,
156.0,40.0,2,6.539727765441057,,0,
157.0,40.0,2,33.659829306503525,,0,
158.0,40.0,3,60.11812995006767,-11.207257,1,-71.32538695006767
159.0,40.0,3,85.77598753595521,,0,
160.0,40.0,3,110.51369052790687,,0,
161.0,40.0,3,134.23320977398544,,0,
162.0,40.0,3,156.79688681846528,,0,
163.0,40.0,3,177.73256325448892,,0,
164.0,40.0,3,195.84938626966323,996.984621,1,801.1352347303367
165.0,40.0,3,209.11037139566906,,0,
166.0,40.0,3,215.8538218230533,,0,
167.0,40.0,3,217.3725089493746,,0,
168.0,40.0,3,215.3370137903985,,0,
169.0,40.0,3,210.78030381045392,,0,
170.0,40.0,3,204.43250585510214,945.920165,1,741.4876591448979
171.0,40.0,3,196.8785670468933,,0,
172.0,40.0,3,188.6221158289336,,0,
173.0,40.0,3,180.11395735772385,,0,
174.0,40.0,3,171.76325677405475,,0,
175.0,40.0,3,163.937511007789,,0,
176.0,40.0,3,156.95436754249386,296.567931,1,139.61356345750613
177.0,40.0,3,151.0691020959348,,0,
178.0,40.0,3,146.46365737188898,,0,
179.0,40.0,3,143.24351511713758,,0,
180.0,40.0,3,141.4451788228689,,0,
181.0,40.0,3,141.05137702719003,,0,
182.0,40.0,3,142.0073888754123,406.683122,1,264.67573312458774
183.0,40.0,3,144.2316941327008,,0,
184.0,40.0,3,147.61487648193724,,0,
185.0,40.0,3,151.9978712482989,,0,
186.0,40.0,3,157.10656572034895,,0,
187.0,40.0,3,162.41144259264547,,0,
188.0,40.0,3,167.45662456101854,301.017617,1,133.56099243898143
189.0,40.0,3,172.7431488243128,,0,
190.0,40.0,3,178.81039053694258,,0,
191.0,40.0,3,185.8889847984392,,0,
192.0,40.0,3,194.04162886062113,,0,
193.0,40.0,3,203.23652165406384,,0,
194.0,40.0,3,213.37641117459862,778.926299,1,565.5498878254014
195.0,40.0,3,224.30810524101253,,0,
196.0,40.0,3,235.83002062789456,,0,
197.0,40.0,3,247.71037974848878,,0,
198.0,40.0,3,259.7202745793038,,0,
199.0,40.0,3,271.67280322486477,,0,
0.0,41.0,0,183.66521387106332,,0,
1.0,41.0,0,171.38007142821152,-394.066536,1,-565.4466074282116
2.0,41.0,0,159.06513939480647,,0,
3.0,41.0,0,146.73533453047276,,0,
4.0,41.0,0,134.40551318324287,,0,
5.0,41.0,0,122.0900065156311,,0,
6.0,41.0,0,109.80209197859222,,0,
7.0,41.0,0,97.55344169172895,-363.24868,1,-460.8021216917289
8.0,41.0,0,85.35363045786653,,0,
9.0,41.0,0,73.20982752651616,,0,
10.0,41.0,0,61.12654544666293,,0,
11.0,41.0,0,49.10304455052392,,0,
12.0,41.0,0,37.1217635582434,,0,
13.0,41.0,0,25.13695336400633,212.740299,1,187.60334563599366
14.0,41.0,0,13.082968297589105,,0,
15.0,41.0,0,0.8837341076177836,,0,
16.0,41.0,0,-11.54358012603916,,0,
17.0,41.0,0,-24.27631691757415,,0,
18.0,41.0,0,-37.34774303113227,,0,
19.0,41.0,0,-50.707548902100825,80.24066,1,130.94820890210082
20.0,41.0,0,-64.23530328201014,,0,
21.0,41.0,0,-77.77109915671826,,0,
22.0,41.0,0,-91.13793515066936,,0,
23.0,41.0,0,-104.16092711457895,,0,
24.0,41.0,0,-116.68433845027175,,0,
25.0,41.0,0,-128.58655200518842,-279.741442,1,-151.15488999481158
26.0,41.0,0,-139.79128465801477,,0,
27.0,41.0,0,-150.27121033017465,,0,
28.0,41.0,0,-160.0421882737719,,0,
29.0,41.0,0,-169.15137015643995,,0,
30.0,41.0,0,-177.6650869113946,,0,
31.0,41.0,0,-185.6607349356782,-134.71087,1,50.94986493567819
32.0,41.0,0,-193.22318796102627,,0,
33.0,41.0,0,-200.43869251619617,,0,
34.0,41.0,0,-207.36803043725376,,0,
35.0,41.0,0,-214.0214344260312,,0,
36.0,41.0,0,-220.3840255093237,,0,
37.0,41.0,0,-226.4423218692391,43.169476,1,269.6117978692391
38.0,41.0,0,-232.1882666250167,,0,
39.0,41.0,0,-237.61741543686367,,0,
40.0,41.0,0,-242.72677666591335,,0,
41.0,41.0,0,-247.51177580251533,,0,
42.0,41.0,0,-251.96145823044935,,0,
43.0,41.0,0,-256.0524458965301,368.894488,1,624.9469338965301
44.0,41.0,0,-259.74441870642477,,0,
45.0,41.0,0,-262.98095447225205,,0,
46.0,41.0,0,-265.697154621972,,0,
47.0,41.0,0,-267.83107954604566,,0,
48.0,41.0,0,-269.33399784060384,,0,
49.0,41.0,0,-270.1761934082024,237.864809,1,508.0410024082024
50.0,41.0,0,-270.3480681183137,,0,
51.0,41.0,0,-269.85824518981826,,0,
52.0,41.0,0,-268.73086626837903,,0,
53.0,41.0,0,-267.0036428038875,,0,
54.0,41.0,0,-264.7271867098025,,0,
55.0,41.0,0,-261.9655183324412,-340.071178,1,-78.10565966755877
56.0,41.0,0,-258.7975935854847,,0,
57.0,41.0,0,-255.31987330535048,,0,
58.0,41.0,0,-251.65022536716424,,0,
59.0,41.0,0,-247.9339212409177,,0,
60.0,41.0,0,-244.3533480057522,,0,
61.0,41.0,0,-241.14395007775238,-237.081866,1,4.062084077752388
62.0,41.0,0,-238.6138421581636,,0,
63.0,41.0,0,-237.1178611584619,,0,
64.0,41.0,0,-236.84973734163577,,0,
65.0,41.0,0,-237.6391955679792,,0,
66.0,41.0,0,-239.1480436730999,,0,
67.0,41.0,0,-241.07126535768475,-316.003772,1,-74.93250664231527
68.0,41.0,0,-243.15628010722867,,0,
69.0,41.0,0,-245.17638264968264,,0,
70.0,41.0,0,-246.9065526752529,,0,
71.0,41.0,0,-248.10096072191664,,0,
72.0,41.0,1,-248.45787992119222,,0,
73.0,41.0,1,-247.4899304532446,-520.810635,1,-273.32070454675545
74.0,41.0,1,-244.40120763875166,,0,
75.0,41.0,1,-239.93904776204363,,0,
76.0,41.0,1,-234.5572682901111,,0,
77.0,41.0,1,-228.55022130769248,,0,
78.0,41.0,1,-222.1866092720702,,0,
79.0,41.0,1,-215.73740394996094,-531.807038,1,-316.0696340500391
80.0,41.0,1,-209.4719149035809,,0,
81.0,41.0,1,-203.62619659342454,,0,
82.0,41.0,1,-198.35567040640308,,0,
83.0,41.0,1,-193.7118457543511,,0,
84.0,41.0,1,-189.67046578518057,,0,
85.0,41.0,1,-186.1829936850172,1025.452912,1,1211.6359056850172
86.0,41.0,1,-183.2124602031472,,0,
87.0,41.0,1,-180.74633332781468,,0,
88.0,41.0,1,-178.79628175850303,,0,
89.0,41.0,1,-177.39314990159983,,0,
90.0,41.0,1,-176.58041337625764,,0,
91.0,41.0,1,-176.40638498541375,-190.416693,1,-14.010308014586258
92.0,41.0,1,-176.91502241510534,,0,
93.0,41.0,1,-178.13724752408507,,0,
94.0,41.0,1,-180.08692749584952,,0,
95.0,41.0,1,-182.7638013671567,,0,
96.0,41.0,1,-186.16059207186754,,0,
97.0,41.0,1,-190.2695734186018,557.441541,1,747.7111144186018
98.0,41.0,1,-195.08589882828164,,0,
99.0,41.0,1,-200.60683294421142,,0,
100.0,41.0,1,-206.8257646539132,,0,
101.0,41.0,1,-213.7186437069031,,0,
102.0,41.0,1,-221.2199708316548,,0,
103.0,41.0,1,-229.1770953328819,-282.734842,1,-53.557746667118124
104.0,41.0,1,-237.31219182787663,,0,
105.0,41.0,1,-245.5822517937154,,0,
106.0,41.0,1,-253.82332721952844,,0,
107.0,41.0,1,-261.80349562342235,,0,
108.0,41.0,1,-269.3635062009016,,0,
109.0,41.0,1,-276.5304687102298,-466.365474,1,-189.8350052897702
110.0,41.0,1,-283.4217629077939,,0,
111.0,41.0,1,-290.14447061999863,,0,
112.0,41.0,1,-296.7875208475634,,0,
113.0,41.0,1,-303.43807239471425,,0,
114.0,41.0,1,-310.1977767746066,,0,
115.0,41.0,1,-317.19777672610144,269.401767,1,586.5995437261015
116.0,41.0,1,-324.610881257202,,0,
117.0,41.0,1,-332.6476491868707,,0,
118.0,41.0,1,-341.5001388205774,,0,
119.0,41.0,1,-351.2150992897623,,0,
120.0,41.0,1,-361.61307128650515,,0,
121.0,41.0,1,-372.37199649523427,-70.476788,1,301.8952084952343
122.0,41.0,1,-383.156956039149,,0,
123.0,41.0,1,-393.6797564023618,,0,
124.0,41.0,1,-403.70670470477853,,0,
125.0,41.0,1,-413.05089414504255,,0,
126.0,41.0,1,-421.5625388861845,,0,
127.0,41.0,1,-429.11964748835817,-164.314796,1,264.80485148835817
128.0,41.0,1,-435.61869292012125,,0,
129.0,41.0,2,-440.9649229456545,,0,
130.0,41.0,2,-445.06217059087794,,0,
131.0,41.0,2,-447.80171833109125,,0,
132.0,41.0,2,-449.0488533934549,,0,
133.0,41.0,2,-448.6247781035054,-543.443779,1,-94.81900089649457
134.0,41.0,2,-446.2858729173986,,0,
135.0,41.0,2,-441.74293065012716,,0,
136.0,41.0,2,-434.8388023785592,,0,
137.0,41.0,2,-425.72229034367774,,0,
138.0,41.0,2,-414.6760041119278,,0,
139.0,41.0,2,-401.9400789236024,-729.352589,1,-327.41251007639755
140.0,41.0,2,-387.69276093606095,,0,
141.0,41.0,2,-372.06769082986466,,0,
142.0,41.0,2,-355.164258600651,,0,
143.0,41.0,2,-337.0496911203809,,0,
144.0,41.0,2,-317.757045667262,,0,
145.0,41.0,2,-297.2825965442171,-384.767895,1,-87.48529845578292
146.0,41.0,2,-275.58593860538895,,0,
147.0,41.0,2,-252.6006931120719,,0,
148.0,41.0,2,-228.27622028748738,,0,
149.0,41.0,2,-202.66025628654643,,0,
150.0,41.0,2,-175.94884020265272,,0,
151.0,41.0,2,-148.42994071804424,-127.490091,1,20.93984971804423
152.0,41.0,2,-120.39907328445406,,0,
153.0,41.0,2,-92.1220135137628,,0,
154.0,41.0,2,-63.83185337795658,,0,
155.0,41.0,2,-35.736027818435105,,0,
156.0,41.0,2,-8.02381393545511,,0,
157.0,41.0,2,19.127815975269186,24.110104,1,4.9822880247308134
158.0,41.0,3,45.550390109849104,,0,
159.0,41.0,3,71.08315499623859,,0,
160.0,41.0,3,95.5793966489291,,0,
161.0,41.0,3,118.93527207448278,,0,
162.0,41.0,3,141.1618181211179,,0,
163.0,41.0,3,162.01006394127762,402.685219,1,240.6751550587224
164.0,41.0,3,180.0905257738341,,0,
165.0,41.0,3,193.76033137309423,,0,
166.0,41.0,3,202.1498476684028,,0,
167.0,41.0,3,205.74722013506107,,0,
168.0,41.0,3,205.6523059127794,,0,
169.0,41.0,3,202.84209843123972,1125.901194,1,923.0590955687603
170.0,41.0,3,198.07734497287674,,0,
171.0,41.0,3,191.96975945902523,,0,
172.0,41.0,3,185.03576426152722,,0,
173.0,41.0,3,177.72631278642802,,0,
174.0,41.0,3,170.44074256658132,,0,
175.0,41.0,3,163.53028322327737,433.740313,1,270.21002977672265
176.0,41.0,3,157.29496943650884,,0,
177.0,41.0,3,151.97752988291904,,0,
178.0,41.0,3,147.75820902610576,,0,
179.0,41.0,3,144.75400278576126,,0,
180.0,41.0,3,143.0237166184088,,0,
181.0,41.0,3,142.57733585526148,412.666366,1,270.0890301447385
182.0,41.0,3,143.3859998625776,,0,
183.0,41.0,3,145.38808623037767,,0,
184.0,41.0,3,148.48659040180792,,0,
185.0,41.0,3,152.53071297254064,,0,
186.0,41.0,3,157.26284447210492,,0,
187.0,41.0,3,162.1116186334766,568.777686,1,406.6660673665234
188.0,41.0,3,165.98668694093794,,0,
189.0,41.0,3,170.01050632032275,,0,
190.0,41.0,3,174.76953502920514,,0,
191.0,41.0,3,180.5096859371115,,0,
192.0,41.0,3,187.34100187993317,,0,
193.0,41.0,3,195.28953795137204,880.099779,1,684.810241048628
194.0,41.0,3,204.31044840365212,,0,
195.0,41.0,3,214.28589284938062,,0,
196.0,41.0,3,225.0296112915821,,0,
197.0,41.0,3,236.31181442872912,,0,
198.0,41.0,3,247.8985741435754,,0,
199.0,41.0,3,259.5883549262944,137.306186,1,-122.28216892629442
0.0,42.0,0,178.9293708743935,-193.810046,1,-372.7394168743935
1.0,42.0,0,166.67844661070558,,0,
2.0,42.0,0,154.39377476007212,,0,
3.0,42.0,0,142.0879444652528,,0,
4.0,42.0,0,129.77318488930177,,0,
5.0,42.0,0,117.46092502587271,,0,
6.0,42.0,0,105.16130866266758,-153.598323,1,-258.7596316626676
7.0,42.0,0,92.8827113182706,,0,
8.0,42.0,0,80.6313703311971,,0,
9.0,42.0,0,68.41141888001584,,0,
10.0,42.0,0,56.22619542827306,,0,
11.0,42.0,0,44.08207896626118,,0,
12.0,42.0,0,31.973572840623092,101.817388,1,69.8438151593769
13.0,42.0,0,19.846806984380237,,0,
14.0,42.0,0,7.635126945380762,,0,
15.0,42.0,0,-4.726453184273851,,0,
16.0,42.0,0,-17.305754832501407,,0,
17.0,42.0,0,-30.17742310439644,,0,
18.0,42.0,0,-43.38096643089375,96.196483,1,139.57744943089375
19.0,42.0,0,-56.83054591760447,,0,
20.0,42.0,0,-70.38917861841037,,0,
21.0,42.0,0,-83.9031446704139,,0,
22.0,42.0,0,-97.2019618328195,,0,
23.0,42.0,0,-110.10854068346089,,0,
24.0,42.0,0,-122.45617006007524,-407.136307,1,-284.68013693992475
25.0,42.0,0,-134.1104912902374,,0,
26.0,42.0,0,-144.99076165612496,,0,
27.0,42.0,0,-155.07903078580784,,0,
28.0,42.0,0,-164.410974842649,,0,
29.0,42.0,0,-173.05585064537445,,0,
30.0,42.0,0,-181.09801402654557,-229.743822,1,-48.645807973454424
31.0,42.0,0,-188.62566884154876,,0,
32.0,42.0,0,-195.72465009133884,,0,
33.0,42.0,0,-202.47079717555607,,0,
34.0,42.0,0,-208.91695940952923,,0,
35.0,42.0,0,-215.08524124558608,,0,
36.0,42.0,0,-220.97601559617033,144.488887,1,365.4649025961703
37.0,42.0,0,-226.58175861355812,,0,
38.0,42.0,0,-231.8939327671178,,0,
39.0,42.0,0,-236.90444056686465,,0,
40.0,42.0,0,-241.60482041184878,,0,
41.0,42.0,0,-245.98415338898485,,0,
42.0,42.0,0,-250.02595244454278,372.990769,1,623.0167214445428
43.0,42.0,0,-253.70484193125958,,0,
44.0,42.0,0,-256.9846812826654,,0,
45.0,42.0,0,-259.81989291787977,,0,
46.0,42.0,0,-262.160476441175,,0,
47.0,42.0,0,-263.9592464635134,,0,
48.0,42.0,0,-265.1787745415895,415.745685,1,680.9244595415895
49.0,42.0,0,-265.79598128033103,,0,
50.0,42.0,0,-265.80364567635115,,0,
51.0,42.0,0,-265.20954797018203,,0,
52.0,42.0,0,-264.0350406994621,,0,
53.0,42.0,0,-262.3145321183929,,0,
54.0,42.0,0,-260.0959365341914,-328.320538,1,-68.22460146580858
55.0,42.0,0,-257.44162257865537,,0,
56.0,42.0,0,-254.42984913576583,,0,
57.0,42.0,0,-251.1569830060762,,0,
58.0,42.0,0,-247.74083100663847,,0,
59.0,42.0,0,-244.32540315285223,,0,
60.0,42.0,0,-241.08704995462904,-344.762432,1,-103.67538204537095
61.0,42.0,0,-238.2395736141807,,0,
62.0,42.0,0,-236.02692524356826,,0,
63.0,42.0,0,-234.67403666985774,,0,
64.0,42.0,0,-234.28100945457118,,0,
65.0,42.0,0,-234.7541289871515,,0,
66.0,42.0,0,-235.8688802323668,-411.069148,1,-175.2002677676332
67.0,42.0,0,-237.3697745064237,,0,
68.0,42.0,0,-239.01337200102716,,0,
69.0,42.0,0,-240.56875304058303,,0,
70.0,42.0,0,-241.80336353842722,,0,
71.0,42.0,0,-242.46113432724815,,0,
72.0,42.0,1,-242.22100888976274,-396.879095,1,-154.65808611023726
73.0,42.0,1,-240.61542369548988,,0,
74.0,42.0,1,-237.27224571520492,,0,
75.0,42.0,1,-232.5304090896352,,0,
76.0,42.0,1,-226.83678964620776,,0,
77.0,42.0,1,-220.5153875136166,,0,
78.0,42.0,1,-213.8574420420373,-592.177737,1,-378.3202949579627
79.0,42.0,1,-207.16642385853265,,0,
80.0,42.0,1,-200.76786928548972,,0,
81.0,42.0,1,-194.96984864904516,,0,
82.0,42.0,1,-189.9643014678877,,0,
83.0,42.0,1,-185.7638227817588,,0,
84.0,42.0,1,-182.26898172859364,869.863445,1,1052.1324267285936
85.0,42.0,1,-179.37149827505618,,0,
86.0,42.0,1,-177.00046811557695,,0,
87.0,42.0,1,-175.12679028326966,,0,
88.0,42.0,1,-173.75553733708693,,0,
89.0,42.0,1,-172.91764049148333,,0,
90.0,42.0,1,-172.66243564667093,-239.457338,1,-66.79490235332906
91.0,42.0,1,-173.04892751828993,,0,
92.0,42.0,1,-174.13285471679046,,0,
93.0,42.0,1,-175.95118053396618,,0,
94.0,42.0,1,-178.5139505127263,,0,
95.0,42.0,1,-181.81050684185357,,0,
96.0,42.0,1,-185.82242936448165,471.741729,1,657.5641583644817
97.0,42.0,1,-190.5324745042708,,0,
98.0,42.0,1,-195.92680304508758,,0,
99.0,42.0,1,-201.99196211519302,,0,
100.0,42.0,1,-208.70734305322185,,0,
101.0,42.0,1,-216.03232976133586,,0,
102.0,42.0,1,-223.88611781272448,-399.017798,1,-175.13168018727555
103.0,42.0,1,-232.1189780233326,,0,
104.0,42.0,1,-240.54978543281868,,0,
105.0,42.0,1,-249.07919224707803,,0,
106.0,42.0,1,-257.55543634040805,,0,
107.0,42.0,1,-265.6875363343497,,0,
108.0,42.0,1,-273.2164663277945,-404.427589,1,-131.21112267220553
109.0,42.0,1,-280.3036958046705,,0,
110.0,42.0,1,-287.1638243880552,,0,
111.0,42.0,1,-293.92332394027744,,0,
112.0,42.0,1,-300.6757991056875,,0,
113.0,42.0,1,-307.5108462290518,,0,
114.0,42.0,1,-314.52912121727604,241.092724,1,555.621845217276
115.0,42.0,1,-321.85105725404355,,0,
116.0,42.0,1,-329.6174849521376,,0,
117.0,42.0,1,-337.9730879572253,,0,
118.0,42.0,1,-347.0215852294823,,0,
119.0,42.0,1,-356.7627951434679,,0,
120.0,42.0,1,-367.06068141709693,-95.580468,1,271.48021341709693
121.0,42.0,1,-377.67722282921204,,0,
122.0,42.0,1,-388.3376970547288,,0,
123.0,42.0,1,-398.77867646111554,,0,
124.0,42.0,1,-408.76883365838876,,0,
125.0,42.0,1,-418.1136586824214,,0,
126.0,42.0,1,-426.65318569329975,-172.917852,1,253.73533369329974
127.0,42.0,1,-434.2561875686606,,0,
128.0,42.0,1,-440.81181409343844,,0,
129.0,42.0,2,-446.2194821408775,,0,
130.0,42.0,2,-450.37800413367313,,0,
131.0,42.0,2,-453.17459745080123,,0,
132.0,42.0,2,-454.47409736494956,-325.224516,1,129.24958136494956
133.0,42.0,2,-454.1102579900071,,0,
134.0,42.0,2,-451.88868031666334,,0,
135.0,42.0,2,-447.62666643242846,,0,
136.0,42.0,2,-441.2426842715795,,0,
137.0,42.0,2,-432.8141560918557,,0,
138.0,42.0,2,-422.5207071586083,-573.413528,1,-150.89282084139177
139.0,42.0,2,-410.55508211356937,,0,
140.0,42.0,2,-397.08208326053136,,0,
141.0,42.0,2,-382.2317432300151,,0,
142.0,42.0,2,-366.10063087523486,,0,
143.0,42.0,2,-348.75165237510737,,0,
144.0,42.0,2,-330.2111412611557,-572.334549,1,-242.12340773884432
145.0,42.0,2,-310.4642344028616,,0,
146.0,42.0,2,-289.44904086700535,,0,
147.0,42.0,2,-267.05043652049426,,0,
148.0,42.0,2,-243.12552144546862,,0,
149.0,42.0,2,-217.6652558009373,,0,
150.0,42.0,2,-190.94703512432898,-122.24809,1,68.69894512432897
151.0,42.0,2,-163.36794882974937,,0,
152.0,42.0,2,-135.2782389571803,,0,
153.0,42.0,2,-106.96376685641371,,0,
154.0,42.0,2,-78.6657505829703,,0,
155.0,42.0,2,-50.59726074076025,,0,
156.0,42.0,2,-22.954189523334207,-145.300861,1,-122.34667147666579
157.0,42.0,2,4.077296309376834,,0,
158.0,42.0,3,30.31562601098267,,0,
159.0,42.0,3,55.58118009776081,,0,
160.0,42.0,3,79.69917360933323,,0,
161.0,42.0,3,102.52227677207702,,0,
162.0,42.0,3,124.07895696663945,-236.900741,1,-360.9796979666395
163.0,42.0,3,144.71983398212615,,0,
164.0,42.0,3,162.70071526808897,,0,
165.0,42.0,3,176.78162814398092,,0,
166.0,42.0,3,186.41626311016807,,0,
167.0,42.0,3,191.80775842477306,,0,
168.0,42.0,3,193.63565331479185,1107.42091,1,913.7852566852082
169.0,42.0,3,192.67816341335129,,0,
170.0,42.0,3,189.6382776203427,,0,
171.0,42.0,3,185.1171424614222,,0,
172.0,42.0,3,179.63014674771694,,0,
173.0,42.0,3,173.62504277448897,,0,
174.0,42.0,3,167.4933642344622,509.71599,1,342.22262576553777
175.0,42.0,3,161.57516953349113,,0,
176.0,42.0,3,156.15905978011142,,0,
177.0,42.0,3,151.47993101789325,,0,
178.0,42.0,3,147.7170104397228,,0,
179.0,42.0,3,144.99419725055486,,0,
180.0,42.0,3,143.38343989548594,752.714501,1,609.3310611045141
181.0,42.0,3,142.9102000420171,,0,
182.0,42.0,3,143.5586045697055,,0,
183.0,42.0,3,145.27290353440185,,0,
184.0,42.0,3,147.95066872565076,,0,
185.0,42.0,3,151.4194858896517,,0,
186.0,42.0,3,155.37537206790876,637.036175,1,481.6608029320912
187.0,42.0,3,159.2533019485054,,0,
188.0,42.0,3,162.5738877755939,,0,
189.0,42.0,3,165.8456310726906,,0,
190.0,42.0,3,169.65772218982602,,0,
191.0,42.0,3,174.33193679318356,,0,
192.0,42.0,3,180.0531854507135,995.933656,1,815.8804705492865
193.0,42.0,3,186.92687262002437,,0,
194.0,42.0,3,194.9825448226511,,0,
195.0,42.0,3,204.15110222840303,,0,
196.0,42.0,3,214.25791314558592,,0,
197.0,42.0,3,225.0602490034471,,0,
198.0,42.0,3,236.30554191744886,185.064822,1,-51.24071991744887
199.0,42.0,3,247.77416323055513,,0,
0.0,43.0,0,174.1722050181197,,0,
1.0,43.0,0,161.9462747524958,,0,
2.0,43.0,0,149.68184839739115,,0,
3.0,43.0,0,137.38940096570514,,0,
4.0,43.0,0,125.07883615908213,,0,
5.0,43.0,0,112.75908700616856,-28.582233,1,-141.34132000616856
6.0,43.0,0,100.43769083818188,,0,
7.0,43.0,0,88.12038393872717,,0,
8.0,43.0,0,75.81081416842062,,0,
9.0,43.0,0,63.510611237288686,,0,
10.0,43.0,0,51.22057149093598,,0,
11.0,43.0,0,38.947762518517266,22.906697,1,-16.041065518517264
12.0,43.0,0,26.712645462248474,,0,
13.0,43.0,0,14.440832069027238,,0,
14.0,43.0,0,2.0719575011898996,,0,
15.0,43.0,0,-10.44653526197726,,0,
16.0,43.0,0,-23.166208832873963,,0,
17.0,43.0,0,-36.14942168453126,-0.556205,1,35.593216684531264
18.0,43.0,0,-49.478316360880854,,0,
19.0,43.0,0,-63.00729412793953,,0,
20.0,43.0,0,-76.59880499678547,,0,
21.0,43.0,0,-90.10658256516763,,0,
22.0,43.0,0,-103.36263008535025,,0,
23.0,43.0,0,-116.18171086238726,-517.350869,1,-401.1691581376127
24.0,43.0,0,-128.3767317587335,,0,
25.0,43.0,0,-139.78929542881087,,0,
26.0,43.0,0,-150.32921677912236,,0,
27.0,43.0,0,-159.9947315738682,,0,
28.0,43.0,0,-168.85358768729202,,0,
29.0,43.0,0,-177.00555569953212,-423.568834,1,-246.56327830046786
30.0,43.0,0,-184.5549845107671,,0,
31.0,43.0,0,-191.59882307555745,,0,
32.0,43.0,0,-198.22234019012103,,0,
33.0,43.0,0,-204.4953944642184,,0,
34.0,43.0,0,-210.4674512892234,,0,
35.0,43.0,0,-216.16538752877386,-5.565828,1,210.59955952877385
36.0,43.0,0,-221.5976045490679,,0,
37.0,43.0,0,-226.7613311938985,,0,
38.0,43.0,0,-231.64836636689142,,0,
39.0,43.0,0,-236.24797170061538,,0,
40.0,43.0,0,-240.54755807510082,,0,
41.0,43.0,0,-244.53187655059446,331.857173,1,576.3890495505945
42.0,43.0,0,-248.181351764797,,0,
43.0,43.0,0,-251.4704069253712,,0,
44.0,43.0,0,-254.36685158858018,,0,
45.0,43.0,0,-256.83323708359967,,0,
46.0,43.0,0,-258.8303642343817,,0,
47.0,43.0,0,-260.32218960333194,471.185303,1,731.5074926033319
48.0,43.0,0,-261.2808009930159,,0,
49.0,43.0,0,-261.69011920085177,,0,
50.0,43.0,0,-261.54723761964124,,0,
51.0,43.0,0,-260.86123867483184,,0,
52.0,43.0,0,-259.6518923919357,,0,
53.0,43.0,0,-257.9507466325849,-135.484693,1,122.46605363258493
54.0,43.0,0,-255.80313039147586,,0,
55.0,43.0,0,-253.2694657192551,,0,
56.0,43.0,0,-250.42635094685465,,0,
57.0,43.0,0,-247.36807203351054,,0,
58.0,43.0,0,-244.2087056681048,,0,
59.0,43.0,0,-241.08447117217293,-362.454328,1,-121.36985682782705
60.0,43.0,0,-238.1549693896668,,0,
61.0,43.0,0,-235.59945871084346,,0,
62.0,43.0,0,-233.59996512114594,,0,
63.0,43.0,0,-232.30192411056487,,0,
64.0,43.0,0,-231.76033344075404,,0,
65.0,43.0,0,-231.91072132926638,-228.79253,1,3.1181913292663808
66.0,43.0,0,-232.59273716262396,,0,
67.0,43.0,0,-233.5984397919201,,0,
68.0,43.0,0,-234.70571881307842,,0,
69.0,43.0,0,-235.68825596778152,,0,
70.0,43.0,0,-236.31002871309101,,0,
71.0,43.0,0,-236.3105292155742,-282.882733,1,-46.57220378442577
72.0,43.0,1,-235.38670439137422,,0,
73.0,43.0,1,-233.21381065460446,,0,
74.0,43.0,1,-229.61859247615212,,0,
75.0,43.0,1,-224.7495569999337,,0,
76.0,43.0,1,-218.91710949074331,,0,
77.0,43.0,1,-212.4310307558335,-411.049728,1,-198.61869724416653
78.0,43.0,1,-205.59183251573631,,0,
79.0,43.0,1,-198.72547709168612,,0,
80.0,43.0,1,-192.2184008486929,,0,
81.0,43.0,1,-186.50205034318788,,0,
82.0,43.0,1,-181.85347237815586,,0,
83.0,43.0,1,-178.19930198103066,558.517594,1,736.7168959810307
84.0,43.0,1,-175.31606717700197,,0,
85.0,43.0,1,-173.03484933354775,,0,
86.0,43.0,1,-171.26468405873675,,0,
87.0,43.0,1,-169.97089060480357,,0,
88.0,43.0,1,-169.15781549639178,,0,
89.0,43.0,1,-168.85880543326493,-198.824713,1,-29.96590756673507
90.0,43.0,1,-169.13038090712507,,0,
91.0,43.0,1,-170.04592199366016,,0,
92.0,43.0,1,-171.68013984956633,,0,
93.0,43.0,1,-174.0798384563259,,0,
94.0,43.0,1,-177.24510091102275,,0,
95.0,43.0,1,-181.1455679874798,111.468637,1,292.6142049874798
96.0,43.0,1,-185.74647167900184,,0,
97.0,43.0,1,-191.01947433285022,,0,
98.0,43.0,1,-196.9416729383738,,0,
99.0,43.0,1,-203.48980453723198,,0,
100.0,43.0,1,-210.63182351571595,,0,
101.0,43.0,1,-218.31587381332974,-333.129818,1,-114.81394418667026
102.0,43.0,1,-226.45770667440775,,0,
103.0,43.0,1,-234.93598384589404,,0,
104.0,43.0,1,-243.61892659040768,,0,
105.0,43.0,1,-252.39068360491365,,0,
106.0,43.0,1,-261.104872628719,,0,
107.0,43.0,1,-269.4776799789688,-437.439527,1,-167.9618470210312
108.0,43.0,1,-277.01209656200444,,0,
109.0,43.0,1,-284.1403624174818,,0,
110.0,43.0,1,-291.09766414041223,,0,
111.0,43.0,1,-298.00612044713944,,0,
112.0,43.0,1,-304.95977653761474,,0,
113.0,43.0,1,-312.0478296340225,210.726602,1,522.7744316340224
114.0,43.0,1,-319.36511263751163,,0,
115.0,43.0,1,-327.0155324592706,,0,
116.0,43.0,1,-335.1071593683664,,0,
117.0,43.0,1,-343.7351554823708,,0,
118.0,43.0,1,-352.951587641277,,0,
119.0,43.0,1,-362.73239633296635,-110.186522,1,252.54587433296635
120.0,43.0,1,-372.9626370983242,,0,
121.0,43.0,1,-383.45221690607286,,0,
122.0,43.0,1,-393.9705613599035,,0,
123.0,43.0,1,-404.2798176624419,,0,
124.0,43.0,1,-414.15693441813346,,0,
125.0,43.0,1,-423.405569412389,191.172886,1,614.5784554123891
126.0,43.0,1,-431.86072614912337,,0,
127.0,43.0,1,-439.38713959464803,,0,
128.0,43.0,1,-445.87204036400726,,0,
129.0,43.0,1,-451.2144175673693,,0,
130.0,43.0,2,-455.3137066205163,,0,
131.0,43.0,2,-458.0600644359656,99.748794,1,557.8088584359656
132.0,43.0,2,-459.3277381039443,,0,
133.0,43.0,2,-458.9743683283068,,0,
134.0,43.0,2,-456.85272874274597,,0,
135.0,43.0,2,-452.84253013363195,,0,
136.0,43.0,2,-446.89508942252724,,0,
137.0,43.0,2,-439.0565259264258,-454.86646,1,-15.809934073574198
138.0,43.0,2,-429.44506904524314,,0,
139.0,43.0,2,-418.2062699508715,,0,
140.0,43.0,2,-405.47971423715353,,0,
141.0,43.0,2,-391.3835774277468,,0,
142.0,43.0,2,-376.00851617793523,,0,
143.0,43.0,2,-359.4136219061729,-555.884309,1,-196.4706870938271
144.0,43.0,2,-341.6213026706391,,0,
145.0,43.0,2,-322.61097688210066,,0,
146.0,43.0,2,-302.31292292367834,,0,
147.0,43.0,2,-280.5913677659846,,0,
148.0,43.0,2,-257.17832740207086,,0,
149.0,43.0,2,-231.8931917996415,-319.104104,1,-87.21091220035851
150.0,43.0,2,-205.21661389158544,,0,
151.0,43.0,2,-177.6898313696911,,0,
152.0,43.0,2,-149.68386177042703,,0,
153.0,43.0,2,-121.48303330748604,,0,
154.0,43.0,2,-93.32659407911888,,0,
155.0,43.0,2,-65.42784271291748,-257.238366,1,-191.8105232870825
156.0,43.0,2,-37.98474591782724,,0,
157.0,43.0,2,-11.18650380836334,,0,
158.0,43.0,3,14.782790486999147,,0,
159.0,43.0,3,39.74455666717404,,0,
160.0,43.0,3,63.535874446999514,,0,
161.0,43.0,3,86.04910625037155,-482.44245,1,-568.4915562503716
162.0,43.0,3,107.33227230937518,,0,
163.0,43.0,3,127.28231738495015,,0,
164.0,43.0,3,144.8921259196868,,0,
165.0,43.0,3,159.18560306112886,,0,
166.0,43.0,3,169.7109553610826,,0,
167.0,43.0,3,176.5229395372371,739.848843,1,563.3259034627629
168.0,43.0,3,180.03811510167725,,0,
169.0,43.0,3,180.83260575645545,,0,
170.0,43.0,3,179.4997142810571,,0,
171.0,43.0,3,176.5886273324286,,0,
172.0,43.0,3,172.58931400806614,,0,
173.0,43.0,3,167.93401665470446,446.256027,1,278.32201034529555
174.0,43.0,3,163.00164308382955,,0,
175.0,43.0,3,158.12058318412892,,0,
176.0,43.0,3,153.56936866315664,,0,
177.0,43.0,3,149.57607887722406,,0,
178.0,43.0,3,146.31780910952875,,0,
179.0,43.0,3,143.92125931903865,880.578595,1,736.6573356809613
180.0,43.0,3,142.464736146816,,0,
181.0,43.0,3,141.98083798350126,,0,
182.0,43.0,3,142.4581027995955,,0,
183.0,43.0,3,143.83905200867594,,0,
184.0,43.0,3,146.01120125484886,,0,
185.0,43.0,3,148.78706379998766,617.021619,1,468.2345552000123
186.0,43.0,3,151.8762407578397,,0,
187.0,43.0,3,154.91131318921543,,0,
188.0,43.0,3,157.6978041936527,,0,
189.0,43.0,3,160.45999274390851,,0,
190.0,43.0,3,163.59820820778987,,0,
191.0,43.0,3,167.445212281571,761.548341,1,594.103128718429
192.0,43.0,3,172.2497645432304,,0,
193.0,43.0,3,178.2073287520907,,0,
194.0,43.0,3,185.4492471967751,,0,
195.0,43.0,3,193.973072841698,,0,
196.0,43.0,3,203.60030245469534,,0,
197.0,43.0,3,214.04855990638316,344.852493,1,130.80393309361682
198.0,43.0,3,225.0342421645837,,0,
199.0,43.0,3,236.32188588444842,,0,
0.0,44.0,0,169.40879373694042,,0,
1.0,44.0,0,157.20125640855986,,0,
2.0,44.0,0,144.95020024722908,,0,
3.0,44.0,0,132.6642683384489,,0,
4.0,44.0,0,120.3514177846082,175.361555,1,55.01013721539181
5.0,44.0,0,108.01858505395649,,0,
6.0,44.0,0,95.67135738903016,,0,
7.0,44.0,0,83.31370993080418,,0,
8.0,44.0,0,70.94793655803369,,0,
9.0,44.0,0,58.575087879784405,,0,
10.0,44.0,0,46.19681731196761,-102.966738,1,-149.16355531196763
11.0,44.0,0,33.81991786515573,,0,
12.0,44.0,0,21.44228984347137,,0,
13.0,44.0,0,9.017464004165959,,0,
14.0,44.0,0,-3.50885704648681,,0,
15.0,44.0,0,-16.18396971031325,,0,
16.0,44.0,0,-29.053751344537886,90.104124,1,119.15787534453789
17.0,44.0,0,-42.170093140157405,,0,
18.0,44.0,0,-55.55461535612994,,0,
19.0,44.0,0,-69.1139269882915,,0,
20.0,44.0,0,-82.71495559017058,,0,
21.0,44.0,0,-96.21340416599924,,0,
22.0,44.0,0,-109.4414636368092,-428.228076,1,-318.7866123631908
23.0,44.0,0,-122.2026745610674,,0,
24.0,44.0,0,-134.27830913418438,,0,
25.0,44.0,0,-145.4640838977939,,0,
26.0,44.0,0,-155.64716599891835,,0,
27.0,44.0,0,-164.85544871955062,,0,
28.0,44.0,0,-173.2100477822969,-602.356191,1,-429.14614321770307
29.0,44.0,0,-180.85033638099776,,0,
30.0,44.0,0,-187.89942456562858,,0,
31.0,44.0,0,-194.45903857460144,,0,
32.0,44.0,0,-200.6119041195634,,0,
33.0,44.0,0,-206.42313364322763,,0,
34.0,44.0,0,-211.93975816710736,-251.480367,1,-39.540608832892644
35.0,44.0,0,-217.19048382370238,,0,
36.0,44.0,0,-222.1875830944773,,0,
37.0,44.0,0,-226.93082319610767,,0,
38.0,44.0,0,-231.4119441750736,,0,
39.0,44.0,0,-235.61818925247644,,0,
40.0,44.0,0,-239.5341372692128,209.897782,1,449.4319192692128
41.0,44.0,0,-243.14196229596564,,0,
42.0,44.0,0,-246.4207839411829,,0,
43.0,44.0,0,-249.34594163666407,,0,
44.0,44.0,0,-251.88897680553782,,0,
45.0,44.0,0,-254.01885919522465,,0,
46.0,44.0,0,-255.70455172297807,379.079462,1,634.784013722978
47.0,44.0,0,-256.9185304380517,,0,
48.0,44.0,0,-257.64060273588257,,0,
49.0,44.0,0,-257.8613069086132,,0,
50.0,44.0,0,-257.58352032296534,,0,
51.0,44.0,0,-256.81947901628155,,0,
52.0,44.0,0,-255.58724970560434,5.273075,1,260.86032470560434
53.0,44.0,0,-253.9150180176348,,0,
54.0,44.0,0,-251.84546309200232,,0,
55.0,44.0,0,-249.43662310321452,,0,
56.0,44.0,0,-246.76212545463204,,0,
57.0,44.0,0,-243.91173081254965,,0,
58.0,44.0,0,-240.9919542586431,-330.918853,1,-89.92689874135692
59.0,44.0,0,-238.12597130705763,,0,
60.0,44.0,0,-235.45116571125254,,0,
61.0,44.0,0,-233.11136096982045,,0,
62.0,44.0,0,-231.2399269297348,,0,
63.0,44.0,0,-229.93266551101988,,0,
64.0,44.0,0,-229.21855239497017,-55.963138,1,173.25541439497016
65.0,44.0,0,-229.04514207464672,,0,
66.0,44.0,0,-229.28821705672453,,0,
67.0,44.0,0,-229.775984856351,,0,
68.0,44.0,0,-230.31084531189117,,0,
69.0,44.0,0,-230.68043516136458,,0,
70.0,44.0,0,-230.65911262635564,-270.331092,1,-39.671979373644376
71.0,44.0,0,-230.005685144175,,0,
72.0,44.0,1,-228.4697584886817,,0,
73.0,44.0,1,-225.83270322137105,,0,
74.0,44.0,1,-221.99614198959898,,0,
75.0,44.0,1,-217.04057398393888,,0,
76.0,44.0,1,-211.17531093641446,-259.565474,1,-48.39016306358553
77.0,44.0,1,-204.65936549810795,,0,
78.0,44.0,1,-197.7728485077314,,0,
79.0,44.0,1,-190.83228679913736,,0,
80.0,44.0,1,-184.24287613679917,,0,
81.0,44.0,1,-178.60302752226198,,0,
82.0,44.0,1,-174.4227613151961,341.730095,1,516.1528563151961
83.0,44.0,1,-171.39480330866718,,0,
84.0,44.0,1,-169.1275753150985,,0,
85.0,44.0,1,-167.43147946120826,,0,
86.0,44.0,1,-166.2199791713865,,0,
87.0,44.0,1,-165.46248120561359,,0,
88.0,44.0,1,-165.16491352467074,-120.37166,1,44.79325352467073
89.0,44.0,1,-165.3613660535375,,0,
90.0,44.0,1,-166.11194307422556,,0,
91.0,44.0,1,-167.50407141163305,,0,
92.0,44.0,1,-169.6433651498519,,0,
93.0,44.0,1,-172.59767633030424,,0,
94.0,44.0,1,-176.34304129755037,-175.04436,1,1.2986812975503597
95.0,44.0,1,-180.81475928469035,,0,
96.0,44.0,1,-185.95977085096,,0,
97.0,44.0,1,-191.74093258784706,,0,
98.0,44.0,1,-198.12864239424016,,0,
99.0,44.0,1,-205.09236104235242,,0,
100.0,44.0,1,-212.59245720356193,27.225051,1,239.81750820356194
101.0,44.0,1,-220.5721148871953,,0,
102.0,44.0,1,-228.95113090983432,,0,
103.0,44.0,1,-237.6268001673534,,0,
104.0,44.0,1,-246.48420782594803,,0,
105.0,44.0,1,-255.39824939088248,,0,
106.0,44.0,1,-264.20252629010065,-506.915207,1,-242.71268070989936
107.0,44.0,1,-272.6268533946204,,0,
108.0,44.0,1,-280.441167903351,,0,
109.0,44.0,1,-287.8340963113733,,0,
110.0,44.0,1,-295.04306895472473,,0,
111.0,44.0,1,-302.2122643276971,,0,
112.0,44.0,1,-309.4466579021773,-108.983232,1,200.46342590217733
113.0,44.0,1,-316.8382048714511,,0,
114.0,44.0,1,-324.47607679513385,,0,
115.0,44.0,1,-332.4484420716035,,0,
116.0,44.0,1,-340.8367476029016,,0,
117.0,44.0,1,-349.7021437855383,,0,
118.0,44.0,1,-359.066007259069,-66.180655,1,292.885352259069
119.0,44.0,1,-368.8914264446812,,0,
120.0,44.0,1,-379.07532308782174,,0,
121.0,44.0,1,-389.45621029892664,,0,
122.0,44.0,1,-399.83338385150273,,0,
123.0,44.0,1,-409.9890318985126,,0,
124.0,44.0,1,-419.7079171419755,173.77059,1,593.4785071419755
125.0,44.0,1,-428.79353524941325,,0,
126.0,44.0,1,-437.0795118854112,,0,
127.0,44.0,1,-444.43258801744014,,0,
128.0,44.0,1,-450.74550586671467,,0,
129.0,44.0,1,-455.92407203807306,,0,
130.0,44.0,2,-459.8748323398622,338.889608,1,798.7644403398622
131.0,44.0,2,-462.4969368197999,,0,
132.0,44.0,2,-463.6792755534552,,0,
133.0,44.0,2,-463.30414952004867,,0,
134.0,44.0,2,-461.2597685944056,,0,
135.0,44.0,2,-457.46196879190757,,0,
136.0,44.0,2,-451.87785262688703,-319.45184,1,132.42601262688703
137.0,44.0,2,-444.5365669802286,,0,
138.0,44.0,2,-435.5186710811904,,0,
139.0,44.0,2,-424.93216730463246,,0,
140.0,44.0,2,-412.8894369656118,,0,
141.0,44.0,2,-399.4916894835915,,0,
142.0,44.0,2,-384.8195531966139,-500.174454,1,-115.3549008033861
143.0,44.0,2,-368.9259797194536,,0,
144.0,44.0,2,-351.828062312401,,0,
145.0,44.0,2,-333.49584992188466,,0,
146.0,44.0,2,-313.8441076054705,,0,
147.0,44.0,2,-292.74236831191956,,0,
148.0,44.0,2,-269.9276839231752,-535.660592,1,-265.73290807682474
149.0,44.0,2,-244.84129939261584,,0,
150.0,44.0,2,-218.38226258605937,,0,
151.0,44.0,2,-191.11100939601238,,0,
152.0,44.0,2,-163.37982623362768,,0,
153.0,44.0,2,-135.46584164720116,,0,
154.0,44.0,2,-107.6061557429548,42.640637,1,150.2467927429548
155.0,44.0,2,-80.01385913395643,,0,
156.0,44.0,2,-52.88686266698642,,0,
157.0,44.0,2,-26.412794522668264,,0,
158.0,44.0,3,-0.7704369621678779,,0,
159.0,44.0,3,23.873740507457114,,0,
160.0,44.0,3,47.37726740667131,-464.575933,1,-511.95320040667133
161.0,44.0,3,69.64090026266058,,0,
162.0,44.0,3,90.58656957834137,,0,
163.0,44.0,3,109.954415676606,,0,
164.0,44.0,3,127.13664791785413,,0,
165.0,44.0,3,141.48388485983742,,0,
166.0,44.0,3,152.62382880320365,219.354638,1,66.73080919679634
167.0,44.0,3,160.5290278142129,,0,
168.0,44.0,3,165.44977748641395,,0,
169.0,44.0,3,167.79947850366443,,0,
170.0,44.0,3,168.0535311667718,,0,
171.0,44.0,3,166.68683957440953,,0,
172.0,44.0,3,164.1440779422628,612.62156,1,448.47748205773723
173.0,44.0,3,160.82846914259426,,0,
174.0,44.0,3,157.09848643017904,,0,
175.0,44.0,3,153.26699839495268,,0,
176.0,44.0,3,149.60074036636797,,0,
177.0,44.0,3,146.31973016362463,,0,
178.0,44.0,3,143.59694332342406,728.618446,1,585.0215026765759
179.0,44.0,3,141.55860738599586,,0,
180.0,44.0,3,140.28510606689088,,0,
181.0,44.0,3,139.81192019001173,,0,
182.0,44.0,3,140.1294972519645,,0,
183.0,44.0,3,141.18067830969812,,0,
184.0,44.0,3,142.85484679487126,801.79388,1,658.9390332051287
185.0,44.0,3,144.98123124998529,,0,
186.0,44.0,3,147.3354689915086,,0,
187.0,44.0,3,149.69652423308435,,0,
188.0,44.0,3,151.97357734831166,,0,
189.0,44.0,3,154.2892658066885,,0,
190.0,44.0,3,156.9037540487625,519.896352,1,362.9925979512375
191.0,44.0,3,160.09931730439712,,0,
192.0,44.0,3,164.14297520706896,,0,
193.0,44.0,3,169.30586370348465,,0,
194.0,44.0,3,175.8581196397572,,0,
195.0,44.0,3,183.90293746862153,,0,
196.0,44.0,3,193.2129625719026,309.721608,1,116.5086454280974
197.0,44.0,3,203.4200190798001,,0,
198.0,44.0,3,214.20700978652167,,0,
199.0,44.0,3,225.33529014927626,,0,
0.0,45.0,0,164.65509315351665,,0,
1.0,45.0,0,152.461866505153,,0,
2.0,45.0,0,140.2202409960446,,0,
3.0,45.0,0,127.93733714928021,236.396677,1,108.4593398507198
4.0,45.0,0,115.61955766538449,,0,
5.0,45.0,0,103.27232874024776,,0,
6.0,45.0,0,90.89987705655221,,0,
7.0,45.0,0,78.50510663982277,,0,
8.0,45.0,0,66.08968842786271,,0,
9.0,45.0,0,53.65452731233381,-32.42412,1,-86.07864731233381
10.0,45.0,0,41.20053497576737,,0,
11.0,45.0,0,28.727374651818536,,0,
12.0,45.0,0,16.223607322957832,,0,
13.0,45.0,0,3.6573962073234725,,0,
14.0,45.0,0,-9.013048508910288,,0,
15.0,45.0,0,-21.828617908471642,130.442974,1,152.27159190847163
16.0,45.0,0,-34.826839221219416,,0,
17.0,45.0,0,-48.03600490078679,,0,
18.0,45.0,0,-61.44917234618333,,0,
19.0,45.0,0,-74.99863054047091,,0,
20.0,45.0,0,-88.57384686871956,,0,
21.0,45.0,0,-102.03995462435341,-253.689561,1,-151.64960637564658
22.0,45.0,0,-115.23507231796975,,0,
23.0,45.0,0,-127.95865910558132,,0,
24.0,45.0,0,-139.95734965433076,,0,
25.0,45.0,0,-150.94383629667573,,0,
26.0,45.0,0,-160.74744988825114,,0,
27.0,45.0,0,-169.46044439839898,-553.979815,1,-384.51937060160105
28.0,45.0,0,-177.29346704382624,,0,
29.0,45.0,0,-184.42672724700606,,0,
30.0,45.0,0,-190.99260899342335,,0,
31.0,45.0,0,-197.0904260095631,,0,
32.0,45.0,0,-202.79734895147703,,0,
33.0,45.0,0,-208.1736544147716,-425.834194,1,-217.66053958522843
34.0,45.0,0,-213.2644456994458,,0,
35.0,45.0,0,-218.0996000779778,,0,
36.0,45.0,0,-222.69353404560388,,0,
37.0,45.0,0,-227.04676630409813,,0,
38.0,45.0,0,-231.1499874361325,,0,
39.0,45.0,0,-234.98856464654455,124.355219,1,359.3437836465446
40.0,45.0,0,-238.5452986557866,,0,
41.0,45.0,0,-241.80127302171604,,0,
42.0,45.0,0,-244.73570386561914,,0,
43.0,45.0,0,-247.325674532196,,0,
44.0,45.0,0,-249.54636508256954,,0,
45.0,45.0,0,-251.3721104522483,227.5716,1,478.9437104522483
46.0,45.0,0,-252.778333698574,,0,
47.0,45.0,0,-253.74414799391525,,0,
48.0,45.0,0,-254.25532850455784,,0,
49.0,45.0,0,-254.30759894642688,,0,
50.0,45.0,0,-253.9104725512443,,0,
51.0,45.0,0,-253.08263728184465,-13.864125,1,239.21851228184465
52.0,45.0,0,-251.83772425824282,,0,
53.0,45.0,0,-250.1997271207365,,0,
54.0,45.0,0,-248.2091525447904,,0,
55.0,45.0,0,-245.92127006042938,,0,
56.0,45.0,0,-243.40541269116147,,0,
57.0,45.0,0,-240.74467752480996,-499.116038,1,-258.37136047519004
58.0,45.0,0,-238.03528515747894,,0,
59.0,45.0,0,-235.3847247114354,,0,
60.0,45.0,0,-232.9073829847548,,0,
61.0,45.0,0,-230.71598324919796,,0,
62.0,45.0,0,-228.9076148781387,,0,
63.0,45.0,0,-227.54552754990073,-222.377774,1,5.167753549900738
64.0,45.0,0,-226.6420142510433,,0,
65.0,45.0,0,-226.15001356417633,,0,
66.0,45.0,0,-225.9672368770698,,0,
67.0,45.0,0,-225.94902616597574,,0,
68.0,45.0,0,-225.9223878174089,,0,
69.0,45.0,0,-225.6962074555995,-275.330935,1,-49.634727544400505
70.0,45.0,0,-225.06759925897495,,0,
71.0,45.0,1,-223.82878136682666,,0,
72.0,45.0,1,-221.78291082115175,,0,
73.0,45.0,1,-218.77780408829858,,0,
74.0,45.0,1,-214.751616197158,,0,
75.0,45.0,1,-209.75822672471986,-9.300563,1,200.45766372471985
76.0,45.0,1,-203.94956218020525,,0,
77.0,45.0,1,-197.5386079467553,,0,
78.0,45.0,1,-190.77734761885586,,0,
79.0,45.0,1,-183.96059378842074,,0,
80.0,45.0,1,-177.4625987450163,,0,
81.0,45.0,1,-171.89640228178177,155.903244,1,327.79964628178175
82.0,45.0,1,-168.26972439006204,,0,
83.0,45.0,1,-165.77476197088617,,0,
84.0,45.0,1,-164.00142330509698,,0,
85.0,45.0,1,-162.78430889461015,,0,
86.0,45.0,1,-162.04524504467554,,0,
87.0,45.0,1,-161.75478098852818,68.882889,1,230.6376699885282
88.0,45.0,1,-161.9164298703672,,0,
89.0,45.0,1,-162.55984401912792,,0,
90.0,45.0,1,-163.74018885550322,,0,
91.0,45.0,1,-165.5466418151591,,0,
92.0,45.0,1,-168.12573256053292,,0,
93.0,45.0,1,-171.60384003685158,-122.722765,1,48.881075036851584
94.0,45.0,1,-175.892383901828,,0,
95.0,45.0,1,-180.87926704720985,,0,
96.0,45.0,1,-186.50250915878132,,0,
97.0,45.0,1,-192.72197619717554,,0,
98.0,45.0,1,-199.50421063425165,,0,
99.0,45.0,1,-206.81371952330483,398.705811,1,605.5195305233049
100.0,45.0,1,-214.60626045736717,,0,
101.0,45.0,1,-222.82330889074728,,0,
102.0,45.0,1,-231.38869341040845,,0,
103.0,45.0,1,-240.2088505829597,,0,
104.0,45.0,1,-249.17499236759159,,0,
105.0,45.0,1,-258.15965412586957,-417.666589,1,-159.50693487413042
106.0,45.0,1,-267.0041060126314,,0,
107.0,45.0,1,-275.5256509995452,,0,
108.0,45.0,1,-283.620078507578,,0,
109.0,45.0,1,-291.364767702069,,0,
110.0,45.0,1,-298.9196142558685,,0,
111.0,45.0,1,-306.42528248975987,-479.868337,1,-173.44305451024013
112.0,45.0,1,-313.99324663688276,,0,
113.0,45.0,1,-321.7174821404333,,0,
114.0,45.0,1,-329.6819997737766,,0,
115.0,45.0,1,-337.9620405673013,,0,
116.0,45.0,1,-346.61941127765385,,0,
117.0,45.0,1,-355.69279804821235,79.874094,1,435.56689204821237
118.0,45.0,1,-365.1853067278098,,0,
119.0,45.0,1,-375.05344686539684,,0,
120.0,45.0,1,-385.2022759337051,,0,
121.0,45.0,1,-395.48895249494126,,0,
122.0,45.0,1,-405.73306510990005,,0,
123.0,45.0,1,-415.73043686136225,11.306019,1,427.03645586136224
124.0,45.0,1,-425.2691994420238,,0,
125.0,45.0,1,-434.14953832748324,,0,
126.0,45.0,1,-442.20452437920903,,0,
127.0,45.0,1,-449.3096551047638,,0,
128.0,45.0,1,-455.3727312067058,,0,
129.0,45.0,1,-460.31443975483944,163.412684,1,623.7271237548395
130.0,45.0,2,-464.05381538888105,,0,
131.0,45.0,2,-466.5022156820196,,0,
132.0,45.0,2,-467.5638811672834,,0,
133.0,45.0,2,-467.1418006515596,,0,
134.0,45.0,2,-465.1486627692575,,0,
135.0,45.0,2,-461.5214256908057,-170.063469,1,291.4579566908057
136.0,45.0,2,-456.23473857894714,,0,
137.0,45.0,2,-449.3065069862787,,0,
138.0,45.0,2,-440.7921805480046,,0,
139.0,45.0,2,-430.7708832529461,,0,
140.0,45.0,2,-419.329760883149,,0,
141.0,45.0,2,-406.5508584118579,-542.580521,1,-136.02966258814206
142.0,45.0,2,-392.50113986150245,,0,
143.0,45.0,2,-377.2238830353199,,0,
144.0,45.0,2,-360.7282875613455,,0,
145.0,45.0,2,-342.97120452023955,,0,
146.0,45.0,2,-323.8209865463323,,0,
147.0,45.0,2,-303.0766728992421,-533.373294,1,-230.29662110075787
148.0,45.0,2,-280.53472936270555,,0,
149.0,45.0,2,-256.07487158289223,,0,
150.0,45.0,2,-230.19691146182777,,0,
151.0,45.0,2,-203.44886255839083,,0,
152.0,45.0,2,-176.20622892756364,,0,
153.0,45.0,2,-148.7577108688638,58.746347,1,207.5040578688638
154.0,45.0,2,-121.34673161039973,,0,
155.0,45.0,2,-94.18970541286399,,0,
156.0,45.0,2,-67.4852475084408,,0,
157.0,45.0,2,-41.41867696111149,,0,
158.0,45.0,3,-16.162977344058163,,0,
159.0,45.0,3,8.123600350387278,-226.456206,1,-234.5798063503873
160.0,45.0,3,31.301610454414913,,0,
161.0,45.0,3,53.245971140710026,,0,
162.0,45.0,3,73.80477576227895,,0,
163.0,45.0,3,92.71063083605259,,0,
164.0,45.0,3,109.55098686512792,,0,
165.0,45.0,3,123.89758132686984,-367.190451,1,-491.08803232686984
166.0,45.0,3,135.47207811831686,,0,
167.0,45.0,3,144.21888254372607,,0,
168.0,45.0,3,150.2880723772978,,0,
169.0,45.0,3,153.97387684813293,,0,
170.0,45.0,3,155.647564617615,,0,
171.0,45.0,3,155.70569395793427,683.379804,1,527.6741100420658
172.0,45.0,3,154.53770626096957,,0,
173.0,45.0,3,152.5082417980375,,0,
174.0,45.0,3,149.948208459944,,0,
175.0,45.0,3,147.1502756973423,,0,
176.0,45.0,3,144.36639988188108,,0,
177.0,45.0,3,141.80634050563822,621.767918,1,479.9615774943618
178.0,45.0,3,139.636842474305,,0,
179.0,45.0,3,137.98138869770628,,0,
180.0,45.0,3,136.9203449877241,,0,
181.0,45.0,3,136.49111239031117,,0,
182.0,45.0,3,136.68778929182008,,0,
183.0,45.0,3,137.46014177832694,633.028646,1,495.56850422167304
184.0,45.0,3,138.71297327653156,,0,
185.0,45.0,3,140.31031896098284,,0,
186.0,45.0,3,142.09466403419356,,0,
187.0,45.0,3,143.93319239487755,,0,
188.0,45.0,3,145.78214370983187,,0,
189.0,45.0,3,147.72198393694998,256.10384,1,108.38185606305001
190.0,45.0,3,149.93057395146752,,0,
191.0,45.0,3,152.63100615207804,,0,
192.0,45.0,3,156.06766605311714,,0,
193.0,45.0,3,160.53544206106744,,0,
194.0,45.0,3,166.472055781589,,0,
195.0,45.0,3,174.2119398475479,87.998501,1,-86.2134388475479
196.0,45.0,3,183.3417597066873,,0,
197.0,45.0,3,193.3647899874486,,0,
198.0,45.0,3,203.9642487046658,,0,
199.0,45.0,3,214.92000246730458,,0,
0.0,46.0,0,159.9273560086076,,0,
1.0,46.0,0,147.7466799643007,,0,
2.0,46.0,0,135.5131817822985,290.576616,1,155.0634342177015
3.0,46.0,0,123.23276131250168,,0,
4.0,46.0,0,110.91062390549632,,0,
5.0,46.0,0,98.55108808229124,,0,
6.0,46.0,0,86.15743713088887,,0,
7.0,46.0,0,73.73185392162486,,0,
8.0,46.0,0,61.27546856771369,140.103685,1,78.82821643228633
9.0,46.0,0,48.788442222823505,,0,
10.0,46.0,0,36.26958044829371,,0,
11.0,46.0,0,23.714096929750667,,0,
12.0,46.0,0,11.108867877279408,,0,
13.0,46.0,0,-1.5702058170245436,,0,
14.0,46.0,0,-14.353997719445033,104.889561,1,119.24355871944503
15.0,46.0,0,-27.273445404160157,,0,
16.0,46.0,0,-40.35368987352558,,0,
17.0,46.0,0,-53.605320704577025,,0,
18.0,46.0,0,-67.00996469070378,,0,
19.0,46.0,0,-80.51003887847764,,0,
20.0,46.0,0,-94.01288389961701,-139.898601,1,-45.885717100383005
21.0,46.0,0,-107.39845135567884,,0,
22.0,46.0,0,-120.518741244392,,0,
23.0,46.0,0,-133.18608049810064,,0,
24.0,46.0,0,-145.14034779842768,,0,
25.0,46.0,0,-155.97804096179607,,0,
26.0,46.0,0,-165.36210188883706,-428.32879,1,-262.96668811116297
27.0,46.0,0,-173.5571082987699,,0,
28.0,46.0,0,-180.89567075042578,,0,
29.0,46.0,0,-187.57013555322192,,0,
30.0,46.0,0,-193.70488263378502,,0,
31.0,46.0,0,-199.3903294327538,,0,
32.0,46.0,0,-204.69665160909062,-495.905026,1,-291.2083743909094
33.0,46.0,0,-209.6799509159173,,0,
34.0,46.0,0,-214.38483139398159,,0,
35.0,46.0,0,-218.84384700133523,,0,
36.0,46.0,0,-223.0739229386527,,0,
37.0,46.0,0,-227.07488021337485,,0,
38.0,46.0,0,-230.83487443037302,26.291162,1,257.126036430373
39.0,46.0,0,-234.3373418435658,,0,
40.0,46.0,0,-237.56434969139082,,0,
41.0,46.0,0,-240.4972687552945,,0,
42.0,46.0,0,-243.1165986223932,,0,
43.0,46.0,0,-245.40184656642668,,0,
44.0,46.0,0,-247.33184582625836,-53.714948,1,193.61689782625837
45.0,46.0,0,-248.8856744643599,,0,
46.0,46.0,0,-250.04417439648387,,0,
47.0,46.0,0,-250.79194039407048,,0,
48.0,46.0,0,-251.11961169637289,,0,
49.0,46.0,0,-251.02650302553957,,0,
50.0,46.0,0,-250.52536630551913,-243.811982,1,6.713384305519128
51.0,46.0,0,-249.64668229222298,,0,
52.0,46.0,0,-248.39413451523433,,0,
53.0,46.0,0,-246.79039551322057,,0,
54.0,46.0,0,-244.87424949596607,,0,
55.0,46.0,0,-242.69745283606608,,0,
56.0,46.0,0,-240.3238009394081,-652.105982,1,-411.78218106059194
57.0,46.0,0,-237.8282356484633,,0,
58.0,46.0,0,-235.29532455028675,,0,
59.0,46.0,0,-232.8164267782995,,0,
60.0,46.0,0,-230.4847222684475,,0,
61.0,46.0,0,-228.38735515513326,,0,
62.0,46.0,0,-226.59461305489094,-341.779573,1,-115.18495994510909
63.0,46.0,0,-225.14757050894696,,0,
64.0,46.0,0,-224.04741825467863,,0,
65.0,46.0,0,-223.25020204477914,,0,
66.0,46.0,0,-222.6687102507567,,0,
67.0,46.0,0,-222.17995418513237,,0,
68.0,46.0,0,-221.6348279171143,-168.084385,1,53.55044291711431
69.0,46.0,0,-220.86737464805447,,0,
70.0,46.0,0,-219.7035782955354,,0,
71.0,46.0,1,-217.97219219360704,,0,
72.0,46.0,1,-215.52148113614385,,0,
73.0,46.0,1,-212.24355604009907,,0,
74.0,46.0,1,-208.10019929651753,322.488424,1,530.5886232965175
75.0,46.0,1,-203.13669391158328,,0,
76.0,46.0,1,-197.4762034005471,,0,
77.0,46.0,1,-191.30362030124888,,0,
78.0,46.0,1,-184.85498568420735,,0,
79.0,46.0,1,-178.42488471447996,,0,
80.0,46.0,1,-172.40827628094485,-44.143589,1,128.26468728094486
81.0,46.0,1,-167.39828326299903,,0,
82.0,46.0,1,-163.90096205044392,,0,
83.0,46.0,1,-161.60460094430528,,0,
84.0,46.0,1,-160.11190605380398,,0,
85.0,46.0,1,-159.2260393399829,,0,
86.0,46.0,1,-158.85176004852838,340.845253,1,499.6970130485284
87.0,46.0,1,-158.94847380174724,,0,
88.0,46.0,1,-159.51089244525974,,0,
89.0,46.0,1,-160.56053684507424,,0,
90.0,46.0,1,-162.14361588283646,,0,
91.0,46.0,1,-164.33699034666643,,0,
92.0,46.0,1,-167.28677168944705,-80.770263,1,86.51650868944705
93.0,46.0,1,-171.24654822855337,,0,
94.0,46.0,1,-175.99160857315292,,0,
95.0,46.0,1,-181.40094462502202,,0,
96.0,46.0,1,-187.4148015110568,,0,
97.0,46.0,1,-193.99090424494534,,0,
98.0,46.0,1,-201.09173654600818,426.117305,1,627.2090415460082
99.0,46.0,1,-208.67735962794904,,0,
100.0,46.0,1,-216.70015083081307,,0,
101.0,46.0,1,-225.10085375282915,,0,
102.0,46.0,1,-233.80626476226826,,0,
103.0,46.0,1,-242.72872785411846,,0,
104.0,46.0,1,-251.7663388797382,-495.107628,1,-243.34128912026176
105.0,46.0,1,-260.80238445253053,,0,
106.0,46.0,1,-269.70806546507083,,0,
107.0,46.0,1,-278.36471144254756,,0,
108.0,46.0,1,-286.71531643340495,,0,
109.0,46.0,1,-294.7986354826944,,0,
110.0,46.0,1,-302.7168062056153,-544.699357,1,-241.98255079438468
111.0,46.0,1,-310.5841765322821,,0,
112.0,46.0,1,-318.50427467020927,,0,
113.0,46.0,1,-326.56677731124,,0,
114.0,46.0,1,-334.84889497060794,,0,
115.0,46.0,1,-343.4148720315934,,0,
116.0,46.0,1,-352.3121571529118,119.361078,1,471.67323515291184
117.0,46.0,1,-361.564657156845,,0,
118.0,46.0,1,-371.1646847270604,,0,
119.0,46.0,1,-381.0660690005825,,0,
120.0,46.0,1,-391.18079108400343,,0,
121.0,46.0,1,-401.38007976967674,,0,
122.0,46.0,1,-411.4989784942518,5.075902,1,416.5748804942518
123.0,46.0,1,-421.34283177299585,,0,
124.0,46.0,1,-430.6972009893361,,0,
125.0,46.0,1,-439.34980795134106,,0,
126.0,46.0,1,-447.12919719823003,,0,
127.0,46.0,1,-453.92876581082055,,0,
128.0,46.0,1,-459.68451847085817,-81.77741,1,377.90710847085813
129.0,46.0,1,-464.3395697991691,,0,
130.0,46.0,2,-467.82784767079465,,0,
131.0,46.0,2,-470.07276477674895,,0,
132.0,46.0,2,-470.99171013551677,,0,
133.0,46.0,2,-470.5032350017482,,0,
134.0,46.0,2,-468.5362491828255,67.269776,1,535.8060251828255
135.0,46.0,2,-465.0400102479798,,0,
136.0,46.0,2,-459.9922246714559,,0,
137.0,46.0,2,-453.40209303260417,,0,
138.0,46.0,2,-445.30679610772495,,0,
139.0,46.0,2,-435.7627603316796,,0,
140.0,46.0,2,-424.83472093178716,-728.353619,1,-303.5188980682128
141.0,46.0,2,-412.5851043412149,,0,
142.0,46.0,2,-399.06457541840246,,0,
143.0,46.0,2,-384.3029846391255,,0,
144.0,46.0,2,-368.2985360773455,,0,
145.0,46.0,2,-351.00027293150197,,0,
146.0,46.0,2,-332.2620137631029,-397.924216,1,-65.66220223689709
147.0,46.0,2,-311.7941990360232,,0,
148.0,46.0,2,-289.62632655981724,,0,
149.0,46.0,2,-265.8299004144901,,0,
150.0,46.0,2,-240.71117610371584,,0,
151.0,46.0,2,-214.68256709731577,,0,
152.0,46.0,2,-188.10597963478358,-258.130452,1,-70.02447236521641
153.0,46.0,2,-161.27805914373675,,0,
154.0,46.0,2,-134.45005833308278,,0,
155.0,46.0,2,-107.8432817320936,,0,
156.0,46.0,2,-81.65820294055447,,0,
157.0,46.0,2,-56.07929314014473,,0,
158.0,46.0,3,-31.276997891680367,38.09872,1,69.37571789168037
159.0,46.0,3,-7.408340990612487,,0,
160.0,46.0,3,15.380536704797123,,0,
161.0,46.0,3,36.942702047170314,,0,
162.0,46.0,3,57.101921931811376,,0,
163.0,46.0,3,75.61842393188272,,0,
164.0,46.0,3,92.19212375544885,-494.919734,1,-587.1118577554489
165.0,46.0,3,106.52877426788109,,0,
166.0,46.0,3,118.42729552668243,,0,
167.0,46.0,3,127.832289213482,,0,
168.0,46.0,3,134.83708650892368,,0,
169.0,46.0,3,139.65328510100517,,0,
170.0,46.0,3,142.5684916933369,289.051328,1,146.4828363066631
171.0,46.0,3,143.90749838425108,,0,
172.0,46.0,3,144.0032088697626,,0,
173.0,46.0,3,143.17740723104725,,0,
174.0,46.0,3,141.7289081783456,,0,
175.0,46.0,3,139.9264446443849,,0,
176.0,46.0,3,138.00436703795276,472.568657,1,334.5642899620472
177.0,46.0,3,136.16001151046657,,0,
178.0,46.0,3,134.55214024184534,,0,
179.0,46.0,3,133.300133675315,,0,
180.0,46.0,3,132.48370313903433,,0,
181.0,46.0,3,132.14292556789587,,0,
182.0,46.0,3,132.2785573895817,420.534918,1,288.2563606104183
183.0,46.0,3,132.85309694743046,,0,
184.0,46.0,3,133.79421076734434,,0,
185.0,46.0,3,135.00397037206858,,0,
186.0,46.0,3,136.3786739141724,,0,
187.0,46.0,3,137.8409769900827,,0,
188.0,46.0,3,139.37500089265814,291.636336,1,152.26133510734184
189.0,46.0,3,141.04452447067888,,0,
190.0,46.0,3,142.98352517771127,,0,
191.0,46.0,3,145.37270106694632,,0,
192.0,46.0,3,148.4266112736659,,0,
193.0,46.0,3,152.41417825882672,,0,
194.0,46.0,3,157.79736742387468,-135.703412,1,-293.50077942387463
195.0,46.0,3,165.372733645876,,0,
196.0,46.0,3,174.29736496643454,,0,
197.0,46.0,3,184.07628185091744,,0,
198.0,46.0,3,194.4308129047131,,0,
199.0,46.0,3,205.16187517416256,,0,
0.0,47.0,0,155.2416412276798,,0,
1.0,47.0,0,143.07382882322418,402.263727,1,259.18989817677584
2.0,47.0,0,130.84945188305574,,0,
3.0,47.0,0,118.57346577842691,,0,
4.0,47.0,0,106.2501842163183,,0,
5.0,47.0,0,93.88313303653558,,0,
6.0,47.0,0,81.47493627384392,,0,
7.0,47.0,0,69.0272406915683,229.398315,1,160.3710743084317
8.0,47.0,0,56.540643909545906,,0,
9.0,47.0,0,44.014476979209576,,0,
10.0,47.0,0,31.446087519754656,,0,
11.0,47.0,0,18.829224850182072,,0,
12.0,47.0,0,6.151984286887455,,0,
13.0,47.0,0,-6.603674234342179,180.495706,1,187.0993802343422
14.0,47.0,0,-19.459288216996356,,0,
15.0,47.0,0,-32.435071304265875,,0,
16.0,47.0,0,-45.5439927111147,,0,
17.0,47.0,0,-58.78426515274623,,0,
18.0,47.0,0,-72.13081841071835,,0,
19.0,47.0,0,-85.52973773756821,-153.211178,1,-67.68144026243178
20.0,47.0,0,-98.89843151452078,,0,
21.0,47.0,0,-112.12797984143981,,0,
22.0,47.0,0,-125.08207877242239,,0,
23.0,47.0,0,-137.5883246668709,,0,
24.0,47.0,0,-149.41195550481643,,0,
25.0,47.0,0,-160.14210108062252,-399.543791,1,-239.40168991937747
26.0,47.0,0,-169.08069559767318,,0,
27.0,47.0,0,-176.85885323456023,,0,
28.0,47.0,0,-183.82194517747848,,0,
29.0,47.0,0,-190.1421311122831,,0,
30.0,47.0,0,-195.93360087223118,,0,
31.0,47.0,0,-201.28066793559265,-508.362026,1,-307.08135806440737
32.0,47.0,0,-206.24946350122627,,0,
33.0,47.0,0,-210.8941531501332,,0,
34.0,47.0,0,-215.26096756086918,,0,
35.0,47.0,0,-219.38888859806684,,0,
36.0,47.0,0,-223.3003411552927,,0,
37.0,47.0,0,-226.99209623191928,-64.135718,1,162.85637823191928
38.0,47.0,0,-230.44744992168853,,0,
39.0,47.0,0,-233.64840217432175,,0,
40.0,47.0,0,-236.57776226850547,,0,
41.0,47.0,0,-239.21856326248962,,0,
42.0,47.0,0,-241.55357816503965,,0,
43.0,47.0,0,-243.56525742621307,-97.334154,1,146.23110342621305
44.0,47.0,0,-245.23611431624886,,0,
45.0,47.0,0,-246.5495690711541,,0,
46.0,47.0,0,-247.49122375740262,,0,
47.0,47.0,0,-248.05049643548773,,0,
48.0,47.0,0,-248.22256633432698,,0,
49.0,47.0,0,-248.01081354985217,-357.574955,1,-109.56414145014782
50.0,47.0,0,-247.43012211786117,,0,
51.0,47.0,0,-246.50202843896295,,0,
52.0,47.0,0,-245.2404426593639,,0,
53.0,47.0,0,-243.66705253507098,,0,
54.0,47.0,0,-241.8173320196729,,0,
55.0,47.0,0,-239.73839066318033,-611.156633,1,-371.41824233681973
56.0,47.0,0,-237.48752166137274,,0,
57.0,47.0,0,-235.13076417435514,,0,
58.0,47.0,0,-232.740830146824,,0,
59.0,47.0,0,-230.39388193746345,,0,
60.0,47.0,0,-228.1647035171045,,0,
61.0,47.0,0,-226.12003057228867,-399.444909,1,-173.32487842771133
62.0,47.0,0,-224.31035563231853,,0,
63.0,47.0,0,-222.76137942124478,,0,
64.0,47.0,0,-221.46704846974535,,0,
65.0,47.0,0,-220.3861434300852,,0,
66.0,47.0,0,-219.44334128557966,,0,
67.0,47.0,0,-218.53414380618779,-92.409636,1,126.12450780618778
68.0,47.0,0,-217.53214307671442,,0,
69.0,47.0,0,-216.29737865208517,,0,
70.0,47.0,0,-214.6856946028529,,0,
71.0,47.0,1,-212.56016919546073,,0,
72.0,47.0,1,-209.805855550243,,0,
73.0,47.0,1,-206.34729974773654,493.358548,1,699.7058477477365
74.0,47.0,1,-202.16489162562357,,0,
75.0,47.0,1,-197.30420465556017,,0,
76.0,47.0,1,-191.8757890895722,,0,
77.0,47.0,1,-186.04958793998594,,0,
78.0,47.0,1,-180.05211360113753,,0,
79.0,47.0,1,-174.17344055296417,-26.828611,1,147.34482955296417
80.0,47.0,1,-168.78252143095415,,0,
81.0,47.0,1,-164.30083394883331,,0,
82.0,47.0,1,-160.99725456212764,,0,
83.0,47.0,1,-158.78910298318078,,0,
84.0,47.0,1,-157.44108282815432,,0,
85.0,47.0,1,-156.76959058818466,593.573665,1,750.3432555881847
86.0,47.0,1,-156.6664358581038,,0,
87.0,47.0,1,-157.07788498428272,,0,
88.0,47.0,1,-157.98836282971752,,0,
89.0,47.0,1,-159.41194540691504,,0,
90.0,47.0,1,-161.39057481874625,,0,
91.0,47.0,1,-164.00180037168684,-91.991257,1,72.01054337168684
92.0,47.0,1,-167.38156049982354,,0,
93.0,47.0,1,-171.646208516182,,0,
94.0,47.0,1,-176.6972815517147,,0,
95.0,47.0,1,-182.41258693313284,,0,
96.0,47.0,1,-188.71961485950396,,0,
97.0,47.0,1,-195.5673074263941,437.349426,1,632.9167334263941
98.0,47.0,1,-202.91137023643387,,0,
99.0,47.0,1,-210.706686480371,,0,
100.0,47.0,1,-218.90246804627532,,0,
101.0,47.0,1,-227.43900330980068,,0,
102.0,47.0,1,-236.2458345199484,,0,
103.0,47.0,1,-245.24131553949792,-487.592831,1,-242.35151546050207
104.0,47.0,1,-254.3334040047439,,0,
105.0,47.0,1,-263.4223744789706,,0,
106.0,47.0,1,-272.4088627325036,,0,
107.0,47.0,1,-281.212341237675,,0,
108.0,47.0,1,-289.7968782900971,,0,
109.0,47.0,1,-298.18467897488154,-477.17432,1,-178.9896410251185
110.0,47.0,1,-306.443119280626,,0,
111.0,47.0,1,-314.6590220533453,,0,
112.0,47.0,1,-322.91970720661993,,0,
113.0,47.0,1,-331.3044135210366,,0,
114.0,47.0,1,-339.8809573609069,,0,
115.0,47.0,1,-348.7032018490063,182.558478,1,531.2616798490063
116.0,47.0,1,-357.80741679625135,,0,
117.0,47.0,1,-367.20733938856574,,0,
118.0,47.0,1,-376.8887849066232,,0,
119.0,47.0,1,-386.8051522568794,,0,
120.0,47.0,1,-396.874982891557,,0,
121.0,47.0,1,-406.9818126174614,68.596133,1,475.5779456174614
122.0,47.0,1,-416.9752224404292,,0,
123.0,47.0,1,-426.6709467413384,,0,
124.0,47.0,1,-435.84950836086864,,0,
125.0,47.0,1,-444.26910877352566,,0,
126.0,47.0,1,-451.7386563391201,,0,
127.0,47.0,1,-458.1876280824563,-419.609309,1,38.57831908245629
128.0,47.0,1,-463.59940565767465,,0,
129.0,47.0,1,-467.9423279712937,,0,
130.0,47.0,2,-471.16241119644474,,0,
131.0,47.0,2,-473.1920260344923,,0,
132.0,47.0,2,-473.95833431291976,,0,
133.0,47.0,2,-473.3909183137621,515.007199,1,988.3981173137621
134.0,47.0,2,-471.42926823148264,,0,
135.0,47.0,2,-468.02974100942083,,0,
136.0,47.0,2,-463.17063745539053,,0,
137.0,47.0,2,-456.8538578507796,,0,
138.0,47.0,2,-449.10242534081317,,0,
139.0,47.0,2,-439.95449229391306,-737.927497,1,-297.97300470608695
140.0,47.0,2,-429.45532115356764,,0,
141.0,47.0,2,-417.6486523644453,,0,
142.0,47.0,2,-404.5680815053747,,0,
143.0,47.0,2,-390.22804051963976,,0,
144.0,47.0,2,-374.61278226854483,,0,
145.0,47.0,2,-357.6595731523994,-330.92556,1,26.73401315239937
146.0,47.0,2,-339.23276269004964,,0,
147.0,47.0,2,-319.1851443211126,,0,
148.0,47.0,2,-297.54249590815743,,0,
149.0,47.0,2,-274.4407775641157,,0,
150.0,47.0,2,-250.1228698675768,,0,
151.0,47.0,2,-224.90571497118435,-647.653019,1,-422.7473040288156
152.0,47.0,2,-199.10711874663684,,0,
153.0,47.0,2,-173.01245850045962,,0,
154.0,47.0,2,-146.8727071080666,,0,
155.0,47.0,2,-120.91102685927763,,0,
156.0,47.0,2,-95.3291105148237,,0,
157.0,47.0,2,-70.31159018772087,59.094369,1,129.40595918772087
158.0,47.0,3,-46.02894829753859,,0,
159.0,47.0,3,-22.64030073217873,,0,
160.0,47.0,3,-0.2984873384120874,,0,
161.0,47.0,3,20.83954205898044,,0,
162.0,47.0,3,40.597115451728314,,0,
163.0,47.0,3,58.76647647762729,-368.06331,1,-426.8297864776273
164.0,47.0,3,75.11889635465923,,0,
165.0,47.0,3,89.44268857326279,,0,
166.0,47.0,3,101.59188321912006,,0,
167.0,47.0,3,111.52044378915161,,0,
168.0,47.0,3,119.29028179189481,,0,
169.0,47.0,3,125.0570136494789,-36.195062,1,-161.2520756494789
170.0,47.0,3,129.0441538566265,,0,
171.0,47.0,3,131.51550500391022,,0,
172.0,47.0,3,132.75145028061524,,0,
173.0,47.0,3,133.0310216803482,,0,
174.0,47.0,3,132.61933562565537,,0,
175.0,47.0,3,131.75915329543932,247.133571,1,115.37441770456067
176.0,47.0,3,130.6653263642511,,0,
177.0,47.0,3,129.5212000306783,,0,
178.0,47.0,3,128.47637042491806,,0,
179.0,47.0,3,127.6454291258051,,0,
180.0,47.0,3,127.10748345981847,,0,
181.0,47.0,3,126.9063899028406,366.690849,1,239.7844590971594
182.0,47.0,3,127.05188529713632,,0,
183.0,47.0,3,127.52225461663329,,0,
184.0,47.0,3,128.2698580300348,,0,
185.0,47.0,3,129.23146745169652,,0,
186.0,47.0,3,130.34500010177726,,0,
187.0,47.0,3,131.5714991674031,256.426788,1,124.8552888325969
188.0,47.0,3,132.91630343266297,,0,
189.0,47.0,3,134.44073611230124,,0,
190.0,47.0,3,136.26074947358575,,0,
191.0,47.0,3,138.53931738098618,,0,
192.0,47.0,3,141.48708391413675,,0,
193.0,47.0,3,145.3931916696165,-135.705455,1,-281.0986466696165
194.0,47.0,3,150.70952276793832,,0,
195.0,47.0,3,157.79563283643802,,0,
196.0,47.0,3,166.267261611938,,0,
197.0,47.0,3,175.65577252104777,,0,
198.0,47.0,3,185.6682142372374,,0,
199.0,47.0,3,196.10213824191305,212.265097,1,16.162958758086944
0.0,48.0,0,150.61341639597958,464.415032,1,313.8016156040204
1.0,48.0,0,138.46058196516242,,0,
2.0,48.0,0,126.24827523593558,,0,
3.0,48.0,0,113.98075456718652,,0,
4.0,48.0,0,101.66170492114907,,0,
5.0,48.0,0,89.29412126536772,,0,
6.0,48.0,0,76.88020755324396,516.249431,1,439.369223446756
7.0,48.0,0,64.42127860065375,,0,
8.0,48.0,0,51.917616125632776,,0,
9.0,48.0,0,39.36817218763463,,0,
10.0,48.0,0,26.769979761884315,,0,
11.0,48.0,0,14.117274084033852,,0,
12.0,48.0,0,1.400795712834224,246.709181,1,245.30838528716578
13.0,48.0,0,-11.391788322798675,,0,
14.0,48.0,0,-24.27368371283228,,0,
15.0,48.0,0,-37.25514831634791,,0,
16.0,48.0,0,-50.33850616822019,,0,
17.0,48.0,0,-63.51234803823172,,0,
18.0,48.0,0,-76.74581390339881,-224.796166,1,-148.0503520966012
19.0,48.0,0,-89.98459217811615,,0,
20.0,48.0,0,-103.14933135200408,,0,
21.0,48.0,0,-116.13470617769053,,0,
22.0,48.0,0,-128.80565637415566,,0,
23.0,48.0,0,-140.98562118535847,,0,
24.0,48.0,0,-152.42405757383676,-444.691815,1,-292.26775742616326
25.0,48.0,0,-162.7255045917118,,0,
26.0,48.0,0,-171.55925020348513,,0,
27.0,48.0,0,-179.19437548415954,,0,
28.0,48.0,0,-185.9660877095739,,0,
29.0,48.0,0,-192.0674739924034,,0,
30.0,48.0,0,-197.62200999851484,-435.645545,1,-238.0235350014852
31.0,48.0,0,-202.71802291111817,,0,
32.0,48.0,0,-207.4232661255519,,0,
33.0,48.0,0,-211.7926814727398,,0,
34.0,48.0,0,-215.87459360780485,,0,
35.0,48.0,0,-219.71838237887278,,0,
36.0,48.0,0,-223.36085633672337,-146.346743,1,77.01411333672337
37.0,48.0,0,-226.7883261759198,,0,
38.0,48.0,0,-229.9773283554605,,0,
39.0,48.0,0,-232.9110970390284,,0,
40.0,48.0,0,-235.5750783080366,,0,
41.0,48.0,0,-237.95506694956566,,0,
42.0,48.0,0,-240.03673489464563,-87.088982,1,152.94775289464565
43.0,48.0,0,-241.8057354817647,,0,
44.0,48.0,0,-243.24818491815677,,0,
45.0,48.0,0,-244.35147617894836,,0,
46.0,48.0,0,-245.10539720149245,,0,
47.0,48.0,0,-245.50351039912493,,0,
48.0,48.0,0,-245.54473883905666,-343.256931,1,-97.71219216094335
49.0,48.0,0,-245.2349923098227,,0,
50.0,48.0,0,-244.5877299173153,,0,
51.0,48.0,0,-243.6206100555355,,0,
52.0,48.0,0,-242.35199854337407,,0,
53.0,48.0,0,-240.80535077864988,,0,
54.0,48.0,0,-239.01341406869324,-537.64804,1,-298.6346259313068
55.0,48.0,0,-237.0183980281363,,0,
56.0,48.0,0,-234.87080434801464,,0,
57.0,48.0,0,-232.62777176134114,,0,
58.0,48.0,0,-230.35078253451502,,0,
59.0,48.0,0,-228.10244844742192,,0,
60.0,48.0,0,-225.9421710377501,-450.485172,1,-224.5430009622499
61.0,48.0,0,-223.9206907686712,,0,
62.0,48.0,0,-222.07392241301568,,0,
63.0,48.0,0,-220.41694322180228,,0,
64.0,48.0,0,-218.93933259505502,,0,
65.0,48.0,0,-217.60298552347376,,0,
66.0,48.0,0,-216.34296375859412,-94.453448,1,121.88951575859413
67.0,48.0,0,-215.07119390046137,,0,
68.0,48.0,0,-213.68234008071158,,0,
69.0,48.0,0,-212.0612388240461,,0,
70.0,48.0,0,-210.09174190001795,,0,
71.0,48.0,1,-207.66721586126732,,0,
72.0,48.0,1,-204.70276837137862,386.85877,1,591.5615383713787
73.0,48.0,1,-201.14824524857977,,0,
74.0,48.0,1,-196.9996631903996,,0,
75.0,48.0,1,-192.30639669024458,,0,
76.0,48.0,1,-187.1731740907926,,0,
77.0,48.0,1,-181.75875929358517,,0,
78.0,48.0,1,-176.27449019592314,-8.240721,1,168.03376919592313
79.0,48.0,1,-170.98307172920977,,0,
80.0,48.0,1,-166.18754870041812,,0,
81.0,48.0,1,-162.1811165924446,,0,
82.0,48.0,1,-159.14246515220293,,0,
83.0,48.0,1,-157.0690750664544,,0,
84.0,48.0,1,-155.8427725874135,579.837364,1,735.6801365874135
85.0,48.0,1,-155.332564558772,,0,
86.0,48.0,1,-155.44166601996403,,0,
87.0,48.0,1,-156.1135484011411,,0,
88.0,48.0,1,-157.32658346565677,,0,
89.0,48.0,1,-159.089063618605,,0,
90.0,48.0,1,-161.43760206300794,-116.193029,1,45.24457306300795
91.0,48.0,1,-164.4381895556544,,0,
92.0,48.0,1,-168.17652990921488,,0,
93.0,48.0,1,-172.70143277141506,,0,
94.0,48.0,1,-177.97005135451764,,0,
95.0,48.0,1,-183.89829727688357,,0,
96.0,48.0,1,-190.41275488279734,377.179722,1,567.5924768827974
97.0,48.0,1,-197.45494070867608,,0,
98.0,48.0,1,-204.97373175264147,,0,
99.0,48.0,1,-212.91897585398692,,0,
100.0,48.0,1,-221.2371150066174,,0,
101.0,48.0,1,-229.8683856411135,,0,
102.0,48.0,1,-238.74540739089935,-357.888486,1,-119.14307860910066
103.0,48.0,1,-247.793170321027,,0,
104.0,48.0,1,-256.93066186658325,,0,
105.0,48.0,1,-266.0749599283481,,0,
106.0,48.0,1,-275.14932356073405,,0,
107.0,48.0,1,-284.0959129276598,,0,
108.0,48.0,1,-292.88937713766427,-442.574048,1,-149.68467086233574
109.0,48.0,1,-301.5430011311655,,0,
110.0,48.0,1,-310.1024980586262,,0,
111.0,48.0,1,-318.6321154296602,,0,
112.0,48.0,1,-327.20130433422673,,0,
113.0,48.0,1,-335.87575254329477,,0,
114.0,48.0,1,-344.7119805678667,207.069113,1,551.7810935678667
115.0,48.0,1,-353.75346416593675,,0,
116.0,48.0,1,-363.0269146102728,,0,
117.0,48.0,1,-372.53832569523,,0,
118.0,48.0,1,-382.2691204797993,,0,
119.0,48.0,1,-392.17306426028244,,0,
120.0,48.0,1,-402.17448917144065,-71.168987,1,331.00550217144064
121.0,48.0,1,-412.16780164850206,,0,
122.0,48.0,1,-422.01726839356706,,0,
123.0,48.0,1,-431.55443832915626,,0,
124.0,48.0,1,-440.5664636587171,,0,
125.0,48.0,1,-448.766262305493,,0,
126.0,48.0,1,-455.89301455353234,-593.537136,1,-137.6441214464677
127.0,48.0,1,-461.963818492477,,0,
128.0,48.0,1,-467.02595306564035,,0,
129.0,48.0,1,-471.06082619707377,,0,
130.0,48.0,2,-474.0191357895619,,0,
131.0,48.0,2,-475.8387786872445,,0,
132.0,48.0,2,-476.4541836371027,713.355803,1,1189.8099866371026
133.0,48.0,2,-475.80304230517504,,0,
134.0,48.0,2,-473.8320912493182,,0,
135.0,48.0,2,-470.50196874697576,,0,
136.0,48.0,2,-465.79045651063643,,0,
137.0,48.0,2,-459.6933155737788,,0,
138.0,48.0,2,-452.22235128860666,-247.15571,1,205.06664128860666
139.0,48.0,2,-443.4010031059843,,0,
140.0,48.0,2,-433.25822938305646,,0,
141.0,48.0,2,-421.8214928898451,,0,
142.0,48.0,2,-409.10930615229336,,0,
143.0,48.0,2,-395.12331626222294,,0,
144.0,48.0,2,-379.839692868969,-213.19792,1,166.64177286896899
145.0,48.0,2,-363.2012395474594,,0,
146.0,48.0,2,-345.1229414651166,,0,
147.0,48.0,2,-325.54458640942175,,0,
148.0,48.0,2,-304.5005905479411,,0,
149.0,48.0,2,-282.12191485522453,,0,
150.0,48.0,2,-258.6168481211371,-571.564719,1,-312.9478708788629
151.0,48.0,2,-234.2453597049789,,0,
152.0,48.0,2,-209.2822039958046,,0,
153.0,48.0,2,-183.99059199183102,,0,
154.0,48.0,2,-158.61228576885333,,0,
155.0,48.0,2,-133.36708184485906,,0,
156.0,48.0,2,-108.45544857611094,108.647152,1,217.10260057611094
157.0,48.0,2,-84.0615871251739,,0,
158.0,48.0,3,-60.35637065485571,,0,
159.0,48.0,3,-37.50074160089571,,0,
160.0,48.0,3,-15.650655998586444,,0,
161.0,48.0,3,5.03582440297032,,0,
162.0,48.0,3,24.39108782423864,-263.538865,1,-287.9299528242386
163.0,48.0,3,42.235831315374526,,0,
164.0,48.0,3,58.38914797270263,,0,
165.0,48.0,3,72.69201965573302,,0,
166.0,48.0,3,85.03598794956633,,0,
167.0,48.0,3,95.38497882182128,,0,
168.0,48.0,3,103.78292141898419,-54.368912,1,-158.15183341898418
169.0,48.0,3,110.3472782592653,,0,
170.0,48.0,3,115.25335444343,,0,
171.0,48.0,3,118.71513484315074,,0,
172.0,48.0,3,120.96690744814987,,0,
173.0,48.0,3,122.24785000775591,,0,
174.0,48.0,3,122.79013621339618,-22.732567,1,-145.52270321339617
175.0,48.0,3,122.81023332443874,,0,
176.0,48.0,3,122.50276056483563,,0,
177.0,48.0,3,122.03629694133997,,0,
178.0,48.0,3,121.55066821287619,,0,
179.0,48.0,3,121.15540199497627,,0,
180.0,48.0,3,120.92919210506807,17.846489,1,-103.08270310506808
181.0,48.0,3,120.92038137757481,,0,
182.0,48.0,3,121.14869713780718,,0,
183.0,48.0,3,121.60877284918388,,0,
184.0,48.0,3,122.27628841067781,,0,
185.0,48.0,3,123.11760014863103,,0,
186.0,48.0,3,124.10305526908996,215.762044,1,91.65898873091004
187.0,48.0,3,125.22249773243675,,0,
188.0,48.0,3,126.49945272078912,,0,
189.0,48.0,3,128.00010728720008,,0,
190.0,48.0,3,129.83606052718824,,0,
191.0,48.0,3,132.16461711961892,,0,
192.0,48.0,3,135.19352001458174,0.768177,1,-134.42534301458173
193.0,48.0,3,139.1917307122785,,0,
194.0,48.0,3,144.4639253672285,,0,
195.0,48.0,3,151.1668134387437,,0,
196.0,48.0,3,159.13261450245773,,0,
197.0,48.0,3,168.04974527021113,,0,
198.0,48.0,3,177.64855614223052,153.257717,1,-24.390839142230504
199.0,48.0,3,187.72503730126482,,0,
0.0,49.0,0,146.05724477523472,,0,
1.0,49.0,0,133.92302692731027,,0,
2.0,49.0,0,121.72736411637743,,0,
3.0,49.0,0,109.47404075696977,,0,
4.0,49.0,0,97.16634821771004,,0,
5.0,49.0,0,84.80699106423708,659.296976,1,574.4899849357629
6.0,49.0,0,72.39799859157938,,0,
7.0,49.0,0,59.94062666637183,,0,
8.0,49.0,0,47.435216650184884,,0,
9.0,49.0,0,34.88096580168349,,0,
10.0,49.0,0,22.275594178732717,,0,
11.0,49.0,0,9.615022092406434,162.548774,1,152.93375190759357
12.0,49.0,0,-3.1066060663142707,,0,
13.0,49.0,0,-15.896073105264804,,0,
14.0,49.0,0,-28.75908356576838,,0,
15.0,49.0,0,-41.69711590258885,,0,
16.0,49.0,0,-54.70339854616759,,0,
17.0,49.0,0,-67.758426246015,-318.22554,1,-250.46711375398502
18.0,49.0,0,-80.82565054098086,,0,
19.0,49.0,0,-93.84801867452552,,0,
20.0,49.0,0,-106.74539884744445,,0,
21.0,49.0,0,-119.41174316478282,,0,
22.0,49.0,0,-131.7097905065093,,0,
23.0,49.0,0,-143.46071893103363,-448.46085,1,-305.00013106896637
24.0,49.0,0,-154.43032353448507,,0,
25.0,49.0,0,-164.34753853955772,,0,
26.0,49.0,0,-173.05454663201817,,0,
27.0,49.0,0,-180.65274834904994,,0,
28.0,49.0,0,-187.3581301367376,,0,
29.0,49.0,0,-193.35255423100534,-431.567986,1,-238.21543176899468
30.0,49.0,0,-198.76679377258552,,0,
31.0,49.0,0,-203.69621688480038,,0,
32.0,49.0,0,-208.21345630168798,,0,
33.0,49.0,0,-212.3765556151193,,0,
34.0,49.0,0,-216.23538533199462,,0,
35.0,49.0,0,-219.84292830841878,-202.175263,1,17.667665308418776
36.0,49.0,0,-223.26554899362964,,0,
37.0,49.0,0,-226.46532678839867,,0,
38.0,49.0,0,-229.42056192019663,,0,
39.0,49.0,0,-232.11856100995283,,0,
40.0,49.0,0,-234.54802423335786,,0,
41.0,49.0,0,-236.69771868819953,-98.339747,1,138.35797168819954
42.0,49.0,0,-238.5562976225774,,0,
43.0,49.0,0,-240.11256042306923,,0,
44.0,49.0,0,-241.35598949306586,,0,
45.0,49.0,0,-242.27751849550805,,0,
46.0,49.0,0,-242.87050061890477,,0,
47.0,49.0,0,-243.1318217691587,-508.590155,1,-265.4583332308413
48.0,49.0,0,-243.06303740082876,,0,
49.0,49.0,0,-242.67122050713806,,0,
50.0,49.0,0,-241.96884532546392,,0,
51.0,49.0,0,-240.97234499365368,,0,
52.0,49.0,0,-239.70120451010735,,0,
53.0,49.0,0,-238.17949488307568,-562.388887,1,-324.2093921169243
54.0,49.0,0,-236.43787121766945,,0,
55.0,49.0,0,-234.51407677864336,,0,
56.0,49.0,0,-232.45217565936764,,0,
57.0,49.0,0,-230.30100615450647,,0,
58.0,49.0,0,-228.11196041863877,,0,
59.0,49.0,0,-225.9360289357137,-477.737957,1,-251.8019280642863
60.0,49.0,0,-223.82007988265104,,0,
61.0,49.0,0,-221.802501081429,,0,
62.0,49.0,0,-219.9085750776503,,0,
63.0,49.0,0,-218.14621243866532,,0,
64.0,49.0,0,-216.50281284766243,,0,
65.0,49.0,0,-214.9439446419783,-167.300119,1,47.64382564197831
66.0,49.0,0,-213.4142238357963,,0,
67.0,49.0,0,-211.84037594209076,,0,
68.0,49.0,0,-210.13618670248252,,0,
69.0,49.0,0,-208.20900785176855,,0,
70.0,49.0,0,-205.96761028367473,,0,
71.0,49.0,1,-203.33124863404373,86.808738,1,290.13998663404374
72.0,49.0,1,-200.23958996764486,,0,
73.0,49.0,1,-196.66262767159787,,0,
74.0,49.0,1,-192.6091674240306,,0,
75.0,49.0,1,-188.1324936719684,,0,
76.0,49.0,1,-183.33265085956373,,0,
77.0,49.0,1,-178.35579659184987,141.558924,1,319.91472059184986
78.0,49.0,1,-173.39099673352757,,0,
79.0,49.0,1,-168.66233077276956,,0,
80.0,49.0,1,-164.40918234928722,,0,
81.0,49.0,1,-160.84576734981965,,0,
82.0,49.0,1,-158.1076966293549,,0,
83.0,49.0,1,-156.224400900428,406.479964,1,562.704364900428
84.0,49.0,1,-155.14484499702667,,0,
85.0,49.0,1,-154.7886382622346,,0,
86.0,49.0,1,-155.08333507502175,,0,
87.0,49.0,1,-155.98000386850072,,0,
88.0,49.0,1,-157.4563903591461,,0,
89.0,49.0,1,-159.51580293060397,-16.089428,1,143.42637493060397
90.0,49.0,1,-162.1848620740784,,0,
91.0,49.0,1,-165.5083800338616,,0,
92.0,49.0,1,-169.53389078727923,,0,
93.0,49.0,1,-174.28188350583787,,0,
94.0,49.0,1,-179.72616246869438,,0,
95.0,49.0,1,-185.80921594766824,60.23371,1,246.04292594766824
96.0,49.0,1,-192.46749865961465,,0,
97.0,49.0,1,-199.6420296073702,,0,
98.0,49.0,1,-207.27820385753876,,0,
99.0,49.0,1,-215.32262875403103,,0,
100.0,49.0,1,-223.72010371529905,,0,
101.0,49.0,1,-232.41154575115615,-210.791958,1,21.61958775115616
102.0,49.0,1,-241.33307730217712,,0,
103.0,49.0,1,-250.41643944350017,,0,
104.0,49.0,1,-259.5910119729315,,0,
105.0,49.0,1,-268.787902342453,,0,
106.0,49.0,1,-277.94647598216034,,0,
107.0,49.0,1,-287.02270467295966,-370.906589,1,-83.88388432704033
108.0,49.0,1,-295.99674064173087,,0,
109.0,49.0,1,-304.8759352499919,,0,
110.0,49.0,1,-313.6913521717652,,0,
111.0,49.0,1,-322.4895824867258,,0,
112.0,49.0,1,-331.32355294400986,,0,
113.0,49.0,1,-340.2448437991261,-7.174777,1,333.0700667991261
114.0,49.0,1,-349.2979789357414,,0,
115.0,49.0,1,-358.5160502240942,,0,
116.0,49.0,1,-367.9169749483117,,0,
117.0,49.0,1,-377.500071606697,,0,
118.0,49.0,1,-387.2430364488555,,0,
119.0,49.0,1,-397.0996057223765,-344.498598,1,52.601007722376494
120.0,49.0,1,-406.9981203103962,,0,
121.0,49.0,1,-416.8408657629552,,0,
122.0,49.0,1,-426.5034423804609,,0,
123.0,49.0,1,-435.83226686422495,,0,
124.0,49.0,1,-444.63473713925123,,0,
125.0,49.0,1,-452.6286674460025,-564.376596,1,-111.74792855399744
126.0,49.0,1,-459.39269222219446,,0,
127.0,49.0,1,-465.1226446022047,,0,
128.0,49.0,1,-469.87934944583685,,0,
129.0,49.0,1,-473.6426766014274,,0,
130.0,49.0,2,-476.367015354861,,0,
131.0,49.0,2,-477.9964241367852,67.635811,1,545.6322351367852
132.0,49.0,2,-478.47254141992744,,0,
133.0,49.0,2,-477.7401860749342,,0,
134.0,49.0,2,-475.75187249058035,,0,
135.0,49.0,2,-472.4713288402054,,0,
136.0,49.0,2,-467.87566144156153,,0,
137.0,49.0,2,-461.9557507974678,219.137825,1,681.0935757974678
138.0,49.0,2,-454.7146918143253,,0,
139.0,49.0,2,-446.16444266358303,,0,
140.0,49.0,2,-436.3211270063184,,0,
141.0,49.0,2,-425.1995252947654,,0,
142.0,49.0,2,-412.8072356648954,,0,
143.0,49.0,2,-399.1390101922334,-151.75652,1,247.3824901922334
144.0,49.0,2,-384.1724019086323,,0,
145.0,49.0,2,-367.868227870229,,0,
146.0,49.0,2,-350.1839821417998,,0,
147.0,49.0,2,-331.10609803608895,,0,
148.0,49.0,2,-310.68320110742206,,0,
149.0,49.0,2,-289.03476459848207,-442.127907,1,-153.09314240151792
150.0,49.0,2,-266.3404935136132,,0,
151.0,49.0,2,-242.82123906539346,,0,
152.0,49.0,2,-218.71618102420325,,0,
153.0,49.0,2,-194.26391506692744,,0,
154.0,49.0,2,-169.69165804218392,,0,
155.0,49.0,2,-145.21122115745675,-335.689805,1,-190.47858384254323
156.0,49.0,2,-121.01876118655491,,0,
157.0,49.0,2,-97.29620194304516,,0,
158.0,49.0,3,-74.21343296451232,,0,
159.0,49.0,3,-51.93119080957695,,0,
160.0,49.0,3,-30.604760357826308,,0,
161.0,49.0,3,-10.388125660592777,-288.453211,1,-278.06508533940723
162.0,49.0,3,8.56310700800077,,0,
163.0,49.0,3,26.09306841574289,,0,
164.0,49.0,3,42.05404519383592,,0,
165.0,49.0,3,56.321705625610775,,0,
166.0,49.0,3,68.81278203301008,,0,
167.0,49.0,3,79.4990521361251,77.38673,1,-2.1123221361251012
168.0,49.0,3,88.41324837300635,,0,
169.0,49.0,3,95.64610061307758,,0,
170.0,49.0,3,101.33661369701622,,0,
171.0,49.0,3,105.65881077310769,,0,
172.0,49.0,3,108.80783353022707,,0,
173.0,49.0,3,110.98728511328954,-131.284013,1,-242.27129811328953
174.0,49.0,3,112.39869010635812,,0,
175.0,49.0,3,113.2332390894735,,0,
176.0,49.0,3,113.6656181622966,,0,
177.0,49.0,3,113.84960461476294,,0,
178.0,49.0,3,113.91513005899469,,0,
179.0,49.0,3,113.9665962418876,-302.773351,1,-416.7399472418876
180.0,49.0,3,114.08234163629822,,0,
181.0,49.0,3,114.31529233617766,,0,
182.0,49.0,3,114.69498876777288,,0,
183.0,49.0,3,115.23133713843708,,0,
184.0,49.0,3,115.92051071694004,,0,
185.0,49.0,3,116.7532668284257,77.415936,1,-39.33733082842569
186.0,49.0,3,117.725387299266,,0,
187.0,49.0,3,118.8490278799436,,0,
188.0,49.0,3,120.1629571944577,,0,
189.0,49.0,3,121.73978525796701,,0,
190.0,49.0,3,123.68966967455344,,0,
191.0,49.0,3,126.16162095344043,-20.843439,1,-147.00505995344042
192.0,49.0,3,129.34269012474397,,0,
193.0,49.0,3,133.4472025793366,,0,
194.0,49.0,3,138.6710759892958,,0,
195.0,49.0,3,145.0982412237936,,0,
196.0,49.0,3,152.64200107037323,,0,
197.0,49.0,3,161.1054656956985,50.293906,1,-110.81155969569852
198.0,49.0,3,170.27559025668597,,0,
199.0,49.0,3,179.96703365669964,,0,
