x,y,val
0.0,0.0,474.224075
1.0,0.0,545.317352
2.0,0.0,563.936847
3.0,0.0,588.766255
4.0,0.0,634.226889
5.0,0.0,696.594805
6.0,0.0,749.593665
7.0,0.0,642.019941
8.0,0.0,543.684405
9.0,0.0,518.739508
10.0,0.0,366.246717
11.0,0.0,131.113667
12.0,0.0,-36.874397
13.0,0.0,-148.15661
14.0,0.0,-261.009364
15.0,0.0,-311.554084
16.0,0.0,-295.860241
17.0,0.0,-270.998116
18.0,0.0,-255.970953
19.0,0.0,-192.569028
20.0,0.0,-179.250285
21.0,0.0,-185.735964
22.0,0.0,-266.25859
23.0,0.0,-432.319171
24.0,0.0,-512.422377
25.0,0.0,-508.708437
26.0,0.0,-508.759369
27.0,0.0,-480.447325
28.0,0.0,-450.253056
29.0,0.0,-396.43129
30.0,0.0,-353.156803
31.0,0.0,-307.117562
32.0,0.0,-306.832567
33.0,0.0,-287.457845
34.0,0.0,-184.689399
35.0,0.0,-184.548376
36.0,0.0,-269.85286
37.0,0.0,-386.019894
38.0,0.0,-444.03916
39.0,0.0,-391.837131
40.0,0.0,-277.807808
41.0,0.0,-271.818293
42.0,0.0,-372.586972
43.0,0.0,-430.345487
44.0,0.0,-448.97593
45.0,0.0,-564.117043
46.0,0.0,-700.937428
47.0,0.0,-792.808857
48.0,0.0,-834.016074
49.0,0.0,-856.102496
50.0,0.0,-839.117101
51.0,0.0,-829.348029
52.0,0.0,-792.819358
53.0,0.0,-765.717448
54.0,0.0,-776.971686
55.0,0.0,-786.591882
56.0,0.0,-767.857072
57.0,0.0,-704.048944
58.0,0.0,-626.296992
59.0,0.0,-605.857044
60.0,0.0,-570.530454
61.0,0.0,-513.123425
62.0,0.0,-497.857909
63.0,0.0,-505.000776
64.0,0.0,-440.568104
65.0,0.0,-268.045435
66.0,0.0,-183.533745
67.0,0.0,-169.288073
68.0,0.0,-81.994134
69.0,0.0,-21.948741
70.0,0.0,19.612159
71.0,0.0,123.760121
72.0,0.0,410.148254
73.0,0.0,780.666334
74.0,0.0,1049.973414
75.0,0.0,1066.688919
76.0,0.0,727.386687
77.0,0.0,420.467076
78.0,0.0,306.953297
79.0,0.0,164.046319
80.0,0.0,37.125652
81.0,0.0,109.294536
82.0,0.0,156.127687
83.0,0.0,63.260426
84.0,0.0,8.115114
85.0,0.0,-108.100714
86.0,0.0,-199.723046
87.0,0.0,-286.848206
88.0,0.0,-372.073892
89.0,0.0,-410.042013
90.0,0.0,-405.137127
91.0,0.0,-322.244212
92.0,0.0,-351.902892
93.0,0.0,-494.789116
94.0,0.0,-448.02018
95.0,0.0,-321.722985
96.0,0.0,-258.137721
97.0,0.0,-179.071938
98.0,0.0,-98.38895
99.0,0.0,-132.891229
100.0,0.0,-252.379389
101.0,0.0,-323.386595
102.0,0.0,-403.129118
103.0,0.0,-425.13771
104.0,0.0,-418.693301
105.0,0.0,-347.578393
106.0,0.0,-343.62147
107.0,0.0,-428.512421
108.0,0.0,-509.47614
109.0,0.0,-486.364855
110.0,0.0,-434.921213
111.0,0.0,-310.012904
112.0,0.0,-149.963232
113.0,0.0,-83.166915
114.0,0.0,-60.119306
115.0,0.0,-145.157123
116.0,0.0,-162.879975
117.0,0.0,-200.624713
118.0,0.0,-291.950917
119.0,0.0,-305.67103
120.0,0.0,-40.037057
121.0,0.0,48.719898
122.0,0.0,-213.58689
123.0,0.0,-447.058435
124.0,0.0,-467.913713
125.0,0.0,-497.45139
126.0,0.0,-532.989036
127.0,0.0,-543.192127
128.0,0.0,-536.922796
129.0,0.0,-449.608206
130.0,0.0,-341.430387
131.0,0.0,-241.655714
132.0,0.0,-100.3713
133.0,0.0,154.413857
134.0,0.0,260.614331
135.0,0.0,239.329613
136.0,0.0,194.130635
137.0,0.0,148.228314
138.0,0.0,44.65782
139.0,0.0,26.981389
140.0,0.0,-80.460222
141.0,0.0,-230.830118
142.0,0.0,-227.123171
143.0,0.0,-50.278643
144.0,0.0,54.862272
145.0,0.0,6.251782
146.0,0.0,-10.412798
147.0,0.0,-63.347761
148.0,0.0,-192.881905
149.0,0.0,-281.721095
150.0,0.0,-257.659604
151.0,0.0,-168.22891
152.0,0.0,-154.18491
153.0,0.0,-289.888395
154.0,0.0,-405.508039
155.0,0.0,-417.230838
156.0,0.0,-425.328445
157.0,0.0,-453.123317
158.0,0.0,-539.599303
159.0,0.0,-571.281828
160.0,0.0,-445.432528
161.0,0.0,-388.86825
162.0,0.0,-385.36112
163.0,0.0,-419.585846
164.0,0.0,-462.833688
165.0,0.0,-443.576378
166.0,0.0,-333.669183
167.0,0.0,-155.087933
168.0,0.0,-78.945016
169.0,0.0,-109.952121
170.0,0.0,-104.845376
171.0,0.0,-27.968253
172.0,0.0,36.804026
173.0,0.0,-145.860764
174.0,0.0,-418.979534
175.0,0.0,-579.418403
176.0,0.0,-592.861293
177.0,0.0,-528.596499
178.0,0.0,-526.300786
179.0,0.0,-652.193985
180.0,0.0,-762.878067
181.0,0.0,-704.204139
182.0,0.0,-622.847671
183.0,0.0,-521.581574
184.0,0.0,-394.644113
185.0,0.0,-384.607143
186.0,0.0,-386.242755
187.0,0.0,-414.743937
188.0,0.0,-458.894877
189.0,0.0,-483.01363
190.0,0.0,-423.468288
191.0,0.0,-253.056181
192.0,0.0,-159.284279
193.0,0.0,-216.21547
194.0,0.0,-344.831002
195.0,0.0,-377.182928
196.0,0.0,-277.883277
197.0,0.0,-141.308325
198.0,0.0,-39.921405
199.0,0.0,171.212293
0.0,1.0,512.836311
1.0,1.0,617.487569
2.0,1.0,616.439835
3.0,1.0,621.134468
4.0,1.0,659.978852
5.0,1.0,695.238031
6.0,1.0,725.624169
7.0,1.0,682.988364
8.0,1.0,601.773429
9.0,1.0,527.918954
10.0,1.0,344.548564
11.0,1.0,93.67507
12.0,1.0,-121.834109
13.0,1.0,-258.263847
14.0,1.0,-358.176839
15.0,1.0,-363.506878
16.0,1.0,-331.765502
17.0,1.0,-280.582936
18.0,1.0,-257.668957
19.0,1.0,-245.055466
20.0,1.0,-263.708799
21.0,1.0,-261.841235
22.0,1.0,-283.777047
23.0,1.0,-368.544611
24.0,1.0,-427.859315
25.0,1.0,-437.265723
26.0,1.0,-476.323923
27.0,1.0,-494.400102
28.0,1.0,-479.260116
29.0,1.0,-422.596946
30.0,1.0,-390.243848
31.0,1.0,-395.289621
32.0,1.0,-414.341304
33.0,1.0,-333.734487
34.0,1.0,-170.449757
35.0,1.0,-157.078666
36.0,1.0,-248.113424
37.0,1.0,-373.400978
38.0,1.0,-448.693434
39.0,1.0,-453.353661
40.0,1.0,-390.10513
41.0,1.0,-405.154015
42.0,1.0,-490.486604
43.0,1.0,-530.259884
44.0,1.0,-545.623301
45.0,1.0,-664.618439
46.0,1.0,-833.45728
47.0,1.0,-902.332336
48.0,1.0,-885.3872
49.0,1.0,-898.191158
50.0,1.0,-903.467955
51.0,1.0,-887.283703
52.0,1.0,-817.934723
53.0,1.0,-769.317355
54.0,1.0,-763.683866
55.0,1.0,-807.936082
56.0,1.0,-811.693758
57.0,1.0,-749.258229
58.0,1.0,-701.008102
59.0,1.0,-677.388051
60.0,1.0,-599.013351
61.0,1.0,-495.168775
62.0,1.0,-489.5415
63.0,1.0,-538.058448
64.0,1.0,-456.731536
65.0,1.0,-268.60293
66.0,1.0,-183.276057
67.0,1.0,-193.617908
68.0,1.0,-133.806573
69.0,1.0,-21.76089
70.0,1.0,85.489041
71.0,1.0,201.262991
72.0,1.0,446.443131
73.0,1.0,766.500787
74.0,1.0,1002.274023
75.0,1.0,1039.674493
76.0,1.0,728.675556
77.0,1.0,494.925935
78.0,1.0,383.531537
79.0,1.0,221.533581
80.0,1.0,119.928659
81.0,1.0,75.182035
82.0,1.0,-15.52212
83.0,1.0,-141.565533
84.0,1.0,-225.492388
85.0,1.0,-317.310206
86.0,1.0,-329.440706
87.0,1.0,-401.30109
88.0,1.0,-488.928273
89.0,1.0,-481.856197
90.0,1.0,-425.950346
91.0,1.0,-355.511471
92.0,1.0,-415.123796
93.0,1.0,-528.54677
94.0,1.0,-512.089813
95.0,1.0,-428.033593
96.0,1.0,-450.289479
97.0,1.0,-360.340254
98.0,1.0,-247.634597
99.0,1.0,-261.165633
100.0,1.0,-331.246132
101.0,1.0,-415.118207
102.0,1.0,-471.414913
103.0,1.0,-471.260221
104.0,1.0,-418.64398
105.0,1.0,-323.998784
106.0,1.0,-359.975477
107.0,1.0,-511.931728
108.0,1.0,-603.631787
109.0,1.0,-575.95685
110.0,1.0,-545.566446
111.0,1.0,-435.581146
112.0,1.0,-245.887194
113.0,1.0,-116.69627
114.0,1.0,-173.171545
115.0,1.0,-288.599181
116.0,1.0,-247.029607
117.0,1.0,-220.132041
118.0,1.0,-251.322814
119.0,1.0,-207.56239
120.0,1.0,62.084069
121.0,1.0,60.727172
122.0,1.0,-261.169585
123.0,1.0,-437.307612
124.0,1.0,-372.044167
125.0,1.0,-322.327174
126.0,1.0,-353.477461
127.0,1.0,-369.46331
128.0,1.0,-337.647999
129.0,1.0,-314.544185
130.0,1.0,-310.898578
131.0,1.0,-276.961617
132.0,1.0,-234.589246
133.0,1.0,-130.943113
134.0,1.0,19.078856
135.0,1.0,154.75282
136.0,1.0,195.292098
137.0,1.0,142.002532
138.0,1.0,33.880617
139.0,1.0,-42.485272
140.0,1.0,-135.94005
141.0,1.0,-170.66427
142.0,1.0,-154.287085
143.0,1.0,-24.745336
144.0,1.0,29.850862
145.0,1.0,-36.851096
146.0,1.0,-9.118723
147.0,1.0,75.052743
148.0,1.0,6.007323
149.0,1.0,-132.394629
150.0,1.0,-180.703728
151.0,1.0,-178.126555
152.0,1.0,-242.703643
153.0,1.0,-381.517012
154.0,1.0,-459.346089
155.0,1.0,-491.2417
156.0,1.0,-581.397312
157.0,1.0,-634.489336
158.0,1.0,-620.789165
159.0,1.0,-584.719363
160.0,1.0,-515.571787
161.0,1.0,-552.482426
162.0,1.0,-540.357477
163.0,1.0,-515.243739
164.0,1.0,-528.141459
165.0,1.0,-548.298964
166.0,1.0,-492.858099
167.0,1.0,-389.302605
168.0,1.0,-333.980133
169.0,1.0,-317.286915
170.0,1.0,-242.224208
171.0,1.0,-96.352554
172.0,1.0,-32.217029
173.0,1.0,-182.470585
174.0,1.0,-430.755898
175.0,1.0,-600.402824
176.0,1.0,-648.953455
177.0,1.0,-691.388276
178.0,1.0,-722.173107
179.0,1.0,-741.947155
180.0,1.0,-756.420653
181.0,1.0,-745.006791
182.0,1.0,-684.302069
183.0,1.0,-588.105178
184.0,1.0,-477.682097
185.0,1.0,-413.107599
186.0,1.0,-391.92094
187.0,1.0,-465.661749
188.0,1.0,-550.451155
189.0,1.0,-568.624904
190.0,1.0,-526.060138
191.0,1.0,-393.093982
192.0,1.0,-307.441086
193.0,1.0,-334.017411
194.0,1.0,-403.40669
195.0,1.0,-352.384509
196.0,1.0,-270.720193
197.0,1.0,-217.627958
198.0,1.0,-138.085165
199.0,1.0,140.971135
0.0,2.0,507.175937
1.0,2.0,622.603719
2.0,2.0,536.032161
3.0,2.0,477.967885
4.0,2.0,546.320071
5.0,2.0,641.460714
6.0,2.0,636.819659
7.0,2.0,584.759165
8.0,2.0,517.980607
9.0,2.0,458.838499
10.0,2.0,304.749845
11.0,2.0,26.45924
12.0,2.0,-222.112351
13.0,2.0,-334.095118
14.0,2.0,-339.793805
15.0,2.0,-304.13898
16.0,2.0,-328.573169
17.0,2.0,-310.044523
18.0,2.0,-268.912459
19.0,2.0,-241.809786
20.0,2.0,-265.235024
21.0,2.0,-272.019182
22.0,2.0,-308.543502
23.0,2.0,-374.647977
24.0,2.0,-398.740582
25.0,2.0,-416.187109
26.0,2.0,-479.976245
27.0,2.0,-517.216211
28.0,2.0,-524.460075
29.0,2.0,-500.625676
30.0,2.0,-489.537949
31.0,2.0,-487.927842
32.0,2.0,-501.042357
33.0,2.0,-397.073637
34.0,2.0,-222.66779
35.0,2.0,-149.519582
36.0,2.0,-180.337427
37.0,2.0,-292.821697
38.0,2.0,-385.471731
39.0,2.0,-464.182366
40.0,2.0,-493.536874
41.0,2.0,-546.081278
42.0,2.0,-571.677697
43.0,2.0,-564.907274
44.0,2.0,-592.070975
45.0,2.0,-714.906171
46.0,2.0,-866.284542
47.0,2.0,-895.857236
48.0,2.0,-830.700352
49.0,2.0,-783.191598
50.0,2.0,-796.312948
51.0,2.0,-810.304094
52.0,2.0,-741.551645
53.0,2.0,-638.441232
54.0,2.0,-642.391992
55.0,2.0,-749.451485
56.0,2.0,-804.481928
57.0,2.0,-791.256784
58.0,2.0,-758.138494
59.0,2.0,-690.306328
60.0,2.0,-566.599878
61.0,2.0,-484.248394
62.0,2.0,-474.525323
63.0,2.0,-492.840475
64.0,2.0,-349.714978
65.0,2.0,-139.393005
66.0,2.0,-64.453348
67.0,2.0,-91.863412
68.0,2.0,-85.300967
69.0,2.0,15.595084
70.0,2.0,109.882826
71.0,2.0,259.120132
72.0,2.0,510.820492
73.0,2.0,767.203611
74.0,2.0,890.925152
75.0,2.0,824.805216
76.0,2.0,653.766291
77.0,2.0,484.868703
78.0,2.0,314.957705
79.0,2.0,182.223763
80.0,2.0,146.512865
81.0,2.0,39.145605
82.0,2.0,-110.070171
83.0,2.0,-209.224154
84.0,2.0,-338.705066
85.0,2.0,-415.951843
86.0,2.0,-386.825535
87.0,2.0,-441.178253
88.0,2.0,-475.325693
89.0,2.0,-438.816199
90.0,2.0,-332.069806
91.0,2.0,-290.24719
92.0,2.0,-392.169266
93.0,2.0,-467.244147
94.0,2.0,-465.607626
95.0,2.0,-424.923154
96.0,2.0,-448.929588
97.0,2.0,-325.725601
98.0,2.0,-201.021651
99.0,2.0,-247.705819
100.0,2.0,-321.034092
101.0,2.0,-421.193543
102.0,2.0,-475.231743
103.0,2.0,-426.718591
104.0,2.0,-322.586616
105.0,2.0,-253.282441
106.0,2.0,-398.174171
107.0,2.0,-593.316459
108.0,2.0,-654.189281
109.0,2.0,-613.055043
110.0,2.0,-616.895036
111.0,2.0,-553.768776
112.0,2.0,-368.941656
113.0,2.0,-230.383205
114.0,2.0,-308.645127
115.0,2.0,-429.124938
116.0,2.0,-386.633933
117.0,2.0,-342.782839
118.0,2.0,-326.686436
119.0,2.0,-217.079914
120.0,2.0,20.125331
121.0,2.0,-39.483392
122.0,2.0,-319.216001
123.0,2.0,-364.436783
124.0,2.0,-215.529366
125.0,2.0,-152.769847
126.0,2.0,-184.351821
127.0,2.0,-194.710403
128.0,2.0,-140.156856
129.0,2.0,-104.841825
130.0,2.0,-106.959931
131.0,2.0,-102.376335
132.0,2.0,-107.356662
133.0,2.0,-159.003001
134.0,2.0,-111.579532
135.0,2.0,30.052819
136.0,2.0,81.757014
137.0,2.0,8.350616
138.0,2.0,-112.741917
139.0,2.0,-189.582659
140.0,2.0,-276.868473
141.0,2.0,-268.537805
142.0,2.0,-222.124311
143.0,2.0,-136.698587
144.0,2.0,-139.860065
145.0,2.0,-193.376825
146.0,2.0,-148.884339
147.0,2.0,-58.508565
148.0,2.0,76.915798
149.0,2.0,40.433456
150.0,2.0,-38.13988
151.0,2.0,-120.316064
152.0,2.0,-261.504648
153.0,2.0,-402.553215
154.0,2.0,-497.932693
155.0,2.0,-541.863042
156.0,2.0,-645.131965
157.0,2.0,-734.759475
158.0,2.0,-698.9366
159.0,2.0,-642.681556
160.0,2.0,-623.052727
161.0,2.0,-682.692719
162.0,2.0,-649.31286
163.0,2.0,-592.164843
164.0,2.0,-590.533007
165.0,2.0,-565.360821
166.0,2.0,-450.623618
167.0,2.0,-318.373426
168.0,2.0,-319.977125
169.0,2.0,-347.405227
170.0,2.0,-308.368042
171.0,2.0,-271.633799
172.0,2.0,-284.73481
173.0,2.0,-329.651346
174.0,2.0,-444.925951
175.0,2.0,-563.381903
176.0,2.0,-606.470249
177.0,2.0,-661.294719
178.0,2.0,-644.477731
179.0,2.0,-615.409291
180.0,2.0,-670.070338
181.0,2.0,-715.40429
182.0,2.0,-672.883836
183.0,2.0,-571.599885
184.0,2.0,-451.994186
185.0,2.0,-333.299848
186.0,2.0,-294.835599
187.0,2.0,-349.988685
188.0,2.0,-474.895132
189.0,2.0,-594.787504
190.0,2.0,-613.131666
191.0,2.0,-476.959322
192.0,2.0,-345.300232
193.0,2.0,-335.977109
194.0,2.0,-365.065836
195.0,2.0,-312.716681
196.0,2.0,-321.352338
197.0,2.0,-357.608516
198.0,2.0,-260.520963
199.0,2.0,58.717596
0.0,3.0,469.201892
1.0,3.0,549.012753
2.0,3.0,461.376895
3.0,3.0,416.233718
4.0,3.0,507.763645
5.0,3.0,637.964308
6.0,3.0,607.268099
7.0,3.0,474.518078
8.0,3.0,371.884294
9.0,3.0,332.979326
10.0,3.0,250.17076
11.0,3.0,-22.061869
12.0,3.0,-262.147997
13.0,3.0,-318.828084
14.0,3.0,-285.100351
15.0,3.0,-261.212836
16.0,3.0,-306.47464
17.0,3.0,-300.926311
18.0,3.0,-226.303676
19.0,3.0,-173.625204
20.0,3.0,-223.639906
21.0,3.0,-283.500679
22.0,3.0,-326.278368
23.0,3.0,-397.135767
24.0,3.0,-426.004259
25.0,3.0,-448.919
26.0,3.0,-495.887352
27.0,3.0,-510.908553
28.0,3.0,-549.52929
29.0,3.0,-570.988468
30.0,3.0,-570.202517
31.0,3.0,-532.118557
32.0,3.0,-498.399198
33.0,3.0,-405.54487
34.0,3.0,-294.741858
35.0,3.0,-222.181576
36.0,3.0,-146.636626
37.0,3.0,-165.224073
38.0,3.0,-258.381608
39.0,3.0,-388.541911
40.0,3.0,-481.929594
41.0,3.0,-562.743569
42.0,3.0,-566.891983
43.0,3.0,-540.452883
44.0,3.0,-581.536034
45.0,3.0,-662.601625
46.0,3.0,-783.88465
47.0,3.0,-840.763116
48.0,3.0,-795.767135
49.0,3.0,-707.43854
50.0,3.0,-730.97843
51.0,3.0,-793.242349
52.0,3.0,-770.580367
53.0,3.0,-630.204898
54.0,3.0,-580.554656
55.0,3.0,-659.47875
56.0,3.0,-724.038007
57.0,3.0,-756.821022
58.0,3.0,-747.779122
59.0,3.0,-670.192044
60.0,3.0,-541.521172
61.0,3.0,-468.440649
62.0,3.0,-420.248759
63.0,3.0,-421.478754
64.0,3.0,-281.290195
65.0,3.0,-48.957117
66.0,3.0,67.233506
67.0,3.0,37.844186
68.0,3.0,11.297957
69.0,3.0,22.475374
70.0,3.0,49.017939
71.0,3.0,214.086222
72.0,3.0,463.519569
73.0,3.0,695.273652
74.0,3.0,783.159896
75.0,3.0,687.146364
76.0,3.0,629.629187
77.0,3.0,452.382242
78.0,3.0,199.865015
79.0,3.0,132.639327
80.0,3.0,70.305684
81.0,3.0,-130.811804
82.0,3.0,-251.803458
83.0,3.0,-239.68247
84.0,3.0,-344.717253
85.0,3.0,-453.617325
86.0,3.0,-416.857841
87.0,3.0,-439.458719
88.0,3.0,-481.042825
89.0,3.0,-465.485028
90.0,3.0,-324.43939
91.0,3.0,-309.609755
92.0,3.0,-435.906674
93.0,3.0,-449.170623
94.0,3.0,-415.606322
95.0,3.0,-419.432529
96.0,3.0,-419.032433
97.0,3.0,-256.0619
98.0,3.0,-146.594512
99.0,3.0,-242.416623
100.0,3.0,-402.007668
101.0,3.0,-505.862818
102.0,3.0,-483.176053
103.0,3.0,-342.002943
104.0,3.0,-215.38555
105.0,3.0,-255.141402
106.0,3.0,-496.379204
107.0,3.0,-662.73816
108.0,3.0,-675.488484
109.0,3.0,-609.627525
110.0,3.0,-594.375634
111.0,3.0,-556.071139
112.0,3.0,-411.488913
113.0,3.0,-329.23385
114.0,3.0,-400.204864
115.0,3.0,-525.654905
116.0,3.0,-512.264038
117.0,3.0,-464.676743
118.0,3.0,-437.489172
119.0,3.0,-291.241076
120.0,3.0,-103.393269
121.0,3.0,-151.327318
122.0,3.0,-365.635556
123.0,3.0,-297.711302
124.0,3.0,-83.66632
125.0,3.0,48.962097
126.0,3.0,83.398049
127.0,3.0,-8.39102
128.0,3.0,-2.894188
129.0,3.0,60.115387
130.0,3.0,112.803442
131.0,3.0,110.530916
132.0,3.0,73.275139
133.0,3.0,-8.445853
134.0,3.0,-102.272924
135.0,3.0,-91.264003
136.0,3.0,-107.708689
137.0,3.0,-200.452593
138.0,3.0,-337.948409
139.0,3.0,-404.310482
140.0,3.0,-415.845842
141.0,3.0,-367.652247
142.0,3.0,-296.251861
143.0,3.0,-281.704892
144.0,3.0,-304.399582
145.0,3.0,-309.537094
146.0,3.0,-271.715777
147.0,3.0,-220.705378
148.0,3.0,-37.099415
149.0,3.0,166.472395
150.0,3.0,208.953231
151.0,3.0,95.217531
152.0,3.0,-126.774924
153.0,3.0,-335.376919
154.0,3.0,-496.290314
155.0,3.0,-562.799088
156.0,3.0,-672.452695
157.0,3.0,-799.88764
158.0,3.0,-844.664921
159.0,3.0,-810.550289
160.0,3.0,-756.117213
161.0,3.0,-730.906792
162.0,3.0,-667.789367
163.0,3.0,-636.741737
164.0,3.0,-698.89895
165.0,3.0,-697.441316
166.0,3.0,-539.402422
167.0,3.0,-289.646541
168.0,3.0,-162.868826
169.0,3.0,-152.474744
170.0,3.0,-146.703242
171.0,3.0,-205.399658
172.0,3.0,-347.809094
173.0,3.0,-424.878274
174.0,3.0,-442.672942
175.0,3.0,-523.190302
176.0,3.0,-594.446763
177.0,3.0,-612.211674
178.0,3.0,-541.778837
179.0,3.0,-501.715573
180.0,3.0,-582.194644
181.0,3.0,-636.257718
182.0,3.0,-627.660896
183.0,3.0,-565.001921
184.0,3.0,-449.356053
185.0,3.0,-354.885105
186.0,3.0,-304.903034
187.0,3.0,-235.433299
188.0,3.0,-318.817583
189.0,3.0,-524.349584
190.0,3.0,-605.978494
191.0,3.0,-484.154473
192.0,3.0,-315.891876
193.0,3.0,-285.080159
194.0,3.0,-321.558852
195.0,3.0,-354.32958
196.0,3.0,-427.278532
197.0,3.0,-403.096189
198.0,3.0,-221.477103
199.0,3.0,93.645796
0.0,4.0,414.74216
1.0,4.0,456.71742
2.0,4.0,441.47276
3.0,4.0,476.19799
4.0,4.0,566.006328
5.0,4.0,677.005026
6.0,4.0,585.102684
7.0,4.0,382.292969
8.0,4.0,275.633354
9.0,4.0,247.376189
10.0,4.0,192.505117
11.0,4.0,-49.766833
12.0,4.0,-249.533889
13.0,4.0,-295.861224
14.0,4.0,-274.170233
15.0,4.0,-259.369978
16.0,4.0,-260.143065
17.0,4.0,-244.00442
18.0,4.0,-203.063327
19.0,4.0,-150.565892
20.0,4.0,-166.041975
21.0,4.0,-281.32956
22.0,4.0,-365.062994
23.0,4.0,-425.746025
24.0,4.0,-451.497888
25.0,4.0,-462.607711
26.0,4.0,-489.524003
27.0,4.0,-499.80073
28.0,4.0,-560.592405
29.0,4.0,-604.303103
30.0,4.0,-595.064639
31.0,4.0,-523.189696
32.0,4.0,-456.554188
33.0,4.0,-382.369169
34.0,4.0,-306.310098
35.0,4.0,-221.287611
36.0,4.0,-90.977162
37.0,4.0,-51.472289
38.0,4.0,-113.640513
39.0,4.0,-224.767193
40.0,4.0,-303.360548
41.0,4.0,-400.709905
42.0,4.0,-448.120858
43.0,4.0,-485.691431
44.0,4.0,-553.552542
45.0,4.0,-597.524924
46.0,4.0,-644.268153
47.0,4.0,-698.786938
48.0,4.0,-698.32284
49.0,4.0,-644.140602
50.0,4.0,-713.918947
51.0,4.0,-823.828737
52.0,4.0,-845.953879
53.0,4.0,-729.854347
54.0,4.0,-627.308874
55.0,4.0,-619.234493
56.0,4.0,-601.726968
57.0,4.0,-590.501942
58.0,4.0,-615.68371
59.0,4.0,-604.621022
60.0,4.0,-508.897726
61.0,4.0,-405.035332
62.0,4.0,-320.227808
63.0,4.0,-314.581991
64.0,4.0,-230.046768
65.0,4.0,-70.775284
66.0,4.0,26.019993
67.0,4.0,60.625914
68.0,4.0,1.264026
69.0,4.0,-62.317488
70.0,4.0,-33.651305
71.0,4.0,84.564573
72.0,4.0,249.287608
73.0,4.0,490.751284
74.0,4.0,654.266912
75.0,4.0,613.284297
76.0,4.0,534.661096
77.0,4.0,302.086658
78.0,4.0,72.229645
79.0,4.0,47.628904
80.0,4.0,-93.747729
81.0,4.0,-244.209434
82.0,4.0,-317.371297
83.0,4.0,-277.359335
84.0,4.0,-386.881418
85.0,4.0,-516.746616
86.0,4.0,-448.180553
87.0,4.0,-381.213731
88.0,4.0,-446.236615
89.0,4.0,-448.585883
90.0,4.0,-315.959397
91.0,4.0,-347.344579
92.0,4.0,-471.466115
93.0,4.0,-437.21211
94.0,4.0,-368.862175
95.0,4.0,-379.247416
96.0,4.0,-411.714047
97.0,4.0,-271.464868
98.0,4.0,-197.695389
99.0,4.0,-309.031779
100.0,4.0,-516.903612
101.0,4.0,-617.272946
102.0,4.0,-489.553911
103.0,4.0,-275.892196
104.0,4.0,-181.268461
105.0,4.0,-286.269574
106.0,4.0,-524.934447
107.0,4.0,-653.510913
108.0,4.0,-685.88541
109.0,4.0,-633.861165
110.0,4.0,-574.766992
111.0,4.0,-531.170996
112.0,4.0,-436.763768
113.0,4.0,-411.123875
114.0,4.0,-508.14013
115.0,4.0,-610.731903
116.0,4.0,-635.125215
117.0,4.0,-619.655099
118.0,4.0,-563.706984
119.0,4.0,-353.954687
120.0,4.0,-189.371493
121.0,4.0,-242.091595
122.0,4.0,-368.578701
123.0,4.0,-257.463663
124.0,4.0,-64.045324
125.0,4.0,156.306054
126.0,4.0,264.597496
127.0,4.0,168.460431
128.0,4.0,110.573413
129.0,4.0,63.49319
130.0,4.0,94.930423
131.0,4.0,124.513422
132.0,4.0,114.887707
133.0,4.0,72.061716
134.0,4.0,-77.076593
135.0,4.0,-152.277462
136.0,4.0,-203.484901
137.0,4.0,-277.43574
138.0,4.0,-402.321168
139.0,4.0,-501.113312
140.0,4.0,-490.761051
141.0,4.0,-439.98711
142.0,4.0,-394.241503
143.0,4.0,-359.486608
144.0,4.0,-362.403101
145.0,4.0,-315.037502
146.0,4.0,-225.896658
147.0,4.0,-247.966392
148.0,4.0,-145.059879
149.0,4.0,138.983958
150.0,4.0,308.721222
151.0,4.0,247.147412
152.0,4.0,-32.550694
153.0,4.0,-293.557977
154.0,4.0,-466.442092
155.0,4.0,-522.751445
156.0,4.0,-596.03716
157.0,4.0,-748.350547
158.0,4.0,-877.000639
159.0,4.0,-917.421331
160.0,4.0,-876.725123
161.0,4.0,-756.201842
162.0,4.0,-662.79535
163.0,4.0,-635.513126
164.0,4.0,-706.281823
165.0,4.0,-733.495027
166.0,4.0,-657.671028
167.0,4.0,-417.891418
168.0,4.0,-160.95765
169.0,4.0,-59.30379
170.0,4.0,-55.322973
171.0,4.0,-72.974779
172.0,4.0,-214.435663
173.0,4.0,-350.789256
174.0,4.0,-361.26574
175.0,4.0,-407.626909
176.0,4.0,-463.89431
177.0,4.0,-465.241235
178.0,4.0,-411.69173
179.0,4.0,-379.916693
180.0,4.0,-419.837416
181.0,4.0,-438.852518
182.0,4.0,-437.642424
183.0,4.0,-469.087184
184.0,4.0,-405.810432
185.0,4.0,-344.510095
186.0,4.0,-305.814472
187.0,4.0,-227.899603
188.0,4.0,-282.285261
189.0,4.0,-444.473142
190.0,4.0,-483.277964
191.0,4.0,-373.847441
192.0,4.0,-279.528068
193.0,4.0,-274.675004
194.0,4.0,-271.441195
195.0,4.0,-327.995914
196.0,4.0,-349.476358
197.0,4.0,-181.248175
198.0,4.0,106.164234
199.0,4.0,254.150014
0.0,5.0,329.905243
1.0,5.0,403.358594
2.0,5.0,436.979619
3.0,5.0,511.678097
4.0,5.0,593.027145
5.0,5.0,682.357597
6.0,5.0,559.851026
7.0,5.0,340.85417
8.0,5.0,261.39798
9.0,5.0,206.006489
10.0,5.0,147.989264
11.0,5.0,3.77773
12.0,5.0,-164.856648
13.0,5.0,-246.018538
14.0,5.0,-227.100704
15.0,5.0,-218.722695
16.0,5.0,-158.379891
17.0,5.0,-153.545802
18.0,5.0,-210.379718
19.0,5.0,-179.443084
20.0,5.0,-157.214752
21.0,5.0,-240.879692
22.0,5.0,-331.280573
23.0,5.0,-401.438649
24.0,5.0,-441.486527
25.0,5.0,-427.208686
26.0,5.0,-466.571382
27.0,5.0,-491.182171
28.0,5.0,-530.795989
29.0,5.0,-582.895528
30.0,5.0,-594.530367
31.0,5.0,-532.115218
32.0,5.0,-460.225218
33.0,5.0,-410.280084
34.0,5.0,-329.75188
35.0,5.0,-210.014272
36.0,5.0,-30.000968
37.0,5.0,12.604884
38.0,5.0,-52.136161
39.0,5.0,-121.394036
40.0,5.0,-141.168955
41.0,5.0,-205.471985
42.0,5.0,-297.483757
43.0,5.0,-392.649269
44.0,5.0,-438.057612
45.0,5.0,-468.088669
46.0,5.0,-513.110305
47.0,5.0,-550.705665
48.0,5.0,-550.608998
49.0,5.0,-549.116602
50.0,5.0,-675.984939
51.0,5.0,-813.100679
52.0,5.0,-872.482517
53.0,5.0,-789.852469
54.0,5.0,-681.45014
55.0,5.0,-634.683314
56.0,5.0,-560.018248
57.0,5.0,-491.623256
58.0,5.0,-488.741905
59.0,5.0,-486.907401
60.0,5.0,-443.212784
61.0,5.0,-366.960886
62.0,5.0,-301.015224
63.0,5.0,-256.171319
64.0,5.0,-211.230443
65.0,5.0,-138.768563
66.0,5.0,-102.828162
67.0,5.0,-55.504049
68.0,5.0,-75.644576
69.0,5.0,-104.709197
70.0,5.0,-76.157529
71.0,5.0,-20.97952
72.0,5.0,86.061844
73.0,5.0,326.435617
74.0,5.0,567.195395
75.0,5.0,585.508702
76.0,5.0,470.764586
77.0,5.0,243.428371
78.0,5.0,118.173894
79.0,5.0,5.017362
80.0,5.0,-217.879264
81.0,5.0,-300.287634
82.0,5.0,-304.919754
83.0,5.0,-293.100989
84.0,5.0,-474.535012
85.0,5.0,-564.478805
86.0,5.0,-442.612902
87.0,5.0,-320.372865
88.0,5.0,-355.333005
89.0,5.0,-325.889441
90.0,5.0,-269.411197
91.0,5.0,-390.502309
92.0,5.0,-475.915138
93.0,5.0,-415.369066
94.0,5.0,-368.517947
95.0,5.0,-366.495217
96.0,5.0,-399.691488
97.0,5.0,-309.096825
98.0,5.0,-244.381246
99.0,5.0,-334.077201
100.0,5.0,-550.796963
101.0,5.0,-630.353784
102.0,5.0,-445.903452
103.0,5.0,-237.873867
104.0,5.0,-191.772245
105.0,5.0,-288.801073
106.0,5.0,-492.622429
107.0,5.0,-634.021944
108.0,5.0,-724.696472
109.0,5.0,-701.825962
110.0,5.0,-586.940179
111.0,5.0,-498.738232
112.0,5.0,-462.052599
113.0,5.0,-529.401425
114.0,5.0,-688.06696
115.0,5.0,-745.767599
116.0,5.0,-732.481662
117.0,5.0,-710.971441
118.0,5.0,-594.370161
119.0,5.0,-360.126708
120.0,5.0,-274.895921
121.0,5.0,-354.652923
122.0,5.0,-403.902591
123.0,5.0,-315.1406
124.0,5.0,-227.4988
125.0,5.0,-80.008901
126.0,5.0,122.666991
127.0,5.0,154.516023
128.0,5.0,181.585501
129.0,5.0,168.813135
130.0,5.0,161.089662
131.0,5.0,147.828265
132.0,5.0,107.475594
133.0,5.0,4.461692
134.0,5.0,-83.549825
135.0,5.0,-97.230791
136.0,5.0,-106.668181
137.0,5.0,-148.273697
138.0,5.0,-259.656478
139.0,5.0,-419.584519
140.0,5.0,-532.626048
141.0,5.0,-576.335783
142.0,5.0,-567.597493
143.0,5.0,-507.32273
144.0,5.0,-405.081074
145.0,5.0,-295.853492
146.0,5.0,-105.637831
147.0,5.0,-50.263871
148.0,5.0,-10.602401
149.0,5.0,87.97477
150.0,5.0,203.707524
151.0,5.0,227.454103
152.0,5.0,86.017052
153.0,5.0,-170.454568
154.0,5.0,-335.650702
155.0,5.0,-425.556834
156.0,5.0,-516.065534
157.0,5.0,-641.39178
158.0,5.0,-750.553317
159.0,5.0,-869.466021
160.0,5.0,-903.981339
161.0,5.0,-817.432237
162.0,5.0,-718.537537
163.0,5.0,-639.474539
164.0,5.0,-628.806417
165.0,5.0,-594.125326
166.0,5.0,-590.250136
167.0,5.0,-495.686903
168.0,5.0,-336.824172
169.0,5.0,-220.561235
170.0,5.0,-118.481311
171.0,5.0,-58.180375
172.0,5.0,-152.036797
173.0,5.0,-257.056085
174.0,5.0,-247.299227
175.0,5.0,-255.240805
176.0,5.0,-288.04648
177.0,5.0,-220.052543
178.0,5.0,-88.245065
179.0,5.0,-90.068265
180.0,5.0,-150.042105
181.0,5.0,-134.176037
182.0,5.0,-159.322244
183.0,5.0,-280.551353
184.0,5.0,-294.979943
185.0,5.0,-238.240744
186.0,5.0,-246.559158
187.0,5.0,-272.862661
188.0,5.0,-335.642959
189.0,5.0,-361.595431
190.0,5.0,-292.914353
191.0,5.0,-167.04769
192.0,5.0,-113.834662
193.0,5.0,-152.590757
194.0,5.0,-179.354394
195.0,5.0,-242.1875
196.0,5.0,-150.54921
197.0,5.0,155.094594
198.0,5.0,342.932344
199.0,5.0,325.610864
0.0,6.0,220.623242
1.0,6.0,288.473955
2.0,6.0,329.164381
3.0,6.0,411.422364
4.0,6.0,510.236485
5.0,6.0,576.409111
6.0,6.0,488.921369
7.0,6.0,329.906571
8.0,6.0,292.464555
9.0,6.0,240.193207
10.0,6.0,157.579066
11.0,6.0,73.730469
12.0,6.0,-69.867063
13.0,6.0,-138.113485
14.0,6.0,-149.653174
15.0,6.0,-186.567721
16.0,6.0,-133.16712
17.0,6.0,-124.270927
18.0,6.0,-220.181134
19.0,6.0,-206.667053
20.0,6.0,-178.477701
21.0,6.0,-223.892668
22.0,6.0,-287.031044
23.0,6.0,-355.353431
24.0,6.0,-381.023527
25.0,6.0,-349.736543
26.0,6.0,-409.957431
27.0,6.0,-470.35067
28.0,6.0,-494.657
29.0,6.0,-574.190038
30.0,6.0,-634.875658
31.0,6.0,-618.228398
32.0,6.0,-514.981264
33.0,6.0,-401.869855
34.0,6.0,-329.865368
35.0,6.0,-220.871965
36.0,6.0,-65.593987
37.0,6.0,-9.137722
38.0,6.0,-85.54626
39.0,6.0,-149.603667
40.0,6.0,-133.97722
41.0,6.0,-155.530644
42.0,6.0,-224.588886
43.0,6.0,-277.818844
44.0,6.0,-253.40156
45.0,6.0,-286.931464
46.0,6.0,-385.954208
47.0,6.0,-424.019103
48.0,6.0,-394.834332
49.0,6.0,-465.337899
50.0,6.0,-634.546445
51.0,6.0,-766.533776
52.0,6.0,-827.6073
53.0,6.0,-765.920796
54.0,6.0,-645.35538
55.0,6.0,-557.089365
56.0,6.0,-496.932085
57.0,6.0,-435.236125
58.0,6.0,-407.239214
59.0,6.0,-432.468904
60.0,6.0,-424.656628
61.0,6.0,-373.819929
62.0,6.0,-336.127238
63.0,6.0,-304.974849
64.0,6.0,-253.955299
65.0,6.0,-208.889451
66.0,6.0,-222.920517
67.0,6.0,-222.160067
68.0,6.0,-230.485308
69.0,6.0,-210.159266
70.0,6.0,-156.439903
71.0,6.0,-85.113326
72.0,6.0,14.027646
73.0,6.0,220.882954
74.0,6.0,443.941701
75.0,6.0,496.878573
76.0,6.0,472.202782
77.0,6.0,265.205582
78.0,6.0,166.287622
79.0,6.0,-25.568697
80.0,6.0,-282.025338
81.0,6.0,-339.485796
82.0,6.0,-266.075021
83.0,6.0,-302.917145
84.0,6.0,-509.425213
85.0,6.0,-507.527091
86.0,6.0,-338.981163
87.0,6.0,-179.043208
88.0,6.0,-201.778539
89.0,6.0,-201.307282
90.0,6.0,-260.881717
91.0,6.0,-392.058926
92.0,6.0,-425.975796
93.0,6.0,-354.851333
94.0,6.0,-338.491127
95.0,6.0,-333.175473
96.0,6.0,-351.017254
97.0,6.0,-306.006976
98.0,6.0,-241.334675
99.0,6.0,-276.743878
100.0,6.0,-488.476428
101.0,6.0,-571.612965
102.0,6.0,-397.625634
103.0,6.0,-222.962356
104.0,6.0,-223.61906
105.0,6.0,-350.232796
106.0,6.0,-497.185663
107.0,6.0,-633.367964
108.0,6.0,-720.099582
109.0,6.0,-738.378946
110.0,6.0,-607.365869
111.0,6.0,-478.303555
112.0,6.0,-538.389582
113.0,6.0,-708.100153
114.0,6.0,-824.912947
115.0,6.0,-820.76106
116.0,6.0,-763.227744
117.0,6.0,-746.084172
118.0,6.0,-580.996428
119.0,6.0,-326.453319
120.0,6.0,-315.46833
121.0,6.0,-417.336249
122.0,6.0,-461.194791
123.0,6.0,-396.436277
124.0,6.0,-416.636425
125.0,6.0,-353.722394
126.0,6.0,-193.588015
127.0,6.0,-62.33988
128.0,6.0,106.568253
129.0,6.0,182.0628
130.0,6.0,242.450723
131.0,6.0,218.696522
132.0,6.0,185.250707
133.0,6.0,36.289237
134.0,6.0,-82.603657
135.0,6.0,-50.861204
136.0,6.0,11.59199
137.0,6.0,-11.450278
138.0,6.0,-181.535378
139.0,6.0,-330.599532
140.0,6.0,-498.388085
141.0,6.0,-615.144459
142.0,6.0,-648.60919
143.0,6.0,-604.705938
144.0,6.0,-444.163997
145.0,6.0,-253.418665
146.0,6.0,47.90611
147.0,6.0,213.874258
148.0,6.0,204.102191
149.0,6.0,103.009782
150.0,6.0,34.488102
151.0,6.0,53.14846
152.0,6.0,83.702725
153.0,6.0,-65.82209
154.0,6.0,-247.418265
155.0,6.0,-340.967815
156.0,6.0,-431.783433
157.0,6.0,-505.737721
158.0,6.0,-597.946837
159.0,6.0,-739.619748
160.0,6.0,-825.725697
161.0,6.0,-856.467265
162.0,6.0,-809.775653
163.0,6.0,-670.816798
164.0,6.0,-573.99469
165.0,6.0,-477.234401
166.0,6.0,-418.868252
167.0,6.0,-412.562274
168.0,6.0,-424.215043
169.0,6.0,-322.785422
170.0,6.0,-176.386403
171.0,6.0,-126.183132
172.0,6.0,-214.956512
173.0,6.0,-279.498274
174.0,6.0,-268.1251
175.0,6.0,-254.364287
176.0,6.0,-221.283856
177.0,6.0,-34.166204
178.0,6.0,165.245786
179.0,6.0,96.44185
180.0,6.0,52.559652
181.0,6.0,97.249202
182.0,6.0,10.40072
183.0,6.0,-178.315151
184.0,6.0,-190.123885
185.0,6.0,-151.837044
186.0,6.0,-273.516258
187.0,6.0,-370.431721
188.0,6.0,-384.858826
189.0,6.0,-316.168313
190.0,6.0,-164.45119
191.0,6.0,-30.204683
192.0,6.0,-9.490989
193.0,6.0,-54.516256
194.0,6.0,-87.196321
195.0,6.0,-99.873355
196.0,6.0,48.237688
197.0,6.0,266.963492
198.0,6.0,343.010103
199.0,6.0,259.530419
0.0,7.0,125.165209
1.0,7.0,168.522804
2.0,7.0,239.133162
3.0,7.0,323.643775
4.0,7.0,429.451898
5.0,7.0,474.979634
6.0,7.0,423.653585
7.0,7.0,319.186739
8.0,7.0,273.104346
9.0,7.0,264.9387
10.0,7.0,200.061425
11.0,7.0,122.341471
12.0,7.0,27.373391
13.0,7.0,9.081249
14.0,7.0,-41.83601
15.0,7.0,-98.932369
16.0,7.0,-76.39608
17.0,7.0,-99.120561
18.0,7.0,-160.779262
19.0,7.0,-152.846669
20.0,7.0,-181.848521
21.0,7.0,-245.691707
22.0,7.0,-269.365256
23.0,7.0,-290.600834
24.0,7.0,-298.318891
25.0,7.0,-314.87759
26.0,7.0,-388.538563
27.0,7.0,-424.181017
28.0,7.0,-447.613779
29.0,7.0,-540.692186
30.0,7.0,-635.386862
31.0,7.0,-655.728454
32.0,7.0,-547.411544
33.0,7.0,-383.464866
34.0,7.0,-277.053761
35.0,7.0,-222.922112
36.0,7.0,-168.205139
37.0,7.0,-148.095625
38.0,7.0,-184.131323
39.0,7.0,-217.890176
40.0,7.0,-200.480731
41.0,7.0,-160.147101
42.0,7.0,-138.533144
43.0,7.0,-140.494547
44.0,7.0,-124.004334
45.0,7.0,-169.807067
46.0,7.0,-248.351722
47.0,7.0,-281.426514
48.0,7.0,-301.845306
49.0,7.0,-446.61797
50.0,7.0,-612.28367
51.0,7.0,-706.422062
52.0,7.0,-768.507343
53.0,7.0,-718.205912
54.0,7.0,-574.86618
55.0,7.0,-405.452831
56.0,7.0,-329.694998
57.0,7.0,-358.846686
58.0,7.0,-402.943455
59.0,7.0,-447.343598
60.0,7.0,-409.861288
61.0,7.0,-331.816754
62.0,7.0,-291.99864
63.0,7.0,-281.31758
64.0,7.0,-233.705002
65.0,7.0,-256.697075
66.0,7.0,-322.634584
67.0,7.0,-331.337982
68.0,7.0,-345.506908
69.0,7.0,-297.806931
70.0,7.0,-158.084424
71.0,7.0,-18.307096
72.0,7.0,47.596612
73.0,7.0,128.911871
74.0,7.0,299.051461
75.0,7.0,425.411544
76.0,7.0,474.543658
77.0,7.0,255.98468
78.0,7.0,84.861262
79.0,7.0,-122.148296
80.0,7.0,-307.040819
81.0,7.0,-340.790624
82.0,7.0,-243.793778
83.0,7.0,-350.011054
84.0,7.0,-532.40911
85.0,7.0,-441.770505
86.0,7.0,-217.7066
87.0,7.0,-74.051846
88.0,7.0,-96.406074
89.0,7.0,-90.67008
90.0,7.0,-228.629321
91.0,7.0,-398.157331
92.0,7.0,-435.956795
93.0,7.0,-326.936853
94.0,7.0,-291.939944
95.0,7.0,-306.360899
96.0,7.0,-282.738725
97.0,7.0,-239.81664
98.0,7.0,-156.839595
99.0,7.0,-215.546357
100.0,7.0,-400.293644
101.0,7.0,-460.321733
102.0,7.0,-344.945258
103.0,7.0,-240.453729
104.0,7.0,-289.727438
105.0,7.0,-448.198592
106.0,7.0,-566.740367
107.0,7.0,-698.734904
108.0,7.0,-738.023596
109.0,7.0,-735.554584
110.0,7.0,-617.899596
111.0,7.0,-460.204664
112.0,7.0,-589.451047
113.0,7.0,-824.361589
114.0,7.0,-868.901103
115.0,7.0,-796.708928
116.0,7.0,-718.316486
117.0,7.0,-695.418244
118.0,7.0,-517.765683
119.0,7.0,-288.044649
120.0,7.0,-325.106315
121.0,7.0,-397.99708
122.0,7.0,-440.7328
123.0,7.0,-417.19881
124.0,7.0,-454.939354
125.0,7.0,-415.580269
126.0,7.0,-316.852703
127.0,7.0,-225.512016
128.0,7.0,-89.483938
129.0,7.0,41.928143
130.0,7.0,141.311867
131.0,7.0,160.084893
132.0,7.0,174.729275
133.0,7.0,36.982247
134.0,7.0,-84.068661
135.0,7.0,83.771164
136.0,7.0,210.122772
137.0,7.0,149.361714
138.0,7.0,-127.325115
139.0,7.0,-249.483354
140.0,7.0,-325.831659
141.0,7.0,-477.895147
142.0,7.0,-571.289231
143.0,7.0,-539.894963
144.0,7.0,-412.415297
145.0,7.0,-224.675826
146.0,7.0,22.894582
147.0,7.0,227.061479
148.0,7.0,253.362386
149.0,7.0,121.456313
150.0,7.0,-41.217047
151.0,7.0,-163.44481
152.0,7.0,-136.173523
153.0,7.0,-97.214805
154.0,7.0,-165.839428
155.0,7.0,-274.642301
156.0,7.0,-392.72332
157.0,7.0,-458.080175
158.0,7.0,-538.949245
159.0,7.0,-630.364876
160.0,7.0,-682.427046
161.0,7.0,-737.165172
162.0,7.0,-768.697305
163.0,7.0,-676.380705
164.0,7.0,-603.547202
165.0,7.0,-521.194875
166.0,7.0,-402.503327
167.0,7.0,-343.645536
168.0,7.0,-364.673842
169.0,7.0,-325.650114
170.0,7.0,-240.189438
171.0,7.0,-166.789018
172.0,7.0,-185.74831
173.0,7.0,-211.73033
174.0,7.0,-222.926512
175.0,7.0,-221.613539
176.0,7.0,-191.58094
177.0,7.0,-26.017899
178.0,7.0,151.220358
179.0,7.0,62.723742
180.0,7.0,29.16662
181.0,7.0,92.987468
182.0,7.0,18.770721
183.0,7.0,-118.203579
184.0,7.0,-81.453374
185.0,7.0,-108.168893
186.0,7.0,-309.076681
187.0,7.0,-429.363248
188.0,7.0,-471.838848
189.0,7.0,-434.133817
190.0,7.0,-273.880127
191.0,7.0,-164.202276
192.0,7.0,-155.709478
193.0,7.0,-145.212145
194.0,7.0,-139.20721
195.0,7.0,-23.860995
196.0,7.0,133.436793
197.0,7.0,239.757915
198.0,7.0,307.115815
199.0,7.0,248.011456
0.0,8.0,100.608673
1.0,8.0,139.924838
2.0,8.0,258.167651
3.0,8.0,359.294267
4.0,8.0,423.69887
5.0,8.0,439.950431
6.0,8.0,396.400788
7.0,8.0,323.437229
8.0,8.0,277.826875
9.0,8.0,291.057337
10.0,8.0,263.727418
11.0,8.0,175.885262
12.0,8.0,125.878973
13.0,8.0,114.080817
14.0,8.0,45.318441
15.0,8.0,23.550924
16.0,8.0,23.484405
17.0,8.0,-60.763043
18.0,8.0,-134.102244
19.0,8.0,-162.310952
20.0,8.0,-213.038226
21.0,8.0,-256.413266
22.0,8.0,-243.464327
23.0,8.0,-223.993553
24.0,8.0,-249.076177
25.0,8.0,-331.580907
26.0,8.0,-422.313622
27.0,8.0,-437.017899
28.0,8.0,-383.442378
29.0,8.0,-444.558446
30.0,8.0,-555.988115
31.0,8.0,-575.337541
32.0,8.0,-470.685461
33.0,8.0,-312.913717
34.0,8.0,-148.332146
35.0,8.0,-91.795755
36.0,8.0,-140.020799
37.0,8.0,-191.172311
38.0,8.0,-179.112634
39.0,8.0,-214.303776
40.0,8.0,-275.106316
41.0,8.0,-235.561227
42.0,8.0,-121.373724
43.0,8.0,-78.344336
44.0,8.0,-97.739994
45.0,8.0,-140.194531
46.0,8.0,-94.307577
47.0,8.0,-90.694432
48.0,8.0,-213.074032
49.0,8.0,-424.999503
50.0,8.0,-573.730179
51.0,8.0,-619.983618
52.0,8.0,-666.610001
53.0,8.0,-631.752156
54.0,8.0,-499.232845
55.0,8.0,-317.727595
56.0,8.0,-256.941192
57.0,8.0,-339.511024
58.0,8.0,-402.322099
59.0,8.0,-431.454958
60.0,8.0,-355.138664
61.0,8.0,-287.229006
62.0,8.0,-269.098003
63.0,8.0,-239.403957
64.0,8.0,-202.762603
65.0,8.0,-251.319018
66.0,8.0,-328.384233
67.0,8.0,-370.76958
68.0,8.0,-420.51147
69.0,8.0,-368.709257
70.0,8.0,-161.272932
71.0,8.0,2.365808
72.0,8.0,22.571104
73.0,8.0,78.288108
74.0,8.0,241.808688
75.0,8.0,418.422065
76.0,8.0,433.652139
77.0,8.0,192.200277
78.0,8.0,-70.06749
79.0,8.0,-233.477863
80.0,8.0,-309.258947
81.0,8.0,-285.878621
82.0,8.0,-196.530726
83.0,8.0,-340.554266
84.0,8.0,-494.133722
85.0,8.0,-397.279238
86.0,8.0,-143.59288
87.0,8.0,-18.069899
88.0,8.0,27.236759
89.0,8.0,-5.461749
90.0,8.0,-253.376694
91.0,8.0,-449.975331
92.0,8.0,-458.539858
93.0,8.0,-337.656357
94.0,8.0,-271.195203
95.0,8.0,-274.625897
96.0,8.0,-194.441319
97.0,8.0,-159.746272
98.0,8.0,-92.051456
99.0,8.0,-227.74543
100.0,8.0,-349.460284
101.0,8.0,-328.948875
102.0,8.0,-287.785023
103.0,8.0,-254.042854
104.0,8.0,-361.868383
105.0,8.0,-517.742624
106.0,8.0,-643.200888
107.0,8.0,-786.35756
108.0,8.0,-784.919561
109.0,8.0,-711.761488
110.0,8.0,-580.424093
111.0,8.0,-441.20752
112.0,8.0,-605.981701
113.0,8.0,-829.325311
114.0,8.0,-833.206645
115.0,8.0,-716.596897
116.0,8.0,-644.982
117.0,8.0,-600.164636
118.0,8.0,-418.131642
119.0,8.0,-245.641857
120.0,8.0,-336.025013
121.0,8.0,-386.240528
122.0,8.0,-433.087156
123.0,8.0,-445.001686
124.0,8.0,-411.290371
125.0,8.0,-333.519916
126.0,8.0,-258.189581
127.0,8.0,-233.934004
128.0,8.0,-218.931935
129.0,8.0,-155.443164
130.0,8.0,-70.709435
131.0,8.0,-57.325585
132.0,8.0,-53.345428
133.0,8.0,-127.479662
134.0,8.0,-186.453984
135.0,8.0,1.562055
136.0,8.0,226.690941
137.0,8.0,259.66416
138.0,8.0,60.217725
139.0,8.0,-41.745407
140.0,8.0,30.491239
141.0,8.0,-93.665254
142.0,8.0,-256.147654
143.0,8.0,-332.777786
144.0,8.0,-327.390846
145.0,8.0,-263.136396
146.0,8.0,-168.497009
147.0,8.0,13.999159
148.0,8.0,156.504944
149.0,8.0,84.556009
150.0,8.0,4.422628
151.0,8.0,-146.713297
152.0,8.0,-180.226308
153.0,8.0,-63.600661
154.0,8.0,-92.56536
155.0,8.0,-243.466122
156.0,8.0,-369.336087
157.0,8.0,-384.368888
158.0,8.0,-392.327506
159.0,8.0,-426.665117
160.0,8.0,-462.960699
161.0,8.0,-512.191469
162.0,8.0,-585.637469
163.0,8.0,-623.458372
164.0,8.0,-600.542972
165.0,8.0,-588.809403
166.0,8.0,-549.521146
167.0,8.0,-416.47131
168.0,8.0,-315.669913
169.0,8.0,-324.492672
170.0,8.0,-334.692572
171.0,8.0,-219.536382
172.0,8.0,-71.627742
173.0,8.0,-38.918968
174.0,8.0,-60.114666
175.0,8.0,-75.456315
176.0,8.0,-131.077243
177.0,8.0,-94.42396
178.0,8.0,-24.253061
179.0,8.0,-111.748654
180.0,8.0,-70.147363
181.0,8.0,96.48344
182.0,8.0,81.124408
183.0,8.0,-34.115722
184.0,8.0,-53.499678
185.0,8.0,-133.982699
186.0,8.0,-233.973756
187.0,8.0,-316.505095
188.0,8.0,-416.333649
189.0,8.0,-471.50873
190.0,8.0,-414.633307
191.0,8.0,-317.589104
192.0,8.0,-261.938492
193.0,8.0,-251.575675
194.0,8.0,-230.404412
195.0,8.0,-125.129515
196.0,8.0,-34.820102
197.0,8.0,55.559786
198.0,8.0,181.893682
199.0,8.0,233.253152
0.0,9.0,62.946586
1.0,9.0,87.491083
2.0,9.0,161.074939
3.0,9.0,255.453379
4.0,9.0,321.233832
5.0,9.0,379.979686
6.0,9.0,377.931733
7.0,9.0,316.072931
8.0,9.0,268.940835
9.0,9.0,287.373451
10.0,9.0,277.746417
11.0,9.0,229.345786
12.0,9.0,164.79509
13.0,9.0,128.560178
14.0,9.0,111.716329
15.0,9.0,100.276794
16.0,9.0,30.11971
17.0,9.0,-100.441206
18.0,9.0,-182.894143
19.0,9.0,-236.330794
20.0,9.0,-265.114829
21.0,9.0,-279.308757
22.0,9.0,-244.588442
23.0,9.0,-258.692264
24.0,9.0,-302.543098
25.0,9.0,-384.744949
26.0,9.0,-454.385445
27.0,9.0,-448.160828
28.0,9.0,-367.539194
29.0,9.0,-397.808568
30.0,9.0,-430.65367
31.0,9.0,-381.093528
32.0,9.0,-275.091506
33.0,9.0,-151.166306
34.0,9.0,57.637258
35.0,9.0,132.010453
36.0,9.0,48.602925
37.0,9.0,-82.942494
38.0,9.0,-129.755663
39.0,9.0,-212.168723
40.0,9.0,-291.359836
41.0,9.0,-260.707725
42.0,9.0,-143.702206
43.0,9.0,-107.631002
44.0,9.0,-147.204722
45.0,9.0,-154.692851
46.0,9.0,-18.280476
47.0,9.0,65.564034
48.0,9.0,-94.506006
49.0,9.0,-331.328482
50.0,9.0,-476.402721
51.0,9.0,-508.89531
52.0,9.0,-528.941907
53.0,9.0,-501.392238
54.0,9.0,-411.94256
55.0,9.0,-320.326569
56.0,9.0,-321.563761
57.0,9.0,-375.410396
58.0,9.0,-380.329052
59.0,9.0,-363.131149
60.0,9.0,-301.766877
61.0,9.0,-312.785697
62.0,9.0,-355.16514
63.0,9.0,-345.54785
64.0,9.0,-295.312778
65.0,9.0,-265.471472
66.0,9.0,-300.129205
67.0,9.0,-385.412934
68.0,9.0,-484.157831
69.0,9.0,-477.42566
70.0,9.0,-283.253292
71.0,9.0,-60.714554
72.0,9.0,25.943772
73.0,9.0,89.531311
74.0,9.0,238.815296
75.0,9.0,423.967362
76.0,9.0,411.802032
77.0,9.0,198.783258
78.0,9.0,-65.023178
79.0,9.0,-250.531991
80.0,9.0,-293.400145
81.0,9.0,-223.078335
82.0,9.0,-199.631565
83.0,9.0,-294.903261
84.0,9.0,-372.302268
85.0,9.0,-308.820035
86.0,9.0,-71.233527
87.0,9.0,123.563737
88.0,9.0,189.892682
89.0,9.0,-45.660729
90.0,9.0,-383.834648
91.0,9.0,-540.5918
92.0,9.0,-488.171037
93.0,9.0,-324.027515
94.0,9.0,-286.960351
95.0,9.0,-262.171011
96.0,9.0,-149.738719
97.0,9.0,-102.696115
98.0,9.0,-80.778211
99.0,9.0,-243.243215
100.0,9.0,-271.813743
101.0,9.0,-199.288891
102.0,9.0,-188.572714
103.0,9.0,-216.205369
104.0,9.0,-379.821485
105.0,9.0,-522.800445
106.0,9.0,-662.948102
107.0,9.0,-843.459207
108.0,9.0,-826.367337
109.0,9.0,-692.937782
110.0,9.0,-556.955128
111.0,9.0,-502.390978
112.0,9.0,-631.446536
113.0,9.0,-766.020877
114.0,9.0,-720.583624
115.0,9.0,-581.507284
116.0,9.0,-525.133104
117.0,9.0,-497.183042
118.0,9.0,-353.281005
119.0,9.0,-238.593391
120.0,9.0,-325.899884
121.0,9.0,-351.234238
122.0,9.0,-426.192796
123.0,9.0,-499.87222
124.0,9.0,-456.141469
125.0,9.0,-348.354029
126.0,9.0,-286.079848
127.0,9.0,-320.730143
128.0,9.0,-334.369632
129.0,9.0,-281.907202
130.0,9.0,-222.217775
131.0,9.0,-267.380245
132.0,9.0,-288.48111
133.0,9.0,-276.832811
134.0,9.0,-305.171037
135.0,9.0,-185.812678
136.0,9.0,47.851746
137.0,9.0,216.475703
138.0,9.0,258.073843
139.0,9.0,267.41848
140.0,9.0,396.071361
141.0,9.0,415.416228
142.0,9.0,249.076438
143.0,9.0,-41.236724
144.0,9.0,-224.198297
145.0,9.0,-304.958263
146.0,9.0,-335.868489
147.0,9.0,-238.058839
148.0,9.0,-8.491024
149.0,9.0,90.563351
150.0,9.0,155.743817
151.0,9.0,45.589158
152.0,9.0,-84.628269
153.0,9.0,-12.257673
154.0,9.0,-32.04464
155.0,9.0,-164.082614
156.0,9.0,-232.22961
157.0,9.0,-224.725265
158.0,9.0,-227.681227
159.0,9.0,-285.118619
160.0,9.0,-361.499111
161.0,9.0,-383.234309
162.0,9.0,-423.842359
163.0,9.0,-507.981712
164.0,9.0,-544.5174
165.0,9.0,-568.574554
166.0,9.0,-618.280295
167.0,9.0,-536.198665
168.0,9.0,-406.227106
169.0,9.0,-334.736864
170.0,9.0,-336.427888
171.0,9.0,-245.281732
172.0,9.0,-15.910732
173.0,9.0,130.384253
174.0,9.0,126.249088
175.0,9.0,51.810974
176.0,9.0,-104.184974
177.0,9.0,-141.763203
178.0,9.0,-123.489589
179.0,9.0,-155.809035
180.0,9.0,-14.565371
181.0,9.0,188.762933
182.0,9.0,209.017729
183.0,9.0,52.004187
184.0,9.0,-136.81865
185.0,9.0,-254.177343
186.0,9.0,-277.194879
187.0,9.0,-290.274861
188.0,9.0,-360.92683
189.0,9.0,-482.159616
190.0,9.0,-488.04677
191.0,9.0,-345.000624
192.0,9.0,-239.099068
193.0,9.0,-242.499729
194.0,9.0,-264.570504
195.0,9.0,-203.578167
196.0,9.0,-181.984801
197.0,9.0,-118.632229
198.0,9.0,55.751304
199.0,9.0,137.082898
0.0,10.0,-34.850357
1.0,10.0,-24.655254
2.0,10.0,-13.165047
3.0,10.0,85.413953
4.0,10.0,203.624565
5.0,10.0,283.150609
6.0,10.0,311.535675
7.0,10.0,307.575286
8.0,10.0,307.47507
9.0,10.0,319.690305
10.0,10.0,267.740889
11.0,10.0,251.332321
12.0,10.0,213.027581
13.0,10.0,177.011353
14.0,10.0,181.35802
15.0,10.0,137.652367
16.0,10.0,0.437209
17.0,10.0,-103.52048
18.0,10.0,-193.226199
19.0,10.0,-281.294242
20.0,10.0,-276.68373
21.0,10.0,-271.961187
22.0,10.0,-261.426785
23.0,10.0,-316.528205
24.0,10.0,-349.941192
25.0,10.0,-364.49955
26.0,10.0,-406.581773
27.0,10.0,-408.61452
28.0,10.0,-381.265725
29.0,10.0,-382.761335
30.0,10.0,-314.085994
31.0,10.0,-172.604194
32.0,10.0,-66.608966
33.0,10.0,39.946264
34.0,10.0,221.797698
35.0,10.0,328.430389
36.0,10.0,249.74461
37.0,10.0,94.627407
38.0,10.0,-61.734775
39.0,10.0,-147.505623
40.0,10.0,-184.081717
41.0,10.0,-132.360508
42.0,10.0,-70.615661
43.0,10.0,-124.039466
44.0,10.0,-144.061522
45.0,10.0,-102.893181
46.0,10.0,-11.781059
47.0,10.0,86.975977
48.0,10.0,-4.386951
49.0,10.0,-188.089406
50.0,10.0,-314.79522
51.0,10.0,-357.504648
52.0,10.0,-381.877555
53.0,10.0,-377.058944
54.0,10.0,-320.486537
55.0,10.0,-297.964402
56.0,10.0,-346.482132
57.0,10.0,-373.476525
58.0,10.0,-315.240188
59.0,10.0,-241.731549
60.0,10.0,-225.179361
61.0,10.0,-282.95336
62.0,10.0,-367.889711
63.0,10.0,-394.524949
64.0,10.0,-373.531143
65.0,10.0,-304.074955
66.0,10.0,-257.920633
67.0,10.0,-362.392652
68.0,10.0,-503.399596
69.0,10.0,-522.524724
70.0,10.0,-372.342077
71.0,10.0,-134.960575
72.0,10.0,20.845392
73.0,10.0,74.076363
74.0,10.0,177.462126
75.0,10.0,380.526059
76.0,10.0,408.295226
77.0,10.0,228.217425
78.0,10.0,-34.196202
79.0,10.0,-247.712229
80.0,10.0,-313.396978
81.0,10.0,-268.402899
82.0,10.0,-278.880375
83.0,10.0,-273.643342
84.0,10.0,-261.019417
85.0,10.0,-202.092263
86.0,10.0,84.961263
87.0,10.0,305.616845
88.0,10.0,255.042104
89.0,10.0,-183.177878
90.0,10.0,-471.938878
91.0,10.0,-565.257816
92.0,10.0,-478.729602
93.0,10.0,-313.079332
94.0,10.0,-308.700144
95.0,10.0,-286.239306
96.0,10.0,-190.222419
97.0,10.0,-81.677858
98.0,10.0,-50.800539
99.0,10.0,-209.098262
100.0,10.0,-175.127436
101.0,10.0,-99.188778
102.0,10.0,-142.912271
103.0,10.0,-240.243043
104.0,10.0,-433.317528
105.0,10.0,-590.74835
106.0,10.0,-742.336195
107.0,10.0,-904.215974
108.0,10.0,-856.359956
109.0,10.0,-641.325664
110.0,10.0,-556.044899
111.0,10.0,-615.347385
112.0,10.0,-693.127495
113.0,10.0,-737.318679
114.0,10.0,-624.197459
115.0,10.0,-461.065361
116.0,10.0,-453.400465
117.0,10.0,-432.371785
118.0,10.0,-292.999819
119.0,10.0,-192.665622
120.0,10.0,-276.140576
121.0,10.0,-314.064193
122.0,10.0,-407.480862
123.0,10.0,-521.522126
124.0,10.0,-539.566633
125.0,10.0,-477.528565
126.0,10.0,-426.69356
127.0,10.0,-440.425901
128.0,10.0,-373.804067
129.0,10.0,-255.079841
130.0,10.0,-259.197451
131.0,10.0,-395.04037
132.0,10.0,-438.253333
133.0,10.0,-371.113189
134.0,10.0,-343.547661
135.0,10.0,-236.81435
136.0,10.0,-68.229211
137.0,10.0,143.570748
138.0,10.0,379.481472
139.0,10.0,495.913023
140.0,10.0,612.760913
141.0,10.0,690.396841
142.0,10.0,596.903475
143.0,10.0,412.444289
144.0,10.0,132.6226
145.0,10.0,-194.703332
146.0,10.0,-362.350243
147.0,10.0,-344.386304
148.0,10.0,-125.923241
149.0,10.0,37.759103
150.0,10.0,137.357404
151.0,10.0,87.996912
152.0,10.0,-32.530788
153.0,10.0,47.556297
154.0,10.0,61.56924
155.0,10.0,-57.930842
156.0,10.0,-115.709976
157.0,10.0,-148.959117
158.0,10.0,-193.070535
159.0,10.0,-218.904337
160.0,10.0,-371.48419
161.0,10.0,-456.596258
162.0,10.0,-417.358473
163.0,10.0,-423.312913
164.0,10.0,-457.280768
165.0,10.0,-484.0517
166.0,10.0,-514.508664
167.0,10.0,-472.083317
168.0,10.0,-413.592159
169.0,10.0,-312.307434
170.0,10.0,-279.402668
171.0,10.0,-242.248239
172.0,10.0,-76.056732
173.0,10.0,130.375776
174.0,10.0,196.803173
175.0,10.0,140.511169
176.0,10.0,-13.979022
177.0,10.0,-92.578605
178.0,10.0,-77.691127
179.0,10.0,57.021736
180.0,10.0,267.775537
181.0,10.0,329.673803
182.0,10.0,213.645849
183.0,10.0,8.699631
184.0,10.0,-194.512415
185.0,10.0,-324.339054
186.0,10.0,-377.319073
187.0,10.0,-358.320648
188.0,10.0,-391.51356
189.0,10.0,-522.294411
190.0,10.0,-502.208585
191.0,10.0,-308.452706
192.0,10.0,-195.790413
193.0,10.0,-213.466153
194.0,10.0,-257.190118
195.0,10.0,-225.367715
196.0,10.0,-197.780492
197.0,10.0,-112.495695
198.0,10.0,-33.032438
199.0,10.0,-49.887689
0.0,11.0,-31.470184
1.0,11.0,5.589234
2.0,11.0,-3.907055
3.0,11.0,88.593012
4.0,11.0,217.781761
5.0,11.0,281.233881
6.0,11.0,264.798435
7.0,11.0,279.14392
8.0,11.0,308.992352
9.0,11.0,274.695446
10.0,11.0,230.830761
11.0,11.0,267.880703
12.0,11.0,261.831326
13.0,11.0,260.539865
14.0,11.0,262.159425
15.0,11.0,229.622383
16.0,11.0,134.783292
17.0,11.0,57.058201
18.0,11.0,-99.972578
19.0,11.0,-244.177463
20.0,11.0,-263.763422
21.0,11.0,-249.504338
22.0,11.0,-271.609048
23.0,11.0,-323.365265
24.0,11.0,-321.938236
25.0,11.0,-312.268907
26.0,11.0,-345.042191
27.0,11.0,-384.349354
28.0,11.0,-401.596976
29.0,11.0,-379.001514
30.0,11.0,-239.296269
31.0,11.0,-65.885046
32.0,11.0,69.975906
33.0,11.0,167.473304
34.0,11.0,290.744099
35.0,11.0,389.981196
36.0,11.0,346.235552
37.0,11.0,200.201811
38.0,11.0,64.788979
39.0,11.0,-12.193444
40.0,11.0,0.306317
41.0,11.0,61.069992
42.0,11.0,55.811395
43.0,11.0,-56.858425
44.0,11.0,-46.217977
45.0,11.0,8.143198
46.0,11.0,-23.324
47.0,11.0,-49.9819
48.0,11.0,-80.797411
49.0,11.0,-124.553233
50.0,11.0,-151.561946
51.0,11.0,-151.839982
52.0,11.0,-153.41541
53.0,11.0,-185.875895
54.0,11.0,-169.248837
55.0,11.0,-174.37785
56.0,11.0,-251.713054
57.0,11.0,-267.208589
58.0,11.0,-193.156732
59.0,11.0,-106.216155
60.0,11.0,-127.168283
61.0,11.0,-225.881762
62.0,11.0,-308.461061
63.0,11.0,-313.708681
64.0,11.0,-329.091849
65.0,11.0,-307.415419
66.0,11.0,-240.614483
67.0,11.0,-319.721656
68.0,11.0,-454.64356
69.0,11.0,-483.330042
70.0,11.0,-411.933775
71.0,11.0,-211.367904
72.0,11.0,-13.401278
73.0,11.0,38.167806
74.0,11.0,139.85584
75.0,11.0,380.270806
76.0,11.0,408.284279
77.0,11.0,261.096309
78.0,11.0,-53.85907
79.0,11.0,-312.799501
80.0,11.0,-359.457911
81.0,11.0,-335.836512
82.0,11.0,-315.481307
83.0,11.0,-256.915812
84.0,11.0,-236.387336
85.0,11.0,-141.917772
86.0,11.0,188.963222
87.0,11.0,388.824341
88.0,11.0,229.775022
89.0,11.0,-219.477227
90.0,11.0,-439.769333
91.0,11.0,-501.097957
92.0,11.0,-403.813905
93.0,11.0,-263.42849
94.0,11.0,-312.706655
95.0,11.0,-323.428921
96.0,11.0,-215.447797
97.0,11.0,0.110858
98.0,11.0,10.565929
99.0,11.0,-167.164391
100.0,11.0,-156.893417
101.0,11.0,-123.261502
102.0,11.0,-196.814672
103.0,11.0,-310.821512
104.0,11.0,-464.04446
105.0,11.0,-640.744731
106.0,11.0,-791.22578
107.0,11.0,-907.192817
108.0,11.0,-838.210174
109.0,11.0,-613.618847
110.0,11.0,-621.201771
111.0,11.0,-725.408269
112.0,11.0,-715.819512
113.0,11.0,-690.65462
114.0,11.0,-558.37441
115.0,11.0,-409.440698
116.0,11.0,-426.464352
117.0,11.0,-409.850543
118.0,11.0,-299.369567
119.0,11.0,-235.660323
120.0,11.0,-291.735217
121.0,11.0,-327.337547
122.0,11.0,-430.879336
123.0,11.0,-508.148218
124.0,11.0,-538.782716
125.0,11.0,-546.408553
126.0,11.0,-555.757585
127.0,11.0,-532.461337
128.0,11.0,-369.057028
129.0,11.0,-201.559588
130.0,11.0,-237.101463
131.0,11.0,-382.719509
132.0,11.0,-437.74993
133.0,11.0,-423.26022
134.0,11.0,-416.529517
135.0,11.0,-358.188259
136.0,11.0,-221.700611
137.0,11.0,34.003641
138.0,11.0,333.245131
139.0,11.0,634.180206
140.0,11.0,887.989796
141.0,11.0,964.67218
142.0,11.0,866.99864
143.0,11.0,773.413379
144.0,11.0,525.163512
145.0,11.0,183.805872
146.0,11.0,-143.951592
147.0,11.0,-298.92545
148.0,11.0,-215.78829
149.0,11.0,-78.689705
150.0,11.0,68.736673
151.0,11.0,29.958063
152.0,11.0,-50.416237
153.0,11.0,76.158018
154.0,11.0,157.634899
155.0,11.0,90.41851
156.0,11.0,-34.179998
157.0,11.0,-68.698402
158.0,11.0,-121.062816
159.0,11.0,-139.807384
160.0,11.0,-301.504856
161.0,11.0,-446.896
162.0,11.0,-457.954772
163.0,11.0,-453.652963
164.0,11.0,-431.663374
165.0,11.0,-409.501858
166.0,11.0,-395.760946
167.0,11.0,-331.202011
168.0,11.0,-280.517125
169.0,11.0,-213.970847
170.0,11.0,-190.562411
171.0,11.0,-187.248302
172.0,11.0,-110.118419
173.0,11.0,25.805214
174.0,11.0,213.544229
175.0,11.0,266.606031
176.0,11.0,215.72128
177.0,11.0,179.043827
178.0,11.0,195.3263
179.0,11.0,360.234581
180.0,11.0,475.960237
181.0,11.0,371.19723
182.0,11.0,204.81529
183.0,11.0,84.761728
184.0,11.0,-114.086259
185.0,11.0,-273.737008
186.0,11.0,-353.894876
187.0,11.0,-336.961303
188.0,11.0,-405.910686
189.0,11.0,-525.179272
190.0,11.0,-446.644557
191.0,11.0,-236.497167
192.0,11.0,-162.606679
193.0,11.0,-218.673646
194.0,11.0,-224.090926
195.0,11.0,-183.020942
196.0,11.0,-129.886318
197.0,11.0,-68.087054
198.0,11.0,-37.83727
199.0,11.0,-76.617926
0.0,12.0,21.772496
1.0,12.0,88.964323
2.0,12.0,78.111202
3.0,12.0,145.886594
4.0,12.0,252.049256
5.0,12.0,292.372372
6.0,12.0,246.237634
7.0,12.0,241.37641
8.0,12.0,224.525432
9.0,12.0,159.184465
10.0,12.0,204.379682
11.0,12.0,266.943619
12.0,12.0,230.129088
13.0,12.0,247.573611
14.0,12.0,294.541099
15.0,12.0,337.470187
16.0,12.0,311.970097
17.0,12.0,201.323762
18.0,12.0,-25.567658
19.0,12.0,-177.77819
20.0,12.0,-215.514907
21.0,12.0,-222.787112
22.0,12.0,-296.80477
23.0,12.0,-356.541862
24.0,12.0,-325.456297
25.0,12.0,-293.665898
26.0,12.0,-323.920548
27.0,12.0,-366.693035
28.0,12.0,-390.223825
29.0,12.0,-337.575936
30.0,12.0,-169.284869
31.0,12.0,-47.471883
32.0,12.0,75.052587
33.0,12.0,164.078095
34.0,12.0,190.27243
35.0,12.0,280.304935
36.0,12.0,345.067705
37.0,12.0,282.605711
38.0,12.0,196.940809
39.0,12.0,139.764195
40.0,12.0,133.168544
41.0,12.0,136.132418
42.0,12.0,80.598744
43.0,12.0,-12.200211
44.0,12.0,4.330302
45.0,12.0,10.6581
46.0,12.0,-105.201335
47.0,12.0,-174.289713
48.0,12.0,-163.206285
49.0,12.0,-124.839124
50.0,12.0,-63.943703
51.0,12.0,42.251459
52.0,12.0,57.309256
53.0,12.0,12.507338
54.0,12.0,-26.467871
55.0,12.0,-62.990932
56.0,12.0,-114.851178
57.0,12.0,-123.190798
58.0,12.0,-57.612768
59.0,12.0,12.067559
60.0,12.0,-45.298145
61.0,12.0,-133.621943
62.0,12.0,-199.312152
63.0,12.0,-208.17371
64.0,12.0,-249.272607
65.0,12.0,-260.297621
66.0,12.0,-260.877238
67.0,12.0,-305.556726
68.0,12.0,-354.772481
69.0,12.0,-386.687136
70.0,12.0,-335.050667
71.0,12.0,-109.733284
72.0,12.0,167.959399
73.0,12.0,214.899498
74.0,12.0,255.517157
75.0,12.0,425.362254
76.0,12.0,393.438981
77.0,12.0,206.545226
78.0,12.0,-121.56663
79.0,12.0,-357.787245
80.0,12.0,-356.296662
81.0,12.0,-306.510894
82.0,12.0,-285.949187
83.0,12.0,-247.08533
84.0,12.0,-218.623771
85.0,12.0,-86.572457
86.0,12.0,222.042866
87.0,12.0,362.052967
88.0,12.0,174.42523
89.0,12.0,-191.100953
90.0,12.0,-394.878688
91.0,12.0,-439.160386
92.0,12.0,-347.477927
93.0,12.0,-246.073462
94.0,12.0,-293.061644
95.0,12.0,-293.040038
96.0,12.0,-146.300716
97.0,12.0,72.692118
98.0,12.0,-11.627494
99.0,12.0,-148.876788
100.0,12.0,-168.424107
101.0,12.0,-177.708883
102.0,12.0,-213.607988
103.0,12.0,-322.467576
104.0,12.0,-478.359073
105.0,12.0,-665.789675
106.0,12.0,-798.70043
107.0,12.0,-878.152924
108.0,12.0,-776.85928
109.0,12.0,-564.080872
110.0,12.0,-646.151713
111.0,12.0,-747.765868
112.0,12.0,-693.917403
113.0,12.0,-608.632935
114.0,12.0,-484.370536
115.0,12.0,-372.75838
116.0,12.0,-368.121004
117.0,12.0,-407.266164
118.0,12.0,-381.078155
119.0,12.0,-352.720057
120.0,12.0,-327.398594
121.0,12.0,-323.480523
122.0,12.0,-402.115867
123.0,12.0,-426.837565
124.0,12.0,-448.695112
125.0,12.0,-487.072566
126.0,12.0,-480.640257
127.0,12.0,-468.783434
128.0,12.0,-379.998609
129.0,12.0,-267.948803
130.0,12.0,-305.006487
131.0,12.0,-373.80807
132.0,12.0,-434.476408
133.0,12.0,-468.486061
134.0,12.0,-464.53309
135.0,12.0,-451.197354
136.0,12.0,-363.316407
137.0,12.0,-113.332052
138.0,12.0,230.442635
139.0,12.0,623.068761
140.0,12.0,1050.849331
141.0,12.0,1208.054041
142.0,12.0,1101.695302
143.0,12.0,984.615055
144.0,12.0,805.036733
145.0,12.0,520.131569
146.0,12.0,152.079912
147.0,12.0,-216.994083
148.0,12.0,-242.577485
149.0,12.0,-61.339476
150.0,12.0,118.964957
151.0,12.0,94.473189
152.0,12.0,1.348415
153.0,12.0,91.302318
154.0,12.0,214.709356
155.0,12.0,182.790766
156.0,12.0,32.610099
157.0,12.0,-27.036381
158.0,12.0,-24.947829
159.0,12.0,-52.828494
160.0,12.0,-159.080754
161.0,12.0,-260.045337
162.0,12.0,-347.093209
163.0,12.0,-429.747819
164.0,12.0,-422.569633
165.0,12.0,-414.005802
166.0,12.0,-379.458953
167.0,12.0,-229.6105
168.0,12.0,-97.080143
169.0,12.0,10.611604
170.0,12.0,-15.598076
171.0,12.0,-80.440958
172.0,12.0,-139.495573
173.0,12.0,-108.005004
174.0,12.0,115.388238
175.0,12.0,287.03607
176.0,12.0,344.665602
177.0,12.0,371.04991
178.0,12.0,434.539054
179.0,12.0,501.698182
180.0,12.0,460.602057
181.0,12.0,316.086778
182.0,12.0,153.413615
183.0,12.0,70.334063
184.0,12.0,-112.997783
185.0,12.0,-269.782873
186.0,12.0,-338.33061
187.0,12.0,-367.164067
188.0,12.0,-486.987334
189.0,12.0,-556.312016
190.0,12.0,-459.826854
191.0,12.0,-239.954109
192.0,12.0,-60.689072
193.0,12.0,-94.468774
194.0,12.0,-115.391766
195.0,12.0,-108.611824
196.0,12.0,-111.261807
197.0,12.0,-88.925622
198.0,12.0,-66.483818
199.0,12.0,-36.145715
0.0,13.0,117.256045
1.0,13.0,219.382061
2.0,13.0,204.537902
3.0,13.0,191.439574
4.0,13.0,217.337044
5.0,13.0,216.510238
6.0,13.0,169.51136
7.0,13.0,148.512453
8.0,13.0,120.561207
9.0,13.0,82.303314
10.0,13.0,184.403727
11.0,13.0,266.120158
12.0,13.0,209.498083
13.0,13.0,158.612138
14.0,13.0,189.61728
15.0,13.0,282.659677
16.0,13.0,317.030439
17.0,13.0,186.329038
18.0,13.0,-70.872382
19.0,13.0,-198.576444
20.0,13.0,-243.681603
21.0,13.0,-258.453278
22.0,13.0,-325.642744
23.0,13.0,-401.220829
24.0,13.0,-371.995562
25.0,13.0,-268.217051
26.0,13.0,-249.446074
27.0,13.0,-311.761432
28.0,13.0,-336.997959
29.0,13.0,-258.992538
30.0,13.0,-115.727066
31.0,13.0,-47.447063
32.0,13.0,2.108814
33.0,13.0,15.63026
34.0,13.0,17.616955
35.0,13.0,150.625904
36.0,13.0,281.798569
37.0,13.0,301.321406
38.0,13.0,245.513192
39.0,13.0,163.649534
40.0,13.0,102.477926
41.0,13.0,29.951646
42.0,13.0,-88.883818
43.0,13.0,-154.090801
44.0,13.0,-147.959059
45.0,13.0,-139.741483
46.0,13.0,-197.83545
47.0,13.0,-247.536461
48.0,13.0,-234.259595
49.0,13.0,-197.382184
50.0,13.0,-95.47468
51.0,13.0,63.050051
52.0,13.0,76.018553
53.0,13.0,68.817085
54.0,13.0,70.438311
55.0,13.0,46.936274
56.0,13.0,21.906272
57.0,13.0,-28.947157
58.0,13.0,17.533594
59.0,13.0,70.561762
60.0,13.0,8.172931
61.0,13.0,-63.151511
62.0,13.0,-116.835775
63.0,13.0,-148.685386
64.0,13.0,-175.368618
65.0,13.0,-180.741777
66.0,13.0,-218.314287
67.0,13.0,-294.772831
68.0,13.0,-266.534088
69.0,13.0,-224.781725
70.0,13.0,-173.161508
71.0,13.0,77.180721
72.0,13.0,313.758659
73.0,13.0,409.555415
74.0,13.0,430.924352
75.0,13.0,459.640893
76.0,13.0,325.292319
77.0,13.0,28.886652
78.0,13.0,-211.355847
79.0,13.0,-308.580949
80.0,13.0,-254.300976
81.0,13.0,-212.275884
82.0,13.0,-209.131408
83.0,13.0,-199.544617
84.0,13.0,-132.738624
85.0,13.0,74.017344
86.0,13.0,283.950848
87.0,13.0,335.961899
88.0,13.0,180.513935
89.0,13.0,-131.305157
90.0,13.0,-317.031641
91.0,13.0,-389.739494
92.0,13.0,-327.727243
93.0,13.0,-291.854973
94.0,13.0,-321.532559
95.0,13.0,-231.812675
96.0,13.0,-51.529937
97.0,13.0,129.689287
98.0,13.0,18.371797
99.0,13.0,-99.486229
100.0,13.0,-125.582815
101.0,13.0,-167.251817
102.0,13.0,-195.183115
103.0,13.0,-309.133542
104.0,13.0,-531.826895
105.0,13.0,-723.632235
106.0,13.0,-770.524001
107.0,13.0,-778.771369
108.0,13.0,-669.483133
109.0,13.0,-526.38644
110.0,13.0,-656.272256
111.0,13.0,-725.174415
112.0,13.0,-659.581135
113.0,13.0,-564.251443
114.0,13.0,-443.782712
115.0,13.0,-388.721744
116.0,13.0,-372.022555
117.0,13.0,-432.737772
118.0,13.0,-443.049167
119.0,13.0,-408.049286
120.0,13.0,-385.92038
121.0,13.0,-394.383028
122.0,13.0,-410.607888
123.0,13.0,-336.20684
124.0,13.0,-321.32204
125.0,13.0,-385.957372
126.0,13.0,-361.149705
127.0,13.0,-334.279564
128.0,13.0,-352.442539
129.0,13.0,-314.059149
130.0,13.0,-341.684436
131.0,13.0,-395.556497
132.0,13.0,-468.276192
133.0,13.0,-512.639546
134.0,13.0,-450.185101
135.0,13.0,-410.769942
136.0,13.0,-344.605907
137.0,13.0,-173.983525
138.0,13.0,132.437564
139.0,13.0,556.869722
140.0,13.0,988.099368
141.0,13.0,1196.041675
142.0,13.0,1150.138021
143.0,13.0,1000.412371
144.0,13.0,820.174517
145.0,13.0,625.046958
146.0,13.0,261.839606
147.0,13.0,-219.104109
148.0,13.0,-296.3788
149.0,13.0,-128.644325
150.0,13.0,36.72106
151.0,13.0,84.38573
152.0,13.0,89.115581
153.0,13.0,142.079115
154.0,13.0,229.997823
155.0,13.0,213.670026
156.0,13.0,45.236827
157.0,13.0,-18.719075
158.0,13.0,22.374015
159.0,13.0,-28.651347
160.0,13.0,-59.333382
161.0,13.0,-21.015976
162.0,13.0,-93.637037
163.0,13.0,-284.281275
164.0,13.0,-402.6262
165.0,13.0,-447.695998
166.0,13.0,-417.758639
167.0,13.0,-231.792118
168.0,13.0,17.952879
169.0,13.0,170.575594
170.0,13.0,155.076601
171.0,13.0,31.066062
172.0,13.0,-108.159777
173.0,13.0,-131.448594
174.0,13.0,9.186707
175.0,13.0,208.851004
176.0,13.0,279.21834
177.0,13.0,298.283044
178.0,13.0,373.416548
179.0,13.0,399.421852
180.0,13.0,264.797757
181.0,13.0,128.642118
182.0,13.0,43.920623
183.0,13.0,5.766613
184.0,13.0,-155.701915
185.0,13.0,-353.49497
186.0,13.0,-453.116891
187.0,13.0,-523.092757
188.0,13.0,-596.106821
189.0,13.0,-591.219886
190.0,13.0,-467.415396
191.0,13.0,-192.167582
192.0,13.0,148.323688
193.0,13.0,165.142034
194.0,13.0,56.151216
195.0,13.0,-49.110243
196.0,13.0,-152.402827
197.0,13.0,-204.213775
198.0,13.0,-198.602862
199.0,13.0,-104.131246
0.0,14.0,234.320886
1.0,14.0,382.969287
2.0,14.0,361.815164
3.0,14.0,307.212961
4.0,14.0,251.823664
5.0,14.0,172.059043
6.0,14.0,152.262179
7.0,14.0,129.016878
8.0,14.0,51.574305
9.0,14.0,14.401148
10.0,14.0,133.221358
11.0,14.0,234.418173
12.0,14.0,233.082612
13.0,14.0,158.018613
14.0,14.0,96.217764
15.0,14.0,104.961781
16.0,14.0,130.95915
17.0,14.0,8.039492
18.0,14.0,-187.352807
19.0,14.0,-308.503581
20.0,14.0,-349.774627
21.0,14.0,-348.419113
22.0,14.0,-403.524
23.0,14.0,-411.954392
24.0,14.0,-347.195917
25.0,14.0,-233.628951
26.0,14.0,-188.721345
27.0,14.0,-247.067392
28.0,14.0,-245.071728
29.0,14.0,-154.42122
30.0,14.0,-85.412383
31.0,14.0,-70.978965
32.0,14.0,-98.880417
33.0,14.0,-109.34659
34.0,14.0,-58.99555
35.0,14.0,43.382926
36.0,14.0,164.328386
37.0,14.0,189.721625
38.0,14.0,105.256756
39.0,14.0,36.103237
40.0,14.0,-32.667638
41.0,14.0,-152.033506
42.0,14.0,-250.721655
43.0,14.0,-299.473907
44.0,14.0,-318.502854
45.0,14.0,-275.632225
46.0,14.0,-249.034633
47.0,14.0,-264.211159
48.0,14.0,-227.671577
49.0,14.0,-175.186952
50.0,14.0,-74.466875
51.0,14.0,84.886145
52.0,14.0,85.480475
53.0,14.0,13.053344
54.0,14.0,64.619517
55.0,14.0,114.913854
56.0,14.0,58.62845
57.0,14.0,-58.647689
58.0,14.0,-70.873942
59.0,14.0,-47.720208
60.0,14.0,-98.135402
61.0,14.0,-123.717512
62.0,14.0,-108.401008
63.0,14.0,-100.544385
64.0,14.0,-117.172073
65.0,14.0,-147.289697
66.0,14.0,-203.821156
67.0,14.0,-298.090416
68.0,14.0,-271.015819
69.0,14.0,-141.11082
70.0,14.0,-109.187516
71.0,14.0,80.115545
72.0,14.0,297.462604
73.0,14.0,430.429285
74.0,14.0,516.500093
75.0,14.0,462.658182
76.0,14.0,194.655188
77.0,14.0,-163.584395
78.0,14.0,-321.851983
79.0,14.0,-282.798276
80.0,14.0,-181.578559
81.0,14.0,-192.4211
82.0,14.0,-187.821058
83.0,14.0,-190.65077
84.0,14.0,-178.262607
85.0,14.0,62.127142
86.0,14.0,312.410842
87.0,14.0,343.295932
88.0,14.0,273.452706
89.0,14.0,55.460364
90.0,14.0,-184.819651
91.0,14.0,-332.452508
92.0,14.0,-336.761605
93.0,14.0,-302.037684
94.0,14.0,-284.154895
95.0,14.0,-123.304267
96.0,14.0,157.444858
97.0,14.0,301.311881
98.0,14.0,196.606753
99.0,14.0,17.099761
100.0,14.0,-95.05202
101.0,14.0,-152.452344
102.0,14.0,-219.544623
103.0,14.0,-374.008837
104.0,14.0,-584.009426
105.0,14.0,-730.888499
106.0,14.0,-733.725519
107.0,14.0,-697.637482
108.0,14.0,-595.446441
109.0,14.0,-551.523091
110.0,14.0,-684.823387
111.0,14.0,-729.223994
112.0,14.0,-697.603504
113.0,14.0,-609.657002
114.0,14.0,-493.644052
115.0,14.0,-437.647257
116.0,14.0,-409.149555
117.0,14.0,-463.383918
118.0,14.0,-467.512251
119.0,14.0,-407.365762
120.0,14.0,-430.286255
121.0,14.0,-481.130651
122.0,14.0,-456.461701
123.0,14.0,-337.185354
124.0,14.0,-239.645889
125.0,14.0,-236.746857
126.0,14.0,-254.069434
127.0,14.0,-249.325142
128.0,14.0,-316.092074
129.0,14.0,-328.61154
130.0,14.0,-346.803889
131.0,14.0,-384.186827
132.0,14.0,-439.931755
133.0,14.0,-516.115562
134.0,14.0,-443.577089
135.0,14.0,-285.667332
136.0,14.0,-154.090569
137.0,14.0,-19.206118
138.0,14.0,149.858698
139.0,14.0,457.122784
140.0,14.0,859.837811
141.0,14.0,1149.751711
142.0,14.0,1191.355097
143.0,14.0,957.757522
144.0,14.0,669.206478
145.0,14.0,524.585563
146.0,14.0,250.813006
147.0,14.0,-242.696256
148.0,14.0,-399.905485
149.0,14.0,-297.202561
150.0,14.0,-121.032132
151.0,14.0,54.361159
152.0,14.0,174.317069
153.0,14.0,238.687989
154.0,14.0,245.314339
155.0,14.0,197.453957
156.0,14.0,84.749525
157.0,14.0,61.545642
158.0,14.0,183.915049
159.0,14.0,174.638796
160.0,14.0,45.62149
161.0,14.0,85.097012
162.0,14.0,139.066291
163.0,14.0,-53.93252
164.0,14.0,-265.203318
165.0,14.0,-338.209072
166.0,14.0,-325.237272
167.0,14.0,-270.904632
168.0,14.0,-154.848191
169.0,14.0,-5.204546
170.0,14.0,12.204299
171.0,14.0,-53.171468
172.0,14.0,-95.447048
173.0,14.0,-138.706756
174.0,14.0,-83.227938
175.0,14.0,131.091283
176.0,14.0,207.145846
177.0,14.0,176.378079
178.0,14.0,127.180657
179.0,14.0,104.231021
180.0,14.0,-24.528595
181.0,14.0,-98.983659
182.0,14.0,-3.270645
183.0,14.0,107.391765
184.0,14.0,-19.898715
185.0,14.0,-239.085585
186.0,14.0,-357.465114
187.0,14.0,-434.326273
188.0,14.0,-466.461452
189.0,14.0,-442.624118
190.0,14.0,-313.621293
191.0,14.0,28.111033
192.0,14.0,344.868741
193.0,14.0,422.482678
194.0,14.0,383.074577
195.0,14.0,250.132787
196.0,14.0,-13.240823
197.0,14.0,-211.073409
198.0,14.0,-266.891599
199.0,14.0,-129.066501
0.0,15.0,322.396294
1.0,15.0,447.600719
2.0,15.0,391.598826
3.0,15.0,329.016851
4.0,15.0,256.646715
5.0,15.0,155.696
6.0,15.0,149.46345
7.0,15.0,150.723768
8.0,15.0,64.739373
9.0,15.0,-14.257122
10.0,15.0,78.17325
11.0,15.0,156.462269
12.0,15.0,165.403859
13.0,15.0,121.706606
14.0,15.0,34.439186
15.0,15.0,-65.804244
16.0,15.0,-145.640117
17.0,15.0,-236.944458
18.0,15.0,-310.574534
19.0,15.0,-372.794525
20.0,15.0,-425.304543
21.0,15.0,-442.73756
22.0,15.0,-476.332804
23.0,15.0,-438.234525
24.0,15.0,-333.907348
25.0,15.0,-261.395185
26.0,15.0,-243.562059
27.0,15.0,-237.449642
28.0,15.0,-180.825565
29.0,15.0,-100.936271
30.0,15.0,-81.191153
31.0,15.0,-62.558559
32.0,15.0,-87.728526
33.0,15.0,-71.775119
34.0,15.0,31.84885
35.0,15.0,54.087431
36.0,15.0,43.74819
37.0,15.0,-40.379784
38.0,15.0,-143.731497
39.0,15.0,-159.797716
40.0,15.0,-161.173229
41.0,15.0,-225.914996
42.0,15.0,-335.533293
43.0,15.0,-402.018633
44.0,15.0,-433.503035
45.0,15.0,-366.615907
46.0,15.0,-255.889374
47.0,15.0,-190.347701
48.0,15.0,-141.71205
49.0,15.0,-81.394956
50.0,15.0,29.874922
51.0,15.0,139.82061
52.0,15.0,78.764169
53.0,15.0,-71.611833
54.0,15.0,-56.90515
55.0,15.0,-11.853603
56.0,15.0,-87.274918
57.0,15.0,-234.624518
58.0,15.0,-296.468344
59.0,15.0,-278.276019
60.0,15.0,-293.174665
61.0,15.0,-263.664137
62.0,15.0,-187.023995
63.0,15.0,-133.097495
64.0,15.0,-145.265423
65.0,15.0,-191.489585
66.0,15.0,-241.769595
67.0,15.0,-316.788332
68.0,15.0,-306.970447
69.0,15.0,-164.939718
70.0,15.0,-118.906669
71.0,15.0,82.254513
72.0,15.0,306.40978
73.0,15.0,409.952075
74.0,15.0,513.383794
75.0,15.0,424.763723
76.0,15.0,87.947171
77.0,15.0,-218.558277
78.0,15.0,-308.03342
79.0,15.0,-176.043807
80.0,15.0,-105.259224
81.0,15.0,-183.110743
82.0,15.0,-179.731747
83.0,15.0,-162.406726
84.0,15.0,-214.358166
85.0,15.0,-67.587969
86.0,15.0,254.145832
87.0,15.0,329.772554
88.0,15.0,295.214348
89.0,15.0,127.639495
90.0,15.0,-135.201619
91.0,15.0,-282.037029
92.0,15.0,-310.068781
93.0,15.0,-286.040443
94.0,15.0,-190.720499
95.0,15.0,61.003335
96.0,15.0,343.231941
97.0,15.0,442.29487
98.0,15.0,306.921513
99.0,15.0,81.714136
100.0,15.0,-64.047188
101.0,15.0,-152.58179
102.0,15.0,-280.254665
103.0,15.0,-408.806608
104.0,15.0,-535.852625
105.0,15.0,-647.266898
106.0,15.0,-660.39582
107.0,15.0,-629.07742
108.0,15.0,-601.667857
109.0,15.0,-656.70424
110.0,15.0,-743.664847
111.0,15.0,-712.129319
112.0,15.0,-707.025471
113.0,15.0,-658.073518
114.0,15.0,-553.812199
115.0,15.0,-494.931281
116.0,15.0,-422.199682
117.0,15.0,-446.268176
118.0,15.0,-457.806045
119.0,15.0,-419.438518
120.0,15.0,-459.816458
121.0,15.0,-489.884843
122.0,15.0,-489.090309
123.0,15.0,-437.120512
124.0,15.0,-322.445114
125.0,15.0,-157.386444
126.0,15.0,7.998927
127.0,15.0,-4.913159
128.0,15.0,-152.041654
129.0,15.0,-233.578651
130.0,15.0,-328.8095
131.0,15.0,-411.892429
132.0,15.0,-458.828912
133.0,15.0,-455.339509
134.0,15.0,-373.378045
135.0,15.0,-223.978693
136.0,15.0,11.955397
137.0,15.0,198.666504
138.0,15.0,349.074495
139.0,15.0,563.903122
140.0,15.0,800.109423
141.0,15.0,1062.948701
142.0,15.0,1218.457336
143.0,15.0,1000.979483
144.0,15.0,690.457055
145.0,15.0,470.54225
146.0,15.0,202.46949
147.0,15.0,-253.677784
148.0,15.0,-478.838778
149.0,15.0,-440.907269
150.0,15.0,-287.696367
151.0,15.0,-91.951784
152.0,15.0,150.352187
153.0,15.0,280.221248
154.0,15.0,279.332715
155.0,15.0,217.000773
156.0,15.0,179.619619
157.0,15.0,220.388886
158.0,15.0,402.736331
159.0,15.0,462.012077
160.0,15.0,302.384351
161.0,15.0,252.400096
162.0,15.0,275.057696
163.0,15.0,156.879312
164.0,15.0,-82.597985
165.0,15.0,-131.060943
166.0,15.0,-95.017148
167.0,15.0,-169.39955
168.0,15.0,-257.043814
169.0,15.0,-231.171224
170.0,15.0,-227.296345
171.0,15.0,-265.286898
172.0,15.0,-262.961533
173.0,15.0,-230.818801
174.0,15.0,-157.722735
175.0,15.0,47.0441
176.0,15.0,170.968765
177.0,15.0,140.205052
178.0,15.0,-0.778111
179.0,15.0,-107.23845
180.0,15.0,-145.214092
181.0,15.0,-51.62456
182.0,15.0,194.555629
183.0,15.0,284.673118
184.0,15.0,166.684612
185.0,15.0,-28.503191
186.0,15.0,-125.456398
187.0,15.0,-183.485356
188.0,15.0,-156.221029
189.0,15.0,-85.697352
190.0,15.0,63.398073
191.0,15.0,357.155223
192.0,15.0,614.669442
193.0,15.0,712.019164
194.0,15.0,770.714768
195.0,15.0,640.343026
196.0,15.0,336.584862
197.0,15.0,18.99801
198.0,15.0,-128.277241
199.0,15.0,-26.787223
0.0,16.0,343.430565
1.0,16.0,385.462749
2.0,16.0,310.002934
3.0,16.0,232.073786
4.0,16.0,158.124758
5.0,16.0,21.918357
6.0,16.0,-3.643987
7.0,16.0,48.700261
8.0,16.0,-2.621592
9.0,16.0,-54.386579
10.0,16.0,9.86951
11.0,16.0,59.648921
12.0,16.0,12.838709
13.0,16.0,-13.039365
14.0,16.0,-62.821363
15.0,16.0,-195.654545
16.0,16.0,-329.206281
17.0,16.0,-424.444889
18.0,16.0,-436.551307
19.0,16.0,-417.958167
20.0,16.0,-495.195966
21.0,16.0,-544.143092
22.0,16.0,-526.967262
23.0,16.0,-462.940566
24.0,16.0,-398.480932
25.0,16.0,-364.011312
26.0,16.0,-357.531759
27.0,16.0,-286.172096
28.0,16.0,-171.770049
29.0,16.0,-109.713538
30.0,16.0,-62.521592
31.0,16.0,1.003193
32.0,16.0,-24.507013
33.0,16.0,-13.13432
34.0,16.0,91.495155
35.0,16.0,97.740784
36.0,16.0,-61.603329
37.0,16.0,-234.485043
38.0,16.0,-326.565664
39.0,16.0,-317.723009
40.0,16.0,-237.826716
41.0,16.0,-244.853248
42.0,16.0,-372.028724
43.0,16.0,-466.807158
44.0,16.0,-485.933811
45.0,16.0,-432.19789
46.0,16.0,-314.745106
47.0,16.0,-242.820642
48.0,16.0,-226.508564
49.0,16.0,-195.59468
50.0,16.0,-92.687933
51.0,16.0,32.378772
52.0,16.0,-78.39494
53.0,16.0,-185.785558
54.0,16.0,-150.892138
55.0,16.0,-96.075428
56.0,16.0,-157.064434
57.0,16.0,-320.710178
58.0,16.0,-427.319668
59.0,16.0,-394.566411
60.0,16.0,-361.197445
61.0,16.0,-305.096536
62.0,16.0,-262.073733
63.0,16.0,-239.989278
64.0,16.0,-241.085285
65.0,16.0,-277.14334
66.0,16.0,-289.084694
67.0,16.0,-318.713533
68.0,16.0,-302.193706
69.0,16.0,-225.442546
70.0,16.0,-158.435987
71.0,16.0,116.30254
72.0,16.0,366.225847
73.0,16.0,480.340302
74.0,16.0,529.686704
75.0,16.0,331.039675
76.0,16.0,-36.932773
77.0,16.0,-227.85537
78.0,16.0,-217.655216
79.0,16.0,-51.773523
80.0,16.0,-69.379117
81.0,16.0,-194.67285
82.0,16.0,-198.932039
83.0,16.0,-130.384116
84.0,16.0,-161.838886
85.0,16.0,-79.227217
86.0,16.0,197.137169
87.0,16.0,279.104686
88.0,16.0,232.973074
89.0,16.0,110.471774
90.0,16.0,-98.979222
91.0,16.0,-230.726598
92.0,16.0,-312.670689
93.0,16.0,-283.376829
94.0,16.0,-95.075215
95.0,16.0,183.569769
96.0,16.0,409.802418
97.0,16.0,469.875115
98.0,16.0,317.522277
99.0,16.0,95.085351
100.0,16.0,-4.223414
101.0,16.0,-159.498875
102.0,16.0,-352.450476
103.0,16.0,-394.771098
104.0,16.0,-429.410116
105.0,16.0,-513.938903
106.0,16.0,-542.38091
107.0,16.0,-522.667762
108.0,16.0,-582.887652
109.0,16.0,-697.887404
110.0,16.0,-748.841466
111.0,16.0,-691.499477
112.0,16.0,-689.123028
113.0,16.0,-671.379626
114.0,16.0,-571.168919
115.0,16.0,-493.703816
116.0,16.0,-380.6378
117.0,16.0,-368.474846
118.0,16.0,-389.06444
119.0,16.0,-390.643682
120.0,16.0,-467.803058
121.0,16.0,-490.948544
122.0,16.0,-500.580681
123.0,16.0,-511.534523
124.0,16.0,-463.214489
125.0,16.0,-255.867848
126.0,16.0,131.76906
127.0,16.0,199.462886
128.0,16.0,24.135069
129.0,16.0,-131.325
130.0,16.0,-228.67723
131.0,16.0,-313.031555
132.0,16.0,-409.231596
133.0,16.0,-412.253719
134.0,16.0,-358.2969
135.0,16.0,-250.334981
136.0,16.0,-50.713558
137.0,16.0,107.69105
138.0,16.0,301.871978
139.0,16.0,551.024018
140.0,16.0,684.537375
141.0,16.0,826.201684
142.0,16.0,1005.136495
143.0,16.0,999.077027
144.0,16.0,845.07847
145.0,16.0,576.49003
146.0,16.0,192.711505
147.0,16.0,-307.978372
148.0,16.0,-594.338071
149.0,16.0,-593.838652
150.0,16.0,-467.943807
151.0,16.0,-298.350121
152.0,16.0,-71.960354
153.0,16.0,143.994924
154.0,16.0,293.355123
155.0,16.0,380.449784
156.0,16.0,434.692967
157.0,16.0,470.812153
158.0,16.0,618.416238
159.0,16.0,784.273957
160.0,16.0,679.61685
161.0,16.0,516.971711
162.0,16.0,433.634676
163.0,16.0,297.587785
164.0,16.0,144.530281
165.0,16.0,116.823392
166.0,16.0,111.093972
167.0,16.0,20.147942
168.0,16.0,-128.300592
169.0,16.0,-221.670138
170.0,16.0,-261.206458
171.0,16.0,-324.551535
172.0,16.0,-344.493841
173.0,16.0,-315.553977
174.0,16.0,-212.713999
175.0,16.0,-64.623585
176.0,16.0,66.314358
177.0,16.0,79.621432
178.0,16.0,-41.691798
179.0,16.0,-85.970651
180.0,16.0,26.229635
181.0,16.0,172.772804
182.0,16.0,329.146401
183.0,16.0,331.929868
184.0,16.0,146.680197
185.0,16.0,-39.464507
186.0,16.0,-99.362953
187.0,16.0,-108.133134
188.0,16.0,6.176874
189.0,16.0,198.143354
190.0,16.0,456.209041
191.0,16.0,780.5103
192.0,16.0,999.249399
193.0,16.0,956.363828
194.0,16.0,973.580845
195.0,16.0,896.363215
196.0,16.0,631.842583
197.0,16.0,344.847886
198.0,16.0,214.232734
199.0,16.0,212.345912
0.0,17.0,283.349215
1.0,17.0,283.270362
2.0,17.0,231.89138
3.0,17.0,166.136227
4.0,17.0,41.187077
5.0,17.0,-99.358185
6.0,17.0,-140.564325
7.0,17.0,-146.866818
8.0,17.0,-155.907385
9.0,17.0,-137.458719
10.0,17.0,-90.120767
11.0,17.0,-99.088452
12.0,17.0,-116.10373
13.0,17.0,-91.889537
14.0,17.0,-129.551321
15.0,17.0,-270.10623
16.0,17.0,-384.80363
17.0,17.0,-481.121369
18.0,17.0,-497.623771
19.0,17.0,-449.38357
20.0,17.0,-515.043367
21.0,17.0,-552.545853
22.0,17.0,-511.944064
23.0,17.0,-468.849574
24.0,17.0,-451.101017
25.0,17.0,-453.678175
26.0,17.0,-418.67795
27.0,17.0,-295.217725
28.0,17.0,-176.810508
29.0,17.0,-139.973141
30.0,17.0,-67.067596
31.0,17.0,63.109971
32.0,17.0,68.598114
33.0,17.0,62.565204
34.0,17.0,89.706051
35.0,17.0,56.25522
36.0,17.0,-122.836596
37.0,17.0,-317.178099
38.0,17.0,-409.050352
39.0,17.0,-427.995171
40.0,17.0,-365.331513
41.0,17.0,-350.050927
42.0,17.0,-411.928539
43.0,17.0,-477.767068
44.0,17.0,-498.827509
45.0,17.0,-466.364616
46.0,17.0,-419.908308
47.0,17.0,-384.867924
48.0,17.0,-370.344058
49.0,17.0,-334.537333
50.0,17.0,-227.075033
51.0,17.0,-128.438246
52.0,17.0,-182.901099
53.0,17.0,-256.421122
54.0,17.0,-248.940455
55.0,17.0,-200.484025
56.0,17.0,-233.502302
57.0,17.0,-330.558021
58.0,17.0,-409.63042
59.0,17.0,-368.947046
60.0,17.0,-354.784591
61.0,17.0,-342.463105
62.0,17.0,-314.063145
63.0,17.0,-328.887371
64.0,17.0,-392.607087
65.0,17.0,-410.748068
66.0,17.0,-383.906233
67.0,17.0,-327.233215
68.0,17.0,-243.542279
69.0,17.0,-219.209728
70.0,17.0,-168.897459
71.0,17.0,65.530738
72.0,17.0,282.330544
73.0,17.0,396.737905
74.0,17.0,438.578997
75.0,17.0,224.918152
76.0,17.0,-122.932856
77.0,17.0,-247.283714
78.0,17.0,-168.744344
79.0,17.0,44.849656
80.0,17.0,-20.816254
81.0,17.0,-161.510026
82.0,17.0,-202.732457
83.0,17.0,-136.954438
84.0,17.0,-56.048957
85.0,17.0,35.103223
86.0,17.0,155.59885
87.0,17.0,238.744912
88.0,17.0,226.627257
89.0,17.0,160.621305
90.0,17.0,-13.553914
91.0,17.0,-188.548467
92.0,17.0,-300.775612
93.0,17.0,-187.146989
94.0,17.0,44.480972
95.0,17.0,213.76812
96.0,17.0,371.431154
97.0,17.0,376.78162
98.0,17.0,251.778634
99.0,17.0,143.162601
100.0,17.0,51.186751
101.0,17.0,-186.259362
102.0,17.0,-430.399061
103.0,17.0,-418.622973
104.0,17.0,-331.331719
105.0,17.0,-354.385197
106.0,17.0,-425.89663
107.0,17.0,-452.48488
108.0,17.0,-579.937988
109.0,17.0,-737.020382
110.0,17.0,-757.781454
111.0,17.0,-679.414957
112.0,17.0,-631.974116
113.0,17.0,-639.665103
114.0,17.0,-555.602689
115.0,17.0,-466.993764
116.0,17.0,-368.793829
117.0,17.0,-304.399938
118.0,17.0,-342.697186
119.0,17.0,-393.538533
120.0,17.0,-480.48951
121.0,17.0,-564.757634
122.0,17.0,-572.827364
123.0,17.0,-552.43347
124.0,17.0,-551.419511
125.0,17.0,-390.065902
126.0,17.0,-7.194823
127.0,17.0,225.64141
128.0,17.0,182.160556
129.0,17.0,55.531423
130.0,17.0,17.114567
131.0,17.0,-85.184972
132.0,17.0,-205.925721
133.0,17.0,-243.852548
134.0,17.0,-298.472774
135.0,17.0,-264.751278
136.0,17.0,-154.973116
137.0,17.0,-120.351502
138.0,17.0,22.665275
139.0,17.0,305.572843
140.0,17.0,420.717607
141.0,17.0,563.82917
142.0,17.0,735.799709
143.0,17.0,798.670796
144.0,17.0,777.460478
145.0,17.0,551.451471
146.0,17.0,159.373856
147.0,17.0,-352.191777
148.0,17.0,-675.767224
149.0,17.0,-749.205028
150.0,17.0,-674.348066
151.0,17.0,-547.992295
152.0,17.0,-381.560927
153.0,17.0,-154.510915
154.0,17.0,177.602009
155.0,17.0,425.405959
156.0,17.0,544.316409
157.0,17.0,619.15592
158.0,17.0,760.9779
159.0,17.0,915.677785
160.0,17.0,895.342361
161.0,17.0,731.117796
162.0,17.0,625.114215
163.0,17.0,493.548427
164.0,17.0,405.015757
165.0,17.0,372.204955
166.0,17.0,314.10232
167.0,17.0,250.408843
168.0,17.0,108.342741
169.0,17.0,-95.771786
170.0,17.0,-187.978033
171.0,17.0,-259.809662
172.0,17.0,-311.851528
173.0,17.0,-330.813808
174.0,17.0,-315.747654
175.0,17.0,-285.423732
176.0,17.0,-251.155392
177.0,17.0,-224.190688
178.0,17.0,-241.905193
179.0,17.0,-110.695617
180.0,17.0,143.952945
181.0,17.0,281.601362
182.0,17.0,325.536888
183.0,17.0,250.401819
184.0,17.0,13.087973
185.0,17.0,-127.073979
186.0,17.0,-188.19655
187.0,17.0,-107.341926
188.0,17.0,143.25282
189.0,17.0,387.946557
190.0,17.0,717.908268
191.0,17.0,1077.52362
192.0,17.0,1323.583512
193.0,17.0,1212.618859
194.0,17.0,1128.098518
195.0,17.0,1079.234966
196.0,17.0,891.051998
197.0,17.0,622.914285
198.0,17.0,432.237795
199.0,17.0,294.880268
0.0,18.0,198.485958
1.0,18.0,202.774686
2.0,18.0,204.744233
3.0,18.0,174.54149
4.0,18.0,58.149055
5.0,18.0,-73.641009
6.0,18.0,-133.073325
7.0,18.0,-171.042063
8.0,18.0,-183.378393
9.0,18.0,-162.20935
10.0,18.0,-183.030428
11.0,18.0,-219.438458
12.0,18.0,-176.659517
13.0,18.0,-87.525021
14.0,18.0,-101.432407
15.0,18.0,-241.277599
16.0,18.0,-355.547075
17.0,18.0,-455.767993
18.0,18.0,-487.684804
19.0,18.0,-439.670123
20.0,18.0,-454.180571
21.0,18.0,-471.453834
22.0,18.0,-448.729964
23.0,18.0,-428.245028
24.0,18.0,-437.304631
25.0,18.0,-457.890334
26.0,18.0,-412.391532
27.0,18.0,-300.80365
28.0,18.0,-188.661309
29.0,18.0,-116.011533
30.0,18.0,-74.801839
31.0,18.0,-3.980565
32.0,18.0,14.918246
33.0,18.0,28.792497
34.0,18.0,26.698337
35.0,18.0,-67.153696
36.0,18.0,-199.370087
37.0,18.0,-366.413343
38.0,18.0,-425.047238
39.0,18.0,-482.916206
40.0,18.0,-500.900599
41.0,18.0,-453.013294
42.0,18.0,-385.89065
43.0,18.0,-408.454067
44.0,18.0,-444.638894
45.0,18.0,-435.512079
46.0,18.0,-450.968551
47.0,18.0,-459.309714
48.0,18.0,-424.702739
49.0,18.0,-395.524468
50.0,18.0,-328.629418
51.0,18.0,-282.079705
52.0,18.0,-251.661746
53.0,18.0,-254.803011
54.0,18.0,-277.798044
55.0,18.0,-274.356633
56.0,18.0,-338.105193
57.0,18.0,-419.737941
58.0,18.0,-445.135529
59.0,18.0,-437.055707
60.0,18.0,-458.683746
61.0,18.0,-434.149075
62.0,18.0,-385.820124
63.0,18.0,-423.709127
64.0,18.0,-517.449896
65.0,18.0,-508.408633
66.0,18.0,-424.344608
67.0,18.0,-304.774911
68.0,18.0,-130.301002
69.0,18.0,-57.636679
70.0,18.0,-57.523175
71.0,18.0,23.809927
72.0,18.0,103.614483
73.0,18.0,192.602362
74.0,18.0,268.672337
75.0,18.0,142.597474
76.0,18.0,-117.031855
77.0,18.0,-228.692449
78.0,18.0,-127.999721
79.0,18.0,69.58942
80.0,18.0,-49.999977
81.0,18.0,-187.11431
82.0,18.0,-198.934155
83.0,18.0,-140.026937
84.0,18.0,72.487633
85.0,18.0,209.350115
86.0,18.0,204.405835
87.0,18.0,202.756183
88.0,18.0,167.491643
89.0,18.0,158.506835
90.0,18.0,-6.081626
91.0,18.0,-158.3062
92.0,18.0,-265.365344
93.0,18.0,-127.077367
94.0,18.0,57.26082
95.0,18.0,175.725813
96.0,18.0,308.126107
97.0,18.0,311.397636
98.0,18.0,167.106854
99.0,18.0,134.031939
100.0,18.0,34.38191
101.0,18.0,-229.507303
102.0,18.0,-452.787145
103.0,18.0,-431.868361
104.0,18.0,-291.882716
105.0,18.0,-246.685523
106.0,18.0,-295.185283
107.0,18.0,-366.732927
108.0,18.0,-570.347906
109.0,18.0,-762.069322
110.0,18.0,-769.786967
111.0,18.0,-667.428282
112.0,18.0,-591.917389
113.0,18.0,-629.983209
114.0,18.0,-541.286125
115.0,18.0,-419.657242
116.0,18.0,-343.767245
117.0,18.0,-297.598534
118.0,18.0,-363.067225
119.0,18.0,-478.411063
120.0,18.0,-554.91063
121.0,18.0,-631.176063
122.0,18.0,-642.631106
123.0,18.0,-617.491412
124.0,18.0,-654.469012
125.0,18.0,-563.888705
126.0,18.0,-294.827303
127.0,18.0,-13.117438
128.0,18.0,114.5926
129.0,18.0,196.82522
130.0,18.0,279.610018
131.0,18.0,210.656062
132.0,18.0,124.298735
133.0,18.0,119.729545
134.0,18.0,10.48074
135.0,18.0,-125.503177
136.0,18.0,-153.340921
137.0,18.0,-157.071135
138.0,18.0,-115.683921
139.0,18.0,101.210319
140.0,18.0,208.817452
141.0,18.0,298.873409
142.0,18.0,429.231959
143.0,18.0,564.841801
144.0,18.0,621.700622
145.0,18.0,508.669597
146.0,18.0,157.7184
147.0,18.0,-262.878748
148.0,18.0,-558.405275
149.0,18.0,-711.11131
150.0,18.0,-671.204306
151.0,18.0,-626.118009
152.0,18.0,-607.687889
153.0,18.0,-484.764457
154.0,18.0,-203.596601
155.0,18.0,93.057275
156.0,18.0,300.570117
157.0,18.0,449.335124
158.0,18.0,655.641096
159.0,18.0,743.864541
160.0,18.0,761.969971
161.0,18.0,698.698462
162.0,18.0,610.623912
163.0,18.0,512.680304
164.0,18.0,447.973166
165.0,18.0,468.979542
166.0,18.0,469.937551
167.0,18.0,442.495074
168.0,18.0,322.37079
169.0,18.0,75.863432
170.0,18.0,-130.851265
171.0,18.0,-230.641545
172.0,18.0,-297.555352
173.0,18.0,-324.042605
174.0,18.0,-391.52475
175.0,18.0,-413.590394
176.0,18.0,-395.290836
177.0,18.0,-368.56996
178.0,18.0,-359.588198
179.0,18.0,-235.497584
180.0,18.0,-11.745483
181.0,18.0,159.324655
182.0,18.0,153.350431
183.0,18.0,58.29086
184.0,18.0,-65.116954
185.0,18.0,-94.21768
186.0,18.0,-88.243953
187.0,18.0,95.291617
188.0,18.0,337.445728
189.0,18.0,553.079368
190.0,18.0,795.986743
191.0,18.0,1037.346157
192.0,18.0,1259.565455
193.0,18.0,1324.876458
194.0,18.0,1322.968476
195.0,18.0,1223.916719
196.0,18.0,993.524153
197.0,18.0,703.843502
198.0,18.0,532.358155
199.0,18.0,370.292123
0.0,19.0,124.384347
1.0,19.0,123.043548
2.0,19.0,215.256267
3.0,19.0,244.912166
4.0,19.0,142.826515
5.0,19.0,-42.262399
6.0,19.0,-117.718279
7.0,19.0,-132.531901
8.0,19.0,-165.497362
9.0,19.0,-178.180954
10.0,19.0,-218.176997
11.0,19.0,-241.989532
12.0,19.0,-204.751169
13.0,19.0,-108.605716
14.0,19.0,-96.019708
15.0,19.0,-208.216769
16.0,19.0,-304.489922
17.0,19.0,-394.616157
18.0,19.0,-413.055882
19.0,19.0,-375.084055
20.0,19.0,-377.602566
21.0,19.0,-392.258132
22.0,19.0,-387.392295
23.0,19.0,-370.068538
24.0,19.0,-396.91912
25.0,19.0,-450.527249
26.0,19.0,-429.671036
27.0,19.0,-363.002028
28.0,19.0,-265.983929
29.0,19.0,-167.037849
30.0,19.0,-148.447324
31.0,19.0,-115.053843
32.0,19.0,-51.463687
33.0,19.0,4.205361
34.0,19.0,-42.225782
35.0,19.0,-135.987446
36.0,19.0,-234.903
37.0,19.0,-391.557246
38.0,19.0,-447.127243
39.0,19.0,-466.658809
40.0,19.0,-492.670081
41.0,19.0,-451.493252
42.0,19.0,-362.744851
43.0,19.0,-352.407351
44.0,19.0,-383.485259
45.0,19.0,-383.291304
46.0,19.0,-402.161396
47.0,19.0,-430.314076
48.0,19.0,-407.794991
49.0,19.0,-357.533055
50.0,19.0,-337.059122
51.0,19.0,-342.296622
52.0,19.0,-267.217921
53.0,19.0,-244.784903
54.0,19.0,-257.247604
55.0,19.0,-311.871477
56.0,19.0,-490.785167
57.0,19.0,-601.827882
58.0,19.0,-582.112049
59.0,19.0,-542.761852
60.0,19.0,-504.218996
61.0,19.0,-460.046369
62.0,19.0,-441.499189
63.0,19.0,-514.067381
64.0,19.0,-596.932652
65.0,19.0,-538.367243
66.0,19.0,-395.240888
67.0,19.0,-247.287059
68.0,19.0,9.946798
69.0,19.0,174.823929
70.0,19.0,148.55252
71.0,19.0,68.421468
72.0,19.0,-22.819377
73.0,19.0,22.11265
74.0,19.0,103.696453
75.0,19.0,14.870059
76.0,19.0,-61.867134
77.0,19.0,-94.268046
78.0,19.0,-71.705954
79.0,19.0,26.058737
80.0,19.0,-62.695056
81.0,19.0,-217.030613
82.0,19.0,-208.417812
83.0,19.0,-107.678803
84.0,19.0,125.516784
85.0,19.0,272.057965
86.0,19.0,238.783596
87.0,19.0,139.729094
88.0,19.0,62.556647
89.0,19.0,87.441134
90.0,19.0,-95.26501
91.0,19.0,-171.724828
92.0,19.0,-193.728329
93.0,19.0,-68.078241
94.0,19.0,69.55881
95.0,19.0,187.127827
96.0,19.0,283.28422
97.0,19.0,232.666477
98.0,19.0,66.054282
99.0,19.0,37.568845
100.0,19.0,-71.081865
101.0,19.0,-265.663422
102.0,19.0,-427.606976
103.0,19.0,-388.438114
104.0,19.0,-229.865759
105.0,19.0,-164.954661
106.0,19.0,-198.08707
107.0,19.0,-306.018505
108.0,19.0,-536.062207
109.0,19.0,-710.306773
110.0,19.0,-739.221408
111.0,19.0,-626.19025
112.0,19.0,-584.289573
113.0,19.0,-615.468105
114.0,19.0,-482.131979
115.0,19.0,-335.522091
116.0,19.0,-333.127199
117.0,19.0,-335.409044
118.0,19.0,-373.850843
119.0,19.0,-508.506355
120.0,19.0,-608.095049
121.0,19.0,-691.750492
122.0,19.0,-682.509641
123.0,19.0,-676.224
124.0,19.0,-749.075393
125.0,19.0,-743.133884
126.0,19.0,-586.444995
127.0,19.0,-348.038938
128.0,19.0,-167.812143
129.0,19.0,84.426532
130.0,19.0,388.52754
131.0,19.0,428.026722
132.0,19.0,387.532106
133.0,19.0,350.083181
134.0,19.0,232.979318
135.0,19.0,94.162749
136.0,19.0,23.671736
137.0,19.0,-63.385735
138.0,19.0,-92.748285
139.0,19.0,-80.638726
140.0,19.0,-52.243335
141.0,19.0,23.629639
142.0,19.0,145.185737
143.0,19.0,274.375491
144.0,19.0,390.574876
145.0,19.0,427.551937
146.0,19.0,203.315601
147.0,19.0,-109.845938
148.0,19.0,-320.806433
149.0,19.0,-488.086266
150.0,19.0,-553.359898
151.0,19.0,-604.850333
152.0,19.0,-684.127603
153.0,19.0,-693.303067
154.0,19.0,-539.295044
155.0,19.0,-330.069371
156.0,19.0,-73.434569
157.0,19.0,211.19141
158.0,19.0,452.063021
159.0,19.0,536.872577
160.0,19.0,518.924011
161.0,19.0,461.63326
162.0,19.0,369.205486
163.0,19.0,307.973164
164.0,19.0,354.350672
165.0,19.0,374.918803
166.0,19.0,391.986273
167.0,19.0,391.613283
168.0,19.0,307.173997
169.0,19.0,119.141751
170.0,19.0,-102.255307
171.0,19.0,-236.835103
172.0,19.0,-305.75573
173.0,19.0,-323.891417
174.0,19.0,-400.524629
175.0,19.0,-437.619313
176.0,19.0,-406.8299
177.0,19.0,-399.651003
178.0,19.0,-433.112542
179.0,19.0,-432.195758
180.0,19.0,-301.018142
181.0,19.0,-166.139101
182.0,19.0,-127.062888
183.0,19.0,-87.043957
184.0,19.0,-93.268107
185.0,19.0,-117.880567
186.0,19.0,-67.380068
187.0,19.0,168.47953
188.0,19.0,407.603431
189.0,19.0,637.134525
190.0,19.0,823.599655
191.0,19.0,933.468307
192.0,19.0,1111.35198
193.0,19.0,1271.571551
194.0,19.0,1299.618184
195.0,19.0,1171.724055
196.0,19.0,934.349285
197.0,19.0,669.304862
198.0,19.0,525.396136
199.0,19.0,352.982388
0.0,20.0,18.942248
1.0,20.0,31.163043
2.0,20.0,126.319009
3.0,20.0,202.663893
4.0,20.0,151.233428
5.0,20.0,-67.927035
6.0,20.0,-165.040311
7.0,20.0,-158.23827
8.0,20.0,-178.498657
9.0,20.0,-168.408393
10.0,20.0,-194.129925
11.0,20.0,-194.151099
12.0,20.0,-190.32342
13.0,20.0,-141.172949
14.0,20.0,-173.963939
15.0,20.0,-273.84381
16.0,20.0,-312.228974
17.0,20.0,-330.962036
18.0,20.0,-334.217728
19.0,20.0,-317.772672
20.0,20.0,-355.407094
21.0,20.0,-402.355721
22.0,20.0,-425.222333
23.0,20.0,-412.033875
24.0,20.0,-439.169772
25.0,20.0,-501.441868
26.0,20.0,-509.419335
27.0,20.0,-448.355786
28.0,20.0,-338.645549
29.0,20.0,-244.184563
30.0,20.0,-180.569908
31.0,20.0,-136.902541
32.0,20.0,-73.489775
33.0,20.0,-23.511483
34.0,20.0,-76.409414
35.0,20.0,-146.251252
36.0,20.0,-227.288967
37.0,20.0,-346.071764
38.0,20.0,-389.304001
39.0,20.0,-372.298535
40.0,20.0,-388.434598
41.0,20.0,-377.683453
42.0,20.0,-351.89721
43.0,20.0,-334.068306
44.0,20.0,-347.643875
45.0,20.0,-363.955561
46.0,20.0,-371.211248
47.0,20.0,-365.281864
48.0,20.0,-342.586632
49.0,20.0,-252.828042
50.0,20.0,-245.814361
51.0,20.0,-307.662146
52.0,20.0,-255.792711
53.0,20.0,-276.278304
54.0,20.0,-298.174089
55.0,20.0,-367.182199
56.0,20.0,-586.59193
57.0,20.0,-720.153197
58.0,20.0,-683.204286
59.0,20.0,-616.353927
60.0,20.0,-533.694599
61.0,20.0,-497.578668
62.0,20.0,-478.165593
63.0,20.0,-517.288661
64.0,20.0,-586.057237
65.0,20.0,-547.171571
66.0,20.0,-399.249324
67.0,20.0,-271.429882
68.0,20.0,-26.550193
69.0,20.0,216.833436
70.0,20.0,241.608793
71.0,20.0,156.702331
72.0,20.0,-16.757271
73.0,20.0,-80.800874
74.0,20.0,-45.378691
75.0,20.0,-57.730084
76.0,20.0,-21.458986
77.0,20.0,10.679717
78.0,20.0,-28.925094
79.0,20.0,-43.560168
80.0,20.0,-43.135307
81.0,20.0,-199.647672
82.0,20.0,-194.180411
83.0,20.0,-54.847922
84.0,20.0,136.294499
85.0,20.0,231.916263
86.0,20.0,187.128787
87.0,20.0,65.04491
88.0,20.0,-33.735223
89.0,20.0,13.1313
90.0,20.0,-120.250423
91.0,20.0,-151.175662
92.0,20.0,-57.235932
93.0,20.0,45.119621
94.0,20.0,114.097977
95.0,20.0,209.799537
96.0,20.0,196.450632
97.0,20.0,75.60191
98.0,20.0,-15.315312
99.0,20.0,-30.51184
100.0,20.0,-191.056045
101.0,20.0,-361.678649
102.0,20.0,-423.373313
103.0,20.0,-324.219552
104.0,20.0,-119.455958
105.0,20.0,-72.329375
106.0,20.0,-155.78286
107.0,20.0,-310.926995
108.0,20.0,-517.345017
109.0,20.0,-640.671396
110.0,20.0,-646.483277
111.0,20.0,-549.628255
112.0,20.0,-582.208668
113.0,20.0,-581.851653
114.0,20.0,-419.370374
115.0,20.0,-278.652273
116.0,20.0,-331.672033
117.0,20.0,-360.313831
118.0,20.0,-375.718865
119.0,20.0,-506.034686
120.0,20.0,-647.693875
121.0,20.0,-790.897618
122.0,20.0,-791.037729
123.0,20.0,-767.258929
124.0,20.0,-758.094359
125.0,20.0,-752.930661
126.0,20.0,-699.266419
127.0,20.0,-513.900959
128.0,20.0,-328.818581
129.0,20.0,-120.081842
130.0,20.0,270.483036
131.0,20.0,439.335329
132.0,20.0,412.220442
133.0,20.0,366.603696
134.0,20.0,267.960833
135.0,20.0,219.522413
136.0,20.0,212.860234
137.0,20.0,99.024085
138.0,20.0,-28.11905
139.0,20.0,-137.297333
140.0,20.0,-200.981663
141.0,20.0,-92.029427
142.0,20.0,39.195049
143.0,20.0,151.677109
144.0,20.0,249.101282
145.0,20.0,250.280727
146.0,20.0,96.739505
147.0,20.0,-137.255064
148.0,20.0,-257.680696
149.0,20.0,-363.640346
150.0,20.0,-496.511227
151.0,20.0,-559.264431
152.0,20.0,-602.321887
153.0,20.0,-670.032258
154.0,20.0,-629.770135
155.0,20.0,-472.548484
156.0,20.0,-229.793524
157.0,20.0,71.545964
158.0,20.0,325.629102
159.0,20.0,438.972365
160.0,20.0,336.984048
161.0,20.0,206.237913
162.0,20.0,139.342799
163.0,20.0,155.224727
164.0,20.0,263.54637
165.0,20.0,260.206769
166.0,20.0,180.358044
167.0,20.0,124.968734
168.0,20.0,97.768502
169.0,20.0,1.295493
170.0,20.0,-162.463437
171.0,20.0,-242.470713
172.0,20.0,-297.703244
173.0,20.0,-321.561231
174.0,20.0,-374.252998
175.0,20.0,-412.679995
176.0,20.0,-429.768281
177.0,20.0,-485.755515
178.0,20.0,-530.687491
179.0,20.0,-568.438361
180.0,20.0,-511.086055
181.0,20.0,-372.587421
182.0,20.0,-274.862839
183.0,20.0,-177.291601
184.0,20.0,-127.571805
185.0,20.0,-101.912921
186.0,20.0,-53.459123
187.0,20.0,143.062728
188.0,20.0,376.778213
189.0,20.0,620.547551
190.0,20.0,786.490224
191.0,20.0,844.889531
192.0,20.0,982.292345
193.0,20.0,1241.376111
194.0,20.0,1321.86938
195.0,20.0,1149.140933
196.0,20.0,934.863028
197.0,20.0,676.812448
198.0,20.0,453.664402
199.0,20.0,220.632418
0.0,21.0,-139.159764
1.0,21.0,-133.446116
2.0,21.0,-85.020144
3.0,21.0,12.585749
4.0,21.0,14.814995
5.0,21.0,-130.662544
6.0,21.0,-184.20587
7.0,21.0,-170.765211
8.0,21.0,-194.111884
9.0,21.0,-156.860979
10.0,21.0,-151.978471
11.0,21.0,-123.844407
12.0,21.0,-85.821797
13.0,21.0,-55.517512
14.0,21.0,-124.882986
15.0,21.0,-239.407619
16.0,21.0,-312.362529
17.0,21.0,-321.284534
18.0,21.0,-290.309508
19.0,21.0,-281.73083
20.0,21.0,-360.298162
21.0,21.0,-456.231596
22.0,21.0,-507.166744
23.0,21.0,-508.632984
24.0,21.0,-486.759132
25.0,21.0,-471.807507
26.0,21.0,-474.938702
27.0,21.0,-447.308526
28.0,21.0,-377.416803
29.0,21.0,-279.025149
30.0,21.0,-176.222848
31.0,21.0,-118.44251
32.0,21.0,-120.325957
33.0,21.0,-147.955052
34.0,21.0,-207.133674
35.0,21.0,-212.088286
36.0,21.0,-216.303425
37.0,21.0,-226.857433
38.0,21.0,-263.492289
39.0,21.0,-288.939539
40.0,21.0,-328.114506
41.0,21.0,-372.310802
42.0,21.0,-402.391032
43.0,21.0,-363.004907
44.0,21.0,-312.737458
45.0,21.0,-353.304684
46.0,21.0,-384.290395
47.0,21.0,-380.717103
48.0,21.0,-321.504155
49.0,21.0,-255.855586
50.0,21.0,-299.838653
51.0,21.0,-364.556441
52.0,21.0,-289.643241
53.0,21.0,-273.075897
54.0,21.0,-276.409628
55.0,21.0,-370.971557
56.0,21.0,-571.629088
57.0,21.0,-726.17825
58.0,21.0,-736.024564
59.0,21.0,-679.920971
60.0,21.0,-621.252247
61.0,21.0,-569.156115
62.0,21.0,-505.905505
63.0,21.0,-483.194716
64.0,21.0,-524.436079
65.0,21.0,-541.321176
66.0,21.0,-442.827688
67.0,21.0,-335.538427
68.0,21.0,-153.662314
69.0,21.0,100.290889
70.0,21.0,202.970264
71.0,21.0,182.928066
72.0,21.0,44.478885
73.0,21.0,-122.309054
74.0,21.0,-141.579375
75.0,21.0,-106.920142
76.0,21.0,-82.640234
77.0,21.0,-7.393172
78.0,21.0,-31.102381
79.0,21.0,-69.921374
80.0,21.0,-26.221384
81.0,21.0,-143.537566
82.0,21.0,-191.766298
83.0,21.0,-76.962729
84.0,21.0,73.286452
85.0,21.0,129.218166
86.0,21.0,75.49564
87.0,21.0,-36.943372
88.0,21.0,-52.253867
89.0,21.0,1.061467
90.0,21.0,-47.823656
91.0,21.0,-33.502105
92.0,21.0,62.079506
93.0,21.0,86.561398
94.0,21.0,72.25928
95.0,21.0,106.820955
96.0,21.0,-12.406264
97.0,21.0,-89.956978
98.0,21.0,-43.779613
99.0,21.0,-53.26916
100.0,21.0,-216.776694
101.0,21.0,-380.002229
102.0,21.0,-378.845719
103.0,21.0,-186.973435
104.0,21.0,31.407343
105.0,21.0,-32.591743
106.0,21.0,-172.055498
107.0,21.0,-328.910698
108.0,21.0,-481.743504
109.0,21.0,-593.353811
110.0,21.0,-560.608254
111.0,21.0,-548.878506
112.0,21.0,-640.501725
113.0,21.0,-575.753031
114.0,21.0,-359.418493
115.0,21.0,-217.700355
116.0,21.0,-239.849223
117.0,21.0,-293.960189
118.0,21.0,-348.99695
119.0,21.0,-526.349121
120.0,21.0,-726.972062
121.0,21.0,-916.732848
122.0,21.0,-913.855564
123.0,21.0,-814.699427
124.0,21.0,-716.969886
125.0,21.0,-686.258178
126.0,21.0,-682.625202
127.0,21.0,-560.982134
128.0,21.0,-439.971141
129.0,21.0,-275.383479
130.0,21.0,2.09574
131.0,21.0,257.291537
132.0,21.0,358.808683
133.0,21.0,384.167604
134.0,21.0,369.959388
135.0,21.0,363.337703
136.0,21.0,296.852607
137.0,21.0,168.868831
138.0,21.0,42.175888
139.0,21.0,-110.459385
140.0,21.0,-219.890348
141.0,21.0,-146.045882
142.0,21.0,-57.438946
143.0,21.0,44.646099
144.0,21.0,117.911583
145.0,21.0,53.789653
146.0,21.0,-94.108497
147.0,21.0,-208.855722
148.0,21.0,-196.280069
149.0,21.0,-240.473084
150.0,21.0,-408.576628
151.0,21.0,-481.494848
152.0,21.0,-501.108391
153.0,21.0,-535.128718
154.0,21.0,-573.026392
155.0,21.0,-498.199364
156.0,21.0,-284.282313
157.0,21.0,-76.68526
158.0,21.0,144.956164
159.0,21.0,370.684052
160.0,21.0,377.625562
161.0,21.0,184.004688
162.0,21.0,80.847321
163.0,21.0,125.026196
164.0,21.0,174.54529
165.0,21.0,188.049914
166.0,21.0,118.540591
167.0,21.0,0.114409
168.0,21.0,-18.125505
169.0,21.0,22.991096
170.0,21.0,-127.988913
171.0,21.0,-276.170464
172.0,21.0,-339.789621
173.0,21.0,-367.147611
174.0,21.0,-331.516816
175.0,21.0,-294.403651
176.0,21.0,-297.846495
177.0,21.0,-358.881812
178.0,21.0,-406.599503
179.0,21.0,-516.518068
180.0,21.0,-546.349228
181.0,21.0,-457.347996
182.0,21.0,-319.458622
183.0,21.0,-129.782393
184.0,21.0,-12.232128
185.0,21.0,45.032032
186.0,21.0,22.925335
187.0,21.0,6.877304
188.0,21.0,193.827856
189.0,21.0,491.305188
190.0,21.0,714.456816
191.0,21.0,862.969402
192.0,21.0,1064.089442
193.0,21.0,1350.159825
194.0,21.0,1443.337604
195.0,21.0,1235.872049
196.0,21.0,940.459804
197.0,21.0,618.036339
198.0,21.0,305.649078
199.0,21.0,-12.362132
0.0,22.0,-179.949851
1.0,22.0,-189.025504
2.0,22.0,-171.288132
3.0,22.0,-109.675335
4.0,22.0,-128.094195
5.0,22.0,-169.799995
6.0,22.0,-139.400793
7.0,22.0,-128.897803
8.0,22.0,-198.368026
9.0,22.0,-201.759801
10.0,22.0,-185.308611
11.0,22.0,-158.867754
12.0,22.0,-75.940629
13.0,22.0,-5.612086
14.0,22.0,-5.962457
15.0,22.0,-99.763302
16.0,22.0,-234.895129
17.0,22.0,-292.529376
18.0,22.0,-257.638235
19.0,22.0,-205.205228
20.0,22.0,-257.517032
21.0,22.0,-376.213293
22.0,22.0,-478.955389
23.0,22.0,-519.573366
24.0,22.0,-492.791215
25.0,22.0,-441.785958
26.0,22.0,-384.926289
27.0,22.0,-339.243732
28.0,22.0,-316.168592
29.0,22.0,-265.271109
30.0,22.0,-176.071321
31.0,22.0,-153.983025
32.0,22.0,-208.208136
33.0,22.0,-260.340531
34.0,22.0,-285.709266
35.0,22.0,-226.008721
36.0,22.0,-165.43666
37.0,22.0,-114.437476
38.0,22.0,-177.226406
39.0,22.0,-282.865564
40.0,22.0,-350.44004
41.0,22.0,-428.132024
42.0,22.0,-474.547705
43.0,22.0,-417.980666
44.0,22.0,-324.799587
45.0,22.0,-353.038147
46.0,22.0,-387.842463
47.0,22.0,-362.179634
48.0,22.0,-314.368471
49.0,22.0,-350.190817
50.0,22.0,-454.965795
51.0,22.0,-460.438468
52.0,22.0,-330.797752
53.0,22.0,-223.611728
54.0,22.0,-232.222104
55.0,22.0,-353.371327
56.0,22.0,-510.841628
57.0,22.0,-671.335527
58.0,22.0,-739.527584
59.0,22.0,-722.953551
60.0,22.0,-695.955928
61.0,22.0,-622.674059
62.0,22.0,-558.445171
63.0,22.0,-502.156423
64.0,22.0,-519.047597
65.0,22.0,-562.428574
66.0,22.0,-498.787297
67.0,22.0,-408.67896
68.0,22.0,-287.002449
69.0,22.0,-59.083553
70.0,22.0,96.678144
71.0,22.0,83.018792
72.0,22.0,-5.188398
73.0,22.0,-96.878275
74.0,22.0,-107.020871
75.0,22.0,-98.03697
76.0,22.0,-110.044792
77.0,22.0,-14.614085
78.0,22.0,-48.823623
79.0,22.0,-91.352493
80.0,22.0,-53.411297
81.0,22.0,-126.14004
82.0,22.0,-236.183946
83.0,22.0,-130.50216
84.0,22.0,-67.809775
85.0,22.0,-99.730813
86.0,22.0,-126.96406
87.0,22.0,-145.520137
88.0,22.0,-30.102511
89.0,22.0,83.847557
90.0,22.0,112.13154
91.0,22.0,162.856699
92.0,22.0,131.348679
93.0,22.0,115.522626
94.0,22.0,51.952767
95.0,22.0,-0.921885
96.0,22.0,-112.436668
97.0,22.0,-99.104038
98.0,22.0,-59.312359
99.0,22.0,-133.144137
100.0,22.0,-200.223603
101.0,22.0,-309.977914
102.0,22.0,-263.648415
103.0,22.0,-53.572456
104.0,22.0,141.493207
105.0,22.0,60.889851
106.0,22.0,-125.882794
107.0,22.0,-303.034234
108.0,22.0,-420.044702
109.0,22.0,-527.492912
110.0,22.0,-506.267047
111.0,22.0,-576.497762
112.0,22.0,-637.221163
113.0,22.0,-496.88446
114.0,22.0,-260.496428
115.0,22.0,-177.16506
116.0,22.0,-149.517565
117.0,22.0,-208.219532
118.0,22.0,-320.506909
119.0,22.0,-570.132972
120.0,22.0,-835.441786
121.0,22.0,-1000.0
122.0,22.0,-952.961119
123.0,22.0,-797.830226
124.0,22.0,-672.889768
125.0,22.0,-647.047525
126.0,22.0,-665.44132
127.0,22.0,-587.0085
128.0,22.0,-510.320754
129.0,22.0,-418.71932
130.0,22.0,-275.089996
131.0,22.0,-30.372821
132.0,22.0,210.47918
133.0,22.0,311.469794
134.0,22.0,359.26963
135.0,22.0,381.361218
136.0,22.0,307.956597
137.0,22.0,182.603465
138.0,22.0,57.786058
139.0,22.0,-100.250029
140.0,22.0,-240.087467
141.0,22.0,-230.921437
142.0,22.0,-188.894494
143.0,22.0,-168.265697
144.0,22.0,-139.038488
145.0,22.0,-172.884603
146.0,22.0,-227.703077
147.0,22.0,-271.620868
148.0,22.0,-229.765705
149.0,22.0,-212.38921
150.0,22.0,-286.909391
151.0,22.0,-370.09901
152.0,22.0,-415.393539
153.0,22.0,-457.420151
154.0,22.0,-564.117493
155.0,22.0,-543.276397
156.0,22.0,-331.854863
157.0,22.0,-127.960955
158.0,22.0,13.72172
159.0,22.0,259.390076
160.0,22.0,357.393056
161.0,22.0,247.280609
162.0,22.0,209.045475
163.0,22.0,187.094405
164.0,22.0,140.251067
165.0,22.0,140.769524
166.0,22.0,101.765276
167.0,22.0,-39.831488
168.0,22.0,-137.204255
169.0,22.0,-90.677895
170.0,22.0,-110.741259
171.0,22.0,-215.516844
172.0,22.0,-285.565517
173.0,22.0,-285.499701
174.0,22.0,-200.883367
175.0,22.0,-118.224555
176.0,22.0,-46.421818
177.0,22.0,-52.203165
178.0,22.0,-155.98672
179.0,22.0,-311.142604
180.0,22.0,-393.004794
181.0,22.0,-361.273537
182.0,22.0,-242.10101
183.0,22.0,-40.746247
184.0,22.0,69.859444
185.0,22.0,86.41039
186.0,22.0,47.888302
187.0,22.0,-67.63644
188.0,22.0,77.202473
189.0,22.0,407.784632
190.0,22.0,605.533421
191.0,22.0,799.525335
192.0,22.0,1077.339052
193.0,22.0,1393.552967
194.0,22.0,1463.026223
195.0,22.0,1281.821658
196.0,22.0,971.194478
197.0,22.0,631.896479
198.0,22.0,277.860814
199.0,22.0,-82.686949
0.0,23.0,-95.906096
1.0,23.0,-162.720194
2.0,23.0,-227.868423
3.0,23.0,-226.945553
4.0,23.0,-258.711682
5.0,23.0,-250.226322
6.0,23.0,-180.540902
7.0,23.0,-162.457439
8.0,23.0,-232.312228
9.0,23.0,-270.222946
10.0,23.0,-287.792499
11.0,23.0,-273.512755
12.0,23.0,-157.81047
13.0,23.0,-50.02165
14.0,23.0,18.524798
15.0,23.0,10.592172
16.0,23.0,-75.759429
17.0,23.0,-142.274027
18.0,23.0,-148.147733
19.0,23.0,-131.163315
20.0,23.0,-147.915424
21.0,23.0,-269.352742
22.0,23.0,-412.457945
23.0,23.0,-512.328692
24.0,23.0,-548.756041
25.0,23.0,-519.258586
26.0,23.0,-438.028778
27.0,23.0,-332.037144
28.0,23.0,-257.055697
29.0,23.0,-200.194125
30.0,23.0,-125.680012
31.0,23.0,-146.370053
32.0,23.0,-218.119294
33.0,23.0,-270.921568
34.0,23.0,-270.322132
35.0,23.0,-208.09037
36.0,23.0,-147.483724
37.0,23.0,-103.12224
38.0,23.0,-162.286265
39.0,23.0,-295.536359
40.0,23.0,-348.933661
41.0,23.0,-400.107251
42.0,23.0,-432.979604
43.0,23.0,-412.287871
44.0,23.0,-354.375996
45.0,23.0,-316.1755
46.0,23.0,-280.3035
47.0,23.0,-225.718721
48.0,23.0,-237.629429
49.0,23.0,-356.27327
50.0,23.0,-492.780559
51.0,23.0,-470.751027
52.0,23.0,-305.274878
53.0,23.0,-198.789751
54.0,23.0,-238.27965
55.0,23.0,-363.044874
56.0,23.0,-502.3509
57.0,23.0,-641.753426
58.0,23.0,-735.589555
59.0,23.0,-742.16623
60.0,23.0,-683.94493
61.0,23.0,-622.803919
62.0,23.0,-567.552572
63.0,23.0,-491.251486
64.0,23.0,-505.863273
65.0,23.0,-586.270883
66.0,23.0,-592.064874
67.0,23.0,-526.852776
68.0,23.0,-427.235545
69.0,23.0,-233.867069
70.0,23.0,-87.813896
71.0,23.0,-55.113081
72.0,23.0,-47.913035
73.0,23.0,-18.654912
74.0,23.0,-3.77457
75.0,23.0,-92.801533
76.0,23.0,-171.959454
77.0,23.0,-123.765742
78.0,23.0,-145.621927
79.0,23.0,-123.574717
80.0,23.0,-117.794645
81.0,23.0,-214.169297
82.0,23.0,-300.368845
83.0,23.0,-192.109525
84.0,23.0,-195.788737
85.0,23.0,-277.23251
86.0,23.0,-282.166599
87.0,23.0,-229.973318
88.0,23.0,-75.603772
89.0,23.0,128.06273
90.0,23.0,282.652843
91.0,23.0,342.563578
92.0,23.0,211.988068
93.0,23.0,116.110986
94.0,23.0,7.976543
95.0,23.0,-94.631311
96.0,23.0,-137.508772
97.0,23.0,-76.869613
98.0,23.0,-118.461622
99.0,23.0,-203.619397
100.0,23.0,-181.98495
101.0,23.0,-262.529347
102.0,23.0,-175.609758
103.0,23.0,55.602258
104.0,23.0,233.710248
105.0,23.0,160.396108
106.0,23.0,-50.841957
107.0,23.0,-203.905991
108.0,23.0,-308.822951
109.0,23.0,-422.358918
110.0,23.0,-424.497088
111.0,23.0,-548.746636
112.0,23.0,-618.559006
113.0,23.0,-451.897855
114.0,23.0,-265.410882
115.0,23.0,-221.411534
116.0,23.0,-136.409392
117.0,23.0,-156.840883
118.0,23.0,-340.2449
119.0,23.0,-633.113799
120.0,23.0,-907.485357
121.0,23.0,-990.278059
122.0,23.0,-879.221284
123.0,23.0,-705.269797
124.0,23.0,-630.420456
125.0,23.0,-622.956836
126.0,23.0,-689.258607
127.0,23.0,-654.645922
128.0,23.0,-573.29209
129.0,23.0,-547.381162
130.0,23.0,-462.521768
131.0,23.0,-263.281016
132.0,23.0,-91.650609
133.0,23.0,-12.341728
134.0,23.0,107.742672
135.0,23.0,240.153324
136.0,23.0,303.384
137.0,23.0,236.090952
138.0,23.0,117.941689
139.0,23.0,-70.331212
140.0,23.0,-177.735643
141.0,23.0,-231.47771
142.0,23.0,-326.813895
143.0,23.0,-406.995817
144.0,23.0,-410.266122
145.0,23.0,-357.803963
146.0,23.0,-336.173253
147.0,23.0,-402.897729
148.0,23.0,-437.117
149.0,23.0,-396.137605
150.0,23.0,-316.29436
151.0,23.0,-332.818612
152.0,23.0,-382.533979
153.0,23.0,-411.485538
154.0,23.0,-494.803892
155.0,23.0,-540.32338
156.0,23.0,-413.229641
157.0,23.0,-215.919289
158.0,23.0,-115.26968
159.0,23.0,-23.271623
160.0,23.0,156.950189
161.0,23.0,299.090352
162.0,23.0,383.538852
163.0,23.0,329.259005
164.0,23.0,238.304195
165.0,23.0,244.522554
166.0,23.0,158.907369
167.0,23.0,-83.344931
168.0,23.0,-260.882007
169.0,23.0,-255.470906
170.0,23.0,-151.768083
171.0,23.0,-80.478089
172.0,23.0,-60.945941
173.0,23.0,-106.253674
174.0,23.0,-117.118979
175.0,23.0,-84.88211
176.0,23.0,15.823879
177.0,23.0,70.044453
178.0,23.0,-34.890921
179.0,23.0,-130.735513
180.0,23.0,-183.759983
181.0,23.0,-150.476901
182.0,23.0,-85.312105
183.0,23.0,-35.420845
184.0,23.0,-69.555845
185.0,23.0,12.592775
186.0,23.0,62.383066
187.0,23.0,-17.168835
188.0,23.0,44.4952
189.0,23.0,285.995803
190.0,23.0,463.850861
191.0,23.0,648.441735
192.0,23.0,850.720626
193.0,23.0,1104.977525
194.0,23.0,1215.400616
195.0,23.0,1112.673754
196.0,23.0,866.22851
197.0,23.0,653.861346
198.0,23.0,345.374657
199.0,23.0,19.244247
0.0,24.0,-45.332914
1.0,24.0,-172.25247
2.0,24.0,-293.796877
3.0,24.0,-321.193028
4.0,24.0,-320.102806
5.0,24.0,-280.164428
6.0,24.0,-243.772439
7.0,24.0,-234.885369
8.0,24.0,-244.100113
9.0,24.0,-228.204547
10.0,24.0,-227.023402
11.0,24.0,-239.297738
12.0,24.0,-162.663153
13.0,24.0,-53.842821
14.0,24.0,-24.753663
15.0,24.0,29.673094
16.0,24.0,34.65889
17.0,24.0,-19.686993
18.0,24.0,1.335205
19.0,24.0,-22.350726
20.0,24.0,-100.969429
21.0,24.0,-238.059646
22.0,24.0,-379.421461
23.0,24.0,-504.013192
24.0,24.0,-580.906993
25.0,24.0,-563.533187
26.0,24.0,-482.276291
27.0,24.0,-341.351594
28.0,24.0,-198.925577
29.0,24.0,-100.353742
30.0,24.0,-37.178263
31.0,24.0,-82.091123
32.0,24.0,-182.01855
33.0,24.0,-264.313981
34.0,24.0,-278.013392
35.0,24.0,-249.751141
36.0,24.0,-241.941625
37.0,24.0,-222.745854
38.0,24.0,-247.197688
39.0,24.0,-312.930238
40.0,24.0,-295.953888
41.0,24.0,-341.944666
42.0,24.0,-409.707544
43.0,24.0,-429.389315
44.0,24.0,-370.986461
45.0,24.0,-288.516988
46.0,24.0,-187.257838
47.0,24.0,-135.385389
48.0,24.0,-209.105981
49.0,24.0,-321.458709
50.0,24.0,-404.651853
51.0,24.0,-353.984822
52.0,24.0,-204.256212
53.0,24.0,-171.445256
54.0,24.0,-261.169676
55.0,24.0,-422.927654
56.0,24.0,-578.666934
57.0,24.0,-699.385731
58.0,24.0,-717.186799
59.0,24.0,-677.135657
60.0,24.0,-618.346415
61.0,24.0,-589.230641
62.0,24.0,-532.194915
63.0,24.0,-430.132297
64.0,24.0,-457.813035
65.0,24.0,-575.826377
66.0,24.0,-639.737027
67.0,24.0,-606.536251
68.0,24.0,-513.110485
69.0,24.0,-346.797369
70.0,24.0,-182.747289
71.0,24.0,-80.269025
72.0,24.0,6.449456
73.0,24.0,30.894085
74.0,24.0,18.581928
75.0,24.0,-138.799574
76.0,24.0,-262.014607
77.0,24.0,-250.485923
78.0,24.0,-230.706382
79.0,24.0,-141.042175
80.0,24.0,-174.049806
81.0,24.0,-333.103686
82.0,24.0,-393.235826
83.0,24.0,-285.139781
84.0,24.0,-311.601691
85.0,24.0,-433.212179
86.0,24.0,-403.683372
87.0,24.0,-277.513253
88.0,24.0,-73.728484
89.0,24.0,160.001442
90.0,24.0,350.031327
91.0,24.0,384.938354
92.0,24.0,203.163289
93.0,24.0,83.798877
94.0,24.0,-62.239575
95.0,24.0,-143.218947
96.0,24.0,-125.870372
97.0,24.0,-82.153182
98.0,24.0,-185.500444
99.0,24.0,-242.67626
100.0,24.0,-198.288471
101.0,24.0,-226.77978
102.0,24.0,-71.323438
103.0,24.0,200.287002
104.0,24.0,315.367912
105.0,24.0,183.38943
106.0,24.0,-29.38528
107.0,24.0,-131.310576
108.0,24.0,-206.539296
109.0,24.0,-348.8622
110.0,24.0,-399.1134
111.0,24.0,-501.776126
112.0,24.0,-556.917214
113.0,24.0,-422.317797
114.0,24.0,-290.725367
115.0,24.0,-258.447959
116.0,24.0,-197.959892
117.0,24.0,-233.458644
118.0,24.0,-409.172253
119.0,24.0,-711.661867
120.0,24.0,-950.939812
121.0,24.0,-923.311626
122.0,24.0,-772.453133
123.0,24.0,-628.214951
124.0,24.0,-584.272112
125.0,24.0,-603.683753
126.0,24.0,-683.622139
127.0,24.0,-655.814473
128.0,24.0,-567.846981
129.0,24.0,-509.177167
130.0,24.0,-453.43975
131.0,24.0,-339.790901
132.0,24.0,-261.592948
133.0,24.0,-244.766892
134.0,24.0,-143.213474
135.0,24.0,79.764576
136.0,24.0,331.683793
137.0,24.0,431.85431
138.0,24.0,406.094361
139.0,24.0,252.703753
140.0,24.0,46.844714
141.0,24.0,-141.777605
142.0,24.0,-301.287774
143.0,24.0,-443.894584
144.0,24.0,-490.005829
145.0,24.0,-504.170463
146.0,24.0,-520.993413
147.0,24.0,-597.620256
148.0,24.0,-656.276102
149.0,24.0,-589.211239
150.0,24.0,-456.346978
151.0,24.0,-392.713179
152.0,24.0,-352.696009
153.0,24.0,-329.474508
154.0,24.0,-322.976823
155.0,24.0,-409.587636
156.0,24.0,-416.154755
157.0,24.0,-311.061337
158.0,24.0,-251.917997
159.0,24.0,-218.59203
160.0,24.0,24.155265
161.0,24.0,283.652513
162.0,24.0,400.165733
163.0,24.0,435.782481
164.0,24.0,426.621214
165.0,24.0,454.23828
166.0,24.0,311.180558
167.0,24.0,30.496487
168.0,24.0,-202.860804
169.0,24.0,-275.000315
170.0,24.0,-211.681466
171.0,24.0,-78.251771
172.0,24.0,59.424629
173.0,24.0,61.941192
174.0,24.0,-65.676764
175.0,24.0,-131.703875
176.0,24.0,-90.691855
177.0,24.0,8.006128
178.0,24.0,-26.612291
179.0,24.0,-60.664151
180.0,24.0,-33.678497
181.0,24.0,44.656471
182.0,24.0,97.608444
183.0,24.0,-42.864505
184.0,24.0,-226.305464
185.0,24.0,-207.930434
186.0,24.0,-63.677052
187.0,24.0,-37.465433
188.0,24.0,-90.906847
189.0,24.0,63.742368
190.0,24.0,253.927036
191.0,24.0,434.566368
192.0,24.0,626.784468
193.0,24.0,806.76038
194.0,24.0,884.34373
195.0,24.0,833.295879
196.0,24.0,695.298118
197.0,24.0,556.776148
198.0,24.0,288.735913
199.0,24.0,57.959909
0.0,25.0,-93.621731
1.0,25.0,-209.595221
2.0,25.0,-320.442834
3.0,25.0,-357.613892
4.0,25.0,-314.801739
5.0,25.0,-239.82051
6.0,25.0,-259.967224
7.0,25.0,-324.58624
8.0,25.0,-297.691267
9.0,25.0,-192.345192
10.0,25.0,-91.92553
11.0,25.0,-76.832725
12.0,25.0,-59.83187
13.0,25.0,14.729057
14.0,25.0,26.029887
15.0,25.0,29.751246
16.0,25.0,80.056239
17.0,25.0,72.434031
18.0,25.0,81.400586
19.0,25.0,27.156749
20.0,25.0,-115.923132
21.0,25.0,-245.900394
22.0,25.0,-357.437696
23.0,25.0,-477.075569
24.0,25.0,-563.646786
25.0,25.0,-552.370544
26.0,25.0,-481.777471
27.0,25.0,-343.099261
28.0,25.0,-151.957849
29.0,25.0,-25.358981
30.0,25.0,-38.481875
31.0,25.0,-126.940464
32.0,25.0,-222.028977
33.0,25.0,-274.431347
34.0,25.0,-324.247437
35.0,25.0,-328.182416
36.0,25.0,-331.17599
37.0,25.0,-316.568031
38.0,25.0,-321.434025
39.0,25.0,-314.151231
40.0,25.0,-274.671571
41.0,25.0,-349.781507
42.0,25.0,-460.356945
43.0,25.0,-474.508002
44.0,25.0,-390.340272
45.0,25.0,-290.083894
46.0,25.0,-199.032318
47.0,25.0,-133.036066
48.0,25.0,-207.241659
49.0,25.0,-299.837579
50.0,25.0,-301.203656
51.0,25.0,-207.068134
52.0,25.0,-116.512696
53.0,25.0,-168.318165
54.0,25.0,-309.881097
55.0,25.0,-477.746118
56.0,25.0,-633.515029
57.0,25.0,-746.048844
58.0,25.0,-735.023373
59.0,25.0,-650.733743
60.0,25.0,-610.803674
61.0,25.0,-578.296372
62.0,25.0,-516.477135
63.0,25.0,-447.898795
64.0,25.0,-474.273946
65.0,25.0,-582.013876
66.0,25.0,-632.654118
67.0,25.0,-606.847408
68.0,25.0,-529.697514
69.0,25.0,-394.295668
70.0,25.0,-254.351492
71.0,25.0,-150.466189
72.0,25.0,-21.227909
73.0,25.0,74.913374
74.0,25.0,9.01461
75.0,25.0,-198.532857
76.0,25.0,-297.516405
77.0,25.0,-287.225873
78.0,25.0,-265.152319
79.0,25.0,-184.403224
80.0,25.0,-251.22653
81.0,25.0,-424.402226
82.0,25.0,-445.729111
83.0,25.0,-378.584769
84.0,25.0,-423.852505
85.0,25.0,-548.211823
86.0,25.0,-497.216247
87.0,25.0,-244.789979
88.0,25.0,47.822337
89.0,25.0,229.408205
90.0,25.0,374.025242
91.0,25.0,369.82213
92.0,25.0,177.899827
93.0,25.0,18.61609
94.0,25.0,-141.54548
95.0,25.0,-179.204488
96.0,25.0,-76.567122
97.0,25.0,-128.610612
98.0,25.0,-288.605084
99.0,25.0,-257.575622
100.0,25.0,-212.331532
101.0,25.0,-194.636819
102.0,25.0,85.732458
103.0,25.0,320.783674
104.0,25.0,298.065745
105.0,25.0,132.740572
106.0,25.0,-1.237436
107.0,25.0,-66.167331
108.0,25.0,-168.743527
109.0,25.0,-339.146436
110.0,25.0,-445.118569
111.0,25.0,-505.14048
112.0,25.0,-458.189329
113.0,25.0,-325.695607
114.0,25.0,-215.870309
115.0,25.0,-210.173241
116.0,25.0,-208.797653
117.0,25.0,-310.240221
118.0,25.0,-466.259671
119.0,25.0,-754.847915
120.0,25.0,-959.248696
121.0,25.0,-866.389551
122.0,25.0,-688.875269
123.0,25.0,-545.332307
124.0,25.0,-528.606829
125.0,25.0,-566.012765
126.0,25.0,-599.88696
127.0,25.0,-549.896956
128.0,25.0,-440.889593
129.0,25.0,-382.691216
130.0,25.0,-350.63608
131.0,25.0,-314.828407
132.0,25.0,-322.416909
133.0,25.0,-331.451432
134.0,25.0,-231.750774
135.0,25.0,-38.07467
136.0,25.0,273.83678
137.0,25.0,524.398548
138.0,25.0,648.368486
139.0,25.0,593.758863
140.0,25.0,366.552605
141.0,25.0,127.462123
142.0,25.0,-87.867056
143.0,25.0,-267.173672
144.0,25.0,-356.289056
145.0,25.0,-440.678479
146.0,25.0,-593.663848
147.0,25.0,-713.405737
148.0,25.0,-811.852987
149.0,25.0,-744.81772
150.0,25.0,-584.380199
151.0,25.0,-472.605277
152.0,25.0,-420.180529
153.0,25.0,-385.398944
154.0,25.0,-272.610436
155.0,25.0,-246.635095
156.0,25.0,-259.538419
157.0,25.0,-223.149984
158.0,25.0,-248.244182
159.0,25.0,-202.694513
160.0,25.0,47.09397
161.0,25.0,230.09698
162.0,25.0,350.764059
163.0,25.0,481.564259
164.0,25.0,595.190039
165.0,25.0,694.959602
166.0,25.0,605.887679
167.0,25.0,460.349489
168.0,25.0,310.090096
169.0,25.0,87.206951
170.0,25.0,-45.773154
171.0,25.0,-16.125153
172.0,25.0,79.06735
173.0,25.0,151.593098
174.0,25.0,65.370185
175.0,25.0,-133.863362
176.0,25.0,-191.6031
177.0,25.0,-114.975918
178.0,25.0,-160.340524
179.0,25.0,-177.241247
180.0,25.0,-55.828334
181.0,25.0,35.975111
182.0,25.0,24.897889
183.0,25.0,-145.006827
184.0,25.0,-343.647538
185.0,25.0,-376.087615
186.0,25.0,-245.74219
187.0,25.0,-199.95098
188.0,25.0,-224.474136
189.0,25.0,-169.526641
190.0,25.0,-41.886882
191.0,25.0,204.250803
192.0,25.0,466.152116
193.0,25.0,606.116868
194.0,25.0,612.557876
195.0,25.0,579.500685
196.0,25.0,558.647163
197.0,25.0,422.635919
198.0,25.0,166.529089
199.0,25.0,-29.519423
0.0,26.0,-181.764491
1.0,26.0,-248.235908
2.0,26.0,-337.599935
3.0,26.0,-400.628183
4.0,26.0,-373.537063
5.0,26.0,-302.267758
6.0,26.0,-327.309704
7.0,26.0,-418.586694
8.0,26.0,-395.940157
9.0,26.0,-250.09982
10.0,26.0,-72.498732
11.0,26.0,-17.185892
12.0,26.0,-26.528386
13.0,26.0,27.477191
14.0,26.0,114.365107
15.0,26.0,116.182581
16.0,26.0,133.834797
17.0,26.0,130.37524
18.0,26.0,76.948188
19.0,26.0,-42.347195
20.0,26.0,-149.228847
21.0,26.0,-238.136118
22.0,26.0,-343.832834
23.0,26.0,-448.346215
24.0,26.0,-512.374744
25.0,26.0,-488.218903
26.0,26.0,-429.623055
27.0,26.0,-308.461105
28.0,26.0,-174.427611
29.0,26.0,-96.927056
30.0,26.0,-187.799109
31.0,26.0,-319.439907
32.0,26.0,-378.337681
33.0,26.0,-377.273563
34.0,26.0,-414.159746
35.0,26.0,-417.187785
36.0,26.0,-396.744049
37.0,26.0,-349.85484
38.0,26.0,-321.558509
39.0,26.0,-266.763922
40.0,26.0,-259.187131
41.0,26.0,-366.784206
42.0,26.0,-495.039773
43.0,26.0,-507.251526
44.0,26.0,-390.779718
45.0,26.0,-292.064877
46.0,26.0,-213.47975
47.0,26.0,-117.01307
48.0,26.0,-199.780466
49.0,26.0,-325.192007
50.0,26.0,-318.278025
51.0,26.0,-221.815213
52.0,26.0,-155.337884
53.0,26.0,-231.143574
54.0,26.0,-340.835274
55.0,26.0,-456.853006
56.0,26.0,-627.532242
57.0,26.0,-754.050519
58.0,26.0,-743.607536
59.0,26.0,-636.992378
60.0,26.0,-598.911499
61.0,26.0,-570.480898
62.0,26.0,-506.890195
63.0,26.0,-488.973734
64.0,26.0,-479.611084
65.0,26.0,-479.187883
66.0,26.0,-493.718125
67.0,26.0,-487.90726
68.0,26.0,-453.919039
69.0,26.0,-426.781377
70.0,26.0,-377.298477
71.0,26.0,-303.93891
72.0,26.0,-159.328165
73.0,26.0,-65.202534
74.0,26.0,-124.497241
75.0,26.0,-279.516641
76.0,26.0,-307.547403
77.0,26.0,-251.549764
78.0,26.0,-255.791175
79.0,26.0,-237.00679
80.0,26.0,-327.292994
81.0,26.0,-475.518825
82.0,26.0,-427.265625
83.0,26.0,-394.152609
84.0,26.0,-507.850145
85.0,26.0,-611.967711
86.0,26.0,-504.026637
87.0,26.0,-137.629977
88.0,26.0,194.50049
89.0,26.0,295.966219
90.0,26.0,400.759827
91.0,26.0,317.021359
92.0,26.0,105.614901
93.0,26.0,-41.175547
94.0,26.0,-205.022598
95.0,26.0,-203.739214
96.0,26.0,-63.432168
97.0,26.0,-188.963611
98.0,26.0,-313.220927
99.0,26.0,-167.342539
100.0,26.0,-105.148108
101.0,26.0,-111.410327
102.0,26.0,135.562641
103.0,26.0,333.075102
104.0,26.0,304.247996
105.0,26.0,105.828075
106.0,26.0,-19.622176
107.0,26.0,-99.846166
108.0,26.0,-223.520493
109.0,26.0,-358.184654
110.0,26.0,-448.782342
111.0,26.0,-529.024403
112.0,26.0,-479.225128
113.0,26.0,-356.769988
114.0,26.0,-232.040552
115.0,26.0,-212.927885
116.0,26.0,-225.181532
117.0,26.0,-335.318945
118.0,26.0,-479.46352
119.0,26.0,-714.507227
120.0,26.0,-886.208885
121.0,26.0,-820.83168
122.0,26.0,-645.102655
123.0,26.0,-494.847103
124.0,26.0,-517.194822
125.0,26.0,-553.007372
126.0,26.0,-506.557792
127.0,26.0,-446.578334
128.0,26.0,-382.43393
129.0,26.0,-358.487423
130.0,26.0,-341.880347
131.0,26.0,-330.749205
132.0,26.0,-385.277928
133.0,26.0,-387.604275
134.0,26.0,-272.801582
135.0,26.0,-95.720436
136.0,26.0,117.482617
137.0,26.0,410.611568
138.0,26.0,575.407049
139.0,26.0,626.3495
140.0,26.0,532.210499
141.0,26.0,338.294188
142.0,26.0,77.59303
143.0,26.0,-166.282138
144.0,26.0,-232.862956
145.0,26.0,-270.25649
146.0,26.0,-465.663136
147.0,26.0,-685.113153
148.0,26.0,-820.112035
149.0,26.0,-786.057834
150.0,26.0,-640.837281
151.0,26.0,-531.294207
152.0,26.0,-486.073965
153.0,26.0,-446.118771
154.0,26.0,-364.77283
155.0,26.0,-305.002612
156.0,26.0,-261.443242
157.0,26.0,-239.323678
158.0,26.0,-228.946269
159.0,26.0,-133.685222
160.0,26.0,52.591428
161.0,26.0,219.175674
162.0,26.0,389.079593
163.0,26.0,583.506076
164.0,26.0,750.557279
165.0,26.0,865.797866
166.0,26.0,905.939149
167.0,26.0,950.645978
168.0,26.0,871.560259
169.0,26.0,661.589251
170.0,26.0,457.993147
171.0,26.0,274.88327
172.0,26.0,195.838983
173.0,26.0,229.527299
174.0,26.0,178.747652
175.0,26.0,-24.534481
176.0,26.0,-174.840526
177.0,26.0,-175.103414
178.0,26.0,-212.342187
179.0,26.0,-254.208125
180.0,26.0,-192.060135
181.0,26.0,-139.95112
182.0,26.0,-175.068993
183.0,26.0,-284.82873
184.0,26.0,-393.369794
185.0,26.0,-406.233726
186.0,26.0,-329.704338
187.0,26.0,-317.12089
188.0,26.0,-289.929546
189.0,26.0,-233.645948
190.0,26.0,-106.685388
191.0,26.0,162.947291
192.0,26.0,365.334002
193.0,26.0,490.674546
194.0,26.0,516.561115
195.0,26.0,503.298493
196.0,26.0,436.235227
197.0,26.0,271.75106
198.0,26.0,33.06621
199.0,26.0,-133.772695
0.0,27.0,-303.373475
1.0,27.0,-321.987268
2.0,27.0,-369.972222
3.0,27.0,-429.58776
4.0,27.0,-433.987004
5.0,27.0,-395.655544
6.0,27.0,-396.241319
7.0,27.0,-465.703951
8.0,27.0,-450.280828
9.0,27.0,-350.167985
10.0,27.0,-210.649575
11.0,27.0,-124.294447
12.0,27.0,-82.724151
13.0,27.0,31.446462
14.0,27.0,177.808284
15.0,27.0,186.721882
16.0,27.0,166.07924
17.0,27.0,123.320982
18.0,27.0,25.352938
19.0,27.0,-121.785625
20.0,27.0,-207.698776
21.0,27.0,-260.585709
22.0,27.0,-376.201288
23.0,27.0,-474.258579
24.0,27.0,-518.176968
25.0,27.0,-493.09412
26.0,27.0,-438.086509
27.0,27.0,-337.238024
28.0,27.0,-264.830202
29.0,27.0,-269.597374
30.0,27.0,-387.403562
31.0,27.0,-482.469814
32.0,27.0,-531.241268
33.0,27.0,-542.031159
34.0,27.0,-533.49543
35.0,27.0,-490.815806
36.0,27.0,-424.752827
37.0,27.0,-364.991091
38.0,27.0,-295.989409
39.0,27.0,-226.743991
40.0,27.0,-260.786935
41.0,27.0,-362.576537
42.0,27.0,-442.354202
43.0,27.0,-430.031868
44.0,27.0,-315.208399
45.0,27.0,-232.93662
46.0,27.0,-196.285426
47.0,27.0,-152.02534
48.0,27.0,-260.382907
49.0,27.0,-391.072484
50.0,27.0,-396.968525
51.0,27.0,-298.391332
52.0,27.0,-195.386838
53.0,27.0,-222.564247
54.0,27.0,-298.385323
55.0,27.0,-412.787058
56.0,27.0,-561.949827
57.0,27.0,-665.659874
58.0,27.0,-636.299412
59.0,27.0,-543.122635
60.0,27.0,-540.654368
61.0,27.0,-510.326999
62.0,27.0,-411.13398
63.0,27.0,-408.097305
64.0,27.0,-407.258013
65.0,27.0,-378.211205
66.0,27.0,-396.856302
67.0,27.0,-409.337786
68.0,27.0,-409.184573
69.0,27.0,-466.521131
70.0,27.0,-464.568453
71.0,27.0,-392.403801
72.0,27.0,-278.411923
73.0,27.0,-263.24218
74.0,27.0,-305.224045
75.0,27.0,-346.565248
76.0,27.0,-298.401959
77.0,27.0,-210.981507
78.0,27.0,-187.851289
79.0,27.0,-180.603767
80.0,27.0,-299.429433
81.0,27.0,-468.414485
82.0,27.0,-388.389559
83.0,27.0,-371.386166
84.0,27.0,-566.55516
85.0,27.0,-637.179516
86.0,27.0,-491.736821
87.0,27.0,-106.796393
88.0,27.0,293.527886
89.0,27.0,412.043417
90.0,27.0,436.009648
91.0,27.0,297.866833
92.0,27.0,139.706306
93.0,27.0,13.779019
94.0,27.0,-206.064335
95.0,27.0,-166.521906
96.0,27.0,-79.206541
97.0,27.0,-220.867857
98.0,27.0,-275.973637
99.0,27.0,-90.130435
100.0,27.0,-23.54528
101.0,27.0,-31.393574
102.0,27.0,160.797149
103.0,27.0,315.163461
104.0,27.0,295.458123
105.0,27.0,117.287824
106.0,27.0,-48.999159
107.0,27.0,-230.363663
108.0,27.0,-345.320011
109.0,27.0,-402.086822
110.0,27.0,-444.114413
111.0,27.0,-510.602743
112.0,27.0,-509.206069
113.0,27.0,-468.792058
114.0,27.0,-379.994805
115.0,27.0,-352.725784
116.0,27.0,-334.616205
117.0,27.0,-362.211376
118.0,27.0,-460.062687
119.0,27.0,-598.803225
120.0,27.0,-757.114583
121.0,27.0,-772.466448
122.0,27.0,-616.849461
123.0,27.0,-517.65069
124.0,27.0,-548.754322
125.0,27.0,-561.825007
126.0,27.0,-461.919153
127.0,27.0,-346.150393
128.0,27.0,-320.065538
129.0,27.0,-369.257
130.0,27.0,-376.490482
131.0,27.0,-332.105043
132.0,27.0,-342.819724
133.0,27.0,-389.695417
134.0,27.0,-310.127046
135.0,27.0,-153.481863
136.0,27.0,-56.066116
137.0,27.0,182.002364
138.0,27.0,384.229925
139.0,27.0,514.306729
140.0,27.0,546.404138
141.0,27.0,476.565281
142.0,27.0,255.571925
143.0,27.0,-68.752937
144.0,27.0,-192.059193
145.0,27.0,-238.507086
146.0,27.0,-344.785585
147.0,27.0,-539.528777
148.0,27.0,-667.333551
149.0,27.0,-689.787718
150.0,27.0,-617.648097
151.0,27.0,-507.192503
152.0,27.0,-448.951345
153.0,27.0,-457.57561
154.0,27.0,-443.065704
155.0,27.0,-406.280255
156.0,27.0,-410.992152
157.0,27.0,-419.125855
158.0,27.0,-321.500065
159.0,27.0,-122.484494
160.0,27.0,61.934902
161.0,27.0,172.834913
162.0,27.0,335.749875
163.0,27.0,587.956695
164.0,27.0,787.988223
165.0,27.0,871.917634
166.0,27.0,955.925583
167.0,27.0,1123.551694
168.0,27.0,1117.761564
169.0,27.0,1066.328752
170.0,27.0,918.170395
171.0,27.0,696.51817
172.0,27.0,535.85667
173.0,27.0,445.993626
174.0,27.0,379.181783
175.0,27.0,200.472796
176.0,27.0,-6.881534
177.0,27.0,-117.9248
178.0,27.0,-158.809063
179.0,27.0,-215.766566
180.0,27.0,-206.621591
181.0,27.0,-143.984193
182.0,27.0,-160.614124
183.0,27.0,-285.080469
184.0,27.0,-416.873618
185.0,27.0,-471.801828
186.0,27.0,-419.735631
187.0,27.0,-340.969433
188.0,27.0,-240.280841
189.0,27.0,-125.747662
190.0,27.0,7.518702
191.0,27.0,137.555214
192.0,27.0,265.112881
193.0,27.0,441.01528
194.0,27.0,572.957447
195.0,27.0,522.210871
196.0,27.0,309.468618
197.0,27.0,116.394018
198.0,27.0,-65.089647
199.0,27.0,-214.541345
0.0,28.0,-392.40633
1.0,28.0,-372.736445
2.0,28.0,-357.355453
3.0,28.0,-403.791155
4.0,28.0,-440.617674
5.0,28.0,-404.210352
6.0,28.0,-376.731442
7.0,28.0,-443.070969
8.0,28.0,-456.665856
9.0,28.0,-455.316574
10.0,28.0,-387.457025
11.0,28.0,-271.012556
12.0,28.0,-178.493893
13.0,28.0,-17.023905
14.0,28.0,152.080919
15.0,28.0,169.103955
16.0,28.0,181.870975
17.0,28.0,134.739324
18.0,28.0,-30.010922
19.0,28.0,-176.311268
20.0,28.0,-255.001717
21.0,28.0,-276.248791
22.0,28.0,-368.709032
23.0,28.0,-448.085781
24.0,28.0,-513.703897
25.0,28.0,-553.090207
26.0,28.0,-539.635839
27.0,28.0,-481.616534
28.0,28.0,-400.715639
29.0,28.0,-422.206776
30.0,28.0,-532.596132
31.0,28.0,-574.766373
32.0,28.0,-616.112077
33.0,28.0,-633.817289
34.0,28.0,-605.540101
35.0,28.0,-514.519127
36.0,28.0,-414.772394
37.0,28.0,-372.339713
38.0,28.0,-336.778049
39.0,28.0,-289.825551
40.0,28.0,-347.412999
41.0,28.0,-380.490519
42.0,28.0,-355.259308
43.0,28.0,-308.43656
44.0,28.0,-234.535526
45.0,28.0,-198.081697
46.0,28.0,-221.045873
47.0,28.0,-286.334585
48.0,28.0,-428.572625
49.0,28.0,-516.195129
50.0,28.0,-496.707996
51.0,28.0,-409.046726
52.0,28.0,-300.0129
53.0,28.0,-263.504357
54.0,28.0,-264.803831
55.0,28.0,-325.83059
56.0,28.0,-416.322832
57.0,28.0,-483.350859
58.0,28.0,-479.895525
59.0,28.0,-427.056906
60.0,28.0,-455.910095
61.0,28.0,-408.981301
62.0,28.0,-289.838261
63.0,28.0,-300.974751
64.0,28.0,-336.07521
65.0,28.0,-348.207853
66.0,28.0,-390.084079
67.0,28.0,-412.757771
68.0,28.0,-426.439242
69.0,28.0,-464.679871
70.0,28.0,-464.95177
71.0,28.0,-406.674575
72.0,28.0,-385.858369
73.0,28.0,-429.304169
74.0,28.0,-443.489264
75.0,28.0,-402.992382
76.0,28.0,-350.724626
77.0,28.0,-277.431884
78.0,28.0,-164.368086
79.0,28.0,-115.904971
80.0,28.0,-259.560976
81.0,28.0,-471.217576
82.0,28.0,-418.204552
83.0,28.0,-390.835446
84.0,28.0,-566.630295
85.0,28.0,-625.307089
86.0,28.0,-456.025535
87.0,28.0,-39.233419
88.0,28.0,401.006275
89.0,28.0,527.185665
90.0,28.0,537.734722
91.0,28.0,380.507245
92.0,28.0,270.343507
93.0,28.0,98.712311
94.0,28.0,-168.556934
95.0,28.0,-139.523974
96.0,28.0,-102.316813
97.0,28.0,-206.017854
98.0,28.0,-216.44948
99.0,28.0,-80.300443
100.0,28.0,-47.916253
101.0,28.0,6.37411
102.0,28.0,237.571193
103.0,28.0,364.781149
104.0,28.0,285.546438
105.0,28.0,92.910301
106.0,28.0,-148.974064
107.0,28.0,-387.929058
108.0,28.0,-478.002442
109.0,28.0,-458.713453
110.0,28.0,-463.983898
111.0,28.0,-520.668874
112.0,28.0,-498.025267
113.0,28.0,-504.300435
114.0,28.0,-473.140312
115.0,28.0,-456.39411
116.0,28.0,-409.95332
117.0,28.0,-360.86374
118.0,28.0,-383.430981
119.0,28.0,-458.20792
120.0,28.0,-620.142484
121.0,28.0,-691.048532
122.0,28.0,-543.514845
123.0,28.0,-480.546255
124.0,28.0,-495.861006
125.0,28.0,-470.404543
126.0,28.0,-427.96836
127.0,28.0,-300.644164
128.0,28.0,-243.029195
129.0,28.0,-288.561864
130.0,28.0,-316.565478
131.0,28.0,-332.600989
132.0,28.0,-311.869102
133.0,28.0,-281.304413
134.0,28.0,-271.466972
135.0,28.0,-234.24331
136.0,28.0,-161.362267
137.0,28.0,-75.229475
138.0,28.0,140.377469
139.0,28.0,313.535274
140.0,28.0,430.52681
141.0,28.0,494.073918
142.0,28.0,414.411563
143.0,28.0,188.347311
144.0,28.0,-57.230335
145.0,28.0,-216.108866
146.0,28.0,-307.154854
147.0,28.0,-400.478399
148.0,28.0,-461.053166
149.0,28.0,-499.783321
150.0,28.0,-475.097734
151.0,28.0,-429.923359
152.0,28.0,-441.487354
153.0,28.0,-494.950606
154.0,28.0,-490.046549
155.0,28.0,-469.369671
156.0,28.0,-490.380786
157.0,28.0,-509.755188
158.0,28.0,-387.570811
159.0,28.0,-256.774487
160.0,28.0,-109.146025
161.0,28.0,90.011418
162.0,28.0,265.652495
163.0,28.0,474.586268
164.0,28.0,737.439177
165.0,28.0,796.611235
166.0,28.0,729.436122
167.0,28.0,797.360274
168.0,28.0,894.756966
169.0,28.0,1125.425493
170.0,28.0,1196.91993
171.0,28.0,1018.087723
172.0,28.0,915.749845
173.0,28.0,806.242163
174.0,28.0,669.768809
175.0,28.0,432.21317
176.0,28.0,208.111794
177.0,28.0,44.166823
178.0,28.0,-35.813139
179.0,28.0,-134.959597
180.0,28.0,-113.090516
181.0,28.0,26.586819
182.0,28.0,18.33633
183.0,28.0,-162.003747
184.0,28.0,-359.114581
185.0,28.0,-489.410462
186.0,28.0,-475.868403
187.0,28.0,-380.750652
188.0,28.0,-228.000316
189.0,28.0,-58.051049
190.0,28.0,1.806421
191.0,28.0,-52.682076
192.0,28.0,45.973174
193.0,28.0,322.5831
194.0,28.0,502.00515
195.0,28.0,471.789523
196.0,28.0,269.694491
197.0,28.0,120.758073
198.0,28.0,-46.144641
199.0,28.0,-255.051934
0.0,29.0,-415.394515
1.0,29.0,-358.582307
2.0,29.0,-305.237454
3.0,29.0,-369.321563
4.0,29.0,-408.484795
5.0,29.0,-360.009247
6.0,29.0,-368.365689
7.0,29.0,-459.049162
8.0,29.0,-494.596945
9.0,29.0,-513.007446
10.0,29.0,-477.628389
11.0,29.0,-355.887907
12.0,29.0,-193.126899
13.0,29.0,5.931995
14.0,29.0,103.129644
15.0,29.0,99.366416
16.0,29.0,202.266953
17.0,29.0,205.533749
18.0,29.0,50.695313
19.0,29.0,-111.101095
20.0,29.0,-201.806294
21.0,29.0,-221.224931
22.0,29.0,-287.28363
23.0,29.0,-383.405769
24.0,29.0,-485.39006
25.0,29.0,-579.394237
26.0,29.0,-622.754245
27.0,29.0,-595.744075
28.0,29.0,-488.17974
29.0,29.0,-452.228424
30.0,29.0,-545.432746
31.0,29.0,-612.649401
32.0,29.0,-644.115566
33.0,29.0,-618.650484
34.0,29.0,-564.751154
35.0,29.0,-517.340681
36.0,29.0,-469.92587
37.0,29.0,-426.800311
38.0,29.0,-407.755697
39.0,29.0,-383.396739
40.0,29.0,-422.397467
41.0,29.0,-379.015497
42.0,29.0,-301.131099
43.0,29.0,-283.553981
44.0,29.0,-261.283615
45.0,29.0,-273.995398
46.0,29.0,-333.177597
47.0,29.0,-423.027989
48.0,29.0,-535.331037
49.0,29.0,-584.865085
50.0,29.0,-538.696197
51.0,29.0,-438.586661
52.0,29.0,-375.71049
53.0,29.0,-309.116056
54.0,29.0,-227.766635
55.0,29.0,-194.733667
56.0,29.0,-256.279255
57.0,29.0,-302.753588
58.0,29.0,-304.431201
59.0,29.0,-273.72749
60.0,29.0,-302.184302
61.0,29.0,-285.877564
62.0,29.0,-247.215036
63.0,29.0,-290.8807
64.0,29.0,-336.651208
65.0,29.0,-360.342129
66.0,29.0,-403.255387
67.0,29.0,-430.5804
68.0,29.0,-447.784321
69.0,29.0,-460.181225
70.0,29.0,-482.304062
71.0,29.0,-469.76195
72.0,29.0,-480.272175
73.0,29.0,-515.941006
74.0,29.0,-530.200834
75.0,29.0,-486.705623
76.0,29.0,-437.710721
77.0,29.0,-360.358605
78.0,29.0,-217.179359
79.0,29.0,-161.160383
80.0,29.0,-297.924405
81.0,29.0,-476.456687
82.0,29.0,-449.598363
83.0,29.0,-445.489821
84.0,29.0,-585.792289
85.0,29.0,-585.348053
86.0,29.0,-338.836423
87.0,29.0,161.002135
88.0,29.0,537.987762
89.0,29.0,644.115138
90.0,29.0,601.765457
91.0,29.0,374.473564
92.0,29.0,281.896489
93.0,29.0,85.545557
94.0,29.0,-127.970834
95.0,29.0,-144.408024
96.0,29.0,-165.615044
97.0,29.0,-189.802376
98.0,29.0,-142.215198
99.0,29.0,-60.150653
100.0,29.0,-33.5408
101.0,29.0,72.920217
102.0,29.0,290.664259
103.0,29.0,410.506155
104.0,29.0,276.536132
105.0,29.0,-20.051703
106.0,29.0,-276.773623
107.0,29.0,-485.064234
108.0,29.0,-542.781684
109.0,29.0,-489.972109
110.0,29.0,-521.506006
111.0,29.0,-560.655951
112.0,29.0,-542.970275
113.0,29.0,-539.822408
114.0,29.0,-497.401928
115.0,29.0,-480.542882
116.0,29.0,-421.871793
117.0,29.0,-337.502896
118.0,29.0,-266.265319
119.0,29.0,-324.341236
120.0,29.0,-492.83793
121.0,29.0,-575.308437
122.0,29.0,-461.848826
123.0,29.0,-455.472682
124.0,29.0,-450.48761
125.0,29.0,-408.606225
126.0,29.0,-407.714635
127.0,29.0,-329.610403
128.0,29.0,-247.012123
129.0,29.0,-198.06824
130.0,29.0,-216.665219
131.0,29.0,-267.172542
132.0,29.0,-267.390264
133.0,29.0,-219.131889
134.0,29.0,-263.395466
135.0,29.0,-302.433719
136.0,29.0,-247.610789
137.0,29.0,-279.440119
138.0,29.0,-256.151534
139.0,29.0,-96.341187
140.0,29.0,148.354095
141.0,29.0,331.99349
142.0,29.0,455.288755
143.0,29.0,442.713852
144.0,29.0,294.675881
145.0,29.0,31.915684
146.0,29.0,-201.148221
147.0,29.0,-340.72922
148.0,29.0,-396.545119
149.0,29.0,-403.954458
150.0,29.0,-303.595081
151.0,29.0,-262.118304
152.0,29.0,-359.636779
153.0,29.0,-433.295942
154.0,29.0,-455.176474
155.0,29.0,-436.973531
156.0,29.0,-402.101005
157.0,29.0,-421.632962
158.0,29.0,-376.913045
159.0,29.0,-402.747272
160.0,29.0,-360.843721
161.0,29.0,-164.661181
162.0,29.0,113.427406
163.0,29.0,327.993982
164.0,29.0,586.280011
165.0,29.0,647.177546
166.0,29.0,509.301574
167.0,29.0,434.563341
168.0,29.0,514.7314
169.0,29.0,807.21851
170.0,29.0,967.018112
171.0,29.0,932.182334
172.0,29.0,957.218129
173.0,29.0,992.259177
174.0,29.0,873.60539
175.0,29.0,529.27462
176.0,29.0,213.228371
177.0,29.0,51.015143
178.0,29.0,30.708972
179.0,29.0,-8.201907
180.0,29.0,-37.409613
181.0,29.0,1.862553
182.0,29.0,-24.346998
183.0,29.0,-141.891378
184.0,29.0,-308.383133
185.0,29.0,-432.711936
186.0,29.0,-449.284474
187.0,29.0,-395.746352
188.0,29.0,-329.590073
189.0,29.0,-230.271948
190.0,29.0,-207.168233
191.0,29.0,-252.344288
192.0,29.0,-186.774928
193.0,29.0,58.916232
194.0,29.0,244.538421
195.0,29.0,270.145814
196.0,29.0,167.42994
197.0,29.0,58.248009
198.0,29.0,-59.720218
199.0,29.0,-241.046478
0.0,30.0,-422.404952
1.0,30.0,-383.610918
2.0,30.0,-342.909769
3.0,30.0,-397.434762
4.0,30.0,-428.808878
5.0,30.0,-385.953509
6.0,30.0,-411.261338
7.0,30.0,-502.960973
8.0,30.0,-519.289111
9.0,30.0,-525.830523
10.0,30.0,-491.170975
11.0,30.0,-336.176126
12.0,30.0,-117.156184
13.0,30.0,82.713462
14.0,30.0,89.952036
15.0,30.0,78.256285
16.0,30.0,220.541679
17.0,30.0,259.565611
18.0,30.0,185.82603
19.0,30.0,86.844615
20.0,30.0,-67.62827
21.0,30.0,-152.820323
22.0,30.0,-245.575755
23.0,30.0,-371.960293
24.0,30.0,-489.344732
25.0,30.0,-577.03595
26.0,30.0,-653.214176
27.0,30.0,-640.93439
28.0,30.0,-519.094404
29.0,30.0,-391.882271
30.0,30.0,-423.623501
31.0,30.0,-517.302013
32.0,30.0,-558.849514
33.0,30.0,-538.400946
34.0,30.0,-502.971284
35.0,30.0,-524.450737
36.0,30.0,-512.701498
37.0,30.0,-445.558016
38.0,30.0,-383.061052
39.0,30.0,-394.386962
40.0,30.0,-443.124586
41.0,30.0,-387.88323
42.0,30.0,-323.229335
43.0,30.0,-324.113082
44.0,30.0,-336.249898
45.0,30.0,-401.51809
46.0,30.0,-465.078977
47.0,30.0,-546.902337
48.0,30.0,-603.552665
49.0,30.0,-587.164908
50.0,30.0,-495.163356
51.0,30.0,-392.479214
52.0,30.0,-340.779315
53.0,30.0,-263.558278
54.0,30.0,-206.048109
55.0,30.0,-133.425213
56.0,30.0,-124.708902
57.0,30.0,-161.011499
58.0,30.0,-167.054703
59.0,30.0,-121.636538
60.0,30.0,-108.346004
61.0,30.0,-122.814903
62.0,30.0,-208.460709
63.0,30.0,-291.277148
64.0,30.0,-349.612981
65.0,30.0,-410.690449
66.0,30.0,-450.097283
67.0,30.0,-463.522746
68.0,30.0,-498.215593
69.0,30.0,-528.756036
70.0,30.0,-583.74419
71.0,30.0,-578.867304
72.0,30.0,-556.845039
73.0,30.0,-594.755593
74.0,30.0,-628.60885
75.0,30.0,-580.885587
76.0,30.0,-501.169816
77.0,30.0,-394.313369
78.0,30.0,-232.127087
79.0,30.0,-228.329428
80.0,30.0,-426.582335
81.0,30.0,-546.171413
82.0,30.0,-504.452286
83.0,30.0,-501.988175
84.0,30.0,-592.771736
85.0,30.0,-551.848314
86.0,30.0,-232.083888
87.0,30.0,336.58834
88.0,30.0,648.649119
89.0,30.0,737.856134
90.0,30.0,581.501785
91.0,30.0,337.47362
92.0,30.0,233.235662
93.0,30.0,-62.113822
94.0,30.0,-179.27334
95.0,30.0,-191.7761
96.0,30.0,-208.526312
97.0,30.0,-219.651358
98.0,30.0,-178.034567
99.0,30.0,-117.362147
100.0,30.0,-99.065628
101.0,30.0,43.153596
102.0,30.0,284.447179
103.0,30.0,363.507664
104.0,30.0,207.403865
105.0,30.0,-102.034598
106.0,30.0,-347.121263
107.0,30.0,-488.470166
108.0,30.0,-522.486555
109.0,30.0,-553.355421
110.0,30.0,-625.48861
111.0,30.0,-622.07306
112.0,30.0,-620.296454
113.0,30.0,-612.335803
114.0,30.0,-544.436339
115.0,30.0,-482.268916
116.0,30.0,-377.779178
117.0,30.0,-227.968619
118.0,30.0,-116.504594
119.0,30.0,-188.612965
120.0,30.0,-392.652351
121.0,30.0,-483.922479
122.0,30.0,-416.897358
123.0,30.0,-443.781848
124.0,30.0,-401.482475
125.0,30.0,-391.972035
126.0,30.0,-397.709377
127.0,30.0,-329.724783
128.0,30.0,-167.954156
129.0,30.0,-51.390467
130.0,30.0,-75.499398
131.0,30.0,-90.331538
132.0,30.0,-85.738728
133.0,30.0,-107.38152
134.0,30.0,-224.037681
135.0,30.0,-237.75221
136.0,30.0,-210.904819
137.0,30.0,-355.809769
138.0,30.0,-445.351261
139.0,30.0,-332.669775
140.0,30.0,-149.983086
141.0,30.0,34.208894
142.0,30.0,261.523356
143.0,30.0,382.992104
144.0,30.0,334.109299
145.0,30.0,120.123461
146.0,30.0,-119.479585
147.0,30.0,-291.783956
148.0,30.0,-389.641715
149.0,30.0,-423.696155
150.0,30.0,-281.743282
151.0,30.0,-110.576001
152.0,30.0,-116.326864
153.0,30.0,-213.010905
154.0,30.0,-280.667557
155.0,30.0,-238.300345
156.0,30.0,-181.924473
157.0,30.0,-206.670548
158.0,30.0,-212.118904
159.0,30.0,-288.841147
160.0,30.0,-347.472223
161.0,30.0,-244.759776
162.0,30.0,-16.82969
163.0,30.0,192.824189
164.0,30.0,322.734777
165.0,30.0,394.094767
166.0,30.0,324.596155
167.0,30.0,242.280943
168.0,30.0,302.636193
169.0,30.0,510.464085
170.0,30.0,614.39478
171.0,30.0,559.393812
172.0,30.0,638.370609
173.0,30.0,766.799414
174.0,30.0,733.465461
175.0,30.0,502.881653
176.0,30.0,208.511973
177.0,30.0,63.382799
178.0,30.0,72.533258
179.0,30.0,66.839858
180.0,30.0,-90.278971
181.0,30.0,-199.052199
182.0,30.0,-227.233359
183.0,30.0,-211.849353
184.0,30.0,-283.738892
185.0,30.0,-393.864101
186.0,30.0,-405.271496
187.0,30.0,-326.811503
188.0,30.0,-350.473054
189.0,30.0,-421.670103
190.0,30.0,-395.029998
191.0,30.0,-363.686634
192.0,30.0,-334.496938
193.0,30.0,-211.653783
194.0,30.0,-67.698577
195.0,30.0,-20.329139
196.0,30.0,-81.422864
197.0,30.0,-201.480709
198.0,30.0,-245.80797
199.0,30.0,-272.831127
0.0,31.0,-460.679691
1.0,31.0,-481.197433
2.0,31.0,-428.862663
3.0,31.0,-454.969447
4.0,31.0,-469.308572
5.0,31.0,-440.661083
6.0,31.0,-439.1135
7.0,31.0,-494.880449
8.0,31.0,-516.931309
9.0,31.0,-513.513075
10.0,31.0,-437.397412
11.0,31.0,-234.031051
12.0,31.0,-29.450046
13.0,31.0,139.146194
14.0,31.0,146.521802
15.0,31.0,112.25442
16.0,31.0,235.16279
17.0,31.0,284.20484
18.0,31.0,264.541542
19.0,31.0,209.573436
20.0,31.0,71.296895
21.0,31.0,-99.29755
22.0,31.0,-241.204674
23.0,31.0,-346.989902
24.0,31.0,-480.102791
25.0,31.0,-587.266501
26.0,31.0,-670.902954
27.0,31.0,-667.765156
28.0,31.0,-550.257149
29.0,31.0,-402.731512
30.0,31.0,-368.770011
31.0,31.0,-415.529187
32.0,31.0,-413.768777
33.0,31.0,-430.0357
34.0,31.0,-463.765638
35.0,31.0,-489.674256
36.0,31.0,-463.798983
37.0,31.0,-373.613183
38.0,31.0,-280.458949
39.0,31.0,-321.466695
40.0,31.0,-397.25445
41.0,31.0,-361.304877
42.0,31.0,-350.331681
43.0,31.0,-395.829167
44.0,31.0,-433.121635
45.0,31.0,-493.251852
46.0,31.0,-543.176255
47.0,31.0,-585.582043
48.0,31.0,-617.471504
49.0,31.0,-566.158889
50.0,31.0,-460.42983
51.0,31.0,-360.945343
52.0,31.0,-287.151404
53.0,31.0,-265.731753
54.0,31.0,-248.765807
55.0,31.0,-157.804791
56.0,31.0,-76.975614
57.0,31.0,-93.944609
58.0,31.0,-85.697412
59.0,31.0,51.980579
60.0,31.0,102.206458
61.0,31.0,58.955735
62.0,31.0,-119.711017
63.0,31.0,-266.04265
64.0,31.0,-341.308435
65.0,31.0,-431.297552
66.0,31.0,-503.274319
67.0,31.0,-542.083174
68.0,31.0,-575.293017
69.0,31.0,-639.07064
70.0,31.0,-707.173961
71.0,31.0,-676.340752
72.0,31.0,-639.888491
73.0,31.0,-688.573537
74.0,31.0,-695.873689
75.0,31.0,-603.587428
76.0,31.0,-495.484246
77.0,31.0,-380.406202
78.0,31.0,-254.049324
79.0,31.0,-301.858789
80.0,31.0,-575.920286
81.0,31.0,-665.880988
82.0,31.0,-545.909221
83.0,31.0,-515.516777
84.0,31.0,-531.76539
85.0,31.0,-435.329626
86.0,31.0,-118.266481
87.0,31.0,402.367806
88.0,31.0,709.908087
89.0,31.0,775.228127
90.0,31.0,512.685696
91.0,31.0,347.314078
92.0,31.0,184.659012
93.0,31.0,-216.383351
94.0,31.0,-297.621909
95.0,31.0,-202.773244
96.0,31.0,-157.102196
97.0,31.0,-187.442442
98.0,31.0,-205.251583
99.0,31.0,-184.703884
100.0,31.0,-135.149642
101.0,31.0,75.653752
102.0,31.0,283.871815
103.0,31.0,282.463509
104.0,31.0,156.14184
105.0,31.0,-84.563075
106.0,31.0,-352.50506
107.0,31.0,-518.406976
108.0,31.0,-555.080574
109.0,31.0,-619.74293
110.0,31.0,-717.156842
111.0,31.0,-693.233827
112.0,31.0,-649.893777
113.0,31.0,-636.280712
114.0,31.0,-532.292607
115.0,31.0,-425.215711
116.0,31.0,-270.814732
117.0,31.0,-74.247851
118.0,31.0,29.43724
119.0,31.0,-118.629473
120.0,31.0,-374.892593
121.0,31.0,-489.363424
122.0,31.0,-418.116359
123.0,31.0,-389.70492
124.0,31.0,-319.944376
125.0,31.0,-313.106685
126.0,31.0,-338.336893
127.0,31.0,-294.930678
128.0,31.0,-120.740486
129.0,31.0,86.337888
130.0,31.0,166.588652
131.0,31.0,163.320697
132.0,31.0,174.585278
133.0,31.0,123.060522
134.0,31.0,-75.189991
135.0,31.0,-102.982589
136.0,31.0,-60.331161
137.0,31.0,-213.335339
138.0,31.0,-393.702493
139.0,31.0,-444.557075
140.0,31.0,-362.479515
141.0,31.0,-194.274888
142.0,31.0,65.999175
143.0,31.0,237.037282
144.0,31.0,277.023739
145.0,31.0,173.59388
146.0,31.0,41.871159
147.0,31.0,-168.937205
148.0,31.0,-325.924856
149.0,31.0,-425.363403
150.0,31.0,-353.205562
151.0,31.0,-112.262411
152.0,31.0,60.367192
153.0,31.0,48.998346
154.0,31.0,11.484905
155.0,31.0,72.353156
156.0,31.0,88.966567
157.0,31.0,68.269005
158.0,31.0,47.149144
159.0,31.0,-43.100183
160.0,31.0,-149.291954
161.0,31.0,-209.50633
162.0,31.0,-96.547088
163.0,31.0,141.531327
164.0,31.0,188.229397
165.0,31.0,173.655246
166.0,31.0,189.327524
167.0,31.0,122.917506
168.0,31.0,143.063966
169.0,31.0,338.073046
170.0,31.0,458.321718
171.0,31.0,392.69534
172.0,31.0,453.934801
173.0,31.0,538.819358
174.0,31.0,489.534876
175.0,31.0,385.926867
176.0,31.0,200.710476
177.0,31.0,12.694395
178.0,31.0,-86.093136
179.0,31.0,-101.145117
180.0,31.0,-208.544016
181.0,31.0,-259.731123
182.0,31.0,-258.494856
183.0,31.0,-205.574119
184.0,31.0,-206.350121
185.0,31.0,-231.56954
186.0,31.0,-249.841076
187.0,31.0,-282.049228
188.0,31.0,-379.170687
189.0,31.0,-505.545712
190.0,31.0,-498.43262
191.0,31.0,-417.897196
192.0,31.0,-368.131267
193.0,31.0,-307.306166
194.0,31.0,-259.137788
195.0,31.0,-193.597332
196.0,31.0,-203.279936
197.0,31.0,-302.128836
198.0,31.0,-325.978939
199.0,31.0,-306.611942
0.0,32.0,-565.507908
1.0,32.0,-597.083681
2.0,32.0,-523.661063
3.0,32.0,-523.967357
4.0,32.0,-550.483778
5.0,32.0,-527.994751
6.0,32.0,-495.649486
7.0,32.0,-504.608614
8.0,32.0,-484.9931
9.0,32.0,-439.368105
10.0,32.0,-323.627403
11.0,32.0,-123.391444
12.0,32.0,95.36221
13.0,32.0,267.093886
14.0,32.0,268.695378
15.0,32.0,202.18932
16.0,32.0,269.983508
17.0,32.0,324.222013
18.0,32.0,334.262705
19.0,32.0,299.499763
20.0,32.0,180.754841
21.0,32.0,-42.267202
22.0,32.0,-247.283478
23.0,32.0,-363.593895
24.0,32.0,-489.287168
25.0,32.0,-588.982833
26.0,32.0,-699.62588
27.0,32.0,-739.28275
28.0,32.0,-650.552379
29.0,32.0,-547.208026
30.0,32.0,-467.820947
31.0,32.0,-410.388846
32.0,32.0,-313.541591
33.0,32.0,-305.751984
34.0,32.0,-366.430894
35.0,32.0,-404.487236
36.0,32.0,-396.628896
37.0,32.0,-336.567851
38.0,32.0,-224.375729
39.0,32.0,-216.346318
40.0,32.0,-295.742309
41.0,32.0,-282.24275
42.0,32.0,-293.096799
43.0,32.0,-380.476426
44.0,32.0,-454.296265
45.0,32.0,-518.85906
46.0,32.0,-569.830114
47.0,32.0,-544.691428
48.0,32.0,-554.423327
49.0,32.0,-520.967566
50.0,32.0,-437.10807
51.0,32.0,-362.185568
52.0,32.0,-335.66973
53.0,32.0,-360.953895
54.0,32.0,-337.440981
55.0,32.0,-271.73658
56.0,32.0,-172.724682
57.0,32.0,-78.324871
58.0,32.0,15.59745
59.0,32.0,130.101143
60.0,32.0,114.424379
61.0,32.0,61.588882
62.0,32.0,-81.551694
63.0,32.0,-239.097941
64.0,32.0,-376.807708
65.0,32.0,-488.922229
66.0,32.0,-580.459784
67.0,32.0,-620.112578
68.0,32.0,-635.850393
69.0,32.0,-727.177576
70.0,32.0,-788.760309
71.0,32.0,-786.405745
72.0,32.0,-744.446876
73.0,32.0,-744.320042
74.0,32.0,-720.048838
75.0,32.0,-569.287691
76.0,32.0,-462.459819
77.0,32.0,-381.011325
78.0,32.0,-331.100499
79.0,32.0,-409.129975
80.0,32.0,-643.011949
81.0,32.0,-656.582592
82.0,32.0,-510.683855
83.0,32.0,-484.859224
84.0,32.0,-412.935691
85.0,32.0,-253.516093
86.0,32.0,50.510671
87.0,32.0,458.821443
88.0,32.0,760.641459
89.0,32.0,765.096524
90.0,32.0,485.67047
91.0,32.0,372.344535
92.0,32.0,169.309036
93.0,32.0,-232.347512
94.0,32.0,-305.342182
95.0,32.0,-147.587825
96.0,32.0,-77.179007
97.0,32.0,-74.48651
98.0,32.0,-111.748294
99.0,32.0,-125.213051
100.0,32.0,-31.59234
101.0,32.0,187.276354
102.0,32.0,270.126098
103.0,32.0,174.722962
104.0,32.0,88.016141
105.0,32.0,-80.883917
106.0,32.0,-357.499059
107.0,32.0,-586.858872
108.0,32.0,-613.3938
109.0,32.0,-657.983587
110.0,32.0,-732.925109
111.0,32.0,-732.961356
112.0,32.0,-656.443505
113.0,32.0,-622.160896
114.0,32.0,-496.27304
115.0,32.0,-364.400683
116.0,32.0,-192.912803
117.0,32.0,58.124026
118.0,32.0,150.390885
119.0,32.0,-46.713709
120.0,32.0,-355.041056
121.0,32.0,-479.449833
122.0,32.0,-384.604799
123.0,32.0,-298.328162
124.0,32.0,-254.164333
125.0,32.0,-227.61305
126.0,32.0,-202.964273
127.0,32.0,-211.527696
128.0,32.0,-134.972342
129.0,32.0,37.181664
130.0,32.0,188.264087
131.0,32.0,240.110872
132.0,32.0,334.794424
133.0,32.0,359.215302
134.0,32.0,189.720883
135.0,32.0,30.493694
136.0,32.0,-70.809208
137.0,32.0,-166.555122
138.0,32.0,-275.457304
139.0,32.0,-368.912032
140.0,32.0,-369.488349
141.0,32.0,-247.435398
142.0,32.0,-12.093309
143.0,32.0,118.505498
144.0,32.0,137.119795
145.0,32.0,106.524591
146.0,32.0,42.644628
147.0,32.0,-57.484633
148.0,32.0,-119.058951
149.0,32.0,-249.859381
150.0,32.0,-309.876617
151.0,32.0,-146.146782
152.0,32.0,75.535657
153.0,32.0,134.758296
154.0,32.0,142.221146
155.0,32.0,205.027138
156.0,32.0,209.413191
157.0,32.0,191.7247
158.0,32.0,178.874256
159.0,32.0,133.403897
160.0,32.0,19.477016
161.0,32.0,-106.509801
162.0,32.0,-61.303354
163.0,32.0,160.210568
164.0,32.0,186.977434
165.0,32.0,92.321294
166.0,32.0,118.711872
167.0,32.0,13.907457
168.0,32.0,-56.110098
169.0,32.0,89.840104
170.0,32.0,273.062062
171.0,32.0,319.390983
172.0,32.0,322.196347
173.0,32.0,374.713572
174.0,32.0,329.553318
175.0,32.0,200.483953
176.0,32.0,46.27464
177.0,32.0,-179.053498
178.0,32.0,-324.885653
179.0,32.0,-323.103017
180.0,32.0,-310.882977
181.0,32.0,-271.913969
182.0,32.0,-206.244139
183.0,32.0,-126.453803
184.0,32.0,-72.855534
185.0,32.0,-89.014047
186.0,32.0,-196.348898
187.0,32.0,-358.21969
188.0,32.0,-436.461204
189.0,32.0,-510.434995
190.0,32.0,-502.783364
191.0,32.0,-388.018365
192.0,32.0,-347.888445
193.0,32.0,-317.1099
194.0,32.0,-315.002223
195.0,32.0,-295.725239
196.0,32.0,-280.159372
197.0,32.0,-310.647796
198.0,32.0,-288.629357
199.0,32.0,-334.304391
0.0,33.0,-619.820859
1.0,33.0,-666.18336
2.0,33.0,-602.783991
3.0,33.0,-561.503917
4.0,33.0,-574.387506
5.0,33.0,-555.085308
6.0,33.0,-546.226852
7.0,33.0,-550.808397
8.0,33.0,-483.535498
9.0,33.0,-376.322771
10.0,33.0,-219.589485
11.0,33.0,-17.434687
12.0,33.0,197.62996
13.0,33.0,327.295833
14.0,33.0,335.414697
15.0,33.0,293.923152
16.0,33.0,301.606353
17.0,33.0,349.18214
18.0,33.0,358.004948
19.0,33.0,328.384836
20.0,33.0,178.583291
21.0,33.0,-76.188874
22.0,33.0,-285.504661
23.0,33.0,-446.138506
24.0,33.0,-562.108416
25.0,33.0,-631.117067
26.0,33.0,-709.807862
27.0,33.0,-733.076771
28.0,33.0,-676.479033
29.0,33.0,-600.411971
30.0,33.0,-510.054011
31.0,33.0,-400.523842
32.0,33.0,-306.165437
33.0,33.0,-308.006323
34.0,33.0,-365.185626
35.0,33.0,-399.337732
36.0,33.0,-389.109891
37.0,33.0,-365.169487
38.0,33.0,-260.755282
39.0,33.0,-190.684296
40.0,33.0,-215.75155
41.0,33.0,-224.288831
42.0,33.0,-236.103073
43.0,33.0,-295.80049
44.0,33.0,-384.273083
45.0,33.0,-503.916412
46.0,33.0,-562.946763
47.0,33.0,-517.978362
48.0,33.0,-494.685861
49.0,33.0,-477.024201
50.0,33.0,-431.535286
51.0,33.0,-420.82311
52.0,33.0,-431.279461
53.0,33.0,-399.597654
54.0,33.0,-329.087425
55.0,33.0,-271.076777
56.0,33.0,-167.311191
57.0,33.0,37.933101
58.0,33.0,91.789686
59.0,33.0,46.988736
60.0,33.0,-57.310513
61.0,33.0,-108.259087
62.0,33.0,-137.968998
63.0,33.0,-235.673731
64.0,33.0,-357.089214
65.0,33.0,-471.126313
66.0,33.0,-594.667759
67.0,33.0,-673.591762
68.0,33.0,-678.256309
69.0,33.0,-735.975231
70.0,33.0,-796.551165
71.0,33.0,-811.012098
72.0,33.0,-785.949854
73.0,33.0,-770.644728
74.0,33.0,-757.925336
75.0,33.0,-558.27766
76.0,33.0,-399.806427
77.0,33.0,-342.482177
78.0,33.0,-391.741657
79.0,33.0,-536.096621
80.0,33.0,-625.324668
81.0,33.0,-511.475605
82.0,33.0,-407.302052
83.0,33.0,-453.616428
84.0,33.0,-338.444574
85.0,33.0,-97.284124
86.0,33.0,242.590572
87.0,33.0,564.492056
88.0,33.0,775.327037
89.0,33.0,741.782449
90.0,33.0,557.64836
91.0,33.0,449.630512
92.0,33.0,184.299831
93.0,33.0,-152.627207
94.0,33.0,-191.342298
95.0,33.0,-62.611766
96.0,33.0,-42.59554
97.0,33.0,17.590266
98.0,33.0,61.342121
99.0,33.0,44.682694
100.0,33.0,106.341909
101.0,33.0,247.271299
102.0,33.0,229.352682
103.0,33.0,65.899111
104.0,33.0,-5.96629
105.0,33.0,-130.31527
106.0,33.0,-380.971388
107.0,33.0,-582.047465
108.0,33.0,-577.141664
109.0,33.0,-630.054773
110.0,33.0,-661.581767
111.0,33.0,-705.210228
112.0,33.0,-675.469061
113.0,33.0,-627.392684
114.0,33.0,-460.365472
115.0,33.0,-249.418637
116.0,33.0,-74.166286
117.0,33.0,134.971409
118.0,33.0,198.071554
119.0,33.0,4.725839
120.0,33.0,-330.321671
121.0,33.0,-427.385185
122.0,33.0,-263.840805
123.0,33.0,-116.826297
124.0,33.0,-117.185265
125.0,33.0,-114.204186
126.0,33.0,-124.094969
127.0,33.0,-171.302118
128.0,33.0,-137.178202
129.0,33.0,-48.302352
130.0,33.0,43.851809
131.0,33.0,178.009749
132.0,33.0,290.652014
133.0,33.0,349.449285
134.0,33.0,314.621858
135.0,33.0,128.167526
136.0,33.0,-175.321871
137.0,33.0,-357.01366
138.0,33.0,-402.429073
139.0,33.0,-356.223698
140.0,33.0,-331.188214
141.0,33.0,-287.153781
142.0,33.0,-125.334469
143.0,33.0,-17.537001
144.0,33.0,-68.273387
145.0,33.0,-115.400407
146.0,33.0,-189.974964
147.0,33.0,-213.834701
148.0,33.0,-108.004319
149.0,33.0,-90.891959
150.0,33.0,-163.812719
151.0,33.0,-75.434997
152.0,33.0,110.194075
153.0,33.0,201.231247
154.0,33.0,211.469615
155.0,33.0,223.79346
156.0,33.0,207.710328
157.0,33.0,167.542677
158.0,33.0,198.593014
159.0,33.0,250.404484
160.0,33.0,240.406058
161.0,33.0,224.960123
162.0,33.0,223.895158
163.0,33.0,234.60832
164.0,33.0,228.586697
165.0,33.0,187.562326
166.0,33.0,135.984871
167.0,33.0,10.397572
168.0,33.0,-88.109779
169.0,33.0,-119.556273
170.0,33.0,-22.632873
171.0,33.0,106.04325
172.0,33.0,112.027857
173.0,33.0,156.287394
174.0,33.0,91.507713
175.0,33.0,-101.243098
176.0,33.0,-253.841174
177.0,33.0,-403.148485
178.0,33.0,-496.767282
179.0,33.0,-443.101021
180.0,33.0,-353.853642
181.0,33.0,-241.341542
182.0,33.0,-154.099223
183.0,33.0,-120.314542
184.0,33.0,-147.901043
185.0,33.0,-209.201193
186.0,33.0,-298.15579
187.0,33.0,-404.754253
188.0,33.0,-407.03593
189.0,33.0,-467.436958
190.0,33.0,-442.759381
191.0,33.0,-302.700418
192.0,33.0,-304.807247
193.0,33.0,-347.650999
194.0,33.0,-373.697844
195.0,33.0,-315.955037
196.0,33.0,-223.451733
197.0,33.0,-246.269221
198.0,33.0,-268.753752
199.0,33.0,-370.973771
0.0,34.0,-616.298098
1.0,34.0,-681.929995
2.0,34.0,-632.221237
3.0,34.0,-588.090572
4.0,34.0,-577.056844
5.0,34.0,-558.394801
6.0,34.0,-573.148517
7.0,34.0,-590.936188
8.0,34.0,-523.401934
9.0,34.0,-369.883185
10.0,34.0,-131.903923
11.0,34.0,129.248225
12.0,34.0,279.401659
13.0,34.0,306.336319
14.0,34.0,353.171007
15.0,34.0,333.861462
16.0,34.0,285.721698
17.0,34.0,294.27785
18.0,34.0,265.347288
19.0,34.0,235.216523
20.0,34.0,43.00893
21.0,34.0,-212.711591
22.0,34.0,-364.348339
23.0,34.0,-502.452699
24.0,34.0,-593.692833
25.0,34.0,-642.089979
26.0,34.0,-645.339269
27.0,34.0,-630.175286
28.0,34.0,-593.813909
29.0,34.0,-497.198269
30.0,34.0,-414.074375
31.0,34.0,-380.861163
32.0,34.0,-345.671063
33.0,34.0,-343.906854
34.0,34.0,-402.868735
35.0,34.0,-415.160412
36.0,34.0,-377.783418
37.0,34.0,-357.006796
38.0,34.0,-312.905135
39.0,34.0,-215.602098
40.0,34.0,-148.852215
41.0,34.0,-155.640367
42.0,34.0,-169.915472
43.0,34.0,-223.279596
44.0,34.0,-332.880295
45.0,34.0,-464.710207
46.0,34.0,-517.004587
47.0,34.0,-525.041335
48.0,34.0,-534.902607
49.0,34.0,-535.098848
50.0,34.0,-526.271202
51.0,34.0,-531.131121
52.0,34.0,-520.91508
53.0,34.0,-418.842141
54.0,34.0,-261.315348
55.0,34.0,-189.185564
56.0,34.0,-97.515406
57.0,34.0,84.48176
58.0,34.0,95.715714
59.0,34.0,27.792805
60.0,34.0,-66.899383
61.0,34.0,-115.547739
62.0,34.0,-129.698228
63.0,34.0,-220.58723
64.0,34.0,-330.160932
65.0,34.0,-411.299619
66.0,34.0,-540.966799
67.0,34.0,-633.920726
68.0,34.0,-602.794123
69.0,34.0,-618.333342
70.0,34.0,-681.593535
71.0,34.0,-702.871808
72.0,34.0,-711.09232
73.0,34.0,-735.53224
74.0,34.0,-762.151139
75.0,34.0,-589.119842
76.0,34.0,-420.1312
77.0,34.0,-374.181934
78.0,34.0,-450.310841
79.0,34.0,-576.488455
80.0,34.0,-537.197443
81.0,34.0,-388.46583
82.0,34.0,-319.863605
83.0,34.0,-372.443982
84.0,34.0,-238.135965
85.0,34.0,114.170734
86.0,34.0,415.458045
87.0,34.0,658.686157
88.0,34.0,764.632883
89.0,34.0,723.653644
90.0,34.0,613.725678
91.0,34.0,456.523648
92.0,34.0,136.862453
93.0,34.0,-131.495919
94.0,34.0,-136.202993
95.0,34.0,-91.463134
96.0,34.0,-102.46507
97.0,34.0,46.829483
98.0,34.0,198.410264
99.0,34.0,219.813392
100.0,34.0,214.124646
101.0,34.0,291.006887
102.0,34.0,201.418043
103.0,34.0,21.235465
104.0,34.0,-14.949019
105.0,34.0,-189.987594
106.0,34.0,-461.570258
107.0,34.0,-584.102019
108.0,34.0,-564.183201
109.0,34.0,-585.727486
110.0,34.0,-604.883488
111.0,34.0,-633.059442
112.0,34.0,-645.519564
113.0,34.0,-602.728466
114.0,34.0,-350.292623
115.0,34.0,-67.76427
116.0,34.0,66.052231
117.0,34.0,186.625959
118.0,34.0,218.119791
119.0,34.0,-83.387442
120.0,34.0,-403.659784
121.0,34.0,-402.798932
122.0,34.0,-190.48326
123.0,34.0,7.877629
124.0,34.0,22.334572
125.0,34.0,-27.433463
126.0,34.0,-132.462298
127.0,34.0,-243.207519
128.0,34.0,-238.421794
129.0,34.0,-215.205639
130.0,34.0,-191.075415
131.0,34.0,-87.561671
132.0,34.0,7.188792
133.0,34.0,63.231161
134.0,34.0,108.857798
135.0,34.0,1.762428
136.0,34.0,-217.508421
137.0,34.0,-404.571397
138.0,34.0,-461.14557
139.0,34.0,-387.107243
140.0,34.0,-346.61282
141.0,34.0,-383.505309
142.0,34.0,-362.78967
143.0,34.0,-268.073281
144.0,34.0,-228.000219
145.0,34.0,-299.247677
146.0,34.0,-356.602261
147.0,34.0,-340.024908
148.0,34.0,-235.004909
149.0,34.0,-89.974792
150.0,34.0,3.427094
151.0,34.0,169.571589
152.0,34.0,306.109456
153.0,34.0,363.63902
154.0,34.0,294.352214
155.0,34.0,165.870963
156.0,34.0,184.616405
157.0,34.0,219.250518
158.0,34.0,249.011473
159.0,34.0,370.965783
160.0,34.0,477.360017
161.0,34.0,513.391747
162.0,34.0,511.007683
163.0,34.0,505.993387
164.0,34.0,520.814893
165.0,34.0,461.701467
166.0,34.0,288.365395
167.0,34.0,136.445025
168.0,34.0,53.07385
169.0,34.0,-57.873138
170.0,34.0,-111.977593
171.0,34.0,-136.610658
172.0,34.0,-158.001749
173.0,34.0,-141.156401
174.0,34.0,-198.714854
175.0,34.0,-363.296048
176.0,34.0,-487.937422
177.0,34.0,-558.793175
178.0,34.0,-586.046125
179.0,34.0,-542.952993
180.0,34.0,-442.61558
181.0,34.0,-276.363147
182.0,34.0,-199.089849
183.0,34.0,-155.016183
184.0,34.0,-225.714048
185.0,34.0,-345.58024
186.0,34.0,-398.333355
187.0,34.0,-395.957401
188.0,34.0,-367.753584
189.0,34.0,-473.065259
190.0,34.0,-450.344771
191.0,34.0,-284.195128
192.0,34.0,-271.258107
193.0,34.0,-381.84941
194.0,34.0,-391.298806
195.0,34.0,-258.582482
196.0,34.0,-82.796153
197.0,34.0,-51.315983
198.0,34.0,-94.431819
199.0,34.0,-267.144602
0.0,35.0,-558.450254
1.0,35.0,-695.269003
2.0,35.0,-675.279319
3.0,35.0,-632.40248
4.0,35.0,-596.137857
5.0,35.0,-578.864373
6.0,35.0,-599.144061
7.0,35.0,-616.725995
8.0,35.0,-562.270976
9.0,35.0,-380.842233
10.0,35.0,-72.14264
11.0,35.0,206.987411
12.0,35.0,300.181272
13.0,35.0,272.429434
14.0,35.0,334.066328
15.0,35.0,355.288692
16.0,35.0,304.274742
17.0,35.0,240.698022
18.0,35.0,157.545428
19.0,35.0,103.226072
20.0,35.0,-77.338598
21.0,35.0,-283.690069
22.0,35.0,-407.134499
23.0,35.0,-481.530956
24.0,35.0,-520.181852
25.0,35.0,-550.574174
26.0,35.0,-520.283381
27.0,35.0,-503.30202
28.0,35.0,-485.415005
29.0,35.0,-412.87163
30.0,35.0,-344.060363
31.0,35.0,-344.977081
32.0,35.0,-349.75192
33.0,35.0,-353.124996
34.0,35.0,-409.459809
35.0,35.0,-433.386713
36.0,35.0,-382.021342
37.0,35.0,-341.638516
38.0,35.0,-331.456948
39.0,35.0,-228.512619
40.0,35.0,-67.391491
41.0,35.0,-27.663546
42.0,35.0,-68.283564
43.0,35.0,-91.813495
44.0,35.0,-200.328422
45.0,35.0,-358.641357
46.0,35.0,-417.400327
47.0,35.0,-471.308516
48.0,35.0,-528.908213
49.0,35.0,-541.065089
50.0,35.0,-545.319598
51.0,35.0,-537.704936
52.0,35.0,-515.657142
53.0,35.0,-395.749253
54.0,35.0,-251.941439
55.0,35.0,-218.762929
56.0,35.0,-125.399378
57.0,35.0,8.9124
58.0,35.0,78.743042
59.0,35.0,123.300204
60.0,35.0,102.283145
61.0,35.0,64.217531
62.0,35.0,37.572034
63.0,35.0,-126.940798
64.0,35.0,-276.799616
65.0,35.0,-353.396451
66.0,35.0,-491.56857
67.0,35.0,-556.317391
68.0,35.0,-523.028972
69.0,35.0,-534.100272
70.0,35.0,-523.865009
71.0,35.0,-520.612975
72.0,35.0,-583.861614
73.0,35.0,-674.585619
74.0,35.0,-725.869811
75.0,35.0,-569.63341
76.0,35.0,-400.119551
77.0,35.0,-374.864282
78.0,35.0,-425.099542
79.0,35.0,-498.925756
80.0,35.0,-461.927649
81.0,35.0,-387.747686
82.0,35.0,-343.652161
83.0,35.0,-314.479857
84.0,35.0,-128.057613
85.0,35.0,277.612316
86.0,35.0,564.53696
87.0,35.0,736.86573
88.0,35.0,835.568897
89.0,35.0,754.206852
90.0,35.0,562.471643
91.0,35.0,347.816075
92.0,35.0,46.769089
93.0,35.0,-120.835083
94.0,35.0,-149.86645
95.0,35.0,-170.891955
96.0,35.0,-101.524636
97.0,35.0,113.962898
98.0,35.0,337.119907
99.0,35.0,314.469236
100.0,35.0,238.665169
101.0,35.0,248.217014
102.0,35.0,131.438012
103.0,35.0,-48.220841
104.0,35.0,-94.458979
105.0,35.0,-248.511585
106.0,35.0,-519.610382
107.0,35.0,-619.196744
108.0,35.0,-576.784188
109.0,35.0,-530.716614
110.0,35.0,-537.602462
111.0,35.0,-554.636231
112.0,35.0,-541.154751
113.0,35.0,-503.933456
114.0,35.0,-234.207424
115.0,35.0,72.908361
116.0,35.0,170.263512
117.0,35.0,243.646419
118.0,35.0,185.917959
119.0,35.0,-228.672819
120.0,35.0,-497.236835
121.0,35.0,-407.327937
122.0,35.0,-167.604831
123.0,35.0,35.058544
124.0,35.0,122.716513
125.0,35.0,76.824764
126.0,35.0,-81.09065
127.0,35.0,-238.678516
128.0,35.0,-288.687645
129.0,35.0,-345.818799
130.0,35.0,-357.16138
131.0,35.0,-326.192248
132.0,35.0,-307.302952
133.0,35.0,-319.557335
134.0,35.0,-246.309728
135.0,35.0,-201.133894
136.0,35.0,-195.902058
137.0,35.0,-276.115696
138.0,35.0,-371.935944
139.0,35.0,-398.80909
140.0,35.0,-397.238484
141.0,35.0,-392.145626
142.0,35.0,-440.494167
143.0,35.0,-442.960421
144.0,35.0,-394.058731
145.0,35.0,-380.391994
146.0,35.0,-363.813257
147.0,35.0,-297.18445
148.0,35.0,-218.115664
149.0,35.0,-81.975663
150.0,35.0,117.958129
151.0,35.0,263.731994
152.0,35.0,411.625738
153.0,35.0,486.663784
154.0,35.0,356.509832
155.0,35.0,151.936223
156.0,35.0,166.617272
157.0,35.0,272.841764
158.0,35.0,409.327661
159.0,35.0,558.045083
160.0,35.0,658.95071
161.0,35.0,716.609784
162.0,35.0,825.670156
163.0,35.0,994.106353
164.0,35.0,1001.76227
165.0,35.0,785.433116
166.0,35.0,566.377811
167.0,35.0,433.243009
168.0,35.0,305.831553
169.0,35.0,204.11796
170.0,35.0,69.885822
171.0,35.0,-127.056464
172.0,35.0,-250.912545
173.0,35.0,-332.164282
174.0,35.0,-367.281725
175.0,35.0,-481.602087
176.0,35.0,-601.691975
177.0,35.0,-627.490375
178.0,35.0,-661.784446
179.0,35.0,-644.407291
180.0,35.0,-525.56774
181.0,35.0,-405.170193
182.0,35.0,-342.46049
183.0,35.0,-254.544683
184.0,35.0,-288.92728
185.0,35.0,-427.22277
186.0,35.0,-467.477086
187.0,35.0,-413.12819
188.0,35.0,-365.076878
189.0,35.0,-458.236386
190.0,35.0,-483.040689
191.0,35.0,-365.688703
192.0,35.0,-320.746102
193.0,35.0,-351.680055
194.0,35.0,-243.333274
195.0,35.0,-45.377913
196.0,35.0,126.096974
197.0,35.0,236.008321
198.0,35.0,284.87775
199.0,35.0,-23.254661
0.0,36.0,-536.624651
1.0,36.0,-742.091531
2.0,36.0,-752.826706
3.0,36.0,-728.866974
4.0,36.0,-692.446868
5.0,36.0,-650.399463
6.0,36.0,-641.00003
7.0,36.0,-641.547948
8.0,36.0,-573.710665
9.0,36.0,-361.40447
10.0,36.0,-56.516698
11.0,36.0,156.723256
12.0,36.0,206.270598
13.0,36.0,198.088687
14.0,36.0,279.838201
15.0,36.0,347.582715
16.0,36.0,362.574886
17.0,36.0,294.331475
18.0,36.0,200.011605
19.0,36.0,59.275269
20.0,36.0,-114.786115
21.0,36.0,-280.565973
22.0,36.0,-403.30719
23.0,36.0,-459.688809
24.0,36.0,-466.926097
25.0,36.0,-445.235191
26.0,36.0,-391.722323
27.0,36.0,-394.026632
28.0,36.0,-420.805513
29.0,36.0,-391.261504
30.0,36.0,-326.005305
31.0,36.0,-330.780963
32.0,36.0,-376.984278
33.0,36.0,-389.526048
34.0,36.0,-421.884659
35.0,36.0,-451.009531
36.0,36.0,-437.964499
37.0,36.0,-385.902871
38.0,36.0,-319.936756
39.0,36.0,-179.47153
40.0,36.0,2.836777
41.0,36.0,46.739594
42.0,36.0,-13.083083
43.0,36.0,21.654653
44.0,36.0,-77.05552
45.0,36.0,-256.164994
46.0,36.0,-339.937284
47.0,36.0,-400.066715
48.0,36.0,-485.093592
49.0,36.0,-483.499764
50.0,36.0,-429.532043
51.0,36.0,-402.140597
52.0,36.0,-404.684165
53.0,36.0,-322.068406
54.0,36.0,-253.799936
55.0,36.0,-274.334884
56.0,36.0,-195.57796
57.0,36.0,-53.542541
58.0,36.0,123.553509
59.0,36.0,205.752201
60.0,36.0,148.565363
61.0,36.0,108.441187
62.0,36.0,123.244909
63.0,36.0,29.590287
64.0,36.0,-137.965651
65.0,36.0,-250.166167
66.0,36.0,-388.375428
67.0,36.0,-429.885401
68.0,36.0,-412.026209
69.0,36.0,-446.369953
70.0,36.0,-427.771575
71.0,36.0,-430.549663
72.0,36.0,-530.107349
73.0,36.0,-643.399397
74.0,36.0,-672.71778
75.0,36.0,-475.870317
76.0,36.0,-304.096047
77.0,36.0,-310.796803
78.0,36.0,-356.700166
79.0,36.0,-410.651053
80.0,36.0,-409.248538
81.0,36.0,-375.019169
82.0,36.0,-358.816894
83.0,36.0,-226.972686
84.0,36.0,3.585826
85.0,36.0,398.409392
86.0,36.0,689.612119
87.0,36.0,814.079063
88.0,36.0,865.143946
89.0,36.0,723.533702
90.0,36.0,436.520879
91.0,36.0,140.281883
92.0,36.0,-65.601056
93.0,36.0,-139.241304
94.0,36.0,-222.674793
95.0,36.0,-246.296243
96.0,36.0,-84.4204
97.0,36.0,243.84215
98.0,36.0,444.92839
99.0,36.0,321.875218
100.0,36.0,164.886159
101.0,36.0,119.13168
102.0,36.0,-14.292159
103.0,36.0,-144.449995
104.0,36.0,-188.43921
105.0,36.0,-252.38826
106.0,36.0,-456.684268
107.0,36.0,-563.057729
108.0,36.0,-542.72636
109.0,36.0,-465.369151
110.0,36.0,-456.858575
111.0,36.0,-465.610434
112.0,36.0,-445.754186
113.0,36.0,-404.021906
114.0,36.0,-183.034702
115.0,36.0,127.944954
116.0,36.0,321.705667
117.0,36.0,399.463957
118.0,36.0,185.654835
119.0,36.0,-311.510183
120.0,36.0,-538.513736
121.0,36.0,-407.070646
122.0,36.0,-145.22957
123.0,36.0,-12.093632
124.0,36.0,69.097127
125.0,36.0,61.305749
126.0,36.0,-63.594838
127.0,36.0,-202.307725
128.0,36.0,-266.953169
129.0,36.0,-339.113444
130.0,36.0,-376.963172
131.0,36.0,-394.263393
132.0,36.0,-416.006337
133.0,36.0,-472.278043
134.0,36.0,-433.22617
135.0,36.0,-303.932994
136.0,36.0,-186.516214
137.0,36.0,-206.644439
138.0,36.0,-321.185377
139.0,36.0,-444.649098
140.0,36.0,-456.755565
141.0,36.0,-361.548563
142.0,36.0,-357.403537
143.0,36.0,-423.970946
144.0,36.0,-470.427199
145.0,36.0,-421.357262
146.0,36.0,-369.346086
147.0,36.0,-316.955913
148.0,36.0,-196.108344
149.0,36.0,-2.574621
150.0,36.0,131.724345
151.0,36.0,220.775963
152.0,36.0,370.383209
153.0,36.0,428.874045
154.0,36.0,351.707436
155.0,36.0,241.815125
156.0,36.0,258.497636
157.0,36.0,357.02181
158.0,36.0,545.251469
159.0,36.0,641.238561
160.0,36.0,673.548848
161.0,36.0,841.000104
162.0,36.0,1129.355417
163.0,36.0,1478.603597
164.0,36.0,1537.329998
165.0,36.0,1188.375553
166.0,36.0,900.57294
167.0,36.0,721.599722
168.0,36.0,611.932223
169.0,36.0,611.435261
170.0,36.0,458.481974
171.0,36.0,186.696453
172.0,36.0,-121.797238
173.0,36.0,-331.182051
174.0,36.0,-389.040968
175.0,36.0,-441.984427
176.0,36.0,-525.174489
177.0,36.0,-505.760973
178.0,36.0,-546.906397
179.0,36.0,-576.826695
180.0,36.0,-478.55348
181.0,36.0,-430.578148
182.0,36.0,-390.434395
183.0,36.0,-347.751183
184.0,36.0,-380.10328
185.0,36.0,-447.38378
186.0,36.0,-424.49747
187.0,36.0,-327.838957
188.0,36.0,-283.221882
189.0,36.0,-345.143788
190.0,36.0,-409.154295
191.0,36.0,-393.808252
192.0,36.0,-333.619033
193.0,36.0,-232.005521
194.0,36.0,-10.873178
195.0,36.0,242.071567
196.0,36.0,352.227622
197.0,36.0,432.822105
198.0,36.0,464.361618
199.0,36.0,121.023879
0.0,37.0,-502.910814
1.0,37.0,-721.040275
2.0,37.0,-767.538982
3.0,37.0,-788.480629
4.0,37.0,-799.479493
5.0,37.0,-784.475708
6.0,37.0,-750.804549
7.0,37.0,-701.457457
8.0,37.0,-578.574532
9.0,37.0,-368.361967
10.0,37.0,-128.694901
11.0,37.0,4.047727
12.0,37.0,39.99433
13.0,37.0,127.546997
14.0,37.0,275.494774
15.0,37.0,375.293924
16.0,37.0,409.251718
17.0,37.0,374.001512
18.0,37.0,253.567774
19.0,37.0,33.171201
20.0,37.0,-115.575278
21.0,37.0,-182.632158
22.0,37.0,-280.782922
23.0,37.0,-382.757425
24.0,37.0,-386.405455
25.0,37.0,-320.389337
26.0,37.0,-285.440532
27.0,37.0,-351.600968
28.0,37.0,-431.005444
29.0,37.0,-427.225208
30.0,37.0,-397.062545
31.0,37.0,-406.014384
32.0,37.0,-385.239436
33.0,37.0,-380.914113
34.0,37.0,-415.286405
35.0,37.0,-407.446934
36.0,37.0,-429.875065
37.0,37.0,-385.364978
38.0,37.0,-274.904946
39.0,37.0,-143.616319
40.0,37.0,-9.244054
41.0,37.0,54.424698
42.0,37.0,88.986592
43.0,37.0,144.841732
44.0,37.0,-26.491899
45.0,37.0,-256.546683
46.0,37.0,-345.884871
47.0,37.0,-373.887661
48.0,37.0,-424.549934
49.0,37.0,-419.418739
50.0,37.0,-341.178571
51.0,37.0,-237.845079
52.0,37.0,-240.156099
53.0,37.0,-228.297397
54.0,37.0,-264.8912
55.0,37.0,-282.144579
56.0,37.0,-215.229408
57.0,37.0,-88.890994
58.0,37.0,146.007083
59.0,37.0,211.018873
60.0,37.0,97.69624
61.0,37.0,27.32394
62.0,37.0,81.958311
63.0,37.0,94.019502
64.0,37.0,-21.427198
65.0,37.0,-148.216653
66.0,37.0,-249.02535
67.0,37.0,-261.837431
68.0,37.0,-283.642956
69.0,37.0,-398.928192
70.0,37.0,-447.022177
71.0,37.0,-427.142278
72.0,37.0,-467.862842
73.0,37.0,-568.36529
74.0,37.0,-598.263153
75.0,37.0,-435.971512
76.0,37.0,-328.342874
77.0,37.0,-377.871783
78.0,37.0,-441.336427
79.0,37.0,-463.035939
80.0,37.0,-407.781039
81.0,37.0,-372.664497
82.0,37.0,-336.529108
83.0,37.0,-98.976752
84.0,37.0,234.661415
85.0,37.0,627.168823
86.0,37.0,851.736883
87.0,37.0,889.577249
88.0,37.0,879.02588
89.0,37.0,698.507264
90.0,37.0,331.924226
91.0,37.0,-40.087006
92.0,37.0,-112.827717
93.0,37.0,-169.685948
94.0,37.0,-287.390831
95.0,37.0,-272.542204
96.0,37.0,-35.315958
97.0,37.0,341.467604
98.0,37.0,519.457773
99.0,37.0,354.463651
100.0,37.0,120.581435
101.0,37.0,31.197706
102.0,37.0,-54.576
103.0,37.0,-162.865852
104.0,37.0,-255.825133
105.0,37.0,-260.61007
106.0,37.0,-365.406648
107.0,37.0,-460.286773
108.0,37.0,-490.104575
109.0,37.0,-442.753673
110.0,37.0,-434.546759
111.0,37.0,-425.122359
112.0,37.0,-408.571725
113.0,37.0,-288.384
114.0,37.0,-55.762786
115.0,37.0,246.490291
116.0,37.0,514.29021
117.0,37.0,513.063985
118.0,37.0,177.549531
119.0,37.0,-304.517491
120.0,37.0,-513.898152
121.0,37.0,-393.12605
122.0,37.0,-124.516177
123.0,37.0,-10.280429
124.0,37.0,-1.78568
125.0,37.0,95.865639
126.0,37.0,72.388517
127.0,37.0,-101.931554
128.0,37.0,-178.639917
129.0,37.0,-259.464454
130.0,37.0,-315.030621
131.0,37.0,-377.572685
132.0,37.0,-414.096565
133.0,37.0,-448.276467
134.0,37.0,-502.4678
135.0,37.0,-451.133211
136.0,37.0,-356.044349
137.0,37.0,-327.817454
138.0,37.0,-379.338506
139.0,37.0,-451.890087
140.0,37.0,-440.842784
141.0,37.0,-340.273152
142.0,37.0,-307.172678
143.0,37.0,-367.385306
144.0,37.0,-411.303613
145.0,37.0,-429.760155
146.0,37.0,-466.166499
147.0,37.0,-385.755681
148.0,37.0,-173.25385
149.0,37.0,44.250992
150.0,37.0,88.49728
151.0,37.0,109.412543
152.0,37.0,160.901827
153.0,37.0,214.838289
154.0,37.0,318.035949
155.0,37.0,317.057113
156.0,37.0,283.280373
157.0,37.0,357.571134
158.0,37.0,546.726004
159.0,37.0,657.886577
160.0,37.0,669.079856
161.0,37.0,856.959076
162.0,37.0,1212.951015
163.0,37.0,1643.280504
164.0,37.0,2000.0
165.0,37.0,1651.652395
166.0,37.0,1358.329044
167.0,37.0,1024.967199
168.0,37.0,842.336372
169.0,37.0,880.3438
170.0,37.0,818.676466
171.0,37.0,533.336884
172.0,37.0,187.201324
173.0,37.0,-101.799896
174.0,37.0,-181.362926
175.0,37.0,-166.107671
176.0,37.0,-212.482329
177.0,37.0,-253.135924
178.0,37.0,-342.025419
179.0,37.0,-418.626019
180.0,37.0,-316.592361
181.0,37.0,-261.92609
182.0,37.0,-283.35182
183.0,37.0,-308.83103
184.0,37.0,-342.316599
185.0,37.0,-329.545568
186.0,37.0,-249.276754
187.0,37.0,-73.389442
188.0,37.0,25.892431
189.0,37.0,-29.245339
190.0,37.0,-102.648194
191.0,37.0,-166.050596
192.0,37.0,-136.938153
193.0,37.0,31.838714
194.0,37.0,301.525951
195.0,37.0,439.073607
196.0,37.0,472.851573
197.0,37.0,510.040767
198.0,37.0,471.147018
199.0,37.0,129.05934
0.0,38.0,-402.416265
1.0,38.0,-630.219092
2.0,38.0,-693.659574
3.0,38.0,-736.265342
4.0,38.0,-758.924903
5.0,38.0,-782.646131
6.0,38.0,-788.577151
7.0,38.0,-736.868242
8.0,38.0,-613.011796
9.0,38.0,-463.689647
10.0,38.0,-301.722892
11.0,38.0,-147.316124
12.0,38.0,-54.913927
13.0,38.0,83.420853
14.0,38.0,266.949605
15.0,38.0,401.637851
16.0,38.0,438.764352
17.0,38.0,418.513041
18.0,38.0,242.387796
19.0,38.0,-57.960082
20.0,38.0,-180.571568
21.0,38.0,-149.39801
22.0,38.0,-180.980207
23.0,38.0,-277.917872
24.0,38.0,-288.358731
25.0,38.0,-258.740291
26.0,38.0,-241.979423
27.0,38.0,-330.807429
28.0,38.0,-452.174135
29.0,38.0,-481.894298
30.0,38.0,-459.181746
31.0,38.0,-438.312646
32.0,38.0,-346.015554
33.0,38.0,-304.296012
34.0,38.0,-344.649181
35.0,38.0,-322.364615
36.0,38.0,-365.962475
37.0,38.0,-335.980121
38.0,38.0,-215.828422
39.0,38.0,-112.243215
40.0,38.0,-7.68696
41.0,38.0,128.641967
42.0,38.0,256.005983
43.0,38.0,265.300432
44.0,38.0,66.319289
45.0,38.0,-163.28763
46.0,38.0,-232.765981
47.0,38.0,-244.796073
48.0,38.0,-268.640036
49.0,38.0,-300.689635
50.0,38.0,-282.667237
51.0,38.0,-183.061432
52.0,38.0,-117.785405
53.0,38.0,-154.136136
54.0,38.0,-253.168275
55.0,38.0,-255.451796
56.0,38.0,-193.874668
57.0,38.0,-93.546626
58.0,38.0,111.99127
59.0,38.0,174.40719
60.0,38.0,70.176739
61.0,38.0,-22.420686
62.0,38.0,9.230123
63.0,38.0,81.266761
64.0,38.0,80.802984
65.0,38.0,-12.754738
66.0,38.0,-93.668721
67.0,38.0,-91.532002
68.0,38.0,-141.246253
69.0,38.0,-305.537047
70.0,38.0,-421.000978
71.0,38.0,-389.333767
72.0,38.0,-449.372509
73.0,38.0,-562.322957
74.0,38.0,-562.265714
75.0,38.0,-482.612346
76.0,38.0,-441.318661
77.0,38.0,-457.03785
78.0,38.0,-521.565276
79.0,38.0,-547.56157
80.0,38.0,-444.800537
81.0,38.0,-373.671282
82.0,38.0,-277.022313
83.0,38.0,48.053448
84.0,38.0,492.34563
85.0,38.0,899.614894
86.0,38.0,998.949621
87.0,38.0,930.436928
88.0,38.0,874.280725
89.0,38.0,603.748298
90.0,38.0,165.783498
91.0,38.0,-160.363322
92.0,38.0,-169.71484
93.0,38.0,-219.999294
94.0,38.0,-299.188174
95.0,38.0,-190.441791
96.0,38.0,108.435623
97.0,38.0,355.84437
98.0,38.0,485.665283
99.0,38.0,327.009686
100.0,38.0,143.066279
101.0,38.0,51.81326
102.0,38.0,-96.427644
103.0,38.0,-202.396757
104.0,38.0,-311.190736
105.0,38.0,-284.757019
106.0,38.0,-317.0875
107.0,38.0,-347.377318
108.0,38.0,-424.134568
109.0,38.0,-471.103104
110.0,38.0,-479.173639
111.0,38.0,-455.725273
112.0,38.0,-380.40526
113.0,38.0,-156.485426
114.0,38.0,160.802792
115.0,38.0,414.515423
116.0,38.0,610.442942
117.0,38.0,470.444205
118.0,38.0,78.946262
119.0,38.0,-271.623111
120.0,38.0,-444.749032
121.0,38.0,-329.977524
122.0,38.0,-63.352492
123.0,38.0,109.312063
124.0,38.0,101.065672
125.0,38.0,169.145055
126.0,38.0,209.668409
127.0,38.0,82.753053
128.0,38.0,-56.653005
129.0,38.0,-163.8141
130.0,38.0,-316.451248
131.0,38.0,-397.449203
132.0,38.0,-434.649224
133.0,38.0,-471.807082
134.0,38.0,-548.807537
135.0,38.0,-587.517549
136.0,38.0,-633.166287
137.0,38.0,-627.675224
138.0,38.0,-539.397372
139.0,38.0,-504.589838
140.0,38.0,-471.358607
141.0,38.0,-406.754658
142.0,38.0,-382.607761
143.0,38.0,-373.536576
144.0,38.0,-334.911118
145.0,38.0,-386.123927
146.0,38.0,-501.627721
147.0,38.0,-430.610488
148.0,38.0,-216.338852
149.0,38.0,-47.69367
150.0,38.0,-64.382337
151.0,38.0,-105.649774
152.0,38.0,-72.752968
153.0,38.0,-2.685162
154.0,38.0,192.62295
155.0,38.0,298.506162
156.0,38.0,262.313265
157.0,38.0,299.744799
158.0,38.0,443.890781
159.0,38.0,595.304033
160.0,38.0,687.671804
161.0,38.0,787.162597
162.0,38.0,1029.284353
163.0,38.0,1393.274742
164.0,38.0,1753.319798
165.0,38.0,1850.809103
166.0,38.0,1685.667824
167.0,38.0,1227.904344
168.0,38.0,926.017942
169.0,38.0,890.492774
170.0,38.0,1003.470911
171.0,38.0,808.599449
172.0,38.0,430.115599
173.0,38.0,187.582005
174.0,38.0,121.342562
175.0,38.0,186.186371
176.0,38.0,121.313485
177.0,38.0,1.735892
178.0,38.0,-83.229452
179.0,38.0,-161.115937
180.0,38.0,-30.321024
181.0,38.0,33.473785
182.0,38.0,-89.737349
183.0,38.0,-169.354977
184.0,38.0,-207.302186
185.0,38.0,-195.105714
186.0,38.0,-145.612339
187.0,38.0,19.753915
188.0,38.0,100.125287
189.0,38.0,88.089764
190.0,38.0,115.848864
191.0,38.0,82.641424
192.0,38.0,152.625545
193.0,38.0,299.167385
194.0,38.0,530.54232
195.0,38.0,648.130377
196.0,38.0,647.584312
197.0,38.0,604.235889
198.0,38.0,613.557916
199.0,38.0,326.087562
0.0,39.0,-336.614326
1.0,39.0,-553.379658
2.0,39.0,-621.850337
3.0,39.0,-666.181502
4.0,39.0,-653.315885
5.0,39.0,-658.440099
6.0,39.0,-672.662033
7.0,39.0,-675.019183
8.0,39.0,-625.928001
9.0,39.0,-533.523441
10.0,39.0,-370.712192
11.0,39.0,-157.207985
12.0,39.0,-27.459412
13.0,39.0,99.364607
14.0,39.0,290.569849
15.0,39.0,418.710575
16.0,39.0,422.821424
17.0,39.0,367.131119
18.0,39.0,160.492358
19.0,39.0,-100.755816
20.0,39.0,-217.560971
21.0,39.0,-182.391574
22.0,39.0,-191.402389
23.0,39.0,-277.087114
24.0,39.0,-288.095312
25.0,39.0,-282.848982
26.0,39.0,-279.495396
27.0,39.0,-330.46269
28.0,39.0,-383.205473
29.0,39.0,-396.508781
30.0,39.0,-388.327131
31.0,39.0,-348.394268
32.0,39.0,-224.450981
33.0,39.0,-155.638654
34.0,39.0,-188.226641
35.0,39.0,-202.428645
36.0,39.0,-259.410569
37.0,39.0,-225.620654
38.0,39.0,-94.620415
39.0,39.0,-8.306359
40.0,39.0,107.460783
41.0,39.0,254.189281
42.0,39.0,343.790262
43.0,39.0,315.497635
44.0,39.0,210.189786
45.0,39.0,112.110772
46.0,39.0,67.755199
47.0,39.0,46.204813
48.0,39.0,-33.810437
49.0,39.0,-149.148354
50.0,39.0,-211.599355
51.0,39.0,-136.081532
52.0,39.0,-13.846552
53.0,39.0,-64.386221
54.0,39.0,-202.007213
55.0,39.0,-232.796355
56.0,39.0,-191.895572
57.0,39.0,-90.90407
58.0,39.0,46.304305
59.0,39.0,49.488811
60.0,39.0,-35.171869
61.0,39.0,-42.874084
62.0,39.0,-12.835336
63.0,39.0,86.118926
64.0,39.0,136.275032
65.0,39.0,88.540592
66.0,39.0,-6.349321
67.0,39.0,-33.188711
68.0,39.0,-124.990673
69.0,39.0,-314.73466
70.0,39.0,-439.397399
71.0,39.0,-417.961661
72.0,39.0,-462.128103
73.0,39.0,-548.60049
74.0,39.0,-542.987748
75.0,39.0,-537.534641
76.0,39.0,-540.296604
77.0,39.0,-526.952996
78.0,39.0,-588.762146
79.0,39.0,-592.631518
80.0,39.0,-435.763235
81.0,39.0,-340.396524
82.0,39.0,-196.431344
83.0,39.0,194.476937
84.0,39.0,696.172821
85.0,39.0,1029.974526
86.0,39.0,957.74809
87.0,39.0,860.667622
88.0,39.0,768.535728
89.0,39.0,371.594136
90.0,39.0,-102.864338
91.0,39.0,-257.596117
92.0,39.0,-167.693492
93.0,39.0,-216.824286
94.0,39.0,-310.925844
95.0,39.0,-130.090431
96.0,39.0,231.900984
97.0,39.0,366.544565
98.0,39.0,409.637054
99.0,39.0,257.673133
100.0,39.0,130.414764
101.0,39.0,12.626755
102.0,39.0,-172.514281
103.0,39.0,-282.568419
104.0,39.0,-355.290736
105.0,39.0,-274.336347
106.0,39.0,-260.874967
107.0,39.0,-272.515213
108.0,39.0,-350.228564
109.0,39.0,-437.869992
110.0,39.0,-506.636996
111.0,39.0,-518.863794
112.0,39.0,-394.119535
113.0,39.0,-101.814177
114.0,39.0,272.167293
115.0,39.0,478.686403
116.0,39.0,551.215604
117.0,39.0,373.189577
118.0,39.0,29.615384
119.0,39.0,-269.096374
120.0,39.0,-391.265899
121.0,39.0,-235.037922
122.0,39.0,65.709293
123.0,39.0,232.141398
124.0,39.0,195.383493
125.0,39.0,143.778213
126.0,39.0,170.291856
127.0,39.0,155.423325
128.0,39.0,56.146198
129.0,39.0,-120.553274
130.0,39.0,-311.172548
131.0,39.0,-397.667026
132.0,39.0,-427.575717
133.0,39.0,-530.651386
134.0,39.0,-624.329204
135.0,39.0,-713.228253
136.0,39.0,-825.786507
137.0,39.0,-845.288068
138.0,39.0,-743.665307
139.0,39.0,-627.15449
140.0,39.0,-453.813814
141.0,39.0,-381.433572
142.0,39.0,-416.964906
143.0,39.0,-407.651466
144.0,39.0,-319.035877
145.0,39.0,-256.998433
146.0,39.0,-344.214546
147.0,39.0,-358.299442
148.0,39.0,-230.559463
149.0,39.0,-101.990222
150.0,39.0,-139.976804
151.0,39.0,-192.826626
152.0,39.0,-163.820893
153.0,39.0,-121.428521
154.0,39.0,62.664512
155.0,39.0,272.356969
156.0,39.0,253.279899
157.0,39.0,155.490332
158.0,39.0,173.23207
159.0,39.0,267.965804
160.0,39.0,408.441432
161.0,39.0,520.624394
162.0,39.0,714.751622
163.0,39.0,1068.433115
164.0,39.0,1344.074802
165.0,39.0,1365.053674
166.0,39.0,1346.981102
167.0,39.0,1192.91288
168.0,39.0,934.79079
169.0,39.0,866.291826
170.0,39.0,1004.287869
171.0,39.0,902.908977
172.0,39.0,624.50154
173.0,39.0,429.259389
174.0,39.0,366.984498
175.0,39.0,343.339719
176.0,39.0,213.766827
177.0,39.0,138.395854
178.0,39.0,68.109782
179.0,39.0,45.19816
180.0,39.0,173.089981
181.0,39.0,218.526864
182.0,39.0,172.982096
183.0,39.0,66.943832
184.0,39.0,0.008798
185.0,39.0,-62.374858
186.0,39.0,-85.709764
187.0,39.0,-7.095083
188.0,39.0,40.852594
189.0,39.0,132.067428
190.0,39.0,279.072846
191.0,39.0,322.320105
192.0,39.0,405.218092
193.0,39.0,543.868113
194.0,39.0,700.971622
195.0,39.0,722.574036
196.0,39.0,679.84304
197.0,39.0,586.754516
198.0,39.0,615.937138
199.0,39.0,394.028344
0.0,40.0,-300.158539
1.0,40.0,-470.019743
2.0,40.0,-547.991613
3.0,40.0,-582.593191
4.0,40.0,-552.567673
5.0,40.0,-513.187062
6.0,40.0,-481.119666
7.0,40.0,-521.384066
8.0,40.0,-529.798624
9.0,40.0,-484.935591
10.0,40.0,-331.29851
11.0,40.0,-141.454596
12.0,40.0,-16.830683
13.0,40.0,176.689495
14.0,40.0,364.866597
15.0,40.0,450.278345
16.0,40.0,428.97902
17.0,40.0,347.67165
18.0,40.0,165.274594
19.0,40.0,-41.174095
20.0,40.0,-202.125448
21.0,40.0,-241.761998
22.0,40.0,-260.812582
23.0,40.0,-290.184382
24.0,40.0,-296.950198
25.0,40.0,-271.115407
26.0,40.0,-247.513187
27.0,40.0,-288.799864
28.0,40.0,-298.042735
29.0,40.0,-284.056351
30.0,40.0,-242.106329
31.0,40.0,-180.007295
32.0,40.0,-106.93191
33.0,40.0,-33.141836
34.0,40.0,-23.581662
35.0,40.0,-76.388311
36.0,40.0,-127.353834
37.0,40.0,-62.779901
38.0,40.0,59.185632
39.0,40.0,104.79726
40.0,40.0,226.191295
41.0,40.0,333.725102
42.0,40.0,359.828889
43.0,40.0,348.315131
44.0,40.0,359.000621
45.0,40.0,355.690204
46.0,40.0,299.986112
47.0,40.0,256.432967
48.0,40.0,169.44252
49.0,40.0,35.078336
50.0,40.0,-48.468618
51.0,40.0,-18.505142
52.0,40.0,74.739001
53.0,40.0,-12.953351
54.0,40.0,-183.897722
55.0,40.0,-272.720586
56.0,40.0,-253.741038
57.0,40.0,-169.238265
58.0,40.0,-96.411908
59.0,40.0,-133.927794
60.0,40.0,-155.470372
61.0,40.0,-113.383932
62.0,40.0,-83.983845
63.0,40.0,48.391328
64.0,40.0,134.17839
65.0,40.0,39.987597
66.0,40.0,-107.104891
67.0,40.0,-171.144874
68.0,40.0,-229.894259
69.0,40.0,-351.646287
70.0,40.0,-442.657161
71.0,40.0,-467.058298
72.0,40.0,-465.639014
73.0,40.0,-516.338817
74.0,40.0,-517.908458
75.0,40.0,-498.707867
76.0,40.0,-512.709245
77.0,40.0,-544.714923
78.0,40.0,-630.929691
79.0,40.0,-587.4747
80.0,40.0,-442.332976
81.0,40.0,-352.017005
82.0,40.0,-63.26057
83.0,40.0,421.588057
84.0,40.0,861.326616
85.0,40.0,1073.041699
86.0,40.0,907.946966
87.0,40.0,837.291025
88.0,40.0,642.157464
89.0,40.0,169.68866
90.0,40.0,-236.136489
91.0,40.0,-272.550637
92.0,40.0,-116.486773
93.0,40.0,-193.545001
94.0,40.0,-276.663047
95.0,40.0,-48.411768
96.0,40.0,307.570948
97.0,40.0,424.681221
98.0,40.0,443.094299
99.0,40.0,303.676179
100.0,40.0,114.688867
101.0,40.0,-115.463029
102.0,40.0,-275.030734
103.0,40.0,-321.432662
104.0,40.0,-311.867361
105.0,40.0,-193.269482
106.0,40.0,-222.798998
107.0,40.0,-233.860945
108.0,40.0,-291.369732
109.0,40.0,-389.720218
110.0,40.0,-485.182509
111.0,40.0,-503.571163
112.0,40.0,-362.654427
113.0,40.0,-40.589185
114.0,40.0,299.327661
115.0,40.0,400.669991
116.0,40.0,407.647908
117.0,40.0,316.474574
118.0,40.0,49.716817
119.0,40.0,-234.411512
120.0,40.0,-285.862392
121.0,40.0,-157.596625
122.0,40.0,112.942057
123.0,40.0,203.205234
124.0,40.0,142.209417
125.0,40.0,-11.565256
126.0,40.0,-26.005296
127.0,40.0,59.344527
128.0,40.0,123.244613
129.0,40.0,-38.775779
130.0,40.0,-285.370541
131.0,40.0,-435.25037
132.0,40.0,-468.429154
133.0,40.0,-572.355965
134.0,40.0,-733.049574
135.0,40.0,-844.299555
136.0,40.0,-898.960824
137.0,40.0,-913.615281
138.0,40.0,-873.705216
139.0,40.0,-758.505003
140.0,40.0,-544.2006
141.0,40.0,-426.544569
142.0,40.0,-449.951163
143.0,40.0,-444.114276
144.0,40.0,-332.042656
145.0,40.0,-252.374229
146.0,40.0,-264.959692
147.0,40.0,-267.835818
148.0,40.0,-161.311639
149.0,40.0,-86.012693
150.0,40.0,-97.906013
151.0,40.0,-171.475414
152.0,40.0,-215.80671
153.0,40.0,-214.779202
154.0,40.0,-72.827539
155.0,40.0,189.812833
156.0,40.0,198.110899
157.0,40.0,62.734302
158.0,40.0,-11.207257
159.0,40.0,-92.792556
160.0,40.0,-101.207106
161.0,40.0,49.987689
162.0,40.0,343.531981
163.0,40.0,700.751382
164.0,40.0,996.984621
165.0,40.0,1131.751091
166.0,40.0,1177.200586
167.0,40.0,1148.799018
168.0,40.0,1008.262287
169.0,40.0,958.162433
170.0,40.0,945.920165
171.0,40.0,847.986096
172.0,40.0,744.06993
173.0,40.0,629.760742
174.0,40.0,505.92366
175.0,40.0,400.233427
176.0,40.0,296.567931
177.0,40.0,276.430149
178.0,40.0,228.162662
179.0,40.0,229.794689
180.0,40.0,260.704233
181.0,40.0,316.577898
182.0,40.0,406.683122
183.0,40.0,393.307788
184.0,40.0,318.360042
185.0,40.0,237.944658
186.0,40.0,181.728622
187.0,40.0,229.996563
188.0,40.0,301.017617
189.0,40.0,375.464576
190.0,40.0,543.339727
191.0,40.0,669.498571
192.0,40.0,696.640635
193.0,40.0,729.913858
194.0,40.0,778.926299
195.0,40.0,673.466413
196.0,40.0,532.462688
197.0,40.0,382.626398
198.0,40.0,357.829387
199.0,40.0,221.975703
0.0,41.0,-265.942669
1.0,41.0,-394.066536
2.0,41.0,-483.124507
3.0,41.0,-524.282069
4.0,41.0,-456.413895
5.0,41.0,-362.845899
6.0,41.0,-317.438028
7.0,41.0,-363.24868
8.0,41.0,-426.044354
9.0,41.0,-403.921738
10.0,41.0,-276.267265
11.0,41.0,-152.993381
12.0,41.0,-8.207094
13.0,41.0,212.740299
14.0,41.0,320.854315
15.0,41.0,345.133857
16.0,41.0,336.812583
17.0,41.0,275.205708
18.0,41.0,195.888289
19.0,41.0,80.24066
20.0,41.0,-136.654572
21.0,41.0,-263.042312
22.0,41.0,-343.600428
23.0,41.0,-348.165756
24.0,41.0,-343.140792
25.0,41.0,-279.741442
26.0,41.0,-233.414732
27.0,41.0,-278.183901
28.0,41.0,-294.964366
29.0,41.0,-276.498704
30.0,41.0,-204.942901
31.0,41.0,-134.71087
32.0,41.0,-113.973741
33.0,41.0,-55.02798
34.0,41.0,25.269249
35.0,41.0,23.589005
36.0,41.0,-9.288286
37.0,41.0,43.169476
38.0,41.0,86.747603
39.0,41.0,142.251657
40.0,41.0,270.654538
41.0,41.0,363.962158
42.0,41.0,376.614827
43.0,41.0,368.894488
44.0,41.0,402.173755
45.0,41.0,470.434635
46.0,41.0,455.133086
47.0,41.0,387.613852
48.0,41.0,321.092515
49.0,41.0,237.864809
50.0,41.0,168.440172
51.0,41.0,132.219705
52.0,41.0,114.174005
53.0,41.0,-58.5261
54.0,41.0,-243.823277
55.0,41.0,-340.071178
56.0,41.0,-319.882466
57.0,41.0,-270.054448
58.0,41.0,-257.664591
59.0,41.0,-309.464671
60.0,41.0,-296.30976
61.0,41.0,-237.081866
62.0,41.0,-192.887187
63.0,41.0,-58.650057
64.0,41.0,64.254608
65.0,41.0,-57.331555
66.0,41.0,-234.496643
67.0,41.0,-316.003772
68.0,41.0,-327.147225
69.0,41.0,-367.981798
70.0,41.0,-410.259997
71.0,41.0,-469.260622
72.0,41.0,-487.410189
73.0,41.0,-520.810635
74.0,41.0,-500.725274
75.0,41.0,-439.878787
76.0,41.0,-430.405038
77.0,41.0,-533.914662
78.0,41.0,-641.274626
79.0,41.0,-531.807038
80.0,41.0,-412.113109
81.0,41.0,-305.558554
82.0,41.0,123.653362
83.0,41.0,604.002579
84.0,41.0,894.609735
85.0,41.0,1025.452912
86.0,41.0,891.772346
87.0,41.0,786.537826
88.0,41.0,461.339219
89.0,41.0,-30.172969
90.0,41.0,-262.155892
91.0,41.0,-190.416693
92.0,41.0,-27.05717
93.0,41.0,-150.099238
94.0,41.0,-217.860505
95.0,41.0,10.006867
96.0,41.0,358.433904
97.0,41.0,557.441541
98.0,41.0,614.752135
99.0,41.0,492.086455
100.0,41.0,182.67945
101.0,41.0,-206.192921
102.0,41.0,-353.52151
103.0,41.0,-282.734842
104.0,41.0,-195.794209
105.0,41.0,-134.093637
106.0,41.0,-251.609925
107.0,41.0,-270.719715
108.0,41.0,-334.903052
109.0,41.0,-466.365474
110.0,41.0,-554.207274
111.0,41.0,-514.469583
112.0,41.0,-296.789197
113.0,41.0,67.994447
114.0,41.0,274.582098
115.0,41.0,269.401767
116.0,41.0,295.4107
117.0,41.0,342.108668
118.0,41.0,144.563056
119.0,41.0,-153.262062
120.0,41.0,-169.550158
121.0,41.0,-70.476788
122.0,41.0,120.525012
123.0,41.0,148.680196
124.0,41.0,64.463732
125.0,41.0,-128.521037
126.0,41.0,-219.387479
127.0,41.0,-164.314796
128.0,41.0,24.0647
129.0,41.0,44.754102
130.0,41.0,-171.460471
131.0,41.0,-391.573885
132.0,41.0,-479.730559
133.0,41.0,-543.443779
134.0,41.0,-683.524116
135.0,41.0,-802.662118
136.0,41.0,-843.875196
137.0,41.0,-811.329151
138.0,41.0,-765.860867
139.0,41.0,-729.352589
140.0,41.0,-602.22709
141.0,41.0,-471.624774
142.0,41.0,-481.827182
143.0,41.0,-500.38643
144.0,41.0,-442.525058
145.0,41.0,-384.767895
146.0,41.0,-380.974043
147.0,41.0,-324.308177
148.0,41.0,-173.134179
149.0,41.0,-114.228024
150.0,41.0,-84.046415
151.0,41.0,-127.490091
152.0,41.0,-217.762277
153.0,41.0,-332.597818
154.0,41.0,-329.8762
155.0,41.0,-144.12644
156.0,41.0,14.403269
157.0,41.0,24.110104
158.0,41.0,-18.443958
159.0,41.0,-148.278593
160.0,41.0,-294.580502
161.0,41.0,-291.526841
162.0,41.0,-42.693709
163.0,41.0,402.685219
164.0,41.0,750.130629
165.0,41.0,945.737541
166.0,41.0,1102.174237
167.0,41.0,1106.994474
168.0,41.0,1086.230178
169.0,41.0,1125.901194
170.0,41.0,1037.791067
171.0,41.0,872.586696
172.0,41.0,765.955891
173.0,41.0,670.475845
174.0,41.0,537.344609
175.0,41.0,433.740313
176.0,41.0,358.463139
177.0,41.0,395.76019
178.0,41.0,435.767878
179.0,41.0,451.356465
180.0,41.0,400.219491
181.0,41.0,412.666366
182.0,41.0,524.85586
183.0,41.0,547.270923
184.0,41.0,468.919597
185.0,41.0,465.89653
186.0,41.0,510.3879
187.0,41.0,568.777686
188.0,41.0,650.044362
189.0,41.0,713.952899
190.0,41.0,822.093118
191.0,41.0,940.026151
192.0,41.0,938.774905
193.0,41.0,880.099779
194.0,41.0,813.323413
195.0,41.0,643.948042
196.0,41.0,424.262828
197.0,41.0,219.941526
198.0,41.0,184.839601
199.0,41.0,137.306186
0.0,42.0,-193.810046
1.0,42.0,-315.741077
2.0,42.0,-359.699612
3.0,42.0,-363.938021
4.0,42.0,-285.933118
5.0,42.0,-181.120878
6.0,42.0,-153.598323
7.0,42.0,-250.568114
8.0,42.0,-352.219356
9.0,42.0,-339.602135
10.0,42.0,-227.132212
11.0,42.0,-92.053486
12.0,42.0,101.817388
13.0,42.0,227.446266
14.0,42.0,231.963892
15.0,42.0,209.935243
16.0,42.0,197.315471
17.0,42.0,143.672037
18.0,42.0,96.196483
19.0,42.0,70.677684
20.0,42.0,-78.507972
21.0,42.0,-247.49277
22.0,42.0,-405.25245
23.0,42.0,-455.278016
24.0,42.0,-407.136307
25.0,42.0,-341.341865
26.0,42.0,-343.488689
27.0,42.0,-414.898805
28.0,42.0,-416.043729
29.0,42.0,-332.03377
30.0,42.0,-229.743822
31.0,42.0,-186.017877
32.0,42.0,-180.205027
33.0,42.0,-169.860017
34.0,42.0,-67.776323
35.0,42.0,74.219658
36.0,42.0,144.488887
37.0,42.0,154.962138
38.0,42.0,125.144061
39.0,42.0,159.963069
40.0,42.0,255.478029
41.0,42.0,348.1175
42.0,42.0,372.990769
43.0,42.0,376.352971
44.0,42.0,395.721487
45.0,42.0,475.379589
46.0,42.0,490.1185
47.0,42.0,438.095629
48.0,42.0,415.745685
49.0,42.0,385.41145
50.0,42.0,309.033565
51.0,42.0,233.643404
52.0,42.0,121.190719
53.0,42.0,-147.164995
54.0,42.0,-328.320538
55.0,42.0,-411.437704
56.0,42.0,-407.92943
57.0,42.0,-365.415292
58.0,42.0,-356.52655
59.0,42.0,-375.943027
60.0,42.0,-344.762432
61.0,42.0,-310.88817
62.0,42.0,-284.920405
63.0,42.0,-189.436071
64.0,42.0,-74.110519
65.0,42.0,-186.716622
66.0,42.0,-411.069148
67.0,42.0,-472.58822
68.0,42.0,-444.557825
69.0,42.0,-452.164707
70.0,42.0,-416.452965
71.0,42.0,-404.788845
72.0,42.0,-396.879095
73.0,42.0,-407.728219
74.0,42.0,-425.978422
75.0,42.0,-390.922475
76.0,42.0,-378.036148
77.0,42.0,-494.716641
78.0,42.0,-592.177737
79.0,42.0,-469.415637
80.0,42.0,-352.038389
81.0,42.0,-172.192785
82.0,42.0,256.197671
83.0,42.0,630.0055
84.0,42.0,869.863445
85.0,42.0,979.700625
86.0,42.0,832.691287
87.0,42.0,604.989114
88.0,42.0,196.913681
89.0,42.0,-191.948335
90.0,42.0,-239.457338
91.0,42.0,-108.700627
92.0,42.0,0.859406
93.0,42.0,-84.199434
94.0,42.0,-99.768684
95.0,42.0,121.346996
96.0,42.0,471.741729
97.0,42.0,675.111936
98.0,42.0,709.401203
99.0,42.0,591.552531
100.0,42.0,199.080179
101.0,42.0,-268.198854
102.0,42.0,-399.017798
103.0,42.0,-275.166828
104.0,42.0,-144.570905
105.0,42.0,-171.729821
106.0,42.0,-327.18629
107.0,42.0,-345.778581
108.0,42.0,-404.427589
109.0,42.0,-555.26053
110.0,42.0,-638.716236
111.0,42.0,-535.292132
112.0,42.0,-218.325505
113.0,42.0,166.104957
114.0,42.0,241.092724
115.0,42.0,205.875062
116.0,42.0,248.963874
117.0,42.0,333.808866
118.0,42.0,185.98298
119.0,42.0,-71.133701
120.0,42.0,-95.580468
121.0,42.0,32.378278
122.0,42.0,178.338218
123.0,42.0,213.881568
124.0,42.0,155.009894
125.0,42.0,21.312883
126.0,42.0,-172.917852
127.0,42.0,-252.316525
128.0,42.0,-130.973
129.0,42.0,79.494651
130.0,42.0,43.637685
131.0,42.0,-182.187323
132.0,42.0,-325.224516
133.0,42.0,-387.580153
134.0,42.0,-476.159349
135.0,42.0,-569.785262
136.0,42.0,-605.875701
137.0,42.0,-620.139775
138.0,42.0,-573.413528
139.0,42.0,-563.277711
140.0,42.0,-543.17731
141.0,42.0,-488.323353
142.0,42.0,-516.596544
143.0,42.0,-576.303429
144.0,42.0,-572.334549
145.0,42.0,-531.720927
146.0,42.0,-491.154819
147.0,42.0,-406.553667
148.0,42.0,-253.365884
149.0,42.0,-172.239974
150.0,42.0,-122.24809
151.0,42.0,-92.480095
152.0,42.0,-99.061822
153.0,42.0,-252.703511
154.0,42.0,-391.011053
155.0,42.0,-326.467852
156.0,42.0,-145.300861
157.0,42.0,-58.609021
158.0,42.0,-49.102159
159.0,42.0,-165.503869
160.0,42.0,-340.869725
161.0,42.0,-407.962632
162.0,42.0,-236.900741
163.0,42.0,145.427773
164.0,42.0,521.340941
165.0,42.0,745.194963
166.0,42.0,927.233107
167.0,42.0,994.091178
168.0,42.0,1107.42091
169.0,42.0,1174.970958
170.0,42.0,1068.919359
171.0,42.0,864.816343
172.0,42.0,690.12346
173.0,42.0,561.526853
174.0,42.0,509.71599
175.0,42.0,529.449256
176.0,42.0,450.014325
177.0,42.0,510.093727
178.0,42.0,628.225402
179.0,42.0,716.910854
180.0,42.0,752.714501
181.0,42.0,684.536085
182.0,42.0,589.96285
183.0,42.0,548.285471
184.0,42.0,527.620171
185.0,42.0,560.783754
186.0,42.0,637.036175
187.0,42.0,684.640768
188.0,42.0,741.057584
189.0,42.0,804.363281
190.0,42.0,836.323951
191.0,42.0,893.882466
192.0,42.0,995.933656
193.0,42.0,965.55492
194.0,42.0,819.649741
195.0,42.0,624.845772
196.0,42.0,464.876867
197.0,42.0,260.094865
198.0,42.0,185.064822
199.0,42.0,160.1385
0.0,43.0,-139.07551
1.0,43.0,-243.108096
2.0,43.0,-200.613042
3.0,43.0,-105.925102
4.0,43.0,-44.661868
5.0,43.0,-28.582233
6.0,43.0,-64.982742
7.0,43.0,-171.969983
8.0,43.0,-252.829226
9.0,43.0,-249.760326
10.0,43.0,-160.311643
11.0,43.0,22.906697
12.0,43.0,226.091529
13.0,43.0,287.802433
14.0,43.0,245.194583
15.0,43.0,193.676346
16.0,43.0,119.898666
17.0,43.0,-0.556205
18.0,43.0,-95.900343
19.0,43.0,-101.693411
20.0,43.0,-110.683821
21.0,43.0,-250.097918
22.0,43.0,-443.763108
23.0,43.0,-517.350869
24.0,43.0,-473.472649
25.0,43.0,-442.604863
26.0,43.0,-479.226948
27.0,43.0,-560.772867
28.0,43.0,-549.574275
29.0,43.0,-423.568834
30.0,43.0,-315.906557
31.0,43.0,-299.761756
32.0,43.0,-281.642239
33.0,43.0,-262.366151
34.0,43.0,-172.82703
35.0,43.0,-5.565828
36.0,43.0,163.494904
37.0,43.0,167.458971
38.0,43.0,141.29695
39.0,43.0,184.788076
40.0,43.0,280.718857
41.0,43.0,331.857173
42.0,43.0,341.13843
43.0,43.0,331.501846
44.0,43.0,339.806772
45.0,43.0,430.695804
46.0,43.0,476.112474
47.0,43.0,471.185303
48.0,43.0,441.88893
49.0,43.0,468.644807
50.0,43.0,429.299807
51.0,43.0,280.472223
52.0,43.0,86.193511
53.0,43.0,-135.484693
54.0,43.0,-298.262417
55.0,43.0,-423.832479
56.0,43.0,-470.942953
57.0,43.0,-402.853778
58.0,43.0,-360.106299
59.0,43.0,-362.454328
60.0,43.0,-337.856466
61.0,43.0,-285.358144
62.0,43.0,-246.274347
63.0,43.0,-169.972895
64.0,43.0,-94.528808
65.0,43.0,-228.79253
66.0,43.0,-461.113344
67.0,43.0,-520.297795
68.0,43.0,-498.826025
69.0,43.0,-466.167013
70.0,43.0,-368.292154
71.0,43.0,-282.882733
72.0,43.0,-200.456122
73.0,43.0,-185.69944
74.0,43.0,-262.732184
75.0,43.0,-310.434085
76.0,43.0,-327.899296
77.0,43.0,-411.049728
78.0,43.0,-491.493069
79.0,43.0,-453.222647
80.0,43.0,-345.556914
81.0,43.0,-83.507575
82.0,43.0,283.33118
83.0,43.0,558.517594
84.0,43.0,825.130498
85.0,43.0,969.127735
86.0,43.0,783.523164
87.0,43.0,429.488143
88.0,43.0,-23.313011
89.0,43.0,-198.824713
90.0,43.0,-156.373236
91.0,43.0,-81.847084
92.0,43.0,-44.099901
93.0,43.0,-118.674318
94.0,43.0,-97.933882
95.0,43.0,111.468637
96.0,43.0,476.917753
97.0,43.0,687.18861
98.0,43.0,679.789331
99.0,43.0,545.009052
100.0,43.0,110.213199
101.0,43.0,-333.129818
102.0,43.0,-440.797552
103.0,43.0,-344.090571
104.0,43.0,-177.366537
105.0,43.0,-258.845853
106.0,43.0,-434.511161
107.0,43.0,-437.439527
108.0,43.0,-428.314833
109.0,43.0,-563.29842
110.0,43.0,-663.679005
111.0,43.0,-540.757452
112.0,43.0,-135.730492
113.0,43.0,210.726602
114.0,43.0,281.297742
115.0,43.0,289.180526
116.0,43.0,267.275491
117.0,43.0,246.044365
118.0,43.0,74.889676
119.0,43.0,-110.186522
120.0,43.0,-135.113496
121.0,43.0,40.315874
122.0,43.0,186.048384
123.0,43.0,249.521759
124.0,43.0,255.183812
125.0,43.0,191.172886
126.0,43.0,-52.67574
127.0,43.0,-220.540998
128.0,43.0,-164.008187
129.0,43.0,101.449609
130.0,43.0,250.21733
131.0,43.0,99.748794
132.0,43.0,-109.597877
133.0,43.0,-173.275425
134.0,43.0,-256.210024
135.0,43.0,-326.026902
136.0,43.0,-378.858124
137.0,43.0,-454.86646
138.0,43.0,-462.550891
139.0,43.0,-489.194194
140.0,43.0,-513.057922
141.0,43.0,-528.219235
142.0,43.0,-549.453134
143.0,43.0,-555.884309
144.0,43.0,-554.376713
145.0,43.0,-560.123059
146.0,43.0,-556.157855
147.0,43.0,-478.858736
148.0,43.0,-403.14891
149.0,43.0,-319.104104
150.0,43.0,-200.060317
151.0,43.0,-115.586282
152.0,43.0,29.07647
153.0,43.0,12.101665
154.0,43.0,-166.930545
155.0,43.0,-257.238366
156.0,43.0,-195.176701
157.0,43.0,-57.306756
158.0,43.0,-58.217209
159.0,43.0,-245.649578
160.0,43.0,-407.143026
161.0,43.0,-482.44245
162.0,43.0,-398.60797
163.0,43.0,-214.613248
164.0,43.0,110.564876
165.0,43.0,390.530876
166.0,43.0,609.030324
167.0,43.0,739.848843
168.0,43.0,912.159723
169.0,43.0,1062.879268
170.0,43.0,1028.028655
171.0,43.0,808.926431
172.0,43.0,593.414404
173.0,43.0,446.256027
174.0,43.0,466.553598
175.0,43.0,573.799815
176.0,43.0,554.526125
177.0,43.0,620.757567
178.0,43.0,768.257669
179.0,43.0,880.578595
180.0,43.0,948.458505
181.0,43.0,876.181153
182.0,43.0,707.45512
183.0,43.0,630.472894
184.0,43.0,636.547916
185.0,43.0,617.021619
186.0,43.0,653.952956
187.0,43.0,664.563415
188.0,43.0,621.7532
189.0,43.0,631.425125
190.0,43.0,670.75201
191.0,43.0,761.548341
192.0,43.0,903.933795
193.0,43.0,930.051556
194.0,43.0,758.245389
195.0,43.0,524.664817
196.0,43.0,453.218539
197.0,43.0,344.852493
198.0,43.0,267.031051
199.0,43.0,180.222573
0.0,44.0,-78.864175
1.0,44.0,-144.683504
2.0,44.0,-28.487256
3.0,44.0,142.970923
4.0,44.0,175.361555
5.0,44.0,75.839
6.0,44.0,-42.840167
7.0,44.0,-97.263903
8.0,44.0,-159.536648
9.0,44.0,-172.646706
10.0,44.0,-102.966738
11.0,44.0,53.574877
12.0,44.0,210.375402
13.0,44.0,281.309397
14.0,44.0,253.992237
15.0,44.0,179.300315
16.0,44.0,90.104124
17.0,44.0,-43.657954
18.0,44.0,-146.313043
19.0,44.0,-179.538758
20.0,44.0,-181.99757
21.0,44.0,-288.963671
22.0,44.0,-428.228076
23.0,44.0,-489.86052
24.0,44.0,-478.272696
25.0,44.0,-480.822413
26.0,44.0,-542.728121
27.0,44.0,-611.717218
28.0,44.0,-602.356191
29.0,44.0,-523.913156
30.0,44.0,-443.211478
31.0,44.0,-397.844474
32.0,44.0,-367.815686
33.0,44.0,-351.367022
34.0,44.0,-251.480367
35.0,44.0,-53.75126
36.0,44.0,102.996096
37.0,44.0,130.422989
38.0,44.0,112.993778
39.0,44.0,151.387314
40.0,44.0,209.897782
41.0,44.0,235.146415
42.0,44.0,278.109424
43.0,44.0,298.436718
44.0,44.0,308.047784
45.0,44.0,356.602476
46.0,44.0,379.079462
47.0,44.0,403.731589
48.0,44.0,360.901087
49.0,44.0,350.244124
50.0,44.0,331.639683
51.0,44.0,172.994041
52.0,44.0,5.273075
53.0,44.0,-97.716262
54.0,44.0,-268.4934
55.0,44.0,-479.214835
56.0,44.0,-549.910307
57.0,44.0,-443.693974
58.0,44.0,-330.918853
59.0,44.0,-325.263112
60.0,44.0,-365.052685
61.0,44.0,-335.110929
62.0,44.0,-262.935457
63.0,44.0,-141.62916
64.0,44.0,-55.963138
65.0,44.0,-157.873306
66.0,44.0,-329.849108
67.0,44.0,-377.251883
68.0,44.0,-386.172116
69.0,44.0,-386.052295
70.0,44.0,-270.331092
71.0,44.0,-130.227925
72.0,44.0,-23.524787
73.0,44.0,11.651765
74.0,44.0,-92.676915
75.0,44.0,-183.605662
76.0,44.0,-259.565474
77.0,44.0,-381.496796
78.0,44.0,-422.983851
79.0,44.0,-384.268935
80.0,44.0,-278.624794
81.0,44.0,58.487835
82.0,44.0,341.730095
83.0,44.0,519.170171
84.0,44.0,718.431034
85.0,44.0,871.325397
86.0,44.0,636.502547
87.0,44.0,225.804865
88.0,44.0,-120.37166
89.0,44.0,-132.702947
90.0,44.0,-48.052764
91.0,44.0,-51.321252
92.0,44.0,-57.726906
93.0,44.0,-141.700448
94.0,44.0,-175.04436
95.0,44.0,7.151894
96.0,44.0,340.531901
97.0,44.0,589.959872
98.0,44.0,638.153495
99.0,44.0,467.017777
100.0,44.0,27.225051
101.0,44.0,-367.96491
102.0,44.0,-482.35004
103.0,44.0,-414.34071
104.0,44.0,-251.931944
105.0,44.0,-339.133387
106.0,44.0,-506.915207
107.0,44.0,-476.851281
108.0,44.0,-440.544848
109.0,44.0,-550.637168
110.0,44.0,-648.221987
111.0,44.0,-516.892846
112.0,44.0,-108.983232
113.0,44.0,170.967998
114.0,44.0,305.772276
115.0,44.0,365.799016
116.0,44.0,222.706714
117.0,44.0,112.84182
118.0,44.0,-66.180655
119.0,44.0,-214.473074
120.0,44.0,-206.164023
121.0,44.0,-12.851678
122.0,44.0,121.628007
123.0,44.0,171.077426
124.0,44.0,173.77059
125.0,44.0,166.769939
126.0,44.0,52.799765
127.0,44.0,-97.98414
128.0,44.0,-30.637028
129.0,44.0,159.282103
130.0,44.0,338.889608
131.0,44.0,242.800199
132.0,44.0,0.157152
133.0,44.0,-72.350542
134.0,44.0,-142.279187
135.0,44.0,-203.755096
136.0,44.0,-319.45184
137.0,44.0,-445.018779
138.0,44.0,-501.505125
139.0,44.0,-558.627305
140.0,44.0,-558.43468
141.0,44.0,-506.444191
142.0,44.0,-500.174454
143.0,44.0,-492.358854
144.0,44.0,-458.985853
145.0,44.0,-447.75558
146.0,44.0,-521.481382
147.0,44.0,-569.801961
148.0,44.0,-535.660592
149.0,44.0,-433.669488
150.0,44.0,-277.423064
151.0,44.0,-164.632419
152.0,44.0,-8.650995
153.0,44.0,98.294643
154.0,44.0,42.640637
155.0,44.0,-80.158072
156.0,44.0,-137.515192
157.0,44.0,-42.201183
158.0,44.0,-45.035744
159.0,44.0,-290.987662
160.0,44.0,-464.575933
161.0,44.0,-536.063271
162.0,44.0,-537.471418
163.0,44.0,-454.493206
164.0,44.0,-324.016767
165.0,44.0,-112.923229
166.0,44.0,219.354638
167.0,44.0,460.199278
168.0,44.0,739.766087
169.0,44.0,932.169248
170.0,44.0,977.489528
171.0,44.0,831.059454
172.0,44.0,612.62156
173.0,44.0,429.652889
174.0,44.0,383.975016
175.0,44.0,506.695104
176.0,44.0,576.23706
177.0,44.0,621.618652
178.0,44.0,728.618446
179.0,44.0,831.859209
180.0,44.0,941.740773
181.0,44.0,891.691243
182.0,44.0,759.979228
183.0,44.0,717.390924
184.0,44.0,801.79388
185.0,44.0,799.937758
186.0,44.0,714.916224
187.0,44.0,570.656197
188.0,44.0,414.562949
189.0,44.0,390.345493
190.0,44.0,519.896352
191.0,44.0,657.547572
192.0,44.0,715.053142
193.0,44.0,720.891081
194.0,44.0,542.711165
195.0,44.0,343.896099
196.0,44.0,309.721608
197.0,44.0,292.296509
198.0,44.0,362.625158
199.0,44.0,276.491213
0.0,45.0,118.169941
1.0,45.0,100.700725
2.0,45.0,184.747194
3.0,45.0,236.396677
4.0,45.0,242.550186
5.0,45.0,148.356902
6.0,45.0,6.028047
7.0,45.0,-23.873754
8.0,45.0,-13.632736
9.0,45.0,-32.42412
10.0,45.0,-21.295358
11.0,45.0,68.485754
12.0,45.0,152.528872
13.0,45.0,179.074477
14.0,45.0,183.845562
15.0,45.0,130.442974
16.0,45.0,55.493461
17.0,45.0,-26.686224
18.0,45.0,-82.973007
19.0,45.0,-124.322521
20.0,45.0,-183.628491
21.0,45.0,-253.689561
22.0,45.0,-332.58499
23.0,45.0,-373.227223
24.0,45.0,-379.149386
25.0,45.0,-411.86279
26.0,45.0,-478.180785
27.0,45.0,-553.979815
28.0,45.0,-563.029713
29.0,45.0,-563.117593
30.0,45.0,-524.248216
31.0,45.0,-449.392431
32.0,45.0,-424.387602
33.0,45.0,-425.834194
34.0,45.0,-357.822697
35.0,45.0,-148.34287
36.0,45.0,18.011818
37.0,45.0,72.53727
38.0,45.0,75.639062
39.0,45.0,124.355219
40.0,45.0,144.092705
41.0,45.0,167.665238
42.0,45.0,196.625831
43.0,45.0,183.420557
44.0,45.0,194.557204
45.0,45.0,227.5716
46.0,45.0,241.614335
47.0,45.0,255.02348
48.0,45.0,161.580426
49.0,45.0,72.554164
50.0,45.0,57.36702
51.0,45.0,-13.864125
52.0,45.0,-52.416938
53.0,45.0,-115.931326
54.0,45.0,-297.55663
55.0,45.0,-534.816226
56.0,45.0,-609.600347
57.0,45.0,-499.116038
58.0,45.0,-348.625105
59.0,45.0,-321.044755
60.0,45.0,-408.412587
61.0,45.0,-428.31477
62.0,45.0,-351.467536
63.0,45.0,-222.377774
64.0,45.0,-113.692905
65.0,45.0,-98.625408
66.0,45.0,-166.317895
67.0,45.0,-229.655022
68.0,45.0,-250.779817
69.0,45.0,-275.330935
70.0,45.0,-188.007834
71.0,45.0,-14.286813
72.0,45.0,167.012373
73.0,45.0,201.793485
74.0,45.0,133.15586
75.0,45.0,-9.300563
76.0,45.0,-201.79254
77.0,45.0,-338.262536
78.0,45.0,-332.263796
79.0,45.0,-245.139316
80.0,45.0,-137.18732
81.0,45.0,155.903244
82.0,45.0,438.511872
83.0,45.0,595.01126
84.0,45.0,720.449078
85.0,45.0,779.066366
86.0,45.0,442.242444
87.0,45.0,68.882889
88.0,45.0,-76.928196
89.0,45.0,-31.642342
90.0,45.0,9.306834
91.0,45.0,-47.848893
92.0,45.0,-79.202095
93.0,45.0,-122.722765
94.0,45.0,-175.185245
95.0,45.0,58.545746
96.0,45.0,323.961033
97.0,45.0,519.997412
98.0,45.0,570.295581
99.0,45.0,398.705811
100.0,45.0,-21.112205
101.0,45.0,-409.702331
102.0,45.0,-520.85964
103.0,45.0,-471.052718
104.0,45.0,-375.156039
105.0,45.0,-417.666589
106.0,45.0,-518.000747
107.0,45.0,-426.639707
108.0,45.0,-406.163343
109.0,45.0,-520.826289
110.0,45.0,-623.559643
111.0,45.0,-479.868337
112.0,45.0,-113.339251
113.0,45.0,178.919602
114.0,45.0,313.38406
115.0,45.0,344.916927
116.0,45.0,194.475887
117.0,45.0,79.874094
118.0,45.0,-107.257875
119.0,45.0,-285.549879
120.0,45.0,-249.888093
121.0,45.0,-36.354323
122.0,45.0,46.567667
123.0,45.0,11.306019
124.0,45.0,-71.47432
125.0,45.0,-43.514843
126.0,45.0,32.486012
127.0,45.0,-27.084985
128.0,45.0,33.534343
129.0,45.0,163.412684
130.0,45.0,361.109249
131.0,45.0,376.874922
132.0,45.0,183.620777
133.0,45.0,32.602394
134.0,45.0,-91.284973
135.0,45.0,-170.063469
136.0,45.0,-290.605482
137.0,45.0,-452.126259
138.0,45.0,-607.673659
139.0,45.0,-679.8789
140.0,45.0,-645.922095
141.0,45.0,-542.580521
142.0,45.0,-486.498815
143.0,45.0,-490.257885
144.0,45.0,-460.928581
145.0,45.0,-398.822337
146.0,45.0,-452.11653
147.0,45.0,-533.373294
148.0,45.0,-566.157386
149.0,45.0,-535.571427
150.0,45.0,-411.03587
151.0,45.0,-270.460739
152.0,45.0,-78.042816
153.0,45.0,58.746347
154.0,45.0,36.916702
155.0,45.0,-25.043601
156.0,45.0,-30.961688
157.0,45.0,3.099972
158.0,45.0,-7.476788
159.0,45.0,-226.456206
160.0,45.0,-444.715383
161.0,45.0,-537.769851
162.0,45.0,-552.261277
163.0,45.0,-525.661152
164.0,45.0,-479.738049
165.0,45.0,-367.190451
166.0,45.0,-135.381778
167.0,45.0,168.997472
168.0,45.0,503.67213
169.0,45.0,709.586595
170.0,45.0,753.687566
171.0,45.0,683.379804
172.0,45.0,563.224112
173.0,45.0,427.366498
174.0,45.0,328.669757
175.0,45.0,405.896565
176.0,45.0,530.430988
177.0,45.0,621.767918
178.0,45.0,668.14267
179.0,45.0,753.706375
180.0,45.0,829.97675
181.0,45.0,780.113966
182.0,45.0,668.313534
183.0,45.0,633.028646
184.0,45.0,695.926158
185.0,45.0,696.309626
186.0,45.0,602.200544
187.0,45.0,469.226644
188.0,45.0,330.211068
189.0,45.0,256.10384
190.0,45.0,389.557703
191.0,45.0,539.622943
192.0,45.0,488.423099
193.0,45.0,388.534432
194.0,45.0,197.668926
195.0,45.0,87.998501
196.0,45.0,127.184697
197.0,45.0,196.099104
198.0,45.0,352.067674
199.0,45.0,316.994117
0.0,46.0,317.971246
1.0,46.0,324.290546
2.0,46.0,290.576616
3.0,46.0,241.488668
4.0,46.0,268.493049
5.0,46.0,285.476349
6.0,46.0,201.119632
7.0,46.0,124.046602
8.0,46.0,140.103685
9.0,46.0,106.001263
10.0,46.0,53.407925
11.0,46.0,128.389214
12.0,46.0,176.652864
13.0,46.0,136.459687
14.0,46.0,104.889561
15.0,46.0,77.565179
16.0,46.0,-39.595149
17.0,46.0,-116.808551
18.0,46.0,-130.406475
19.0,46.0,-120.834431
20.0,46.0,-139.898601
21.0,46.0,-146.961044
22.0,46.0,-171.487699
23.0,46.0,-215.904403
24.0,46.0,-270.328522
25.0,46.0,-350.110314
26.0,46.0,-428.32879
27.0,46.0,-495.615322
28.0,46.0,-510.497416
29.0,46.0,-529.319544
30.0,46.0,-518.826279
31.0,46.0,-487.570054
32.0,46.0,-495.905026
33.0,46.0,-483.426529
34.0,46.0,-424.767933
35.0,46.0,-263.238018
36.0,46.0,-84.086706
37.0,46.0,-19.442092
38.0,46.0,26.291162
39.0,46.0,113.871743
40.0,46.0,139.18148
41.0,46.0,84.442171
42.0,46.0,35.137927
43.0,46.0,-32.254748
44.0,46.0,-53.714948
45.0,46.0,11.335873
46.0,46.0,62.675549
47.0,46.0,13.956218
48.0,46.0,-139.785236
49.0,46.0,-245.570334
50.0,46.0,-243.811982
51.0,46.0,-212.330496
52.0,46.0,-185.815586
53.0,46.0,-221.219326
54.0,46.0,-364.730595
55.0,46.0,-565.704879
56.0,46.0,-652.105982
57.0,46.0,-560.951433
58.0,46.0,-397.142728
59.0,46.0,-341.638309
60.0,46.0,-428.398642
61.0,46.0,-433.454877
62.0,46.0,-341.779573
63.0,46.0,-254.204259
64.0,46.0,-153.408679
65.0,46.0,-94.856438
66.0,46.0,-114.146582
67.0,46.0,-163.340739
68.0,46.0,-168.084385
69.0,46.0,-153.016709
70.0,46.0,-72.550591
71.0,46.0,104.868869
72.0,46.0,301.061496
73.0,46.0,352.920232
74.0,46.0,322.488424
75.0,46.0,164.739758
76.0,46.0,-67.224822
77.0,46.0,-210.471664
78.0,46.0,-210.483799
79.0,46.0,-121.141546
80.0,46.0,-44.143589
81.0,46.0,163.674018
82.0,46.0,499.100448
83.0,46.0,698.167591
84.0,46.0,793.467223
85.0,46.0,715.36498
86.0,46.0,340.845253
87.0,46.0,60.968877
88.0,46.0,98.378237
89.0,46.0,135.240313
90.0,46.0,42.592962
91.0,46.0,-46.04052
92.0,46.0,-80.770263
93.0,46.0,-123.128762
94.0,46.0,-161.877989
95.0,46.0,120.562043
96.0,46.0,413.43236
97.0,46.0,496.794678
98.0,46.0,426.117305
99.0,46.0,281.169805
100.0,46.0,-100.806937
101.0,46.0,-441.883969
102.0,46.0,-500.039918
103.0,46.0,-493.554186
104.0,46.0,-495.107628
105.0,46.0,-505.28287
106.0,46.0,-518.211877
107.0,46.0,-423.073634
108.0,46.0,-411.350062
109.0,46.0,-485.663774
110.0,46.0,-544.699357
111.0,46.0,-410.227149
112.0,46.0,-110.99073
113.0,46.0,214.628079
114.0,46.0,366.429149
115.0,46.0,286.362552
116.0,46.0,119.361078
117.0,46.0,-12.23542
118.0,46.0,-173.483826
119.0,46.0,-300.617876
120.0,46.0,-214.533708
121.0,46.0,-15.771711
122.0,46.0,5.075902
123.0,46.0,-137.043397
124.0,46.0,-280.38068
125.0,46.0,-286.254417
126.0,46.0,-209.170536
127.0,46.0,-162.064897
128.0,46.0,-81.77741
129.0,46.0,100.375474
130.0,46.0,348.69142
131.0,46.0,536.335606
132.0,46.0,441.111504
133.0,46.0,246.98547
134.0,46.0,67.269776
135.0,46.0,-129.911936
136.0,46.0,-227.398341
137.0,46.0,-424.488504
138.0,46.0,-657.743082
139.0,46.0,-772.519969
140.0,46.0,-728.353619
141.0,46.0,-560.1466
142.0,46.0,-434.565051
143.0,46.0,-456.682186
144.0,46.0,-447.659919
145.0,46.0,-384.742276
146.0,46.0,-397.924216
147.0,46.0,-413.17193
148.0,46.0,-493.458322
149.0,46.0,-583.961931
150.0,46.0,-598.694236
151.0,46.0,-514.618549
152.0,46.0,-258.130452
153.0,46.0,-22.526484
154.0,46.0,88.020216
155.0,46.0,90.773943
156.0,46.0,71.562615
157.0,46.0,41.322
158.0,46.0,38.09872
159.0,46.0,-103.028272
160.0,46.0,-284.476624
161.0,46.0,-416.185985
162.0,46.0,-445.255315
163.0,46.0,-476.698857
164.0,46.0,-494.919734
165.0,46.0,-399.269168
166.0,46.0,-237.930458
167.0,46.0,-97.94499
168.0,46.0,135.629808
169.0,46.0,276.013435
170.0,46.0,289.051328
171.0,46.0,327.185151
172.0,46.0,398.131435
173.0,46.0,351.917615
174.0,46.0,291.637277
175.0,46.0,354.568256
176.0,46.0,472.568657
177.0,46.0,549.014344
178.0,46.0,555.194551
179.0,46.0,601.314493
180.0,46.0,613.059943
181.0,46.0,564.641264
182.0,46.0,420.534918
183.0,46.0,358.626234
184.0,46.0,402.693278
185.0,46.0,400.808516
186.0,46.0,355.162839
187.0,46.0,325.467879
188.0,46.0,291.636336
189.0,46.0,248.485201
190.0,46.0,341.355668
191.0,46.0,391.717181
192.0,46.0,295.610467
193.0,46.0,63.68542
194.0,46.0,-135.703412
195.0,46.0,-149.465481
196.0,46.0,-50.100003
197.0,46.0,72.465164
198.0,46.0,206.909506
199.0,46.0,277.177912
0.0,47.0,406.145275
1.0,47.0,402.263727
2.0,47.0,304.206768
3.0,47.0,257.065941
4.0,47.0,309.38814
5.0,47.0,407.513569
6.0,47.0,371.790683
7.0,47.0,229.398315
8.0,47.0,184.110258
9.0,47.0,139.524814
10.0,47.0,107.751837
11.0,47.0,183.856628
12.0,47.0,239.903721
13.0,47.0,180.495706
14.0,47.0,56.759628
15.0,47.0,-30.749309
16.0,47.0,-147.115786
17.0,47.0,-197.634753
18.0,47.0,-195.013097
19.0,47.0,-153.211178
20.0,47.0,-87.53478
21.0,47.0,-30.908693
22.0,47.0,-111.066532
23.0,47.0,-214.491729
24.0,47.0,-303.772534
25.0,47.0,-399.543791
26.0,47.0,-460.397994
27.0,47.0,-497.502905
28.0,47.0,-502.5239
29.0,47.0,-480.09656
30.0,47.0,-469.298385
31.0,47.0,-508.362026
32.0,47.0,-533.746516
33.0,47.0,-474.877723
34.0,47.0,-384.016825
35.0,47.0,-266.438874
36.0,47.0,-122.373211
37.0,47.0,-64.135718
38.0,47.0,-55.735887
39.0,47.0,6.101793
40.0,47.0,88.01098
41.0,47.0,1.846255
42.0,47.0,-74.067858
43.0,47.0,-97.334154
44.0,47.0,-118.288996
45.0,47.0,-133.285481
46.0,47.0,-164.386462
47.0,47.0,-224.23
48.0,47.0,-298.66685
49.0,47.0,-357.574955
50.0,47.0,-421.368387
51.0,47.0,-423.464056
52.0,47.0,-375.420016
53.0,47.0,-390.676551
54.0,47.0,-485.600912
55.0,47.0,-611.156633
56.0,47.0,-671.500797
57.0,47.0,-617.976157
58.0,47.0,-513.281405
59.0,47.0,-432.403071
60.0,47.0,-438.82928
61.0,47.0,-399.444909
62.0,47.0,-307.308928
63.0,47.0,-253.880177
64.0,47.0,-186.004347
65.0,47.0,-112.149139
66.0,47.0,-100.131318
67.0,47.0,-92.409636
68.0,47.0,-59.745878
69.0,47.0,-52.535688
70.0,47.0,-29.763977
71.0,47.0,156.739054
72.0,47.0,386.859925
73.0,47.0,493.358548
74.0,47.0,481.63477
75.0,47.0,291.959508
76.0,47.0,152.183719
77.0,47.0,-33.919356
78.0,47.0,-74.756519
79.0,47.0,-26.828611
80.0,47.0,5.993274
81.0,47.0,225.003391
82.0,47.0,548.914436
83.0,47.0,702.787509
84.0,47.0,726.564297
85.0,47.0,593.573665
86.0,47.0,317.099483
87.0,47.0,151.205637
88.0,47.0,211.401689
89.0,47.0,161.566808
90.0,47.0,-57.770945
91.0,47.0,-91.991257
92.0,47.0,-98.015799
93.0,47.0,-166.972975
94.0,47.0,-148.932042
95.0,47.0,163.266144
96.0,47.0,419.22272
97.0,47.0,437.349426
98.0,47.0,308.146349
99.0,47.0,167.819883
100.0,47.0,-183.073553
101.0,47.0,-440.785123
102.0,47.0,-463.577121
103.0,47.0,-487.592831
104.0,47.0,-497.143893
105.0,47.0,-490.943497
106.0,47.0,-462.513957
107.0,47.0,-413.824119
108.0,47.0,-427.945286
109.0,47.0,-477.17432
110.0,47.0,-472.528524
111.0,47.0,-332.004311
112.0,47.0,-104.30461
113.0,47.0,166.046702
114.0,47.0,326.096721
115.0,47.0,182.558478
116.0,47.0,-28.505989
117.0,47.0,-156.573703
118.0,47.0,-254.614358
119.0,47.0,-281.209951
120.0,47.0,-119.121288
121.0,47.0,68.596133
122.0,47.0,-29.791091
123.0,47.0,-207.457338
124.0,47.0,-363.578503
125.0,47.0,-436.331855
126.0,47.0,-443.767173
127.0,47.0,-419.609309
128.0,47.0,-283.121611
129.0,47.0,-71.863958
130.0,47.0,274.230998
131.0,47.0,596.575442
132.0,47.0,636.076098
133.0,47.0,515.007199
134.0,47.0,331.538348
135.0,47.0,112.716153
136.0,47.0,-32.133416
137.0,47.0,-270.083928
138.0,47.0,-555.908635
139.0,47.0,-737.927497
140.0,47.0,-776.780013
141.0,47.0,-616.387448
142.0,47.0,-414.645276
143.0,47.0,-385.169175
144.0,47.0,-374.802839
145.0,47.0,-330.92556
146.0,47.0,-354.668393
147.0,47.0,-359.341225
148.0,47.0,-424.009752
149.0,47.0,-579.78206
150.0,47.0,-683.970978
151.0,47.0,-647.653019
152.0,47.0,-452.557549
153.0,47.0,-217.87875
154.0,47.0,2.456333
155.0,47.0,146.62547
156.0,47.0,136.316806
157.0,47.0,59.094369
158.0,47.0,-0.961288
159.0,47.0,-95.780291
160.0,47.0,-189.008353
161.0,47.0,-274.781234
162.0,47.0,-339.39294
163.0,47.0,-368.06331
164.0,47.0,-409.382749
165.0,47.0,-342.396381
166.0,47.0,-248.703682
167.0,47.0,-156.184827
168.0,47.0,-60.008897
169.0,47.0,-36.195062
170.0,47.0,-82.35324
171.0,47.0,-41.154246
172.0,47.0,163.30481
173.0,47.0,245.162288
174.0,47.0,241.140566
175.0,47.0,247.133571
176.0,47.0,333.059147
177.0,47.0,447.887362
178.0,47.0,419.152923
179.0,47.0,374.200224
180.0,47.0,383.335194
181.0,47.0,366.690849
182.0,47.0,247.76861
183.0,47.0,197.044478
184.0,47.0,269.813262
185.0,47.0,266.313243
186.0,47.0,215.396383
187.0,47.0,256.426788
188.0,47.0,283.482872
189.0,47.0,242.583011
190.0,47.0,273.880917
191.0,47.0,225.09809
192.0,47.0,88.585396
193.0,47.0,-135.705455
194.0,47.0,-245.423095
195.0,47.0,-252.162778
196.0,47.0,-123.292407
197.0,47.0,-30.673048
198.0,47.0,66.098092
199.0,47.0,212.265097
0.0,48.0,464.415032
1.0,48.0,439.472188
2.0,48.0,349.183961
3.0,48.0,307.001963
4.0,48.0,378.115722
5.0,48.0,526.528308
6.0,48.0,516.249431
7.0,48.0,361.48222
8.0,48.0,277.33629
9.0,48.0,200.647831
10.0,48.0,146.563558
11.0,48.0,201.121547
12.0,48.0,246.709181
13.0,48.0,151.525414
14.0,48.0,-10.807858
15.0,48.0,-126.399999
16.0,48.0,-242.662783
17.0,48.0,-268.563692
18.0,48.0,-224.796166
19.0,48.0,-119.780392
20.0,48.0,-13.043619
21.0,48.0,-0.453805
22.0,48.0,-194.709793
23.0,48.0,-354.747795
24.0,48.0,-444.691815
25.0,48.0,-511.355832
26.0,48.0,-537.159658
27.0,48.0,-523.415792
28.0,48.0,-515.853774
29.0,48.0,-459.870722
30.0,48.0,-435.645545
31.0,48.0,-479.091619
32.0,48.0,-499.843996
33.0,48.0,-446.796648
34.0,48.0,-348.707998
35.0,48.0,-253.794554
36.0,48.0,-146.346743
37.0,48.0,-105.048283
38.0,48.0,-124.954669
39.0,48.0,-90.418814
40.0,48.0,-0.108934
41.0,48.0,-57.260541
42.0,48.0,-87.088982
43.0,48.0,-45.917266
44.0,48.0,-81.125966
45.0,48.0,-203.37727
46.0,48.0,-297.895911
47.0,48.0,-339.240149
48.0,48.0,-343.256931
49.0,48.0,-388.106304
50.0,48.0,-499.07459
51.0,48.0,-517.065427
52.0,48.0,-470.462818
53.0,48.0,-458.316487
54.0,48.0,-537.64804
55.0,48.0,-664.962879
56.0,48.0,-699.312458
57.0,48.0,-647.098529
58.0,48.0,-565.310934
59.0,48.0,-480.427017
60.0,48.0,-450.485172
61.0,48.0,-414.269833
62.0,48.0,-326.876822
63.0,48.0,-268.828294
64.0,48.0,-225.67198
65.0,48.0,-136.538349
66.0,48.0,-94.453448
67.0,48.0,-51.996783
68.0,48.0,30.934331
69.0,48.0,-9.572253
70.0,48.0,-60.535346
71.0,48.0,106.168508
72.0,48.0,386.85877
73.0,48.0,572.613786
74.0,48.0,618.048941
75.0,48.0,419.55157
76.0,48.0,299.625611
77.0,48.0,79.346686
78.0,48.0,-8.240721
79.0,48.0,45.811288
80.0,48.0,86.839123
81.0,48.0,330.910052
82.0,48.0,567.298856
83.0,48.0,584.49056
84.0,48.0,579.837364
85.0,48.0,483.028201
86.0,48.0,294.682745
87.0,48.0,254.646137
88.0,48.0,301.261519
89.0,48.0,152.367978
90.0,48.0,-116.193029
91.0,48.0,-143.917223
92.0,48.0,-107.091989
93.0,48.0,-183.223827
94.0,48.0,-106.865983
95.0,48.0,212.431144
96.0,48.0,377.179722
97.0,48.0,368.393702
98.0,48.0,309.247673
99.0,48.0,212.871189
100.0,48.0,-117.764629
101.0,48.0,-327.938929
102.0,48.0,-357.888486
103.0,48.0,-420.486275
104.0,48.0,-442.858519
105.0,48.0,-379.58032
106.0,48.0,-358.848988
107.0,48.0,-378.671832
108.0,48.0,-442.574048
109.0,48.0,-471.476266
110.0,48.0,-424.295429
111.0,48.0,-283.883415
112.0,48.0,-103.720429
113.0,48.0,78.942459
114.0,48.0,207.069113
115.0,48.0,113.252411
116.0,48.0,-43.919851
117.0,48.0,-197.149151
118.0,48.0,-306.332356
119.0,48.0,-304.062993
120.0,48.0,-71.168987
121.0,48.0,89.375825
122.0,48.0,-98.200826
123.0,48.0,-257.751982
124.0,48.0,-375.589996
125.0,48.0,-511.666739
126.0,48.0,-593.537136
127.0,48.0,-600.991334
128.0,48.0,-464.615534
129.0,48.0,-272.989175
130.0,48.0,40.705004
131.0,48.0,435.676129
132.0,48.0,713.355803
133.0,48.0,725.963519
134.0,48.0,509.986604
135.0,48.0,310.261109
136.0,48.0,233.721778
137.0,48.0,59.839827
138.0,48.0,-247.15571
139.0,48.0,-439.235326
140.0,48.0,-573.487191
141.0,48.0,-555.583206
142.0,48.0,-387.863946
143.0,48.0,-259.95684
144.0,48.0,-213.19792
145.0,48.0,-187.232919
146.0,48.0,-273.266737
147.0,48.0,-337.147991
148.0,48.0,-399.665976
149.0,48.0,-528.873552
150.0,48.0,-571.564719
151.0,48.0,-517.969895
152.0,48.0,-466.972014
153.0,48.0,-419.187256
154.0,48.0,-300.182962
155.0,48.0,-92.538525
156.0,48.0,108.647152
157.0,48.0,2.351422
158.0,48.0,-191.877005
159.0,48.0,-248.554061
160.0,48.0,-223.552578
161.0,48.0,-245.282875
162.0,48.0,-263.538865
163.0,48.0,-244.352567
164.0,48.0,-271.775104
165.0,48.0,-242.633361
166.0,48.0,-152.397845
167.0,48.0,-72.938054
168.0,48.0,-54.368912
169.0,48.0,-142.515978
170.0,48.0,-194.489606
171.0,48.0,-185.790436
172.0,48.0,-56.413436
173.0,48.0,45.088019
174.0,48.0,-22.732567
175.0,48.0,-65.365123
176.0,48.0,49.398508
177.0,48.0,255.480598
178.0,48.0,227.662567
179.0,48.0,76.513296
180.0,48.0,17.846489
181.0,48.0,79.083214
182.0,48.0,92.290633
183.0,48.0,97.860354
184.0,48.0,241.696085
185.0,48.0,283.182398
186.0,48.0,215.762044
187.0,48.0,253.868563
188.0,48.0,229.493421
189.0,48.0,185.235267
190.0,48.0,185.43437
191.0,48.0,144.612878
192.0,48.0,0.768177
193.0,48.0,-126.199022
194.0,48.0,-207.667797
195.0,48.0,-227.503855
196.0,48.0,-67.405957
197.0,48.0,63.781977
198.0,48.0,153.257717
199.0,48.0,290.315376
0.0,49.0,487.564629
1.0,49.0,451.025729
2.0,49.0,405.847838
3.0,49.0,423.515224
4.0,49.0,516.168563
5.0,49.0,659.296976
6.0,49.0,664.808375
7.0,49.0,502.494479
8.0,49.0,417.257423
9.0,49.0,379.423645
10.0,49.0,255.466798
11.0,49.0,162.548774
12.0,49.0,122.504558
13.0,49.0,-3.70774
14.0,49.0,-97.820912
15.0,49.0,-177.537435
16.0,49.0,-271.731252
17.0,49.0,-318.22554
18.0,49.0,-289.117703
19.0,49.0,-142.062237
20.0,49.0,-31.127727
21.0,49.0,-65.683813
22.0,49.0,-262.148148
23.0,49.0,-448.46085
24.0,49.0,-534.344411
25.0,49.0,-551.741069
26.0,49.0,-550.419523
27.0,49.0,-515.573388
28.0,49.0,-496.445014
29.0,49.0,-431.567986
30.0,49.0,-388.561764
31.0,49.0,-374.551051
32.0,49.0,-389.541048
33.0,49.0,-367.704932
34.0,49.0,-278.726577
35.0,49.0,-202.175263
36.0,49.0,-170.177112
37.0,49.0,-223.83541
38.0,49.0,-266.762835
39.0,49.0,-197.46218
40.0,49.0,-90.371333
41.0,49.0,-98.339747
42.0,49.0,-144.798411
43.0,49.0,-160.901576
44.0,49.0,-202.757061
45.0,49.0,-347.270269
46.0,49.0,-452.786776
47.0,49.0,-508.590155
48.0,49.0,-529.331029
49.0,49.0,-566.401905
50.0,49.0,-625.306889
51.0,49.0,-617.469228
52.0,49.0,-583.725907
53.0,49.0,-562.388887
54.0,49.0,-624.051701
55.0,49.0,-715.105944
56.0,49.0,-732.855881
57.0,49.0,-664.170961
58.0,49.0,-540.875079
59.0,49.0,-477.737957
60.0,49.0,-484.60335
61.0,49.0,-467.760332
62.0,49.0,-395.863477
63.0,49.0,-360.123386
64.0,49.0,-305.154331
65.0,49.0,-167.300119
66.0,49.0,-118.380558
67.0,49.0,-103.126666
68.0,49.0,-7.053381
69.0,49.0,6.795737
70.0,49.0,-39.358911
71.0,49.0,86.808738
72.0,49.0,380.382816
73.0,49.0,674.939933
74.0,49.0,806.322982
75.0,49.0,634.981284
76.0,49.0,423.488931
77.0,49.0,141.558924
78.0,49.0,79.374869
79.0,49.0,107.833507
80.0,49.0,82.26681
81.0,49.0,304.599644
82.0,49.0,468.983739
83.0,49.0,406.479964
84.0,49.0,398.674448
85.0,49.0,313.9976
86.0,49.0,162.452928
87.0,49.0,129.148498
88.0,49.0,123.383973
89.0,49.0,-16.089428
90.0,49.0,-187.542601
91.0,49.0,-170.015163
92.0,49.0,-122.917477
93.0,49.0,-241.100014
94.0,49.0,-170.034796
95.0,49.0,60.23371
96.0,49.0,223.714637
97.0,49.0,262.790114
98.0,49.0,256.462558
99.0,49.0,178.803527
100.0,49.0,-70.375532
101.0,49.0,-210.791958
102.0,49.0,-295.703799
103.0,49.0,-393.136975
104.0,49.0,-420.447127
105.0,49.0,-323.535135
106.0,49.0,-300.560135
107.0,49.0,-370.906589
108.0,49.0,-452.159319
109.0,49.0,-441.333806
110.0,49.0,-381.394908
111.0,49.0,-276.207346
112.0,49.0,-113.300394
113.0,49.0,-7.174777
114.0,49.0,126.402826
115.0,49.0,55.881303
116.0,49.0,-74.30195
117.0,49.0,-232.350501
118.0,49.0,-353.046726
119.0,49.0,-344.498598
120.0,49.0,-72.123707
121.0,49.0,66.763219
122.0,49.0,-158.490344
123.0,49.0,-358.732362
124.0,49.0,-446.030663
125.0,49.0,-564.376596
126.0,49.0,-649.930793
127.0,49.0,-651.737136
128.0,49.0,-585.973577
129.0,49.0,-432.623925
130.0,49.0,-220.359738
131.0,49.0,67.635811
132.0,49.0,430.911891
133.0,49.0,616.400698
134.0,49.0,486.305203
135.0,49.0,289.695138
136.0,49.0,248.754015
137.0,49.0,219.137825
138.0,49.0,53.120852
139.0,49.0,-87.683001
140.0,49.0,-211.892856
141.0,49.0,-335.120439
142.0,49.0,-307.653169
143.0,49.0,-151.75652
144.0,49.0,-52.142873
145.0,49.0,-37.411332
146.0,49.0,-109.133542
147.0,49.0,-235.641523
148.0,49.0,-364.049
149.0,49.0,-442.127907
150.0,49.0,-407.877386
151.0,49.0,-281.646391
152.0,49.0,-265.652135
153.0,49.0,-374.684108
154.0,49.0,-445.039591
155.0,49.0,-335.689805
156.0,49.0,-125.961302
157.0,49.0,-157.909535
158.0,49.0,-383.714497
159.0,49.0,-464.410883
160.0,49.0,-371.403365
161.0,49.0,-288.453211
162.0,49.0,-240.468927
163.0,49.0,-225.233354
164.0,49.0,-244.097219
165.0,49.0,-239.489133
166.0,49.0,-88.450913
167.0,49.0,77.38673
168.0,49.0,45.868773
169.0,49.0,-94.489788
170.0,49.0,-127.25761
171.0,49.0,-121.15814
172.0,49.0,-85.778192
173.0,49.0,-131.284013
174.0,49.0,-273.363657
175.0,49.0,-332.143303
176.0,49.0,-249.752296
177.0,49.0,-56.395633
178.0,49.0,-73.877093
179.0,49.0,-302.773351
180.0,49.0,-411.326792
181.0,49.0,-341.402539
182.0,49.0,-263.345464
183.0,49.0,-152.121354
184.0,49.0,51.423587
185.0,49.0,77.415936
186.0,49.0,-11.395128
187.0,49.0,-41.007676
188.0,49.0,-132.798465
189.0,49.0,-178.280258
190.0,49.0,-148.852298
191.0,49.0,-20.843439
192.0,49.0,18.773786
193.0,49.0,-69.080816
194.0,49.0,-219.360359
195.0,49.0,-274.330593
196.0,49.0,-117.701281
197.0,49.0,50.293906
198.0,49.0,153.726748
199.0,49.0,304.586849
