x,y,cluster,trend,value,set,residual
0.0,0.0,0,561.0433692804072,474.224075,1,-86.81929428040718
1.0,0.0,0,564.2598884014878,,0,
2.0,0.0,0,566.1883535603993,,0,
3.0,0.0,0,563.4496097778901,,0,
4.0,0.0,0,552.4796541491523,634.226889,1,81.74723485084769
5.0,0.0,0,528.588602486765,,0,
6.0,0.0,0,491.44512095861137,,0,
7.0,0.0,0,440.3428287068382,,0,
8.0,0.0,0,374.717470311909,543.684405,1,168.966934688091
9.0,0.0,0,292.8016347512603,,0,
10.0,0.0,0,202.30240869289264,,0,
11.0,0.0,0,109.15441864449531,,0,
12.0,0.0,0,18.703320695552975,-36.874397,1,-55.57771769555298
13.0,0.0,0,-63.10096095514018,,0,
14.0,0.0,0,-133.15494550438598,,0,
15.0,0.0,0,-187.99820075463504,,0,
16.0,0.0,0,-226.57148904539645,-295.860241,1,-69.28875195460353
17.0,0.0,0,-252.99678303371184,,0,
18.0,0.0,0,-272.0164375901222,,0,
19.0,0.0,0,-287.5773706906475,,0,
20.0,0.0,0,-303.7672168347053,-179.250285,1,124.51693183470533
21.0,0.0,0,-325.4179973747814,,0,
22.0,0.0,0,-349.6748560643755,,0,
23.0,0.0,0,-374.49801369477063,,0,
24.0,0.0,0,-398.2272810761351,-512.422377,1,-114.19509592386487
25.0,0.0,0,-419.0051606716588,,0,
26.0,0.0,0,-435.0469118547626,,0,
27.0,0.0,0,-444.64036584924906,,0,
28.0,0.0,0,-446.42255975236185,-450.253056,1,-3.830496247638166
29.0,0.0,0,-440.3320344504318,,0,
30.0,0.0,0,-427.1543920985423,,0,
31.0,0.0,0,-408.5604795406107,,0,
32.0,0.0,0,-387.5327960285358,-306.832567,1,80.70022902853583
33.0,0.0,0,-368.71409031644,,0,
34.0,0.0,0,-353.200144167291,,0,
35.0,0.0,0,-344.41684877919033,,0,
36.0,0.0,0,-345.93526627193205,-269.85286,1,76.08240627193203
37.0,0.0,0,-356.9276013325434,,0,
38.0,0.0,0,-375.86046582693234,,0,
39.0,0.0,0,-402.42582902591676,,0,
40.0,0.0,0,-438.075854047318,-277.807808,1,160.26804604731797
41.0,0.0,0,-486.1413896497106,,0,
42.0,0.0,0,-540.671939706197,,0,
43.0,0.0,0,-597.8136378587224,,0,
44.0,0.0,0,-655.1935611771187,-448.97593,1,206.21763117711868
45.0,0.0,0,-709.5844982496346,,0,
46.0,0.0,0,-757.0247093024664,,0,
47.0,0.0,0,-793.6084754718468,,0,
48.0,0.0,0,-817.4299604224507,-834.016074,1,-16.586113577549327
49.0,0.0,0,-830.420514191268,,0,
50.0,0.0,0,-834.5992812172044,,0,
51.0,0.0,0,-831.1518731736578,,0,
52.0,0.0,0,-821.3698327615857,-792.819358,1,28.550474761585747
53.0,0.0,0,-807.1708165684831,,0,
54.0,0.0,0,-789.1159465594683,,0,
55.0,0.0,0,-767.5710437188391,,0,
56.0,0.0,0,-741.6663677188335,-767.857072,1,-26.190704281166518
57.0,0.0,0,-709.4830107868183,,0,
58.0,0.0,0,-670.4216566847172,,0,
59.0,0.0,0,-624.1854445915669,,0,
60.0,0.0,0,-571.558588171727,-570.530454,1,1.0281341717270607
61.0,0.0,0,-513.7878678207635,,0,
62.0,0.0,0,-451.78268726635724,,0,
63.0,0.0,0,-385.9774664154975,,0,
64.0,0.0,0,-315.71398641739506,-440.568104,1,-124.85411758260494
65.0,0.0,0,-238.40679329173872,,0,
66.0,0.0,0,-157.47258258075453,,0,
67.0,0.0,0,-73.63868542853743,,0,
68.0,0.0,0,14.355107359122485,-81.994134,1,-96.34924135912249
69.0,0.0,0,108.83461037641973,,0,
70.0,0.0,3,206.072201149771,,0,
71.0,0.0,3,302.62955181475263,,0,
72.0,0.0,3,393.7717424229195,410.148254,1,16.37651157708052
73.0,0.0,3,470.4999001160322,,0,
74.0,0.0,3,521.558940039482,,0,
75.0,0.0,3,535.4754126265179,,0,
76.0,0.0,3,507.082924369839,727.386687,1,220.30376263016103
77.0,0.0,3,446.30481296533253,,0,
78.0,0.0,3,365.140513549326,,0,
79.0,0.0,3,273.0872354088351,,0,
80.0,0.0,3,179.03568520359113,37.125652,1,-141.91003320359113
81.0,0.0,3,92.37373572555953,,0,
82.0,0.0,3,13.491367469541728,,0,
83.0,0.0,3,-57.002246401738375,,0,
84.0,0.0,3,-119.81263359001605,8.115114,1,127.92774759001605
85.0,0.0,3,-177.94871644300292,,0,
86.0,0.0,3,-228.19533098174725,,0,
87.0,0.0,3,-269.79838733992074,,0,
88.0,0.0,3,-302.9849894087529,-372.073892,1,-69.08890259124712
89.0,0.0,3,-327.30776728500496,,0,
90.0,0.0,3,-345.8008768858854,,0,
91.0,0.0,3,-360.08917475503404,,0,
92.0,0.0,3,-370.51509243564215,-351.902892,1,18.612200435642137
93.0,0.0,3,-376.5335845967056,,0,
94.0,0.0,3,-377.5970862774411,,0,
95.0,0.0,3,-373.7072658429388,,0,
96.0,0.0,3,-366.065745302476,-258.137721,1,107.92802430247599
97.0,0.0,3,-357.3536028632079,,0,
98.0,0.0,3,-349.8611148077762,,0,
99.0,0.0,3,-344.86969676747685,,0,
100.0,0.0,3,-343.4928150570486,-252.379389,1,91.11342605704857
101.0,0.0,3,-347.7193029182963,,0,
102.0,0.0,3,-354.85322532907594,,0,
103.0,0.0,3,-363.85390982590616,,0,
104.0,0.0,3,-374.25427337456495,-418.693301,1,-44.439027625435074
105.0,0.0,3,-384.76176372310147,,0,
106.0,0.0,3,-395.4651588523993,,0,
107.0,0.0,3,-404.5212466137309,,0,
108.0,0.0,3,-408.4461780380516,-509.47614,1,-101.0299619619484
109.0,0.0,3,-402.5417169468419,,0,
110.0,0.0,3,-388.24619921762496,,0,
111.0,0.0,3,-367.3874044562108,,0,
112.0,0.0,3,-344.3363161870511,-149.963232,1,194.37308418705112
113.0,0.0,3,-326.579405979719,,0,
114.0,0.0,3,-310.9342892964487,,0,
115.0,0.0,3,-296.34039643888536,,0,
116.0,0.0,3,-282.2228405716596,-162.879975,1,119.34286557165962
117.0,0.0,3,-267.29626899625873,,0,
118.0,0.0,3,-251.36884702637326,,0,
119.0,0.0,3,-235.8472924460657,,0,
120.0,0.0,3,-223.81223660951946,-40.037057,1,183.77517960951945
121.0,0.0,3,-220.04952537594363,,0,
122.0,0.0,3,-218.08057090442162,,0,
123.0,0.0,3,-212.34125037648482,,0,
124.0,0.0,3,-199.5363189157797,-467.913713,1,-268.37739408422027
125.0,0.0,3,-181.81821500405204,,0,
126.0,0.0,3,-161.22120318782981,,0,
127.0,0.0,3,-137.2197849166696,,0,
128.0,0.0,3,-109.4698909833096,-536.922796,1,-427.45290501669035
129.0,0.0,3,-82.7756222449243,,0,
130.0,0.0,3,-61.299981078569544,,0,
131.0,0.0,3,-46.29639546992257,,0,
132.0,0.0,1,-36.92228426865768,-100.3713,1,-63.44901573134233
133.0,0.0,1,-30.854158880771138,,0,
134.0,0.0,1,-29.361810767266434,,0,
135.0,0.0,1,-34.33525209425716,,0,
136.0,0.0,1,-47.50107485312037,194.130635,1,241.63170985312038
137.0,0.0,1,-65.99916324089281,,0,
138.0,0.0,1,-86.26381599271554,,0,
139.0,0.0,1,-105.90723603358492,,0,
140.0,0.0,1,-122.77021829318255,-80.460222,1,42.30999629318255
141.0,0.0,1,-133.54067477909848,,0,
142.0,0.0,1,-136.40175070799887,,0,
143.0,0.0,1,-132.57651618507225,,0,
144.0,0.0,1,-125.0843815143453,54.862272,1,179.9466535143453
145.0,0.0,1,-115.40385020617396,,0,
146.0,0.0,1,-106.08235978736775,,0,
147.0,0.0,1,-102.10186883504502,,0,
148.0,0.0,1,-108.76977996621281,-192.881905,1,-84.11212503378718
149.0,0.0,1,-127.20131104497705,,0,
150.0,0.0,1,-157.5867625514511,,0,
151.0,0.0,1,-199.82548569026403,,0,
152.0,0.0,1,-252.1611542678438,-154.18491,1,97.97624426784381
153.0,0.0,1,-311.27096824371256,,0,
154.0,0.0,1,-373.11148211720865,,0,
155.0,0.0,1,-433.2772521446459,,0,
156.0,0.0,1,-487.57812517671846,-425.328445,1,62.24968017671847
157.0,0.0,1,-533.238270356087,,0,
158.0,0.0,1,-567.9578335819533,,0,
159.0,0.0,1,-590.1606710059568,,0,
160.0,0.0,1,-599.4894734318368,-445.432528,1,154.05694543183682
161.0,0.0,1,-595.8359984466806,,0,
162.0,0.0,1,-579.8344994260115,,0,
163.0,0.0,1,-553.248038292164,,0,
164.0,0.0,1,-518.2028761045076,-462.833688,1,55.3691881045076
165.0,0.0,1,-475.75681251613423,,0,
166.0,0.0,1,-428.0023543990683,,0,
167.0,0.0,1,-379.20957425108645,,0,
168.0,0.0,1,-336.5060680937022,-78.945016,1,257.5610520937022
169.0,0.0,1,-310.5039040534757,,0,
170.0,0.0,2,-297.66048757731915,,0,
171.0,0.0,2,-297.75337654701434,,0,
172.0,0.0,2,-314.1000221581198,36.804026,1,350.90404815811985
173.0,0.0,2,-353.89458475844003,,0,
174.0,0.0,2,-404.3538336411584,,0,
175.0,0.0,2,-456.1221491827746,,0,
176.0,0.0,2,-502.845981379156,-592.861293,1,-90.01531162084405
177.0,0.0,2,-542.6665848852135,,0,
178.0,0.0,2,-574.0058504235931,,0,
179.0,0.0,2,-594.1296211215667,,0,
180.0,0.0,2,-601.5914357851725,-762.878067,1,-161.28663121482748
181.0,0.0,2,-599.1989089192357,,0,
182.0,0.0,2,-589.3288069209084,,0,
183.0,0.0,2,-573.1358330834191,,0,
184.0,0.0,2,-552.5689145463984,-394.644113,1,157.92480154639844
185.0,0.0,2,-530.889809851069,,0,
186.0,0.0,2,-510.7700609336607,,0,
187.0,0.0,2,-493.0411384855397,,0,
188.0,0.0,2,-476.2055453597568,-458.894877,1,17.31066835975679
189.0,0.0,2,-457.79057146655396,,0,
190.0,0.0,2,-435.9696161686443,,0,
191.0,0.0,2,-410.08929518645164,,0,
192.0,0.0,2,-380.2831741957925,-159.284279,1,220.99889519579253
193.0,0.0,2,-346.730699847918,,0,
194.0,0.0,2,-309.24076750013046,,0,
195.0,0.0,2,-266.85335724055767,,0,
196.0,0.0,2,-218.7534508688841,-277.883277,1,-59.12982613111592
197.0,0.0,2,-166.8427698710002,,0,
198.0,0.0,2,-114.5508550927043,,0,
199.0,0.0,2,-66.91033827431966,,0,
0.0,1.0,0,545.6491478910903,,0,
1.0,1.0,0,550.2129568553064,,0,
2.0,1.0,0,553.7944851461798,,0,
3.0,1.0,0,552.9116359287873,621.134468,1,68.22283207121268
4.0,1.0,0,543.8858081707731,,0,
5.0,1.0,0,522.9833861675579,,0,
6.0,1.0,0,487.64431962324306,,0,
7.0,1.0,0,435.8112870478071,682.988364,1,247.17707695219292
8.0,1.0,0,368.19146848109085,,0,
9.0,1.0,0,286.2907321357634,,0,
10.0,1.0,0,195.209479869809,,0,
11.0,1.0,0,100.92671345360577,93.67507,1,-7.251643453605766
12.0,1.0,0,9.00038582738489,,0,
13.0,1.0,0,-75.35796539892908,,0,
14.0,1.0,0,-147.4241405054927,,0,
15.0,1.0,0,-202.31290187919512,-363.506878,1,-161.19397612080485
16.0,1.0,0,-237.8611887472798,,0,
17.0,1.0,0,-261.5524638654897,,0,
18.0,1.0,0,-278.4465559513774,,0,
19.0,1.0,0,-292.79214144917205,-245.055466,1,47.736675449172054
20.0,1.0,0,-308.87504352489486,,0,
21.0,1.0,0,-329.7627297928557,,0,
22.0,1.0,0,-354.4211076628417,,0,
23.0,1.0,0,-380.52340287715197,-368.544611,1,11.978791877151991
24.0,1.0,0,-406.0625986600062,,0,
25.0,1.0,0,-428.64862497209106,,0,
26.0,1.0,0,-446.3309281261172,,0,
27.0,1.0,0,-457.2822991977446,-494.400102,1,-37.117802802255426
28.0,1.0,0,-459.3591120499186,,0,
29.0,1.0,0,-452.6307064977591,,0,
30.0,1.0,0,-437.583642647136,,0,
31.0,1.0,0,-416.07687686011195,-395.289621,1,20.78725586011194
32.0,1.0,0,-391.27016172133153,,0,
33.0,1.0,0,-366.6341958194389,,0,
34.0,1.0,0,-344.62024922738783,,0,
35.0,1.0,0,-329.34570071613416,-157.078666,1,172.26703471613416
36.0,1.0,0,-327.50109870173037,,0,
37.0,1.0,0,-335.9427052915562,,0,
38.0,1.0,0,-352.9916765927337,,0,
39.0,1.0,0,-378.29713429370895,-453.353661,1,-75.05652670629104
40.0,1.0,0,-413.72892452712404,,0,
41.0,1.0,0,-460.42096787458286,,0,
42.0,1.0,0,-514.3982341713272,,0,
43.0,1.0,0,-571.2341103777289,-530.259884,1,40.97422637772888
44.0,1.0,0,-629.6449817097746,,0,
45.0,1.0,0,-686.092065418954,,0,
46.0,1.0,0,-735.9369535434525,,0,
47.0,1.0,0,-774.063108474249,-902.332336,1,-128.26922752575103
48.0,1.0,0,-797.6666627708473,,0,
49.0,1.0,0,-811.1701753941597,,0,
50.0,1.0,0,-816.2906753122807,,0,
51.0,1.0,0,-813.6018701447174,-887.283703,1,-73.68183285528255
52.0,1.0,0,-804.0837969896384,,0,
53.0,1.0,0,-789.264646513504,,0,
54.0,1.0,0,-770.803456770489,,0,
55.0,1.0,0,-750.012132005766,-807.936082,1,-57.92394999423402
56.0,1.0,0,-725.5097732825088,,0,
57.0,1.0,0,-695.3604484330863,,0,
58.0,1.0,0,-658.009841229301,,0,
59.0,1.0,0,-612.3226411058567,-677.388051,1,-65.06540989414327
60.0,1.0,0,-559.8889228129992,,0,
61.0,1.0,0,-502.43325334234396,,0,
62.0,1.0,0,-440.8402943518013,,0,
63.0,1.0,0,-375.4550552435685,-538.058448,1,-162.6033927564315
64.0,1.0,0,-305.86578697466757,,0,
65.0,1.0,0,-231.77536937213154,,0,
66.0,1.0,0,-154.71828627306968,,0,
67.0,1.0,0,-74.39060182892717,-193.617908,1,-119.22730617107283
68.0,1.0,0,11.363102391595021,,0,
69.0,1.0,0,104.04263626472675,,0,
70.0,1.0,3,201.67026653839275,,0,
71.0,1.0,3,300.8620276285801,201.262991,1,-99.59903662858011
72.0,1.0,3,398.0394534333027,,0,
73.0,1.0,3,482.01576367532834,,0,
74.0,1.0,3,539.2697899211198,,0,
75.0,1.0,3,554.8793614145834,1039.674493,1,484.7951315854166
76.0,1.0,3,518.4758581155911,,0,
77.0,1.0,3,449.20311110670445,,0,
78.0,1.0,3,359.954743498005,,0,
79.0,1.0,3,260.61577975028194,221.533581,1,-39.08219875028195
80.0,1.0,3,160.43904242830467,,0,
81.0,1.0,3,66.93573568190914,,0,
82.0,1.0,3,-16.995337447267957,,0,
83.0,1.0,3,-90.34168293862604,-141.565533,1,-51.22385006137395
84.0,1.0,3,-154.2178283020039,,0,
85.0,1.0,3,-209.76020142776542,,0,
86.0,1.0,3,-255.7499859443633,,0,
87.0,1.0,3,-292.40018879657146,-401.30109,1,-108.90090120342853
88.0,1.0,3,-320.9218093198142,,0,
89.0,1.0,3,-342.40693744647433,,0,
90.0,1.0,3,-359.0349414636148,,0,
91.0,1.0,3,-372.3845573334256,-355.511471,1,16.873086333425647
92.0,1.0,3,-382.4679522935767,,0,
93.0,1.0,3,-387.9966335395875,,0,
94.0,1.0,3,-388.0577168901218,,0,
95.0,1.0,3,-382.3643279043026,-428.033593,1,-45.66926509569737
96.0,1.0,3,-372.3509118130896,,0,
97.0,1.0,3,-362.3366058290121,,0,
98.0,1.0,3,-355.07903310097754,,0,
99.0,1.0,3,-351.61064524482936,-261.165633,1,90.44501224482934
100.0,1.0,3,-352.3810345977836,,0,
101.0,1.0,3,-357.3383303845185,,0,
102.0,1.0,3,-364.868883847259,,0,
103.0,1.0,3,-374.48210179270245,-471.260221,1,-96.77811920729755
104.0,1.0,3,-386.44148372259224,,0,
105.0,1.0,3,-400.7074410591158,,0,
106.0,1.0,3,-416.7241630322533,,0,
107.0,1.0,3,-431.66237379598897,-511.931728,1,-80.26935420401105
108.0,1.0,3,-441.19622117700055,,0,
109.0,1.0,3,-441.7339243704628,,0,
110.0,1.0,3,-432.55741644697264,,0,
111.0,1.0,3,-414.75376429979224,-435.581146,1,-20.827381700207752
112.0,1.0,3,-393.70031444268534,,0,
113.0,1.0,3,-374.56854957155883,,0,
114.0,1.0,3,-357.41026527050417,,0,
115.0,1.0,3,-341.67828276834916,-288.599181,1,53.079101768349176
116.0,1.0,3,-326.4967424714996,,0,
117.0,1.0,3,-309.17025203615776,,0,
118.0,1.0,3,-289.7392006026348,,0,
119.0,1.0,3,-270.53987322497414,-207.56239,1,62.97748322497415
120.0,1.0,3,-255.39443850924727,,0,
121.0,1.0,3,-246.72889482195023,,0,
122.0,1.0,3,-240.6749437917024,,0,
123.0,1.0,3,-231.10176021337975,-437.307612,1,-206.20585178662026
124.0,1.0,3,-211.95020794379525,,0,
125.0,1.0,3,-188.93564675652306,,0,
126.0,1.0,3,-164.2526234589168,,0,
127.0,1.0,3,-136.98362458869815,-369.46331,1,-232.47968541130183
128.0,1.0,3,-103.80179779289756,,0,
129.0,1.0,3,-73.81038505700417,,0,
130.0,1.0,3,-51.531956523191184,,0,
131.0,1.0,3,-37.4908060162561,-276.961617,1,-239.4708109837439
132.0,1.0,1,-30.153004754101858,,0,
133.0,1.0,1,-27.578123221406713,,0,
134.0,1.0,1,-29.216821999987587,,0,
135.0,1.0,1,-36.3314957160037,154.75282,1,191.08431571600372
136.0,1.0,1,-54.18902342929505,,0,
137.0,1.0,1,-77.49994907039218,,0,
138.0,1.0,1,-102.54134182742564,,0,
139.0,1.0,1,-126.67292890022509,-42.485272,1,84.18765690022508
140.0,1.0,1,-148.08226221590303,,0,
141.0,1.0,1,-161.17218352109194,,0,
142.0,1.0,1,-163.37843932333635,,0,
143.0,1.0,1,-155.81970778130926,-24.745336,1,131.07437178130925
144.0,1.0,1,-143.99212524748873,,0,
145.0,1.0,1,-128.06243000272661,,0,
146.0,1.0,1,-111.04277424042812,,0,
147.0,1.0,1,-98.67488345468882,75.052743,1,173.72762645468885
148.0,1.0,1,-99.82571885222569,,0,
149.0,1.0,1,-113.78081985085737,,0,
150.0,1.0,1,-141.6582550916355,,0,
151.0,1.0,1,-184.5447428629268,-178.126555,1,6.4181878629268
152.0,1.0,1,-240.3008898787666,,0,
153.0,1.0,1,-304.63571605761535,,0,
154.0,1.0,1,-372.80650579952635,,0,
155.0,1.0,1,-439.9394599951338,-491.2417,1,-51.30224000486618
156.0,1.0,1,-500.7051801881753,,0,
157.0,1.0,1,-552.7049604053609,,0,
158.0,1.0,1,-592.9754984909669,,0,
159.0,1.0,1,-619.0410007205792,-584.719363,1,34.32163772057913
160.0,1.0,1,-631.2710134058725,,0,
161.0,1.0,1,-629.1812253661919,,0,
162.0,1.0,1,-613.4617190966965,,0,
163.0,1.0,1,-586.0981364806648,-515.243739,1,70.85439748066483
164.0,1.0,1,-550.2561174686998,,0,
165.0,1.0,1,-505.57561209902633,,0,
166.0,1.0,1,-454.06542914011516,,0,
167.0,1.0,1,-400.9032619858044,-389.302605,1,11.600656985804392
168.0,1.0,1,-353.94630140275694,,0,
169.0,1.0,1,-320.5611216831021,,0,
170.0,1.0,2,-301.77223686955404,,0,
171.0,1.0,2,-298.1949788827915,-96.352554,1,201.84242488279148
172.0,1.0,2,-312.86727015604265,,0,
173.0,1.0,2,-347.21596002439037,,0,
174.0,1.0,2,-393.42650516796857,,0,
175.0,1.0,2,-442.2394141666591,-600.402824,1,-158.1634098333409
176.0,1.0,2,-484.77025225549005,,0,
177.0,1.0,2,-521.5272803683765,,0,
178.0,1.0,2,-550.67106834671,,0,
179.0,1.0,2,-568.5933171596844,-741.947155,1,-173.35383784031558
180.0,1.0,2,-572.3537126323208,,0,
181.0,1.0,2,-568.1228604828939,,0,
182.0,1.0,2,-557.7506360630505,,0,
183.0,1.0,2,-541.0131367865251,-588.105178,1,-47.092041213474886
184.0,1.0,2,-519.969923536526,,0,
185.0,1.0,2,-499.09317742241547,,0,
186.0,1.0,2,-481.48280499479733,,0,
187.0,1.0,2,-468.5015248884447,-465.661749,1,2.8397758884447057
188.0,1.0,2,-456.9592043135781,,0,
189.0,1.0,2,-442.7498323437758,,0,
190.0,1.0,2,-423.4057277892716,,0,
191.0,1.0,2,-398.57464298512787,-393.093982,1,5.480660985127884
192.0,1.0,2,-369.1359813634772,,0,
193.0,1.0,2,-335.750657891389,,0,
194.0,1.0,2,-298.606538375956,,0,
195.0,1.0,2,-256.7460077884607,-352.384509,1,-95.63850121153928
196.0,1.0,2,-207.66894824849442,,0,
197.0,1.0,2,-154.06074118451215,,0,
198.0,1.0,2,-98.92654758505523,,0,
199.0,1.0,2,-48.21350874879863,140.971135,1,189.18464374879863
0.0,2.0,0,526.1488518167753,,0,
1.0,2.0,0,531.5829044694547,,0,
2.0,2.0,0,535.7841946426779,536.032161,1,0.2479663573220705
3.0,2.0,0,535.7406976232305,,0,
4.0,2.0,0,528.0753782421816,,0,
5.0,2.0,0,509.43736314738635,,0,
6.0,2.0,0,476.40829553455114,636.819659,1,160.41136346544886
7.0,2.0,0,424.1791220935993,,0,
8.0,2.0,0,356.86157634097617,,0,
9.0,2.0,0,277.1472730485257,,0,
10.0,2.0,0,188.3968811063096,304.749845,1,116.3529638936904
11.0,2.0,0,96.12995722517371,,0,
12.0,2.0,0,5.817741564475,,0,
13.0,2.0,0,-77.87848808744457,,0,
14.0,2.0,0,-149.7564250389114,-339.793805,1,-190.03737996108862
15.0,2.0,0,-201.89462122041732,,0,
16.0,2.0,0,-237.3573542779195,,0,
17.0,2.0,0,-261.05296271736734,,0,
18.0,2.0,0,-277.78576018614694,-268.912459,1,8.873301186146932
19.0,2.0,0,-292.5110771409236,,0,
20.0,2.0,0,-309.32802644674666,,0,
21.0,2.0,0,-330.57273156062,,0,
22.0,2.0,0,-356.1818084544502,-308.543502,1,47.63830645445023
23.0,2.0,0,-383.89180540200323,,0,
24.0,2.0,0,-411.06247971829725,,0,
25.0,2.0,0,-435.14620857377304,,0,
26.0,2.0,0,-454.066399237141,-479.976245,1,-25.909845762858993
27.0,2.0,0,-466.0917621781118,,0,
28.0,2.0,0,-469.54930553631857,,0,
29.0,2.0,0,-463.3613969901344,,0,
30.0,2.0,0,-447.242489350494,-489.537949,1,-42.29545964950603
31.0,2.0,0,-423.6970151467249,,0,
32.0,2.0,0,-395.8662947373814,,0,
33.0,2.0,0,-366.58217156492174,,0,
34.0,2.0,0,-339.16767519316636,-222.66779,1,116.49988519316636
35.0,2.0,0,-318.9744175891392,,0,
36.0,2.0,0,-310.8180033273529,,0,
37.0,2.0,0,-314.5046087783412,,0,
38.0,2.0,0,-328.5241538025439,-385.471731,1,-56.9475771974561
39.0,2.0,0,-351.4360905503854,,0,
40.0,2.0,0,-385.0751276781084,,0,
41.0,2.0,0,-429.4441987610189,,0,
42.0,2.0,0,-481.57430681725964,-571.677697,1,-90.10339018274033
43.0,2.0,0,-536.3665606053546,,0,
44.0,2.0,0,-593.2344373124652,,0,
45.0,2.0,0,-649.2709290878265,,0,
46.0,2.0,0,-699.76933758636,-866.284542,1,-166.51520441363994
47.0,2.0,0,-737.2195646814071,,0,
48.0,2.0,0,-763.1487392722047,,0,
49.0,2.0,0,-779.7417746435967,,0,
50.0,2.0,0,-787.9553859741427,-796.312948,1,-8.357562025857305
51.0,2.0,0,-787.6465813643299,,0,
52.0,2.0,0,-779.4142033359967,,0,
53.0,2.0,0,-764.6020874032984,,0,
54.0,2.0,0,-745.4268118650652,-642.391992,1,103.03481986506529
55.0,2.0,0,-725.2278243433684,,0,
56.0,2.0,0,-701.5085661715129,,0,
57.0,2.0,0,-672.8175381510082,,0,
58.0,2.0,0,-637.5994416426402,-758.138494,1,-120.53905235735988
59.0,2.0,0,-592.7802078167442,,0,
60.0,2.0,0,-541.6043547494337,,0,
61.0,2.0,0,-485.6163370674767,,0,
62.0,2.0,0,-425.4507882595062,-474.525323,1,-49.07453474049379
63.0,2.0,0,-361.45374183985405,,0,
64.0,2.0,0,-293.9075845568441,,0,
65.0,2.0,0,-224.0560711582948,,0,
66.0,2.0,0,-153.21523544355296,-64.453348,1,88.76188744355295
67.0,2.0,0,-78.70933387428522,,0,
68.0,2.0,0,2.4595395158976316,,0,
69.0,2.0,0,91.62568039668258,,0,
70.0,2.0,3,187.9769087547902,109.882826,1,-78.09408275479021
71.0,2.0,3,288.12136156647466,,0,
72.0,2.0,3,386.47282465785975,,0,
73.0,2.0,3,472.7529051952297,,0,
74.0,2.0,3,531.7608946423279,890.925152,1,359.1642573576721
75.0,2.0,3,542.1524314379785,,0,
76.0,2.0,3,505.8594874255359,,0,
77.0,2.0,3,434.93011955783004,,0,
78.0,2.0,3,342.26432200777344,314.957705,1,-27.30661700777347
79.0,2.0,3,239.2309611120727,,0,
80.0,2.0,3,135.42966915940633,,0,
81.0,2.0,3,37.71812971300096,,0,
82.0,2.0,3,-49.88479611068033,-110.070171,1,-60.185374889319675
83.0,2.0,3,-124.69476246461272,,0,
84.0,2.0,3,-188.15217681531794,,0,
85.0,2.0,3,-240.12578934902558,,0,
86.0,2.0,3,-279.5859126073774,-386.825535,1,-107.2396223926226
87.0,2.0,3,-309.36073400534224,,0,
88.0,2.0,3,-332.4852633528062,,0,
89.0,2.0,3,-350.84544230712345,,0,
90.0,2.0,3,-366.0250205057673,-332.069806,1,33.95521450576729
91.0,2.0,3,-379.2697228320176,,0,
92.0,2.0,3,-389.03854914655676,,0,
93.0,2.0,3,-393.7626381314476,,0,
94.0,2.0,3,-392.5560829958413,-465.607626,1,-73.0515430041587
95.0,2.0,3,-384.37539248983376,,0,
96.0,2.0,3,-372.8222770788125,,0,
97.0,2.0,3,-362.32162892847555,,0,
98.0,2.0,3,-356.4537313398905,-201.021651,1,155.43208033989052
99.0,2.0,3,-355.5589319813298,,0,
100.0,2.0,3,-359.0073903373268,,0,
101.0,2.0,3,-365.33955652991426,,0,
102.0,2.0,3,-372.75794486666564,-475.231743,1,-102.47379813333436
103.0,2.0,3,-382.4892440678086,,0,
104.0,2.0,3,-395.9698113886989,,0,
105.0,2.0,3,-414.0512999468483,,0,
106.0,2.0,3,-436.3669041779358,-398.174171,1,38.19273317793579
107.0,2.0,3,-458.00577111088205,,0,
108.0,2.0,3,-473.8744223419635,,0,
109.0,2.0,3,-481.1342141063069,,0,
110.0,2.0,3,-478.6656428024289,-616.895036,1,-138.22939319757108
111.0,2.0,3,-465.2645408626413,,0,
112.0,2.0,3,-447.58669138216646,,0,
113.0,2.0,3,-429.3030802262947,,0,
114.0,2.0,3,-411.41575513768476,-308.645127,1,102.77062813768475
115.0,2.0,3,-395.38718835881446,,0,
116.0,2.0,3,-377.82648718741257,,0,
117.0,2.0,3,-356.7416892317997,,0,
118.0,2.0,3,-332.405838902283,-326.686436,1,5.7194029022829795
119.0,2.0,3,-308.0635012797429,,0,
120.0,2.0,3,-287.60064723622054,,0,
121.0,2.0,3,-272.47644538001623,,0,
122.0,2.0,3,-259.3389633852057,-319.216001,1,-59.87703761479429
123.0,2.0,3,-241.58930851111654,,0,
124.0,2.0,3,-217.44834353029728,,0,
125.0,2.0,3,-189.71671972819604,,0,
126.0,2.0,3,-159.85464247176424,-184.351821,1,-24.497178528235764
127.0,2.0,3,-126.59219327598112,,0,
128.0,2.0,3,-91.1874293332221,,0,
129.0,2.0,3,-60.433310735272244,,0,
130.0,2.0,3,-39.35526326796389,-106.959931,1,-67.6046677320361
131.0,2.0,3,-27.66825935052475,,0,
132.0,2.0,1,-23.64069515268784,,0,
133.0,2.0,1,-25.66284126433311,,0,
134.0,2.0,1,-32.634032396483235,-111.579532,1,-78.94549960351677
135.0,2.0,1,-44.18777305947151,,0,
136.0,2.0,1,-64.12604150257539,,0,
137.0,2.0,1,-90.59820789285004,,0,
138.0,2.0,1,-120.32463519944577,-112.741917,1,7.582718199445765
139.0,2.0,1,-150.28484886395745,,0,
140.0,2.0,1,-175.95494427287485,,0,
141.0,2.0,1,-191.59865258884383,,0,
142.0,2.0,1,-194.38435678905807,-222.124311,1,-27.73995421094193
143.0,2.0,1,-184.83756734419148,,0,
144.0,2.0,1,-167.01772164891008,,0,
145.0,2.0,1,-143.9203196859453,,0,
146.0,2.0,1,-119.73990402015625,-148.884339,1,-29.144434979843766
147.0,2.0,1,-100.39381172670983,,0,
148.0,2.0,1,-93.0574505534023,,0,
149.0,2.0,1,-100.07336960418615,,0,
150.0,2.0,1,-123.25051316595636,-38.13988,1,85.11063316595636
151.0,2.0,1,-165.48194330796832,,0,
152.0,2.0,1,-223.40872839372605,,0,
153.0,2.0,1,-291.99465735722333,,0,
154.0,2.0,1,-365.29260764142964,-497.932693,1,-132.64008535857033
155.0,2.0,1,-438.19287952804007,,0,
156.0,2.0,1,-505.77749966224656,,0,
157.0,2.0,1,-564.4829656195361,,0,
158.0,2.0,1,-611.3286229287041,-698.9366,1,-87.60797707129586
159.0,2.0,1,-642.4611226166016,,0,
160.0,2.0,1,-658.4400693019852,,0,
161.0,2.0,1,-658.8377961483784,,0,
162.0,2.0,1,-644.790477161645,-649.31286,1,-4.522382838355043
163.0,2.0,1,-618.7310660798103,,0,
164.0,2.0,1,-582.8017486874014,,0,
165.0,2.0,1,-536.996080719051,,0,
166.0,2.0,1,-482.6936675950419,-450.623618,1,32.070049595041894
167.0,2.0,1,-426.1396412133472,,0,
168.0,2.0,1,-374.8100741789676,,0,
169.0,2.0,1,-334.7076911434997,,0,
170.0,2.0,2,-309.25719030818436,-308.368042,1,0.8891483081843603
171.0,2.0,2,-300.7891028097365,,0,
172.0,2.0,2,-310.9566580194514,,0,
173.0,2.0,2,-337.90957525209524,,0,
174.0,2.0,2,-375.0046170190908,-444.925951,1,-69.9213339809092
175.0,2.0,2,-415.14892805262934,,0,
176.0,2.0,2,-452.12825307354797,,0,
177.0,2.0,2,-483.8271758980118,,0,
178.0,2.0,2,-508.4083459525136,-644.477731,1,-136.06938504748632
179.0,2.0,2,-520.8240502118133,,0,
180.0,2.0,2,-523.0715580463875,,0,
181.0,2.0,2,-518.9736449061893,,0,
182.0,2.0,2,-510.32435956434347,-672.883836,1,-162.5594764356565
183.0,2.0,2,-494.6410346428165,,0,
184.0,2.0,2,-476.89428068557754,,0,
185.0,2.0,2,-460.30435341084376,,0,
186.0,2.0,2,-447.40228987671435,-294.835599,1,152.56669087671435
187.0,2.0,2,-441.46078176330775,,0,
188.0,2.0,2,-436.43903957726434,,0,
189.0,2.0,2,-427.15315270470455,,0,
190.0,2.0,2,-410.1124321890529,-613.131666,1,-203.01923381094707
191.0,2.0,2,-385.7840491576353,,0,
192.0,2.0,2,-355.8812271647621,,0,
193.0,2.0,2,-321.7185713821091,,0,
194.0,2.0,2,-283.7860416719923,-365.065836,1,-81.27979432800771
195.0,2.0,2,-241.25785491615534,,0,
196.0,2.0,2,-193.28854806628078,,0,
197.0,2.0,2,-140.45512585807592,,0,
198.0,2.0,2,-84.57379000587389,-260.520963,1,-175.9471729941261
199.0,2.0,2,-33.844647699501365,,0,
0.0,3.0,0,500.91127115359996,,0,
1.0,3.0,0,506.85857270052657,549.012753,1,42.15418029947341
2.0,3.0,0,511.4502205355093,,0,
3.0,3.0,0,512.2572807278484,,0,
4.0,3.0,0,505.65157209918834,,0,
5.0,3.0,0,488.00675060541835,637.964308,1,149.9575573945816
6.0,3.0,0,455.69761781254783,,0,
7.0,3.0,0,406.3321480010636,,0,
8.0,3.0,0,342.3959358453285,,0,
9.0,3.0,0,267.32541037513874,332.979326,1,65.65391562486127
10.0,3.0,0,183.0227374592796,,0,
11.0,3.0,0,95.52809527190402,,0,
12.0,3.0,0,10.194290613289922,,0,
13.0,3.0,0,-68.62346967594931,-318.828084,1,-250.20461432405068
14.0,3.0,0,-136.0400728918612,,0,
15.0,3.0,0,-187.68641984742135,,0,
16.0,3.0,0,-224.62916747119743,,0,
17.0,3.0,0,-250.19909677933902,-300.926311,1,-50.72721422066098
18.0,3.0,0,-268.25029938854277,,0,
19.0,3.0,0,-284.74352501006797,,0,
20.0,3.0,0,-303.50280453823507,,0,
21.0,3.0,0,-326.32840733986814,-283.500679,1,42.827728339868145
22.0,3.0,0,-353.8385402765125,,0,
23.0,3.0,0,-383.3438829840161,,0,
24.0,3.0,0,-412.03339930879883,,0,
25.0,3.0,0,-437.184011468431,-448.919,1,-11.734988531569002
26.0,3.0,0,-456.8935411651619,,0,
27.0,3.0,0,-469.87060211459175,,0,
28.0,3.0,0,-474.5762795894407,,0,
29.0,3.0,0,-469.49372199055506,-570.988468,1,-101.49474600944495
30.0,3.0,0,-452.5636078589596,,0,
31.0,3.0,0,-427.7005795822479,,0,
32.0,3.0,0,-397.62989159912104,,0,
33.0,3.0,0,-364.612738620257,-405.54487,1,-40.932131379743
34.0,3.0,0,-332.1914505891036,,0,
35.0,3.0,0,-306.5819866107777,,0,
36.0,3.0,0,-292.0219510914758,,0,
37.0,3.0,0,-289.62673441739753,-165.224073,1,124.40266141739752
38.0,3.0,0,-298.703783092089,,0,
39.0,3.0,0,-318.4355669480283,,0,
40.0,3.0,0,-348.9628437171341,,0,
41.0,3.0,0,-389.561504532001,-562.743569,1,-173.182064467999
42.0,3.0,0,-437.6253170489799,,0,
43.0,3.0,0,-489.79047075100243,,0,
44.0,3.0,0,-543.8034191397019,,0,
45.0,3.0,0,-596.6070035294979,-662.601625,1,-65.99462147050212
46.0,3.0,0,-644.5643533547409,,0,
47.0,3.0,0,-683.7021471955813,,0,
48.0,3.0,0,-713.7422594096861,,0,
49.0,3.0,0,-735.4869868916867,-707.43854,1,28.048446891686694
50.0,3.0,0,-748.7358391568996,,0,
51.0,3.0,0,-752.5302523132414,,0,
52.0,3.0,0,-746.7901806229493,,0,
53.0,3.0,0,-733.3012574941677,-630.204898,1,103.0963594941677
54.0,3.0,0,-714.8919520163909,,0,
55.0,3.0,0,-693.7452498541679,,0,
56.0,3.0,0,-669.2996170773404,,0,
57.0,3.0,0,-640.5137272313004,-756.821022,1,-116.30729476869953
58.0,3.0,0,-605.9907887044828,,0,
59.0,3.0,0,-564.3493825027253,,0,
60.0,3.0,0,-516.6918390584178,,0,
61.0,3.0,0,-464.16697256377665,-468.440649,1,-4.273676436223354
62.0,3.0,0,-407.49960914091207,,0,
63.0,3.0,0,-347.29850858286954,,0,
64.0,3.0,0,-284.2447301836801,,0,
65.0,3.0,0,-220.0287192396354,-48.957117,1,171.0716022396354
66.0,3.0,0,-157.47166366735473,,0,
67.0,3.0,0,-90.21237420407124,,0,
68.0,3.0,0,-14.972801282186992,,0,
69.0,3.0,0,69.31228046881733,22.475374,1,-46.83690646881733
70.0,3.0,3,162.89044063538313,,0,
71.0,3.0,3,261.13293097901624,,0,
72.0,3.0,3,357.17938833642984,,0,
73.0,3.0,3,440.5570265708957,695.273652,1,254.71662542910428
74.0,3.0,3,495.33613234933,,0,
75.0,3.0,3,506.4951179989148,,0,
76.0,3.0,3,473.23851794947404,,0,
77.0,3.0,3,404.6401496899489,452.382242,1,47.742092310051135
78.0,3.0,3,311.95645000459626,,0,
79.0,3.0,3,208.2647684047697,,0,
80.0,3.0,3,103.88382590340916,,0,
81.0,3.0,3,5.736796744691674,-130.811804,1,-136.54860074469167
82.0,3.0,3,-81.63579355482943,,0,
83.0,3.0,3,-155.5608113054186,,0,
84.0,3.0,3,-216.14974569808692,,0,
85.0,3.0,3,-263.55346830493363,-453.617325,1,-190.06385669506636
86.0,3.0,3,-295.12947182008065,,0,
87.0,3.0,3,-317.8636802342953,,0,
88.0,3.0,3,-335.9206262680236,,0,
89.0,3.0,3,-351.6712955221301,-465.485028,1,-113.8137324778699
90.0,3.0,3,-366.36233861220535,,0,
91.0,3.0,3,-379.75524564948864,,0,
92.0,3.0,3,-389.42607258149656,,0,
93.0,3.0,3,-392.73179059253016,-449.170623,1,-56.43883240746982
94.0,3.0,3,-389.364657493541,,0,
95.0,3.0,3,-380.1407136693597,,0,
96.0,3.0,3,-368.0799870949122,,0,
97.0,3.0,3,-357.5686415708042,-256.0619,1,101.5067415708042
98.0,3.0,3,-353.72106976865325,,0,
99.0,3.0,3,-355.24466399359517,,0,
100.0,3.0,3,-361.1376548716362,,0,
101.0,3.0,3,-369.6121641175414,-505.862818,1,-136.2506538824586
102.0,3.0,3,-377.22590934176696,,0,
103.0,3.0,3,-388.24072575743776,,0,
104.0,3.0,3,-404.7866790231783,,0,
105.0,3.0,3,-427.34423661767505,-255.141402,1,172.20283461767505
106.0,3.0,3,-457.0915417015203,,0,
107.0,3.0,3,-485.52189254944096,,0,
108.0,3.0,3,-507.0650075637677,,0,
109.0,3.0,3,-519.2152990929608,-609.627525,1,-90.41222590703921
110.0,3.0,3,-521.1681120847934,,0,
111.0,3.0,3,-513.8784825144685,,0,
112.0,3.0,3,-501.54381126968656,,0,
113.0,3.0,3,-487.06791444681585,-329.23385,1,157.83406444681583
114.0,3.0,3,-471.3475203074049,,0,
115.0,3.0,3,-454.0260225962702,,0,
116.0,3.0,3,-432.85749156045495,,0,
117.0,3.0,3,-406.83315963769564,-464.676743,1,-57.843583362304344
118.0,3.0,3,-376.1713919399772,,0,
119.0,3.0,3,-345.16020852630027,,0,
120.0,3.0,3,-317.85323147656163,,0,
121.0,3.0,3,-295.96416719129775,-151.327318,1,144.63684919129776
122.0,3.0,3,-275.09779162483755,,0,
123.0,3.0,3,-250.06925191750634,,0,
124.0,3.0,3,-220.41836499841884,,0,
125.0,3.0,3,-188.59964864409994,48.962097,1,237.56174564409994
126.0,3.0,3,-154.06709257420152,,0,
127.0,3.0,3,-116.31356034695636,,0,
128.0,3.0,3,-78.82914017222356,,0,
129.0,3.0,3,-48.439274390926585,60.115387,1,108.55466139092658
130.0,3.0,3,-29.804723188834032,,0,
131.0,3.0,3,-20.683829915709794,,0,
132.0,3.0,1,-19.899849341949448,,0,
133.0,3.0,1,-25.74362884432776,-8.445853,1,17.29777584432776
134.0,3.0,1,-36.48099368624389,,0,
135.0,3.0,1,-51.74496127810562,,0,
136.0,3.0,1,-73.13772386952769,,0,
137.0,3.0,1,-101.0195193295367,-200.452593,1,-99.4330736704633
138.0,3.0,1,-134.01780012063682,,0,
139.0,3.0,1,-169.05794697219972,,0,
140.0,3.0,1,-199.6514487566892,,0,
141.0,3.0,1,-217.88165409635985,-367.652247,1,-149.77059290364014
142.0,3.0,1,-221.71276915771887,,0,
143.0,3.0,1,-211.04879111377522,,0,
144.0,3.0,1,-188.07382349087857,,0,
145.0,3.0,1,-157.8663942576386,-309.537094,1,-151.67069974236142
146.0,3.0,1,-126.60967757651815,,0,
147.0,3.0,1,-100.62663148203865,,0,
148.0,3.0,1,-85.76801802800037,,0,
149.0,3.0,1,-85.81293454940896,166.472395,1,252.28532954940897
150.0,3.0,1,-103.88423689233605,,0,
151.0,3.0,1,-142.72930405836087,,0,
152.0,3.0,1,-200.9168026051484,,0,
153.0,3.0,1,-272.5189792914316,-335.376919,1,-62.85793970856838
154.0,3.0,1,-349.4574443579186,,0,
155.0,3.0,1,-427.2306257421151,,0,
156.0,3.0,1,-500.5691013543401,,0,
157.0,3.0,1,-564.5693457416492,-799.88764,1,-235.31829425835087
158.0,3.0,1,-616.7169465221232,,0,
159.0,3.0,1,-654.6205523048993,,0,
160.0,3.0,1,-676.2430663071573,,0,
161.0,3.0,1,-679.8491846462712,-730.906792,1,-51.05760735372883
162.0,3.0,1,-668.1010841608513,,0,
163.0,3.0,1,-644.1699474900961,,0,
164.0,3.0,1,-609.4810639098287,,0,
165.0,3.0,1,-563.8416424161987,-697.441316,1,-133.5996735838013
166.0,3.0,1,-507.333040102385,,0,
167.0,3.0,1,-448.0928042200394,,0,
168.0,3.0,1,-392.6624241170939,,0,
169.0,3.0,1,-346.41318510007113,-152.474744,1,193.93844110007115
170.0,3.0,2,-313.7317492221482,,0,
171.0,3.0,2,-298.1778891296126,,0,
172.0,3.0,2,-301.25702941743657,,0,
173.0,3.0,2,-319.8059009106364,-424.878274,1,-105.07237308936357
174.0,3.0,2,-345.92964896094054,,0,
175.0,3.0,2,-375.9026790393982,,0,
176.0,3.0,2,-404.6679051895626,,0,
177.0,3.0,2,-428.22117348294705,-612.211674,1,-183.99050051705296
178.0,3.0,2,-445.0457309327321,,0,
179.0,3.0,2,-453.5572548357304,,0,
180.0,3.0,2,-454.79720146092586,,0,
181.0,3.0,2,-451.0593720835168,-636.257718,1,-185.19834591648316
182.0,3.0,2,-444.1626158345025,,0,
183.0,3.0,2,-434.64125232433435,,0,
184.0,3.0,2,-424.99014249816537,,0,
185.0,3.0,2,-417.38061822671443,-354.885105,1,62.49551322671442
186.0,3.0,2,-413.5571257423144,,0,
187.0,3.0,2,-414.2190759398509,,0,
188.0,3.0,2,-415.42494455818087,,0,
189.0,3.0,2,-411.3875045173336,-524.349584,1,-112.96207948266647
190.0,3.0,2,-396.2654263556469,,0,
191.0,3.0,2,-372.1280345618725,,0,
192.0,3.0,2,-341.17446388001554,,0,
193.0,3.0,2,-305.4047281369567,-285.080159,1,20.32456913695671
194.0,3.0,2,-265.71723502513487,,0,
195.0,3.0,2,-221.56689731171355,,0,
196.0,3.0,2,-173.4844399546273,,0,
197.0,3.0,2,-122.35878585837781,-403.096189,1,-280.73740314162217
198.0,3.0,2,-66.30812118761241,,0,
199.0,3.0,2,-17.199081720085815,,0,
0.0,4.0,0,469.463342780713,414.74216,1,-54.72118278071298
1.0,4.0,0,474.86840041389223,,0,
2.0,4.0,0,480.6025556200184,,0,
3.0,4.0,0,483.23175226710737,,0,
4.0,4.0,0,478.23908956348896,566.006328,1,87.7672384365111
5.0,4.0,0,462.0527550216066,,0,
6.0,4.0,0,431.80818574747536,,0,
7.0,4.0,0,386.2582116846461,,0,
8.0,4.0,0,327.0198383545503,275.633354,1,-51.386484354550305
9.0,4.0,0,257.70522851031274,,0,
10.0,4.0,0,180.23262205021456,,0,
11.0,4.0,0,99.76050851203036,,0,
12.0,4.0,0,21.92865192145109,-249.533889,1,-271.4625409214511
13.0,4.0,0,-49.979585899505764,,0,
14.0,4.0,0,-112.51346189260948,,0,
15.0,4.0,0,-162.9049504569266,,0,
16.0,4.0,0,-201.21946244500577,-260.143065,1,-58.923602554994204
17.0,4.0,0,-228.61326891183853,,0,
18.0,4.0,0,-249.76233838149346,,0,
19.0,4.0,0,-269.59756364044733,,0,
20.0,4.0,0,-291.9176384829916,-166.041975,1,125.8756634829916
21.0,4.0,0,-317.83681712904945,,0,
22.0,4.0,0,-347.1271947979112,,0,
23.0,4.0,0,-377.9801599092316,,0,
24.0,4.0,0,-407.76885934965685,-451.497888,1,-43.72902865034314
25.0,4.0,0,-433.2665065098554,,0,
26.0,4.0,0,-453.5713021000847,,0,
27.0,4.0,0,-467.1756281880662,,0,
28.0,4.0,0,-472.0679688495584,-560.592405,1,-88.5244361504416
29.0,4.0,0,-466.59370207460597,,0,
30.0,4.0,0,-450.02508046722505,,0,
31.0,4.0,0,-424.61455396551173,,0,
32.0,4.0,0,-392.8374373866245,-456.554188,1,-63.716750613375496
33.0,4.0,0,-355.9625645582564,,0,
34.0,4.0,0,-319.1846241920721,,0,
35.0,4.0,0,-288.3374177395599,,0,
36.0,4.0,0,-268.01197998039424,-90.977162,1,177.03481798039422
37.0,4.0,0,-259.7076828661375,,0,
38.0,4.0,0,-263.5221076059388,,0,
39.0,4.0,0,-279.10326516837813,,0,
40.0,4.0,0,-305.53438328392804,-303.360548,1,2.1738352839280424
41.0,4.0,0,-341.33161035133526,,0,
42.0,4.0,0,-384.30350379575975,,0,
43.0,4.0,0,-432.05499089416116,,0,
44.0,4.0,0,-482.0450876359828,-553.552542,1,-71.50745436401724
45.0,4.0,0,-530.4212785856798,,0,
46.0,4.0,0,-576.1140416222624,,0,
47.0,4.0,0,-616.9135103102599,,0,
48.0,4.0,0,-651.4497697458137,-698.32284,1,-46.87307025418636
49.0,4.0,0,-679.1334396228194,,0,
50.0,4.0,0,-698.681366191362,,0,
51.0,4.0,0,-707.7356197508925,,0,
52.0,4.0,0,-704.9450433873571,-845.953879,1,-141.00883561264288
53.0,4.0,0,-693.2628857607488,,0,
54.0,4.0,0,-675.8094866541796,,0,
55.0,4.0,0,-654.0923117296188,,0,
56.0,4.0,0,-628.5471993410029,-601.726968,1,26.820231341002795
57.0,4.0,0,-599.4391193143092,,0,
58.0,4.0,0,-566.343774523586,,0,
59.0,4.0,0,-528.5801059637452,,0,
60.0,4.0,0,-486.1247985106893,-508.897726,1,-22.77292748931069
61.0,4.0,0,-439.05953153432347,,0,
62.0,4.0,0,-388.5091538540437,,0,
63.0,4.0,0,-335.23446336749475,,0,
64.0,4.0,0,-280.25918905902654,-230.046768,1,50.21242105902655
65.0,4.0,0,-225.8795420115348,,0,
66.0,4.0,0,-170.9984860556433,,0,
67.0,4.0,0,-110.98853475984652,,0,
68.0,4.0,0,-41.93838676530868,1.264026,1,43.20241276530868
69.0,4.0,0,37.17931138863787,,0,
70.0,4.0,3,126.56262035376858,,0,
71.0,4.0,3,221.4106512912549,,0,
72.0,4.0,3,313.7810177752981,249.287608,1,-64.49340977529809
73.0,4.0,3,393.8687194925733,,0,
74.0,4.0,3,446.52256018447224,,0,
75.0,4.0,3,459.33400939792045,,0,
76.0,4.0,3,428.7904243033845,534.661096,1,105.87067169661555
77.0,4.0,3,362.4653503873851,,0,
78.0,4.0,3,271.82166915826383,,0,
79.0,4.0,3,169.7740729037614,,0,
80.0,4.0,3,67.82226794445887,-93.747729,1,-161.56999694445886
81.0,4.0,3,-27.437811480136588,,0,
82.0,4.0,3,-111.42378935508896,,0,
83.0,4.0,3,-180.67523087679,,0,
84.0,4.0,3,-234.08484352147207,-386.881418,1,-152.79657447852793
85.0,4.0,3,-272.8028780827299,,0,
86.0,4.0,3,-298.23240284327767,,0,
87.0,4.0,3,-315.35980383111746,,0,
88.0,4.0,3,-329.23718525632285,-446.236615,1,-116.99942974367713
89.0,4.0,3,-343.1850523534231,,0,
90.0,4.0,3,-358.13572296552593,,0,
91.0,4.0,3,-372.55368208473374,,0,
92.0,4.0,3,-383.00982837262563,-471.466115,1,-88.45628662737437
93.0,4.0,3,-385.1464964252664,,0,
94.0,4.0,3,-380.4916371101863,,0,
95.0,4.0,3,-370.9371357706841,,0,
96.0,4.0,3,-359.4889981232118,-411.714047,1,-52.22504887678821
97.0,4.0,3,-350.42214292509016,,0,
98.0,4.0,3,-347.30490550608374,,0,
99.0,4.0,3,-350.13636161341856,,0,
100.0,4.0,3,-357.42599967028946,-516.903612,1,-159.4776123297105
101.0,4.0,3,-366.91915986605454,,0,
102.0,4.0,3,-377.30918166815536,,0,
103.0,4.0,3,-392.0436639414402,,0,
104.0,4.0,3,-414.90387742075836,-181.268461,1,233.63541642075836
105.0,4.0,3,-445.4439885930042,,0,
106.0,4.0,3,-481.1681431782199,,0,
107.0,4.0,3,-515.1968520094233,,0,
108.0,4.0,3,-541.0329217490507,-685.88541,1,-144.85248825094925
109.0,4.0,3,-556.4979462811025,,0,
110.0,4.0,3,-561.7781292354921,,0,
111.0,4.0,3,-559.227430809522,,0,
112.0,4.0,3,-552.5314267930225,-436.763768,1,115.76765879302252
113.0,4.0,3,-542.8340158828069,,0,
114.0,4.0,3,-529.8451832845167,,0,
115.0,4.0,3,-511.82293131470215,,0,
116.0,4.0,3,-486.2390008168877,-635.125215,1,-148.88621418311232
117.0,4.0,3,-454.1962169931503,,0,
118.0,4.0,3,-417.9148684901884,,0,
119.0,4.0,3,-380.8567942319205,,0,
120.0,4.0,3,-346.96598503162386,-189.371493,1,157.59449203162387
121.0,4.0,3,-320.1101440444327,,0,
122.0,4.0,3,-293.5854628647794,,0,
123.0,4.0,3,-262.8173248876701,,0,
124.0,4.0,3,-227.8440855051158,-64.045324,1,163.7987615051158
125.0,4.0,3,-193.21753412100952,,0,
126.0,4.0,3,-155.6945066754124,,0,
127.0,4.0,3,-115.30470452853478,,0,
128.0,4.0,3,-76.30734545559972,110.573413,1,186.88075845559973
129.0,4.0,3,-47.845526956254616,,0,
130.0,4.0,3,-29.452540368190967,,0,
131.0,4.0,3,-20.812743033049628,,0,
132.0,4.0,1,-21.943058039585594,114.887707,1,136.8307650395856
133.0,4.0,1,-29.794903724221513,,0,
134.0,4.0,1,-41.843188817147166,,0,
135.0,4.0,1,-57.430480879498646,,0,
136.0,4.0,1,-77.39475967240287,-203.484901,1,-126.09014132759714
137.0,4.0,1,-103.45890076155774,,0,
138.0,4.0,1,-136.11648191313725,,0,
139.0,4.0,1,-173.2566517496016,,0,
140.0,4.0,1,-208.42655048251618,-490.761051,1,-282.33450051748383
141.0,4.0,1,-229.1447078238707,,0,
142.0,4.0,1,-236.03798507270403,,0,
143.0,4.0,1,-226.0269075431861,,0,
144.0,4.0,1,-199.06082942080684,-362.403101,1,-163.34227157919315
145.0,4.0,1,-163.19523881620262,,0,
146.0,4.0,1,-126.49922612681985,,0,
147.0,4.0,1,-95.3460527213756,,0,
148.0,4.0,1,-75.13441484840587,-145.059879,1,-69.92546415159413
149.0,4.0,1,-69.54539483517874,,0,
150.0,4.0,1,-81.86932528170291,,0,
151.0,4.0,1,-116.01803845493123,,0,
152.0,4.0,1,-173.16144057456404,-32.550694,1,140.61074657456405
153.0,4.0,1,-245.5340126226656,,0,
154.0,4.0,1,-324.7538175696973,,0,
155.0,4.0,1,-405.61982934142,,0,
156.0,4.0,1,-483.0203680358827,-596.03716,1,-113.01679196411726
157.0,4.0,1,-550.3333631899441,,0,
158.0,4.0,1,-606.919078402454,,0,
159.0,4.0,1,-650.841652734438,,0,
160.0,4.0,1,-679.0496843510773,-876.725123,1,-197.67543864892275
161.0,4.0,1,-686.154146305751,,0,
162.0,4.0,1,-677.5238180926535,,0,
163.0,4.0,1,-656.2401949826162,,0,
164.0,4.0,1,-623.3107923895586,-706.281823,1,-82.9710306104414
165.0,4.0,1,-577.4176849757787,,0,
166.0,4.0,1,-521.872409734875,,0,
167.0,4.0,1,-462.2040896238759,,0,
168.0,4.0,1,-403.90461364772636,-160.95765,1,242.94696364772636
169.0,4.0,1,-352.16660643578507,,0,
170.0,4.0,2,-311.70750739611685,,0,
171.0,4.0,2,-287.2068721287651,,0,
172.0,4.0,2,-281.35288064414635,-214.435663,1,66.91721764414635
173.0,4.0,2,-289.5286925151013,,0,
174.0,4.0,2,-305.27549156639725,,0,
175.0,4.0,2,-324.79237579833716,,0,
176.0,4.0,2,-344.17067119455896,-463.89431,1,-119.72363880544106
177.0,4.0,2,-358.00581915164366,,0,
178.0,4.0,2,-367.3579391888343,,0,
179.0,4.0,2,-372.1247806258034,,0,
180.0,4.0,2,-372.62429812783375,-419.837416,1,-47.213117872166265
181.0,4.0,2,-369.64810828864574,,0,
182.0,4.0,2,-366.64574301382527,,0,
183.0,4.0,2,-365.7164194704965,,0,
184.0,4.0,2,-367.47858263982926,-405.810432,1,-38.331849360170736
185.0,4.0,2,-371.73824102059007,,0,
186.0,4.0,2,-378.3857134489808,,0,
187.0,4.0,2,-386.82903733314015,,0,
188.0,4.0,2,-394.1298228648957,-282.285261,1,111.8445618648957
189.0,4.0,2,-394.18644513981417,,0,
190.0,4.0,2,-382.30682723224163,,0,
191.0,4.0,2,-358.9155529970303,,0,
192.0,4.0,2,-326.6670164496172,-279.528068,1,47.1389484496172
193.0,4.0,2,-288.9879910526797,,0,
194.0,4.0,2,-246.34843272902071,,0,
195.0,4.0,2,-198.73178945248947,,0,
196.0,4.0,2,-146.74394212383777,-349.476358,1,-202.73241587616224
197.0,4.0,2,-92.62379887653515,,0,
198.0,4.0,2,-39.949079061392695,,0,
199.0,4.0,2,3.8956059524789453,,0,
0.0,5.0,0,433.09676302131265,,0,
1.0,5.0,0,437.2767056338489,,0,
2.0,5.0,0,444.18510854337364,,0,
3.0,5.0,0,449.76815181126585,511.678097,1,61.90994518873413
4.0,5.0,0,447.6132603478618,,0,
5.0,5.0,0,434.60145999118686,,0,
6.0,5.0,0,408.1597400987521,,0,
7.0,5.0,0,367.73868571873754,340.85417,1,-26.884515718737532
8.0,5.0,0,314.9245544509031,,0,
9.0,5.0,0,252.32713953452185,,0,
10.0,5.0,0,182.61640383815393,,0,
11.0,5.0,0,110.19371203839546,3.77773,1,-106.41598203839546
12.0,5.0,0,41.064749990124255,,0,
13.0,5.0,0,-24.01454463414848,,0,
14.0,5.0,0,-82.14807757479139,,0,
15.0,5.0,0,-130.40549559495412,-218.722695,1,-88.31719940504587
16.0,5.0,0,-169.03769048396498,,0,
17.0,5.0,0,-199.6266297623515,,0,
18.0,5.0,0,-225.19174589659087,,0,
19.0,5.0,0,-249.35810767207295,-179.443084,1,69.91502367207295
20.0,5.0,0,-276.1496096746996,,0,
21.0,5.0,0,-305.2329517346807,,0,
22.0,5.0,0,-336.1591726130573,,0,
23.0,5.0,0,-367.58145493722986,-401.438649,1,-33.857194062770134
24.0,5.0,0,-397.28114160406403,,0,
25.0,5.0,0,-422.9759290693328,,0,
26.0,5.0,0,-443.45091786654666,,0,
27.0,5.0,0,-457.2980818900978,-491.182171,1,-33.88408910990216
28.0,5.0,0,-461.8114773449488,,0,
29.0,5.0,0,-455.8169738682918,,0,
30.0,5.0,0,-438.8457131725736,,0,
31.0,5.0,0,-412.40200123237446,-532.115218,1,-119.71321676762557
32.0,5.0,0,-378.476829159772,,0,
33.0,5.0,0,-339.11990182939917,,0,
34.0,5.0,0,-298.72985878563486,,0,
35.0,5.0,0,-263.23651096591493,-210.014272,1,53.222238965914926
36.0,5.0,0,-238.2602143883705,,0,
37.0,5.0,0,-224.81515249144286,,0,
38.0,5.0,0,-223.65600716258632,,0,
39.0,5.0,0,-235.05018504941836,-121.394036,1,113.65614904941836
40.0,5.0,0,-257.00741078867577,,0,
41.0,5.0,0,-287.3878358239308,,0,
42.0,5.0,0,-324.3543355972506,,0,
43.0,5.0,0,-365.9480062278453,-392.649269,1,-26.701262772154678
44.0,5.0,0,-409.9680861895904,,0,
45.0,5.0,0,-454.4320144453086,,0,
46.0,5.0,0,-498.47741978545673,,0,
47.0,5.0,0,-540.5210922248662,-550.705665,1,-10.184572775133802
48.0,5.0,0,-578.6779556951951,,0,
49.0,5.0,0,-611.7007562415674,,0,
50.0,5.0,0,-637.2751291821478,,0,
51.0,5.0,0,-651.8067707519513,-813.100679,1,-161.29390824804875
52.0,5.0,0,-651.5996903202031,,0,
53.0,5.0,0,-642.2057350396644,,0,
54.0,5.0,0,-626.355627122859,,0,
55.0,5.0,0,-604.9081304242718,-634.683314,1,-29.775183575728192
56.0,5.0,0,-579.0134668876417,,0,
57.0,5.0,0,-550.7087439415045,,0,
58.0,5.0,0,-520.379121919279,,0,
59.0,5.0,0,-487.34777113597374,-486.907401,1,0.4403701359737511
60.0,5.0,0,-450.9775799845811,,0,
61.0,5.0,0,-411.2815875231754,,0,
62.0,5.0,0,-369.0969028673717,,0,
63.0,5.0,0,-325.3792668657261,-256.171319,1,69.20794786572611
64.0,5.0,0,-281.2291210060939,,0,
65.0,5.0,0,-237.33114809007384,,0,
66.0,5.0,0,-191.7158297697315,,0,
67.0,5.0,0,-140.1863070348918,-55.504049,1,84.68225803489179
68.0,5.0,0,-78.6603419103194,,0,
69.0,5.0,0,-4.74144655931741,,0,
70.0,5.0,3,81.04540570027893,,0,
71.0,5.0,3,173.23365855496377,-20.97952,1,-194.21317855496378
72.0,5.0,3,263.27167326118797,,0,
73.0,5.0,3,340.7950953312684,,0,
74.0,5.0,3,392.87575858598575,,0,
75.0,5.0,3,407.6735648322792,585.508702,1,177.83513716772075
76.0,5.0,3,378.75044938200153,,0,
77.0,5.0,3,315.06970660656225,,0,
78.0,5.0,3,227.360035576683,,0,
79.0,5.0,3,128.16670371920918,5.017362,1,-123.14934171920918
80.0,5.0,3,30.991069875191897,,0,
81.0,5.0,3,-59.16516744112596,,0,
82.0,5.0,3,-137.2161146303988,,0,
83.0,5.0,3,-198.72464396539726,-293.100989,1,-94.37634503460276
84.0,5.0,3,-241.9270730682183,,0,
85.0,5.0,3,-271.13140851270873,,0,
86.0,5.0,3,-289.5924633879913,,0,
87.0,5.0,3,-301.33661120626493,-320.372865,1,-19.036253793735057
88.0,5.0,3,-311.5751350116916,,0,
89.0,5.0,3,-324.7136484961957,,0,
90.0,5.0,3,-341.1603601645329,,0,
91.0,5.0,3,-357.48326326318784,-390.502309,1,-33.01904573681219
92.0,5.0,3,-368.7500038025901,,0,
93.0,5.0,3,-371.55004544206895,,0,
94.0,5.0,3,-366.73937069508247,,0,
95.0,5.0,3,-357.1890635538148,-366.495217,1,-9.306153446185249
96.0,5.0,3,-346.28313910076395,,0,
97.0,5.0,3,-338.250537883956,,0,
98.0,5.0,3,-336.1044704444939,,0,
99.0,5.0,3,-340.28525316755986,-334.077201,1,6.208052167559856
100.0,5.0,3,-349.4518425905844,,0,
101.0,5.0,3,-361.4104942578706,,0,
102.0,5.0,3,-375.53782155917725,,0,
103.0,5.0,3,-394.9616284284275,-237.873867,1,157.0877614284275
104.0,5.0,3,-425.66976069041993,,0,
105.0,5.0,3,-464.06619068281725,,0,
106.0,5.0,3,-506.11068158954004,,0,
107.0,5.0,3,-545.5392124431673,-634.021944,1,-88.48273155683262
108.0,5.0,3,-574.8017187716905,,0,
109.0,5.0,3,-592.9426187828067,,0,
110.0,5.0,3,-600.5648442753591,,0,
111.0,5.0,3,-600.7108061503386,-498.738232,1,101.97257415033863
112.0,5.0,3,-598.3483755704947,,0,
113.0,5.0,3,-592.0089398022392,,0,
114.0,5.0,3,-580.494130181818,,0,
115.0,5.0,3,-562.1173736570345,-745.767599,1,-183.65022534296554
116.0,5.0,3,-532.3499378570996,,0,
117.0,5.0,3,-495.75859172898345,,0,
118.0,5.0,3,-455.27999968407676,,0,
119.0,5.0,3,-414.59816723736003,-360.126708,1,54.47145923736002
120.0,5.0,3,-377.89466307888506,,0,
121.0,5.0,3,-346.8851636539039,,0,
122.0,5.0,3,-317.0247117858962,,0,
123.0,5.0,3,-283.39080095035024,-315.1406,1,-31.749799049649766
124.0,5.0,3,-246.56762431719108,,0,
125.0,5.0,3,-208.8440583210322,,0,
126.0,5.0,3,-169.47074056247948,,0,
127.0,5.0,3,-128.90316184738185,154.516023,1,283.41918484738187
128.0,5.0,3,-91.24313487362815,,0,
129.0,5.0,3,-62.13687177596148,,0,
130.0,5.0,3,-42.680663231003564,,0,
131.0,5.0,3,-32.45899412618019,147.828265,1,180.28725912618017
132.0,5.0,1,-33.72167202841956,,0,
133.0,5.0,1,-40.49420711986022,,0,
134.0,5.0,1,-50.16887388355099,,0,
135.0,5.0,1,-61.74870449863374,-97.230791,1,-35.482086501366254
136.0,5.0,1,-75.39858639473096,,0,
137.0,5.0,1,-94.5445439144969,,0,
138.0,5.0,1,-121.32158264052123,,0,
139.0,5.0,1,-154.22052772156894,-419.584519,1,-265.36399127843106
140.0,5.0,1,-187.48520364571596,,0,
141.0,5.0,1,-213.3422568963142,,0,
142.0,5.0,1,-226.28135068551637,,0,
143.0,5.0,1,-219.23615179536864,-507.32273,1,-288.08657820463134
144.0,5.0,1,-190.31018756248523,,0,
145.0,5.0,1,-153.1473749722354,,0,
146.0,5.0,1,-115.2639630374033,,0,
147.0,5.0,1,-82.47600934270304,-50.263871,1,32.212138342703035
148.0,5.0,1,-60.416257091099396,,0,
149.0,5.0,1,-51.99107021745294,,0,
150.0,5.0,1,-60.159664905047975,,0,
151.0,5.0,1,-89.17221788060851,227.454103,1,316.62632088060855
152.0,5.0,1,-144.76332467608154,,0,
153.0,5.0,1,-215.03896570228972,,0,
154.0,5.0,1,-292.68740102718584,,0,
155.0,5.0,1,-372.74277730775066,-425.556834,1,-52.81405669224932
156.0,5.0,1,-450.1149769721087,,0,
157.0,5.0,1,-519.9738105519209,,0,
158.0,5.0,1,-579.90538466,,0,
159.0,5.0,1,-627.4581046167295,-869.466021,1,-242.0079163832704
160.0,5.0,1,-659.5925356743392,,0,
161.0,5.0,1,-673.126757587539,,0,
162.0,5.0,1,-669.5032039894722,,0,
163.0,5.0,1,-651.4806281626225,-639.474539,1,12.006089162622402
164.0,5.0,1,-620.4816801515408,,0,
165.0,5.0,1,-577.2231158193899,,0,
166.0,5.0,1,-524.5554925277829,,0,
167.0,5.0,1,-466.52508185151964,-495.686903,1,-29.16182114848033
168.0,5.0,1,-407.0296479490353,,0,
169.0,5.0,1,-351.32058093184605,,0,
170.0,5.0,2,-303.9714867398143,,0,
171.0,5.0,2,-269.7863102420233,-58.180375,1,211.60593524202332
172.0,5.0,2,-254.7680006546434,,0,
173.0,5.0,2,-251.84555386495776,,0,
174.0,5.0,2,-255.89532631088514,,0,
175.0,5.0,2,-263.60640547517687,-255.240805,1,8.365600475176876
176.0,5.0,2,-271.7061403027037,,0,
177.0,5.0,2,-277.4219312167261,,0,
178.0,5.0,2,-280.93465648428537,,0,
179.0,5.0,2,-282.5487635729369,-90.068265,1,192.48049857293688
180.0,5.0,2,-282.3433663956821,,0,
181.0,5.0,2,-281.55318392813206,,0,
182.0,5.0,2,-284.11480643437244,,0,
183.0,5.0,2,-293.7224762374535,-280.551353,1,13.171123237453514
184.0,5.0,2,-308.74970795121044,,0,
185.0,5.0,2,-326.1331127693411,,0,
186.0,5.0,2,-344.0963879558258,,0,
187.0,5.0,2,-361.23151449719444,-272.862661,1,88.36885349719444
188.0,5.0,2,-375.559659818653,,0,
189.0,5.0,2,-380.0755350003019,,0,
190.0,5.0,2,-370.8766350254882,,0,
191.0,5.0,2,-348.1360029382631,-167.04769,1,181.08831293826313
192.0,5.0,2,-314.66264061129186,,0,
193.0,5.0,2,-273.86550549278036,,0,
194.0,5.0,2,-227.46547570684925,,0,
195.0,5.0,2,-175.62036445271224,-242.1875,1,-66.56713554728776
196.0,5.0,2,-118.2262686486356,,0,
197.0,5.0,2,-60.707293234881945,,0,
198.0,5.0,2,-10.50978057924658,,0,
199.0,5.0,2,25.871376091148704,325.610864,1,299.7394879088513
0.0,6.0,0,394.25163281848654,,0,
1.0,6.0,0,396.10710089374334,,0,
2.0,6.0,0,403.83817893173546,329.164381,1,-74.67379793173546
3.0,6.0,0,412.3428259754437,,0,
4.0,6.0,0,414.9864795403555,,0,
5.0,6.0,0,407.0395002341829,,0,
6.0,6.0,0,385.6675907333847,488.921369,1,103.25377826661531
7.0,6.0,0,351.4594556153752,,0,
8.0,6.0,0,306.2533151470125,,0,
9.0,6.0,0,252.1313206953928,,0,
10.0,6.0,0,191.7594906114973,157.579066,1,-34.1804246114973
11.0,6.0,0,129.36549405683763,,0,
12.0,6.0,0,67.81834207009524,,0,
13.0,6.0,0,8.502280531451106,,0,
14.0,6.0,0,-46.34708264213987,-149.653174,1,-103.30609135786014
15.0,6.0,0,-92.77162662579212,,0,
16.0,6.0,0,-132.65348383318633,,0,
17.0,6.0,0,-167.3812215635553,,0,
18.0,6.0,0,-198.71309681865387,-220.181134,1,-21.46803718134612
19.0,6.0,0,-228.57327881734818,,0,
20.0,6.0,0,-258.94597845338285,,0,
21.0,6.0,0,-290.28395844623446,,0,
22.0,6.0,0,-322.282194823958,-287.031044,1,35.25115082395797
23.0,6.0,0,-353.64716879697517,,0,
24.0,6.0,0,-382.617985146353,,0,
25.0,6.0,0,-407.48015238018706,,0,
26.0,6.0,0,-426.92179562244564,-409.957431,1,16.964364622445657
27.0,6.0,0,-439.8057799714152,,0,
28.0,6.0,0,-443.8786816028878,,0,
29.0,6.0,0,-437.2531406516209,,0,
30.0,6.0,0,-418.82918727002107,-634.875658,1,-216.04647072997898
31.0,6.0,0,-390.7397225757595,,0,
32.0,6.0,0,-355.1508079508785,,0,
33.0,6.0,0,-313.8154332479462,,0,
34.0,6.0,0,-270.5464408022817,-329.865368,1,-59.31892719771827
35.0,6.0,0,-232.05372379976325,,0,
36.0,6.0,0,-203.4611045573838,,0,
37.0,6.0,0,-186.2962660419289,,0,
38.0,6.0,0,-181.0930801013019,-85.54626,1,95.54682010130189
39.0,6.0,0,-189.1048034634441,,0,
40.0,6.0,0,-206.48829505452886,,0,
41.0,6.0,0,-231.12283689063042,,0,
42.0,6.0,0,-261.7055917615071,-224.588886,1,37.11670576150709
43.0,6.0,0,-296.5946296795737,,0,
44.0,6.0,0,-334.21262895525433,,0,
45.0,6.0,0,-374.04961399547756,,0,
46.0,6.0,0,-416.1686321548186,-385.954208,1,30.21442415481863
47.0,6.0,0,-458.29714923002757,,0,
48.0,6.0,0,-498.37956155557185,,0,
49.0,6.0,0,-534.829522066284,,0,
50.0,6.0,0,-564.3345692988951,-634.546445,1,-70.21187570110487
51.0,6.0,0,-581.3743178258301,,0,
52.0,6.0,0,-585.2841814239509,,0,
53.0,6.0,0,-579.2208045104053,,0,
54.0,6.0,0,-565.9010988835362,-645.35538,1,-79.45428111646379
55.0,6.0,0,-545.3846295353724,,0,
56.0,6.0,0,-521.0304454932921,,0,
57.0,6.0,0,-495.3618332222104,,0,
58.0,6.0,0,-469.5835554432124,-407.239214,1,62.344341443212386
59.0,6.0,0,-442.56847084255423,,0,
60.0,6.0,0,-413.2782094136346,,0,
61.0,6.0,0,-381.8379729441367,,0,
62.0,6.0,0,-349.11270322074415,-336.127238,1,12.985465220744175
63.0,6.0,0,-315.8839702858677,,0,
64.0,6.0,0,-282.9302629560698,,0,
65.0,6.0,0,-250.1502589478623,,0,
66.0,6.0,0,-215.153389030369,-222.920517,1,-7.767127969630991
67.0,6.0,0,-173.54813824678422,,0,
68.0,6.0,0,-120.65972758829594,,0,
69.0,6.0,0,-52.5202479918953,,0,
70.0,6.0,3,30.686112085502828,-156.439903,1,-187.12601508550281
71.0,6.0,3,121.15676214866107,,0,
72.0,6.0,3,209.2500331089832,,0,
73.0,6.0,3,284.97062819241546,,0,
74.0,6.0,3,336.60966524574906,443.941701,1,107.33203575425097
75.0,6.0,3,351.47981627998524,,0,
76.0,6.0,3,326.6737640107749,,0,
77.0,6.0,3,267.25127131072804,,0,
78.0,6.0,3,183.73396299140586,166.287622,1,-17.44634099140586
79.0,6.0,3,89.64968854590552,,0,
80.0,6.0,3,-2.70418038405478,,0,
81.0,6.0,3,-86.42857824265957,,0,
82.0,6.0,3,-156.42450209218077,-266.075021,1,-109.65051890781922
83.0,6.0,3,-206.95506761362776,,0,
84.0,6.0,3,-239.97964256291743,,0,
85.0,6.0,3,-259.78811883879825,,0,
86.0,6.0,3,-270.8274957718677,-338.981163,1,-68.15366722813229
87.0,6.0,3,-276.5907035956334,,0,
88.0,6.0,3,-283.935687118792,,0,
89.0,6.0,3,-297.64415055932477,,0,
90.0,6.0,3,-317.6774098954047,-260.881717,1,56.79569289540473
91.0,6.0,3,-337.55870224846876,,0,
92.0,6.0,3,-350.7571606321726,,0,
93.0,6.0,3,-354.1648862947477,,0,
94.0,6.0,3,-348.9416507401329,-338.491127,1,10.450523740132894
95.0,6.0,3,-338.7962197025772,,0,
96.0,6.0,3,-327.6680293182144,,0,
97.0,6.0,3,-319.99844075820874,,0,
98.0,6.0,3,-319.1938848173304,-241.334675,1,77.8592098173304
99.0,6.0,3,-325.6643363557814,,0,
100.0,6.0,3,-338.08568636968266,,0,
101.0,6.0,3,-354.36557439458556,,0,
102.0,6.0,3,-373.7729800498928,-397.625634,1,-23.852653950107197
103.0,6.0,3,-399.9829053307767,,0,
104.0,6.0,3,-436.4552824079292,,0,
105.0,6.0,3,-481.0893671113299,,0,
106.0,6.0,3,-528.8567565501726,-497.185663,1,31.6710935501726
107.0,6.0,3,-572.6910662207229,,0,
108.0,6.0,3,-606.1861156566301,,0,
109.0,6.0,3,-626.9983704038896,,0,
110.0,6.0,3,-636.1770665423246,-607.365869,1,28.811197542324635
111.0,6.0,3,-638.1672912391368,,0,
112.0,6.0,3,-636.8373814324732,,0,
113.0,6.0,3,-631.0896390983253,,0,
114.0,6.0,3,-617.8588010037201,-824.912947,1,-207.05414599627989
115.0,6.0,3,-596.352197807777,,0,
116.0,6.0,3,-565.7531598121277,,0,
117.0,6.0,3,-527.7615490962053,,0,
118.0,6.0,3,-484.8684898033389,-580.996428,1,-96.12793819666115
119.0,6.0,3,-442.2245287017431,,0,
120.0,6.0,3,-404.33141794707626,,0,
121.0,6.0,3,-372.25926329230424,,0,
122.0,6.0,3,-342.4062725006661,-461.194791,1,-118.78851849933392
123.0,6.0,3,-308.4523396870354,,0,
124.0,6.0,3,-271.85661747289123,,0,
125.0,6.0,3,-233.75347129272996,,0,
126.0,6.0,3,-194.5177246995736,-193.588015,1,0.9297096995735785
127.0,6.0,3,-155.26908465381712,,0,
128.0,6.0,3,-118.98943838250125,,0,
129.0,6.0,3,-90.02141289960127,,0,
130.0,6.0,3,-71.17713791620918,242.450723,1,313.6278609162092
131.0,6.0,3,-61.17021356662735,,0,
132.0,6.0,1,-58.45031572226435,,0,
133.0,6.0,1,-59.808063742821105,,0,
134.0,6.0,1,-63.056050034821965,-82.603657,1,-19.547606965178034
135.0,6.0,1,-65.73973191529512,,0,
136.0,6.0,1,-67.98225515091326,,0,
137.0,6.0,1,-74.24472434434574,,0,
138.0,6.0,1,-89.26551507087424,-181.535378,1,-92.26986292912576
139.0,6.0,1,-111.84615570108872,,0,
140.0,6.0,1,-138.22183439828223,,0,
141.0,6.0,1,-163.91647121857386,,0,
142.0,6.0,1,-181.4334496522788,-648.60919,1,-467.1757403477212
143.0,6.0,1,-174.9245475656353,,0,
144.0,6.0,1,-152.8000831931131,,0,
145.0,6.0,1,-122.9087327432353,,0,
146.0,6.0,1,-90.41329144279007,47.90611,1,138.31940144279008
147.0,6.0,1,-61.61125284910668,,0,
148.0,6.0,1,-42.15083628264256,,0,
149.0,6.0,1,-35.371574288699776,,0,
150.0,6.0,1,-43.90331484156195,34.488102,1,78.39141684156195
151.0,6.0,1,-72.55679779383354,,0,
152.0,6.0,1,-121.27197097206954,,0,
153.0,6.0,1,-184.0504405486863,,0,
154.0,6.0,1,-255.46844660118222,-247.418265,1,8.050181601182231
155.0,6.0,1,-330.77328590198886,,0,
156.0,6.0,1,-405.1344889421016,,0,
157.0,6.0,1,-474.41817756043747,,0,
158.0,6.0,1,-535.6531553574605,-597.946837,1,-62.29368164253947
159.0,6.0,1,-585.2401911758352,,0,
160.0,6.0,1,-621.6706961701857,,0,
161.0,6.0,1,-641.812509494368,,0,
162.0,6.0,1,-643.9122670164797,-809.775653,1,-165.8633859835203
163.0,6.0,1,-630.2447320789797,,0,
164.0,6.0,1,-603.0764153306372,,0,
165.0,6.0,1,-564.0907649393776,,0,
166.0,6.0,1,-515.642577860388,-418.868252,1,96.77432586038799
167.0,6.0,1,-460.4262260852847,,0,
168.0,6.0,1,-401.8024341400014,,0,
169.0,6.0,2,-344.3923424410168,,0,
170.0,6.0,2,-293.0410622104537,-176.386403,1,116.65465921045367
171.0,6.0,2,-252.58913879806641,,0,
172.0,6.0,2,-226.18659509182908,,0,
173.0,6.0,2,-210.7292281371192,,0,
174.0,6.0,2,-202.0380765631562,-268.1251,1,-66.08702343684377
175.0,6.0,2,-197.5805124975741,,0,
176.0,6.0,2,-194.9747948978329,,0,
177.0,6.0,2,-192.88618658552878,,0,
178.0,6.0,2,-191.86712675914168,165.245786,1,357.1129127591417
179.0,6.0,2,-191.65788864949718,,0,
180.0,6.0,2,-192.20007653860375,,0,
181.0,6.0,2,-194.89168553822674,,0,
182.0,6.0,2,-203.69642767636105,10.40072,1,214.09714767636106
183.0,6.0,2,-225.3048017155379,,0,
184.0,6.0,2,-253.74022738367785,,0,
185.0,6.0,2,-284.46916786627844,,0,
186.0,6.0,2,-314.40562820178457,-273.516258,1,40.88937020178457
187.0,6.0,2,-341.79870247491635,,0,
188.0,6.0,2,-362.52710406295955,,0,
189.0,6.0,2,-371.0189432280604,,0,
190.0,6.0,2,-363.4250317304395,-164.45119,1,198.97384173043952
191.0,6.0,2,-340.34993842896074,,0,
192.0,6.0,2,-304.8124384470284,,0,
193.0,6.0,2,-260.67605445254594,,0,
194.0,6.0,2,-210.88112776074558,-87.196321,1,123.68480676074559
195.0,6.0,2,-155.26773058041,,0,
196.0,6.0,2,-94.70267325593159,,0,
197.0,6.0,2,-35.431011734413914,,0,
198.0,6.0,2,12.663258557673544,343.010103,1,330.34684444232647
199.0,6.0,2,40.90555358445272,,0,
0.0,7.0,0,356.90058295894414,,0,
1.0,7.0,0,355.25295570492744,168.522804,1,-186.73015170492744
2.0,7.0,0,363.44209541822784,,0,
3.0,7.0,0,374.42460666107945,,0,
4.0,7.0,0,381.6381718744524,,0,
5.0,7.0,0,379.3022819175385,474.979634,1,95.67735208246148
6.0,7.0,0,363.37623780523427,,0,
7.0,7.0,0,336.2629636381753,,0,
8.0,7.0,0,299.7222389555536,,0,
9.0,7.0,0,255.49294273089617,264.9387,1,9.445757269103808
10.0,7.0,0,205.78239360149018,,0,
11.0,7.0,0,153.10262565442827,,0,
12.0,7.0,0,99.25132477749139,,0,
13.0,7.0,0,45.69884495250881,9.081249,1,-36.61759595250881
14.0,7.0,0,-5.532014510245062,,0,
15.0,7.0,0,-52.54897515149787,,0,
16.0,7.0,0,-95.75897771632299,,0,
17.0,7.0,0,-135.7615397782065,-99.120561,1,36.6409787782065
18.0,7.0,0,-173.54538169153966,,0,
19.0,7.0,0,-208.9157437768299,,0,
20.0,7.0,0,-242.64600682770833,,0,
21.0,7.0,0,-275.50146552338265,-245.691707,1,29.80975852338264
22.0,7.0,0,-307.8856719797477,,0,
23.0,7.0,0,-338.404606095748,,0,
24.0,7.0,0,-365.82444703555666,,0,
25.0,7.0,0,-388.7437743837945,-314.87759,1,73.86618438379452
26.0,7.0,0,-405.8861281443387,,0,
27.0,7.0,0,-416.1304856783245,,0,
28.0,7.0,0,-418.07570375548676,,0,
29.0,7.0,0,-409.89729090360925,-540.692186,1,-130.79489509639075
30.0,7.0,0,-388.6329782389221,,0,
31.0,7.0,0,-358.57929199864157,,0,
32.0,7.0,0,-321.59500713227317,,0,
33.0,7.0,0,-278.4423647974618,-383.464866,1,-105.0225012025382
34.0,7.0,0,-232.669596204767,,0,
35.0,7.0,0,-192.88689162948867,,0,
36.0,7.0,0,-163.44590217946097,,0,
37.0,7.0,0,-145.58699514437467,-148.095625,1,-2.508629855625344
38.0,7.0,0,-139.55112421541708,,0,
39.0,7.0,0,-144.40599731635302,,0,
40.0,7.0,0,-157.19337721029297,,0,
41.0,7.0,0,-176.18376835389063,-160.147101,1,16.036667353890635
42.0,7.0,0,-200.84152568737045,,0,
43.0,7.0,0,-229.66658571048174,,0,
44.0,7.0,0,-261.4272065118421,,0,
45.0,7.0,0,-296.06430180487223,-169.807067,1,126.25723480487224
46.0,7.0,0,-335.60000106028747,,0,
47.0,7.0,0,-375.8195344803389,,0,
48.0,7.0,0,-415.0763596815523,,0,
49.0,7.0,0,-452.35844273213297,-446.61797,1,5.740472732132957
50.0,7.0,0,-483.203119576443,,0,
51.0,7.0,0,-502.66273653216194,,0,
52.0,7.0,0,-509.5391459679231,,0,
53.0,7.0,0,-506.0782883085776,-718.205912,1,-212.1276236914224
54.0,7.0,0,-494.83722295600455,,0,
55.0,7.0,0,-477.5376345527184,,0,
56.0,7.0,0,-456.91960540646687,,0,
57.0,7.0,0,-435.66403390071355,-358.846686,1,76.81734790071357
58.0,7.0,0,-416.22226079786196,,0,
59.0,7.0,0,-396.24816777018714,,0,
60.0,7.0,0,-374.6184456460178,,0,
61.0,7.0,0,-351.65742608485743,-331.816754,1,19.84067208485743
62.0,7.0,0,-328.5074040836189,,0,
63.0,7.0,0,-305.37766416280647,,0,
64.0,7.0,0,-282.8904006704688,,0,
65.0,7.0,0,-260.98098969785497,-256.697075,1,4.283914697854982
66.0,7.0,0,-236.6179756942438,,0,
67.0,7.0,0,-205.2402098616003,,0,
68.0,7.0,0,-161.13873956166208,,0,
69.0,7.0,0,-98.71821713401005,-297.806931,1,-199.08871386598997
70.0,7.0,0,-17.106926128501073,,0,
71.0,7.0,3,71.28677954821615,,0,
72.0,7.0,3,156.7109114449704,,0,
73.0,7.0,3,230.1590888465289,128.911871,1,-101.24721784652891
74.0,7.0,3,280.43426991044544,,0,
75.0,7.0,3,297.6023120274185,,0,
76.0,7.0,3,277.477632306749,,0,
77.0,7.0,3,222.1696126041934,255.98468,1,33.81506739580661
78.0,7.0,3,142.32214227109216,,0,
79.0,7.0,3,53.16547574553988,,0,
80.0,7.0,3,-32.80729776190128,,0,
81.0,7.0,3,-108.0242558112368,-340.790624,1,-232.76636818876318
82.0,7.0,3,-167.44682849897072,,0,
83.0,7.0,3,-207.67496520112036,,0,
84.0,7.0,3,-230.2929501608014,,0,
85.0,7.0,3,-240.28796908992808,-441.770505,1,-201.48253591007193
86.0,7.0,3,-243.2394623402506,,0,
87.0,7.0,3,-244.4179440793814,,0,
88.0,7.0,3,-250.38457336230204,,0,
89.0,7.0,3,-266.4459678621497,-90.67008,1,175.77588786214972
90.0,7.0,3,-292.20089998614276,,0,
91.0,7.0,3,-316.3899364393001,,0,
92.0,7.0,3,-331.67828860192094,,0,
93.0,7.0,3,-334.7066409685649,-326.936853,1,7.769787968564913
94.0,7.0,3,-328.04863339773146,,0,
95.0,7.0,3,-316.25871563737746,,0,
96.0,7.0,3,-303.9095161478035,,0,
97.0,7.0,3,-295.76244497369044,-239.81664,1,55.94580497369043
98.0,7.0,3,-296.3089868556999,,0,
99.0,7.0,3,-305.3748134327034,,0,
100.0,7.0,3,-321.7840007165796,,0,
101.0,7.0,3,-343.5623611144256,-460.321733,1,-116.75937188557441
102.0,7.0,3,-368.7707422913518,,0,
103.0,7.0,3,-401.99943085189443,,0,
104.0,7.0,3,-444.9535229736357,,0,
105.0,7.0,3,-495.7412964606774,-448.198592,1,47.542704460677385
106.0,7.0,3,-549.1347941961722,,0,
107.0,7.0,3,-597.0938584521064,,0,
108.0,7.0,3,-633.6788022930268,,0,
109.0,7.0,3,-655.8487319748383,-735.554584,1,-79.70585202516168
110.0,7.0,3,-664.6178191485815,,0,
111.0,7.0,3,-666.1116813276894,,0,
112.0,7.0,3,-663.7870688072289,,0,
113.0,7.0,3,-657.0886830858653,-824.361589,1,-167.27290591413464
114.0,7.0,3,-640.2350452802493,,0,
115.0,7.0,3,-615.7640941682621,,0,
116.0,7.0,3,-584.5318856424128,,0,
117.0,7.0,3,-546.916521718842,-695.418244,1,-148.50172228115798
118.0,7.0,3,-502.8913638833328,,0,
119.0,7.0,3,-459.89524633775,,0,
120.0,7.0,3,-422.39625237404834,,0,
121.0,7.0,3,-391.5605215416581,-397.99708,1,-6.436558458341892
122.0,7.0,3,-363.45631963951746,,0,
123.0,7.0,3,-333.12352008448215,,0,
124.0,7.0,3,-299.5904681821121,,0,
125.0,7.0,3,-263.851643789676,-415.580269,1,-151.72862521032397
126.0,7.0,3,-227.02274986932753,,0,
127.0,7.0,3,-190.51673309796024,,0,
128.0,7.0,3,-156.57664683373878,,0,
129.0,7.0,3,-128.70573295117356,41.928143,1,170.63387595117356
130.0,7.0,3,-112.14241791749373,,0,
131.0,7.0,3,-102.02603636460844,,0,
132.0,7.0,1,-94.89594304334605,,0,
133.0,7.0,1,-88.49275056039914,36.982247,1,125.47499756039915
134.0,7.0,1,-82.81007815455087,,0,
135.0,7.0,1,-73.00068533373997,,0,
136.0,7.0,1,-59.116811537591275,,0,
137.0,7.0,1,-46.47769996745046,149.361714,1,195.83941396745047
138.0,7.0,1,-44.16669121256564,,0,
139.0,7.0,1,-49.96516068157507,,0,
140.0,7.0,1,-62.526132368599065,,0,
141.0,7.0,1,-79.29912553762551,-477.895147,1,-398.5960214623745
142.0,7.0,1,-93.16054101474583,,0,
143.0,7.0,1,-95.06763434316963,,0,
144.0,7.0,1,-86.45981384115294,,0,
145.0,7.0,1,-71.55271510512102,-224.675826,1,-153.12311089487898
146.0,7.0,1,-51.036694226786494,,0,
147.0,7.0,1,-32.320145306235645,,0,
148.0,7.0,1,-20.826815472799353,,0,
149.0,7.0,1,-20.668838332407176,121.456313,1,142.12515133240717
150.0,7.0,1,-33.26424298004713,,0,
151.0,7.0,1,-60.348096980014816,,0,
152.0,7.0,1,-101.23002673184965,,0,
153.0,7.0,1,-152.89491852349602,-97.214805,1,55.68011352349602
154.0,7.0,1,-214.35262422426604,,0,
155.0,7.0,1,-281.6203948803013,,0,
156.0,7.0,1,-350.0752806215314,,0,
157.0,7.0,1,-415.2217978811823,-458.080175,1,-42.858377118817714
158.0,7.0,1,-474.485786010162,,0,
159.0,7.0,1,-525.5837433701381,,0,
160.0,7.0,1,-566.4524368969724,,0,
161.0,7.0,1,-593.4749016703572,-737.165172,1,-143.69027032964277
162.0,7.0,1,-601.4115721820854,,0,
163.0,7.0,1,-593.6266092120204,,0,
164.0,7.0,1,-572.2428570797201,,0,
165.0,7.0,1,-539.0215099581401,-521.194875,1,17.826634958140062
166.0,7.0,1,-496.15741686394904,,0,
167.0,7.0,1,-445.1418366243597,,0,
168.0,7.0,1,-388.6571159501327,,0,
169.0,7.0,2,-331.1701153984759,-325.650114,1,5.520001398475927
170.0,7.0,2,-277.5960504892282,,0,
171.0,7.0,2,-231.6478005857207,,0,
172.0,7.0,2,-195.26734670065343,,0,
173.0,7.0,2,-167.8215019700583,-211.73033,1,-43.9088280299417
174.0,7.0,2,-146.8608464228455,,0,
175.0,7.0,2,-131.66085581993684,,0,
176.0,7.0,2,-120.15274704317562,,0,
177.0,7.0,2,-110.93131324462593,-26.017899,1,84.91341424462593
178.0,7.0,2,-106.4291547164321,,0,
179.0,7.0,2,-105.5213928805897,,0,
180.0,7.0,2,-108.33721911185421,,0,
181.0,7.0,2,-116.58981939929072,92.987468,1,209.57728739929073
182.0,7.0,2,-134.52346464246511,,0,
183.0,7.0,2,-165.5071515860036,,0,
184.0,7.0,2,-205.81529046886135,,0,
185.0,7.0,2,-249.3054900080897,-108.168893,1,141.1365970080897
186.0,7.0,2,-291.03370160236955,,0,
187.0,7.0,2,-327.28914111549966,,0,
188.0,7.0,2,-353.7973417227622,,0,
189.0,7.0,2,-365.69153535726946,-434.133817,1,-68.44228164273056
190.0,7.0,2,-358.6403741862159,,0,
191.0,7.0,2,-334.55690139112994,,0,
192.0,7.0,2,-296.86168385948986,,0,
193.0,7.0,2,-249.96654877718538,-145.212145,1,104.75440377718539
194.0,7.0,2,-198.94710330246016,,0,
195.0,7.0,2,-142.62168415845372,,0,
196.0,7.0,2,-82.3822178915143,,0,
197.0,7.0,2,-24.923163330182433,239.757915,1,264.68107833018246
198.0,7.0,2,16.20055381534621,,0,
199.0,7.0,2,41.96942940866575,,0,
0.0,8.0,0,325.1771387341432,100.608673,1,-224.56846573414322
1.0,8.0,0,321.55499793216586,,0,
2.0,8.0,0,326.70051842881367,,0,
3.0,8.0,0,337.69350766274147,,0,
4.0,8.0,0,347.7472073826939,423.69887,1,75.95166261730611
5.0,8.0,0,349.0102949729189,,0,
6.0,8.0,0,339.62038674077485,,0,
7.0,8.0,0,320.46314531902317,,0,
8.0,8.0,0,293.06281561544165,277.826875,1,-15.235940615441677
9.0,8.0,0,259.0454324143939,,0,
10.0,8.0,0,219.9263878853526,,0,
11.0,8.0,0,176.83165046502836,,0,
12.0,8.0,0,130.60321340645896,125.878973,1,-4.724240406458961
13.0,8.0,0,82.5420711246552,,0,
14.0,8.0,0,34.00979829346761,,0,
15.0,8.0,0,-14.29072282742709,,0,
16.0,8.0,0,-62.356158058857545,23.484405,1,85.84056305885754
17.0,8.0,0,-108.94461125601083,,0,
18.0,8.0,0,-152.8405978353694,,0,
19.0,8.0,0,-193.09751229942776,,0,
20.0,8.0,0,-229.85215911112027,-213.038226,1,16.813933111120264
21.0,8.0,0,-264.06783378857654,,0,
22.0,8.0,0,-295.65534076979384,,0,
23.0,8.0,0,-324.14891162654385,,0,
24.0,8.0,0,-349.0102410179097,-249.076177,1,99.93406401790972
25.0,8.0,0,-368.7298582192161,,0,
26.0,8.0,0,-381.9265116751194,,0,
27.0,8.0,0,-387.5778639027849,,0,
28.0,8.0,0,-384.58977920829784,-383.442378,1,1.147401208297822
29.0,8.0,0,-371.430310937576,,0,
30.0,8.0,0,-347.1541285496205,,0,
31.0,8.0,0,-314.3799009108916,,0,
32.0,8.0,0,-275.4210383594036,-470.685461,1,-195.26442264059636
33.0,8.0,0,-228.97817602637224,,0,
34.0,8.0,0,-183.36782014882192,,0,
35.0,8.0,0,-145.19625779008493,,0,
36.0,8.0,0,-117.98395056568552,-140.020799,1,-22.036848434314493
37.0,8.0,0,-102.30980603955686,,0,
38.0,8.0,0,-97.87795712030493,,0,
39.0,8.0,0,-102.01211579237133,,0,
40.0,8.0,0,-111.35740453214385,-275.106316,1,-163.74891146785615
41.0,8.0,0,-125.89294738776516,,0,
42.0,8.0,0,-145.7737980922684,,0,
43.0,8.0,0,-169.97026647231542,,0,
44.0,8.0,0,-197.61565596639412,-97.739994,1,99.87566196639412
45.0,8.0,0,-228.77544655377278,,0,
46.0,8.0,0,-263.59755007037893,,0,
47.0,8.0,0,-299.58298364374787,,0,
48.0,8.0,0,-335.0865730228834,-213.074032,1,122.0125410228834
49.0,8.0,0,-370.9571967506781,,0,
50.0,8.0,0,-401.42069551721215,,0,
51.0,8.0,0,-421.7301498092711,,0,
52.0,8.0,0,-429.48785415198654,-666.610001,1,-237.12214684801347
53.0,8.0,0,-427.3790112481656,,0,
54.0,8.0,0,-418.52235815674067,,0,
55.0,8.0,0,-405.22684759506956,,0,
56.0,8.0,0,-390.11007774830796,-256.941192,1,133.16888574830796
57.0,8.0,0,-375.5543207383598,,0,
58.0,8.0,0,-362.6805395560805,,0,
59.0,8.0,0,-349.9936235817149,,0,
60.0,8.0,0,-336.1487484778627,-355.138664,1,-18.989915522137323
61.0,8.0,0,-321.8079872089147,,0,
62.0,8.0,0,-307.7461665291339,,0,
63.0,8.0,0,-293.9327119514346,,0,
64.0,8.0,0,-280.49216747586615,-202.762603,1,77.72956447586614
65.0,8.0,0,-268.1242412652646,,0,
66.0,8.0,0,-252.51025821035728,,0,
67.0,8.0,0,-229.16740244673565,,0,
68.0,8.0,0,-191.95909719128394,-420.51147,1,-228.55237280871603
69.0,8.0,0,-131.66314117994625,,0,
70.0,8.0,0,-54.071705424343236,,0,
71.0,8.0,3,30.53868436650373,,0,
72.0,8.0,3,112.05911558412481,22.571104,1,-89.48801158412482
73.0,8.0,3,182.85570485057542,,0,
74.0,8.0,3,231.65737568447366,,0,
75.0,8.0,3,250.33407543459907,,0,
76.0,8.0,3,234.18317337194458,433.652139,1,199.4689656280554
77.0,8.0,3,180.91745636519045,,0,
78.0,8.0,3,103.93732207687572,,0,
79.0,8.0,3,19.024462956003845,,0,
80.0,8.0,3,-59.533954029669985,-309.258947,1,-249.72499297033
81.0,8.0,3,-125.256424792693,,0,
82.0,8.0,3,-174.3187988747377,,0,
83.0,8.0,3,-204.1115527205402,,0,
84.0,8.0,3,-215.8930778933718,-494.133722,1,-278.24064410662817
85.0,8.0,3,-215.9846516639227,,0,
86.0,8.0,3,-211.99196498736273,,0,
87.0,8.0,3,-210.5561572846491,,0,
88.0,8.0,3,-217.48136397544295,27.236759,1,244.71812297544295
89.0,8.0,3,-239.88474456263066,,0,
90.0,8.0,3,-269.1176380147226,,0,
91.0,8.0,3,-295.2443870212883,,0,
92.0,8.0,3,-311.34583765419666,-458.539858,1,-147.19402034580332
93.0,8.0,3,-312.44373164049466,,0,
94.0,8.0,3,-303.5564215690829,,0,
95.0,8.0,3,-289.4656237696763,,0,
96.0,8.0,3,-275.34340644819895,-194.441319,1,80.90208744819896
97.0,8.0,3,-266.65704665344674,,0,
98.0,8.0,3,-267.4617957994342,,0,
99.0,8.0,3,-278.47551465418655,,0,
100.0,8.0,3,-298.3484983339149,-349.460284,1,-51.1117856660851
101.0,8.0,3,-324.4048788911314,,0,
102.0,8.0,3,-357.34482135414146,,0,
103.0,8.0,3,-399.32655216770945,,0,
104.0,8.0,3,-450.4276513314544,-361.868383,1,88.5592683314544
105.0,8.0,3,-508.9891615630477,,0,
106.0,8.0,3,-567.1201400078135,,0,
107.0,8.0,3,-617.4820243485738,,0,
108.0,8.0,3,-654.92108012276,-784.919561,1,-129.99848087724
109.0,8.0,3,-675.1724991038209,,0,
110.0,8.0,3,-682.832909298013,,0,
111.0,8.0,3,-682.6947013116296,,0,
112.0,8.0,3,-677.2206700360402,-605.981701,1,71.2389690360402
113.0,8.0,3,-666.752685372252,,0,
114.0,8.0,3,-647.4996081312129,,0,
115.0,8.0,3,-620.604761143215,,0,
116.0,8.0,3,-587.9203214877634,-644.982,1,-57.06167851223654
117.0,8.0,3,-549.3444234880153,,0,
118.0,8.0,3,-507.5705894973944,,0,
119.0,8.0,3,-467.15602194480016,,0,
120.0,8.0,3,-431.9742238423205,-336.025013,1,95.9492108423205
121.0,8.0,3,-404.7090395016712,,0,
122.0,8.0,3,-380.8039046055055,,0,
123.0,8.0,3,-355.6921253829496,,0,
124.0,8.0,3,-326.7065859667491,-411.290371,1,-84.58378503325088
125.0,8.0,3,-295.0592212030897,,0,
126.0,8.0,3,-262.368748807814,,0,
127.0,8.0,3,-230.09109954780433,,0,
128.0,8.0,3,-200.57330342259957,-218.931935,1,-18.358631577400445
129.0,8.0,3,-176.7808672186802,,0,
130.0,8.0,3,-161.1748388602864,,0,
131.0,8.0,3,-150.35903760942165,,0,
132.0,8.0,1,-139.6912900187308,-53.345428,1,86.3458620187308
133.0,8.0,1,-126.90308117424138,,0,
134.0,8.0,1,-109.91801417910028,,0,
135.0,8.0,1,-85.05812711047474,,0,
136.0,8.0,1,-52.48936029244214,226.690941,1,279.18030129244215
137.0,8.0,1,-18.831423467840068,,0,
138.0,8.0,1,8.290175031928811,,0,
139.0,8.0,1,26.27592922083568,,0,
140.0,8.0,1,33.84226420451887,30.491239,1,-3.3510252045188693
141.0,8.0,1,30.812274758238345,,0,
142.0,8.0,1,20.54401762888301,,0,
143.0,8.0,1,9.645610121195205,,0,
144.0,8.0,1,2.7486328368540853,-327.390846,1,-330.1394788368541
145.0,8.0,1,-0.17085942829726264,,0,
146.0,8.0,1,0.5835423412499949,,0,
147.0,8.0,1,2.3157152379280888,,0,
148.0,8.0,1,1.2183491376927122,156.504944,1,155.28659486230728
149.0,8.0,1,-8.37496612709947,,0,
150.0,8.0,1,-24.83022089273436,,0,
151.0,8.0,1,-49.11775749921799,,0,
152.0,8.0,1,-81.76067834324203,-180.226308,1,-98.46562965675795
153.0,8.0,1,-121.01625576498918,,0,
154.0,8.0,1,-169.4383926447481,,0,
155.0,8.0,1,-225.85833757836372,,0,
156.0,8.0,1,-286.15895320416894,-369.336087,1,-83.17713379583108
157.0,8.0,1,-344.58614405663684,,0,
158.0,8.0,1,-400.0535632285755,,0,
159.0,8.0,1,-450.93001971021295,,0,
160.0,8.0,1,-494.8437451417558,-462.960699,1,31.883046141755813
161.0,8.0,1,-526.8160066278651,,0,
162.0,8.0,1,-542.5760543124052,,0,
163.0,8.0,1,-542.6234307298437,,0,
164.0,8.0,1,-528.6948013412766,-600.542972,1,-71.84817065872335
165.0,8.0,1,-502.7676076772623,,0,
166.0,8.0,1,-466.6260733160889,,0,
167.0,8.0,1,-421.08868628530763,,0,
168.0,8.0,1,-367.5661165220663,-315.669913,1,51.89620352206629
169.0,8.0,2,-311.10987545829266,,0,
170.0,8.0,2,-256.52446097740903,,0,
171.0,8.0,2,-206.38368957443163,,0,
172.0,8.0,2,-161.71239634242374,-71.627742,1,90.08465434242375
173.0,8.0,2,-123.57088235160336,,0,
174.0,8.0,2,-92.60643334849738,,0,
175.0,8.0,2,-69.17557314014994,,0,
176.0,8.0,2,-51.67835112870671,-131.077243,1,-79.3988918712933
177.0,8.0,2,-37.61064293899108,,0,
178.0,8.0,2,-29.584599741268903,,0,
179.0,8.0,2,-28.144511733786203,,0,
180.0,8.0,2,-33.749465834582224,-70.147363,1,-36.397897165417774
181.0,8.0,2,-47.65304283145815,,0,
182.0,8.0,2,-73.79846730281133,,0,
183.0,8.0,2,-114.19758882187307,,0,
184.0,8.0,2,-165.82231922447681,-53.499678,1,112.32264122447681
185.0,8.0,2,-220.8493603898678,,0,
186.0,8.0,2,-272.3498537449632,,0,
187.0,8.0,2,-315.5118849731516,,0,
188.0,8.0,2,-346.11622046213597,-416.333649,1,-70.21742853786401
189.0,8.0,2,-359.6513731367886,,0,
190.0,8.0,2,-353.0366228579078,,0,
191.0,8.0,2,-327.76126912329346,,0,
192.0,8.0,2,-288.7074465546757,-261.938492,1,26.7689545546757
193.0,8.0,2,-241.61086302879266,,0,
194.0,8.0,2,-190.78044063504785,,0,
195.0,8.0,2,-136.97784054768272,,0,
196.0,8.0,2,-81.64765360974707,-34.820102,1,46.82755160974707
197.0,8.0,2,-31.249413083773106,,0,
198.0,8.0,2,6.702997694956139,,0,
199.0,8.0,2,32.1759660821408,,0,
0.0,9.0,0,299.4074099031277,,0,
1.0,9.0,0,292.60806764138397,,0,
2.0,9.0,0,293.5616608285345,,0,
3.0,9.0,0,303.0241023977287,255.453379,1,-47.5707233977287
4.0,9.0,0,313.70423470262904,,0,
5.0,9.0,0,318.3517320144456,,0,
6.0,9.0,0,314.5934657943435,,0,
7.0,9.0,0,302.752176694572,316.072931,1,13.32075430542801
8.0,9.0,0,283.7763145202771,,0,
9.0,9.0,0,259.2281573418295,,0,
10.0,9.0,0,229.93611877132207,,0,
11.0,9.0,0,195.92483155848458,229.345786,1,33.42095444151542
12.0,9.0,0,156.86958989978302,,0,
13.0,9.0,0,113.73307523096446,,0,
14.0,9.0,0,67.01183402212337,,0,
15.0,9.0,0,17.20219821948558,100.276794,1,83.07459578051441
16.0,9.0,0,-36.14588421024382,,0,
17.0,9.0,0,-89.1806725935894,,0,
18.0,9.0,0,-138.96765510225669,,0,
19.0,9.0,0,-183.49416394531727,-236.330794,1,-52.83663005468273
20.0,9.0,0,-222.84797882381827,,0,
21.0,9.0,0,-257.6576427000109,,0,
22.0,9.0,0,-287.8635702091269,,0,
23.0,9.0,0,-313.31232830835506,-258.692264,1,54.62006430835504
24.0,9.0,0,-334.6075234801974,,0,
25.0,9.0,0,-349.6726356492145,,0,
26.0,9.0,0,-357.29897744581103,,0,
27.0,9.0,0,-356.65277025057003,-448.160828,1,-91.50805774942995
28.0,9.0,0,-346.93702691968065,,0,
29.0,9.0,0,-327.40645805036183,,0,
30.0,9.0,0,-297.8368757404387,,0,
31.0,9.0,0,-259.56109656021,-381.093528,1,-121.53243143979
32.0,9.0,0,-215.41633867681958,,0,
33.0,9.0,0,-168.6454557608231,,0,
34.0,9.0,0,-125.64786179875955,,0,
35.0,9.0,0,-91.37685293820687,132.010453,1,223.38730593820688
36.0,9.0,0,-68.30358884402085,,0,
37.0,9.0,0,-57.03477911208756,,0,
38.0,9.0,0,-56.22546287253499,,0,
39.0,9.0,0,-62.21094377525151,-212.168723,1,-149.9577792247485
40.0,9.0,0,-69.8874093007762,,0,
41.0,9.0,0,-82.26046158687677,,0,
42.0,9.0,0,-99.732021370437,,0,
43.0,9.0,0,-121.10639029042795,-107.631002,1,13.475388290427958
44.0,9.0,0,-145.75142975058407,,0,
45.0,9.0,0,-173.42599071277073,,0,
46.0,9.0,0,-203.77926352084614,,0,
47.0,9.0,0,-235.08001297479495,65.564034,1,300.64404697479495
48.0,9.0,0,-266.10998643620405,,0,
49.0,9.0,0,-296.4257550420007,,0,
50.0,9.0,0,-323.1250911615789,,0,
51.0,9.0,0,-342.14769495348446,-508.89531,1,-166.74761504651553
52.0,9.0,0,-348.55741700844374,,0,
53.0,9.0,0,-347.25876955071,,0,
54.0,9.0,0,-341.09728692867793,,0,
55.0,9.0,0,-331.9617969500832,-320.326569,1,11.63522795008322
56.0,9.0,0,-322.74049340048805,,0,
57.0,9.0,0,-315.17856211715844,,0,
58.0,9.0,0,-309.4960088985972,,0,
59.0,9.0,0,-304.312166335294,-363.131149,1,-58.81898266470597
60.0,9.0,0,-298.0998545376933,,0,
61.0,9.0,0,-292.3537356443703,,0,
62.0,9.0,0,-287.2759370650165,,0,
63.0,9.0,0,-282.3871172843501,-345.54785,1,-63.160732715649885
64.0,9.0,0,-277.34570845321286,,0,
65.0,9.0,0,-271.3319124013651,,0,
66.0,9.0,0,-260.99352109851316,,0,
67.0,9.0,0,-241.61191785684787,-385.412934,1,-143.80101614315214
68.0,9.0,0,-206.84159020686639,,0,
69.0,9.0,0,-151.07106130645843,,0,
70.0,9.0,0,-77.63325856602751,,0,
71.0,9.0,3,3.5306844932492822,-60.714554,1,-64.24523849324927
72.0,9.0,3,81.80142032913864,,0,
73.0,9.0,3,148.28931927142548,,0,
74.0,9.0,3,194.06796228210442,,0,
75.0,9.0,3,211.59963601338677,423.967362,1,212.3677259866132
76.0,9.0,3,195.69086608005455,,0,
77.0,9.0,3,145.9465076905035,,0,
78.0,9.0,3,72.11775856581517,,0,
79.0,9.0,3,-9.705615091137588,-250.531991,1,-240.82637590886242
80.0,9.0,3,-80.7648287525517,,0,
81.0,9.0,3,-137.91867206076859,,0,
82.0,9.0,3,-177.71310681803152,,0,
83.0,9.0,3,-197.64365069009364,-294.903261,1,-97.25961030990635
84.0,9.0,3,-198.69040414015763,,0,
85.0,9.0,3,-189.65223254603916,,0,
86.0,9.0,3,-180.10848638310563,,0,
87.0,9.0,3,-179.18836506747175,123.563737,1,302.75210206747175
88.0,9.0,3,-191.09203772753244,,0,
89.0,9.0,3,-216.7096907365194,,0,
90.0,9.0,3,-247.58654188970104,,0,
91.0,9.0,3,-272.2478913149098,-540.5918,1,-268.34390868509024
92.0,9.0,3,-285.49040142068407,,0,
93.0,9.0,3,-285.4252825899748,,0,
94.0,9.0,3,-274.68122215778567,,0,
95.0,9.0,3,-257.8490982505027,-262.171011,1,-4.321912749497301
96.0,9.0,3,-241.21860086370725,,0,
97.0,9.0,3,-231.28684498919756,,0,
98.0,9.0,3,-232.34904248651583,,0,
99.0,9.0,3,-245.1614043675363,-243.243215,1,1.9181893675363142
100.0,9.0,3,-268.1154992582742,,0,
101.0,9.0,3,-299.53793851239607,,0,
102.0,9.0,3,-340.52980922034476,,0,
103.0,9.0,3,-392.989244938537,-216.205369,1,176.78387593853702
104.0,9.0,3,-454.3941683206067,,0,
105.0,9.0,3,-520.0224147056579,,0,
106.0,9.0,3,-581.9860713175149,,0,
107.0,9.0,3,-632.2537974613952,-843.459207,1,-211.20540953860484
108.0,9.0,3,-667.1772779410239,,0,
109.0,9.0,3,-685.7783284714678,,0,
110.0,9.0,3,-691.8912815709482,,0,
111.0,9.0,3,-690.3941498648201,-502.390978,1,188.00317186482005
112.0,9.0,3,-682.2953002031427,,0,
113.0,9.0,3,-667.0871596459474,,0,
114.0,9.0,3,-643.7558535561548,,0,
115.0,9.0,3,-613.3627343371627,-581.507284,1,31.855450337162665
116.0,9.0,3,-578.137487356842,,0,
117.0,9.0,3,-540.1263960925862,,0,
118.0,9.0,3,-502.086245950195,,0,
119.0,9.0,3,-466.7417707234854,-238.593391,1,228.1483797234854
120.0,9.0,3,-436.58406715863384,,0,
121.0,9.0,3,-412.95879217382753,,0,
122.0,9.0,3,-393.5861884506885,,0,
123.0,9.0,3,-374.1955690847244,-499.87222,1,-125.67665091527562
124.0,9.0,3,-349.77111964666983,,0,
125.0,9.0,3,-323.10711814346723,,0,
126.0,9.0,3,-295.5452461480163,,0,
127.0,9.0,3,-267.9013300613733,-320.730143,1,-52.8288129386267
128.0,9.0,3,-243.02281942905392,,0,
129.0,9.0,3,-223.45509046706138,,0,
130.0,9.0,3,-209.75609983102186,,0,
131.0,9.0,3,-198.94182359741535,-267.380245,1,-68.43842140258465
132.0,9.0,1,-185.40806874097325,,0,
133.0,9.0,1,-166.85725932137575,,0,
134.0,9.0,1,-139.3915087324276,,0,
135.0,9.0,1,-98.83753908891231,-185.812678,1,-86.9751389110877
136.0,9.0,1,-45.82995093869977,,0,
137.0,9.0,1,11.427913615945727,,0,
138.0,9.0,1,65.70815825543832,,0,
139.0,9.0,1,111.33120459032943,267.41848,1,156.08727540967055
140.0,9.0,1,143.09559585060924,,0,
141.0,9.0,1,156.13374477415346,,0,
142.0,9.0,1,149.28363681974588,,0,
143.0,9.0,1,128.7548405850539,-41.236724,1,-169.9915645850539
144.0,9.0,1,105.43388335779309,,0,
145.0,9.0,1,80.76667452452239,,0,
146.0,9.0,1,57.290909177740104,,0,
147.0,9.0,1,36.40760323021095,-238.058839,1,-274.466442230211
148.0,9.0,1,17.527278139139526,,0,
149.0,9.0,1,-0.8812653732020408,,0,
150.0,9.0,1,-18.86292133689858,,0,
151.0,9.0,1,-37.88514915830456,45.589158,1,83.47430715830455
152.0,9.0,1,-59.86106831394136,,0,
153.0,9.0,1,-86.3492734960746,,0,
154.0,9.0,1,-120.63413695583586,,0,
155.0,9.0,1,-164.3293676120229,-164.082614,1,0.24675361202289992
156.0,9.0,1,-213.91764053003863,,0,
157.0,9.0,1,-265.1330272096675,,0,
158.0,9.0,1,-316.0823225713102,,0,
159.0,9.0,1,-365.30920333229005,-285.118619,1,80.19058433229003
160.0,9.0,1,-411.37312387116253,,0,
161.0,9.0,1,-447.8327267477289,,0,
162.0,9.0,1,-470.45806066086516,,0,
163.0,9.0,1,-478.5864230863517,-507.981712,1,-29.3952889136483
164.0,9.0,1,-472.7469364608405,,0,
165.0,9.0,1,-454.79631492495537,,0,
166.0,9.0,1,-426.0477685962105,,0,
167.0,9.0,1,-387.2405914242845,-536.198665,1,-148.9580735757155
168.0,9.0,1,-337.530947918538,,0,
169.0,9.0,2,-283.821564908023,,0,
170.0,9.0,2,-230.2307646458503,,0,
171.0,9.0,2,-178.40835573268123,-245.281732,1,-66.87337626731878
172.0,9.0,2,-128.0309670115821,,0,
173.0,9.0,2,-81.91454014065675,,0,
174.0,9.0,2,-42.93078302696813,,0,
175.0,9.0,2,-13.452081167604774,51.810974,1,65.26305516760478
176.0,9.0,2,8.817792948102579,,0,
177.0,9.0,2,25.73769911704585,,0,
178.0,9.0,2,35.913633856223896,,0,
179.0,9.0,2,37.822383162681945,-155.809035,1,-193.63141816268194
180.0,9.0,2,30.126252453774214,,0,
181.0,9.0,2,11.014658811502159,,0,
182.0,9.0,2,-22.422805771115236,,0,
183.0,9.0,2,-71.97278972296044,52.004187,1,123.97697672296044
184.0,9.0,2,-134.45021848846227,,0,
185.0,9.0,2,-198.65986113343388,,0,
186.0,9.0,2,-256.7676703692414,,0,
187.0,9.0,2,-303.8680862294277,-290.274861,1,13.59322522942773
188.0,9.0,2,-336.33351046033204,,0,
189.0,9.0,2,-350.0308574270457,,0,
190.0,9.0,2,-342.16366895241663,,0,
191.0,9.0,2,-314.17218269454315,-345.000624,1,-30.828441305456863
192.0,9.0,2,-273.47740056947805,,0,
193.0,9.0,2,-227.01417584042065,,0,
194.0,9.0,2,-178.85926209040917,,0,
195.0,9.0,2,-130.63632292184047,-203.578167,1,-72.94184407815953
196.0,9.0,2,-82.6247477105353,,0,
197.0,9.0,2,-39.84915601834655,,0,
198.0,9.0,2,-5.924940349301323,,0,
199.0,9.0,2,18.87902405206114,137.082898,1,118.20387394793886
0.0,10.0,0,280.06418186053634,,0,
1.0,10.0,0,270.3260970338597,,0,
2.0,10.0,0,266.3231443623081,-13.165047,1,-279.4881913623081
3.0,10.0,0,274.0633774632588,,0,
4.0,10.0,0,283.71739542891737,,0,
5.0,10.0,0,289.387297950685,,0,
6.0,10.0,0,288.8001186689362,311.535675,1,22.735556331063833
7.0,10.0,0,281.96704418445006,,0,
8.0,10.0,0,269.6811873423867,,0,
9.0,10.0,0,252.90222513629124,,0,
10.0,10.0,0,231.89530479256064,267.740889,1,35.845584207439344
11.0,10.0,0,205.50342804845423,,0,
12.0,10.0,0,173.56185293896124,,0,
13.0,10.0,0,135.1333264739951,,0,
14.0,10.0,0,89.22719752695411,181.35802,1,92.1308224730459
15.0,10.0,0,36.90394194982946,,0,
16.0,10.0,0,-20.178326819324866,,0,
17.0,10.0,0,-78.32071020675357,,0,
18.0,10.0,0,-133.29246758529916,-193.226199,1,-59.933731414700844
19.0,10.0,0,-181.21518297493458,,0,
20.0,10.0,0,-222.5397494342178,,0,
21.0,10.0,0,-257.6117268052185,,0,
22.0,10.0,0,-286.4100307037588,-261.426785,1,24.983245703758826
23.0,10.0,0,-308.82754208892584,,0,
24.0,10.0,0,-324.89625054597855,,0,
25.0,10.0,0,-333.74211274803383,,0,
26.0,10.0,0,-334.51643485808745,-406.581773,1,-72.06533814191255
27.0,10.0,0,-326.4896617522463,,0,
28.0,10.0,0,-309.15416761877714,,0,
29.0,10.0,0,-282.40661901351996,,0,
30.0,10.0,0,-246.44623272889294,-314.085994,1,-67.63976127110709
31.0,10.0,0,-201.56010626861826,,0,
32.0,10.0,0,-152.70303204492666,,0,
33.0,10.0,0,-105.79131438443437,,0,
34.0,10.0,0,-66.85139361117035,221.797698,1,288.6490916111703
35.0,10.0,0,-37.546876589301974,,0,
36.0,10.0,0,-19.36373397987336,,0,
37.0,10.0,0,-13.279499036027119,,0,
38.0,10.0,0,-16.7930579171516,-61.734775,1,-44.9417170828484
39.0,10.0,0,-24.59505180036649,,0,
40.0,10.0,0,-34.617475122213364,,0,
41.0,10.0,0,-48.33308962167939,,0,
42.0,10.0,0,-66.39665128709748,-70.615661,1,-4.219009712902519
43.0,10.0,0,-86.85126180318184,,0,
44.0,10.0,0,-108.72073988674674,,0,
45.0,10.0,0,-132.5817981766886,,0,
46.0,10.0,0,-158.70745685021393,-11.781059,1,146.92639785021393
47.0,10.0,0,-184.78207432385534,,0,
48.0,10.0,0,-209.1093562329188,,0,
49.0,10.0,0,-231.29920912301168,,0,
50.0,10.0,0,-250.51144144195132,-314.79522,1,-64.28377855804865
51.0,10.0,0,-263.9143466367386,,0,
52.0,10.0,0,-269.37790060031693,,0,
53.0,10.0,0,-269.21506384952227,,0,
54.0,10.0,0,-266.0283481681254,-320.486537,1,-54.45818883187462
55.0,10.0,0,-260.94408577214926,,0,
56.0,10.0,0,-257.2268916653702,,0,
57.0,10.0,0,-256.15568047738634,,0,
58.0,10.0,0,-257.3760833614506,-315.240188,1,-57.864104638549406
59.0,10.0,0,-258.8722992555704,,0,
60.0,10.0,0,-261.09023811711813,,0,
61.0,10.0,0,-264.26669487473555,,0,
62.0,10.0,0,-267.89363681850955,-367.889711,1,-99.99607418149043
63.0,10.0,0,-270.8744876370765,,0,
64.0,10.0,0,-272.18520600977354,,0,
65.0,10.0,0,-270.341824835632,,0,
66.0,10.0,0,-262.5035429629497,-257.920633,1,4.582909962949714
67.0,10.0,0,-244.66987592703663,,0,
68.0,10.0,0,-211.89844096862362,,0,
69.0,10.0,0,-159.61111030727625,,0,
70.0,10.0,0,-88.21438896469772,-372.342077,1,-284.1276880353023
71.0,10.0,3,-8.903396000154316,,0,
72.0,10.0,3,66.04531758045778,,0,
73.0,10.0,3,127.69825678048073,,0,
74.0,10.0,3,169.38955718209036,177.462126,1,8.072568817909655
75.0,10.0,3,184.54574803076684,,0,
76.0,10.0,3,168.52111367342877,,0,
77.0,10.0,3,121.24631773662986,,0,
78.0,10.0,3,50.69543632445857,-34.196202,1,-84.89163832445857
79.0,10.0,3,-26.408525704406202,,0,
80.0,10.0,3,-93.7910054770764,,0,
81.0,10.0,3,-144.52769592177356,,0,
82.0,10.0,3,-176.15289519180078,-278.880375,1,-102.72747980819923
83.0,10.0,3,-186.2427834981354,,0,
84.0,10.0,3,-179.62645044355304,,0,
85.0,10.0,3,-164.04248817064217,,0,
86.0,10.0,3,-149.6071682194015,84.961263,1,234.5684312194015
87.0,10.0,3,-149.5048400935484,,0,
88.0,10.0,3,-163.7570405632723,,0,
89.0,10.0,3,-191.20887939658132,,0,
90.0,10.0,3,-223.45435734908096,-471.938878,1,-248.48452065091902
91.0,10.0,3,-245.41004626976792,,0,
92.0,10.0,3,-255.9300005477271,,0,
93.0,10.0,3,-253.93410061736358,,0,
94.0,10.0,3,-241.15453952015378,-308.700144,1,-67.54560447984625
95.0,10.0,3,-221.017329866183,,0,
96.0,10.0,3,-201.40491101221414,,0,
97.0,10.0,3,-189.8632429234276,,0,
98.0,10.0,3,-191.96414326364174,-50.800539,1,141.16360426364173
99.0,10.0,3,-207.7376500646351,,0,
100.0,10.0,3,-235.19168548821472,,0,
101.0,10.0,3,-272.86795642989455,,0,
102.0,10.0,3,-321.4180893341545,-142.912271,1,178.5058183341545
103.0,10.0,3,-384.29848447983386,,0,
104.0,10.0,3,-454.78821723194415,,0,
105.0,10.0,3,-526.699735022703,,0,
106.0,10.0,3,-592.2581445237156,-742.336195,1,-150.07805047628437
107.0,10.0,3,-641.6266703909496,,0,
108.0,10.0,3,-674.4623822984286,,0,
109.0,10.0,3,-691.2910890857456,,0,
110.0,10.0,3,-695.3823747948627,-556.044899,1,139.3374757948627
111.0,10.0,3,-692.8114059213549,,0,
112.0,10.0,3,-681.9234426525945,,0,
113.0,10.0,3,-662.1464408120955,,0,
114.0,10.0,3,-633.7687252796313,-624.197459,1,9.571266279631345
115.0,10.0,3,-598.9975103678298,,0,
116.0,10.0,3,-561.2717466402682,,0,
117.0,10.0,3,-524.3144683022983,,0,
118.0,10.0,3,-490.8856753160362,-292.999819,1,197.8858563160362
119.0,10.0,3,-461.4173495020077,,0,
120.0,10.0,3,-436.3951684423955,,0,
121.0,10.0,3,-416.45989082113374,,0,
122.0,10.0,3,-400.64971099072136,-407.480862,1,-6.831151009278642
123.0,10.0,3,-384.8244524310576,,0,
124.0,10.0,3,-365.5522620721604,,0,
125.0,10.0,3,-343.8351116994163,,0,
126.0,10.0,3,-321.3484156274353,-426.69356,1,-105.34514437256468
127.0,10.0,3,-297.6983486462268,,0,
128.0,10.0,3,-277.04291957750684,,0,
129.0,10.0,3,-261.1121073809918,,0,
130.0,10.0,3,-249.47921550204046,-259.197451,1,-9.71823549795954
131.0,10.0,3,-238.77444569353247,,0,
132.0,10.0,1,-223.92915509245358,,0,
133.0,10.0,1,-200.53297509951517,,0,
134.0,10.0,1,-163.97036891890457,-343.547661,1,-179.57729208109544
135.0,10.0,1,-107.53994727996178,,0,
136.0,10.0,1,-35.97265342378523,,0,
137.0,10.0,1,43.92848075175425,,0,
138.0,10.0,1,124.7059449806693,379.481472,1,254.7755270193307
139.0,10.0,1,198.2344727786258,,0,
140.0,10.0,1,255.92625349620357,,0,
141.0,10.0,1,287.25636171759106,,0,
142.0,10.0,1,284.4408600682509,596.903475,1,312.46261493174904
143.0,10.0,1,255.68942401953973,,0,
144.0,10.0,1,212.6853097078856,,0,
145.0,10.0,1,162.73021806846373,,0,
146.0,10.0,1,112.28855754225515,-362.350243,1,-474.6388005422551
147.0,10.0,1,66.25766773510259,,0,
148.0,10.0,1,28.327673905645497,,0,
149.0,10.0,1,0.7973630400374532,,0,
150.0,10.0,1,-16.92450613481924,137.357404,1,154.28191013481924
151.0,10.0,1,-28.89771165046841,,0,
152.0,10.0,1,-39.426917121279985,,0,
153.0,10.0,1,-52.14712526940275,,0,
154.0,10.0,1,-71.1855995268561,61.56924,1,132.7548395268561
155.0,10.0,1,-101.33379806752782,,0,
156.0,10.0,1,-138.83256522088777,,0,
157.0,10.0,1,-181.09016132168472,,0,
158.0,10.0,1,-226.60609276633477,-193.070535,1,33.53555776633476
159.0,10.0,1,-273.748902620282,,0,
160.0,10.0,1,-319.99454567814246,,0,
161.0,10.0,1,-359.6752529020887,,0,
162.0,10.0,1,-387.2640317296609,-417.358473,1,-30.094441270339075
163.0,10.0,1,-402.2058739187196,,0,
164.0,10.0,1,-404.8925287723541,,0,
165.0,10.0,1,-395.41102910926566,,0,
166.0,10.0,1,-373.7225338376011,-514.508664,1,-140.78613016239888
167.0,10.0,1,-340.8413629028946,,0,
168.0,10.0,1,-298.3749770652503,,0,
169.0,10.0,2,-250.60229873331264,,0,
170.0,10.0,2,-200.6814191855956,-279.402668,1,-78.72124881440442
171.0,10.0,2,-149.75530569214607,,0,
172.0,10.0,2,-98.42400873766746,,0,
173.0,10.0,2,-48.69210775336251,,0,
174.0,10.0,2,-4.1511670862091705,196.803173,1,200.95434008620916
175.0,10.0,2,28.937885532621294,,0,
176.0,10.0,2,54.897029008949175,,0,
177.0,10.0,2,74.60511522227898,,0,
178.0,10.0,2,86.44347530743107,-77.691127,1,-164.13460230743107
179.0,10.0,2,88.91935969865881,,0,
180.0,10.0,2,79.49443364178296,,0,
181.0,10.0,2,55.53658823715523,,0,
182.0,10.0,2,15.516616656444967,213.645849,1,198.12923234355503
183.0,10.0,2,-43.466127172578126,,0,
184.0,10.0,2,-112.51825087796897,,0,
185.0,10.0,2,-181.4669945531059,,0,
186.0,10.0,2,-241.70167825208046,-377.319073,1,-135.61739474791955
187.0,10.0,2,-288.74032445438206,,0,
188.0,10.0,2,-319.4336621677503,,0,
189.0,10.0,2,-330.2132416246459,,0,
190.0,10.0,2,-318.22706983506214,-502.208585,1,-183.9815151649379
191.0,10.0,2,-284.87616604333743,,0,
192.0,10.0,2,-242.1609302428551,,0,
193.0,10.0,2,-197.22152979508974,,0,
194.0,10.0,2,-153.40051170950755,-257.190118,1,-103.78960629049243
195.0,10.0,2,-112.4083431751933,,0,
196.0,10.0,2,-74.47125170216896,,0,
197.0,10.0,2,-40.91236658627167,,0,
198.0,10.0,2,-13.13280820089858,-33.032438,1,-19.89962979910142
199.0,10.0,2,9.001244485843927,,0,
0.0,11.0,0,267.53855854365975,,0,
1.0,11.0,0,257.45699186006095,5.589234,1,-251.86775786006095
2.0,11.0,0,252.03181636473164,,0,
3.0,11.0,0,253.9057811065577,,0,
4.0,11.0,0,258.95204670727253,,0,
5.0,11.0,0,262.5013492705766,281.233881,1,18.732531729423386
6.0,11.0,0,262.03481669630855,,0,
7.0,11.0,0,257.5328496815637,,0,
8.0,11.0,0,249.37414441257715,,0,
9.0,11.0,0,237.85042104078457,274.695446,1,36.845024959215436
10.0,11.0,0,222.68895455636084,,0,
11.0,11.0,0,202.88682763651013,,0,
12.0,11.0,0,177.17323767847847,,0,
13.0,11.0,0,143.26405646302737,260.539865,1,117.27580853697265
14.0,11.0,0,98.0956109422259,,0,
15.0,11.0,0,44.42731097014621,,0,
16.0,11.0,0,-15.56527994852513,,0,
17.0,11.0,0,-77.46033293975051,57.058201,1,134.5185339397505
18.0,11.0,0,-135.88227545982227,,0,
19.0,11.0,0,-186.97224177978933,,0,
20.0,11.0,0,-229.87989373266464,,0,
21.0,11.0,0,-264.8534092382761,-249.504338,1,15.349071238276082
22.0,11.0,0,-291.88459218642674,,0,
23.0,11.0,0,-310.4690767461434,,0,
24.0,11.0,0,-320.6528787612915,,0,
25.0,11.0,0,-322.4207644268172,-312.268907,1,10.151857426817173
26.0,11.0,0,-315.72663965588436,,0,
27.0,11.0,0,-299.91204745019786,,0,
28.0,11.0,0,-274.68816627084743,,0,
29.0,11.0,0,-240.42993216391187,-379.001514,1,-138.57158183608811
30.0,11.0,0,-197.8503288354259,,0,
31.0,11.0,0,-148.57388341613114,,0,
32.0,11.0,0,-97.37939549656585,,0,
33.0,11.0,0,-51.21756667614682,167.473304,1,218.69087067614683
34.0,11.0,0,-17.41824399214238,,0,
35.0,11.0,0,7.5693121664226055,,0,
36.0,11.0,0,21.791419588960707,,0,
37.0,11.0,0,22.364606943330728,200.201811,1,177.83720405666926
38.0,11.0,0,13.921314197825268,,0,
39.0,11.0,0,1.929296353366226,,0,
40.0,11.0,0,-12.160536835668609,,0,
41.0,11.0,0,-29.60167221480515,61.069992,1,90.67166421480515
42.0,11.0,0,-50.62073516100645,,0,
43.0,11.0,0,-71.12135078734718,,0,
44.0,11.0,0,-90.41426801565103,,0,
45.0,11.0,0,-110.07440080994274,8.143198,1,118.21759880994274
46.0,11.0,0,-131.76180528244004,,0,
47.0,11.0,0,-151.26941163279116,,0,
48.0,11.0,0,-167.0203012842685,,0,
49.0,11.0,0,-179.11800211458467,-124.553233,1,54.564769114584664
50.0,11.0,0,-189.01054159901105,,0,
51.0,11.0,0,-195.4079974940978,,0,
52.0,11.0,0,-198.1403588069952,,0,
53.0,11.0,0,-198.0834035272128,-185.875895,1,12.20750852721278
54.0,11.0,0,-196.69599897693843,,0,
55.0,11.0,0,-195.84656871296465,,0,
56.0,11.0,0,-197.62372338748537,,0,
57.0,11.0,0,-202.30585541715845,-267.208589,1,-64.90273358284156
58.0,11.0,0,-209.1081033507362,,0,
59.0,11.0,0,-217.6850070481887,,0,
60.0,11.0,0,-228.42364386073314,,0,
61.0,11.0,0,-240.28195750821033,-225.881762,1,14.400195508210317
62.0,11.0,0,-251.6489724162966,,0,
63.0,11.0,0,-260.62537132319994,,0,
64.0,11.0,0,-265.91348742111586,,0,
65.0,11.0,0,-266.0489873692859,-307.415419,1,-41.36643163071409
66.0,11.0,0,-258.55990042258054,,0,
67.0,11.0,0,-240.14653235196602,,0,
68.0,11.0,0,-207.4287080936192,,0,
69.0,11.0,0,-157.10678451502463,-483.330042,1,-326.22325748497536
70.0,11.0,0,-84.88289857050404,,0,
71.0,11.0,3,-6.599687675246969,,0,
72.0,11.0,3,64.9489510828862,,0,
73.0,11.0,3,120.79039102129173,38.167806,1,-82.62258502129173
74.0,11.0,3,157.4059877183754,,0,
75.0,11.0,3,169.08794276556,,0,
76.0,11.0,3,151.98979029787006,,0,
77.0,11.0,3,105.44825010575005,261.096309,1,155.64805889424997
78.0,11.0,3,36.25868929736316,,0,
79.0,11.0,3,-37.55797742586583,,0,
80.0,11.0,3,-101.1190313520492,,0,
81.0,11.0,3,-145.01453864359064,-335.836512,1,-190.8219733564094
82.0,11.0,3,-168.18785190198105,,0,
83.0,11.0,3,-171.84351344918832,,0,
84.0,11.0,3,-160.55172566330293,,0,
85.0,11.0,3,-141.97861592686968,-141.917772,1,0.060843926869665665
86.0,11.0,3,-125.94783833494876,,0,
87.0,11.0,3,-121.79879214079119,,0,
88.0,11.0,3,-133.1708315073629,,0,
89.0,11.0,3,-159.40763204733958,-219.477227,1,-60.069594952660424
90.0,11.0,3,-189.9789815201657,,0,
91.0,11.0,3,-212.7708304125117,,0,
92.0,11.0,3,-222.83586571263731,,0,
93.0,11.0,3,-218.41574330162257,-263.42849,1,-45.01274669837744
94.0,11.0,3,-202.33545448002405,,0,
95.0,11.0,3,-179.67717134207487,,0,
96.0,11.0,3,-157.71232865558704,,0,
97.0,11.0,3,-144.60057032422628,0.110858,1,144.7114283242263
98.0,11.0,3,-148.92803069844376,,0,
99.0,11.0,3,-168.836190203554,,0,
100.0,11.0,3,-202.24855427007424,,0,
101.0,11.0,3,-247.7398045953014,-123.261502,1,124.4783025953014
102.0,11.0,3,-305.3202065327205,,0,
103.0,11.0,3,-374.8504962566076,,0,
104.0,11.0,3,-451.20756449784676,,0,
105.0,11.0,3,-527.140147792772,-640.744731,1,-113.60458320722796
106.0,11.0,3,-594.3493907459197,,0,
107.0,11.0,3,-645.2745694285259,,0,
108.0,11.0,3,-678.0589560333174,,0,
109.0,11.0,3,-694.5277616927633,-613.618847,1,80.90891469276335
110.0,11.0,3,-698.3361192447483,,0,
111.0,11.0,3,-692.9432482525008,,0,
112.0,11.0,3,-678.3535204558866,,0,
113.0,11.0,3,-654.2364151795337,-690.65462,1,-36.41820482046637
114.0,11.0,3,-620.9942612191371,,0,
115.0,11.0,3,-582.1550168891554,,0,
116.0,11.0,3,-542.4455953750876,,0,
117.0,11.0,3,-507.04481018229853,-409.850543,1,97.19426718229852
118.0,11.0,3,-478.74475631112,,0,
119.0,11.0,3,-454.83447300401167,,0,
120.0,11.0,3,-434.5071420612512,,0,
121.0,11.0,3,-417.65233347562025,-327.337547,1,90.31478647562028
122.0,11.0,3,-404.7121388048399,,0,
123.0,11.0,3,-391.152921072382,,0,
124.0,11.0,3,-374.494311303366,,0,
125.0,11.0,3,-354.8848310573958,-546.408553,1,-191.5237219426042
126.0,11.0,3,-334.42780104622943,,0,
127.0,11.0,3,-314.80005740828346,,0,
128.0,11.0,3,-298.10257564793574,,0,
129.0,11.0,3,-285.01859802310355,-201.559588,1,83.45901002310356
130.0,11.0,3,-275.2229246434872,,0,
131.0,11.0,3,-265.69432799180504,,0,
132.0,11.0,1,-250.34850178158376,,0,
133.0,11.0,1,-222.15494393603876,-423.26022,1,-201.10527606396124
134.0,11.0,1,-176.53325183226843,,0,
135.0,11.0,1,-109.54600696091074,,0,
136.0,11.0,1,-23.119315509102307,,0,
137.0,11.0,1,76.00594702991657,34.003641,1,-42.00230602991657
138.0,11.0,1,179.8677455142606,,0,
139.0,11.0,1,277.70015541638713,,0,
140.0,11.0,1,358.5954792336561,,0,
141.0,11.0,1,409.2017686297186,964.67218,1,555.4704113702815
142.0,11.0,1,410.29537107254146,,0,
143.0,11.0,1,374.9194264652906,,0,
144.0,11.0,1,313.60148701583967,,0,
145.0,11.0,1,237.95437934150686,183.805872,1,-54.14850734150687
146.0,11.0,1,160.36394034000114,,0,
147.0,11.0,1,88.90154962579254,,0,
148.0,11.0,1,31.872484352905303,,0,
149.0,11.0,1,-4.14761475333944,-78.689705,1,-74.54209024666056
150.0,11.0,1,-20.311361550353467,,0,
151.0,11.0,1,-24.661602774169296,,0,
152.0,11.0,1,-23.842498156009242,,0,
153.0,11.0,1,-23.181491068564355,76.158018,1,99.33950906856435
154.0,11.0,1,-27.916376485372894,,0,
155.0,11.0,1,-42.09375032619573,,0,
156.0,11.0,1,-65.36367223551497,,0,
157.0,11.0,1,-96.37957154610194,-68.698402,1,27.68116954610194
158.0,11.0,1,-134.155482934264,,0,
159.0,11.0,1,-176.38689627265558,,0,
160.0,11.0,1,-220.57242154562846,,0,
161.0,11.0,1,-262.15593953966163,-446.896,1,-184.74006046033838
162.0,11.0,1,-293.1795443687588,,0,
163.0,11.0,1,-314.85440631886013,,0,
164.0,11.0,1,-326.2671476950636,,0,
165.0,11.0,1,-326.17426191153936,-409.501858,1,-83.32759608846067
166.0,11.0,1,-312.55621157749556,,0,
167.0,11.0,1,-287.7763746427372,,0,
168.0,11.0,2,-254.34076271019876,,0,
169.0,11.0,2,-215.49373997037765,-213.970847,1,1.5228929703776544
170.0,11.0,2,-172.46710710274056,,0,
171.0,11.0,2,-126.2328683755477,,0,
172.0,11.0,2,-78.25697333062999,,0,
173.0,11.0,2,-30.276415521278977,25.805214,1,56.08162952127898
174.0,11.0,2,14.301703894976526,,0,
175.0,11.0,2,51.326188809936866,,0,
176.0,11.0,2,80.92546834121458,,0,
177.0,11.0,2,103.59751489781775,179.043827,1,75.44631210218225
178.0,11.0,2,117.1305913804099,,0,
179.0,11.0,2,121.14923244144302,,0,
180.0,11.0,2,111.25407792488113,,0,
181.0,11.0,2,82.18129415111616,371.19723,1,289.0159358488838
182.0,11.0,2,35.26898572943173,,0,
183.0,11.0,2,-26.727676725480705,,0,
184.0,11.0,2,-96.71940843341872,,0,
185.0,11.0,2,-165.27306126477197,-273.737008,1,-108.46394673522803
186.0,11.0,2,-222.45411118445918,,0,
187.0,11.0,2,-264.5631876231637,,0,
188.0,11.0,2,-288.08173066028394,,0,
189.0,11.0,2,-290.8020204566419,-525.179272,1,-234.37725154335806
190.0,11.0,2,-268.55146439850796,,0,
191.0,11.0,2,-230.32566910702735,,0,
192.0,11.0,2,-186.24966280232184,,0,
193.0,11.0,2,-144.06004207697697,-218.673646,1,-74.61360392302302
194.0,11.0,2,-106.42603109404445,,0,
195.0,11.0,2,-75.67546098912135,,0,
196.0,11.0,2,-50.25649187061936,,0,
197.0,11.0,2,-28.01273770350963,-68.087054,1,-40.074316296490366
198.0,11.0,2,-8.682342781452462,,0,
199.0,11.0,2,7.991856260690838,,0,
0.0,12.0,0,259.67948873434216,21.772496,1,-237.90699273434217
1.0,12.0,0,250.18330355442595,,0,
2.0,12.0,0,242.6089684041217,,0,
3.0,12.0,0,238.48535223584622,,0,
4.0,12.0,0,237.07213488104753,252.049256,1,14.977121118952482
5.0,12.0,0,235.900343907997,,0,
6.0,12.0,0,233.21337852114812,,0,
7.0,12.0,0,228.63352080062032,,0,
8.0,12.0,0,222.1329608906526,224.525432,1,2.392471109347383
9.0,12.0,0,213.44477490289137,,0,
10.0,12.0,0,201.96863363170996,,0,
11.0,12.0,0,186.5062874672003,,0,
12.0,12.0,0,164.9553525702213,230.129088,1,65.1737354297787
13.0,12.0,0,133.41939503222238,,0,
14.0,12.0,0,91.24756766762584,,0,
15.0,12.0,0,38.59940859256312,,0,
16.0,12.0,0,-23.570007046917453,311.970097,1,335.54010404691746
17.0,12.0,0,-88.467930263374,,0,
18.0,12.0,0,-149.35484397388063,,0,
19.0,12.0,0,-202.31705274083652,,0,
20.0,12.0,0,-245.86457577673718,-215.514907,1,30.34966877673719
21.0,12.0,0,-280.1978710661642,,0,
22.0,12.0,0,-304.40645486395806,,0,
23.0,12.0,0,-318.17215247725835,,0,
24.0,12.0,0,-321.9796217540279,-325.456297,1,-3.4766752459721033
25.0,12.0,0,-316.5255351027008,,0,
26.0,12.0,0,-302.31214284838643,,0,
27.0,12.0,0,-279.0340813503135,,0,
28.0,12.0,0,-246.44982183119282,-390.223825,1,-143.77400316880716
29.0,12.0,0,-205.76493330765516,,0,
30.0,12.0,0,-158.78685026429594,,0,
31.0,12.0,0,-108.0694262868492,,0,
32.0,12.0,0,-58.340520966332406,75.052587,1,133.39310796633242
33.0,12.0,0,-17.8357449893374,,0,
34.0,12.0,0,12.532544580753893,,0,
35.0,12.0,0,34.42926945153158,,0,
36.0,12.0,0,46.19361721095629,345.067705,1,298.8740877890437
37.0,12.0,0,40.708008819725364,,0,
38.0,12.0,0,26.783075428334996,,0,
39.0,12.0,0,9.3632318880409,,0,
40.0,12.0,0,-9.960280515486374,133.168544,1,143.12882451548637
41.0,12.0,0,-33.44414363242686,,0,
42.0,12.0,0,-56.95471118798014,,0,
43.0,12.0,0,-77.4322293754667,,0,
44.0,12.0,0,-94.46899711759761,4.330302,1,98.79929911759761
45.0,12.0,0,-111.07740374607965,,0,
46.0,12.0,0,-125.79256148240529,,0,
47.0,12.0,0,-136.65113479370484,,0,
48.0,12.0,0,-142.83452684432268,-163.206285,1,-20.371758155677327
49.0,12.0,0,-144.70542224310338,,0,
50.0,12.0,0,-144.1542047004914,,0,
51.0,12.0,0,-142.62260923429858,,0,
52.0,12.0,0,-141.76137973484583,57.309256,1,199.07063573484584
53.0,12.0,0,-140.85510132089257,,0,
54.0,12.0,0,-140.43136296793818,,0,
55.0,12.0,0,-143.02604360581608,,0,
56.0,12.0,0,-150.4265901132021,-114.851178,1,35.575412113202106
57.0,12.0,0,-160.61924361763522,,0,
58.0,12.0,0,-172.2202521286672,,0,
59.0,12.0,0,-186.6055344385677,,0,
60.0,12.0,0,-205.34741160366684,-45.298145,1,160.04926660366684
61.0,12.0,0,-224.91033661644906,,0,
62.0,12.0,0,-241.85471774218604,,0,
63.0,12.0,0,-254.22919021226699,,0,
64.0,12.0,0,-260.783969178563,-249.272607,1,11.51136217856299
65.0,12.0,0,-260.4249055236578,,0,
66.0,12.0,0,-250.93537090919563,,0,
67.0,12.0,0,-229.29390212436556,,0,
68.0,12.0,0,-192.19095703051426,-354.772481,1,-162.58152396948577
69.0,12.0,0,-137.69559614057653,,0,
70.0,12.0,0,-67.0722107377369,,0,
71.0,12.0,0,8.731223609414883,,0,
72.0,12.0,3,76.87434381060302,167.959399,1,91.08505518939697
73.0,12.0,3,126.66959347343072,,0,
74.0,12.0,3,155.4256102129293,,0,
75.0,12.0,3,160.52989927769522,,0,
76.0,12.0,3,139.81463853956666,393.438981,1,253.62434246043335
77.0,12.0,3,90.03167494782247,,0,
78.0,12.0,3,23.857001692405902,,0,
79.0,12.0,3,-45.031481278914725,,0,
80.0,12.0,3,-103.9099181741476,-356.296662,1,-252.38674382585242
81.0,12.0,3,-140.07313453871757,,0,
82.0,12.0,3,-156.7059719657409,,0,
83.0,12.0,3,-155.97833317599725,,0,
84.0,12.0,3,-141.81973960180767,-218.623771,1,-76.80403139819234
85.0,12.0,3,-121.71493067184929,,0,
86.0,12.0,3,-104.12240174948238,,0,
87.0,12.0,3,-95.99368824443081,,0,
88.0,12.0,3,-101.96092640492134,174.42523,1,276.38615640492134
89.0,12.0,3,-126.06785648711957,,0,
90.0,12.0,3,-154.42856462238706,,0,
91.0,12.0,3,-176.60581387777347,,0,
92.0,12.0,3,-186.61954364611302,-347.477927,1,-160.858383353887
93.0,12.0,3,-179.59080694592558,,0,
94.0,12.0,3,-160.74792086612433,,0,
95.0,12.0,3,-135.7220877665095,,0,
96.0,12.0,3,-112.52456064452417,-146.300716,1,-33.77615535547582
97.0,12.0,3,-99.99111283419188,,0,
98.0,12.0,3,-105.8115833485208,,0,
99.0,12.0,3,-130.10403781972127,,0,
100.0,12.0,3,-170.0876661441289,-168.424107,1,1.6635591441288966
101.0,12.0,3,-223.38911491760518,,0,
102.0,12.0,3,-288.4040247346129,,0,
103.0,12.0,3,-363.2145115628955,,0,
104.0,12.0,3,-443.51496261463035,-478.359073,1,-34.844110385369675
105.0,12.0,3,-522.2525552007137,,0,
106.0,12.0,3,-591.4205313415732,,0,
107.0,12.0,3,-643.9959973969962,,0,
108.0,12.0,3,-677.1338079653215,-776.85928,1,-99.72547203467855
109.0,12.0,3,-693.7372969770804,,0,
110.0,12.0,3,-697.4101850508741,,0,
111.0,12.0,3,-690.0801147660532,,0,
112.0,12.0,3,-672.0652905108582,-693.917403,1,-21.85211248914186
113.0,12.0,3,-644.0734070363687,,0,
114.0,12.0,3,-607.7856818009168,,0,
115.0,12.0,3,-566.7929923719494,,0,
116.0,12.0,3,-526.5560499427957,-368.121004,1,158.43504594279563
117.0,12.0,3,-494.84219549852423,,0,
118.0,12.0,3,-470.19730080262525,,0,
119.0,12.0,3,-450.65630763425725,,0,
120.0,12.0,3,-434.9041291976464,-327.398594,1,107.5055351976464
121.0,12.0,3,-421.6388858157443,,0,
122.0,12.0,3,-409.44220925914124,,0,
123.0,12.0,3,-395.58384526416194,,0,
124.0,12.0,3,-378.36031843244564,-448.695112,1,-70.33479356755436
125.0,12.0,3,-357.3195569397649,,0,
126.0,12.0,3,-336.4372859047726,,0,
127.0,12.0,3,-318.32764702569693,,0,
128.0,12.0,3,-304.1154411541065,-379.998609,1,-75.88316784589347
129.0,12.0,3,-292.50886654725764,,0,
130.0,12.0,3,-284.08082319039386,,0,
131.0,12.0,3,-275.88214339502156,,0,
132.0,12.0,1,-261.24337303166976,-434.476408,1,-173.23303496833023
133.0,12.0,1,-229.6842944304226,,0,
134.0,12.0,1,-179.3108569312608,,0,
135.0,12.0,1,-106.11823723139241,,0,
136.0,12.0,1,-8.689872384013142,-363.316407,1,-354.6265346159869
137.0,12.0,1,105.20075991819613,,0,
138.0,12.0,1,225.68419749301393,,0,
139.0,12.0,1,340.8947733375244,,0,
140.0,12.0,1,436.42920814681565,1050.849331,1,614.4201228531842
141.0,12.0,1,497.5531885433011,,0,
142.0,12.0,1,510.3074793869164,,0,
143.0,12.0,1,474.29111027601175,,0,
144.0,12.0,1,397.7347329709446,805.036733,1,407.3020000290554
145.0,12.0,1,299.4588445445406,,0,
146.0,12.0,1,196.88348936778493,,0,
147.0,12.0,1,102.23799208365381,,0,
148.0,12.0,1,27.26333921699552,-242.577485,1,-269.84082421699554
149.0,12.0,1,-14.951437085866928,,0,
150.0,12.0,1,-30.202194140059873,,0,
151.0,12.0,1,-27.32896374264965,,0,
152.0,12.0,1,-15.630753528443165,1.348415,1,16.979168528443164
153.0,12.0,1,-1.544173086876981,,0,
154.0,12.0,1,8.88597075920552,,0,
155.0,12.0,1,10.866511068539694,,0,
156.0,12.0,1,2.979673284396995,32.610099,1,29.630425715603003
157.0,12.0,1,-14.935697438661009,,0,
158.0,12.0,1,-41.47879168856889,,0,
159.0,12.0,1,-74.83469795389101,,0,
160.0,12.0,1,-112.68039431073703,-159.080754,1,-46.400359689262984
161.0,12.0,1,-151.89986681943992,,0,
162.0,12.0,1,-187.94835286331363,,0,
163.0,12.0,1,-217.9102388790343,,0,
164.0,12.0,1,-238.39116105949506,-422.569633,1,-184.17847194050495
165.0,12.0,1,-248.12766747246496,,0,
166.0,12.0,1,-246.142024025321,,0,
167.0,12.0,1,-233.1143572293222,,0,
168.0,12.0,2,-211.1298164811451,-97.080143,1,114.04967348114509
169.0,12.0,2,-184.0840552308946,,0,
170.0,12.0,2,-150.54354991321452,,0,
171.0,12.0,2,-111.95374324987642,,0,
172.0,12.0,2,-71.04720518598333,-139.495573,1,-68.44836781401668
173.0,12.0,2,-28.447934011463076,,0,
174.0,12.0,2,14.076990721514449,,0,
175.0,12.0,2,52.68122850509826,,0,
176.0,12.0,2,83.99568794691004,344.665602,1,260.66991405308994
177.0,12.0,2,107.93257343268488,,0,
178.0,12.0,2,123.73160898883361,,0,
179.0,12.0,2,130.06696697277948,,0,
180.0,12.0,2,122.30211834353395,460.602057,1,338.29993865646605
181.0,12.0,2,90.34601686662063,,0,
182.0,12.0,2,42.18891634535976,,0,
183.0,12.0,2,-17.095153413247317,,0,
184.0,12.0,2,-81.63036429369822,-112.997783,1,-31.367418706301777
185.0,12.0,2,-143.03362682519946,,0,
186.0,12.0,2,-193.82384971505962,,0,
187.0,12.0,2,-226.97210427746177,,0,
188.0,12.0,2,-236.42310388409533,-486.987334,1,-250.56423011590465
189.0,12.0,2,-223.3717792672105,,0,
190.0,12.0,2,-190.97018430544995,,0,
191.0,12.0,2,-146.95248967572115,,0,
192.0,12.0,2,-100.39720746828243,-60.689072,1,39.70813546828243
193.0,12.0,2,-60.40048704564106,,0,
194.0,12.0,2,-31.610238418914378,,0,
195.0,12.0,2,-14.246869545895606,,0,
196.0,12.0,2,-4.3155654412694275,-111.261807,1,-106.94624155873058
197.0,12.0,2,3.7481529605574906,,0,
198.0,12.0,2,11.106006166432053,,0,
199.0,12.0,2,19.549475274747238,,0,
0.0,13.0,0,252.93934384034947,,0,
1.0,13.0,0,243.90816317265853,,0,
2.0,13.0,0,233.42165162065066,,0,
3.0,13.0,0,223.19264219654724,191.439574,1,-31.753068196547247
4.0,13.0,0,215.00336707988754,,0,
5.0,13.0,0,207.89851714950055,,0,
6.0,13.0,0,201.17815323150717,,0,
7.0,13.0,0,194.60187433077954,148.512453,1,-46.089421330779544
8.0,13.0,0,187.74320937180892,,0,
9.0,13.0,0,179.91763024311513,,0,
10.0,13.0,0,170.07619305117987,,0,
11.0,13.0,0,156.51852098549716,266.120158,1,109.60163701450284
12.0,13.0,0,136.62269033072516,,0,
13.0,13.0,0,107.36554020131007,,0,
14.0,13.0,0,67.77119202725589,,0,
15.0,13.0,0,17.48112000839319,282.659677,1,265.1785569916068
16.0,13.0,0,-46.405399734620005,,0,
17.0,13.0,0,-112.66710903751664,,0,
18.0,13.0,0,-174.28887574590044,,0,
19.0,13.0,0,-227.54892904189182,-198.576444,1,28.972485041891815
20.0,13.0,0,-270.64597715390846,,0,
21.0,13.0,0,-302.8334948569536,,0,
22.0,13.0,0,-323.20656204083934,,0,
23.0,13.0,0,-331.2997827476938,-401.220829,1,-69.92104625230616
24.0,13.0,0,-328.30484588677064,,0,
25.0,13.0,0,-315.7042654873803,,0,
26.0,13.0,0,-294.4985611967859,,0,
27.0,13.0,0,-264.7654395439895,-311.761432,1,-46.995992456010526
28.0,13.0,0,-226.0054092220962,,0,
29.0,13.0,0,-180.8399381302297,,0,
30.0,13.0,0,-132.1283613012638,,0,
31.0,13.0,0,-83.41386616625823,-47.447063,1,35.96680316625823
32.0,13.0,0,-39.169615572318435,,0,
33.0,13.0,0,-4.095318190287799,,0,
34.0,13.0,0,21.222312105703168,,0,
35.0,13.0,0,37.82440185896121,150.625904,1,112.80150214103878
36.0,13.0,0,43.41344652348198,,0,
37.0,13.0,0,35.40229553356767,,0,
38.0,13.0,0,17.59568641963415,,0,
39.0,13.0,0,-6.100068449799437,163.649534,1,169.74960244979943
40.0,13.0,0,-32.53719721874222,,0,
41.0,13.0,0,-59.94398043002002,,0,
42.0,13.0,0,-85.06965121731628,,0,
43.0,13.0,0,-105.55410360032693,-154.090801,1,-48.53669739967307
44.0,13.0,0,-121.20667946361937,,0,
45.0,13.0,0,-132.71153232548386,,0,
46.0,13.0,0,-139.19582606479526,,0,
47.0,13.0,0,-140.2608190389583,-247.536461,1,-107.27564196104171
48.0,13.0,0,-136.450064456556,,0,
49.0,13.0,0,-128.9376520914957,,0,
50.0,13.0,0,-119.50475358479889,,0,
51.0,13.0,0,-110.51564676285489,63.050051,1,173.56569776285488
52.0,13.0,0,-106.69573881011456,,0,
53.0,13.0,0,-104.55251008318737,,0,
54.0,13.0,0,-104.69493431295268,,0,
55.0,13.0,0,-110.34864629473304,46.936274,1,157.28492029473304
56.0,13.0,0,-123.78401795681566,,0,
57.0,13.0,0,-139.1380006307736,,0,
58.0,13.0,0,-154.84785774745978,,0,
59.0,13.0,0,-173.11490530788433,70.561762,1,243.67666730788432
60.0,13.0,0,-198.37419753638096,,0,
61.0,13.0,0,-222.5809285538271,,0,
62.0,13.0,0,-241.86445982498117,,0,
63.0,13.0,0,-254.54743436723948,-148.685386,1,105.86204836723948
64.0,13.0,0,-259.58801825833507,,0,
65.0,13.0,0,-255.91844113986008,,0,
66.0,13.0,0,-241.92032794919214,,0,
67.0,13.0,0,-215.1385400200379,-294.772831,1,-79.63429097996209
68.0,13.0,0,-171.59188012755476,,0,
69.0,13.0,0,-112.46490099839866,,0,
70.0,13.0,0,-41.64464794739615,,0,
71.0,13.0,0,31.644227893848438,77.180721,1,45.53649310615157
72.0,13.0,3,95.40761695429683,,0,
73.0,13.0,3,139.3553421885008,,0,
74.0,13.0,3,158.90717006864725,,0,
75.0,13.0,3,153.57821404517745,459.640893,1,306.06267895482256
76.0,13.0,3,124.12516878475435,,0,
77.0,13.0,3,73.7732387688011,,0,
78.0,13.0,3,12.918187187286094,,0,
79.0,13.0,3,-47.45472439320292,-308.580949,1,-261.12622460679705
80.0,13.0,3,-97.32909511169419,,0,
81.0,13.0,3,-128.93202072486747,,0,
82.0,13.0,3,-141.9956924024591,,0,
83.0,13.0,3,-138.60441928717773,-199.544617,1,-60.940197712822254
84.0,13.0,3,-122.30685962561984,,0,
85.0,13.0,3,-101.2082766869571,,0,
86.0,13.0,3,-82.7523799824412,,0,
87.0,13.0,3,-73.22609387597186,335.961899,1,409.1879928759719
88.0,13.0,3,-77.58890578523278,,0,
89.0,13.0,3,-96.50614921085071,,0,
90.0,13.0,3,-120.52431877318304,,0,
91.0,13.0,3,-138.89758541827905,-389.739494,1,-250.84190858172093
92.0,13.0,3,-145.606956200907,,0,
93.0,13.0,3,-137.98826226743404,,0,
94.0,13.0,3,-118.02057791664265,,0,
95.0,13.0,3,-90.308816248129,-231.812675,1,-141.503858751871
96.0,13.0,3,-65.0934167454252,,0,
97.0,13.0,3,-53.413794657215476,,0,
98.0,13.0,3,-62.50135632039746,,0,
99.0,13.0,3,-92.34453535056673,-99.486229,1,-7.141693649433265
100.0,13.0,3,-139.1675709784031,,0,
101.0,13.0,3,-199.31506206444465,,0,
102.0,13.0,3,-269.9668526358728,,0,
103.0,13.0,3,-348.5118030437443,-309.133542,1,39.37826104374432
104.0,13.0,3,-431.38983569829725,,0,
105.0,13.0,3,-511.85672253440134,,0,
106.0,13.0,3,-582.5029127817834,,0,
107.0,13.0,3,-636.1148709192639,-778.771369,1,-142.65649808073613
108.0,13.0,3,-668.8654230751563,,0,
109.0,13.0,3,-685.9874433054792,,0,
110.0,13.0,3,-690.2534408781648,,0,
111.0,13.0,3,-682.5854297149344,-725.174415,1,-42.58898528506552
112.0,13.0,3,-662.7436664778506,,0,
113.0,13.0,3,-632.7847556244233,,0,
114.0,13.0,3,-595.3984478219645,,0,
115.0,13.0,3,-554.9878067907412,-388.721744,1,166.26606279074116
116.0,13.0,3,-517.5202734243358,,0,
117.0,13.0,3,-488.0972084681125,,0,
118.0,13.0,3,-466.52429599809693,,0,
119.0,13.0,3,-450.7176504311792,-408.049286,1,42.668364431179214
120.0,13.0,3,-439.2789924565004,,0,
121.0,13.0,3,-428.86862162221223,,0,
122.0,13.0,3,-416.60936887573916,,0,
123.0,13.0,3,-400.0019299854757,-336.20684,1,63.79508998547573
124.0,13.0,3,-378.37558146216907,,0,
125.0,13.0,3,-353.53445204967284,,0,
126.0,13.0,3,-329.6491755791358,,0,
127.0,13.0,3,-309.67732405505376,-334.279564,1,-24.602239944946234
128.0,13.0,3,-294.4284596982179,,0,
129.0,13.0,3,-283.2469205596135,,0,
130.0,13.0,3,-275.193288097973,,0,
131.0,13.0,1,-267.0015958327567,-395.556497,1,-128.55490116724326
132.0,13.0,1,-251.80575244309148,,0,
133.0,13.0,1,-221.03876899654279,,0,
134.0,13.0,1,-170.16027079115156,,0,
135.0,13.0,1,-95.87390707037412,-410.769942,1,-314.8960349296259
136.0,13.0,1,7.701208125276025,,0,
137.0,13.0,1,128.4841265270952,,0,
138.0,13.0,1,257.0605350472033,,0,
139.0,13.0,1,382.2662096484564,556.869722,1,174.6035123515436
140.0,13.0,1,485.62210125586716,,0,
141.0,13.0,1,555.5295906775864,,0,
142.0,13.0,1,578.0109562434955,,0,
143.0,13.0,1,543.2030342464568,1000.412371,1,457.2093367535432
144.0,13.0,1,453.44111273577437,,0,
145.0,13.0,1,337.9220514986082,,0,
146.0,13.0,1,216.43116830312647,,0,
147.0,13.0,1,104.14816183061339,-219.104109,1,-323.2522708306134
148.0,13.0,1,16.473777802078985,,0,
149.0,13.0,1,-34.63684858940542,,0,
150.0,13.0,1,-50.234079572721384,,0,
151.0,13.0,1,-40.29926179477479,84.38573,1,124.68499179477479
152.0,13.0,1,-18.14470388717018,,0,
153.0,13.0,1,10.107207551540341,,0,
154.0,13.0,1,36.714262624504045,,0,
155.0,13.0,1,54.584926387062296,213.670026,1,159.0850996129377
156.0,13.0,1,62.30005980998976,,0,
157.0,13.0,1,59.942237129900604,,0,
158.0,13.0,1,47.894101159181446,,0,
159.0,13.0,1,27.06597663986031,-28.651347,1,-55.71732363986031
160.0,13.0,1,-0.7790961364516988,,0,
161.0,13.0,1,-35.66029762313701,,0,
162.0,13.0,1,-74.9622101848945,,0,
163.0,13.0,1,-113.73993551917374,-284.281275,1,-170.54133948082625
164.0,13.0,1,-144.00878736167215,,0,
165.0,13.0,1,-166.03940068231896,,0,
166.0,13.0,1,-178.4391607698053,,0,
167.0,13.0,1,-180.9073965930147,-231.792118,1,-50.88472140698528
168.0,13.0,2,-174.64338163798675,,0,
169.0,13.0,2,-160.77794887777418,,0,
170.0,13.0,2,-138.6388917332515,,0,
171.0,13.0,2,-109.66574930213392,31.066062,1,140.7318113021339
172.0,13.0,2,-78.67934620997403,,0,
173.0,13.0,2,-43.70703872060403,,0,
174.0,13.0,2,-5.326288640266284,,0,
175.0,13.0,2,33.07496067357715,208.851004,1,175.77604332642284
176.0,13.0,2,64.16342675173655,,0,
177.0,13.0,2,89.02425444300752,,0,
178.0,13.0,2,106.27792004588991,,0,
179.0,13.0,2,113.5801921277307,399.421852,1,285.8416598722693
180.0,13.0,2,106.3512535947375,,0,
181.0,13.0,2,80.11140463408083,,0,
182.0,13.0,2,38.914053411455825,,0,
183.0,13.0,2,-11.078580809524283,5.766613,1,16.845193809524282
184.0,13.0,2,-64.12242212775163,,0,
185.0,13.0,2,-113.53019099449739,,0,
186.0,13.0,2,-152.59607315901667,,0,
187.0,13.0,2,-173.31717186514288,-523.092757,1,-349.7755851348571
188.0,13.0,2,-164.09919674065895,,0,
189.0,13.0,2,-133.23117036442272,,0,
190.0,13.0,2,-87.47987718367949,,0,
191.0,13.0,2,-35.23047288460657,-192.167582,1,-156.93710911539344
192.0,13.0,2,16.110894239274785,,0,
193.0,13.0,2,54.09914651652798,,0,
194.0,13.0,2,73.69971800176427,,0,
195.0,13.0,2,76.36483137495816,-49.110243,1,-125.47507437495815
196.0,13.0,2,69.75144563871436,,0,
197.0,13.0,2,58.38489540060982,,0,
198.0,13.0,2,48.929361981805414,,0,
199.0,13.0,2,46.557844957569614,-104.131246,1,-150.68909095756962
0.0,14.0,0,243.50640225363895,,0,
1.0,14.0,0,235.08879899187014,,0,
2.0,14.0,0,221.27766047418118,361.815164,1,140.5375035258188
3.0,14.0,0,205.2500584810041,,0,
4.0,14.0,0,190.12305388925597,,0,
5.0,14.0,0,176.64913436118513,,0,
6.0,14.0,0,164.96498698322102,152.262179,1,-12.702807983221021
7.0,14.0,0,155.23485117556993,,0,
8.0,14.0,0,146.66321112494916,,0,
9.0,14.0,0,138.2451542899944,,0,
10.0,14.0,0,128.57978637411725,133.221358,1,4.6415716258827615
11.0,14.0,0,115.55887231254019,,0,
12.0,14.0,0,96.50455076387152,,0,
13.0,14.0,0,68.18018035264686,,0,
14.0,14.0,0,28.344095171196386,96.217764,1,67.87366882880362
15.0,14.0,0,-22.992240519088227,,0,
16.0,14.0,0,-84.42310933070257,,0,
17.0,14.0,0,-148.6329366560094,,0,
18.0,14.0,0,-208.49110438174102,-187.352807,1,21.138297381741012
19.0,14.0,0,-260.1567179420963,,0,
20.0,14.0,0,-301.1918503395282,,0,
21.0,14.0,0,-330.0571327744983,,0,
22.0,14.0,0,-346.0565453011077,-403.524,1,-57.46745469889231
23.0,14.0,0,-348.2455578974914,,0,
24.0,14.0,0,-338.79415012942627,,0,
25.0,14.0,0,-319.54653570242226,,0,
26.0,14.0,0,-292.103508622793,-188.721345,1,103.382163622793
27.0,14.0,0,-256.591256422922,,0,
28.0,14.0,0,-213.67257485585287,,0,
29.0,14.0,0,-166.1009735893458,,0,
30.0,14.0,0,-117.47715717554092,-85.412383,1,32.06477417554092
31.0,14.0,0,-72.2501236537355,,0,
32.0,14.0,0,-33.723880966659635,,0,
33.0,14.0,0,-4.92681231489405,,0,
34.0,14.0,0,13.502296510443557,-58.99555,1,-72.49784651044357
35.0,14.0,0,23.216130766668357,,0,
36.0,14.0,0,22.08618919667788,,0,
37.0,14.0,0,9.848210849333555,,0,
38.0,14.0,0,-11.614535518689081,105.256756,1,116.87129151868908
39.0,14.0,0,-41.36826104577631,,0,
40.0,14.0,0,-73.45521270530298,,0,
41.0,14.0,0,-103.95933124003932,,0,
42.0,14.0,0,-129.73806184076238,-250.721655,1,-120.98359315923761
43.0,14.0,0,-149.52214533553342,,0,
44.0,14.0,0,-162.9676945344545,,0,
45.0,14.0,0,-169.2874885397032,,0,
46.0,14.0,0,-167.3834097464569,-249.034633,1,-81.65122325354312
47.0,14.0,0,-159.0866790266009,,0,
48.0,14.0,0,-146.47481859847903,,0,
49.0,14.0,0,-131.53839555708691,,0,
50.0,14.0,0,-116.79789739538683,-74.466875,1,42.331022395386825
51.0,14.0,0,-104.567519310629,,0,
52.0,14.0,0,-97.22845784015954,,0,
53.0,14.0,0,-94.0787580544129,,0,
54.0,14.0,0,-95.65326905460097,64.619517,1,160.27278605460097
55.0,14.0,0,-106.74509761785157,,0,
56.0,14.0,0,-124.11217803903855,,0,
57.0,14.0,0,-143.62784401956014,,0,
58.0,14.0,0,-163.60972173788468,-70.873942,1,92.73577973788468
59.0,14.0,0,-187.01492249342846,,0,
60.0,14.0,0,-212.80681870761327,,0,
61.0,14.0,0,-236.3784831976518,,0,
62.0,14.0,0,-253.9401983913267,-108.401008,1,145.5391903913267
63.0,14.0,0,-263.62868276122026,,0,
64.0,14.0,0,-264.384808995761,,0,
65.0,14.0,0,-255.1229687987361,,0,
66.0,14.0,0,-234.29217742529,-203.821156,1,30.47102142528999
67.0,14.0,0,-200.3314424295677,,0,
68.0,14.0,0,-151.05421089474112,,0,
69.0,14.0,0,-87.87581190140918,,0,
70.0,14.0,0,-15.398329551680945,-109.187516,1,-93.78918644831906
71.0,14.0,0,56.910018633294385,,0,
72.0,14.0,3,117.47172460728325,,0,
73.0,14.0,3,155.5064373940695,,0,
74.0,14.0,3,165.0075741255132,516.500093,1,351.4925188744868
75.0,14.0,3,148.38444299349794,,0,
76.0,14.0,3,110.36460135644302,,0,
77.0,14.0,3,58.615334374597296,,0,
78.0,14.0,3,3.9791507980553433,-321.851983,1,-325.83113379805536
79.0,14.0,3,-46.86177892397973,,0,
80.0,14.0,3,-87.98073368892074,,0,
81.0,14.0,3,-114.42212469945662,,0,
82.0,14.0,3,-124.50224952900317,-187.821058,1,-63.31880847099683
83.0,14.0,3,-118.3205769656197,,0,
84.0,14.0,3,-101.11221529357135,,0,
85.0,14.0,3,-79.73717762308661,,0,
86.0,14.0,3,-60.97178117884323,312.410842,1,373.38262317884323
87.0,14.0,3,-50.776723859482445,,0,
88.0,14.0,3,-53.46489310427569,,0,
89.0,14.0,3,-68.69600655336399,,0,
90.0,14.0,3,-88.74155073935981,-184.819651,1,-96.07810026064018
91.0,14.0,3,-102.22967993363272,,0,
92.0,14.0,3,-105.09951701143291,,0,
93.0,14.0,3,-95.87800233520102,,0,
94.0,14.0,3,-75.46912953496212,-284.154895,1,-208.6857654650379
95.0,14.0,3,-44.792635457226424,,0,
96.0,14.0,3,-17.511884701205418,,0,
97.0,14.0,3,-6.418643378885463,,0,
98.0,14.0,3,-20.688741074322024,196.606753,1,217.29549407432202
99.0,14.0,3,-57.4353571459651,,0,
100.0,14.0,3,-110.95546444063075,,0,
101.0,14.0,3,-176.7858906117035,,0,
102.0,14.0,3,-251.32535919290967,-219.544623,1,31.78073619290967
103.0,14.0,3,-331.94620261077944,,0,
104.0,14.0,3,-414.40228890941944,,0,
105.0,14.0,3,-493.7750301428605,,0,
106.0,14.0,3,-563.8303129664273,-733.725519,1,-169.89520603357266
107.0,14.0,3,-615.6334141552215,,0,
108.0,14.0,3,-650.0334009055514,,0,
109.0,14.0,3,-669.4425191837945,,0,
110.0,14.0,3,-675.5505998061562,-684.823387,1,-9.272787193843783
111.0,14.0,3,-668.7372175026685,,0,
112.0,14.0,3,-649.5855077829328,,0,
113.0,14.0,3,-619.8409112744266,,0,
114.0,14.0,3,-582.8303508671816,-493.644052,1,89.18629886718156
115.0,14.0,3,-544.183856338379,,0,
116.0,14.0,3,-509.95745666202856,,0,
117.0,14.0,3,-484.14035093571874,,0,
118.0,14.0,3,-466.82805089006433,-467.512251,1,-0.6842001099356594
119.0,14.0,3,-455.8433218395803,,0,
120.0,14.0,3,-448.3796590094571,,0,
121.0,14.0,3,-440.5481472943211,,0,
122.0,14.0,3,-428.2865871391259,-456.461701,1,-28.17511386087409
123.0,14.0,3,-408.13007454317994,,0,
124.0,14.0,3,-380.27481829712633,,0,
125.0,14.0,3,-348.41467533941614,,0,
126.0,14.0,3,-318.58548377489205,-254.069434,1,64.51604977489205
127.0,14.0,3,-293.5092668456782,,0,
128.0,14.0,3,-274.34309837251203,,0,
129.0,14.0,3,-260.83081686048536,,0,
130.0,14.0,3,-251.1422567286063,-346.803889,1,-95.66163227139373
131.0,14.0,1,-241.7460530148819,,0,
132.0,14.0,1,-226.689957552735,,0,
133.0,14.0,1,-197.45427077065688,,0,
134.0,14.0,1,-146.29136326169828,-443.577089,1,-297.2857257383017
135.0,14.0,1,-71.22255362971919,,0,
136.0,14.0,1,28.247618029243313,,0,
137.0,14.0,1,145.52350864274194,,0,
138.0,14.0,1,271.6599745845888,149.858698,1,-121.80127658458878
139.0,14.0,1,397.10478148655966,,0,
140.0,14.0,1,503.78870000032475,,0,
141.0,14.0,1,577.8840010602726,,0,
142.0,14.0,1,604.9715792970965,1191.355097,1,586.3835177029034
143.0,14.0,1,564.200752051489,,0,
144.0,14.0,1,471.12907077162527,,0,
145.0,14.0,1,347.8508333627833,,0,
146.0,14.0,1,214.83665374387056,250.813006,1,35.976352256129445
147.0,14.0,1,89.47410768945701,,0,
148.0,14.0,1,-9.687407874094788,,0,
149.0,14.0,1,-68.33445850899443,,0,
150.0,14.0,1,-83.83433780481573,-121.032132,1,-37.19779419518427
151.0,14.0,1,-68.22885386378039,,0,
152.0,14.0,1,-34.963089192751795,,0,
153.0,14.0,1,7.492862888961099,,0,
154.0,14.0,1,50.82316304708365,245.314339,1,194.49117595291634
155.0,14.0,1,84.27774589834735,,0,
156.0,14.0,1,108.59665109956404,,0,
157.0,14.0,1,123.54495046939701,,0,
158.0,14.0,1,128.67767318035476,183.915049,1,55.23737581964525
159.0,14.0,1,124.10339968116023,,0,
160.0,14.0,1,108.61722341703717,,0,
161.0,14.0,1,80.23235937068239,,0,
162.0,14.0,1,40.73695819429122,139.066291,1,98.32933280570879
163.0,14.0,1,-3.6251013348810375,,0,
164.0,14.0,1,-46.154488298343495,,0,
165.0,14.0,1,-83.18372500734404,,0,
166.0,14.0,1,-111.68689320422709,-325.237272,1,-213.55037879577293
167.0,14.0,1,-131.4664976724889,,0,
168.0,14.0,2,-142.86314403638244,,0,
169.0,14.0,2,-145.0851852935739,,0,
170.0,14.0,2,-137.2066189586185,12.204299,1,149.41091795861848
171.0,14.0,2,-121.47193408524618,,0,
172.0,14.0,2,-100.69055110681802,,0,
173.0,14.0,2,-74.61491393507458,,0,
174.0,14.0,2,-43.329128260491416,-83.227938,1,-39.89880973950858
175.0,14.0,2,-8.931629299419,,0,
176.0,14.0,2,23.155413469765335,,0,
177.0,14.0,2,50.13558242894942,,0,
178.0,14.0,2,69.02346694690641,127.180657,1,58.157190053093586
179.0,14.0,2,78.23445197567344,,0,
180.0,14.0,2,75.21772437845357,,0,
181.0,14.0,2,57.98367728176527,,0,
182.0,14.0,2,28.7102887572255,-3.270645,1,-31.9809337572255
183.0,14.0,2,-7.137691581621766,,0,
184.0,14.0,2,-44.52602651482448,,0,
185.0,14.0,2,-77.19065236998722,,0,
186.0,14.0,2,-98.07064736704342,-357.465114,1,-259.3944666329566
187.0,14.0,2,-98.7792759956792,,0,
188.0,14.0,2,-73.18907172477338,,0,
189.0,14.0,2,-25.238873769994825,,0,
190.0,14.0,2,37.4034308467526,-313.621293,1,-351.0247238467526
191.0,14.0,2,103.18413091660477,,0,
192.0,14.0,2,159.72756280656904,,0,
193.0,14.0,2,195.63575459411368,,0,
194.0,14.0,2,207.0387987513095,383.074577,1,176.03577824869046
195.0,14.0,2,196.67111163493246,,0,
196.0,14.0,2,170.85871118621435,,0,
197.0,14.0,2,137.57480682292953,,0,
198.0,14.0,2,107.74861237942241,-266.891599,1,-374.6402113794224
199.0,14.0,2,92.41881591058336,,0,
0.0,15.0,0,226.63395905820653,,0,
1.0,15.0,0,218.9854031871073,447.600719,1,228.61531581289273
2.0,15.0,0,201.5547513938509,,0,
3.0,15.0,0,180.70662836707197,,0,
4.0,15.0,0,159.81597806699574,,0,
5.0,15.0,0,140.59645931702107,155.696,1,15.099540682978926
6.0,15.0,0,124.15233077458106,,0,
7.0,15.0,0,110.83932945464039,,0,
8.0,15.0,0,99.93670003209263,,0,
9.0,15.0,0,90.15660223457962,-14.257122,1,-104.41372423457962
10.0,15.0,0,79.883919230022,,0,
11.0,15.0,0,66.92177044879645,,0,
12.0,15.0,0,48.32564475014806,,0,
13.0,15.0,0,20.45816162507981,121.706606,1,101.24844437492018
14.0,15.0,0,-20.520247030537575,,0,
15.0,15.0,0,-71.82956705382094,,0,
16.0,15.0,0,-130.2321857982315,,0,
17.0,15.0,0,-190.6636743596755,-236.944458,1,-46.2807836403245
18.0,15.0,0,-246.82998123031575,,0,
19.0,15.0,0,-295.55254037398845,,0,
20.0,15.0,0,-333.519328255672,,0,
21.0,15.0,0,-357.9533228701912,-442.73756,1,-84.78423712980879
22.0,15.0,0,-368.9362073817756,,0,
23.0,15.0,0,-366.86520505766384,,0,
24.0,15.0,0,-352.77581469062716,,0,
25.0,15.0,0,-328.1968974126503,-261.395185,1,66.80171241265026
26.0,15.0,0,-296.0006422610022,,0,
27.0,15.0,0,-255.95003008202184,,0,
28.0,15.0,0,-209.81262189894915,,0,
29.0,15.0,0,-161.14440993452445,-100.936271,1,60.20813893452444
30.0,15.0,0,-113.69913631072268,,0,
31.0,15.0,0,-71.44899145956151,,0,
32.0,15.0,0,-37.73683952586725,,0,
33.0,15.0,0,-14.91624490567483,-71.775119,1,-56.858874094325174
34.0,15.0,0,-3.239006105286535,,0,
35.0,15.0,0,-1.8854071717942134,,0,
36.0,15.0,0,-10.957759904908016,,0,
37.0,15.0,0,-29.78686216287315,-40.379784,1,-10.592921837126852
38.0,15.0,0,-56.91154205589555,,0,
39.0,15.0,0,-90.25500019232277,,0,
40.0,15.0,0,-125.36622271640226,,0,
41.0,15.0,0,-157.60539851896465,-225.914996,1,-68.30959748103535
42.0,15.0,0,-182.99783171142917,,0,
43.0,15.0,0,-201.20194319525035,,0,
44.0,15.0,0,-211.45974267995916,,0,
45.0,15.0,0,-213.10267546400428,-366.615907,1,-153.51323153599571
46.0,15.0,0,-203.67067165626213,,0,
47.0,15.0,0,-188.29619481775444,,0,
48.0,15.0,0,-169.67215677769855,,0,
49.0,15.0,0,-149.9150056410581,-81.394956,1,68.5200496410581
50.0,15.0,0,-132.77120976446895,,0,
51.0,15.0,0,-119.05982133623911,,0,
52.0,15.0,0,-110.69979400723241,,0,
53.0,15.0,0,-109.14336426276714,-71.611833,1,37.53153126276713
54.0,15.0,0,-115.13513834180776,,0,
55.0,15.0,0,-129.64431817177683,,0,
56.0,15.0,0,-150.30656498111784,,0,
57.0,15.0,0,-173.874590434134,-234.624518,1,-60.74992756586599
58.0,15.0,0,-198.2260824153782,,0,
59.0,15.0,0,-222.99743610617588,,0,
60.0,15.0,0,-246.48522394848987,,0,
61.0,15.0,0,-265.81790606095456,-263.664137,1,2.1537690609545734
62.0,15.0,0,-278.4026530297706,,0,
63.0,15.0,0,-282.3875213935971,,0,
64.0,15.0,0,-276.7464822595939,,0,
65.0,15.0,0,-260.6360365751898,-191.489585,1,69.14645157518979
66.0,15.0,0,-232.26173366006697,,0,
67.0,15.0,0,-190.17402516922448,,0,
68.0,15.0,0,-134.2901552382391,,0,
69.0,15.0,0,-67.15923879668117,-164.939718,1,-97.78047920331883
70.0,15.0,0,7.511906530009583,,0,
71.0,15.0,0,79.31858224386815,,0,
72.0,15.0,0,137.18625407060608,,0,
73.0,15.0,3,169.92826938699,409.952075,1,240.02380561300998
74.0,15.0,3,169.89196022498072,,0,
75.0,15.0,3,144.7229651856178,,0,
76.0,15.0,3,100.70830636750907,,0,
77.0,15.0,3,47.07310720719397,-218.558277,1,-265.63138420719395
78.0,15.0,3,-1.684208448859863,,0,
79.0,15.0,3,-44.773915996658616,,0,
80.0,15.0,3,-78.61943463317584,,0,
81.0,15.0,3,-99.51013413944747,-183.110743,1,-83.60060886055254
82.0,15.0,3,-105.57334279938368,,0,
83.0,15.0,3,-97.42684939071478,,0,
84.0,15.0,3,-79.4252825260628,,0,
85.0,15.0,3,-57.908296880545095,-67.587969,1,-9.679672119454906
86.0,15.0,3,-38.870142508647405,,0,
87.0,15.0,3,-27.566940740362043,,0,
88.0,15.0,3,-28.13649637810886,,0,
89.0,15.0,3,-41.139311411534436,127.639495,1,168.77880641153445
90.0,15.0,3,-58.04682516286266,,0,
91.0,15.0,3,-68.70939200412249,,0,
92.0,15.0,3,-68.10265810764395,,0,
93.0,15.0,3,-55.46539437258616,-286.040443,1,-230.57504862741382
94.0,15.0,3,-32.174217908177525,,0,
95.0,15.0,3,-2.362769160303287,,0,
96.0,15.0,3,23.746026059030555,,0,
97.0,15.0,3,33.93974682682892,442.29487,1,408.3551231731711
98.0,15.0,3,13.297016590513522,,0,
99.0,15.0,3,-29.251677925989497,,0,
100.0,15.0,3,-87.86515520850662,,0,
101.0,15.0,3,-157.62060009420384,-152.58179,1,5.038810094203825
102.0,15.0,3,-234.0775783001227,,0,
103.0,15.0,3,-313.4874220426136,,0,
104.0,15.0,3,-392.0790583071066,,0,
105.0,15.0,3,-466.43541734456085,-647.266898,1,-180.83148065543912
106.0,15.0,3,-532.1017720283708,,0,
107.0,15.0,3,-584.147417078726,,0,
108.0,15.0,3,-621.5468091750517,,0,
109.0,15.0,3,-644.6239329584932,-656.70424,1,-12.080307041506785
110.0,15.0,3,-653.6836414275022,,0,
111.0,15.0,3,-649.221176764142,,0,
112.0,15.0,3,-632.0868263094744,,0,
113.0,15.0,3,-603.8484842724865,-658.073518,1,-54.225033727513505
114.0,15.0,3,-567.9730897425907,,0,
115.0,15.0,3,-531.5768269030377,,0,
116.0,15.0,3,-500.9997936434811,,0,
117.0,15.0,3,-480.4624347612262,-446.268176,1,34.194258761226195
118.0,15.0,3,-469.23764571145875,,0,
119.0,15.0,3,-464.33724624980823,,0,
120.0,15.0,3,-462.0280727419886,,0,
121.0,15.0,3,-457.7771049066796,-489.884843,1,-32.10773809332039
122.0,15.0,3,-446.547523694986,,0,
123.0,15.0,3,-424.3571410382865,,0,
124.0,15.0,3,-390.5388704161742,,0,
125.0,15.0,3,-349.256630220043,-157.386444,1,191.870186220043
126.0,15.0,3,-310.48171154025476,,0,
127.0,15.0,3,-276.2448124733637,,0,
128.0,15.0,3,-249.80793969187653,,0,
129.0,15.0,3,-230.88879283471033,-233.578651,1,-2.689858165289678
130.0,15.0,3,-216.69863015494775,,0,
131.0,15.0,1,-203.88562413328327,,0,
132.0,15.0,1,-187.72634244000074,,0,
133.0,15.0,1,-160.43165874644183,-455.339509,1,-294.9078502535582
134.0,15.0,1,-109.86039091041312,,0,
135.0,15.0,1,-39.4780135974288,,0,
136.0,15.0,1,50.126122593123,,0,
137.0,15.0,1,156.7553165181307,198.666504,1,41.91118748186929
138.0,15.0,1,273.64265907765366,,0,
139.0,15.0,1,390.83191055455245,,0,
140.0,15.0,1,492.4450193394441,,0,
141.0,15.0,1,561.2650874358369,1062.948701,1,501.6836135641631
142.0,15.0,1,582.7596429918194,,0,
143.0,15.0,1,545.1356212070677,,0,
144.0,15.0,1,455.31854744651355,,0,
145.0,15.0,1,331.3198924449971,470.54225,1,139.22235755500293
146.0,15.0,1,192.71789738559164,,0,
147.0,15.0,1,58.66658227541484,,0,
148.0,15.0,1,-49.73818843055051,,0,
149.0,15.0,1,-113.62331014196388,-440.907269,1,-327.2839588580361
150.0,15.0,1,-126.9829311161302,,0,
151.0,15.0,1,-106.97908183850814,,0,
152.0,15.0,1,-65.87006289884448,,0,
153.0,15.0,1,-12.701805806485936,280.221248,1,292.92305380648594
154.0,15.0,1,43.80470281711314,,0,
155.0,15.0,1,94.69816121063195,,0,
156.0,15.0,1,136.52384710102342,,0,
157.0,15.0,1,169.26920641306788,220.388886,1,51.119679586932136
158.0,15.0,1,192.423663912341,,0,
159.0,15.0,1,206.17689451097976,,0,
160.0,15.0,1,206.14136724360287,,0,
161.0,15.0,1,186.4883457957767,252.400096,1,65.9117502042233
162.0,15.0,1,149.4182857683627,,0,
163.0,15.0,1,101.98145566647872,,0,
164.0,15.0,1,49.46903902949998,,0,
165.0,15.0,1,-2.2997528312262148,-131.060943,1,-128.7611901687738
166.0,15.0,1,-46.36050606612116,,0,
167.0,15.0,2,-83.46086086262949,,0,
168.0,15.0,2,-112.93644463969395,,0,
169.0,15.0,2,-132.8198541236925,-231.171224,1,-98.3513698763075
170.0,15.0,2,-140.7270838432014,,0,
171.0,15.0,2,-139.69334748550318,,0,
172.0,15.0,2,-131.17447973694652,,0,
173.0,15.0,2,-115.50955941108987,-230.818801,1,-115.30924158891014
174.0,15.0,2,-92.86821285937913,,0,
175.0,15.0,2,-64.41949165216647,,0,
176.0,15.0,2,-33.326201133662835,,0,
177.0,15.0,2,-4.0159945989144035,140.205052,1,144.2210465989144
178.0,15.0,2,17.126026019337587,,0,
179.0,15.0,2,30.860363610554487,,0,
180.0,15.0,2,35.628179667983204,,0,
181.0,15.0,2,29.912470882525668,-51.62456,1,-81.53703088252567
182.0,15.0,2,15.18131254403852,,0,
183.0,15.0,2,-4.624739120947197,,0,
184.0,15.0,2,-24.407869443297386,,0,
185.0,15.0,2,-37.911421518190764,-28.503191,1,9.408230518190763
186.0,15.0,2,-38.141713451361284,,0,
187.0,15.0,2,-17.709867113735527,,0,
188.0,15.0,2,26.901771678356454,,0,
189.0,15.0,2,92.56385649554431,-85.697352,1,-178.2612084955443
190.0,15.0,2,173.86246542003937,,0,
191.0,15.0,2,254.6404760023579,,0,
192.0,15.0,2,318.8357720784843,,0,
193.0,15.0,2,353.0103542896686,712.019164,1,359.00880971033143
194.0,15.0,2,357.5733695793897,,0,
195.0,15.0,2,336.1133805504069,,0,
196.0,15.0,2,293.3863895976683,,0,
197.0,15.0,2,240.1724808998406,18.99801,1,-221.1744708998406
198.0,15.0,2,193.77457811683416,,0,
199.0,15.0,2,158.02205548575148,,0,
0.0,16.0,0,198.42907306412235,343.430565,1,145.00149193587765
1.0,16.0,0,188.2523991963826,,0,
2.0,16.0,0,170.39061091374606,,0,
3.0,16.0,0,147.44267816422507,,0,
4.0,16.0,0,122.58532202290371,158.124758,1,35.5394359770963
5.0,16.0,0,98.82619205955416,,0,
6.0,16.0,0,78.42472976027057,,0,
7.0,16.0,0,62.207500561489724,,0,
8.0,16.0,0,49.31520110461861,-2.621592,1,-51.93679310461861
9.0,16.0,0,38.1773911928758,,0,
10.0,16.0,0,27.238971402461175,,0,
11.0,16.0,0,14.386145043303259,,0,
12.0,16.0,0,-3.852595706935972,12.838709,1,16.691304706935973
13.0,16.0,0,-31.827699407935143,,0,
14.0,16.0,0,-71.59604110987857,,0,
15.0,16.0,0,-120.79291220661253,,0,
16.0,16.0,0,-174.98686773655936,-329.206281,1,-154.21941326344063
17.0,16.0,0,-230.43412785395049,,0,
18.0,16.0,0,-282.56483782915166,,0,
19.0,16.0,0,-327.61445955070667,,0,
20.0,16.0,0,-362.43168318015523,-495.195966,1,-132.76428281984477
21.0,16.0,0,-382.47359784832224,,0,
22.0,16.0,0,-389.94813284953125,,0,
23.0,16.0,0,-385.45481741969706,,0,
24.0,16.0,0,-369.3980983108049,-398.480932,1,-29.08283368919507
25.0,16.0,0,-342.41137637617067,,0,
26.0,16.0,0,-306.6530833498109,,0,
27.0,16.0,0,-263.1054430264048,,0,
28.0,16.0,0,-214.24960952973925,-171.770049,1,42.479560529739246
29.0,16.0,0,-164.84265584632521,,0,
30.0,16.0,0,-118.29202676098794,,0,
31.0,16.0,0,-78.48657055618241,,0,
32.0,16.0,0,-48.65237036411418,-24.507013,1,24.145357364114176
33.0,16.0,0,-31.22674437146634,,0,
34.0,16.0,0,-26.167902001878247,,0,
35.0,16.0,0,-32.75942427944392,,0,
36.0,16.0,0,-49.97399394353852,-61.603329,1,-11.629335056461485
37.0,16.0,0,-75.91880781011423,,0,
38.0,16.0,0,-108.1957938214764,,0,
39.0,16.0,0,-143.78259536041878,,0,
40.0,16.0,0,-179.55938005878124,-237.826716,1,-58.26733594121876
41.0,16.0,0,-211.1338644642383,,0,
42.0,16.0,0,-236.41462192125618,,0,
43.0,16.0,0,-252.95297695184126,,0,
44.0,16.0,0,-258.5607677511871,-485.933811,1,-227.3730432488129
45.0,16.0,0,-254.12982775678392,,0,
46.0,16.0,0,-240.83220390882343,,0,
47.0,16.0,0,-222.18793778470717,,0,
48.0,16.0,0,-201.38758819521172,-226.508564,1,-25.120975804788287
49.0,16.0,0,-180.50698382750852,,0,
50.0,16.0,0,-162.4604066843167,,0,
51.0,16.0,0,-148.63065681094304,,0,
52.0,16.0,0,-141.12212637392804,-78.39494,1,62.727186373928035
53.0,16.0,0,-143.05725826177513,,0,
54.0,16.0,0,-153.77246668050066,,0,
55.0,16.0,0,-172.30859836027957,,0,
56.0,16.0,0,-196.45058568386594,-157.064434,1,39.38615168386593
57.0,16.0,0,-223.8330670997966,,0,
58.0,16.0,0,-250.75816499302164,,0,
59.0,16.0,0,-274.8789550054353,,0,
60.0,16.0,0,-294.3497881733347,-361.197445,1,-66.84765682666534
61.0,16.0,0,-307.7768401616486,,0,
62.0,16.0,0,-313.7084319256246,,0,
63.0,16.0,0,-310.63898168329615,,0,
64.0,16.0,0,-297.41430999396835,-241.085285,1,56.329024993968346
65.0,16.0,0,-273.81421923899325,,0,
66.0,16.0,0,-237.26870410260744,,0,
67.0,16.0,0,-186.63008125545457,,0,
68.0,16.0,0,-122.73513184860349,-302.193706,1,-179.45857415139653
69.0,16.0,0,-50.5038346996007,,0,
70.0,16.0,0,24.01556778815575,,0,
71.0,16.0,0,92.9013443889562,,0,
72.0,16.0,0,146.41767467668978,366.225847,1,219.8081723233102
73.0,16.0,3,171.38561655423837,,0,
74.0,16.0,3,167.7445047609508,,0,
75.0,16.0,3,139.89256791444495,,0,
76.0,16.0,3,94.78236337529961,-36.932773,1,-131.7151363752996
77.0,16.0,3,43.41216082582832,,0,
78.0,16.0,3,-3.481928398483433,,0,
79.0,16.0,3,-42.355470046866685,,0,
80.0,16.0,3,-71.07353113923455,-69.379117,1,1.6944141392345529
81.0,16.0,3,-87.19088742166059,,0,
82.0,16.0,3,-89.47573687357362,,0,
83.0,16.0,3,-78.9346803589724,,0,
84.0,16.0,3,-59.367534856603015,-161.838886,1,-102.47135114339699
85.0,16.0,3,-37.33008957412676,,0,
86.0,16.0,3,-18.620521255536005,,0,
87.0,16.0,3,-6.975888162851334,,0,
88.0,16.0,3,-5.401264637825079,232.973074,1,238.37433863782508
89.0,16.0,3,-17.751480926934164,,0,
90.0,16.0,3,-32.908474249532446,,0,
91.0,16.0,3,-41.51589263055939,,0,
92.0,16.0,3,-37.68730781105114,-312.670689,1,-274.98338118894884
93.0,16.0,3,-21.827914213732583,,0,
94.0,16.0,3,2.9053304055705667,,0,
95.0,16.0,3,30.201546579482965,,0,
96.0,16.0,3,50.2135853744694,409.802418,1,359.5888326255306
97.0,16.0,3,53.49194254656322,,0,
98.0,16.0,3,32.26719583198428,,0,
99.0,16.0,3,-11.317109999654349,,0,
100.0,16.0,3,-72.02395361845265,-4.223414,1,67.80053961845265
101.0,16.0,3,-142.83516913196945,,0,
102.0,16.0,3,-218.0490428134799,,0,
103.0,16.0,3,-293.31230076175416,,0,
104.0,16.0,3,-364.9646058374201,-429.410116,1,-64.44551016257992
105.0,16.0,3,-432.11525749694556,,0,
106.0,16.0,3,-493.17394660552964,,0,
107.0,16.0,3,-545.4798457807046,,0,
108.0,16.0,3,-586.5802105870825,-582.887652,1,3.6925585870825444
109.0,16.0,3,-613.9268389009376,,0,
110.0,16.0,3,-626.3125959221506,,0,
111.0,16.0,3,-624.3406755548203,,0,
112.0,16.0,3,-609.4170544052613,-689.123028,1,-79.70597359473868
113.0,16.0,3,-582.4838110052515,,0,
114.0,16.0,3,-549.368838762166,,0,
115.0,16.0,3,-516.4881787177001,,0,
116.0,16.0,3,-490.22303686247324,-380.6378,1,109.58523686247321
117.0,16.0,3,-476.46862781929667,,0,
118.0,16.0,3,-472.68291663349373,,0,
119.0,16.0,3,-475.2959297206835,,0,
120.0,16.0,3,-479.86376318504335,-467.803058,1,12.060705185043332
121.0,16.0,3,-481.3049781018635,,0,
122.0,16.0,3,-473.65235523239244,,0,
123.0,16.0,3,-452.05215514457086,,0,
124.0,16.0,3,-414.91696876927745,-463.214489,1,-48.29752023072257
125.0,16.0,3,-366.2200559360208,,0,
126.0,16.0,3,-313.45220050850185,,0,
127.0,16.0,3,-264.64119576785015,,0,
128.0,16.0,3,-227.79261415731162,24.135069,1,251.9276831573116
129.0,16.0,3,-200.30538989021443,,0,
130.0,16.0,3,-177.98542292322963,,0,
131.0,16.0,1,-158.04352014802862,,0,
132.0,16.0,1,-136.73449258250184,-409.231596,1,-272.4971034174982
133.0,16.0,1,-107.273887920368,,0,
134.0,16.0,1,-62.686309773416724,,0,
135.0,16.0,1,-2.894802712893579,,0,
136.0,16.0,1,71.45190883032046,-50.713558,1,-122.16546683032047
137.0,16.0,1,161.68590093613602,,0,
138.0,16.0,1,261.98919870279497,,0,
139.0,16.0,1,364.71796115953475,,0,
140.0,16.0,1,455.7885416384088,684.537375,1,228.7488333615912
141.0,16.0,1,514.8618656066246,,0,
142.0,16.0,1,532.8958241530927,,0,
143.0,16.0,1,500.2681957692257,,0,
144.0,16.0,1,416.25069863698445,845.07847,1,428.8277713630156
145.0,16.0,1,295.66674611810595,,0,
146.0,16.0,1,157.31377838610206,,0,
147.0,16.0,1,20.28365500632208,,0,
148.0,16.0,1,-93.20984988904092,-594.338071,1,-501.1282211109591
149.0,16.0,1,-155.67812257516198,,0,
150.0,16.0,1,-172.03438237530645,,0,
151.0,16.0,1,-152.9869512427249,,0,
152.0,16.0,1,-109.06671547528822,-71.960354,1,37.106361475288224
153.0,16.0,1,-49.520237834658474,,0,
154.0,16.0,1,18.26121148117818,,0,
155.0,16.0,1,84.72542397794314,,0,
156.0,16.0,1,141.63892441394273,434.692967,1,293.0540425860573
157.0,16.0,1,189.70786576508544,,0,
158.0,16.0,1,230.096859928919,,0,
159.0,16.0,1,261.79848301119637,,0,
160.0,16.0,1,279.17958157497924,679.61685,1,400.43726842502076
161.0,16.0,1,269.3577669817023,,0,
162.0,16.0,1,239.95836958440486,,0,
163.0,16.0,1,194.6246899687685,,0,
164.0,16.0,1,136.87424974888563,144.530281,1,7.656031251114371
165.0,16.0,1,75.22600087581668,,0,
166.0,16.0,1,16.8892121554818,,0,
167.0,16.0,2,-35.94736603787169,,0,
168.0,16.0,2,-81.71680110215675,-128.300592,1,-46.583790897843244
169.0,16.0,2,-117.38909746170975,,0,
170.0,16.0,2,-142.4214198575355,,0,
171.0,16.0,2,-157.40684561268426,,0,
172.0,16.0,2,-162.57086032512598,-344.493841,1,-181.922980674874
173.0,16.0,2,-158.8826327584684,,0,
174.0,16.0,2,-146.6303503063973,,0,
175.0,16.0,2,-125.83377226954326,,0,
176.0,16.0,2,-98.40755172015633,66.314358,1,164.72190972015633
177.0,16.0,2,-69.64879442658275,,0,
178.0,16.0,2,-44.42136484780349,,0,
179.0,16.0,2,-23.87557656574063,,0,
180.0,16.0,2,-9.076840906171128,26.229635,1,35.30647590617113
181.0,16.0,2,-1.8289958401583135,,0,
182.0,16.0,2,-1.1574480449780822,,0,
183.0,16.0,2,-4.445554226753302,,0,
184.0,16.0,2,-6.555881400126964,146.680197,1,153.23607840012696
185.0,16.0,2,-1.028272369876504,,0,
186.0,16.0,2,18.829779312363826,,0,
187.0,16.0,2,59.95917582279071,,0,
188.0,16.0,2,126.1960837696679,6.176874,1,-120.0192097696679
189.0,16.0,2,212.44696953892708,,0,
190.0,16.0,2,308.9675268419087,,0,
191.0,16.0,2,401.51090283552185,,0,
192.0,16.0,2,474.16635261895135,999.249399,1,525.0830463810487
193.0,16.0,2,506.77853113925084,,0,
194.0,16.0,2,508.40049135533627,,0,
195.0,16.0,2,480.80919985147193,,0,
196.0,16.0,2,425.42595301102847,631.842583,1,206.41662998897152
197.0,16.0,2,356.8090041326359,,0,
198.0,16.0,2,290.62650782894343,,0,
199.0,16.0,2,232.91963528678752,,0,
0.0,17.0,0,160.8786884441506,,0,
1.0,17.0,0,148.31914054555818,,0,
2.0,17.0,0,129.60808356525376,,0,
3.0,17.0,0,105.85573971550912,166.136227,1,60.280487284490874
4.0,17.0,0,78.51678841025569,,0,
5.0,17.0,0,51.77109351218678,,0,
6.0,17.0,0,28.734834077302366,,0,
7.0,17.0,0,11.150868293829262,-146.866818,1,-158.01768629382926
8.0,17.0,0,-2.5395883929450065,,0,
9.0,17.0,0,-14.384297807468101,,0,
10.0,17.0,0,-25.500718561001122,,0,
11.0,17.0,0,-37.28967376798391,-99.088452,1,-61.79877823201609
12.0,17.0,0,-53.997242079116404,,0,
13.0,17.0,0,-79.89707537775394,,0,
14.0,17.0,0,-116.72958167316392,,0,
15.0,17.0,0,-162.49910626234487,-270.10623,1,-107.60712373765512
16.0,17.0,0,-211.48463526257547,,0,
17.0,17.0,0,-262.1387201063335,,0,
18.0,17.0,0,-310.0752849513665,,0,
19.0,17.0,0,-350.30940272891894,-449.38357,1,-99.07416727108108
20.0,17.0,0,-380.7365181320347,,0,
21.0,17.0,0,-399.46571662067436,,0,
22.0,17.0,0,-406.4598930319771,,0,
23.0,17.0,0,-401.78127464512363,-468.849574,1,-67.06829935487639
24.0,17.0,0,-385.7321344795637,,0,
25.0,17.0,0,-358.91207132441923,,0,
26.0,17.0,0,-322.2502390264999,,0,
27.0,17.0,0,-276.93480710685253,-295.217725,1,-18.28291789314744
28.0,17.0,0,-226.5867821893189,,0,
29.0,17.0,0,-175.977916172822,,0,
30.0,17.0,0,-129.58661326393485,,0,
31.0,17.0,0,-91.76523100258783,63.109971,1,154.87520200258783
32.0,17.0,0,-65.25883852946572,,0,
33.0,17.0,0,-52.04434757772833,,0,
34.0,17.0,0,-52.585416765883565,,0,
35.0,17.0,0,-65.74445319129154,56.25522,1,121.99967319129155
36.0,17.0,0,-89.65548442327417,,0,
37.0,17.0,0,-121.82114134996664,,0,
38.0,17.0,0,-158.1404484079685,,0,
39.0,17.0,0,-193.84815668221563,-427.995171,1,-234.1470143177844
40.0,17.0,0,-227.85670564480824,,0,
41.0,17.0,0,-258.453204362595,,0,
42.0,17.0,0,-283.1125712413341,,0,
43.0,17.0,0,-298.2236914001405,-477.767068,1,-179.54337659985947
44.0,17.0,0,-299.1027514548041,,0,
45.0,17.0,0,-290.50570292776683,,0,
46.0,17.0,0,-275.08377521205693,,0,
47.0,17.0,0,-255.66413241950795,-384.867924,1,-129.20379158049207
48.0,17.0,0,-235.13043858046876,,0,
49.0,17.0,0,-215.78597858198918,,0,
50.0,17.0,0,-199.40746709378436,,0,
51.0,17.0,0,-187.28457349631935,-128.438246,1,58.84632749631936
52.0,17.0,0,-182.5780751882121,,0,
53.0,17.0,0,-188.05958946148166,,0,
54.0,17.0,0,-203.58141313819215,,0,
55.0,17.0,0,-227.15208042482845,-200.484025,1,26.668055424828452
56.0,17.0,0,-255.8098640338867,,0,
57.0,17.0,0,-286.14590594088077,,0,
58.0,17.0,0,-314.14242880395614,,0,
59.0,17.0,0,-336.3431351217441,-368.947046,1,-32.603910878255874
60.0,17.0,0,-350.8640097484458,,0,
61.0,17.0,0,-357.8497544529382,,0,
62.0,17.0,0,-356.80238608876243,,0,
63.0,17.0,0,-346.8339947233908,-328.887371,1,17.946623723390815
64.0,17.0,0,-326.6086949093151,,0,
65.0,17.0,0,-294.50223932851804,,0,
66.0,17.0,0,-248.7388454794418,,0,
67.0,17.0,0,-189.34682788373902,-327.233215,1,-137.88638711626095
68.0,17.0,0,-117.05610853375401,,0,
69.0,17.0,0,-41.125397503579734,,0,
70.0,17.0,0,31.00364855886437,,0,
71.0,17.0,0,93.31668799044564,65.530738,1,-27.785949990445644
72.0,17.0,0,138.78270572252222,,0,
73.0,17.0,3,160.26270595926326,,0,
74.0,17.0,3,156.44186940649524,,0,
75.0,17.0,3,129.7025607547257,224.918152,1,95.21559124527428
76.0,17.0,3,86.0301385638304,,0,
77.0,17.0,3,37.655461141781416,,0,
78.0,17.0,3,-6.587958978721872,,0,
79.0,17.0,3,-42.456279260339215,44.849656,1,87.30593526033923
80.0,17.0,3,-67.63998998270836,,0,
81.0,17.0,3,-79.98443445158773,,0,
82.0,17.0,3,-78.58089337137062,,0,
83.0,17.0,3,-65.07871806656476,-136.954438,1,-71.87571993343525
84.0,17.0,3,-42.88406440487597,,0,
85.0,17.0,3,-20.30668969496037,,0,
86.0,17.0,3,-3.177626208169386,,0,
87.0,17.0,3,6.258505854289979,238.744912,1,232.48640614571002
88.0,17.0,3,6.558780628838576,,0,
89.0,17.0,3,-2.4729119772673585,,0,
90.0,17.0,3,-14.498734866268933,,0,
91.0,17.0,3,-21.37012868351303,-188.548467,1,-167.17833831648696
92.0,17.0,3,-14.957564354932401,,0,
93.0,17.0,3,1.8214906076755142,,0,
94.0,17.0,3,25.419077231548727,,0,
95.0,17.0,3,49.062458818778396,213.76812,1,164.70566118122161
96.0,17.0,3,61.44810512205004,,0,
97.0,17.0,3,58.97057350538671,,0,
98.0,17.0,3,37.270096256397665,,0,
99.0,17.0,3,-4.868573620449752,143.162601,1,148.03117462044975
100.0,17.0,3,-64.97512796673982,,0,
101.0,17.0,3,-132.7666900232507,,0,
102.0,17.0,3,-202.38521471712738,,0,
103.0,17.0,3,-270.56203283078503,-418.622973,1,-148.06094016921497
104.0,17.0,3,-333.042026451265,,0,
105.0,17.0,3,-392.7709265713347,,0,
106.0,17.0,3,-449.99398197059054,,0,
107.0,17.0,3,-503.1606876254082,-452.48488,1,50.6758076254082
108.0,17.0,3,-548.5589141012751,,0,
109.0,17.0,3,-580.173785143008,,0,
110.0,17.0,3,-595.26538555976,,0,
111.0,17.0,3,-594.6547307123546,-679.414957,1,-84.76022628764531
112.0,17.0,3,-580.6863098072936,,0,
113.0,17.0,3,-556.4619270740077,,0,
114.0,17.0,3,-527.3655095821014,,0,
115.0,17.0,3,-499.5976515934308,-466.993764,1,32.603887593430784
116.0,17.0,3,-479.761151953222,,0,
117.0,17.0,3,-472.418356262584,,0,
118.0,17.0,3,-476.61003055630135,,0,
119.0,17.0,3,-488.03743505768944,-393.538533,1,94.49890205768946
120.0,17.0,3,-501.24832929618424,,0,
121.0,17.0,3,-510.32417345640715,,0,
122.0,17.0,3,-508.7380744491238,,0,
123.0,17.0,3,-490.56782635941636,-552.43347,1,-61.8656436405837
124.0,17.0,3,-452.93563883722527,,0,
125.0,17.0,3,-398.8364504761412,,0,
126.0,17.0,3,-333.39793144044233,,0,
127.0,17.0,3,-267.0422536217375,225.64141,1,492.6836636217375
128.0,17.0,3,-217.74052892206237,,0,
129.0,17.0,3,-177.22123494790867,,0,
130.0,17.0,3,-142.45107830991037,,0,
131.0,17.0,1,-111.54103984066751,-85.184972,1,26.356067840667507
132.0,17.0,1,-82.24489500944037,,0,
133.0,17.0,1,-50.1060270795133,,0,
134.0,17.0,1,-10.955623966874555,,0,
135.0,17.0,1,37.10059993248433,-264.751278,1,-301.85187793248434
136.0,17.0,1,94.59208149369806,,0,
137.0,17.0,1,162.09444288094528,,0,
138.0,17.0,1,238.7025526606012,,0,
139.0,17.0,1,321.0389804634033,305.572843,1,-15.4661374634033
140.0,17.0,1,395.55157641065307,,0,
141.0,17.0,1,446.5051615011762,,0,
142.0,17.0,1,463.6601588259218,,0,
143.0,17.0,1,437.7249934170395,798.670796,1,360.9458025829605
144.0,17.0,1,360.13501341908704,,0,
145.0,17.0,1,246.95668167737313,,0,
146.0,17.0,1,114.49080495536327,,0,
147.0,17.0,1,-18.013203826267272,-352.191777,1,-334.17857317373273
148.0,17.0,1,-127.7758854769636,,0,
149.0,17.0,1,-195.2288857009844,,0,
150.0,17.0,1,-218.56116921280045,,0,
151.0,17.0,1,-205.16180288710166,-547.992295,1,-342.83049211289836
152.0,17.0,1,-163.67835411673877,,0,
153.0,17.0,1,-102.02013299101964,,0,
154.0,17.0,1,-26.9810155206942,,0,
155.0,17.0,1,52.42738244170323,425.405959,1,372.97857655829677
156.0,17.0,1,120.58677969081327,,0,
157.0,17.0,1,182.06463329901453,,0,
158.0,17.0,1,236.9983376361197,,0,
159.0,17.0,1,282.57242438639514,915.677785,1,633.1053606136048
160.0,17.0,1,312.44100615323987,,0,
161.0,17.0,1,319.38945033890195,,0,
162.0,17.0,1,303.7316200331552,,0,
163.0,17.0,1,265.9770492303651,493.548427,1,227.57137776963492
164.0,17.0,1,207.72026414051652,,0,
165.0,17.0,1,141.60805457946844,,0,
166.0,17.0,1,74.52193255117163,,0,
167.0,17.0,2,10.3935896580806,250.408843,1,240.0152533419194
168.0,17.0,2,-47.72312088869512,,0,
169.0,17.0,2,-97.41233440581709,,0,
170.0,17.0,2,-137.83341251697857,,0,
171.0,17.0,2,-168.3850749565754,-259.809662,1,-91.4245870434246
172.0,17.0,2,-187.140243741218,,0,
173.0,17.0,2,-196.3028255229583,,0,
174.0,17.0,2,-195.6482234422583,,0,
175.0,17.0,2,-183.8530130701838,-285.423732,1,-101.57071892981617
176.0,17.0,2,-161.73508539027534,,0,
177.0,17.0,2,-135.34808885166422,,0,
178.0,17.0,2,-107.91280959662981,,0,
179.0,17.0,2,-81.27553445892408,-110.695617,1,-29.420082541075914
180.0,17.0,2,-57.00413645198569,,0,
181.0,17.0,2,-36.47518829710316,,0,
182.0,17.0,2,-20.522884133737534,,0,
183.0,17.0,2,-8.442735317512415,250.401819,1,258.8445543175124
184.0,17.0,2,5.8937335829250515,,0,
185.0,17.0,2,29.437441975343972,,0,
186.0,17.0,2,68.09386028163135,,0,
187.0,17.0,2,127.77891843393445,-107.341926,1,-235.12084443393445
188.0,17.0,2,214.8300374338869,,0,
189.0,17.0,2,319.0975689620245,,0,
190.0,17.0,2,427.7495962816756,,0,
191.0,17.0,2,525.1815797045128,1077.52362,1,552.3420402954871
192.0,17.0,2,598.1339720238466,,0,
193.0,17.0,2,635.8197545986623,,0,
194.0,17.0,2,639.8994597014971,,0,
195.0,17.0,2,611.7757853739895,1079.234966,1,467.4591806260105
196.0,17.0,2,546.3097376804799,,0,
197.0,17.0,2,464.64600747753866,,0,
198.0,17.0,2,381.1288150353357,,0,
199.0,17.0,2,303.41619842592627,294.880268,1,-8.535930425926267
0.0,18.0,0,116.71970499271993,,0,
1.0,18.0,0,102.08998480299488,,0,
2.0,18.0,0,81.71806338755414,204.744233,1,123.02616961244587
3.0,18.0,0,56.717607335187495,,0,
4.0,18.0,0,29.058056254172698,,0,
5.0,18.0,0,1.6786918934667483,,0,
6.0,18.0,0,-22.293400974478573,-133.073325,1,-110.77992402552144
7.0,18.0,0,-39.233648913446814,,0,
8.0,18.0,0,-52.25065105268732,,0,
9.0,18.0,0,-63.439362523844466,,0,
10.0,18.0,0,-73.7252216245979,-183.030428,1,-109.3052063754021
11.0,18.0,0,-82.72598584927619,,0,
12.0,18.0,0,-96.03651178255677,,0,
13.0,18.0,0,-117.61930201004725,,0,
14.0,18.0,0,-149.28585157589987,-101.432407,1,47.85344457589987
15.0,18.0,0,-189.27576243225485,,0,
16.0,18.0,0,-233.76322984008584,,0,
17.0,18.0,0,-280.1367047103704,,0,
18.0,18.0,0,-324.6076108086854,-487.684804,1,-163.07719319131456
19.0,18.0,0,-360.2962877554819,,0,
20.0,18.0,0,-388.2979570934549,,0,
21.0,18.0,0,-407.5818321867846,,0,
22.0,18.0,0,-416.680966227781,-448.729964,1,-32.04899777221897
23.0,18.0,0,-414.05548082571477,,0,
24.0,18.0,0,-400.09269154816866,,0,
25.0,18.0,0,-375.2264660609653,,0,
26.0,18.0,0,-339.9881062353961,-412.391532,1,-72.40342576460387
27.0,18.0,0,-294.60289171291515,,0,
28.0,18.0,0,-244.00644208490849,,0,
29.0,18.0,0,-193.03905350505374,,0,
30.0,18.0,0,-146.65091822482646,-74.801839,1,71.84907922482645
31.0,18.0,0,-110.4705354673788,,0,
32.0,18.0,0,-86.1154542613076,,0,
33.0,18.0,0,-75.80911676306278,,0,
34.0,18.0,0,-80.61420011846349,26.698337,1,107.31253711846348
35.0,18.0,0,-98.32908441731706,,0,
36.0,18.0,0,-126.29204105120152,,0,
37.0,18.0,0,-161.92069724062458,,0,
38.0,18.0,0,-200.78932665567845,-425.047238,1,-224.25791134432154
39.0,18.0,0,-234.72212361195125,,0,
40.0,18.0,0,-266.52609687362565,,0,
41.0,18.0,0,-295.30468423006823,,0,
42.0,18.0,0,-317.9408441083506,-385.89065,1,-67.94980589164942
43.0,18.0,0,-329.4755418305285,,0,
44.0,18.0,0,-329.1412083893083,,0,
45.0,18.0,0,-319.5889122381923,,0,
46.0,18.0,0,-303.8119571483694,-450.968551,1,-147.1565938516306
47.0,18.0,0,-285.0613195486367,,0,
48.0,18.0,0,-266.2344640358351,,0,
49.0,18.0,0,-249.59230506235326,,0,
50.0,18.0,0,-236.62478950596415,-328.629418,1,-92.00462849403584
51.0,18.0,0,-227.32611996866763,,0,
52.0,18.0,0,-226.25555219012313,,0,
53.0,18.0,0,-236.08482831571018,,0,
54.0,18.0,0,-257.02484438288957,-277.798044,1,-20.773199617110436
55.0,18.0,0,-286.39538354659453,,0,
56.0,18.0,0,-319.88204027852044,,0,
57.0,18.0,0,-352.866708170739,,0,
58.0,18.0,0,-381.16051095491275,-445.135529,1,-63.97501804508727
59.0,18.0,0,-400.38359108939767,,0,
60.0,18.0,0,-410.29289328237064,,0,
61.0,18.0,0,-411.2425648996723,,0,
62.0,18.0,0,-403.55106151406653,-385.820124,1,17.73093751406651
63.0,18.0,0,-387.22327255643904,,0,
64.0,18.0,0,-360.5588997194136,,0,
65.0,18.0,0,-320.6446657597844,,0,
66.0,18.0,0,-264.8277372182347,-424.344608,1,-159.5168707817653
67.0,18.0,0,-195.3422883877065,,0,
68.0,18.0,0,-117.199506367906,,0,
69.0,18.0,0,-39.91235834831605,,0,
70.0,18.0,0,27.462731811450794,-57.523175,1,-84.9859068114508
71.0,18.0,0,81.63462885911576,,0,
72.0,18.0,0,119.57166442257585,,0,
73.0,18.0,3,137.8941399937612,,0,
74.0,18.0,3,134.72901463194285,268.672337,1,133.94332236805718
75.0,18.0,3,108.95064727356657,,0,
76.0,18.0,3,68.97726202686317,,0,
77.0,18.0,3,24.88295533612836,,0,
78.0,18.0,3,-15.16926719294861,-127.999721,1,-112.83045380705138
79.0,18.0,3,-47.633203570730984,,0,
80.0,18.0,3,-70.1753157361236,,0,
81.0,18.0,3,-79.80990192526951,,0,
82.0,18.0,3,-74.52733184292447,-198.934155,1,-124.40682315707554
83.0,18.0,3,-56.85038704366889,,0,
84.0,18.0,3,-32.21954216458835,,0,
85.0,18.0,3,-9.24583143509517,,0,
86.0,18.0,3,5.194709767587483,204.405835,1,199.2111252324125
87.0,18.0,3,11.826649393537082,,0,
88.0,18.0,3,11.977347197884228,,0,
89.0,18.0,3,6.728331166028511,,0,
90.0,18.0,3,-0.3952697057975456,-6.081626,1,-5.686356294202454
91.0,18.0,3,-3.6308887030463666,,0,
92.0,18.0,3,1.8577602426230442,,0,
93.0,18.0,3,15.86832951985707,,0,
94.0,18.0,3,35.068064984166995,57.26082,1,22.192755015833008
95.0,18.0,3,52.088464130763896,,0,
96.0,18.0,3,59.04742764408002,,0,
97.0,18.0,3,52.49079749791417,,0,
98.0,18.0,3,29.918208448798396,167.106854,1,137.1886455512016
99.0,18.0,3,-11.983812007121742,,0,
100.0,18.0,3,-67.04845475775073,,0,
101.0,18.0,3,-126.81488746058312,,0,
102.0,18.0,3,-185.3083680701675,-452.787145,1,-267.4787769298325
103.0,18.0,3,-241.52041756012477,,0,
104.0,18.0,3,-295.6046674568206,,0,
105.0,18.0,3,-349.6393673834391,,0,
106.0,18.0,3,-404.5453908373602,-295.185283,1,109.36010783736015
107.0,18.0,3,-460.3678820390196,,0,
108.0,18.0,3,-509.8639051108621,,0,
109.0,18.0,3,-545.4162204739405,,0,
110.0,18.0,3,-562.1853630719706,-769.786967,1,-207.60160392802936
111.0,18.0,3,-562.1313628907665,,0,
112.0,18.0,3,-549.056602221739,,0,
113.0,18.0,3,-527.3279330641963,,0,
114.0,18.0,3,-502.5097858228837,-541.286125,1,-38.776339177116256
115.0,18.0,3,-480.20025867258664,,0,
116.0,18.0,3,-467.06331845582463,,0,
117.0,18.0,3,-467.091734191461,,0,
118.0,18.0,3,-480.34884648770094,-363.067225,1,117.28162148770093
119.0,18.0,3,-501.61162555089686,,0,
120.0,18.0,3,-524.2782102876808,,0,
121.0,18.0,3,-541.8902302776696,,0,
122.0,18.0,3,-547.7155694026733,-642.631106,1,-94.91553659732676
123.0,18.0,3,-534.2957855008717,,0,
124.0,18.0,3,-500.2985951633891,,0,
125.0,18.0,3,-445.59888514640625,,0,
126.0,18.0,3,-373.5193198840134,-294.827303,1,78.69201688401341
127.0,18.0,3,-296.6748899134109,,0,
128.0,18.0,3,-227.74523468571715,,0,
129.0,18.0,3,-168.05098574294243,,0,
130.0,18.0,3,-117.33944393476122,279.610018,1,396.94946193476125
131.0,18.0,1,-72.75027899246197,,0,
132.0,18.0,1,-32.8258361981716,,0,
133.0,18.0,1,3.47505418775836,,0,
134.0,18.0,1,39.080302170012146,10.48074,1,-28.599562170012145
135.0,18.0,1,76.98246692109387,,0,
136.0,18.0,1,117.66268636926543,,0,
137.0,18.0,1,161.77995953639038,,0,
138.0,18.0,1,211.0904805258615,-115.683921,1,-326.7744015258615
139.0,18.0,1,270.2491483821068,,0,
140.0,18.0,1,325.2878184716683,,0,
141.0,18.0,1,365.03646540583577,,0,
142.0,18.0,1,378.68813622149173,429.231959,1,50.543822778508286
143.0,18.0,1,354.84312355914153,,0,
144.0,18.0,1,289.1216320996173,,0,
145.0,18.0,1,188.34093299810775,,0,
146.0,18.0,1,65.02127512404695,157.7184,1,92.69712487595305
147.0,18.0,1,-60.32590930350125,,0,
148.0,18.0,1,-166.6845199011732,,0,
149.0,18.0,1,-238.13285739556886,,0,
150.0,18.0,1,-268.4433497560676,-671.204306,1,-402.76095624393236
151.0,18.0,1,-262.2719791867421,,0,
152.0,18.0,1,-226.32806230674032,,0,
153.0,18.0,1,-166.99468986364082,,0,
154.0,18.0,1,-91.57001388218487,-203.596601,1,-112.02658711781513
155.0,18.0,1,-7.776017058873549,,0,
156.0,18.0,1,72.54920250200666,,0,
157.0,18.0,1,147.4154150027316,,0,
158.0,18.0,1,214.92480589204933,655.641096,1,440.7162901079506
159.0,18.0,1,272.1850688926643,,0,
160.0,18.0,1,314.3560133971041,,0,
161.0,18.0,1,336.56250457675196,,0,
162.0,18.0,1,335.7278620826546,610.623912,1,274.8960499173454
163.0,18.0,1,305.89926746767014,,0,
164.0,18.0,1,255.52896826621145,,0,
165.0,18.0,1,192.92503697727807,,0,
166.0,18.0,1,123.73827237286605,469.937551,1,346.19927862713394
167.0,18.0,2,53.94843042618595,,0,
168.0,18.0,2,-11.909958106698468,,0,
169.0,18.0,2,-71.40964103583246,,0,
170.0,18.0,2,-123.2278296170989,-130.851265,1,-7.623435382901107
171.0,18.0,2,-165.76160741294734,,0,
172.0,18.0,2,-197.588561817538,,0,
173.0,18.0,2,-219.01960782136302,,0,
174.0,18.0,2,-229.73854491231032,-391.52475,1,-161.78620508768967
175.0,18.0,2,-226.16114767536055,,0,
176.0,18.0,2,-212.63015111745335,,0,
177.0,18.0,2,-192.12072083773091,,0,
178.0,18.0,2,-165.6667684802087,-359.588198,1,-193.92142951979127
179.0,18.0,2,-135.8845455481205,,0,
180.0,18.0,2,-104.82738379854709,,0,
181.0,18.0,2,-73.78355371486396,,0,
182.0,18.0,2,-44.399395036976784,153.350431,1,197.74982603697677
183.0,18.0,2,-19.563720886828378,,0,
184.0,18.0,2,9.552738728933036,,0,
185.0,18.0,2,49.70006083510816,,0,
186.0,18.0,2,106.22394802304916,-88.243953,1,-194.46790102304917
187.0,18.0,2,184.01247516018339,,0,
188.0,18.0,2,284.7705126781948,,0,
189.0,18.0,2,400.8633455927484,,0,
190.0,18.0,2,518.5380624239333,795.986743,1,277.44868057606675
191.0,18.0,2,617.912301839795,,0,
192.0,18.0,2,691.9962616974954,,0,
193.0,18.0,2,732.9632068299688,,0,
194.0,18.0,2,738.0237305953633,1322.968476,1,584.9447454046367
195.0,18.0,2,705.9433398544788,,0,
196.0,18.0,2,638.115061840741,,0,
197.0,18.0,2,548.5475535800215,,0,
198.0,18.0,2,451.9404492089525,532.358155,1,80.41770579104752
199.0,18.0,2,358.1038533716928,,0,
0.0,19.0,0,67.24920645169914,,0,
1.0,19.0,0,50.87293772702105,123.043548,1,72.17061027297895
2.0,19.0,0,28.78308047587052,,0,
3.0,19.0,0,3.403621387667954,,0,
4.0,19.0,0,-23.14238266320899,,0,
5.0,19.0,0,-48.55358381237602,-42.262399,1,6.291184812376017
6.0,19.0,0,-70.22141606220976,,0,
7.0,19.0,0,-86.05047576595098,,0,
8.0,19.0,0,-97.26091306842864,,0,
9.0,19.0,0,-105.64418604003731,-178.180954,1,-72.5367679599627
10.0,19.0,0,-112.16023904969916,,0,
11.0,19.0,0,-118.03407730301842,,0,
12.0,19.0,0,-126.90518048871309,,0,
13.0,19.0,0,-142.36920715030283,-108.605716,1,33.763491150302826
14.0,19.0,0,-167.40832366095856,,0,
15.0,19.0,0,-200.9111572378315,,0,
16.0,19.0,0,-239.91940381960012,,0,
17.0,19.0,0,-280.9161671474576,-394.616157,1,-113.69998985254239
18.0,19.0,0,-320.67538196826354,,0,
19.0,19.0,0,-355.49137630686164,,0,
20.0,19.0,0,-384.45068788481876,,0,
21.0,19.0,0,-406.526540367282,-392.258132,1,14.268408367282007
22.0,19.0,0,-419.4792094915174,,0,
23.0,19.0,0,-421.2881415747106,,0,
24.0,19.0,0,-411.26876311184606,,0,
25.0,19.0,0,-389.44344204175286,-450.527249,1,-61.08380695824712
26.0,19.0,0,-356.37467668997124,,0,
27.0,19.0,0,-313.3781120730564,,0,
28.0,19.0,0,-264.3883599108085,,0,
29.0,19.0,0,-214.74641697184416,-167.037849,1,47.70856797184416
30.0,19.0,0,-169.92795007117093,,0,
31.0,19.0,0,-134.57695712172426,,0,
32.0,19.0,0,-111.35285627143458,,0,
33.0,19.0,0,-102.63901946879923,4.205361,1,106.84438046879923
34.0,19.0,0,-110.27511162986048,,0,
35.0,19.0,0,-129.7845195652917,,0,
36.0,19.0,0,-158.13716157735325,,0,
37.0,19.0,0,-192.6488573931274,-391.557246,1,-198.90838860687262
38.0,19.0,0,-229.14842627989128,,0,
39.0,19.0,0,-263.0399952728767,,0,
40.0,19.0,0,-293.8721510175383,,0,
41.0,19.0,0,-320.61532287544105,-451.493252,1,-130.87792912455893
42.0,19.0,0,-340.24501444376074,,0,
43.0,19.0,0,-349.71149850683287,,0,
44.0,19.0,0,-348.9328913933132,,0,
45.0,19.0,0,-339.96840465514106,-383.291304,1,-43.32289934485897
46.0,19.0,0,-324.917207850609,,0,
47.0,19.0,0,-307.7948464807123,,0,
48.0,19.0,0,-291.3103706855327,,0,
49.0,19.0,0,-277.24757138325367,-357.533055,1,-80.28548361674632
50.0,19.0,0,-267.13645984069444,,0,
51.0,19.0,0,-262.3135900278576,,0,
52.0,19.0,0,-265.8234894502675,,0,
53.0,19.0,0,-280.4718278107466,-244.784903,1,35.6869248107466
54.0,19.0,0,-307.32153711328283,,0,
55.0,19.0,0,-342.9066689822357,,0,
56.0,19.0,0,-381.50346357910894,,0,
57.0,19.0,0,-416.6020715813502,-601.827882,1,-185.22581041864987
58.0,19.0,0,-444.387534043286,,0,
59.0,19.0,0,-461.7233587834053,,0,
60.0,19.0,0,-467.6849728501402,,0,
61.0,19.0,0,-463.2727775585372,-460.046369,1,3.226408558537173
62.0,19.0,0,-449.7075981472153,,0,
63.0,19.0,0,-427.3269383199513,,0,
64.0,19.0,0,-394.90086428436916,,0,
65.0,19.0,0,-349.2577887708321,-538.367243,1,-189.1094542291679
66.0,19.0,0,-285.030755976215,,0,
67.0,19.0,0,-208.4221312070731,,0,
68.0,19.0,0,-126.49137605598662,,0,
69.0,19.0,0,-49.22787301428616,174.823929,1,224.05180201428615
70.0,19.0,0,12.133149527944624,,0,
71.0,19.0,0,58.9770473446697,,0,
72.0,19.0,0,90.51195348371402,,0,
73.0,19.0,3,105.37409351277165,22.11265,1,-83.26144351277165
74.0,19.0,3,101.50242437107954,,0,
75.0,19.0,3,79.0773491282016,,0,
76.0,19.0,3,44.1290799654671,,0,
77.0,19.0,3,5.190075385558885,-94.268046,1,-99.45812138555888
78.0,19.0,3,-29.53157569281757,,0,
79.0,19.0,3,-58.44828842522111,,0,
80.0,19.0,3,-79.05681838904275,,0,
81.0,19.0,3,-87.63556113326922,-217.030613,1,-129.39505186673077
82.0,19.0,3,-79.60831545421388,,0,
83.0,19.0,3,-59.294736434472725,,0,
84.0,19.0,3,-32.83684989833273,,0,
85.0,19.0,3,-9.147942393756239,272.057965,1,281.20590739375626
86.0,19.0,3,2.727221092907712,,0,
87.0,19.0,3,9.057546800817363,,0,
88.0,19.0,3,11.859554059512448,,0,
89.0,19.0,3,11.862131638685241,87.441134,1,75.57900236131476
90.0,19.0,3,10.33165516378358,,0,
91.0,19.0,3,10.043668920057826,,0,
92.0,19.0,3,14.01838174337172,,0,
93.0,19.0,3,23.50903645111248,-68.078241,1,-91.58727745111248
94.0,19.0,3,37.04963275336195,,0,
95.0,19.0,3,46.95641350746155,,0,
96.0,19.0,3,47.673191498353845,,0,
97.0,19.0,3,36.539153299701866,232.666477,1,196.12732370029812
98.0,19.0,3,11.909380870522,,0,
99.0,19.0,3,-26.55238964711316,,0,
100.0,19.0,3,-73.79998624479049,,0,
101.0,19.0,3,-122.27939756061824,-265.663422,1,-143.3840244393818
102.0,19.0,3,-166.14706586766988,,0,
103.0,19.0,3,-209.0728082509595,,0,
104.0,19.0,3,-254.1218703315244,,0,
105.0,19.0,3,-304.0739204218844,-164.954661,1,139.1192594218844
106.0,19.0,3,-359.02014217700344,,0,
107.0,19.0,3,-416.47571748512564,,0,
108.0,19.0,3,-469.4446386164054,,0,
109.0,19.0,3,-508.9605319775583,-710.306773,1,-201.34624102244175
110.0,19.0,3,-526.9492652689223,,0,
111.0,19.0,3,-528.1492498508305,,0,
112.0,19.0,3,-516.4121528802789,,0,
113.0,19.0,3,-496.62445598468184,-615.468105,1,-118.84364901531819
114.0,19.0,3,-475.0969692004728,,0,
115.0,19.0,3,-458.58277293016727,,0,
116.0,19.0,3,-452.92258003132883,,0,
117.0,19.0,3,-461.0638322465529,-335.409044,1,125.65478824655293
118.0,19.0,3,-484.39500141504686,,0,
119.0,19.0,3,-515.5803590665455,,0,
120.0,19.0,3,-547.3877188164042,,0,
121.0,19.0,3,-572.7181947366334,-691.750492,1,-119.03229726336656
122.0,19.0,3,-584.778166205273,,0,
123.0,19.0,3,-578.1151376105554,,0,
124.0,19.0,3,-550.0522812423878,,0,
125.0,19.0,3,-498.6107165068097,-743.133884,1,-244.52316749319027
126.0,19.0,3,-423.57791489415104,,0,
127.0,19.0,3,-339.1765794243547,,0,
128.0,19.0,3,-254.72153903613798,,0,
129.0,19.0,3,-175.65710560802836,84.426532,1,260.08363760802837
130.0,19.0,3,-108.72298447528738,,0,
131.0,19.0,1,-48.019977449206635,,0,
132.0,19.0,1,5.365461250010412,,0,
133.0,19.0,1,47.79513507115189,350.083181,1,302.28804592884813
134.0,19.0,1,82.86154466640437,,0,
135.0,19.0,1,113.51182563893963,,0,
136.0,19.0,1,140.39988040621392,,0,
137.0,19.0,1,165.49536793050356,-63.385735,1,-228.88110293050357
138.0,19.0,1,192.54558210045798,,0,
139.0,19.0,1,223.9102902696468,,0,
140.0,19.0,1,255.2283435568679,,0,
141.0,19.0,1,280.65834668290336,23.629639,1,-257.02870768290336
142.0,19.0,1,287.61788249609526,,0,
143.0,19.0,1,265.091508331825,,0,
144.0,19.0,1,208.98436038964428,,0,
145.0,19.0,1,121.16252919007093,427.551937,1,306.3894078099291
146.0,19.0,1,6.986954204447102,,0,
147.0,19.0,1,-110.09186058002524,,0,
148.0,19.0,1,-211.97540441551246,,0,
149.0,19.0,1,-285.2016389038181,-488.086266,1,-202.88462709618193
150.0,19.0,1,-319.71457167807966,,0,
151.0,19.0,1,-320.78239787498023,,0,
152.0,19.0,1,-292.0652779173106,,0,
153.0,19.0,1,-236.83860861789435,-693.303067,1,-456.4644583821057
154.0,19.0,1,-163.41892155609094,,0,
155.0,19.0,1,-80.25069890078157,,0,
156.0,19.0,1,5.957253975560889,,0,
157.0,19.0,1,91.5823646049248,211.19141,1,119.60904539507519
158.0,19.0,1,169.5736516264733,,0,
159.0,19.0,1,237.734309989959,,0,
160.0,19.0,1,291.42714096524287,,0,
161.0,19.0,1,325.25985829066485,461.63326,1,136.37340170933516
162.0,19.0,1,335.387343211798,,0,
163.0,19.0,1,319.48377496004105,,0,
164.0,19.0,1,282.29547923174687,,0,
165.0,19.0,1,229.80465575051494,374.918803,1,145.1141472494851
166.0,19.0,2,164.37055373936892,,0,
167.0,19.0,2,94.86139270482818,,0,
168.0,19.0,2,26.78245475224685,,0,
169.0,19.0,2,-37.43357895943336,119.141751,1,156.57532995943336
170.0,19.0,2,-96.25266165926587,,0,
171.0,19.0,2,-147.79300392395817,,0,
172.0,19.0,2,-189.81878048577346,,0,
173.0,19.0,2,-220.48744923365302,-323.891417,1,-103.40396776634697
174.0,19.0,2,-239.6518784565851,,0,
175.0,19.0,2,-246.67378178052604,,0,
176.0,19.0,2,-243.71179083106108,,0,
177.0,19.0,2,-232.4892299552448,-399.651003,1,-167.1617730447552
178.0,19.0,2,-210.65030407789163,,0,
179.0,19.0,2,-182.41187807521783,,0,
180.0,19.0,2,-149.24688908969983,,0,
181.0,19.0,2,-113.12820115312934,-166.139101,1,-53.01089984687067
182.0,19.0,2,-76.65317425690591,,0,
183.0,19.0,2,-40.22557424020488,,0,
184.0,19.0,2,1.7899945739191025,,0,
185.0,19.0,2,55.75606214115396,-117.880567,1,-173.63662914115395
186.0,19.0,2,126.55303485551849,,0,
187.0,19.0,2,217.2957306052558,,0,
188.0,19.0,2,327.0555682966951,,0,
189.0,19.0,2,448.6385347212199,637.134525,1,188.49599027878014
190.0,19.0,2,569.4758401592262,,0,
191.0,19.0,2,674.602040094207,,0,
192.0,19.0,2,753.3795379274525,,0,
193.0,19.0,2,797.1653660000302,1271.571551,1,474.4061849999698
194.0,19.0,2,802.7555427423213,,0,
195.0,19.0,2,768.7927188617177,,0,
196.0,19.0,2,698.0857550762594,,0,
197.0,19.0,2,602.0456034319941,669.304862,1,67.25925856800586
198.0,19.0,2,494.2943253801204,,0,
199.0,19.0,2,389.6386890816502,,0,
0.0,20.0,0,13.473398805479519,18.942248,1,5.46884919452048
1.0,20.0,0,-5.292796693858691,,0,
2.0,20.0,0,-27.726127438247204,,0,
3.0,20.0,0,-52.13676183111966,,0,
4.0,20.0,0,-76.40048055443913,151.233428,1,227.63390855443913
5.0,20.0,0,-98.53746901208069,,0,
6.0,20.0,0,-116.64348154887557,,0,
7.0,20.0,0,-129.50181674491614,,0,
8.0,20.0,0,-137.3611349647399,-178.498657,1,-41.137522035260105
9.0,20.0,0,-141.26952161476947,,0,
10.0,20.0,0,-142.50553812505677,,0,
11.0,20.0,0,-143.11150807561353,,0,
12.0,20.0,0,-146.12081549386494,-190.32342,1,-44.20260450613506
13.0,20.0,0,-154.2401771938894,,0,
14.0,20.0,0,-171.16581608401611,,0,
15.0,20.0,0,-197.25251671951264,,0,
16.0,20.0,0,-230.2554518909892,-312.228974,1,-81.97352210901079
17.0,20.0,0,-265.68051505147014,,0,
18.0,20.0,0,-302.3437744025141,,0,
19.0,20.0,0,-337.81269650068134,,0,
20.0,20.0,0,-370.05812651175074,-355.407094,1,14.65103251175077
21.0,20.0,0,-397.20102343230974,,0,
22.0,20.0,0,-415.9870429476723,,0,
23.0,20.0,0,-423.6736286324449,,0,
24.0,20.0,0,-418.9297424937831,-439.169772,1,-20.2400295062169
25.0,20.0,0,-401.24732566205785,,0,
26.0,20.0,0,-371.82067586295307,,0,
27.0,20.0,0,-332.32147635146976,,0,
28.0,20.0,0,-285.9581109271385,-338.645549,1,-52.68743807286154
29.0,20.0,0,-238.77972126333043,,0,
30.0,20.0,0,-196.53545550710987,,0,
31.0,20.0,0,-163.2334638836328,,0,
32.0,20.0,0,-141.7379021863453,-73.489775,1,68.24812718634531
33.0,20.0,0,-135.31134112225845,,0,
34.0,20.0,0,-142.76041012490168,,0,
35.0,20.0,0,-160.8080885958625,,0,
36.0,20.0,0,-186.24212284898385,-227.288967,1,-41.04684415101616
37.0,20.0,0,-216.65888577094302,,0,
38.0,20.0,0,-249.42350240400992,,0,
39.0,20.0,0,-281.87185828381917,,0,
40.0,20.0,0,-311.882669739658,-388.434598,1,-76.55192826034198
41.0,20.0,0,-337.03627018630505,,0,
42.0,20.0,0,-354.3909780117683,,0,
43.0,20.0,0,-361.92935207264964,,0,
44.0,20.0,0,-360.1559942481108,-347.643875,1,12.512119248110821
45.0,20.0,0,-351.1502217631787,,0,
46.0,20.0,0,-337.5163834231207,,0,
47.0,20.0,0,-322.5268327941885,,0,
48.0,20.0,0,-308.70172611414455,-342.586632,1,-33.88490588585546
49.0,20.0,0,-297.1897291392088,,0,
50.0,20.0,0,-290.28298097255174,,0,
51.0,20.0,0,-289.70002211706014,,0,
52.0,20.0,0,-297.644107533386,-255.792711,1,41.85139653338598
53.0,20.0,0,-317.12701549753547,,0,
54.0,20.0,0,-349.003996994521,,0,
55.0,20.0,0,-390.12263967620675,,0,
56.0,20.0,0,-434.0419267504476,-586.59193,1,-152.55000324955245
57.0,20.0,0,-471.24388437671587,,0,
58.0,20.0,0,-499.7371683042729,,0,
59.0,20.0,0,-516.0153668246348,,0,
60.0,20.0,0,-518.411406791769,-533.694599,1,-15.283192208231071
61.0,20.0,0,-509.20831137744244,,0,
62.0,20.0,0,-490.5701633786666,,0,
63.0,20.0,0,-463.06005393736996,,0,
64.0,20.0,0,-425.5281945874449,-586.057237,1,-160.5290424125551
65.0,20.0,0,-374.8148944359273,,0,
66.0,20.0,0,-308.5339452457847,,0,
67.0,20.0,0,-230.64576879818924,,0,
68.0,20.0,0,-149.00731603661552,-26.550193,1,122.45712303661551
69.0,20.0,0,-75.58697156177368,,0,
70.0,20.0,0,-16.530136947520077,,0,
71.0,20.0,0,26.321425711386837,,0,
72.0,20.0,0,53.383672601077706,-16.757271,1,-70.14094360107771
73.0,20.0,3,66.0432187190745,,0,
74.0,20.0,3,62.45840475917794,,0,
75.0,20.0,3,43.69910939905094,,0,
76.0,20.0,3,14.505665560951456,-21.458986,1,-35.96465156095145
77.0,20.0,3,-17.8493830927182,,0,
78.0,20.0,3,-48.41317666898249,,0,
79.0,20.0,3,-74.68548983838991,,0,
80.0,20.0,3,-93.94296770868823,-43.135307,1,50.80766070868823
81.0,20.0,3,-101.90953062148765,,0,
82.0,20.0,3,-95.43363672721898,,0,
83.0,20.0,3,-76.49393320363015,,0,
84.0,20.0,3,-51.02181609615218,136.294499,1,187.31631509615218
85.0,20.0,3,-29.920286597684026,,0,
86.0,20.0,3,-14.530264030239778,,0,
87.0,20.0,3,-2.7803603672073223,,0,
88.0,20.0,3,6.613692610524595,-33.735223,1,-40.34891561052459
89.0,20.0,3,14.128398488741368,,0,
90.0,20.0,3,18.786993909510784,,0,
91.0,20.0,3,21.469952004903462,,0,
92.0,20.0,3,24.336066181771457,-57.235932,1,-81.57199818177145
93.0,20.0,3,30.34359242580831,,0,
94.0,20.0,3,36.74822252930608,,0,
95.0,20.0,3,38.757483410299756,,0,
96.0,20.0,3,32.37460893287789,196.450632,1,164.07602306712212
97.0,20.0,3,16.6728758251993,,0,
98.0,20.0,3,-8.368235999834724,,0,
99.0,20.0,3,-41.69845070375595,,0,
100.0,20.0,3,-79.11884692229796,-191.056045,1,-111.93719807770205
101.0,20.0,3,-113.14529896026943,,0,
102.0,20.0,3,-143.5962482523173,,0,
103.0,20.0,3,-174.17924009356648,,0,
104.0,20.0,3,-209.93535869696643,-119.455958,1,90.47940069696644
105.0,20.0,3,-255.99410845927196,,0,
106.0,20.0,3,-310.49834150589595,,0,
107.0,20.0,3,-369.269866317336,,0,
108.0,20.0,3,-424.6680994363269,-517.345017,1,-92.6769175636731
109.0,20.0,3,-465.9473066718783,,0,
110.0,20.0,3,-488.79345751937944,,0,
111.0,20.0,3,-494.0752961168764,,0,
112.0,20.0,3,-484.8035171805532,-582.208668,1,-97.40515081944682
113.0,20.0,3,-466.94342937406327,,0,
114.0,20.0,3,-448.25273172935704,,0,
115.0,20.0,3,-437.240087823011,,0,
116.0,20.0,3,-440.4576956096862,-331.672033,1,108.7856626096862
117.0,20.0,3,-458.58540244190954,,0,
118.0,20.0,3,-490.21301258099265,,0,
119.0,20.0,3,-529.9899166456889,,0,
120.0,20.0,3,-569.9450813456788,-647.693875,1,-77.74879365432128
121.0,20.0,3,-601.6815704785695,,0,
122.0,20.0,3,-618.5270946713863,,0,
123.0,20.0,3,-616.5293165488401,,0,
124.0,20.0,3,-592.9661565148854,-758.094359,1,-165.12820248511468
125.0,20.0,3,-542.9288444535923,,0,
126.0,20.0,3,-471.05663485534023,,0,
127.0,20.0,3,-385.33512772410177,,0,
128.0,20.0,3,-293.3590798084333,-328.818581,1,-35.45950119156669
129.0,20.0,3,-203.340865225764,,0,
130.0,20.0,3,-120.55980834545335,,0,
131.0,20.0,1,-43.670192868681625,,0,
132.0,20.0,1,25.123209596524248,412.220442,1,387.09723240347574
133.0,20.0,1,75.21292514854576,,0,
134.0,20.0,1,114.21439283096697,,0,
135.0,20.0,1,142.8439378424082,,0,
136.0,20.0,1,160.45244488597382,212.860234,1,52.40778911402617
137.0,20.0,1,171.24885943497065,,0,
138.0,20.0,1,179.67967124131974,,0,
139.0,20.0,1,187.43360935884994,,0,
140.0,20.0,1,194.54585941391997,-200.981663,1,-395.52752241392
141.0,20.0,1,204.91994390723994,,0,
142.0,20.0,1,202.2317711226642,,0,
143.0,20.0,1,176.85997418826446,,0,
144.0,20.0,1,124.3018630988081,249.101282,1,124.7994189011919
145.0,20.0,1,42.31207848829217,,0,
146.0,20.0,1,-59.91286025568843,,0,
147.0,20.0,1,-165.81172837002669,,0,
148.0,20.0,1,-259.6192479948513,-257.680696,1,1.9385519948513092
149.0,20.0,1,-329.08367716608336,,0,
150.0,20.0,1,-367.0334323728457,,0,
151.0,20.0,1,-374.5982257646974,,0,
152.0,20.0,1,-353.8136353967129,-602.321887,1,-248.50825160328702
153.0,20.0,1,-303.221716449596,,0,
154.0,20.0,1,-234.31443193298765,,0,
155.0,20.0,1,-154.8055437906878,,0,
156.0,20.0,1,-69.1174353971146,-229.793524,1,-160.6760886028854
157.0,20.0,1,21.527479816926643,,0,
158.0,20.0,1,108.23477521387395,,0,
159.0,20.0,1,186.30936827906407,,0,
160.0,20.0,1,250.96424420538824,336.984048,1,86.01980379461173
161.0,20.0,1,295.50111627788283,,0,
162.0,20.0,1,318.0288311704062,,0,
163.0,20.0,1,317.3819981482811,,0,
164.0,20.0,1,295.2091971305199,263.54637,1,-31.662827130519872
165.0,20.0,1,255.03881925105816,,0,
166.0,20.0,2,199.67501767794602,,0,
167.0,20.0,2,136.24795297533274,,0,
168.0,20.0,2,71.56558669428341,97.768502,1,26.202915305716587
169.0,20.0,2,7.402419051621109,,0,
170.0,20.0,2,-54.523425890132785,,0,
171.0,20.0,2,-111.54118514840957,,0,
172.0,20.0,2,-161.00802852376364,-297.703244,1,-136.69521547623634
173.0,20.0,2,-198.597174980212,,0,
174.0,20.0,2,-226.20594975422136,,0,
175.0,20.0,2,-243.49757067626342,,0,
176.0,20.0,2,-250.5452375167515,-429.768281,1,-179.2230434832485
177.0,20.0,2,-248.39443750400096,,0,
178.0,20.0,2,-236.91962609882466,,0,
179.0,20.0,2,-216.3038368797861,,0,
180.0,20.0,2,-185.8017042526044,-511.086055,1,-325.2843507473956
181.0,20.0,2,-149.39148091798415,,0,
182.0,20.0,2,-110.31888642907143,,0,
183.0,20.0,2,-67.80010297894478,,0,
184.0,20.0,2,-17.52204643341247,-127.571805,1,-110.04975856658753
185.0,20.0,2,45.36630858830176,,0,
186.0,20.0,2,124.7968966618646,,0,
187.0,20.0,2,222.7092934695538,,0,
188.0,20.0,2,337.196884696139,376.778213,1,39.58132830386097
189.0,20.0,2,460.9026788547635,,0,
190.0,20.0,2,583.8786367480643,,0,
191.0,20.0,2,693.8502119886689,,0,
192.0,20.0,2,778.9148076842539,982.292345,1,203.37753731574605
193.0,20.0,2,826.1503655095585,,0,
194.0,20.0,2,834.6512459423393,,0,
195.0,20.0,2,801.583524042042,,0,
196.0,20.0,2,727.0732339653187,934.863028,1,207.78979403468134
197.0,20.0,2,624.099870892358,,0,
198.0,20.0,2,508.5290134851821,,0,
199.0,20.0,2,396.8987926314585,,0,
0.0,21.0,0,-42.133420201949775,,0,
1.0,21.0,0,-62.81048904452473,,0,
2.0,21.0,0,-85.40550373331644,,0,
3.0,21.0,0,-108.23812748614,12.585749,1,120.82387648614
4.0,21.0,0,-129.61437554936856,,0,
5.0,21.0,0,-147.93043713271618,,0,
6.0,21.0,0,-161.7939107719576,,0,
7.0,21.0,0,-170.3602602588944,-170.765211,1,-0.40495074110557994
8.0,21.0,0,-173.4999414468184,,0,
9.0,21.0,0,-171.6918868944049,,0,
10.0,21.0,0,-166.1165249417536,,0,
11.0,21.0,0,-159.06119074684102,-123.844407,1,35.21678374684102
12.0,21.0,0,-153.6039981530048,,0,
13.0,21.0,0,-153.18214025907218,,0,
14.0,21.0,0,-161.21421515650582,,0,
15.0,21.0,0,-178.8914786000969,-239.407619,1,-60.51614039990312
16.0,21.0,0,-204.89615503745154,,0,
17.0,21.0,0,-236.66426993114874,,0,
18.0,21.0,0,-272.40947005385533,,0,
19.0,21.0,0,-310.03948485222645,-281.73083,1,28.308654852226425
20.0,21.0,0,-347.19371044589207,,0,
21.0,21.0,0,-381.01271191681735,,0,
22.0,21.0,0,-407.246572081116,,0,
23.0,21.0,0,-421.710346638225,-508.632984,1,-86.922637361775
24.0,21.0,0,-422.8818431100808,,0,
25.0,21.0,0,-410.44572847988456,,0,
26.0,21.0,0,-385.43787467107177,,0,
27.0,21.0,0,-350.10763217590284,-447.308526,1,-97.20089382409714
28.0,21.0,0,-306.6833586608991,,0,
29.0,21.0,0,-262.95837971940637,,0,
30.0,21.0,0,-224.67369218345266,,0,
31.0,21.0,0,-195.24024572549388,-118.44251,1,76.79773572549388
32.0,21.0,0,-177.02112602069974,,0,
33.0,21.0,0,-171.47898840578273,,0,
34.0,21.0,0,-177.39312228444032,,0,
35.0,21.0,0,-192.09044258488575,-212.088286,1,-19.99784341511426
36.0,21.0,0,-212.6559426020831,,0,
37.0,21.0,0,-237.5679080344271,,0,
38.0,21.0,0,-265.5983620467596,,0,
39.0,21.0,0,-295.480434300669,-288.939539,1,6.5408953006689785
40.0,21.0,0,-324.0840864269994,,0,
41.0,21.0,0,-347.830845201388,,0,
42.0,21.0,0,-363.3918394204229,,0,
43.0,21.0,0,-368.581521153159,-363.004907,1,5.576614153158971
44.0,21.0,0,-365.04558134288527,,0,
45.0,21.0,0,-355.5000620307401,,0,
46.0,21.0,0,-342.77494269819,,0,
47.0,21.0,0,-329.56756194564514,-380.717103,1,-51.14954105435487
48.0,21.0,0,-317.9597605569288,,0,
49.0,21.0,0,-309.38518433086574,,0,
50.0,21.0,0,-305.58667171909474,,0,
51.0,21.0,0,-308.40448686201125,-364.556441,1,-56.15195413798875
52.0,21.0,0,-319.3429444767535,,0,
53.0,21.0,0,-342.4087735824287,,0,
54.0,21.0,0,-378.2707716221921,,0,
55.0,21.0,0,-423.1086621119757,-370.971557,1,52.1371051119757
56.0,21.0,0,-469.9328093114309,,0,
57.0,21.0,0,-511.2356787233148,,0,
58.0,21.0,0,-542.1566546497634,,0,
59.0,21.0,0,-558.2034749438753,-679.920971,1,-121.71749605612467
60.0,21.0,0,-557.3350500438828,,0,
61.0,21.0,0,-544.6178773138672,,0,
62.0,21.0,0,-522.5293257051962,,0,
63.0,21.0,0,-491.9001209096459,-483.194716,1,8.705404909645893
64.0,21.0,0,-452.07328225742094,,0,
65.0,21.0,0,-400.5707278831396,,0,
66.0,21.0,0,-336.2392052398063,,0,
67.0,21.0,0,-262.17728488205466,-335.538427,1,-73.36114211794535
68.0,21.0,0,-185.2273746773135,,0,
69.0,21.0,0,-113.99760768353008,,0,
70.0,21.0,0,-55.49783752462827,,0,
71.0,21.0,0,-14.19448339130031,182.928066,1,197.1225493913003
72.0,21.0,0,11.203164169099182,,0,
73.0,21.0,3,22.534624323016033,,0,
74.0,21.0,3,19.86989511840511,,0,
75.0,21.0,3,4.782041400263552,-106.920142,1,-111.70218340026355
76.0,21.0,3,-18.745251941261813,,0,
77.0,21.0,3,-45.74081512982957,,0,
78.0,21.0,3,-72.67118039744673,,0,
79.0,21.0,3,-97.27415525898687,-69.921374,1,27.352781258986866
80.0,21.0,3,-116.61189836845733,,0,
81.0,21.0,3,-126.18117275531404,,0,
82.0,21.0,3,-123.47757513605757,,0,
83.0,21.0,3,-109.37748156572343,-76.962729,1,32.41475256572343
84.0,21.0,3,-88.24113825405948,,0,
85.0,21.0,3,-65.66013966465835,,0,
86.0,21.0,3,-43.25288815586828,,0,
87.0,21.0,3,-21.463530685170554,-36.943372,1,-15.479841314829443
88.0,21.0,3,-1.3600727567682043,,0,
89.0,21.0,3,15.375478184665553,,0,
90.0,21.0,3,26.874503531260416,,0,
91.0,21.0,3,33.106026334513444,-33.502105,1,-66.60813133451344
92.0,21.0,3,35.80526368552819,,0,
93.0,21.0,3,36.80396925727837,,0,
94.0,21.0,3,35.399409605859546,,0,
95.0,21.0,3,29.290169359883294,106.820955,1,77.5307856401167
96.0,21.0,3,15.7535679085413,,0,
97.0,21.0,3,-3.3179506815504283,,0,
98.0,21.0,3,-26.809697715361835,,0,
99.0,21.0,3,-53.274689711019164,-53.26916,1,0.0055297110191645515
100.0,21.0,3,-79.27632227842696,,0,
101.0,21.0,3,-100.79660562274512,,0,
102.0,21.0,3,-118.591225614422,,0,
103.0,21.0,3,-137.91644306533271,-186.973435,1,-49.05699193466728
104.0,21.0,3,-165.42987206333783,,0,
105.0,21.0,3,-206.105855447473,,0,
106.0,21.0,3,-259.30978554485046,,0,
107.0,21.0,3,-319.1236790380426,-328.910698,1,-9.787018961957415
108.0,21.0,3,-376.4789949278347,,0,
109.0,21.0,3,-422.09806256275624,,0,
110.0,21.0,3,-451.04844572540605,,0,
111.0,21.0,3,-462.3964323978871,-548.878506,1,-86.4820736021129
112.0,21.0,3,-456.81786173477303,,0,
113.0,21.0,3,-441.71860681999533,,0,
114.0,21.0,3,-426.09707871996216,,0,
115.0,21.0,3,-420.1489810269559,-217.700355,1,202.44862602695588
116.0,21.0,3,-432.38272829473135,,0,
117.0,21.0,3,-458.77966680243844,,0,
118.0,21.0,3,-497.3350453180028,,0,
119.0,21.0,3,-544.6026304286206,-526.349121,1,18.253509428620646
120.0,21.0,3,-591.6215448350413,,0,
121.0,21.0,3,-627.9575909925625,,0,
122.0,21.0,3,-646.6372904156451,,0,
123.0,21.0,3,-645.118413044227,-814.699427,1,-169.58101395577296
124.0,21.0,3,-622.0954915525508,,0,
125.0,21.0,3,-576.2538532167673,,0,
126.0,21.0,3,-510.0582824276644,,0,
127.0,21.0,3,-427.67880876082927,-560.982134,1,-133.3033252391707
128.0,21.0,3,-333.9993092894438,,0,
129.0,21.0,3,-239.35041285213083,,0,
130.0,21.0,3,-148.3347380652558,,0,
131.0,21.0,1,-61.87422287638765,257.291537,1,319.16575987638765
132.0,21.0,1,15.786094957846217,,0,
133.0,21.0,1,78.95238751446595,,0,
134.0,21.0,1,127.67672900878824,,0,
135.0,21.0,1,159.93963849171996,363.337703,1,203.39806450828002
136.0,21.0,1,173.31555246119387,,0,
137.0,21.0,1,175.85511454858351,,0,
138.0,21.0,1,172.2171410440933,,0,
139.0,21.0,1,165.192616226268,-110.459385,1,-275.652001226268
140.0,21.0,1,156.3643465777859,,0,
141.0,21.0,1,147.033724364941,,0,
142.0,21.0,1,130.04905518412124,,0,
143.0,21.0,1,96.76777676353231,44.646099,1,-52.12167776353231
144.0,21.0,1,41.72851106780581,,0,
145.0,21.0,1,-35.79173851350788,,0,
146.0,21.0,1,-128.28123932669405,,0,
147.0,21.0,1,-222.944839977019,-208.855722,1,14.089117977019015
148.0,21.0,1,-307.30793416139204,,0,
149.0,21.0,1,-370.98928231117316,,0,
150.0,21.0,1,-408.3845552196726,,0,
151.0,21.0,1,-418.5039299011696,-481.494848,1,-62.99091809883038
152.0,21.0,1,-401.61649563733954,,0,
153.0,21.0,1,-359.0669416664168,,0,
154.0,21.0,1,-297.71765151584987,,0,
155.0,21.0,1,-223.8386581708328,-498.199364,1,-274.3607058291672
156.0,21.0,1,-140.61961458763108,,0,
157.0,21.0,1,-50.60627342609223,,0,
158.0,21.0,1,40.21778483106755,,0,
159.0,21.0,1,125.70124508603476,370.684052,1,244.98280691396525
160.0,21.0,1,199.89972140674945,,0,
161.0,21.0,1,257.0809903861955,,0,
162.0,21.0,1,294.36150216823444,,0,
163.0,21.0,1,310.60858242877293,125.026196,1,-185.58238642877294
164.0,21.0,1,305.4084049563389,,0,
165.0,21.0,1,280.3199239188107,,0,
166.0,21.0,2,238.3289882738609,,0,
167.0,21.0,2,184.76878381101415,0.114409,1,-184.65437481101415
168.0,21.0,2,127.9830847674748,,0,
169.0,21.0,2,66.94559823884629,,0,
170.0,21.0,2,4.632016667164862,,0,
171.0,21.0,2,-54.05829493852798,-276.170464,1,-222.112169061472
172.0,21.0,2,-107.0515324017033,,0,
173.0,21.0,2,-152.31557690916816,,0,
174.0,21.0,2,-189.29206453822553,,0,
175.0,21.0,2,-216.86124997818843,-294.403651,1,-77.5424010218116
176.0,21.0,2,-233.61362842458766,,0,
177.0,21.0,2,-241.78868659376167,,0,
178.0,21.0,2,-242.1463931153994,,0,
179.0,21.0,2,-233.49320092669223,-516.518068,1,-283.02486707330775
180.0,21.0,2,-209.30353785841726,,0,
181.0,21.0,2,-177.44685756624676,,0,
182.0,21.0,2,-141.0475500030443,,0,
183.0,21.0,2,-98.8048416506499,-129.782393,1,-30.977551349350108
184.0,21.0,2,-46.52988191624172,,0,
185.0,21.0,2,19.04938795277849,,0,
186.0,21.0,2,100.8497086877469,,0,
187.0,21.0,2,200.08474223851226,6.877304,1,-193.20743823851225
188.0,21.0,2,314.71867431048304,,0,
189.0,21.0,2,438.7826347365044,,0,
190.0,21.0,2,562.8090357945766,,0,
191.0,21.0,2,674.8644290645607,862.969402,1,188.10497293543926
192.0,21.0,2,763.1864013078157,,0,
193.0,21.0,2,816.4976918166503,,0,
194.0,21.0,2,829.7651514115278,,0,
195.0,21.0,2,800.6324079856277,1235.872049,1,435.2396410143724
196.0,21.0,2,723.6808422780596,,0,
197.0,21.0,2,618.2414985559881,,0,
198.0,21.0,2,499.89316222420894,,0,
199.0,21.0,2,384.8698185184039,-12.362132,1,-397.2319505184039
0.0,22.0,0,-97.19143591914326,,0,
1.0,22.0,0,-119.16017468646169,,0,
2.0,22.0,0,-141.89984043012373,-171.288132,1,-29.38829156987626
3.0,22.0,0,-163.12812703254167,,0,
4.0,22.0,0,-181.61025507980958,,0,
5.0,22.0,0,-195.9553069015965,,0,
6.0,22.0,0,-205.1964621527586,-139.400793,1,65.79566915275862
7.0,22.0,0,-208.78109498869162,,0,
8.0,22.0,0,-206.43383068498224,,0,
9.0,22.0,0,-198.09857707377523,,0,
10.0,22.0,0,-184.45216223364696,-185.308611,1,-0.8564487663530542
11.0,22.0,0,-168.0851349751465,,0,
12.0,22.0,0,-152.47840924747288,,0,
13.0,22.0,0,-141.8121836176142,,0,
14.0,22.0,0,-140.22463269380387,-5.962457,1,134.26217569380387
15.0,22.0,0,-149.2232092084596,,0,
16.0,22.0,0,-168.70687241340056,,0,
17.0,22.0,0,-197.58526854217052,,0,
18.0,22.0,0,-233.74532172526233,-257.638235,1,-23.89291327473768
19.0,22.0,0,-274.5018028613413,,0,
20.0,22.0,0,-317.27397517021745,,0,
21.0,22.0,0,-358.809217059752,,0,
22.0,22.0,0,-393.843077537138,-478.955389,1,-85.11231146286201
23.0,22.0,0,-415.8137405756861,,0,
24.0,22.0,0,-423.85139830224216,,0,
25.0,22.0,0,-417.19224106892943,,0,
26.0,22.0,0,-396.18035051366314,-384.926289,1,11.254061513663146
27.0,22.0,0,-364.03866039053537,,0,
28.0,22.0,0,-325.1518127564341,,0,
29.0,22.0,0,-286.25147141329944,,0,
30.0,22.0,0,-253.40057106222957,-176.071321,1,77.32925006222956
31.0,22.0,0,-228.90391896502115,,0,
32.0,22.0,0,-214.07859876658767,,0,
33.0,22.0,0,-209.3908444014378,,0,
34.0,22.0,0,-213.33226183289662,-285.709266,1,-72.3770041671034
35.0,22.0,0,-223.8260645897244,,0,
36.0,22.0,0,-239.15270066959783,,0,
37.0,22.0,0,-258.31294737244025,,0,
38.0,22.0,0,-280.82892662566155,-177.226406,1,103.60252062566155
39.0,22.0,0,-307.43828470021253,,0,
40.0,22.0,0,-333.348321007099,,0,
41.0,22.0,0,-354.88402835605666,,0,
42.0,22.0,0,-368.68818357028067,-474.547705,1,-105.85952142971934
43.0,22.0,0,-371.1252735927701,,0,
44.0,22.0,0,-365.5612579607405,,0,
45.0,22.0,0,-355.15712965093553,,0,
46.0,22.0,0,-342.93129918474006,-387.842463,1,-44.911163815259954
47.0,22.0,0,-331.10415560094407,,0,
48.0,22.0,0,-321.5617588099558,,0,
49.0,22.0,0,-315.6011497694999,,0,
50.0,22.0,0,-313.92492870334536,-454.965795,1,-141.04086629665466
51.0,22.0,0,-318.11731708276784,,0,
52.0,22.0,0,-330.84777599200606,,0,
53.0,22.0,0,-356.08149010525085,,0,
54.0,22.0,0,-395.0220119623118,-232.222104,1,162.7999079623118
55.0,22.0,0,-442.3381626419723,,0,
56.0,22.0,0,-490.90305993822403,,0,
57.0,22.0,0,-534.401009793859,,0,
58.0,22.0,0,-566.9978501629084,-739.527584,1,-172.5297338370916
59.0,22.0,0,-581.2050022071926,,0,
60.0,22.0,0,-579.7002423251979,,0,
61.0,22.0,0,-566.0459639250766,,0,
62.0,22.0,0,-542.7936703311279,-558.445171,1,-15.651500668872018
63.0,22.0,0,-511.8575711304147,,0,
64.0,22.0,0,-473.44033507513814,,0,
65.0,22.0,0,-425.5112241175957,,0,
66.0,22.0,0,-366.4518544715829,-498.787297,1,-132.3354425284171
67.0,22.0,0,-299.3390310143004,,0,
68.0,22.0,0,-229.04504965641536,,0,
69.0,22.0,0,-161.11576147540472,,0,
70.0,22.0,0,-102.70076801959658,96.678144,1,199.37891201959658
71.0,22.0,0,-62.56121651438298,,0,
72.0,22.0,0,-37.29715835116804,,0,
73.0,22.0,3,-25.46821060986258,,0,
74.0,22.0,3,-26.58028681227006,-107.020871,1,-80.44058418772994
75.0,22.0,3,-38.292061583604664,,0,
76.0,22.0,3,-57.179223123472184,,0,
77.0,22.0,3,-79.79632651014253,,0,
78.0,22.0,3,-103.65755197490216,-48.823623,1,54.833928974902165
79.0,22.0,3,-127.67129753244808,,0,
80.0,22.0,3,-147.78755354543682,,0,
81.0,22.0,3,-160.01477516931482,,0,
82.0,22.0,3,-161.6784996871138,-236.183946,1,-74.50544631288619
83.0,22.0,3,-152.5883694315562,,0,
84.0,22.0,3,-134.44625518890098,,0,
85.0,22.0,3,-109.00291526841465,,0,
86.0,22.0,3,-77.48734688234981,-126.96406,1,-49.47671311765019
87.0,22.0,3,-43.34197476221016,,0,
88.0,22.0,3,-10.418276303447783,,0,
89.0,22.0,3,17.207787013612688,,0,
90.0,22.0,3,35.861271127767395,112.13154,1,76.2702688722326
91.0,22.0,3,45.40104164072545,,0,
92.0,22.0,3,47.113275871495716,,0,
93.0,22.0,3,42.41190159646794,,0,
94.0,22.0,3,32.496970736654475,51.952767,1,19.455796263345526
95.0,22.0,3,17.52924779674504,,0,
96.0,22.0,3,-1.420590918394737,,0,
97.0,22.0,3,-21.91850257012993,,0,
98.0,22.0,3,-42.14979262427369,-59.312359,1,-17.162566375726314
99.0,22.0,3,-61.172724349977216,,0,
100.0,22.0,3,-76.90830591355916,,0,
101.0,22.0,3,-86.85781161894556,,0,
102.0,22.0,3,-92.11102022620616,-263.648415,1,-171.53739477379384
103.0,22.0,3,-100.47045804536901,,0,
104.0,22.0,3,-119.84164586651605,,0,
105.0,22.0,3,-155.5809657778591,,0,
106.0,22.0,3,-208.5748280115513,-125.882794,1,82.69203401155129
107.0,22.0,3,-270.70022646911093,,0,
108.0,22.0,3,-331.7437222584849,,0,
109.0,22.0,3,-382.76553006167524,,0,
110.0,22.0,3,-417.69405398593517,-506.267047,1,-88.57299301406482
111.0,22.0,3,-434.78559396159835,,0,
112.0,22.0,3,-435.19269062922103,,0,
113.0,22.0,3,-424.66330868104706,,0,
114.0,22.0,3,-413.20908688008785,-260.496428,1,152.71265888008787
115.0,22.0,3,-414.36192049237434,,0,
116.0,22.0,3,-431.5277444391686,,0,
117.0,22.0,3,-462.90097178926226,,0,
118.0,22.0,3,-505.88438875362044,-320.506909,1,185.37747975362043
119.0,22.0,3,-559.4064244263573,,0,
120.0,22.0,3,-611.2399827428744,,0,
121.0,22.0,3,-649.8607202813146,,0,
122.0,22.0,3,-666.7994846338406,-952.961119,1,-286.16163436615943
123.0,22.0,3,-662.6721179003362,,0,
124.0,22.0,3,-639.1709563540644,,0,
125.0,22.0,3,-596.7311548508005,,0,
126.0,22.0,3,-536.1282007819973,-665.44132,1,-129.31311921800273
127.0,22.0,3,-457.22674146003556,,0,
128.0,22.0,3,-367.3381073815399,,0,
129.0,22.0,3,-274.26297999726376,,0,
130.0,22.0,3,-182.71026259940118,-275.089996,1,-92.37973340059881
131.0,22.0,1,-93.38201695738826,,0,
132.0,22.0,1,-10.896824765193742,,0,
133.0,22.0,1,61.59026582702063,,0,
134.0,22.0,1,120.48799901106395,359.26963,1,238.78163098893606
135.0,22.0,1,157.37592147663236,,0,
136.0,22.0,1,175.22906110447366,,0,
137.0,22.0,1,178.0699065469671,,0,
138.0,22.0,1,169.9833103803685,57.786058,1,-112.1972523803685
139.0,22.0,1,155.39938765607076,,0,
140.0,22.0,1,133.47327431308804,,0,
141.0,22.0,1,106.48544527363265,,0,
142.0,22.0,1,74.95806220418308,-188.894494,1,-263.8525562041831
143.0,22.0,1,32.1072768305894,,0,
144.0,22.0,1,-27.239444271835964,,0,
145.0,22.0,1,-103.01064010313712,,0,
146.0,22.0,1,-189.40207035874482,-227.703077,1,-38.301006641255185
147.0,22.0,1,-275.77227141847834,,0,
148.0,22.0,1,-351.8820194331929,,0,
149.0,22.0,1,-409.0057374709868,,0,
150.0,22.0,1,-443.1015368013177,-286.909391,1,156.19214580131768
151.0,22.0,1,-453.0074822108727,,0,
152.0,22.0,1,-439.09573024488054,,0,
153.0,22.0,1,-403.5809507560916,,0,
154.0,22.0,1,-350.7479160774965,-564.117493,1,-213.36957692250348
155.0,22.0,1,-284.3020848669112,,0,
156.0,22.0,1,-206.37980919820257,,0,
157.0,22.0,1,-119.1332398163504,,0,
158.0,22.0,1,-26.849041388486512,13.72172,1,40.57076138848651
159.0,22.0,1,64.3650487344712,,0,
160.0,22.0,1,148.2454973871354,,0,
161.0,22.0,1,219.00577275059186,,0,
162.0,22.0,1,272.55572843481787,209.045475,1,-63.510253434817855
163.0,22.0,1,307.363385494682,,0,
164.0,22.0,1,320.5792657743441,,0,
165.0,22.0,2,312.9572746414342,,0,
166.0,22.0,2,287.96633780631237,101.765276,1,-186.20106180631237
167.0,22.0,2,249.31695147999562,,0,
168.0,22.0,2,201.14892154640984,,0,
169.0,22.0,2,144.66555961384438,,0,
170.0,22.0,2,83.1079047541134,-110.741259,1,-193.84916375411342
171.0,22.0,2,24.601598722394556,,0,
172.0,22.0,2,-31.5882162055932,,0,
173.0,22.0,2,-83.76032736990601,,0,
174.0,22.0,2,-129.9784464619588,-200.883367,1,-70.90492053804118
175.0,22.0,2,-167.18020140822046,,0,
176.0,22.0,2,-195.51136674103327,,0,
177.0,22.0,2,-215.38956052763388,,0,
178.0,22.0,2,-226.75892431708053,-155.98672,1,70.77220431708054
179.0,22.0,2,-228.67787424114067,,0,
180.0,22.0,2,-217.0702019073069,,0,
181.0,22.0,2,-195.41345113050193,,0,
182.0,22.0,2,-167.02245747530833,-242.10101,1,-75.07855252469167
183.0,22.0,2,-130.613566103857,,0,
184.0,22.0,2,-82.79822172317654,,0,
185.0,22.0,2,-20.679106671363115,,0,
186.0,22.0,2,57.621110666776076,47.888302,1,-9.732808666776073
187.0,22.0,2,152.82937869848683,,0,
188.0,22.0,2,263.38534041913226,,0,
189.0,22.0,2,384.76809186011087,,0,
190.0,22.0,2,507.9991193257738,605.533421,1,97.53430167422619
191.0,22.0,2,620.0841184910387,,0,
192.0,22.0,2,711.486919031362,,0,
193.0,22.0,2,769.8296443768777,,0,
194.0,22.0,2,784.8299780236557,1463.026223,1,678.1962449763444
195.0,22.0,2,755.8495014100336,,0,
196.0,22.0,2,685.7208461640403,,0,
197.0,22.0,2,586.8829074746463,,0,
198.0,22.0,2,474.30334954033606,277.860814,1,-196.44253554033605
199.0,22.0,2,365.3131499211304,,0,
0.0,23.0,0,-150.17517971759662,,0,
1.0,23.0,0,-172.68269219901413,-162.720194,1,9.962498199014135
2.0,23.0,0,-195.1079643724952,,0,
3.0,23.0,0,-215.27218657708727,,0,
4.0,23.0,0,-231.27477712091058,,0,
5.0,23.0,0,-241.7019506720826,-250.226322,1,-8.524371327917407
6.0,23.0,0,-246.22213274391834,,0,
7.0,23.0,0,-244.5853093524929,,0,
8.0,23.0,0,-236.38516580080613,,0,
9.0,23.0,0,-221.23804970551282,-270.222946,1,-48.98489629448716
10.0,23.0,0,-198.8838647294324,,0,
11.0,23.0,0,-172.66861247515772,,0,
12.0,23.0,0,-146.24139734357595,,0,
13.0,23.0,0,-124.15109918545932,-50.02165,1,74.12944918545932
14.0,23.0,0,-112.48250212229323,,0,
15.0,23.0,0,-112.62946142547298,,0,
16.0,23.0,0,-125.90626396611333,,0,
17.0,23.0,0,-152.65981936641037,-142.274027,1,10.385792366410385
18.0,23.0,0,-190.03914473648183,,0,
19.0,23.0,0,-234.1988210058189,,0,
20.0,23.0,0,-282.50704759638757,,0,
21.0,23.0,0,-331.9425020790659,-269.352742,1,62.58976007906591
22.0,23.0,0,-375.5286503023235,,0,
23.0,23.0,0,-406.5162143748021,,0,
24.0,23.0,0,-422.20355532038957,,0,
25.0,23.0,0,-421.85110140638426,-519.258586,1,-97.40748459361578
26.0,23.0,0,-404.83735024393536,,0,
27.0,23.0,0,-376.8246710598469,,0,
28.0,23.0,0,-343.2019327520393,,0,
29.0,23.0,0,-309.85097553860396,-200.194125,1,109.65685053860395
30.0,23.0,0,-283.4748002786073,,0,
31.0,23.0,0,-263.9640915786149,,0,
32.0,23.0,0,-252.1934429050889,,0,
33.0,23.0,0,-248.6960306428373,-270.921568,1,-22.225537357162693
34.0,23.0,0,-250.852663671365,,0,
35.0,23.0,0,-257.1509307155502,,0,
36.0,23.0,0,-267.1645280257799,,0,
37.0,23.0,0,-281.1546267187223,-103.12224,1,178.03238671872228
38.0,23.0,0,-298.9647964601172,,0,
39.0,23.0,0,-320.07803501945455,,0,
40.0,23.0,0,-341.4022514526732,,0,
41.0,23.0,0,-359.08340976107866,-400.107251,1,-41.023841238921364
42.0,23.0,0,-369.47343423822895,,0,
43.0,23.0,0,-370.3902664029156,,0,
44.0,23.0,0,-363.63423767499626,,0,
45.0,23.0,0,-352.52450241311453,-316.1755,1,36.34900241311453
46.0,23.0,0,-340.8492174530984,,0,
47.0,23.0,0,-330.1492497335712,,0,
48.0,23.0,0,-322.3540309511591,,0,
49.0,23.0,0,-318.9697706401348,-356.27327,1,-37.303499359865214
50.0,23.0,0,-318.80948293046094,,0,
51.0,23.0,0,-323.43945159597206,,0,
52.0,23.0,0,-336.2974472991191,,0,
53.0,23.0,0,-361.9455432347022,-198.789751,1,163.1557922347022
54.0,23.0,0,-402.86928204848664,,0,
55.0,23.0,0,-450.711738170241,,0,
56.0,23.0,0,-498.5912752773147,,0,
57.0,23.0,0,-540.65406814171,-641.753426,1,-101.09935785828998
58.0,23.0,0,-571.107172101154,,0,
59.0,23.0,0,-585.3628932964057,,0,
60.0,23.0,0,-584.4410536075011,,0,
61.0,23.0,0,-571.613214709796,-622.803919,1,-51.19070429020394
62.0,23.0,0,-549.0135776245734,,0,
63.0,23.0,0,-520.1220704128791,,0,
64.0,23.0,0,-486.05657852301374,,0,
65.0,23.0,0,-445.3094954206608,-586.270883,1,-140.9613875793392
66.0,23.0,0,-394.20689035137184,,0,
67.0,23.0,0,-337.09203561604954,,0,
68.0,23.0,0,-276.4230593838729,,0,
69.0,23.0,0,-214.81966954958625,-233.867069,1,-19.047399450413735
70.0,23.0,0,-160.04564681422198,,0,
71.0,23.0,0,-119.18609034022666,,0,
72.0,23.0,0,-92.58429738483392,,0,
73.0,23.0,0,-78.9272333921399,-18.654912,1,60.2723213921399
74.0,23.0,3,-78.00692087737843,,0,
75.0,23.0,3,-86.39605669584125,,0,
76.0,23.0,3,-101.25075674359687,,0,
77.0,23.0,3,-120.26203815976623,-123.765742,1,-3.5037038402337686
78.0,23.0,3,-141.84979872195981,,0,
79.0,23.0,3,-164.60326584236464,,0,
80.0,23.0,3,-185.39871921110898,,0,
81.0,23.0,3,-200.16120128356852,-214.169297,1,-14.008095716431484
82.0,23.0,3,-205.28979791142046,,0,
83.0,23.0,3,-199.43310933370958,,0,
84.0,23.0,3,-182.08784666121937,,0,
85.0,23.0,3,-152.66735531156883,-277.23251,1,-124.56515468843116
86.0,23.0,3,-110.95911068553687,,0,
87.0,23.0,3,-64.09619460295653,,0,
88.0,23.0,3,-18.10377111728303,,0,
89.0,23.0,3,21.0281915536616,128.06273,1,107.03453844633839
90.0,23.0,3,46.31992427317891,,0,
91.0,23.0,3,58.53517861221917,,0,
92.0,23.0,3,58.49456793931313,,0,
93.0,23.0,3,47.320944070932455,116.110986,1,68.79004192906754
94.0,23.0,3,28.697471116902307,,0,
95.0,23.0,3,6.007315053255297,,0,
96.0,23.0,3,-17.31826459162403,,0,
97.0,23.0,3,-37.65357945684809,-76.869613,1,-39.21603354315191
98.0,23.0,3,-53.28587154558045,,0,
99.0,23.0,3,-64.84976027096855,,0,
100.0,23.0,3,-71.2025239628274,,0,
101.0,23.0,3,-70.5396630082978,-262.529347,1,-191.98968399170218
102.0,23.0,3,-63.473794298944995,,0,
103.0,23.0,3,-62.70308909157757,,0,
104.0,23.0,3,-76.58198230713606,,0,
105.0,23.0,3,-109.17266869058949,160.396108,1,269.5687766905895
106.0,23.0,3,-164.26472372730495,,0,
107.0,23.0,3,-229.53450440334564,,0,
108.0,23.0,3,-294.9964123736718,,0,
109.0,23.0,3,-351.802981872228,-422.358918,1,-70.55593612777204
110.0,23.0,3,-392.3585956815514,,0,
111.0,23.0,3,-415.7318054391071,,0,
112.0,23.0,3,-422.72001852397807,,0,
113.0,23.0,3,-417.60756227147067,-451.897855,1,-34.29029272852932
114.0,23.0,3,-411.2540627880953,,0,
115.0,23.0,3,-415.50480923618306,,0,
116.0,23.0,3,-435.4920161597547,,0,
117.0,23.0,3,-470.4828096468118,-156.840883,1,313.64192664681184
118.0,23.0,3,-517.6288772952394,,0,
119.0,23.0,3,-572.143258009688,,0,
120.0,23.0,3,-624.1437360109412,,0,
121.0,23.0,3,-662.5572518914996,-990.278059,1,-327.72080710850037
122.0,23.0,3,-674.7348309180234,,0,
123.0,23.0,3,-667.2793472876365,,0,
124.0,23.0,3,-643.1450839004247,,0,
125.0,23.0,3,-602.7495008569094,-622.956836,1,-20.207335143090518
126.0,23.0,3,-545.8500359847094,,0,
127.0,23.0,3,-473.16917099419516,,0,
128.0,23.0,3,-389.6038834831852,,0,
129.0,23.0,3,-301.49669546919176,-547.381162,1,-245.88446653080825
130.0,23.0,1,-213.3740362911485,,0,
131.0,23.0,1,-127.63614512817003,,0,
132.0,23.0,1,-46.34048010734841,,0,
133.0,23.0,1,28.99690165213542,-12.341728,1,-41.338629652135424
134.0,23.0,1,92.88006377243437,,0,
135.0,23.0,1,139.39658103045076,,0,
136.0,23.0,1,167.55344263659208,,0,
137.0,23.0,1,177.87720623076893,236.090952,1,58.21374576923105
138.0,23.0,1,173.7001603312092,,0,
139.0,23.0,1,156.52137727750232,,0,
140.0,23.0,1,125.25267939612968,,0,
141.0,23.0,1,83.46069569553947,-231.47771,1,-314.9384056955395
142.0,23.0,1,40.22081919526681,,0,
143.0,23.0,1,-12.16679939813912,,0,
144.0,23.0,1,-76.59160114382394,,0,
145.0,23.0,1,-152.52714781556278,-357.803963,1,-205.27681518443723
146.0,23.0,1,-235.67426534928381,,0,
147.0,23.0,1,-317.8730357946479,,0,
148.0,23.0,1,-388.87159351527225,,0,
149.0,23.0,1,-439.68972227955237,-396.137605,1,43.55211727955236
150.0,23.0,1,-469.5234255112009,,0,
151.0,23.0,1,-478.1615773839876,,0,
152.0,23.0,1,-466.51140892208787,,0,
153.0,23.0,1,-436.746213567676,-411.485538,1,25.260675567676003
154.0,23.0,1,-392.1092972669285,,0,
155.0,23.0,1,-334.1459698837716,,0,
156.0,23.0,1,-263.31683909962885,,0,
157.0,23.0,1,-180.02262448635884,-215.919289,1,-35.896664513641156
158.0,23.0,1,-87.39299020112958,,0,
159.0,23.0,1,8.642594924662262,,0,
160.0,23.0,1,102.38541848224122,,0,
161.0,23.0,1,187.67322003818117,299.090352,1,111.41713196181882
162.0,23.0,1,259.0902891017031,,0,
163.0,23.0,1,312.6803178485716,,0,
164.0,23.0,1,345.0151978179347,,0,
165.0,23.0,2,355.6108913559001,244.522554,1,-111.08833735590008
166.0,23.0,2,349.11173832416534,,0,
167.0,23.0,2,326.27492985036224,,0,
168.0,23.0,2,289.31553420447744,,0,
169.0,23.0,2,240.2638214651961,-255.470906,1,-495.7347274651961
170.0,23.0,2,182.78703392855823,,0,
171.0,23.0,2,122.213089318946,,0,
172.0,23.0,2,61.298120122170076,,0,
173.0,23.0,2,2.753588863881305,-106.253674,1,-109.00726286388131
174.0,23.0,2,-51.75972141418606,,0,
175.0,23.0,2,-100.32034916430712,,0,
176.0,23.0,2,-141.7606304489309,,0,
177.0,23.0,2,-175.07920211786404,70.044453,1,245.12365511786405
178.0,23.0,2,-199.2470969092101,,0,
179.0,23.0,2,-212.86894653143827,,0,
180.0,23.0,2,-214.48081778059714,,0,
181.0,23.0,2,-205.59912412019912,-150.476901,1,55.12222312019912
182.0,23.0,2,-189.0698947957717,,0,
183.0,23.0,2,-162.96748441411182,,0,
184.0,23.0,2,-124.27933781035244,,0,
185.0,23.0,2,-70.17829917161725,12.592775,1,82.77107417161726
186.0,23.0,2,0.20151473255828023,,0,
187.0,23.0,2,86.69404554087669,,0,
188.0,23.0,2,188.71059002936818,,0,
189.0,23.0,2,303.60282897390425,285.995803,1,-17.60702597390423
190.0,23.0,2,422.11022696923465,,0,
191.0,23.0,2,532.933434965089,,0,
192.0,23.0,2,626.0932815154083,,0,
193.0,23.0,2,689.1093194447458,1104.977525,1,415.86820555525424
194.0,23.0,2,704.712536218809,,0,
195.0,23.0,2,679.4911142808851,,0,
196.0,23.0,2,618.8837802428752,,0,
197.0,23.0,2,531.9639250413748,653.861346,1,121.89742095862528
198.0,23.0,2,429.80055316654034,,0,
199.0,23.0,2,330.0339672123082,,0,
0.0,24.0,0,-200.27101371018216,-45.332914,1,154.93809971018214
1.0,24.0,0,-222.85915284231305,,0,
2.0,24.0,0,-244.70085014868528,,0,
3.0,24.0,0,-263.7365034822142,,0,
4.0,24.0,0,-277.4919559247792,-320.102806,1,-42.61085007522081
5.0,24.0,0,-284.1419814424589,,0,
6.0,24.0,0,-284.28454306256026,,0,
7.0,24.0,0,-277.65393535629846,,0,
8.0,24.0,0,-263.4797818395309,-244.100113,1,19.379668839530922
9.0,24.0,0,-241.01967190019786,,0,
10.0,24.0,0,-210.55868512857705,,0,
11.0,24.0,0,-174.84215838782256,,0,
12.0,24.0,0,-137.9824733454734,-162.663153,1,-24.680679654526585
13.0,24.0,0,-104.94122041622177,,0,
14.0,24.0,0,-82.23116063757334,,0,
15.0,24.0,0,-73.51983583439142,,0,
16.0,24.0,0,-80.82678723847494,34.65889,1,115.48567723847493
17.0,24.0,0,-106.43336731567979,,0,
18.0,24.0,0,-145.42187724658288,,0,
19.0,24.0,0,-193.34308316360693,,0,
20.0,24.0,0,-246.88564057881013,-100.969429,1,145.91621157881013
21.0,24.0,0,-304.5143408384174,,0,
22.0,24.0,0,-356.7195552737103,,0,
23.0,24.0,0,-396.24440142198,,0,
24.0,24.0,0,-418.7894201364834,-580.906993,1,-162.11757286351667
25.0,24.0,0,-423.69316306430846,,0,
26.0,24.0,0,-412.38671991974115,,0,
27.0,24.0,0,-390.0390603959095,,0,
28.0,24.0,0,-363.14918361231685,-198.925577,1,164.22360661231684
29.0,24.0,0,-337.2300370351877,,0,
30.0,24.0,0,-316.53504103410523,,0,
31.0,24.0,0,-301.61878219246864,,0,
32.0,24.0,0,-292.3602356640622,-182.01855,1,110.3416856640622
33.0,24.0,0,-290.0665316861123,,0,
34.0,24.0,0,-290.63209409825504,,0,
35.0,24.0,0,-292.7815793719492,,0,
36.0,24.0,0,-297.19056626438396,-241.941625,1,55.24894126438397
37.0,24.0,0,-305.8337450653198,,0,
38.0,24.0,0,-317.9796020099893,,0,
39.0,24.0,0,-333.0420933882706,,0,
40.0,24.0,0,-349.0794434656855,-295.953888,1,53.125555465685466
41.0,24.0,0,-362.4896416563424,,0,
42.0,24.0,0,-369.6833873721771,,0,
43.0,24.0,0,-368.92222351161763,,0,
44.0,24.0,0,-361.5611639657873,-370.986461,1,-9.425297034212747
45.0,24.0,0,-350.6322096529184,,0,
46.0,24.0,0,-339.64684576680884,,0,
47.0,24.0,0,-330.44024944026023,,0,
48.0,24.0,0,-324.13248562416993,-209.105981,1,115.02650462416992
49.0,24.0,0,-323.09388827427756,,0,
50.0,24.0,0,-324.5264265942387,,0,
51.0,24.0,0,-329.3756083713379,,0,
52.0,24.0,0,-341.57646642805776,-204.256212,1,137.32025442805775
53.0,24.0,0,-367.8467652355321,,0,
54.0,24.0,0,-406.2752955665346,,0,
55.0,24.0,0,-451.0439187567681,,0,
56.0,24.0,0,-495.30488494609017,-578.666934,1,-83.3620490539098
57.0,24.0,0,-533.3932420856436,,0,
58.0,24.0,0,-560.5786439829972,,0,
59.0,24.0,0,-573.6861839417834,,0,
60.0,24.0,0,-572.5289626093581,-618.346415,1,-45.81745239064185
61.0,24.0,0,-560.3126606592268,,0,
62.0,24.0,0,-540.1515164403245,,0,
63.0,24.0,0,-515.0529172322713,,0,
64.0,24.0,0,-486.69308602577075,-457.813035,1,28.88005102577074
65.0,24.0,0,-453.6988728857832,,0,
66.0,24.0,0,-414.29514366644435,,0,
67.0,24.0,0,-370.0752727285726,,0,
68.0,24.0,0,-322.132347729872,-513.110485,1,-190.97813727012806
69.0,24.0,0,-268.9702631980763,,0,
70.0,24.0,0,-219.61100026103668,,0,
71.0,24.0,0,-180.1899050672073,,0,
72.0,24.0,0,-153.41475146939047,6.449456,1,159.86420746939046
73.0,24.0,0,-138.70953807624755,,0,
74.0,24.0,3,-134.84354752721265,,0,
75.0,24.0,3,-139.4481586748734,,0,
76.0,24.0,3,-150.18937561723578,-262.014607,1,-111.82523138276423
77.0,24.0,3,-165.44961052614963,,0,
78.0,24.0,3,-184.12889932538383,,0,
79.0,24.0,3,-205.12470683269203,,0,
80.0,24.0,3,-226.08848690247396,-174.049806,1,52.03868090247397
81.0,24.0,3,-242.3708064732491,,0,
82.0,24.0,3,-249.31725708208978,,0,
83.0,24.0,3,-243.96424729912542,,0,
84.0,24.0,3,-224.49869672230852,-311.601691,1,-87.1029942776915
85.0,24.0,3,-188.20750196953304,,0,
86.0,24.0,3,-137.60634762677364,,0,
87.0,24.0,3,-78.86689187726006,,0,
88.0,24.0,3,-20.960088638064917,-73.728484,1,-52.76839536193508
89.0,24.0,3,27.68756910209777,,0,
90.0,24.0,3,59.23227402323391,,0,
91.0,24.0,3,72.8209642249858,,0,
92.0,24.0,3,70.13992676566704,203.163289,1,133.02336223433295
93.0,24.0,3,51.85089295532089,,0,
94.0,24.0,3,25.575066699879244,,0,
95.0,24.0,3,-3.2276501175947487,,0,
96.0,24.0,3,-29.692159581696615,-125.870372,1,-96.17821241830339
97.0,24.0,3,-48.092544226237806,,0,
98.0,24.0,3,-58.80443191039376,,0,
99.0,24.0,3,-62.713008085615,,0,
100.0,24.0,3,-59.64911189459963,-198.288471,1,-138.63935910540036
101.0,24.0,3,-47.15523268136894,,0,
102.0,24.0,3,-32.13707967917435,,0,
103.0,24.0,3,-26.654173269227613,,0,
104.0,24.0,3,-41.28076374786906,315.367912,1,356.64867574786905
105.0,24.0,3,-77.43024982939824,,0,
106.0,24.0,3,-133.04355180013226,,0,
107.0,24.0,3,-200.15409252600512,,0,
108.0,24.0,3,-269.40115715173306,-206.539296,1,62.86186115173305
109.0,24.0,3,-330.68886595917866,,0,
110.0,24.0,3,-376.8205669222516,,0,
111.0,24.0,3,-405.9672757651424,,0,
112.0,24.0,3,-418.9149793898396,-556.917214,1,-138.00223461016037
113.0,24.0,3,-417.4638179723697,,0,
114.0,24.0,3,-413.45460616081255,,0,
115.0,24.0,3,-418.2564683420351,,0,
116.0,24.0,3,-439.3540904172696,-197.959892,1,241.39419841726962
117.0,24.0,3,-476.03389277053066,,0,
118.0,24.0,3,-524.2981992069981,,0,
119.0,24.0,3,-577.0702778936247,,0,
120.0,24.0,3,-623.9313184312196,-950.939812,1,-327.0084935687804
121.0,24.0,3,-655.8463346302451,,0,
122.0,24.0,3,-666.1481330391252,,0,
123.0,24.0,3,-657.4118813351379,,0,
124.0,24.0,3,-633.7067616028944,-584.272112,1,49.43464960289441
125.0,24.0,3,-595.5389229771681,,0,
126.0,24.0,3,-542.8347950442694,,0,
127.0,24.0,3,-476.6000350766117,,0,
128.0,24.0,3,-399.8983755253721,-567.846981,1,-167.94860547462793
129.0,24.0,3,-318.2337144303601,,0,
130.0,24.0,1,-236.30111623890116,,0,
131.0,24.0,1,-157.1502397902077,,0,
132.0,24.0,1,-81.92916841665283,-261.592948,1,-179.66377958334715
133.0,24.0,1,-8.432702013291419,,0,
134.0,24.0,1,57.097467564133694,,0,
135.0,24.0,1,111.28688113333192,,0,
136.0,24.0,1,151.16194268944673,331.683793,1,180.52185031055325
137.0,24.0,1,171.81766822061036,,0,
138.0,24.0,1,177.07318997295806,,0,
139.0,24.0,1,164.83012405480258,,0,
140.0,24.0,1,131.22126212203875,46.844714,1,-84.37654812203874
141.0,24.0,1,83.02697288384661,,0,
142.0,24.0,1,27.737702008278575,,0,
143.0,24.0,1,-34.71239161049016,,0,
144.0,24.0,1,-104.10398470424116,-490.005829,1,-385.90184429575885
145.0,24.0,1,-181.08254489279352,,0,
146.0,24.0,1,-263.04259166656993,,0,
147.0,24.0,1,-343.40067591681145,,0,
148.0,24.0,1,-412.6305243524257,-656.276102,1,-243.64557764757433
149.0,24.0,1,-458.6821084730327,,0,
150.0,24.0,1,-484.52483259665314,,0,
151.0,24.0,1,-491.7194178076461,,0,
152.0,24.0,1,-481.9365803913679,-352.696009,1,129.2405713913679
153.0,24.0,1,-457.2411251938902,,0,
154.0,24.0,1,-419.69295566855,,0,
155.0,24.0,1,-370.0249179851962,,0,
156.0,24.0,1,-307.06929943780415,-416.154755,1,-109.08545556219588
157.0,24.0,1,-228.01823800918646,,0,
158.0,24.0,1,-136.85206411138643,,0,
159.0,24.0,1,-37.567127163754776,,0,
160.0,24.0,1,65.52271886705421,24.155265,1,-41.36745386705421
161.0,24.0,1,165.15626402548514,,0,
162.0,24.0,1,254.06096521858126,,0,
163.0,24.0,1,326.52267501177266,,0,
164.0,24.0,1,378.58876327669714,426.621214,1,48.03245072330287
165.0,24.0,2,408.28685618634336,,0,
166.0,24.0,2,418.34375285124406,,0,
167.0,24.0,2,410.40839561773464,,0,
168.0,24.0,2,385.9592043941375,-202.860804,1,-588.8200083941375
169.0,24.0,2,346.03760297154076,,0,
170.0,24.0,2,293.0301014564466,,0,
171.0,24.0,2,231.18003513978329,,0,
172.0,24.0,2,165.15695352607872,59.424629,1,-105.73232452607871
173.0,24.0,2,100.45143318688497,,0,
174.0,24.0,2,37.045104176038876,,0,
175.0,24.0,2,-23.501187959918752,,0,
176.0,24.0,2,-79.00480116531253,-90.691855,1,-11.687053834687475
177.0,24.0,2,-126.96027214627247,,0,
178.0,24.0,2,-165.26013926183805,,0,
179.0,24.0,2,-192.0966315761907,,0,
180.0,24.0,2,-207.22080011910293,-33.678497,1,173.54230311910294
181.0,24.0,2,-212.24305576877668,,0,
182.0,24.0,2,-208.5884745902149,,0,
183.0,24.0,2,-194.96700957557186,,0,
184.0,24.0,2,-168.36122790630907,-226.305464,1,-57.94423609369093
185.0,24.0,2,-125.05268652690575,,0,
186.0,24.0,2,-65.3745863782242,,0,
187.0,24.0,2,9.7499562301673,,0,
188.0,24.0,2,99.61930022295564,-90.906847,1,-190.52614722295564
189.0,24.0,2,204.95680496329442,,0,
190.0,24.0,2,315.1845402563922,,0,
191.0,24.0,2,420.6314953141846,,0,
192.0,24.0,2,510.7102334215306,626.784468,1,116.07423457846937
193.0,24.0,2,572.5830931277014,,0,
194.0,24.0,2,595.3483871752396,,0,
195.0,24.0,2,579.5538502965355,,0,
196.0,24.0,2,529.9837255063467,695.298118,1,165.31439249365337
197.0,24.0,2,455.1697059040889,,0,
198.0,24.0,2,366.38150329887867,,0,
199.0,24.0,2,278.3922202279791,,0,
0.0,25.0,0,-246.97669320041314,,0,
1.0,25.0,0,-269.0191294213291,,0,
2.0,25.0,0,-289.8806634214707,,0,
3.0,25.0,0,-307.52478536823764,-357.613892,1,-50.08910663176238
4.0,25.0,0,-318.59973482380155,,0,
5.0,25.0,0,-322.5080993815791,,0,
6.0,25.0,0,-319.19120923243463,,0,
7.0,25.0,0,-308.33903615223244,-324.58624,1,-16.247203847767537
8.0,25.0,0,-288.82062828168273,,0,
9.0,25.0,0,-259.6657131841057,,0,
10.0,25.0,0,-221.23351000482216,,0,
11.0,25.0,0,-176.09197905659676,-76.832725,1,99.25925405659676
12.0,25.0,0,-128.62558435305255,,0,
13.0,25.0,0,-84.65580269484781,,0,
14.0,25.0,0,-51.461447912734,,0,
15.0,25.0,0,-35.29101712349802,29.751246,1,65.04226312349802
16.0,25.0,0,-38.57021118956618,,0,
17.0,25.0,0,-62.04744795477018,,0,
18.0,25.0,0,-102.68618806451559,,0,
19.0,25.0,0,-155.5488380054012,27.156749,1,182.70558700540118
20.0,25.0,0,-216.15433890477289,,0,
21.0,25.0,0,-279.9807244425174,,0,
22.0,25.0,0,-339.4128503019456,,0,
23.0,25.0,0,-386.7797139696777,-477.075569,1,-90.29585503032229
24.0,25.0,0,-415.68698257557116,,0,
25.0,25.0,0,-426.54531101253815,,0,
26.0,25.0,0,-421.26748807448894,,0,
27.0,25.0,0,-404.8219354695175,-343.099261,1,61.72267446951747
28.0,25.0,0,-384.83084088534815,,0,
29.0,25.0,0,-365.8995806146413,,0,
30.0,25.0,0,-351.56362507119775,,0,
31.0,25.0,0,-342.28057211777195,-126.940464,1,215.34010811777193
32.0,25.0,0,-337.0741925511975,,0,
33.0,25.0,0,-334.69418101455085,,0,
34.0,25.0,0,-332.6525250952691,,0,
35.0,25.0,0,-330.4183557126671,-328.182416,1,2.2359397126671183
36.0,25.0,0,-329.4339777319692,,0,
37.0,25.0,0,-331.4112117123441,,0,
38.0,25.0,0,-336.80582052632235,,0,
39.0,25.0,0,-345.51663088053465,-314.151231,1,31.365399880534653
40.0,25.0,0,-356.4659796450287,,0,
41.0,25.0,0,-366.08125913428375,,0,
42.0,25.0,0,-370.755289491266,,0,
43.0,25.0,0,-368.23408596101217,-474.508002,1,-106.2739160389878
44.0,25.0,0,-360.4375055117416,,0,
45.0,25.0,0,-350.4395263098413,,0,
46.0,25.0,0,-341.36760062817484,,0,
47.0,25.0,0,-335.5635767020285,-133.036066,1,202.5275107020285
48.0,25.0,0,-332.73573680757545,,0,
49.0,25.0,0,-332.6513770282618,,0,
50.0,25.0,0,-334.3748000243213,,0,
51.0,25.0,0,-339.0104288996663,-207.068134,1,131.9422948996663
52.0,25.0,0,-350.4288559895358,,0,
53.0,25.0,0,-372.6973193168524,,0,
54.0,25.0,0,-405.3158046687022,,0,
55.0,25.0,0,-444.2653302154504,-477.746118,1,-33.48078778454965
56.0,25.0,0,-482.6375914955279,,0,
57.0,25.0,0,-515.07050602464,,0,
58.0,25.0,0,-537.4526947150007,,0,
59.0,25.0,0,-547.9741056626663,-650.733743,1,-102.75963733733374
60.0,25.0,0,-545.4618763723411,,0,
61.0,25.0,0,-534.4892104678147,,0,
62.0,25.0,0,-517.9190230809618,,0,
63.0,25.0,0,-497.9025686425157,-447.898795,1,50.00377364251568
64.0,25.0,0,-476.79716773796827,,0,
65.0,25.0,0,-453.26546100806445,,0,
66.0,25.0,0,-426.1469830207061,,0,
67.0,25.0,0,-395.00438955961727,-606.847408,1,-211.8430184403827
68.0,25.0,0,-359.1330807545164,,0,
69.0,25.0,0,-318.58736259961734,,0,
70.0,25.0,0,-277.98507721791975,,0,
71.0,25.0,0,-242.53437649924308,-150.466189,1,92.06818749924307
72.0,25.0,0,-217.53810297918972,,0,
73.0,25.0,0,-202.20634415285895,,0,
74.0,25.0,3,-195.65687142289244,,0,
75.0,25.0,3,-196.333471018821,-198.532857,1,-2.199385981179006
76.0,25.0,3,-202.58256069006165,,0,
77.0,25.0,3,-213.45566454686923,,0,
78.0,25.0,3,-228.38635852350853,,0,
79.0,25.0,3,-246.71184177626856,-184.403224,1,62.30861777626856
80.0,25.0,3,-267.04936346120667,,0,
81.0,25.0,3,-283.42847016849555,,0,
82.0,25.0,3,-289.92722493002657,,0,
83.0,25.0,3,-281.6428841847228,-378.584769,1,-96.9418848152772
84.0,25.0,3,-256.4916653124237,,0,
85.0,25.0,3,-213.60894184897188,,0,
86.0,25.0,3,-154.20282727584708,,0,
87.0,25.0,3,-82.8078133376548,-244.789979,1,-161.98216566234518
88.0,25.0,3,-12.50682101357961,,0,
89.0,25.0,3,43.82419541582931,,0,
90.0,25.0,3,78.06883648165967,,0,
91.0,25.0,3,89.2299683582969,369.82213,1,280.5921616417031
92.0,25.0,3,80.30626822524937,,0,
93.0,25.0,3,55.937594595132396,,0,
94.0,25.0,3,23.791966529446654,,0,
95.0,25.0,3,-9.018541493918747,-179.204488,1,-170.18594650608125
96.0,25.0,3,-36.4313757881755,,0,
97.0,25.0,3,-53.479784657101845,,0,
98.0,25.0,3,-59.12062933249399,,0,
99.0,25.0,3,-54.82648787024664,-257.575622,1,-202.74913412975337
100.0,25.0,3,-41.974063573317835,,0,
101.0,25.0,3,-22.442435011616908,,0,
102.0,25.0,3,-3.3681740678148344,,0,
103.0,25.0,3,3.4538476546294987,320.783674,1,317.3298263453705
104.0,25.0,3,-16.606893909123755,,0,
105.0,25.0,3,-58.15256099792168,,0,
106.0,25.0,3,-116.5142584440764,,0,
107.0,25.0,3,-185.78597562777577,-66.167331,1,119.61864462777577
108.0,25.0,3,-258.742657038616,,0,
109.0,25.0,3,-323.3152961296728,,0,
110.0,25.0,3,-372.6613132962957,,0,
111.0,25.0,3,-404.65810009051347,-505.14048,1,-100.48237990948655
112.0,25.0,3,-419.82568809739314,,0,
113.0,25.0,3,-421.4186776441202,,0,
114.0,25.0,3,-418.0677373528306,,0,
115.0,25.0,3,-420.6137554665329,-210.173241,1,210.4405144665329
116.0,25.0,3,-440.4631702233455,,0,
117.0,25.0,3,-474.9131769472733,,0,
118.0,25.0,3,-520.4752729290631,,0,
119.0,25.0,3,-569.8778817291604,-754.847915,1,-184.9700332708395
120.0,25.0,3,-610.1684448752785,,0,
121.0,25.0,3,-636.591175921174,,0,
122.0,25.0,3,-644.5943857511738,,0,
123.0,25.0,3,-635.0443220585585,-545.332307,1,89.71201505855845
124.0,25.0,3,-612.6173170387046,,0,
125.0,25.0,3,-576.8100153281121,,0,
126.0,25.0,3,-528.0659556369646,,0,
127.0,25.0,3,-467.8328780711745,-549.896956,1,-82.06407792882555
128.0,25.0,3,-397.52906986529706,,0,
129.0,25.0,3,-322.95243963066605,,0,
130.0,25.0,1,-248.16387218688033,,0,
131.0,25.0,1,-175.90133650170173,-314.828407,1,-138.9270704982983
132.0,25.0,1,-107.06436835415661,,0,
133.0,25.0,1,-41.36247271229513,,0,
134.0,25.0,1,20.014391373784747,,0,
135.0,25.0,1,76.47551616816781,-38.07467,1,-114.55018616816781
136.0,25.0,1,122.95886596629862,,0,
137.0,25.0,1,154.87935190810822,,0,
138.0,25.0,1,171.99832521460485,,0,
139.0,25.0,1,170.85094593686517,593.758863,1,422.90791706313485
140.0,25.0,1,140.53661310567986,,0,
141.0,25.0,1,92.51894396892749,,0,
142.0,25.0,1,32.46174349356443,,0,
143.0,25.0,1,-36.97185509663541,-267.173672,1,-230.2018169033646
144.0,25.0,1,-109.42401396867353,,0,
145.0,25.0,1,-187.8706074276124,,0,
146.0,25.0,1,-269.4951042648172,,0,
147.0,25.0,1,-347.94114753458416,-713.405737,1,-365.4645894654159
148.0,25.0,1,-414.3097053489182,,0,
149.0,25.0,1,-460.082519052783,,0,
150.0,25.0,1,-484.4892159566516,,0,
151.0,25.0,1,-490.75132511998527,-472.605277,1,18.146048119985267
152.0,25.0,1,-482.5771578042768,,0,
153.0,25.0,1,-462.0419282804942,,0,
154.0,25.0,1,-430.66655451478437,,0,
155.0,25.0,1,-388.48935641767457,-246.635095,1,141.85426141767456
156.0,25.0,1,-332.54620795615483,,0,
157.0,25.0,1,-259.85101130767725,,0,
158.0,25.0,1,-171.71575476741418,,0,
159.0,25.0,1,-71.31020682211965,-202.694513,1,-131.38430617788035
160.0,25.0,1,39.404437113786116,,0,
161.0,25.0,1,151.2177317191381,,0,
162.0,25.0,1,255.63038505637087,,0,
163.0,25.0,1,345.00893383292714,481.564259,1,136.55532516707285
164.0,25.0,2,414.92980342614464,,0,
165.0,25.0,2,462.511948317755,,0,
166.0,25.0,2,487.87349600321613,,0,
167.0,25.0,2,493.6338643694762,460.349489,1,-33.28437536947621
168.0,25.0,2,482.0202910453081,,0,
169.0,25.0,2,451.7338775533717,,0,
170.0,25.0,2,403.3064479790628,,0,
171.0,25.0,2,341.530636579555,-16.125153,1,-357.655789579555
172.0,25.0,2,272.6020685011754,,0,
173.0,25.0,2,201.06012726482004,,0,
174.0,25.0,2,128.26503852696624,,0,
175.0,25.0,2,55.79304809332825,-133.863362,1,-189.65641009332825
176.0,25.0,2,-13.641234257724136,,0,
177.0,25.0,2,-76.69213609874714,,0,
178.0,25.0,2,-129.67424992914312,,0,
179.0,25.0,2,-169.7447915514349,-177.241247,1,-7.4964554485650865
180.0,25.0,2,-197.73882705532014,,0,
181.0,25.0,2,-215.99998078402132,,0,
182.0,25.0,2,-225.54684369149618,,0,
183.0,25.0,2,-225.02783341659233,-145.006827,1,80.02100641659234
184.0,25.0,2,-211.2610242983792,,0,
185.0,25.0,2,-180.87608931260183,,0,
186.0,25.0,2,-133.06681200908497,,0,
187.0,25.0,2,-69.27411458815914,-199.95098,1,-130.67686541184085
188.0,25.0,2,9.050567380851135,,0,
189.0,25.0,2,99.99454401805997,,0,
190.0,25.0,2,197.58739425148815,,0,
191.0,25.0,2,294.3983721169643,204.250803,1,-90.14756911696432
192.0,25.0,2,378.96687420317903,,0,
193.0,25.0,2,439.7184742670506,,0,
194.0,25.0,2,468.9474406223744,,0,
195.0,25.0,2,464.5103429524461,579.500685,1,114.9903420475539
196.0,25.0,2,427.11049502249807,,0,
197.0,25.0,2,366.08173424284905,,0,
198.0,25.0,2,291.82114184834063,,0,
199.0,25.0,2,216.78594774473459,-29.519423,1,-246.30537074473457
0.0,26.0,0,-290.3095442673657,,0,
1.0,26.0,0,-311.127238887304,,0,
2.0,26.0,0,-330.40179203124717,-337.599935,1,-7.1981429687528475
3.0,26.0,0,-346.0426816162653,,0,
4.0,26.0,0,-355.4845484851394,,0,
5.0,26.0,0,-357.46990949707106,,0,
6.0,26.0,0,-351.4530226471834,-327.309704,1,24.143318647183378
7.0,26.0,0,-337.23596767522395,,0,
8.0,26.0,0,-313.22715518437326,,0,
9.0,26.0,0,-278.19735330494586,,0,
10.0,26.0,0,-232.09049063827842,-72.498732,1,159.5917586382784
11.0,26.0,0,-177.6811781222932,,0,
12.0,26.0,0,-119.85916691814782,,0,
13.0,26.0,0,-65.19773044192698,,0,
14.0,26.0,0,-21.80834918562323,114.365107,1,136.17345618562322
15.0,26.0,0,0.9887604406103492,,0,
16.0,26.0,0,2.174465821823105,,0,
17.0,26.0,0,-19.352350426488556,,0,
18.0,26.0,0,-62.08722079684958,76.948188,1,139.0354087968496
19.0,26.0,0,-120.31299521960318,,0,
20.0,26.0,0,-187.5200061769574,,0,
21.0,26.0,0,-257.31690513761714,,0,
22.0,26.0,0,-322.87637073360384,-343.832834,1,-20.956463266396156
23.0,26.0,0,-376.7870751041919,,0,
24.0,26.0,0,-413.73480156925507,,0,
25.0,26.0,0,-432.01445698790485,,0,
26.0,26.0,0,-433.2601168830879,-429.623055,1,3.637061883087881
27.0,26.0,0,-422.8787984345108,,0,
28.0,26.0,0,-407.84062878775876,,0,
29.0,26.0,0,-394.23845165304374,,0,
30.0,26.0,0,-386.2841867781244,-187.799109,1,198.48507777812443
31.0,26.0,0,-383.07177089573815,,0,
32.0,26.0,0,-381.8841164603364,,0,
33.0,26.0,0,-379.68379575852305,,0,
34.0,26.0,0,-374.33978006476536,-414.159746,1,-39.81996593523462
35.0,26.0,0,-367.2366491293069,,0,
36.0,26.0,0,-360.52344646758866,,0,
37.0,26.0,0,-355.86140890978277,,0,
38.0,26.0,0,-354.4094831843395,-321.558509,1,32.850974184339464
39.0,26.0,0,-357.1802727258764,,0,
40.0,26.0,0,-362.72907218383625,,0,
41.0,26.0,0,-368.62928104557795,,0,
42.0,26.0,0,-371.65181362768635,-495.039773,1,-123.38795937231367
43.0,26.0,0,-367.8179146309849,,0,
44.0,26.0,0,-360.9060907998937,,0,
45.0,26.0,0,-353.5587766505778,,0,
46.0,26.0,0,-347.7352718375623,-213.47975,1,134.25552183756233
47.0,26.0,0,-346.7531355996616,,0,
48.0,26.0,0,-347.240299328696,,0,
49.0,26.0,0,-347.870125907124,,0,
50.0,26.0,0,-348.5094219450839,-318.278025,1,30.231396945083873
51.0,26.0,0,-350.9796227568295,,0,
52.0,26.0,0,-358.6853793756163,,0,
53.0,26.0,0,-374.5021339629602,,0,
54.0,26.0,0,-398.70351748005487,-340.835274,1,57.86824348005484
55.0,26.0,0,-429.54193227831274,,0,
56.0,26.0,0,-460.7489872062579,,0,
57.0,26.0,0,-486.28708075516624,,0,
58.0,26.0,0,-501.476322632283,-743.607536,1,-242.131213367717
59.0,26.0,0,-506.8973074776586,,0,
60.0,26.0,0,-504.158925520489,,0,
61.0,26.0,0,-496.08083458291367,,0,
62.0,26.0,0,-484.9752390778158,-506.890195,1,-21.91495592218422
63.0,26.0,0,-472.1438849878032,,0,
64.0,26.0,0,-459.34337992966175,,0,
65.0,26.0,0,-446.37040708839777,,0,
66.0,26.0,0,-432.0427213306539,-493.718125,1,-61.67540366934611
67.0,26.0,0,-414.31859056593385,,0,
68.0,26.0,0,-391.75956981402123,,0,
69.0,26.0,0,-364.59440863638883,,0,
70.0,26.0,0,-335.1791785012465,-377.298477,1,-42.119298498753494
71.0,26.0,0,-306.63049624697305,,0,
72.0,26.0,0,-283.6619317624718,,0,
73.0,26.0,0,-267.73748617927777,,0,
74.0,26.0,3,-258.8842438883148,-124.497241,1,134.3870028883148
75.0,26.0,3,-255.64371875312645,,0,
76.0,26.0,3,-256.95365570094145,,0,
77.0,26.0,3,-262.71992327080807,,0,
78.0,26.0,3,-273.19644466706086,-255.791175,1,17.40526966706085
79.0,26.0,3,-288.46982168080285,,0,
80.0,26.0,3,-305.9692769854446,,0,
81.0,26.0,3,-320.0825781141757,,0,
82.0,26.0,3,-323.90376589191146,-427.265625,1,-103.36185910808854
83.0,26.0,3,-309.936422996223,,0,
84.0,26.0,3,-277.1027553821623,,0,
85.0,26.0,3,-225.3372260594624,,0,
86.0,26.0,3,-156.60312542808242,-504.026637,1,-347.4235115719176
87.0,26.0,3,-71.45976692275144,,0,
88.0,26.0,3,10.125093302456662,,0,
89.0,26.0,3,72.47214638939477,,0,
90.0,26.0,3,105.53637900564354,400.759827,1,295.22344799435643
91.0,26.0,3,110.56625214486849,,0,
92.0,26.0,3,93.33295674613328,,0,
93.0,26.0,3,61.41513770993333,,0,
94.0,26.0,3,23.762997018289752,-205.022598,1,-228.78559501828974
95.0,26.0,3,-12.178130303160287,,0,
96.0,26.0,3,-40.36682096395816,,0,
97.0,26.0,3,-55.80652208419633,,0,
98.0,26.0,3,-56.15206732344814,-313.220927,1,-257.0688596765519
99.0,26.0,3,-44.372783681727014,,0,
100.0,26.0,3,-24.456632733199513,,0,
101.0,26.0,3,-1.1291015952592716,,0,
102.0,26.0,3,17.475944701116532,135.562641,1,118.08669629888348
103.0,26.0,3,19.31192690692842,,0,
104.0,26.0,3,-4.7778187070798595,,0,
105.0,26.0,3,-51.986083965828584,,0,
106.0,26.0,3,-115.60094904282596,-19.622176,1,95.97877304282596
107.0,26.0,3,-190.1335744559765,,0,
108.0,26.0,3,-265.21370245789876,,0,
109.0,26.0,3,-330.867700719391,,0,
110.0,26.0,3,-380.58199468656676,-448.782342,1,-68.20034731343327
111.0,26.0,3,-412.6042176242627,,0,
112.0,26.0,3,-427.9132796016347,,0,
113.0,26.0,3,-430.0631323638954,,0,
114.0,26.0,3,-426.14730213643634,-232.040552,1,194.10675013643635
115.0,26.0,3,-426.159047076595,,0,
116.0,26.0,3,-438.67497894808184,,0,
117.0,26.0,3,-465.21427313948516,,0,
118.0,26.0,3,-503.4521679672762,-479.46352,1,23.988647967276165
119.0,26.0,3,-546.0598255436053,,0,
120.0,26.0,3,-583.1996402066434,,0,
121.0,26.0,3,-607.5744756749773,,0,
122.0,26.0,3,-614.0725106161262,-645.102655,1,-31.03014438387379
123.0,26.0,3,-604.4557887874544,,0,
124.0,26.0,3,-582.213394025166,,0,
125.0,26.0,3,-547.8798924752045,,0,
126.0,26.0,3,-501.66311720135855,-506.557792,1,-4.894674798641461
127.0,26.0,3,-445.4512849879102,,0,
128.0,26.0,3,-381.99974944232963,,0,
129.0,26.0,3,-315.1670585538377,,0,
130.0,26.0,1,-247.80763865524204,-341.880347,1,-94.07270834475793
131.0,26.0,1,-182.70809997909237,,0,
132.0,26.0,1,-121.58575625752565,,0,
133.0,26.0,1,-65.18932836619206,,0,
134.0,26.0,1,-12.680593964731088,-272.801582,1,-260.1209880352689
135.0,26.0,1,41.10835893731564,,0,
136.0,26.0,1,88.81954795622732,,0,
137.0,26.0,1,126.65829027513973,,0,
138.0,26.0,1,151.52892015094403,575.407049,1,423.878128849056
139.0,26.0,1,158.5616549248225,,0,
140.0,26.0,1,141.50503693183418,,0,
141.0,26.0,1,103.08353720931336,,0,
142.0,26.0,1,48.25126035051653,77.59303,1,29.341769649483467
143.0,26.0,1,-19.286180758383125,,0,
144.0,26.0,1,-94.5279177071061,,0,
145.0,26.0,1,-175.1505379154114,,0,
146.0,26.0,1,-256.69847618439235,-465.663136,1,-208.96465981560766
147.0,26.0,1,-333.5297284779954,,0,
148.0,26.0,1,-398.610179133364,,0,
149.0,26.0,1,-444.5129580674693,,0,
150.0,26.0,1,-467.70383828284685,-640.837281,1,-173.13344271715312
151.0,26.0,1,-473.1258788846899,,0,
152.0,26.0,1,-466.11343087092973,,0,
153.0,26.0,1,-449.17437144130236,,0,
154.0,26.0,1,-423.3293808802264,-364.77283,1,58.55655088022638
155.0,26.0,1,-388.66367308294866,,0,
156.0,26.0,1,-340.42340152629185,,0,
157.0,26.0,1,-274.32269365363754,,0,
158.0,26.0,1,-189.2938947523944,-228.946269,1,-39.65237424760559
159.0,26.0,1,-88.4679467221722,,0,
160.0,26.0,1,24.659437669906765,,0,
161.0,26.0,1,143.698475630139,,0,
162.0,26.0,1,259.88329109875485,389.079593,1,129.19630190124514
163.0,26.0,1,362.54081418790156,,0,
164.0,26.0,2,447.7586887727957,,0,
165.0,26.0,2,510.21692986553535,,0,
166.0,26.0,2,547.5829331232235,905.939149,1,358.35621587677656
167.0,26.0,2,565.2830267455429,,0,
168.0,26.0,2,565.950760721229,,0,
169.0,26.0,2,545.6323092867387,,0,
170.0,26.0,2,501.1805463107303,457.993147,1,-43.18739931073026
171.0,26.0,2,440.0500920615159,,0,
172.0,26.0,2,369.6442594138207,,0,
173.0,26.0,2,293.4498749114573,,0,
174.0,26.0,2,212.6902986499481,178.747652,1,-33.9426466499481
175.0,26.0,2,129.5863850461319,,0,
176.0,26.0,2,47.398443799233064,,0,
177.0,26.0,2,-29.653606767649762,,0,
178.0,26.0,2,-96.64961280487478,-212.342187,1,-115.69257419512522
179.0,26.0,2,-148.4516307010781,,0,
180.0,26.0,2,-187.9548133467324,,0,
181.0,26.0,2,-218.02545325178653,,0,
182.0,26.0,2,-240.09033069654834,-175.068993,1,65.02133769654833
183.0,26.0,2,-252.43835725542158,,0,
184.0,26.0,2,-251.9143241145648,,0,
185.0,26.0,2,-234.6955522694625,,0,
186.0,26.0,2,-198.40079140663147,-329.704338,1,-131.30354659336854
187.0,26.0,2,-145.70694814051967,,0,
188.0,26.0,2,-79.76719991769642,,0,
189.0,26.0,2,-3.540579759515822,,0,
190.0,26.0,2,79.35718764958438,-106.685388,1,-186.04257564958436
191.0,26.0,2,166.3393364455551,,0,
192.0,26.0,2,244.3486017184332,,0,
193.0,26.0,2,303.2730502777267,,0,
194.0,26.0,2,336.66720038931817,516.561115,1,179.8939146106818
195.0,26.0,2,341.4435024864506,,0,
196.0,26.0,2,318.02414437173866,,0,
197.0,26.0,2,272.6285091517493,,0,
198.0,26.0,2,215.08095491072163,33.06621,1,-182.01474491072162
199.0,26.0,2,156.7000298248604,,0,
0.0,27.0,0,-331.0188593256753,,0,
1.0,27.0,0,-350.17836962721776,-321.987268,1,28.19110162721779
2.0,27.0,0,-367.7305115596391,,0,
3.0,27.0,0,-381.61553217610344,,0,
4.0,27.0,0,-389.65425247885287,,0,
5.0,27.0,0,-390.17077995464206,-395.655544,1,-5.484764045357963
6.0,27.0,0,-382.0486681619659,,0,
7.0,27.0,0,-364.5315290708095,,0,
8.0,27.0,0,-336.2867046506144,,0,
9.0,27.0,0,-296.0630580059951,-350.167985,1,-54.10492699400487
10.0,27.0,0,-242.77935797488317,,0,
11.0,27.0,0,-179.6843756721355,,0,
12.0,27.0,0,-112.05759753548773,,0,
13.0,27.0,0,-47.91347259841859,31.446462,1,79.35993459841859
14.0,27.0,0,3.4917024448513985,,0,
15.0,27.0,0,34.33295397972688,,0,
16.0,27.0,0,41.05751954158768,,0,
17.0,27.0,0,21.711753553710878,123.320982,1,101.60922844628912
18.0,27.0,0,-23.34243977162987,,0,
19.0,27.0,0,-86.3979072989896,,0,
20.0,27.0,0,-159.5800804021419,,0,
21.0,27.0,0,-234.90113505686168,-260.585709,1,-25.684573943138332
22.0,27.0,0,-306.35194184817374,,0,
23.0,27.0,0,-367.79706828994676,,0,
24.0,27.0,0,-413.48126413766295,,0,
25.0,27.0,0,-439.86097092035925,-493.09412,1,-53.233149079640725
26.0,27.0,0,-447.5943737081252,,0,
27.0,27.0,0,-442.71685694740154,,0,
28.0,27.0,0,-431.79657916299766,,0,
29.0,27.0,0,-421.7168274964206,-269.597374,1,152.1194534964206
30.0,27.0,0,-419.0262391823344,,0,
31.0,27.0,0,-420.35734033212066,,0,
32.0,27.0,0,-422.0396905585658,,0,
33.0,27.0,0,-419.7307546688826,-542.031159,1,-122.30040433111742
34.0,27.0,0,-410.7588312313892,,0,
35.0,27.0,0,-399.20327188493684,,0,
36.0,27.0,0,-387.2345228653285,,0,
37.0,27.0,0,-376.6957918785047,-364.991091,1,11.704700878504696
38.0,27.0,0,-369.28884086431935,,0,
39.0,27.0,0,-365.95993032027036,,0,
40.0,27.0,0,-366.11250150366686,,0,
41.0,27.0,0,-368.036939954618,-362.576537,1,5.460402954618019
42.0,27.0,0,-368.85360250622034,,0,
43.0,27.0,0,-366.4425093715545,,0,
44.0,27.0,0,-362.97043155680876,,0,
45.0,27.0,0,-361.3455834117485,-232.93662,1,128.40896341174852
46.0,27.0,0,-361.8229818989057,,0,
47.0,27.0,0,-364.2974644508213,,0,
48.0,27.0,0,-366.6453458541073,,0,
49.0,27.0,0,-367.1508997527999,-391.072484,1,-23.921584247200087
50.0,27.0,0,-365.3104126099497,,0,
51.0,27.0,0,-363.3643656249624,,0,
52.0,27.0,0,-364.71746828069445,,0,
53.0,27.0,0,-372.5066786671814,-222.564247,1,149.9424316671814
54.0,27.0,0,-387.18450483633205,,0,
55.0,27.0,0,-407.2261358767282,,0,
56.0,27.0,0,-428.71913646906614,,0,
57.0,27.0,0,-446.2303996664414,-665.659874,1,-219.42947433355857
58.0,27.0,0,-452.7638484155759,,0,
59.0,27.0,0,-453.5330352189485,,0,
60.0,27.0,0,-451.1871846727736,,0,
61.0,27.0,0,-447.30639099367545,-510.326999,1,-63.02060800632455
62.0,27.0,0,-443.08002792997286,,0,
63.0,27.0,0,-439.2780067422427,,0,
64.0,27.0,0,-436.7203878602013,,0,
65.0,27.0,0,-435.61759103887016,-378.211205,1,57.40638603887015
66.0,27.0,0,-434.9554068983998,,0,
67.0,27.0,0,-431.07630279799923,,0,
68.0,27.0,0,-422.25191497278865,,0,
69.0,27.0,0,-408.2079047517909,-466.521131,1,-58.313226248209105
70.0,27.0,0,-389.92166249477305,,0,
71.0,27.0,0,-369.5253886124119,,0,
72.0,27.0,0,-350.1840587074403,,0,
73.0,27.0,0,-334.35819617210655,-263.24218,1,71.11601617210653
74.0,27.0,3,-323.75106554175727,,0,
75.0,27.0,3,-316.33534196403343,,0,
76.0,27.0,3,-311.96893432029174,,0,
77.0,27.0,3,-311.71776219666936,-210.981507,1,100.73625519666936
78.0,27.0,3,-316.68291707756,,0,
79.0,27.0,3,-327.16491348296404,,0,
80.0,27.0,3,-340.35374208481517,,0,
81.0,27.0,3,-349.6194700593478,-468.414485,1,-118.79501494065221
82.0,27.0,3,-347.1491001606919,,0,
83.0,27.0,3,-326.6499652771745,,0,
84.0,27.0,3,-284.58289882303507,,0,
85.0,27.0,3,-219.4096522090258,-637.179516,1,-417.7698637909742
86.0,27.0,3,-135.96467881044373,,0,
87.0,27.0,3,-42.30990970961284,,0,
88.0,27.0,3,45.68667148856912,,0,
89.0,27.0,3,111.57412032982393,412.043417,1,300.46929667017605
90.0,27.0,3,140.19570886227302,,0,
91.0,27.0,3,137.4095293872524,,0,
92.0,27.0,3,110.50892296625534,,0,
93.0,27.0,3,69.49036388023524,13.779019,1,-55.71134488023524
94.0,27.0,3,25.90763986564707,,0,
95.0,27.0,3,-12.964184518088587,,0,
96.0,27.0,3,-41.40588897027192,,0,
97.0,27.0,3,-55.253369485842995,-220.867857,1,-165.614487514157
98.0,27.0,3,-50.34834587271325,,0,
99.0,27.0,3,-32.92318820906803,,0,
100.0,27.0,3,-8.467008450475987,,0,
101.0,27.0,3,16.745229384861887,-31.393574,1,-48.13880338486189
102.0,27.0,3,33.65051207260694,,0,
103.0,27.0,3,29.765284904511645,,0,
104.0,27.0,3,-1.6471487365488429,,0,
105.0,27.0,3,-57.52215167287795,117.287824,1,174.80997567287795
106.0,27.0,3,-129.80770232784562,,0,
107.0,27.0,3,-209.40663980972022,,0,
108.0,27.0,3,-285.96262336568907,,0,
109.0,27.0,3,-351.0517344730906,-402.086822,1,-51.035087526909365
110.0,27.0,3,-398.8265215847059,,0,
111.0,27.0,3,-428.83664386934834,,0,
112.0,27.0,3,-442.23200749269745,,0,
113.0,27.0,3,-442.21304490101465,-468.792058,1,-26.579013098985342
114.0,27.0,3,-434.864546343626,,0,
115.0,27.0,3,-429.0764481956139,,0,
116.0,27.0,3,-431.97701014211634,,0,
117.0,27.0,3,-447.20061888650525,-362.211376,1,84.98924288650528
118.0,27.0,3,-475.6929763094522,,0,
119.0,27.0,3,-510.82980696999584,,0,
120.0,27.0,3,-544.769886807946,,0,
121.0,27.0,3,-568.9826849231613,-772.466448,1,-203.48376307683873
122.0,27.0,3,-574.2447763769887,,0,
123.0,27.0,3,-564.6398965756525,,0,
124.0,27.0,3,-542.9049412478344,,0,
125.0,27.0,3,-509.89654086565133,-561.825007,1,-51.928466134348696
126.0,27.0,3,-465.43508629809367,,0,
127.0,27.0,3,-412.5983086479828,,0,
128.0,27.0,3,-354.91840840602526,,0,
129.0,27.0,3,-295.83233620243846,-369.257,1,-73.42466379756155
130.0,27.0,1,-235.8730730956304,,0,
131.0,27.0,1,-178.31983203045093,,0,
132.0,27.0,1,-125.02600930712651,,0,
133.0,27.0,1,-76.93052842165343,-389.695417,1,-312.7648885783466
134.0,27.0,1,-32.68814286100678,,0,
135.0,27.0,1,10.426880328566767,,0,
136.0,27.0,1,51.41911368770525,,0,
137.0,27.0,1,88.89434130548034,182.002364,1,93.10802269451966
138.0,27.0,1,117.37082232465036,,0,
139.0,27.0,1,133.91452297382057,,0,
140.0,27.0,1,132.420456943335,,0,
141.0,27.0,1,108.54941083141603,476.565281,1,368.015870168584
142.0,27.0,1,65.44275806186488,,0,
143.0,27.0,1,5.911473381216638,,0,
144.0,27.0,1,-67.25699644198176,,0,
145.0,27.0,1,-148.38577437557979,-238.507086,1,-90.1213116244202
146.0,27.0,1,-228.78089915239252,,0,
147.0,27.0,1,-303.5667303847731,,0,
148.0,27.0,1,-366.73213712952565,,0,
149.0,27.0,1,-412.0650396742858,-689.787718,1,-277.72267832571424
150.0,27.0,1,-432.2761342842714,,0,
151.0,27.0,1,-436.6258229557425,,0,
152.0,27.0,1,-430.85956266440917,,0,
153.0,27.0,1,-417.5151835156139,-457.57561,1,-40.060426484386085
154.0,27.0,1,-397.369519840111,,0,
155.0,27.0,1,-369.3220756869414,,0,
156.0,27.0,1,-328.6274062654702,,0,
157.0,27.0,1,-269.259946041042,-419.125855,1,-149.86590895895802
158.0,27.0,1,-188.14275671634823,,0,
159.0,27.0,1,-90.82455470552668,,0,
160.0,27.0,1,19.772961371811107,,0,
161.0,27.0,1,139.8494764934294,172.834913,1,32.98543650657061
162.0,27.0,1,260.7532171977218,,0,
163.0,27.0,1,372.9315272439271,,0,
164.0,27.0,2,469.0103508083848,,0,
165.0,27.0,2,541.4160066084005,871.917634,1,330.5016273915995
166.0,27.0,2,584.8764034452615,,0,
167.0,27.0,2,611.285638020141,,0,
168.0,27.0,2,622.4876715464052,,0,
169.0,27.0,2,612.0663385451771,1066.328752,1,454.26241345482276
170.0,27.0,2,570.8552220431156,,0,
171.0,27.0,2,512.5921359239146,,0,
172.0,27.0,2,443.2585280855419,,0,
173.0,27.0,2,365.77418684842996,445.993626,1,80.21943915157004
174.0,27.0,2,280.2249858241994,,0,
175.0,27.0,2,189.46002612705342,,0,
176.0,27.0,2,96.86598260747269,,0,
177.0,27.0,2,8.449784794356674,-117.9248,1,-126.37458479435668
178.0,27.0,2,-69.16776707652025,,0,
179.0,27.0,2,-131.9255543772597,,0,
180.0,27.0,2,-181.268868258805,,0,
181.0,27.0,2,-220.81559932464734,-143.984193,1,76.83140632464733
182.0,27.0,2,-253.32832795614377,,0,
183.0,27.0,2,-276.3947669281624,,0,
184.0,27.0,2,-287.4280868731439,,0,
185.0,27.0,2,-282.60639671212994,-471.801828,1,-189.19543128787006
186.0,27.0,2,-256.8064706476871,,0,
187.0,27.0,2,-215.53834886325058,,0,
188.0,27.0,2,-162.13794694188982,,0,
189.0,27.0,2,-99.09133788570762,-125.747662,1,-26.65632411429239
190.0,27.0,2,-28.565554984030314,,0,
191.0,27.0,2,46.017793792299926,,0,
192.0,27.0,2,115.88438372104429,,0,
193.0,27.0,2,171.7147302760277,441.01528,1,269.3005497239723
194.0,27.0,2,207.64219059376046,,0,
195.0,27.0,2,220.70591067615896,,0,
196.0,27.0,2,210.38489903579466,,0,
197.0,27.0,2,180.03006327757612,116.394018,1,-63.636045277576116
198.0,27.0,2,138.91289084870368,,0,
199.0,27.0,2,96.607819724828,,0,
0.0,28.0,0,-370.20943733188324,-392.40633,1,-22.19689266811679
1.0,28.0,0,-387.95972008188255,,0,
2.0,28.0,0,-403.49879525462165,,0,
3.0,28.0,0,-415.718863169197,,0,
4.0,28.0,0,-422.3022495448822,-440.617674,1,-18.315424455117807
5.0,28.0,0,-421.04520608857274,,0,
6.0,28.0,0,-410.53297074884176,,0,
7.0,28.0,0,-389.5445886971429,,0,
8.0,28.0,0,-356.54575146595016,-456.665856,1,-100.12010453404986
9.0,28.0,0,-310.6741841182811,,0,
10.0,28.0,0,-251.46858433866873,,0,
11.0,28.0,0,-180.52559351641685,,0,
12.0,28.0,0,-103.15384830231778,-178.493893,1,-75.34004469768223
13.0,28.0,0,-30.07992915745126,,0,
14.0,28.0,0,28.51920950645581,,0,
15.0,28.0,0,65.70270520308986,,0,
16.0,28.0,0,77.10552568431012,181.870975,1,104.76544931568986
17.0,28.0,0,58.6597076196922,,0,
18.0,28.0,0,13.473232282791287,,0,
19.0,28.0,0,-52.52071136282757,,0,
20.0,28.0,0,-131.03544270957354,-255.001717,1,-123.96627429042647
21.0,28.0,0,-211.5188700654544,,0,
22.0,28.0,0,-289.60417644446716,,0,
23.0,28.0,0,-359.2539347675629,,0,
24.0,28.0,0,-414.0081859200727,-513.703897,1,-99.69571107992726
25.0,28.0,0,-447.8364950789255,,0,
26.0,28.0,0,-462.82932518515736,,0,
27.0,28.0,0,-463.70986343873665,,0,
28.0,28.0,0,-456.9100113362074,-400.715639,1,56.19437233620738
29.0,28.0,0,-450.44263306236826,,0,
30.0,28.0,0,-448.33856813632883,,0,
31.0,28.0,0,-450.0892059537582,,0,
32.0,28.0,0,-452.0057965843007,-616.112077,1,-164.1062804156993
33.0,28.0,0,-447.0526778459316,,0,
34.0,28.0,0,-436.6754501434043,,0,
35.0,28.0,0,-422.6625409584958,,0,
36.0,28.0,0,-406.5447568500531,-414.772394,1,-8.22763714994693
37.0,28.0,0,-391.0396337576676,,0,
38.0,28.0,0,-378.4394843510818,,0,
39.0,28.0,0,-369.8654652303085,,0,
40.0,28.0,0,-365.41144499438815,-347.412999,1,17.998445994388135
41.0,28.0,0,-364.4403131339932,,0,
42.0,28.0,0,-364.8499834832037,,0,
43.0,28.0,0,-365.33932039228966,,0,
44.0,28.0,0,-366.8119573360309,-234.535526,1,132.2764313360309
45.0,28.0,0,-372.6642135507427,,0,
46.0,28.0,0,-379.52153178071603,,0,
47.0,28.0,0,-385.4924643590348,,0,
48.0,28.0,0,-388.8142724740319,-428.572625,1,-39.75835252596812
49.0,28.0,0,-388.1504660404753,,0,
50.0,28.0,0,-383.15703318535816,,0,
51.0,28.0,0,-375.42034025862813,,0,
52.0,28.0,0,-368.42747063050047,-300.0129,1,68.41457063050046
53.0,28.0,0,-366.65210886951536,,0,
54.0,28.0,0,-369.8470639445586,,0,
55.0,28.0,0,-376.98228922038106,,0,
56.0,28.0,0,-385.56817770935595,-416.322832,1,-30.754654290644055
57.0,28.0,0,-391.2303857107181,,0,
58.0,28.0,0,-391.84154486615444,,0,
59.0,28.0,0,-390.3115217521845,,0,
60.0,28.0,0,-389.791620222386,-455.910095,1,-66.11847477761404
61.0,28.0,0,-391.3083704924211,,0,
62.0,28.0,0,-395.4166490153875,,0,
63.0,28.0,0,-402.35253664513584,,0,
64.0,28.0,0,-411.94779543112963,-336.07521,1,75.87258543112961
65.0,28.0,0,-424.7436239980161,,0,
66.0,28.0,0,-437.3266848157218,,0,
67.0,28.0,0,-446.7506124494539,,0,
68.0,28.0,0,-451.29264792846516,-426.439242,1,24.85340592846518
69.0,28.0,0,-449.89604166382924,,0,
70.0,28.0,0,-442.54301963280886,,0,
71.0,28.0,0,-430.4737821039744,,0,
72.0,28.0,0,-416.07851538830437,-385.858369,1,30.220146388304386
73.0,28.0,3,-402.25733609707095,,0,
74.0,28.0,3,-389.4927402434696,,0,
75.0,28.0,3,-377.2605502078659,,0,
76.0,28.0,3,-366.42304196127225,-350.724626,1,15.698415961272246
77.0,28.0,3,-359.199956133496,,0,
78.0,28.0,3,-357.1938241288299,,0,
79.0,28.0,3,-361.5885718995705,,0,
80.0,28.0,3,-369.90505739930086,-259.560976,1,110.34408139930088
81.0,28.0,3,-372.6869917184813,,0,
82.0,28.0,3,-361.2208573942771,,0,
83.0,28.0,3,-330.6929478321108,,0,
84.0,28.0,3,-277.8825363883516,-566.630295,1,-288.74775861164846
85.0,28.0,3,-197.5850716799032,,0,
86.0,28.0,3,-101.21667434624396,,0,
87.0,28.0,3,-0.5472792603250127,,0,
88.0,28.0,3,88.81560689443722,401.006275,1,312.1906681055628
89.0,28.0,3,151.8221807985101,,0,
90.0,28.0,3,177.85441183534567,,0,
91.0,28.0,3,167.93483616184676,,0,
92.0,28.0,3,130.64287252095528,270.343507,1,139.7006344790447
93.0,28.0,3,80.32559317082632,,0,
94.0,28.0,3,30.12930712196976,,0,
95.0,28.0,3,-11.231855116013321,,0,
96.0,28.0,3,-37.989580707624555,-102.316813,1,-64.32723229237544
97.0,28.0,3,-48.00713312916923,,0,
98.0,28.0,3,-40.68859406519914,,0,
99.0,28.0,3,-20.212676196999382,,0,
100.0,28.0,3,6.876765027875081,-47.916253,1,-54.79301802787508
101.0,28.0,3,33.64145512325922,,0,
102.0,28.0,3,48.516950797173195,,0,
103.0,28.0,3,38.68926445598481,,0,
104.0,28.0,3,-3.1561352309654467,285.546438,1,288.70257323096547
105.0,28.0,3,-70.55265286215581,,0,
106.0,28.0,3,-152.85849776602117,,0,
107.0,28.0,3,-238.46349487721454,,0,
108.0,28.0,3,-315.73583264113404,-478.002442,1,-162.26660935886594
109.0,28.0,3,-378.54555492536747,,0,
110.0,28.0,3,-423.50060812778975,,0,
111.0,28.0,3,-450.01461755885975,,0,
112.0,28.0,3,-459.44266517669894,-498.025267,1,-38.58260182330105
113.0,28.0,3,-454.26189176819753,,0,
114.0,28.0,3,-440.90323107037693,,0,
115.0,28.0,3,-427.0533830799395,,0,
116.0,28.0,3,-419.62215619074414,-409.95332,1,9.668836190744116
117.0,28.0,3,-423.5724182453705,,0,
118.0,28.0,3,-440.53824034996796,,0,
119.0,28.0,3,-467.35543699588743,,0,
120.0,28.0,3,-496.8310145747964,-620.142484,1,-123.31146942520354
121.0,28.0,3,-518.5956481965841,,0,
122.0,28.0,3,-525.0096780700842,,0,
123.0,28.0,3,-516.531875153305,,0,
124.0,28.0,3,-495.70689444139134,-495.861006,1,-0.15411155860863346
125.0,28.0,3,-463.87379154138034,,0,
126.0,28.0,3,-422.0687080222415,,0,
127.0,28.0,3,-372.79248944917344,,0,
128.0,28.0,3,-319.545181368303,-243.029195,1,76.51598636830303
129.0,28.0,3,-266.6598781651119,,0,
130.0,28.0,1,-214.45823551359354,,0,
131.0,28.0,1,-164.79775315825827,,0,
132.0,28.0,1,-119.05067247478291,-311.869102,1,-192.81842952521708
133.0,28.0,1,-79.36509990761988,,0,
134.0,28.0,1,-45.753976323176175,,0,
135.0,28.0,1,-16.18787906889338,,0,
136.0,28.0,1,11.739464388869237,-161.362267,1,-173.10173138886924
137.0,28.0,1,42.17513766413322,,0,
138.0,28.0,1,70.76702335104346,,0,
139.0,28.0,1,95.51515240268782,,0,
140.0,28.0,1,109.91989665536676,430.52681,1,320.60691334463326
141.0,28.0,1,101.70230210456066,,0,
142.0,28.0,1,75.23682688758709,,0,
143.0,28.0,1,29.31564686121419,,0,
144.0,28.0,1,-36.84216471074615,-57.230335,1,-20.38817028925385
145.0,28.0,1,-113.87864120776067,,0,
146.0,28.0,1,-191.4995577072259,,0,
147.0,28.0,1,-262.32300642249174,,0,
148.0,28.0,1,-319.5838902655523,-461.053166,1,-141.46927573444765
149.0,28.0,1,-358.6891810281668,,0,
150.0,28.0,1,-377.45687507255934,,0,
151.0,28.0,1,-381.33843062166125,,0,
152.0,28.0,1,-376.6421983415494,-441.487354,1,-64.84515565845061
153.0,28.0,1,-366.104450313549,,0,
154.0,28.0,1,-350.07254376565106,,0,
155.0,28.0,1,-327.0516290909145,,0,
156.0,28.0,1,-292.73040104517713,-490.380786,1,-197.65038495482287
157.0,28.0,1,-238.3887877005618,,0,
158.0,28.0,1,-165.47673513786867,,0,
159.0,28.0,1,-76.60937448136974,,0,
160.0,28.0,1,25.990852967952378,-109.146025,1,-135.1368779679524
161.0,28.0,1,141.47908499033656,,0,
162.0,28.0,1,260.4775385473622,,0,
163.0,28.0,1,373.9167204243131,,0,
164.0,28.0,2,472.2576348269358,737.439177,1,265.18154217306414
165.0,28.0,2,542.9593967939727,,0,
166.0,28.0,2,590.1594599753153,,0,
167.0,28.0,2,621.5432051923126,,0,
168.0,28.0,2,638.0367625649087,894.756966,1,256.7202034350913
169.0,28.0,2,629.7033246047795,,0,
170.0,28.0,2,598.1718601676403,,0,
171.0,28.0,2,548.334153523203,,0,
172.0,28.0,2,482.5654929227894,915.749845,1,433.18435207721063
173.0,28.0,2,406.19758934597485,,0,
174.0,28.0,2,321.1527399723418,,0,
175.0,28.0,2,227.09163469832856,,0,
176.0,28.0,2,126.60428169043735,208.111794,1,81.50751230956266
177.0,28.0,2,29.43553911941126,,0,
178.0,28.0,2,-56.122032646788284,,0,
179.0,28.0,2,-126.46282622637227,,0,
180.0,28.0,2,-182.5114008396631,-113.090516,1,69.42088483966312
181.0,28.0,2,-228.82474751025438,,0,
182.0,28.0,2,-266.72801759513095,,0,
183.0,28.0,2,-295.9144744295627,,0,
184.0,28.0,2,-314.33648292534053,-359.114581,1,-44.778098074659454
185.0,28.0,2,-317.6713432451943,,0,
186.0,28.0,2,-303.9723577857949,,0,
187.0,28.0,2,-275.33211519382894,,0,
188.0,28.0,2,-234.59934971330222,-228.000316,1,6.599033713302219
189.0,28.0,2,-184.14104752079584,,0,
190.0,28.0,2,-125.9957583041396,,0,
191.0,28.0,2,-63.17285468778573,,0,
192.0,28.0,2,-1.2987278406508267,45.973174,1,47.27190184065083
193.0,28.0,2,50.80055152380373,,0,
194.0,28.0,2,88.12908165063709,,0,
195.0,28.0,2,107.87432453967631,,0,
196.0,28.0,2,109.03782257332932,269.694491,1,160.6566684266707
197.0,28.0,2,91.40413681138307,,0,
198.0,28.0,2,65.2560651442036,,0,
199.0,28.0,2,38.32219596183859,,0,
0.0,29.0,0,-408.58610896999016,,0,
1.0,29.0,0,-424.9817075324245,,0,
2.0,29.0,0,-438.6178354190197,,0,
3.0,29.0,0,-449.52804748830386,-369.321563,1,80.20648448830383
4.0,29.0,0,-454.55584738589823,,0,
5.0,29.0,0,-450.75497977621853,,0,
6.0,29.0,0,-436.72647753963247,,0,
7.0,29.0,0,-411.4929521707236,-459.049162,1,-47.55620982927644
8.0,29.0,0,-372.77988083614036,,0,
9.0,29.0,0,-320.92714270809665,,0,
10.0,29.0,0,-255.45624977373518,,0,
11.0,29.0,0,-176.5220500815194,-355.887907,1,-179.36585691848057
12.0,29.0,0,-88.95265035191551,,0,
13.0,29.0,0,-8.051862885709852,,0,
14.0,29.0,0,55.77340028947219,,0,
15.0,29.0,0,96.2871895977878,99.366416,1,3.0792264022122
16.0,29.0,0,109.49767199391499,,0,
17.0,29.0,0,93.31165168387815,,0,
18.0,29.0,0,49.466075509029906,,0,
19.0,29.0,0,-17.526123012648895,-111.101095,1,-93.5749719873511
20.0,29.0,0,-99.21230329433456,,0,
21.0,29.0,0,-186.40296516101807,,0,
22.0,29.0,0,-272.3983156294562,,0,
23.0,29.0,0,-350.37887682090513,-383.405769,1,-33.02689217909489
24.0,29.0,0,-413.2764009721577,,0,
25.0,29.0,0,-455.92702300613746,,0,
26.0,29.0,0,-478.4727139149909,,0,
27.0,29.0,0,-485.0313283444848,-595.744075,1,-110.71274665551516
28.0,29.0,0,-481.8364888811484,,0,
29.0,29.0,0,-475.5890981256962,,0,
30.0,29.0,0,-470.7950050912332,,0,
31.0,29.0,0,-468.81086560938274,-612.649401,1,-143.83853539061727
32.0,29.0,0,-466.7975612063892,,0,
33.0,29.0,0,-460.7720579241868,,0,
34.0,29.0,0,-450.1738809227245,,0,
35.0,29.0,0,-435.1983874180587,-517.340681,1,-82.14229358194132
36.0,29.0,0,-415.9037636271678,,0,
37.0,29.0,0,-396.59994665160775,,0,
38.0,29.0,0,-379.930054877419,,0,
39.0,29.0,0,-367.4041257198551,-383.396739,1,-15.992613280144951
40.0,29.0,0,-359.92196586309,,0,
41.0,29.0,0,-357.5199428820051,,0,
42.0,29.0,0,-359.3887314760941,,0,
43.0,29.0,0,-364.8509100674419,-283.553981,1,81.29692906744185
44.0,29.0,0,-373.7295093496796,,0,
45.0,29.0,0,-385.69088443601504,,0,
46.0,29.0,0,-397.67085198313,,0,
47.0,29.0,0,-406.8309813296364,-423.027989,1,-16.197007670363575
48.0,29.0,0,-410.94629477569833,,0,
49.0,29.0,0,-409.0543602509424,,0,
50.0,29.0,0,-400.66555804779637,,0,
51.0,29.0,0,-386.70577971218154,-438.586661,1,-51.880881287818454
52.0,29.0,0,-371.07763376412913,,0,
53.0,29.0,0,-357.7561483322643,,0,
54.0,29.0,0,-347.8523175305454,,0,
55.0,29.0,0,-340.73710514366394,-194.733667,1,146.00343814366394
56.0,29.0,0,-335.03753751842305,,0,
57.0,29.0,0,-329.4586008274928,,0,
58.0,29.0,0,-324.285166904534,,0,
59.0,29.0,0,-321.48136944163707,-273.72749,1,47.75387944163708
60.0,29.0,0,-323.904343777569,,0,
61.0,29.0,0,-331.52287472435273,,0,
62.0,29.0,0,-344.8490031892434,,0,
63.0,29.0,0,-364.1935132452054,-290.8807,1,73.3128132452054
64.0,29.0,0,-387.95192044158466,,0,
65.0,29.0,0,-414.08429527375847,,0,
66.0,29.0,0,-439.4198973340681,,0,
67.0,29.0,0,-461.30114814598346,-430.5804,1,30.720748145983464
68.0,29.0,0,-478.4529537761118,,0,
69.0,29.0,0,-488.9209737726487,,0,
70.0,29.0,0,-491.9865931830136,,0,
71.0,29.0,0,-488.05511087796185,-469.76195,1,18.29316087796184
72.0,29.0,0,-479.19770510378294,,0,
73.0,29.0,3,-467.4896827666089,,0,
74.0,29.0,3,-453.24036900207284,,0,
75.0,29.0,3,-436.29282625133055,-486.705623,1,-50.41279674866945
76.0,29.0,3,-419.21837741858326,,0,
77.0,29.0,3,-404.90338577516377,,0,
78.0,29.0,3,-395.7715281593846,,0,
79.0,29.0,3,-393.75369213419617,-161.160383,1,232.59330913419618
80.0,29.0,3,-397.3801592537202,,0,
81.0,29.0,3,-391.5538612041855,,0,
82.0,29.0,3,-367.2500120984041,,0,
83.0,29.0,3,-321.26548745913897,-445.489821,1,-124.22433354086104
84.0,29.0,3,-252.3868671953678,,0,
85.0,29.0,3,-161.4773804070428,,0,
86.0,29.0,3,-56.84162132214988,,0,
87.0,29.0,3,49.30178403688478,161.002135,1,111.70035096311523
88.0,29.0,3,137.85688114061486,,0,
89.0,29.0,3,196.6779238693416,,0,
90.0,29.0,3,217.41575854364783,,0,
91.0,29.0,3,198.67794505466009,374.473564,1,175.79561894533992
92.0,29.0,3,149.42615545063745,,0,
93.0,29.0,3,90.22483790607657,,0,
94.0,29.0,3,35.41766238838318,,0,
95.0,29.0,3,-6.86742185469484,-144.408024,1,-137.54060214530517
96.0,29.0,3,-30.440549255348742,,0,
97.0,29.0,3,-37.40927743865177,,0,
98.0,29.0,3,-28.627686465362785,,0,
99.0,29.0,3,-6.479733657964971,-60.150653,1,-53.67091934203503
100.0,29.0,3,21.838947021518834,,0,
101.0,29.0,3,47.58891248231521,,0,
102.0,29.0,3,59.208174197759945,,0,
103.0,29.0,3,43.329119678906864,410.506155,1,367.1770353210931
104.0,29.0,3,-10.423449963214807,,0,
105.0,29.0,3,-88.54378906573402,,0,
106.0,29.0,3,-179.6519120457815,,0,
107.0,29.0,3,-271.4545609251363,-485.064234,1,-213.60967307486368
108.0,29.0,3,-348.9133606363321,,0,
109.0,29.0,3,-409.5423534131842,,0,
110.0,29.0,3,-450.731587548129,,0,
111.0,29.0,3,-472.14863452897407,-560.655951,1,-88.50731647102589
112.0,29.0,3,-475.46245134586934,,0,
113.0,29.0,3,-463.6411786020617,,0,
114.0,29.0,3,-442.29092295782175,,0,
115.0,29.0,3,-419.07073150761425,-480.542882,1,-61.472150492385765
116.0,29.0,3,-401.21828936517704,,0,
117.0,29.0,3,-393.8874926807039,,0,
118.0,29.0,3,-400.1162235335214,,0,
119.0,29.0,3,-419.6244181719667,-324.341236,1,95.2831821719667
120.0,29.0,3,-445.5181007696956,,0,
121.0,29.0,3,-465.1781479642377,,0,
122.0,29.0,3,-471.5357992104837,,0,
123.0,29.0,3,-463.775131891598,-455.472682,1,8.302449891597973
124.0,29.0,3,-444.02781523927115,,0,
125.0,29.0,3,-414.0397503974382,,0,
126.0,29.0,3,-375.4855682614143,,0,
127.0,29.0,3,-330.59909252641955,-329.610403,1,0.9886895264195346
128.0,29.0,3,-282.4169352480676,,0,
129.0,29.0,3,-234.0868478725315,,0,
130.0,29.0,1,-187.76317619049223,,0,
131.0,29.0,1,-145.5418869375717,-267.172542,1,-121.63065506242833
132.0,29.0,1,-106.85600359283853,,0,
133.0,29.0,1,-76.51751992676873,,0,
134.0,29.0,1,-55.19002315134276,,0,
135.0,29.0,1,-39.66806368017569,-302.433719,1,-262.7656553198243
136.0,29.0,1,-25.410783686034847,,0,
137.0,29.0,1,-8.453028767136857,,0,
138.0,29.0,1,13.196675889310427,,0,
139.0,29.0,1,40.53711695666425,-96.341187,1,-136.87830395666424
140.0,29.0,1,64.39004211162683,,0,
141.0,29.0,1,74.57724875607528,,0,
142.0,29.0,1,68.00131190358661,,0,
143.0,29.0,1,40.009532242198475,442.713852,1,402.7043197578015
144.0,29.0,1,-15.572238092310727,,0,
145.0,29.0,1,-83.16018102248199,,0,
146.0,29.0,1,-152.93655224726535,,0,
147.0,29.0,1,-216.42794245504774,-340.72922,1,-124.30127754495226
148.0,29.0,1,-264.3504576055566,,0,
149.0,29.0,1,-295.5393072719453,,0,
150.0,29.0,1,-310.02200537512545,,0,
151.0,29.0,1,-311.37511760217603,-262.118304,1,49.25681360217601
152.0,29.0,1,-306.0279376138933,,0,
153.0,29.0,1,-296.2529533590423,,0,
154.0,29.0,1,-281.8586052431492,,0,
155.0,29.0,1,-260.54044492170215,-436.973531,1,-176.43308607829783
156.0,29.0,1,-229.08128898357973,,0,
157.0,29.0,1,-183.1061497386545,,0,
158.0,29.0,1,-121.21410466078669,,0,
159.0,29.0,1,-43.26944354560692,-402.747272,1,-359.4778284543931
160.0,29.0,1,48.74785896134563,,0,
161.0,29.0,1,152.9114946005866,,0,
162.0,29.0,1,263.13406385702547,,0,
163.0,29.0,2,369.1178547393065,327.993982,1,-41.12387273930648
164.0,29.0,2,459.1998319369741,,0,
165.0,29.0,2,524.9491352164187,,0,
166.0,29.0,2,569.158517767908,,0,
167.0,29.0,2,598.4943349914392,434.563341,1,-163.93099399143927
168.0,29.0,2,612.028577147983,,0,
169.0,29.0,2,605.9227323507657,,0,
170.0,29.0,2,582.1350803935202,,0,
171.0,29.0,2,542.1421843729913,932.182334,1,390.04014962700865
172.0,29.0,2,480.3850039851386,,0,
173.0,29.0,2,408.43739274842665,,0,
174.0,29.0,2,327.5181978091132,,0,
175.0,29.0,2,233.63743322400842,529.27462,1,295.6371867759916
176.0,29.0,2,127.75922843138687,,0,
177.0,29.0,2,26.123281449021306,,0,
178.0,29.0,2,-63.047991873230785,,0,
179.0,29.0,2,-136.66367161134258,-8.201907,1,128.46176461134257
180.0,29.0,2,-195.41016117238905,,0,
181.0,29.0,2,-242.42622543522157,,0,
182.0,29.0,2,-280.3612623112276,,0,
183.0,29.0,2,-310.7582791422028,-141.891378,1,168.8669011422028
184.0,29.0,2,-332.4600804015063,,0,
185.0,29.0,2,-342.861811537412,,0,
186.0,29.0,2,-340.039999115048,,0,
187.0,29.0,2,-323.6520738331601,-395.746352,1,-72.0942781668399
188.0,29.0,2,-295.19945433875546,,0,
189.0,29.0,2,-256.6396146896295,,0,
190.0,29.0,2,-210.12027485016733,,0,
191.0,29.0,2,-158.23707492090762,-252.344288,1,-94.10721307909239
192.0,29.0,2,-103.78468004358001,,0,
193.0,29.0,2,-54.95884722284973,,0,
194.0,29.0,2,-17.088311681058258,,0,
195.0,29.0,2,6.757250866852701,270.145814,1,263.3885631331473
196.0,29.0,2,15.47531532915309,,0,
197.0,29.0,2,10.351711395662278,,0,
198.0,29.0,2,-1.708220339147374,,0,
199.0,29.0,2,-13.678629988338798,-241.046478,1,-227.3678480116612
0.0,30.0,0,-446.9013594095595,,0,
1.0,30.0,0,-462.74557285010815,,0,
2.0,30.0,0,-474.7503073872067,-342.909769,1,131.84053838720672
3.0,30.0,0,-484.85540156578645,,0,
4.0,30.0,0,-487.82649808144197,,0,
5.0,30.0,0,-480.4531372739002,,0,
6.0,30.0,0,-461.1792597314343,-411.261338,1,49.91792173143426
7.0,30.0,0,-429.69197477400303,,0,
8.0,30.0,0,-383.92485896591097,,0,
9.0,30.0,0,-324.2524313381873,,0,
10.0,30.0,0,-250.74116165429587,-491.170975,1,-240.42981334570413
11.0,30.0,0,-160.6302049064543,,0,
12.0,30.0,0,-65.83215183299035,,0,
13.0,30.0,0,20.034251121804118,,0,
14.0,30.0,0,86.32955196709372,89.952036,1,3.6224840329062857
15.0,30.0,0,127.69345518259797,,0,
16.0,30.0,0,141.27463803766295,,0,
17.0,30.0,0,126.23107841331512,,0,
18.0,30.0,0,83.82491319644032,185.82603,1,102.00111680355968
19.0,30.0,0,16.06342223205138,,0,
20.0,30.0,0,-68.50630553578958,,0,
21.0,30.0,0,-161.97614160226658,,0,
22.0,30.0,0,-256.25487353792414,-245.575755,1,10.679118537924154
23.0,30.0,0,-342.6626103450544,,0,
24.0,30.0,0,-413.8452412527986,,0,
25.0,30.0,0,-464.7312006789725,,0,
26.0,30.0,0,-493.7591622447362,-653.214176,1,-159.45501375526374
27.0,30.0,0,-504.60557934298413,,0,
28.0,30.0,0,-502.9903880448546,,0,
29.0,30.0,0,-494.8457089406438,,0,
30.0,30.0,0,-485.2107841428369,-423.623501,1,61.58728314283695
31.0,30.0,0,-477.73737124400213,,0,
32.0,30.0,0,-470.8576723304577,,0,
33.0,30.0,0,-462.71995194093324,,0,
34.0,30.0,0,-451.4553106285166,-502.971284,1,-51.515973371483426
35.0,30.0,0,-434.79480844628415,,0,
36.0,30.0,0,-414.0738320630044,,0,
37.0,30.0,0,-392.3578405478038,,0,
38.0,30.0,0,-372.65668278210796,-383.061052,1,-10.404369217892054
39.0,30.0,0,-357.15690944122616,,0,
40.0,30.0,0,-347.79547051806003,,0,
41.0,30.0,0,-345.3531136957463,,0,
42.0,30.0,0,-349.80980159016326,-323.229335,1,26.58046659016327
43.0,30.0,0,-361.0785866744118,,0,
44.0,30.0,0,-377.34915100364015,,0,
45.0,30.0,0,-395.79125863453373,,0,
46.0,30.0,0,-412.3323999545537,-465.078977,1,-52.746577045446315
47.0,30.0,0,-424.35159975575516,,0,
48.0,30.0,0,-429.6254380752798,,0,
49.0,30.0,0,-426.70049440301955,,0,
50.0,30.0,0,-415.22724796581315,-495.163356,1,-79.93610803418687
51.0,30.0,0,-395.00310357060516,,0,
52.0,30.0,0,-370.7309192731045,,0,
53.0,30.0,0,-346.20075775915757,,0,
54.0,30.0,0,-323.5663631869247,-206.048109,1,117.51825418692471
55.0,30.0,0,-302.6503657103167,,0,
56.0,30.0,0,-283.3023389521986,,0,
57.0,30.0,0,-266.97807917534374,,0,
58.0,30.0,0,-256.34095147027983,-167.054703,1,89.28624847027984
59.0,30.0,0,-252.8322470083367,,0,
60.0,30.0,0,-257.77111194771715,,0,
61.0,30.0,0,-271.35903972480446,,0,
62.0,30.0,0,-293.6943705797894,-208.460709,1,85.23366157978938
63.0,30.0,0,-325.67510414053686,,0,
64.0,30.0,0,-363.1149016900454,,0,
65.0,30.0,0,-402.2692831250606,,0,
66.0,30.0,0,-439.80725854926277,-450.097283,1,-10.290024450737235
67.0,30.0,0,-473.6341598597355,,0,
68.0,30.0,0,-501.93240190972574,,0,
69.0,30.0,0,-522.787501550978,,0,
70.0,30.0,0,-535.280969384592,-583.74419,1,-48.46322061540798
71.0,30.0,0,-538.7079384172685,,0,
72.0,30.0,0,-534.9472247448284,,0,
73.0,30.0,3,-525.2887036083266,,0,
74.0,30.0,3,-510.44767202131334,-628.60885,1,-118.16117797868662
75.0,30.0,3,-489.5897650094994,,0,
76.0,30.0,3,-467.9630370179657,,0,
77.0,30.0,3,-448.82355686090887,,0,
78.0,30.0,3,-434.6981755924644,-232.127087,1,202.5710885924644
79.0,30.0,3,-429.8892886264075,,0,
80.0,30.0,3,-425.26625460619107,,0,
81.0,30.0,3,-407.4092007545987,,0,
82.0,30.0,3,-366.4157639016921,-504.452286,1,-138.0365220983079
83.0,30.0,3,-301.87744903034763,,0,
84.0,30.0,3,-216.3109240164049,,0,
85.0,30.0,3,-114.53209662390873,,0,
86.0,30.0,3,-4.704895325063262,-232.083888,1,-227.37899267493674
87.0,30.0,3,104.34051947001717,,0,
88.0,30.0,3,191.17385504208505,,0,
89.0,30.0,3,243.04223234241363,,0,
90.0,30.0,3,254.55204771857825,581.501785,1,326.9497372814218
91.0,30.0,3,221.70228319312446,,0,
92.0,30.0,3,162.2975139048649,,0,
93.0,30.0,3,96.69938885979354,,0,
94.0,30.0,3,41.572340038372204,-179.27334,1,-220.8456800383722
95.0,30.0,3,2.7054873439192306,,0,
96.0,30.0,3,-18.19762292690575,,0,
97.0,30.0,3,-23.094247730390634,,0,
98.0,30.0,3,-14.229917255492182,-178.034567,1,-163.80464974450783
99.0,30.0,3,7.98834488959983,,0,
100.0,30.0,3,33.93388821289409,,0,
101.0,30.0,3,54.84008424775675,,0,
102.0,30.0,3,59.59304667304241,284.447179,1,224.8541323269576
103.0,30.0,3,32.575332082473324,,0,
104.0,30.0,3,-26.940256891888566,,0,
105.0,30.0,3,-110.54586708685383,,0,
106.0,30.0,3,-206.24611282680416,-347.121263,1,-140.87515017319583
107.0,30.0,3,-300.1891035238514,,0,
108.0,30.0,3,-379.9802366672084,,0,
109.0,30.0,3,-439.76155747959274,,0,
110.0,30.0,3,-476.5242672866152,-625.48861,1,-148.96434271338478
111.0,30.0,3,-491.5304591690583,,0,
112.0,30.0,3,-487.6139373249607,,0,
113.0,30.0,3,-467.83702861331403,,0,
114.0,30.0,3,-436.8927477566758,-544.436339,1,-107.54359124332416
115.0,30.0,3,-403.72905131301377,,0,
116.0,30.0,3,-376.4378546156222,,0,
117.0,30.0,3,-360.0830412376672,,0,
118.0,30.0,3,-358.063663301873,-116.504594,1,241.55906930187302
119.0,30.0,3,-374.14269087760476,,0,
120.0,30.0,3,-396.5540220972034,,0,
121.0,30.0,3,-413.78648090874776,,0,
122.0,30.0,3,-418.48781432566466,-416.897358,1,1.590456325664661
123.0,30.0,3,-410.27540324791335,,0,
124.0,30.0,3,-391.3439690498053,,0,
125.0,30.0,3,-363.7347707261215,,0,
126.0,30.0,3,-329.1723961290554,-397.709377,1,-68.5369808709446
127.0,30.0,3,-289.478215220588,,0,
128.0,30.0,3,-246.85180777154164,,0,
129.0,30.0,3,-203.43295308190864,,0,
130.0,30.0,1,-161.35513309354428,-75.499398,1,85.85573509354428
131.0,30.0,1,-124.254436168354,,0,
132.0,30.0,1,-93.24474463920342,,0,
133.0,30.0,1,-73.24312916188501,,0,
134.0,30.0,1,-65.4203966074856,-224.037681,1,-158.6172843925144
135.0,30.0,1,-63.94646173901856,,0,
136.0,30.0,1,-63.31287452596007,,0,
137.0,30.0,1,-60.095684416999575,,0,
138.0,30.0,1,-49.94258232356515,-445.351261,1,-395.4086786764349
139.0,30.0,1,-24.18538161693141,,0,
140.0,30.0,1,4.1099571020458825,,0,
141.0,30.0,1,26.607794113224372,,0,
142.0,30.0,1,36.164507910376415,261.523356,1,225.35884808962356
143.0,30.0,1,21.62033752014395,,0,
144.0,30.0,1,-14.86634009500267,,0,
145.0,30.0,1,-65.0469264764688,,0,
146.0,30.0,1,-120.84606095578056,-119.479585,1,1.3664759557805581
147.0,30.0,1,-171.56811337615363,,0,
148.0,30.0,1,-208.78673706122208,,0,
149.0,30.0,1,-230.50962863618042,,0,
150.0,30.0,1,-237.81322655151598,-281.743282,1,-43.93005544848404
151.0,30.0,1,-233.53005913097877,,0,
152.0,30.0,1,-223.8086532005109,,0,
153.0,30.0,1,-211.777817824448,,0,
154.0,30.0,1,-196.7509924650658,-280.667557,1,-83.9165645349342
155.0,30.0,1,-174.88994837435894,,0,
156.0,30.0,1,-145.75455689395312,,0,
157.0,30.0,1,-107.4038712028414,,0,
158.0,30.0,1,-56.99448366067372,-212.118904,1,-155.12442033932626
159.0,30.0,1,9.540677040349692,,0,
160.0,30.0,1,87.97109424124938,,0,
161.0,30.0,1,177.45794361957815,,0,
162.0,30.0,1,275.91998613695614,-16.82969,1,-292.74967613695617
163.0,30.0,2,370.785821282072,,0,
164.0,30.0,2,449.4208133571083,,0,
165.0,30.0,2,504.98612566292286,,0,
166.0,30.0,2,538.9075938467868,324.596155,1,-214.31143884678676
167.0,30.0,2,559.8188178649871,,0,
168.0,30.0,2,565.0572435178328,,0,
169.0,30.0,2,554.4835388195934,,0,
170.0,30.0,2,530.2382617895491,614.39478,1,84.15651821045083
171.0,30.0,2,490.9202352289576,,0,
172.0,30.0,2,435.1762595499167,,0,
173.0,30.0,2,368.855574400397,,0,
174.0,30.0,2,292.9444266478531,733.465461,1,440.5210343521469
175.0,30.0,2,197.39619789039716,,0,
176.0,30.0,2,94.51925241108984,,0,
177.0,30.0,2,-3.9850117564201355,,0,
178.0,30.0,2,-90.86616199545097,72.533258,1,163.39941999545096
179.0,30.0,2,-162.36678283568472,,0,
180.0,30.0,2,-218.2847223249264,,0,
181.0,30.0,2,-261.0578669686802,,0,
182.0,30.0,2,-294.22292734496295,-227.233359,1,66.98956834496295
183.0,30.0,2,-321.86362222908065,,0,
184.0,30.0,2,-343.82265319675207,,0,
185.0,30.0,2,-359.2356150422711,,0,
186.0,30.0,2,-365.4765946534462,-405.271496,1,-39.794901346553786
187.0,30.0,2,-359.5710421106778,,0,
188.0,30.0,2,-341.96744391531684,,0,
189.0,30.0,2,-313.7275692760013,,0,
190.0,30.0,2,-276.6399961258285,-395.029998,1,-118.3900018741715
191.0,30.0,2,-232.93331031990238,,0,
192.0,30.0,2,-185.7073857660871,,0,
193.0,30.0,2,-140.4902892120881,,0,
194.0,30.0,2,-102.6147467168048,-67.698577,1,34.9161697168048
195.0,30.0,2,-75.89050509873778,,0,
196.0,30.0,2,-60.33060599770397,,0,
197.0,30.0,2,-54.51317387307063,,0,
198.0,30.0,2,-54.42982528684661,-245.80797,1,-191.3781447131534
199.0,30.0,2,-52.68254349986091,,0,
0.0,31.0,0,-485.3857880597934,,0,
1.0,31.0,0,-502.5574997267686,-481.197433,1,21.360066726768594
2.0,31.0,0,-515.2539699261542,,0,
3.0,31.0,0,-523.0928005749593,,0,
4.0,31.0,0,-522.8720361208543,,0,
5.0,31.0,0,-511.2750185588375,-440.661083,1,70.61393555883745
6.0,31.0,0,-486.26029056170955,,0,
7.0,31.0,0,-446.5511998588918,,0,
8.0,31.0,0,-391.0310787628405,,0,
9.0,31.0,0,-320.11819776846096,-513.513075,1,-193.394877231539
10.0,31.0,0,-234.57413726032246,,0,
11.0,31.0,0,-136.7120775351068,,0,
12.0,31.0,0,-36.7802344057709,,0,
13.0,31.0,0,51.96708254516125,139.146194,1,87.17911145483876
14.0,31.0,0,118.65245002065785,,0,
15.0,31.0,0,159.51008799334522,,0,
16.0,31.0,0,172.02278959052637,,0,
17.0,31.0,0,155.88667551637627,284.20484,1,128.31816448362372
18.0,31.0,0,112.44177186413435,,0,
19.0,31.0,0,44.604460603324696,,0,
20.0,31.0,0,-42.13804832752794,,0,
21.0,31.0,0,-141.42878790246323,-99.29755,1,42.131237902463226
22.0,31.0,0,-243.52330713928677,,0,
23.0,31.0,0,-337.2442824582686,,0,
24.0,31.0,0,-415.17879970697686,,0,
25.0,31.0,0,-472.80075249192305,-587.266501,1,-114.4657485080769
26.0,31.0,0,-506.46236761834007,,0,
27.0,31.0,0,-520.1989963224623,,0,
28.0,31.0,0,-518.6230413769372,,0,
29.0,31.0,0,-507.7197184986435,-402.731512,1,104.98820649864348
30.0,31.0,0,-493.33091649087146,,0,
31.0,31.0,0,-479.27563696104335,,0,
32.0,31.0,0,-466.73648485168815,,0,
33.0,31.0,0,-455.570639166981,-430.0357,1,25.534939166980962
34.0,31.0,0,-442.50610974640585,,0,
35.0,31.0,0,-424.80061992257833,,0,
36.0,31.0,0,-402.8362059299834,,0,
37.0,31.0,0,-378.961910833139,-373.613183,1,5.34872783313898
38.0,31.0,0,-356.3001052031759,,0,
39.0,31.0,0,-338.16782439890085,,0,
40.0,31.0,0,-327.4630108438432,,0,
41.0,31.0,0,-325.67307612719014,-361.304877,1,-35.63180087280983
42.0,31.0,0,-333.1814640238299,,0,
43.0,31.0,0,-349.45702384680044,,0,
44.0,31.0,0,-372.2711636845488,,0,
45.0,31.0,0,-397.4921312383376,-493.251852,1,-95.75972076166238
46.0,31.0,0,-418.7377327682916,,0,
47.0,31.0,0,-434.3368949093856,,0,
48.0,31.0,0,-441.4019202098716,,0,
49.0,31.0,0,-437.3769732711371,-566.158889,1,-128.78191572886294
50.0,31.0,0,-422.5247695474536,,0,
51.0,31.0,0,-398.0863079247647,,0,
52.0,31.0,0,-367.11573580279946,,0,
53.0,31.0,0,-333.19768838537857,-265.731753,1,67.46593538537854
54.0,31.0,0,-299.952049739426,,0,
55.0,31.0,0,-267.0232853451744,,0,
56.0,31.0,0,-235.52875045058317,,0,
57.0,31.0,0,-208.80462503503077,-93.944609,1,114.86001603503077
58.0,31.0,0,-192.588250887522,,0,
59.0,31.0,0,-187.28816897590877,,0,
60.0,31.0,0,-194.17176217981614,,0,
61.0,31.0,0,-213.43022760516033,58.955735,1,272.38596260516033
62.0,31.0,0,-244.69408110599034,,0,
63.0,31.0,0,-286.9033941766829,,0,
64.0,31.0,0,-335.99311606027186,,0,
65.0,31.0,0,-386.84617368574254,-431.297552,1,-44.451378314257454
66.0,31.0,0,-435.3714643235144,,0,
67.0,31.0,0,-480.085952592548,,0,
68.0,31.0,0,-518.4432514044456,,0,
69.0,31.0,0,-547.7899224457797,-639.07064,1,-91.28071755422036
70.0,31.0,0,-567.7778744810494,,0,
71.0,31.0,0,-578.3641910086153,,0,
72.0,31.0,0,-579.5203590129968,,0,
73.0,31.0,3,-571.1145740230568,-688.573537,1,-117.45896297694321
74.0,31.0,3,-554.9259475853469,,0,
75.0,31.0,3,-532.9858658593148,,0,
76.0,31.0,3,-509.6493657695828,,0,
77.0,31.0,3,-489.13167526270263,-380.406202,1,108.72547326270262
78.0,31.0,3,-473.51267321268097,,0,
79.0,31.0,3,-462.5577522839303,,0,
80.0,31.0,3,-447.81462829816155,,0,
81.0,31.0,3,-416.2696570054395,-665.880988,1,-249.6113309945605
82.0,31.0,3,-356.7816880392347,,0,
83.0,31.0,3,-274.10193859407445,,0,
84.0,31.0,3,-172.2825555697782,,0,
85.0,31.0,3,-58.27433881838806,-435.329626,1,-377.05528718161196
86.0,31.0,3,58.582365804119036,,0,
87.0,31.0,3,166.5992318665376,,0,
88.0,31.0,3,247.46859441080596,,0,
89.0,31.0,3,286.0366157053504,775.228127,1,489.19151129464956
90.0,31.0,3,281.1748674463888,,0,
91.0,31.0,3,237.83773312636185,,0,
92.0,31.0,3,171.13640448462684,,0,
93.0,31.0,3,101.10864769644104,-216.383351,1,-317.49199869644104
94.0,31.0,3,48.846840025973506,,0,
95.0,31.0,3,14.428667148094974,,0,
96.0,31.0,3,-2.3670647169928998,,0,
97.0,31.0,3,-3.931640255381353,-187.442442,1,-183.51080174461865
98.0,31.0,3,6.321790413407143,,0,
99.0,31.0,3,24.491955343575682,,0,
100.0,31.0,3,43.341344942804426,,0,
101.0,31.0,3,54.71661258174572,75.653752,1,20.937139418254276
102.0,31.0,3,48.0024353893823,,0,
103.0,31.0,3,13.652713379749912,,0,
104.0,31.0,3,-49.36585687904153,,0,
105.0,31.0,3,-135.43685853725765,-84.563075,1,50.87378353725765
106.0,31.0,3,-233.11690845096018,,0,
107.0,31.0,3,-327.3475489731645,,0,
108.0,31.0,3,-406.83805024740286,,0,
109.0,31.0,3,-464.9764231151785,-619.74293,1,-154.76650688482152
110.0,31.0,3,-496.12723289756104,,0,
111.0,31.0,3,-503.82921130191244,,0,
112.0,31.0,3,-491.34095982898725,,0,
113.0,31.0,3,-462.7321111591882,-636.280712,1,-173.5486008408118
114.0,31.0,3,-421.14610977954,,0,
115.0,31.0,3,-378.84539584605955,,0,
116.0,31.0,3,-344.56182270136196,,0,
117.0,31.0,3,-323.65036328771384,-74.247851,1,249.40251228771385
118.0,31.0,3,-319.34863221424166,,0,
119.0,31.0,3,-331.1924703340919,,0,
120.0,31.0,3,-350.1227405128593,,0,
121.0,31.0,3,-364.92344227799913,-489.363424,1,-124.43998172200088
122.0,31.0,3,-366.944585752266,,0,
123.0,31.0,3,-357.7909407009138,,0,
124.0,31.0,3,-339.778022488812,,0,
125.0,31.0,3,-315.23556506901514,-313.106685,1,2.1288800690151106
126.0,31.0,3,-285.67057402670616,,0,
127.0,31.0,3,-252.3179250365065,,0,
128.0,31.0,3,-216.74578906560782,,0,
129.0,31.0,3,-180.55871005204972,86.337888,1,266.89659805204974
130.0,31.0,1,-144.8860739893862,,0,
131.0,31.0,1,-112.23649924388155,,0,
132.0,31.0,1,-87.60229076677933,,0,
133.0,31.0,1,-78.08538330934243,123.060522,1,201.14590530934242
134.0,31.0,1,-84.09336638846435,,0,
135.0,31.0,1,-94.56453514227178,,0,
136.0,31.0,1,-104.22905140044168,,0,
137.0,31.0,1,-110.17282941180747,-213.335339,1,-103.16250958819253
138.0,31.0,1,-106.958449630416,,0,
139.0,31.0,1,-90.36777731706388,,0,
140.0,31.0,1,-65.30413209734252,,0,
141.0,31.0,1,-38.30019254446961,-194.274888,1,-155.9746954555304
142.0,31.0,1,-19.848706485936418,,0,
143.0,31.0,1,-19.16130677855108,,0,
144.0,31.0,1,-35.95644237805391,,0,
145.0,31.0,1,-65.10808786802227,173.59388,1,238.70196786802228
146.0,31.0,1,-103.72603670158423,,0,
147.0,31.0,1,-138.13883168739267,,0,
148.0,31.0,1,-160.90849877567962,,0,
149.0,31.0,1,-169.93926211609505,-425.363403,1,-255.42414088390495
150.0,31.0,1,-166.1739353777375,,0,
151.0,31.0,1,-152.88584855338559,,0,
152.0,31.0,1,-135.6564678933937,,0,
153.0,31.0,1,-118.63165993546136,48.998346,1,167.63000593546136
154.0,31.0,1,-100.37741810968146,,0,
155.0,31.0,1,-77.71920309914276,,0,
156.0,31.0,1,-49.99372801859863,,0,
157.0,31.0,1,-16.70916326250881,68.269005,1,84.97816826250882
158.0,31.0,1,26.27594976266846,,0,
159.0,31.0,1,81.72936417767778,,0,
160.0,31.0,1,147.1396917522652,,0,
161.0,31.0,1,221.27842391829472,-209.50633,1,-430.7847539182947
162.0,31.0,1,308.6561992322095,,0,
163.0,31.0,2,391.1863296756055,,0,
164.0,31.0,2,457.23425697220955,,0,
165.0,31.0,2,500.33430461678654,173.655246,1,-326.6790586167865
166.0,31.0,2,521.0503190776799,,0,
167.0,31.0,2,525.5410637604073,,0,
168.0,31.0,2,516.4186624076683,,0,
169.0,31.0,2,494.15101320284884,338.073046,1,-156.07796720284887
170.0,31.0,2,462.07941652741283,,0,
171.0,31.0,2,417.25042679626495,,0,
172.0,31.0,2,360.3914297185838,,0,
173.0,31.0,2,293.86835939483717,538.819358,1,244.9509986051628
174.0,31.0,2,216.85943738091737,,0,
175.0,31.0,2,127.3086324572796,,0,
176.0,31.0,2,33.07420664653182,,0,
177.0,31.0,2,-56.42080041137524,12.694395,1,69.11519541137524
178.0,31.0,2,-135.82277668174356,,0,
179.0,31.0,2,-199.952944685705,,0,
180.0,31.0,2,-248.21049535891507,,0,
181.0,31.0,2,-283.05629003141075,-259.731123,1,23.32516703141073
182.0,31.0,2,-308.8332105912268,,0,
183.0,31.0,2,-329.6939216424944,,0,
184.0,31.0,2,-348.4805466576945,,0,
185.0,31.0,2,-366.57966311392374,-231.56954,1,135.01012311392375
186.0,31.0,2,-379.1689962055534,,0,
187.0,31.0,2,-381.75853268429637,,0,
188.0,31.0,2,-372.9669557735324,,0,
189.0,31.0,2,-352.7655069218017,-505.545712,1,-152.78020507819826
190.0,31.0,2,-322.7583628096618,,0,
191.0,31.0,2,-285.32306390372105,,0,
192.0,31.0,2,-243.42082424508408,,0,
193.0,31.0,2,-201.03176868404262,-307.306166,1,-106.2743973159574
194.0,31.0,2,-163.32746028504334,,0,
195.0,31.0,2,-133.48993513546884,,0,
196.0,31.0,2,-111.10566439316608,,0,
197.0,31.0,2,-94.432101523038,-302.128836,1,-207.69673447696198
198.0,31.0,2,-82.2725271359086,,0,
199.0,31.0,2,-72.15080378181301,,0,
0.0,32.0,0,-522.6107725328766,-565.507908,1,-42.89713546712346
1.0,32.0,0,-542.5168749382719,,0,
2.0,32.0,0,-555.9684318706859,,0,
3.0,32.0,0,-561.9863575501367,,0,
4.0,32.0,0,-558.5163363940082,-550.483778,1,8.03255839400822
5.0,32.0,0,-542.5207781400532,,0,
6.0,32.0,0,-511.4339326573536,,0,
7.0,32.0,0,-463.22934865776915,,0,
8.0,32.0,0,-396.82954270904884,-484.9931,1,-88.16355729095119
9.0,32.0,0,-313.88555894140154,,0,
10.0,32.0,0,-217.4716025054804,,0,
11.0,32.0,0,-112.67745183361694,,0,
12.0,32.0,0,-8.737346963956952,95.36221,1,104.09955696395696
13.0,32.0,0,81.0711962771602,,0,
14.0,32.0,0,148.991517837625,,0,
15.0,32.0,0,189.49816074420232,,0,
16.0,32.0,0,199.95872930856422,269.983508,1,70.02477869143576
17.0,32.0,0,181.27357127005234,,0,
18.0,32.0,0,135.51243113452801,,0,
19.0,32.0,0,65.92622829141328,,0,
20.0,32.0,0,-23.018878216389567,180.754841,1,203.77371921638957
21.0,32.0,0,-128.2935778540559,,0,
22.0,32.0,0,-235.7733207223937,,0,
23.0,32.0,0,-333.7882966125617,,0,
24.0,32.0,0,-414.6316137453541,-489.287168,1,-74.65555425464589
25.0,32.0,0,-475.08600532868877,,0,
26.0,32.0,0,-513.2273845628952,,0,
27.0,32.0,0,-529.5689323076513,,0,
28.0,32.0,0,-526.9621413443238,-650.552379,1,-123.59023765567622
29.0,32.0,0,-512.9428014336154,,0,
30.0,32.0,0,-494.3320594201796,,0,
31.0,32.0,0,-475.02121520164656,,0,
32.0,32.0,0,-457.10960315261036,-313.541591,1,143.56801215261038
33.0,32.0,0,-443.2091534677893,,0,
34.0,32.0,0,-428.0472705120337,,0,
35.0,32.0,0,-408.77140815230086,,0,
36.0,32.0,0,-384.9698120660614,-396.628896,1,-11.659083933938575
37.0,32.0,0,-358.3027406898327,,0,
38.0,32.0,0,-331.963539136108,,0,
39.0,32.0,0,-310.4078838910209,,0,
40.0,32.0,0,-297.9974702321924,-295.742309,1,2.2551612321924495
41.0,32.0,0,-296.4225363917649,,0,
42.0,32.0,0,-306.0974161493359,,0,
43.0,32.0,0,-326.2858591161785,,0,
44.0,32.0,0,-354.2089672179427,-454.296265,1,-100.0872977820573
45.0,32.0,0,-384.9146026065573,,0,
46.0,32.0,0,-412.3508388972841,,0,
47.0,32.0,0,-432.5970751630375,,0,
48.0,32.0,0,-442.6005013587419,-554.423327,1,-111.82282564125808
49.0,32.0,0,-438.2986727869138,,0,
50.0,32.0,0,-421.99627024214715,,0,
51.0,32.0,0,-395.41855016024783,,0,
52.0,32.0,0,-360.72970026754774,-335.66973,1,25.059970267547726
53.0,32.0,0,-321.1559460757999,,0,
54.0,32.0,0,-279.51017464487813,,0,
55.0,32.0,0,-237.06880843825638,,0,
56.0,32.0,0,-196.00267501210328,-172.724682,1,23.27799301210328
57.0,32.0,0,-161.01716279055108,,0,
58.0,32.0,0,-137.05656100274064,,0,
59.0,32.0,0,-127.70387145527638,,0,
60.0,32.0,0,-135.13799914636184,114.424379,1,249.56237814636182
61.0,32.0,0,-158.43885764104198,,0,
62.0,32.0,0,-196.13192387553863,,0,
63.0,32.0,0,-246.17373665841296,,0,
64.0,32.0,0,-304.4238827681402,-376.807708,1,-72.38382523185982
65.0,32.0,0,-364.35107556389994,,0,
66.0,32.0,0,-422.77016254351474,,0,
67.0,32.0,0,-476.90633649518713,,0,
68.0,32.0,0,-524.1724358443171,-635.850393,1,-111.67795715568298
69.0,32.0,0,-560.4872024137294,,0,
70.0,32.0,0,-587.104737384012,,0,
71.0,32.0,0,-603.8530034094583,,0,
72.0,32.0,0,-609.9351886307122,-744.446876,1,-134.51168736928776
73.0,32.0,3,-602.8677254754875,,0,
74.0,32.0,3,-586.9841585392132,,0,
75.0,32.0,3,-565.3166549815796,,0,
76.0,32.0,3,-541.5308236515848,-462.459819,1,79.07100465158481
77.0,32.0,3,-520.3712906955625,,0,
78.0,32.0,3,-501.47476858994924,,0,
79.0,32.0,3,-482.54289247829,,0,
80.0,32.0,3,-455.7279448998306,-643.011949,1,-187.28400410016934
81.0,32.0,3,-407.1154313747538,,0,
82.0,32.0,3,-333.76755549327936,,0,
83.0,32.0,3,-237.1605508091161,,0,
84.0,32.0,3,-121.07234990841243,-412.935691,1,-291.8633410915876
85.0,32.0,3,3.7860542509006336,,0,
86.0,32.0,3,124.75672837137245,,0,
87.0,32.0,3,229.11983825988136,,0,
88.0,32.0,3,301.77113815036137,760.641459,1,458.8703208496387
89.0,32.0,3,323.69746344105806,,0,
90.0,32.0,3,303.6848604879342,,0,
91.0,32.0,3,250.77375728578772,,0,
92.0,32.0,3,179.96925599325914,169.309036,1,-10.660219993259147
93.0,32.0,3,110.71744404756464,,0,
94.0,32.0,3,58.46097790310159,,0,
95.0,32.0,3,27.00486950087361,,0,
96.0,32.0,3,15.129262362548616,-77.179007,1,-92.30826936254861
97.0,32.0,3,17.99245927267475,,0,
98.0,32.0,3,29.41865843348205,,0,
99.0,32.0,3,43.06875904032495,,0,
100.0,32.0,3,52.681027776998235,-31.59234,1,-84.27336777699824
101.0,32.0,3,52.88480305229314,,0,
102.0,32.0,3,34.49868915043771,,0,
103.0,32.0,3,-7.716372295748442,,0,
104.0,32.0,3,-74.16690414503682,88.016141,1,162.18304514503683
105.0,32.0,3,-162.85554779996164,,0,
106.0,32.0,3,-260.27133280574344,,0,
107.0,32.0,3,-352.2198111609323,,0,
108.0,32.0,3,-426.84113320021424,-613.3938,1,-186.5526667997858
109.0,32.0,3,-478.80603094193793,,0,
110.0,32.0,3,-504.99132645630743,,0,
111.0,32.0,3,-505.34961668920005,,0,
112.0,32.0,3,-482.04280078649754,-656.443505,1,-174.40070421350242
113.0,32.0,3,-441.6563021587208,,0,
114.0,32.0,3,-391.6214170685271,,0,
115.0,32.0,3,-342.37315536278766,,0,
116.0,32.0,3,-303.58454913593596,-192.912803,1,110.67174613593596
117.0,32.0,3,-280.9622539029224,,0,
118.0,32.0,3,-276.3794354823185,,0,
119.0,32.0,3,-286.69772821269,,0,
120.0,32.0,3,-303.29392374813324,-355.041056,1,-51.74713225186679
121.0,32.0,3,-315.02881858637556,,0,
122.0,32.0,3,-316.2570721830707,,0,
123.0,32.0,3,-307.1798092626268,,0,
124.0,32.0,3,-290.61856935045216,-254.164333,1,36.45423635045216
125.0,32.0,3,-270.0314545616857,,0,
126.0,32.0,3,-246.62430588912684,,0,
127.0,32.0,3,-221.4026285954751,,0,
128.0,32.0,3,-195.14598017878598,-134.972342,1,60.17363817878598
129.0,32.0,3,-169.30719106202014,,0,
130.0,32.0,1,-143.0774961290881,,0,
131.0,32.0,1,-118.21474022755865,,0,
132.0,32.0,1,-100.8737685153028,334.794424,1,435.6681925153028
133.0,32.0,1,-104.56762690818869,,0,
134.0,32.0,1,-119.40637186681852,,0,
135.0,32.0,1,-136.85468083131127,,0,
136.0,32.0,1,-152.11154215608258,-70.809208,1,81.30233415608258
137.0,32.0,1,-163.60658017755486,,0,
138.0,32.0,1,-166.14715297491057,,0,
139.0,32.0,1,-157.54684838326648,,0,
140.0,32.0,1,-139.00291862012818,-369.488349,1,-230.48543037987184
141.0,32.0,1,-111.10712198883994,,0,
142.0,32.0,1,-86.81437098613242,,0,
143.0,32.0,1,-74.4829983075615,,0,
144.0,32.0,1,-76.32052266073879,137.119795,1,213.4403176607388
145.0,32.0,1,-88.81870678975247,,0,
146.0,32.0,1,-106.79019526042975,,0,
147.0,32.0,1,-121.49535528058186,,0,
148.0,32.0,1,-126.536092113005,-119.058951,1,7.477141113005004
149.0,32.0,1,-119.87765341968043,,0,
150.0,32.0,1,-102.26204581919592,,0,
151.0,32.0,1,-77.01336023554904,,0,
152.0,32.0,1,-49.57852175994776,75.535657,1,125.11417875994776
153.0,32.0,1,-26.257751051336527,,0,
154.0,32.0,1,-4.167581132554915,,0,
155.0,32.0,1,20.000017766840756,,0,
156.0,32.0,1,47.9424041826278,209.413191,1,161.47078681737221
157.0,32.0,1,78.39727491384838,,0,
158.0,32.0,1,117.6736840675585,,0,
159.0,32.0,1,167.8867276176461,,0,
160.0,32.0,1,227.51319463108666,19.477016,1,-208.03617863108667
161.0,32.0,1,295.1199508518912,,0,
162.0,32.0,1,368.39669241034426,,0,
163.0,32.0,2,436.8919466158841,,0,
164.0,32.0,2,490.73245922708884,186.977434,1,-303.7550252270888
165.0,32.0,2,520.4614295354113,,0,
166.0,32.0,2,523.9265214581974,,0,
167.0,32.0,2,508.357323918608,,0,
168.0,32.0,2,482.6788905276917,-56.110098,1,-538.7889885276917
169.0,32.0,2,446.2141558560543,,0,
170.0,32.0,2,398.7500171868596,,0,
171.0,32.0,2,341.27522076573223,,0,
172.0,32.0,2,276.509797407547,322.196347,1,45.68654959245299
173.0,32.0,2,205.08114427921828,,0,
174.0,32.0,2,126.69568945653737,,0,
175.0,32.0,2,42.54901681107003,,0,
176.0,32.0,2,-42.19252129388042,46.27464,1,88.46716129388042
177.0,32.0,2,-121.48763921810314,,0,
178.0,32.0,2,-189.69381154235452,,0,
179.0,32.0,2,-242.33445517066866,,0,
180.0,32.0,2,-279.3955083619803,-310.882977,1,-31.487468638019664
181.0,32.0,2,-303.67207396938466,,0,
182.0,32.0,2,-320.39404735853896,,0,
183.0,32.0,2,-333.67715545441024,,0,
184.0,32.0,2,-346.9663545577787,-72.855534,1,274.11082055777865
185.0,32.0,2,-365.91627148306,,0,
186.0,32.0,2,-381.4237631156575,,0,
187.0,32.0,2,-388.6861587311141,,0,
188.0,32.0,2,-385.709370134864,-436.461204,1,-50.75183386513601
189.0,32.0,2,-370.8113070935942,,0,
190.0,32.0,2,-345.46564614609815,,0,
191.0,32.0,2,-311.76489112433046,,0,
192.0,32.0,2,-272.8408554219641,-347.888445,1,-75.04758957803591
193.0,32.0,2,-231.30062511749566,,0,
194.0,32.0,2,-192.85684020398185,,0,
195.0,32.0,2,-159.90995681332424,,0,
196.0,32.0,2,-131.47733029630035,-280.159372,1,-148.68204170369967
197.0,32.0,2,-105.62453034729697,,0,
198.0,32.0,2,-85.72468208707869,,0,
199.0,32.0,2,-70.97955447924323,,0,
0.0,33.0,0,-555.639428087743,,0,
1.0,33.0,0,-578.8759900353616,,0,
2.0,33.0,0,-593.6034244480543,,0,
3.0,33.0,0,-598.4995656544343,-561.503917,1,36.99564865443426
4.0,33.0,0,-592.4915410012472,,0,
5.0,33.0,0,-572.3713996363804,,0,
6.0,33.0,0,-535.5183785366826,,0,
7.0,33.0,0,-479.7023070096038,-550.808397,1,-71.10608999039619
8.0,33.0,0,-403.22934614145197,,0,
9.0,33.0,0,-309.8772256480297,,0,
10.0,33.0,0,-204.69776316406205,,0,
11.0,33.0,0,-94.65845869341865,-17.434687,1,77.22377169341866
12.0,33.0,0,11.724764065584168,,0,
13.0,33.0,0,104.32149372034473,,0,
14.0,33.0,0,174.32708442630246,,0,
15.0,33.0,0,214.67209986876696,293.923152,1,79.25105213123305
16.0,33.0,0,222.52695010928437,,0,
17.0,33.0,0,201.0208162505296,,0,
18.0,33.0,0,152.2025913335383,,0,
19.0,33.0,0,78.51145339896902,328.384836,1,249.87338260103098
20.0,33.0,0,-15.193417948437855,,0,
21.0,33.0,0,-122.47095754824113,,0,
22.0,33.0,0,-231.5021194559522,,0,
23.0,33.0,0,-330.04270769655704,-446.138506,1,-116.09579830344296
24.0,33.0,0,-409.85411574091995,,0,
25.0,33.0,0,-470.813780763885,,0,
26.0,33.0,0,-511.3048525964841,,0,
27.0,33.0,0,-529.490788015537,-733.076771,1,-203.58598298446304
28.0,33.0,0,-525.1062733733561,,0,
29.0,33.0,0,-509.000739776704,,0,
30.0,33.0,0,-488.09959153225645,,0,
31.0,33.0,0,-466.5902386540547,-400.523842,1,66.0663966540547
32.0,33.0,0,-446.5241938310792,,0,
33.0,33.0,0,-428.7285636307206,,0,
34.0,33.0,0,-410.53115666261874,,0,
35.0,33.0,0,-388.9817578191869,-399.337732,1,-10.35597418081312
36.0,33.0,0,-362.6141661144793,,0,
37.0,33.0,0,-332.3877293605474,,0,
38.0,33.0,0,-301.3746879096143,,0,
39.0,33.0,0,-274.9148902161978,-190.684296,1,84.23059421619783
40.0,33.0,0,-259.6799377379939,,0,
41.0,33.0,0,-256.7727782497532,,0,
42.0,33.0,0,-266.95318596903235,,0,
43.0,33.0,0,-289.7088419282809,-295.80049,1,-6.091648071719135
44.0,33.0,0,-321.70077822124586,,0,
45.0,33.0,0,-357.84201476501767,,0,
46.0,33.0,0,-391.32426972454414,,0,
47.0,33.0,0,-415.72914395527914,-517.978362,1,-102.2492180447208
48.0,33.0,0,-428.21013234648854,,0,
49.0,33.0,0,-426.6470536054694,,0,
50.0,33.0,0,-411.6765348040499,,0,
51.0,33.0,0,-385.5656877849251,-420.82311,1,-35.25742221507488
52.0,33.0,0,-350.15189145947807,,0,
53.0,33.0,0,-308.3760932990117,,0,
54.0,33.0,0,-262.2420407603495,,0,
55.0,33.0,0,-213.87539768661372,-271.076777,1,-57.20137931338627
56.0,33.0,0,-166.29363533458672,,0,
57.0,33.0,0,-123.86661473690765,,0,
58.0,33.0,0,-92.23655878636055,,0,
59.0,33.0,0,-77.47517753159627,46.988736,1,124.46391353159628
60.0,33.0,0,-83.68112001591362,,0,
61.0,33.0,0,-107.87004355847603,,0,
62.0,33.0,0,-148.3988497981336,,0,
63.0,33.0,0,-202.70326291420497,-235.673731,1,-32.970468085795034
64.0,33.0,0,-266.43282205963624,,0,
65.0,33.0,0,-334.1436017304077,,0,
66.0,33.0,0,-400.73092232760973,,0,
67.0,33.0,0,-461.4705369898584,-673.591762,1,-212.12122501014164
68.0,33.0,0,-514.5970085922163,,0,
69.0,33.0,0,-558.2891195771517,,0,
70.0,33.0,0,-591.509425875498,,0,
71.0,33.0,0,-612.9748563343892,-811.012098,1,-198.03724166561085
72.0,33.0,0,-622.3084403928951,,0,
73.0,33.0,3,-619.2206808071933,,0,
74.0,33.0,3,-606.1286867740564,,0,
75.0,33.0,3,-586.3468037154526,-558.27766,1,28.069143715452583
76.0,33.0,3,-563.236480351421,,0,
77.0,33.0,3,-539.3734739104402,,0,
78.0,33.0,3,-514.3978956153151,,0,
79.0,33.0,3,-485.17100272048265,-536.096621,1,-50.92561827951738
80.0,33.0,3,-443.8840743084147,,0,
81.0,33.0,3,-381.7009949008934,,0,
82.0,33.0,3,-296.4104000753723,,0,
83.0,33.0,3,-189.59669796167873,-453.616428,1,-264.01973003832126
84.0,33.0,3,-62.024253234732896,,0,
85.0,33.0,3,69.61869303890853,,0,
86.0,33.0,3,189.85656184726395,,0,
87.0,33.0,3,284.21474952530116,564.492056,1,280.2773064746989
88.0,33.0,3,340.95484559083707,,0,
89.0,33.0,3,352.01013180811424,,0,
90.0,33.0,3,321.73377815738786,,0,
91.0,33.0,3,260.1775003578514,449.630512,1,189.45301164214862
92.0,33.0,3,185.54610013298225,,0,
93.0,33.0,3,116.9191873241798,,0,
94.0,33.0,3,66.78794472652953,,0,
95.0,33.0,3,38.930449711042456,-62.611766,1,-101.54221571104246
96.0,33.0,3,32.92811303201597,,0,
97.0,33.0,3,40.75013860675972,,0,
98.0,33.0,3,53.83138826768845,,0,
99.0,33.0,3,63.86711552133784,44.682694,1,-19.18442152133784
100.0,33.0,3,65.55438671328011,,0,
101.0,33.0,3,53.88689235885977,,0,
102.0,33.0,3,23.150457496521994,,0,
103.0,33.0,3,-28.97382267494686,65.899111,1,94.87293367494686
104.0,33.0,3,-101.40729816257954,,0,
105.0,33.0,3,-189.86195910244714,,0,
106.0,33.0,3,-284.1331660505384,,0,
107.0,33.0,3,-371.47277442913037,-582.047465,1,-210.57469057086962
108.0,33.0,3,-437.8133942096174,,0,
109.0,33.0,3,-481.9529270630446,,0,
110.0,33.0,3,-501.40079793101177,,0,
111.0,33.0,3,-493.87829264457105,-705.210228,1,-211.33193535542898
112.0,33.0,3,-458.7234861360048,,0,
113.0,33.0,3,-407.6066189944977,,0,
114.0,33.0,3,-349.7813142143423,,0,
115.0,33.0,3,-294.66670057743613,-249.418637,1,45.24806357743614
116.0,33.0,3,-252.7420921852463,,0,
117.0,33.0,3,-229.7411289292504,,0,
118.0,33.0,3,-226.8648055276135,,0,
119.0,33.0,3,-238.62216629646719,4.725839,1,243.3480052964672
120.0,33.0,3,-255.1560119111091,,0,
121.0,33.0,3,-266.55445233290084,,0,
122.0,33.0,3,-267.6700266697444,,0,
123.0,33.0,3,-259.2403504847607,-116.826297,1,142.4140534847607
124.0,33.0,3,-244.93457278655842,,0,
125.0,33.0,3,-228.44501589227002,,0,
126.0,33.0,3,-212.11014663474634,,0,
127.0,33.0,3,-197.22370192274684,-171.302118,1,25.921583922746834
128.0,33.0,3,-183.5288998365868,,0,
129.0,33.0,3,-170.28107030433603,,0,
130.0,33.0,1,-156.85656890203245,,0,
131.0,33.0,1,-145.49207001231844,178.009749,1,323.50181901231844
132.0,33.0,1,-142.28072671883274,,0,
133.0,33.0,1,-152.81090038915863,,0,
134.0,33.0,1,-171.93410725070862,,0,
135.0,33.0,1,-192.65443366684485,128.167526,1,320.82195966684486
136.0,33.0,1,-210.89428563276306,,0,
137.0,33.0,1,-224.32574520842172,,0,
138.0,33.0,1,-229.85145244403975,,0,
139.0,33.0,1,-225.1750655604992,-356.223698,1,-131.0486324395008
140.0,33.0,1,-209.49942359980196,,0,
141.0,33.0,1,-184.5402045082301,,0,
142.0,33.0,1,-158.12428897852078,,0,
143.0,33.0,1,-138.13540578377433,-17.537001,1,120.59840478377433
144.0,33.0,1,-129.69102368480526,,0,
145.0,33.0,1,-127.81142326723784,,0,
146.0,33.0,1,-126.94914551975671,,0,
147.0,33.0,1,-121.70876577706076,-213.834701,1,-92.12593522293923
148.0,33.0,1,-108.04522514715791,,0,
149.0,33.0,1,-84.32425036141649,,0,
150.0,33.0,1,-51.52318954200018,,0,
151.0,33.0,1,-13.318382439611014,-75.434997,1,-62.11661456038898
152.0,33.0,1,24.360717251547612,,0,
153.0,33.0,1,56.05373797612265,,0,
154.0,33.0,1,82.14576849772129,,0,
155.0,33.0,1,107.00982286338694,223.79346,1,116.78363713661307
156.0,33.0,1,134.29590444033965,,0,
157.0,33.0,1,166.1420497688232,,0,
158.0,33.0,1,206.56736765650567,,0,
159.0,33.0,1,257.7130948116537,250.404484,1,-7.308610811653722
160.0,33.0,1,318.1287608870771,,0,
161.0,33.0,1,384.08608976891264,,0,
162.0,33.0,2,449.81251760409214,,0,
163.0,33.0,2,507.7574235771317,234.60832,1,-273.1491035771317
164.0,33.0,2,553.1842124161776,,0,
165.0,33.0,2,570.8589436354814,,0,
166.0,33.0,2,556.9314693862107,,0,
167.0,33.0,2,519.3144389087101,10.397572,1,-508.9168669087101
168.0,33.0,2,476.5377525370568,,0,
169.0,33.0,2,421.91613861592487,,0,
170.0,33.0,2,355.56356272811536,,0,
171.0,33.0,2,280.5408149652649,106.04325,1,-174.49756496526487
172.0,33.0,2,203.66064202296548,,0,
173.0,33.0,2,124.44917307293508,,0,
174.0,33.0,2,44.12550513772294,,0,
175.0,33.0,2,-36.214757910813205,-101.243098,1,-65.0283400891868
176.0,33.0,2,-112.77681135525927,,0,
177.0,33.0,2,-182.54228904424235,,0,
178.0,33.0,2,-239.69912570994347,,0,
179.0,33.0,2,-278.93076099525206,-443.101021,1,-164.17026000474795
180.0,33.0,2,-302.8557461218443,,0,
181.0,33.0,2,-316.15257119364105,,0,
182.0,33.0,2,-324.2407124794554,,0,
183.0,33.0,2,-332.23869176686276,-120.314542,1,211.92414976686274
184.0,33.0,2,-342.84793717227876,,0,
185.0,33.0,2,-357.2142969747074,,0,
186.0,33.0,2,-370.39281972462777,,0,
187.0,33.0,2,-377.4417814798653,-404.754253,1,-27.312471520134693
188.0,33.0,2,-376.0808886522427,,0,
189.0,33.0,2,-364.3773720024619,,0,
190.0,33.0,2,-341.3530500032939,,0,
191.0,33.0,2,-308.02449889387935,-302.700418,1,5.324080893879341
192.0,33.0,2,-268.62866546493024,,0,
193.0,33.0,2,-226.82090812688693,,0,
194.0,33.0,2,-186.45966649928596,,0,
195.0,33.0,2,-150.0408433144912,-315.955037,1,-165.9141936855088
196.0,33.0,2,-115.22206719964743,,0,
197.0,33.0,2,-86.15117837535217,,0,
198.0,33.0,2,-64.97893492598087,,0,
199.0,33.0,2,-50.27293358836323,-370.973771,1,-320.70083741163677
0.0,34.0,0,-581.056518956786,,0,
1.0,34.0,0,-608.2516397683648,,0,
2.0,34.0,0,-625.1114379311912,-632.221237,1,-7.1097990688087975
3.0,34.0,0,-630.1985791567713,,0,
4.0,34.0,0,-622.0948557895608,,0,
5.0,34.0,0,-598.3862423329265,,0,
6.0,34.0,0,-556.5125670502894,-573.148517,1,-16.635949949710607
7.0,34.0,0,-493.93835315061733,,0,
8.0,34.0,0,-410.49424725805875,,0,
9.0,34.0,0,-309.6977653093636,,0,
10.0,34.0,0,-197.8866306920536,-131.903923,1,65.9827076920536
11.0,34.0,0,-84.05283587845042,,0,
12.0,34.0,0,24.673219591844827,,0,
13.0,34.0,0,119.64252918207785,,0,
14.0,34.0,0,191.6625283518806,353.171007,1,161.50847864811936
15.0,34.0,0,230.5993917249143,,0,
16.0,34.0,0,237.07682094385382,,0,
17.0,34.0,0,213.45402938651387,,0,
18.0,34.0,0,162.06652482086793,265.347288,1,103.28076317913207
19.0,34.0,0,84.33260055631399,,0,
20.0,34.0,0,-12.102653541136533,,0,
21.0,34.0,0,-119.23530725156888,,0,
22.0,34.0,0,-226.4902699077502,-364.348339,1,-137.85806909224982
23.0,34.0,0,-320.72982378909364,,0,
24.0,34.0,0,-398.0989847087185,,0,
25.0,34.0,0,-457.5112237420399,,0,
26.0,34.0,0,-497.4567961220164,-645.339269,1,-147.88247287798356
27.0,34.0,0,-513.7071571173146,,0,
28.0,34.0,0,-510.7261717100628,,0,
29.0,34.0,0,-495.7482320551062,,0,
30.0,34.0,0,-475.0301645472646,-414.074375,1,60.9557895472646
31.0,34.0,0,-453.5631016280968,,0,
32.0,34.0,0,-432.1396597578423,,0,
33.0,34.0,0,-411.27513031085255,,0,
34.0,34.0,0,-390.01188677176833,-402.868735,1,-12.856848228231684
35.0,34.0,0,-365.83794169686735,,0,
36.0,34.0,0,-336.6693324376829,,0,
37.0,34.0,0,-302.35606271086726,,0,
38.0,34.0,0,-265.91620333725587,-312.905135,1,-46.98893166274411
39.0,34.0,0,-234.08015158283524,,0,
40.0,34.0,0,-213.50885623088107,,0,
41.0,34.0,0,-207.20515578702907,,0,
42.0,34.0,0,-215.9297118061222,-169.915472,1,46.01423980612222
43.0,34.0,0,-239.57463592570275,,0,
44.0,34.0,0,-274.22682439070195,,0,
45.0,34.0,0,-314.8639078940032,,0,
46.0,34.0,0,-354.1494891019538,-517.004587,1,-162.8550978980462
47.0,34.0,0,-382.28117935638875,,0,
48.0,34.0,0,-398.725900096586,,0,
49.0,34.0,0,-401.4652326965006,,0,
50.0,34.0,0,-389.35742092318833,-526.271202,1,-136.9137810768117
51.0,34.0,0,-365.5814534747042,,0,
52.0,34.0,0,-333.08918471238576,,0,
53.0,34.0,0,-293.30278003646526,,0,
54.0,34.0,0,-246.89675755426288,-261.315348,1,-14.418590445737095
55.0,34.0,0,-196.75765028246678,,0,
56.0,34.0,0,-146.23879040026804,,0,
57.0,34.0,0,-99.19408124045003,,0,
58.0,34.0,0,-61.63833001279272,95.715714,1,157.3540440127927
59.0,34.0,0,-42.86763359676115,,0,
60.0,34.0,0,-43.84045611473266,,0,
61.0,34.0,0,-64.54391581920208,,0,
62.0,34.0,0,-104.0452672697138,-129.698228,1,-25.652960730286196
63.0,34.0,0,-158.9036549659213,,0,
64.0,34.0,0,-224.7874543813232,,0,
65.0,34.0,0,-296.8929833351285,,0,
66.0,34.0,0,-369.33512006211095,-540.966799,1,-171.6316789378891
67.0,34.0,0,-434.0408713526558,,0,
68.0,34.0,0,-491.91711343440693,,0,
69.0,34.0,0,-541.7291894273367,,0,
70.0,34.0,0,-581.1808217098005,-681.593535,1,-100.41271329019946
71.0,34.0,0,-606.742039241828,,0,
72.0,34.0,0,-620.0628087089572,,0,
73.0,34.0,3,-621.589779919479,,0,
74.0,34.0,3,-612.2629293811042,-762.151139,1,-149.88820961889576
75.0,34.0,3,-594.9623010000214,,0,
76.0,34.0,3,-572.3548088882817,,0,
77.0,34.0,3,-545.4341637079779,,0,
78.0,34.0,3,-513.282476022141,-450.310841,1,62.97163502214107
79.0,34.0,3,-473.6350361723453,,0,
80.0,34.0,3,-419.1828425047861,,0,
81.0,34.0,3,-343.7459340579808,,0,
82.0,34.0,3,-245.36725532473065,-319.863605,1,-74.49634967526936
83.0,34.0,3,-126.84237234783359,,0,
84.0,34.0,3,5.787413051119074,,0,
85.0,34.0,3,138.45643949668738,,0,
86.0,34.0,3,253.85652828891762,415.458045,1,161.6015167110824
87.0,34.0,3,334.3233334432589,,0,
88.0,34.0,3,374.23983256026986,,0,
89.0,34.0,3,372.26087139581796,,0,
90.0,34.0,3,332.85071320144925,613.725678,1,280.87496479855076
91.0,34.0,3,262.12203030649107,,0,
92.0,34.0,3,183.43432532198494,,0,
93.0,34.0,3,116.08163338919985,,0,
94.0,34.0,3,71.62378002749756,-136.202993,1,-207.82677302749755
95.0,34.0,3,50.83331352623645,,0,
96.0,34.0,3,50.28201073198579,,0,
97.0,34.0,3,62.685752757417504,,0,
98.0,34.0,3,77.9522769934265,198.410264,1,120.45798700657352
99.0,34.0,3,84.80732211010763,,0,
100.0,34.0,3,79.62080963875633,,0,
101.0,34.0,3,57.568418076989474,,0,
102.0,34.0,3,14.557050772942603,201.418043,1,186.8609922270574
103.0,34.0,3,-47.74159537488595,,0,
104.0,34.0,3,-125.34703467664076,,0,
105.0,34.0,3,-212.53355260624085,,0,
106.0,34.0,3,-300.63599229149986,-461.570258,1,-160.93426570850016
107.0,34.0,3,-378.9746470443788,,0,
108.0,34.0,3,-437.84553839906584,,0,
109.0,34.0,3,-473.7544360698448,,0,
110.0,34.0,3,-484.35650933819124,-604.883488,1,-120.52697866180881
111.0,34.0,3,-465.5482123676338,,0,
112.0,34.0,3,-421.8039220745559,,0,
113.0,34.0,3,-362.7388778196182,,0,
114.0,34.0,3,-298.7401510573691,-350.292623,1,-51.552471942630916
115.0,34.0,3,-239.04831914009992,,0,
116.0,34.0,3,-194.2399481627508,,0,
117.0,34.0,3,-171.50982224938343,,0,
118.0,34.0,3,-172.9359823128325,218.119791,1,391.05577331283246
119.0,34.0,3,-189.14708528784104,,0,
120.0,34.0,3,-208.45058216992766,,0,
121.0,34.0,3,-221.17744921555277,,0,
122.0,34.0,3,-221.84234034147812,-190.48326,1,31.35908034147812
123.0,34.0,3,-213.48304621124407,,0,
124.0,34.0,3,-201.26528250437696,,0,
125.0,34.0,3,-189.25234028080013,,0,
126.0,34.0,3,-180.4711289590923,-132.462298,1,48.00883095909231
127.0,34.0,3,-177.1779154628166,,0,
128.0,34.0,3,-177.566915006435,,0,
129.0,34.0,1,-179.08021156291943,,0,
130.0,34.0,1,-180.2906072497135,-191.075415,1,-10.78480775028649
131.0,34.0,1,-184.34284004045185,,0,
132.0,34.0,1,-194.9883508225903,,0,
133.0,34.0,1,-213.12406458391342,,0,
134.0,34.0,1,-235.55018075293628,108.857798,1,344.4079787529363
135.0,34.0,1,-258.08964495232794,,0,
136.0,34.0,1,-277.32800852914806,,0,
137.0,34.0,1,-291.0764103869442,,0,
138.0,34.0,1,-297.62884838471655,-461.14557,1,-163.51672161528347
139.0,34.0,1,-294.4854858755134,,0,
140.0,34.0,1,-280.63363451429177,,0,
141.0,34.0,1,-257.8213863146957,,0,
142.0,34.0,1,-231.08479154366069,-362.78967,1,-131.70487845633932
143.0,34.0,1,-207.3264363882481,,0,
144.0,34.0,1,-190.1686145577114,,0,
145.0,34.0,1,-176.01471922756173,,0,
146.0,34.0,1,-158.83180931850802,-356.602261,1,-197.77045168149198
147.0,34.0,1,-135.70748184400145,,0,
148.0,34.0,1,-104.6654589746613,,0,
149.0,34.0,1,-64.65007269993657,,0,
150.0,34.0,1,-16.917706494103186,3.427094,1,20.344800494103186
151.0,34.0,1,34.40972895536106,,0,
152.0,34.0,1,83.16755440924317,,0,
153.0,34.0,1,122.85034467163496,,0,
154.0,34.0,1,151.50456234253943,294.352214,1,142.84765165746057
155.0,34.0,1,176.3569023804739,,0,
156.0,34.0,1,204.21107934881002,,0,
157.0,34.0,1,238.9786757202819,,0,
158.0,34.0,1,283.5797535937745,249.011473,1,-34.56828059377452
159.0,34.0,1,339.7191743138246,,0,
160.0,34.0,1,405.01347633753903,,0,
161.0,34.0,1,474.6638416761998,,0,
162.0,34.0,2,541.7447659894824,511.007683,1,-30.737082989482417
163.0,34.0,2,600.2676471446175,,0,
164.0,34.0,2,640.8373944957275,,0,
165.0,34.0,2,649.968690761365,,0,
166.0,34.0,2,624.1333473403938,288.365395,1,-335.76795234039383
167.0,34.0,2,572.215391131409,,0,
168.0,34.0,2,506.19295815273654,,0,
169.0,34.0,2,429.0621552991215,,0,
170.0,34.0,2,343.6099842421245,-111.977593,1,-455.5875772421245
171.0,34.0,2,251.74981034966186,,0,
172.0,34.0,2,158.2815458686091,,0,
173.0,34.0,2,68.48889624478761,,0,
174.0,34.0,2,-13.655000023311004,-198.714854,1,-185.059853976689
175.0,34.0,2,-90.36019556497922,,0,
176.0,34.0,2,-160.89665471669286,,0,
177.0,34.0,2,-222.18657067790627,,0,
178.0,34.0,2,-270.17662552709226,-586.046125,1,-315.8694994729077
179.0,34.0,2,-296.693978655152,,0,
180.0,34.0,2,-309.6474320855923,,0,
181.0,34.0,2,-313.71002980018966,,0,
182.0,34.0,2,-314.3269743216224,-199.089849,1,115.23712532162241
183.0,34.0,2,-318.37084609933663,,0,
184.0,34.0,2,-325.1457022728864,,0,
185.0,34.0,2,-333.589262641035,,0,
186.0,34.0,2,-341.2215851495275,-398.333355,1,-57.111769850472456
187.0,34.0,2,-344.20286963600665,,0,
188.0,34.0,2,-341.4596045219805,,0,
189.0,34.0,2,-330.16059425263666,,0,
190.0,34.0,2,-306.91575162904337,-450.344771,1,-143.4290193709566
191.0,34.0,2,-271.1618328609038,,0,
192.0,34.0,2,-230.14262075466104,,0,
193.0,34.0,2,-186.97277463274077,,0,
194.0,34.0,2,-143.06254079844803,-391.298806,1,-248.236265201552
195.0,34.0,2,-102.15987959923223,,0,
196.0,34.0,2,-66.15815416909754,,0,
197.0,34.0,2,-38.746781717054546,,0,
198.0,34.0,2,-22.34804262407124,-94.431819,1,-72.08377637592876
199.0,34.0,2,-12.346266765613109,,0,
0.0,35.0,0,-594.9302073895233,,0,
1.0,35.0,0,-626.482224676758,-695.269003,1,-68.78677832324195
2.0,35.0,0,-646.0962201156653,,0,
3.0,35.0,0,-652.42944292631,,0,
4.0,35.0,0,-643.4855063003488,,0,
5.0,35.0,0,-617.4731456788722,-578.864373,1,38.60877267887224
6.0,35.0,0,-572.4074641531333,,0,
7.0,35.0,0,-506.1088254102506,,0,
8.0,35.0,0,-418.4603922901442,,0,
9.0,35.0,0,-313.29009154089727,-380.842233,1,-67.55214145910276
10.0,35.0,0,-197.68129289522767,,0,
11.0,35.0,0,-80.39793971087784,,0,
12.0,35.0,0,30.29561740788631,,0,
13.0,35.0,0,126.09762761683669,272.429434,1,146.33180638316333
14.0,35.0,0,197.91373971058056,,0,
15.0,35.0,0,237.71816428704187,,0,
16.0,35.0,0,243.74832618242363,,0,
17.0,35.0,0,218.1279845929239,240.698022,1,22.570037407076114
18.0,35.0,0,163.84168897662312,,0,
19.0,35.0,0,84.92698381654918,,0,
20.0,35.0,0,-11.1054905008059,,0,
21.0,35.0,0,-115.25904445303604,-283.690069,1,-168.43102454696395
22.0,35.0,0,-217.2809466905892,,0,
23.0,35.0,0,-307.19938936596736,,0,
24.0,35.0,0,-380.2859669368481,,0,
25.0,35.0,0,-435.30823052767664,-550.574174,1,-115.26594347232333
26.0,35.0,0,-471.28703139489517,,0,
27.0,35.0,0,-487.400335744489,,0,
28.0,35.0,0,-487.0325792459771,,0,
29.0,35.0,0,-475.54166637471644,-412.87163,1,62.67003637471646
30.0,35.0,0,-457.4397072251886,,0,
31.0,35.0,0,-436.20258892606944,,0,
32.0,35.0,0,-413.37640092422953,,0,
33.0,35.0,0,-389.7564793994534,-353.124996,1,36.63148339945337
34.0,35.0,0,-365.71285593602806,,0,
35.0,35.0,0,-338.8309968020767,,0,
36.0,35.0,0,-306.55639246385545,,0,
37.0,35.0,0,-267.46327500930056,-341.638516,1,-74.17524099069942
38.0,35.0,0,-224.49585923785344,,0,
39.0,35.0,0,-186.12612938741222,,0,
40.0,35.0,0,-159.3777500175056,,0,
41.0,35.0,0,-148.86011750728358,-27.663546,1,121.19657150728358
42.0,35.0,0,-155.22129765944555,,0,
43.0,35.0,0,-177.3431761614047,,0,
44.0,35.0,0,-212.2511431791354,,0,
45.0,35.0,0,-255.0502662017825,-358.641357,1,-103.59109079821752
46.0,35.0,0,-297.45681649190374,,0,
47.0,35.0,0,-331.0385799331125,,0,
48.0,35.0,0,-352.7224789286265,,0,
49.0,35.0,0,-361.14961463888176,-541.065089,1,-179.91547436111819
50.0,35.0,0,-352.94676878512837,,0,
51.0,35.0,0,-334.03358968161047,,0,
52.0,35.0,0,-307.5018241686048,,0,
53.0,35.0,0,-273.9390040219878,-395.749253,1,-121.81024897801223
54.0,35.0,0,-231.4650258361362,,0,
55.0,35.0,0,-184.38529888889752,,0,
56.0,35.0,0,-135.6191945176979,,0,
57.0,35.0,0,-88.4476832569926,8.9124,1,97.36008325699261
58.0,35.0,0,-49.12475073384121,,0,
59.0,35.0,0,-24.48613072722219,,0,
60.0,35.0,0,-18.01275957445614,,0,
61.0,35.0,0,-32.113684950978495,64.217531,1,96.33121595097849
62.0,35.0,0,-67.23326864792034,,0,
63.0,35.0,0,-118.62571876705624,,0,
64.0,35.0,0,-182.651431856415,,0,
65.0,35.0,0,-254.47068843629677,-353.396451,1,-98.92576256370324
66.0,35.0,0,-327.73682377883233,,0,
67.0,35.0,0,-396.4917894147802,,0,
68.0,35.0,0,-458.80452072201297,,0,
69.0,35.0,0,-513.1132027704734,-534.100272,1,-20.987069229526583
70.0,35.0,0,-556.7052349103615,,0,
71.0,35.0,0,-587.239025246934,,0,
72.0,35.0,3,-605.273389439506,,0,
73.0,35.0,3,-611.7121949957509,-674.585619,1,-62.873424004249046
74.0,35.0,3,-605.9112975306343,,0,
75.0,35.0,3,-591.0280393443536,,0,
76.0,35.0,3,-569.0646740263328,,0,
77.0,35.0,3,-539.8390599582053,-374.864282,1,164.97477795820532
78.0,35.0,3,-501.73025433300063,,0,
79.0,35.0,3,-451.8781159822829,,0,
80.0,35.0,3,-385.1554771590745,,0,
81.0,35.0,3,-296.7787963048322,-387.747686,1,-90.96888969516777
82.0,35.0,3,-185.11768045113422,,0,
83.0,35.0,3,-56.92882415722124,,0,
84.0,35.0,3,78.75689680350479,,0,
85.0,35.0,3,208.83435482601635,277.612316,1,68.77796117398367
86.0,35.0,3,315.215196096804,,0,
87.0,35.0,3,382.2817889567232,,0,
88.0,35.0,3,404.54016171285184,,0,
89.0,35.0,3,385.16606269421754,754.206852,1,369.0407893057825
90.0,35.0,3,331.52049613476265,,0,
91.0,35.0,3,254.59738550509792,,0,
92.0,35.0,3,174.10910012264503,,0,
93.0,35.0,3,109.84779076784616,-120.835083,1,-230.68287376784616
94.0,35.0,3,73.98893793171737,,0,
95.0,35.0,3,61.009267350658774,,0,
96.0,35.0,3,66.07797045118059,,0,
97.0,35.0,3,82.52481401478872,113.962898,1,31.43808398521128
98.0,35.0,3,98.45498134044465,,0,
99.0,35.0,3,103.20298541046213,,0,
100.0,35.0,3,91.85146872371843,,0,
101.0,35.0,3,60.89925138375838,248.217014,1,187.31776261624162
102.0,35.0,3,6.500247019226663,,0,
103.0,35.0,3,-64.13364725059364,,0,
104.0,35.0,3,-145.1072927386267,,0,
105.0,35.0,3,-230.05561060353648,-248.511585,1,-18.455974396463517
106.0,35.0,3,-311.18457030016,,0,
107.0,35.0,3,-380.3852563726832,,0,
108.0,35.0,3,-430.25380527359084,,0,
109.0,35.0,3,-456.48485431889276,-530.716614,1,-74.23175968110729
110.0,35.0,3,-456.30707974830875,,0,
111.0,35.0,3,-428.33623681700556,,0,
112.0,35.0,3,-376.85172117938055,,0,
113.0,35.0,3,-310.8286391136935,-503.933456,1,-193.10481688630648
114.0,35.0,3,-241.0713382906397,,0,
115.0,35.0,3,-178.6844592900161,,0,
116.0,35.0,3,-133.5819080673391,,0,
117.0,35.0,3,-112.21632621283061,243.646419,1,355.86274521283065
118.0,35.0,3,-120.3987317677529,,0,
119.0,35.0,3,-141.71775818779133,,0,
120.0,35.0,3,-163.76532666769344,,0,
121.0,35.0,3,-178.05795057781506,-407.327937,1,-229.26998642218496
122.0,35.0,3,-177.11744756944245,,0,
123.0,35.0,3,-168.51443589810515,,0,
124.0,35.0,3,-158.26859081786824,,0,
125.0,35.0,3,-150.81148068470065,76.824764,1,227.63624468470067
126.0,35.0,3,-149.77496406249702,,0,
127.0,35.0,3,-157.12835849251132,,0,
128.0,35.0,3,-171.1192116761231,,0,
129.0,35.0,1,-187.74243434867822,-345.818799,1,-158.0763646513218
130.0,35.0,1,-203.34730074577965,,0,
131.0,35.0,1,-222.87305872375146,,0,
132.0,35.0,1,-247.38168082362972,,0,
133.0,35.0,1,-274.6667620452354,-319.557335,1,-44.89057295476465
134.0,35.0,1,-301.873055566306,,0,
135.0,35.0,1,-327.1620049185585,,0,
136.0,35.0,1,-347.6363994417479,,0,
137.0,35.0,1,-361.2834196360782,-276.115696,1,85.16772363607816
138.0,35.0,1,-368.1532366249012,,0,
139.0,35.0,1,-365.08803516987246,,0,
140.0,35.0,1,-351.53450178867206,,0,
141.0,35.0,1,-329.1197348876158,-392.145626,1,-63.025891112384215
142.0,35.0,1,-301.14298767980654,,0,
143.0,35.0,1,-274.07336955092615,,0,
144.0,35.0,1,-250.40304482122883,,0,
145.0,35.0,1,-227.09330404596403,-380.391994,1,-153.29868995403598
146.0,35.0,1,-196.57610496750567,,0,
147.0,35.0,1,-159.18082039023284,,0,
148.0,35.0,1,-113.96577419876121,,0,
149.0,35.0,1,-60.2726024838048,-81.975663,1,-21.703060516195194
150.0,35.0,1,0.21699309186078608,,0,
151.0,35.0,1,62.88637442828622,,0,
152.0,35.0,1,121.21743673435412,,0,
153.0,35.0,1,167.45337660401128,486.663784,1,319.21040739598874
154.0,35.0,1,196.51296656159684,,0,
155.0,35.0,1,221.89344110176899,,0,
156.0,35.0,1,251.66752143017948,,0,
157.0,35.0,1,290.43839587294497,272.841764,1,-17.596631872944954
158.0,35.0,1,340.67345272609964,,0,
159.0,35.0,1,402.5471686545643,,0,
160.0,35.0,1,473.7847549841972,,0,
161.0,35.0,1,550.3369631788228,716.609784,1,166.27282082117722
162.0,35.0,2,623.936840695329,,0,
163.0,35.0,2,690.6439602095634,,0,
164.0,35.0,2,736.247434547171,,0,
165.0,35.0,2,743.0933554923395,785.433116,1,42.33976050766057
166.0,35.0,2,711.0283043684904,,0,
167.0,35.0,2,648.9916138570989,,0,
168.0,35.0,2,565.5947352950461,,0,
169.0,35.0,2,468.40613089920953,204.11796,1,-264.2881708992095
170.0,35.0,2,367.0414185267873,,0,
171.0,35.0,2,259.3589679633733,,0,
172.0,35.0,2,150.60191137855873,,0,
173.0,35.0,2,50.353408932336606,-332.164282,1,-382.5176909323366
174.0,35.0,2,-32.559935657307506,,0,
175.0,35.0,2,-107.77072737162234,,0,
176.0,35.0,2,-174.09200820163824,,0,
177.0,35.0,2,-225.8002886432223,-627.490375,1,-401.69008635677767
178.0,35.0,2,-262.3547108396888,,0,
179.0,35.0,2,-283.11698388890363,,0,
180.0,35.0,2,-291.1036996631883,,0,
181.0,35.0,2,-289.6361902288627,-405.170193,1,-115.5340027711373
182.0,35.0,2,-285.822672075592,,0,
183.0,35.0,2,-285.2302032795269,,0,
184.0,35.0,2,-287.06304451613687,,0,
185.0,35.0,2,-288.28440997190773,-427.22277,1,-138.9383600280923
186.0,35.0,2,-288.0501736063743,,0,
187.0,35.0,2,-285.1976240850054,,0,
188.0,35.0,2,-278.48995460383594,,0,
189.0,35.0,2,-264.75753678684123,-458.236386,1,-193.47884921315875
190.0,35.0,2,-237.16928581963293,,0,
191.0,35.0,2,-199.5542592376005,,0,
192.0,35.0,2,-157.0327947482001,,0,
193.0,35.0,2,-113.200721480418,-351.680055,1,-238.47933351958199
194.0,35.0,2,-66.68984860670753,,0,
195.0,35.0,2,-25.76038204319775,,0,
196.0,35.0,2,6.77068661339581,,0,
197.0,35.0,2,28.936363447923213,236.008321,1,207.07195755207678
198.0,35.0,2,36.90199831966311,,0,
199.0,35.0,2,38.26686123223044,,0,
0.0,36.0,0,-593.3562776282197,-536.624651,1,56.731626628219715
1.0,36.0,0,-628.1218766083475,,0,
2.0,36.0,0,-651.7699683988467,,0,
3.0,36.0,0,-660.7783170714974,,0,
4.0,36.0,0,-652.2042647418566,-692.446868,1,-40.24260325814339
5.0,36.0,0,-625.6883869263111,,0,
6.0,36.0,0,-580.3674463201314,,0,
7.0,36.0,0,-513.8427003105171,,0,
8.0,36.0,0,-424.7870095926337,-573.710665,1,-148.92365540736625
9.0,36.0,0,-317.8628948413534,,0,
10.0,36.0,0,-200.39307829691097,,0,
11.0,36.0,0,-81.19651568494737,,0,
12.0,36.0,0,30.328461904311553,206.270598,1,175.94213609568845
13.0,36.0,0,126.25681900896598,,0,
14.0,36.0,0,198.40440184343606,,0,
15.0,36.0,0,239.0801258641295,,0,
16.0,36.0,0,244.54673024907243,362.574886,1,118.02815575092757
17.0,36.0,0,217.17924994137138,,0,
18.0,36.0,0,161.1157839880325,,0,
19.0,36.0,0,81.93431672779843,,0,
20.0,36.0,0,-12.145015202462673,-114.786115,1,-102.64109979753732
21.0,36.0,0,-112.1310409521102,,0,
22.0,36.0,0,-208.72463226364926,,0,
23.0,36.0,0,-293.3001067794394,,0,
24.0,36.0,0,-360.36941187572666,-466.926097,1,-106.55668512427337
25.0,36.0,0,-409.325386253593,,0,
26.0,36.0,0,-441.09470516908914,,0,
27.0,36.0,0,-456.91604462545365,,0,
28.0,36.0,0,-459.06825502123684,-420.805513,1,38.26274202123682
29.0,36.0,0,-451.32413079438265,,0,
30.0,36.0,0,-435.8252346524969,,0,
31.0,36.0,0,-414.8993735415861,,0,
32.0,36.0,0,-390.5702280555852,-376.984278,1,13.585950055585158
33.0,36.0,0,-364.41385963605717,,0,
34.0,36.0,0,-336.72893437277526,,0,
35.0,36.0,0,-306.0683715757914,,0,
36.0,36.0,0,-270.0470113030169,-437.964499,1,-167.91748769698307
37.0,36.0,0,-224.6371360408957,,0,
38.0,36.0,0,-176.1378640923649,,0,
39.0,36.0,0,-131.73549938877113,,0,
40.0,36.0,0,-98.56048864737386,2.836777,1,101.39726564737386
41.0,36.0,0,-83.48298186121974,,0,
42.0,36.0,0,-86.08432175335474,,0,
43.0,36.0,0,-105.1680386099033,,0,
44.0,36.0,0,-138.3244781435933,-77.05552,1,61.268958143593295
45.0,36.0,0,-181.8614422386745,,0,
46.0,36.0,0,-226.7798823886551,,0,
47.0,36.0,0,-264.3835099001881,,0,
48.0,36.0,0,-289.49412016157294,-485.093592,1,-195.59947183842706
49.0,36.0,0,-301.8085115637223,,0,
50.0,36.0,0,-301.20064412616193,,0,
51.0,36.0,0,-290.4259733222425,,0,
52.0,36.0,0,-272.2630537250079,-404.684165,1,-132.42111127499209
53.0,36.0,0,-247.14190508442698,,0,
54.0,36.0,0,-214.26018859585747,,0,
55.0,36.0,0,-175.33381628710777,,0,
56.0,36.0,0,-132.8998025690671,-195.57796,1,-62.678157430932885
57.0,36.0,0,-89.22430822602473,,0,
58.0,36.0,0,-50.58129609958269,,0,
59.0,36.0,0,-22.27732636773726,,0,
60.0,36.0,0,-8.84495251905173,148.565363,1,157.41031551905172
61.0,36.0,0,-16.428705175989307,,0,
62.0,36.0,0,-42.78326868155273,,0,
63.0,36.0,0,-86.1733688985696,,0,
64.0,36.0,0,-144.7592861596495,-137.965651,1,6.793635159649483
65.0,36.0,0,-212.9521189678926,,0,
66.0,36.0,0,-284.65399463591166,,0,
67.0,36.0,0,-354.94907646399224,,0,
68.0,36.0,0,-420.17485576029867,-412.026209,1,8.148646760298675
69.0,36.0,0,-477.59327680733986,,0,
70.0,36.0,0,-524.4512231065019,,0,
71.0,36.0,0,-558.8822842145164,,0,
72.0,36.0,3,-580.6483498888556,-530.107349,1,50.54100088885559
73.0,36.0,3,-590.7971512083896,,0,
74.0,36.0,3,-588.4602093289141,,0,
75.0,36.0,3,-575.7680361642269,,0,
76.0,36.0,3,-554.794143270934,-304.096047,1,250.698096270934
77.0,36.0,3,-523.860305902781,,0,
78.0,36.0,3,-480.24147079703107,,0,
79.0,36.0,3,-421.10742516390746,,0,
80.0,36.0,3,-342.8366826316342,-409.248538,1,-66.41185536836582
81.0,36.0,3,-241.33984322636388,,0,
82.0,36.0,3,-118.6286012752098,,0,
83.0,36.0,3,17.704767853720114,,0,
84.0,36.0,3,155.4462542963447,3.585826,1,-151.8604282963447
85.0,36.0,3,282.0146809790749,,0,
86.0,36.0,3,378.2203431047383,,0,
87.0,36.0,3,430.22606745775556,,0,
88.0,36.0,3,432.40430082485545,865.143946,1,432.7396451751446
89.0,36.0,3,393.47692537133116,,0,
90.0,36.0,3,325.8388358052471,,0,
91.0,36.0,3,243.06286147993524,,0,
92.0,36.0,3,162.96168647927698,-65.601056,1,-228.56274247927698
93.0,36.0,3,106.58841061114799,,0,
94.0,36.0,3,77.5681397911394,,0,
95.0,36.0,3,71.5522167684394,,0,
96.0,36.0,3,81.92541901615914,-84.4204,1,-166.34581901615914
97.0,36.0,3,102.86370071978308,,0,
98.0,36.0,3,118.88009933396825,,0,
99.0,36.0,3,119.24335961703036,,0,
100.0,36.0,3,99.62067634565756,164.886159,1,65.26548265434243
101.0,36.0,3,57.64228308130987,,0,
102.0,36.0,3,-4.304222616774496,,0,
103.0,36.0,3,-79.84619106014725,,0,
104.0,36.0,3,-161.96131927205715,-188.43921,1,-26.47789072794285
105.0,36.0,3,-243.54987372789765,,0,
106.0,36.0,3,-318.3526335754432,,0,
107.0,36.0,3,-379.3186551763065,,0,
108.0,36.0,3,-419.79771968367277,-542.72636,1,-122.92864031632723
109.0,36.0,3,-436.1651727796998,,0,
110.0,36.0,3,-426.3716649131384,,0,
111.0,36.0,3,-390.0985156754032,,0,
112.0,36.0,3,-331.0375345311477,-445.754186,1,-114.71665146885232
113.0,36.0,3,-258.1614664622757,,0,
114.0,36.0,3,-183.00434360990766,,0,
115.0,36.0,3,-118.87559123232495,,0,
116.0,36.0,3,-77.88513509978657,321.705667,1,399.5908020997866
117.0,36.0,3,-63.84333687357139,,0,
118.0,36.0,3,-75.1660357027431,,0,
119.0,36.0,3,-98.93259915837552,,0,
120.0,36.0,3,-120.41450646467274,-538.513736,1,-418.09922953532725
121.0,36.0,3,-132.2920496566221,,0,
122.0,36.0,3,-131.77614368515788,,0,
123.0,36.0,3,-123.86527699534781,,0,
124.0,36.0,3,-115.54700342885917,69.097127,1,184.64413042885917
125.0,36.0,3,-111.6447747972561,,0,
126.0,36.0,3,-116.45224438083824,,0,
127.0,36.0,3,-132.51678334036842,,0,
128.0,36.0,3,-157.7966762901051,-266.953169,1,-109.1564927098949
129.0,36.0,1,-186.04106026416412,,0,
130.0,36.0,1,-216.92949876689818,,0,
131.0,36.0,1,-252.06180039880564,,0,
132.0,36.0,1,-290.8080980213126,-416.006337,1,-125.19823897868736
133.0,36.0,1,-328.01152911700774,,0,
134.0,36.0,1,-363.07602255186066,,0,
135.0,36.0,1,-393.7956968159415,,0,
136.0,36.0,1,-417.6938017505454,-186.516214,1,231.1775877505454
137.0,36.0,1,-433.0068815596169,,0,
138.0,36.0,1,-438.8235910945805,,0,
139.0,36.0,1,-433.9739063840243,,0,
140.0,36.0,1,-418.555559263099,-456.755565,1,-38.200005736901005
141.0,36.0,1,-393.7277842028998,,0,
142.0,36.0,1,-363.8223455174593,,0,
143.0,36.0,1,-333.49514686781913,,0,
144.0,36.0,1,-304.3086763891042,-470.427199,1,-166.11852261089575
145.0,36.0,1,-273.09890713205095,,0,
146.0,36.0,1,-234.71788640669547,,0,
147.0,36.0,1,-187.69073441281216,,0,
148.0,36.0,1,-132.3913768150378,-196.108344,1,-63.716967184962186
149.0,36.0,1,-68.70196584466612,,0,
150.0,36.0,1,-0.2011122297262773,,0,
151.0,36.0,1,68.8816424398683,,0,
152.0,36.0,1,131.96163675561547,370.383209,1,238.42157224438455
153.0,36.0,1,178.06507979915477,,0,
154.0,36.0,1,210.75010543945245,,0,
155.0,36.0,1,239.11512929422315,,0,
156.0,36.0,1,271.6933434648672,258.497636,1,-13.195707464867212
157.0,36.0,1,314.3162873715046,,0,
158.0,36.0,1,369.48813686403446,,0,
159.0,36.0,1,436.17973769200034,,0,
160.0,36.0,1,510.8467599088326,673.548848,1,162.7020880911674
161.0,36.0,1,591.6023040311411,,0,
162.0,36.0,2,674.2921101385728,,0,
163.0,36.0,2,753.026512331795,,0,
164.0,36.0,2,812.7921689208597,1537.329998,1,724.5378290791402
165.0,36.0,2,824.4367651669891,,0,
166.0,36.0,2,796.4412125083618,,0,
167.0,36.0,2,733.377031080192,,0,
168.0,36.0,2,643.4873319752514,611.932223,1,-31.555108975251414
169.0,36.0,2,537.9081107284874,,0,
170.0,36.0,2,424.243980352534,,0,
171.0,36.0,2,305.0927752725547,,0,
172.0,36.0,2,186.78693669685163,-121.797238,1,-308.5841746968516
173.0,36.0,2,84.29567315249005,,0,
174.0,36.0,2,-3.246080439304933,,0,
175.0,36.0,2,-80.0280935196206,,0,
176.0,36.0,2,-144.9611802662257,-525.174489,1,-380.2133087337743
177.0,36.0,2,-187.8088468441274,,0,
178.0,36.0,2,-216.34818163700402,,0,
179.0,36.0,2,-233.47114089643583,,0,
180.0,36.0,2,-240.53600435424596,-478.55348,1,-238.01747564575402
181.0,36.0,2,-236.05945944890846,,0,
182.0,36.0,2,-229.85235497076064,,0,
183.0,36.0,2,-226.24340957123786,,0,
184.0,36.0,2,-224.21539345639758,-380.10328,1,-155.8878865436024
185.0,36.0,2,-218.31517012044787,,0,
186.0,36.0,2,-210.4237517300062,,0,
187.0,36.0,2,-200.43687929504085,,0,
188.0,36.0,2,-187.07849494274706,-283.221882,1,-96.14338705725294
189.0,36.0,2,-167.0539608777035,,0,
190.0,36.0,2,-136.92202216899022,,0,
191.0,36.0,2,-97.72003514925018,,0,
192.0,36.0,2,-52.37054653768428,-333.619033,1,-281.2484864623157
193.0,36.0,2,-6.119894430972636,,0,
194.0,36.0,2,36.71799095743336,,0,
195.0,36.0,2,70.45065586455166,,0,
196.0,36.0,2,92.80764011573046,352.227622,1,259.41998188426953
197.0,36.0,2,103.33872553904075,,0,
198.0,36.0,2,102.39038718910888,,0,
199.0,36.0,2,94.81969377072528,,0,
0.0,37.0,0,-574.2307559601031,,0,
1.0,37.0,0,-611.2470330270007,,0,
2.0,37.0,0,-638.2304086105432,,0,
3.0,37.0,0,-650.4080431591719,-788.480629,1,-138.07258584082808
4.0,37.0,0,-642.9224293502048,,0,
5.0,37.0,0,-617.8229309786111,,0,
6.0,37.0,0,-574.6834029270103,,0,
7.0,37.0,0,-511.5370032468345,-701.457457,1,-189.92045375316548
8.0,37.0,0,-424.25289020175114,,0,
9.0,37.0,0,-319.3726337766275,,0,
10.0,37.0,0,-203.0637247688137,,0,
11.0,37.0,0,-84.01149365573656,4.047727,1,88.05922065573655
12.0,37.0,0,26.589206122327596,,0,
13.0,37.0,0,122.08639962552115,,0,
14.0,37.0,0,194.52652140753344,,0,
15.0,37.0,0,235.83014821074903,375.293924,1,139.46377578925097
16.0,37.0,0,240.1449456415139,,0,
17.0,37.0,0,211.85200863750651,,0,
18.0,37.0,0,155.23219942091964,,0,
19.0,37.0,0,76.0098095756257,33.171201,1,-42.83860857562569
20.0,37.0,0,-15.920455680694431,,0,
21.0,37.0,0,-111.8430932930205,,0,
22.0,37.0,0,-203.12312812713208,,0,
23.0,37.0,0,-282.06687102199066,-382.757425,1,-100.69055397800935
24.0,37.0,0,-342.1344981957227,,0,
25.0,37.0,0,-384.659934529569,,0,
26.0,37.0,0,-412.15588534018025,,0,
27.0,37.0,0,-427.5956409203354,-351.600968,1,75.9946729203354
28.0,37.0,0,-431.84051608573645,,0,
29.0,37.0,0,-426.20532038854435,,0,
30.0,37.0,0,-411.9223342347541,,0,
31.0,37.0,0,-390.2960407519713,-406.014384,1,-15.718343248028702
32.0,37.0,0,-363.68031472945586,,0,
33.0,37.0,0,-334.3621486928314,,0,
34.0,37.0,0,-302.37498338893056,,0,
35.0,37.0,0,-266.1472443246166,-407.446934,1,-141.29968967538338
36.0,37.0,0,-224.16923559829593,,0,
37.0,37.0,0,-175.17666838224977,,0,
38.0,37.0,0,-122.8324990865076,,0,
39.0,37.0,0,-73.85246588476002,-143.616319,1,-69.76385311523998
40.0,37.0,0,-35.607061337679625,,0,
41.0,37.0,0,-14.200890220701694,,0,
42.0,37.0,0,-11.432907564332709,,0,
43.0,37.0,0,-26.375913374416996,144.841732,1,171.217645374417
44.0,37.0,0,-56.93153592944145,,0,
45.0,37.0,0,-99.14140965184197,,0,
46.0,37.0,0,-144.9906905623502,,0,
47.0,37.0,0,-184.93366516305832,-373.887661,1,-188.95399583694166
48.0,37.0,0,-211.87658556876704,,0,
49.0,37.0,0,-229.42598681431264,,0,
50.0,37.0,0,-237.82754314877093,,0,
51.0,37.0,0,-237.2267546734074,-237.845079,1,-0.6183243265925853
52.0,37.0,0,-229.9883113265969,,0,
53.0,37.0,0,-216.9856816555839,,0,
54.0,37.0,0,-197.02844362315955,,0,
55.0,37.0,0,-169.4066598333011,-282.144579,1,-112.73791916669893
56.0,37.0,0,-135.8136491032783,,0,
57.0,37.0,0,-99.24774802941829,,0,
58.0,37.0,0,-64.49560231214855,,0,
59.0,37.0,0,-36.34235291957157,211.018873,1,247.36122591957158
60.0,37.0,0,-19.577093161875382,,0,
61.0,37.0,0,-18.51438987115398,,0,
62.0,37.0,0,-33.85732764174463,,0,
63.0,37.0,0,-66.12253004033118,94.019502,1,160.14203204033117
64.0,37.0,0,-116.90440032584593,,0,
65.0,37.0,0,-178.75180396274664,,0,
66.0,37.0,0,-246.4140738430433,,0,
67.0,37.0,0,-315.8416313228081,-261.837431,1,54.00420032280812
68.0,37.0,0,-381.7888546711765,,0,
69.0,37.0,0,-440.34963099868037,,0,
70.0,37.0,0,-489.02761509869015,,0,
71.0,37.0,0,-526.0854932343645,-427.142278,1,98.94321523436457
72.0,37.0,3,-550.8610906710383,,0,
73.0,37.0,3,-563.3203363374341,,0,
74.0,37.0,3,-563.1761711627478,,0,
75.0,37.0,3,-551.7431819302728,-435.971512,1,115.77166993027282
76.0,37.0,3,-531.8692330783233,,0,
77.0,37.0,3,-499.1706483026501,,0,
78.0,37.0,3,-450.1701060071355,,0,
79.0,37.0,3,-382.28485872555757,-463.035939,1,-80.75108027444242
80.0,37.0,3,-293.00450382579584,,0,
81.0,37.0,3,-181.02990149869584,,0,
82.0,37.0,3,-48.684791079489514,,0,
83.0,37.0,3,96.57917344971793,-98.976752,1,-195.55592544971793
84.0,37.0,3,238.0254374826327,,0,
85.0,37.0,3,357.5238032252528,,0,
86.0,37.0,3,439.3177374911611,,0,
87.0,37.0,3,474.00059538701316,889.577249,1,415.5766536129869
88.0,37.0,3,453.79958461178467,,0,
89.0,37.0,3,396.57282505347393,,0,
90.0,37.0,3,317.38459563130164,,0,
91.0,37.0,3,231.06934216417721,-40.087006,1,-271.1563481641772
92.0,37.0,3,154.60784363513812,,0,
93.0,37.0,3,103.4368994787801,,0,
94.0,37.0,3,81.65047593379859,,0,
95.0,37.0,3,83.98839168233098,-272.542204,1,-356.530595682331
96.0,37.0,3,102.09281595435459,,0,
97.0,37.0,3,126.04834242677316,,0,
98.0,37.0,3,140.8348218711908,,0,
99.0,37.0,3,133.63502964789222,354.463651,1,220.8286213521078
100.0,37.0,3,102.88102495588828,,0,
101.0,37.0,3,50.92589644656982,,0,
102.0,37.0,3,-17.51759074491565,,0,
103.0,37.0,3,-95.8566213863669,-162.865852,1,-67.0092306136331
104.0,37.0,3,-177.15520024718717,,0,
105.0,37.0,3,-254.98239288956393,,0,
106.0,37.0,3,-323.76057488826336,,0,
107.0,37.0,3,-377.60177919009584,-460.286773,1,-82.68499380990414
108.0,37.0,3,-409.5043630111031,,0,
109.0,37.0,3,-417.4575168954907,,0,
110.0,37.0,3,-399.6976376250386,,0,
111.0,37.0,3,-356.2334297480993,-425.122359,1,-68.88892925190072
112.0,37.0,3,-289.9041792275966,,0,
113.0,37.0,3,-210.94540691665316,,0,
114.0,37.0,3,-131.33622657385422,,0,
115.0,37.0,3,-65.09618445253,246.490291,1,311.58647545253
116.0,37.0,3,-29.08820222990471,,0,
117.0,37.0,3,-20.43235090840608,,0,
118.0,37.0,3,-34.48666065483121,,0,
119.0,37.0,3,-60.30619237222709,-304.517491,1,-244.21129862777292
120.0,37.0,3,-80.00096312677488,,0,
121.0,37.0,3,-90.2195156989037,,0,
122.0,37.0,3,-89.55582420807332,,0,
123.0,37.0,3,-81.98528626613552,-10.280429,1,71.70485726613552
124.0,37.0,3,-75.11619558386155,,0,
125.0,37.0,3,-72.80764782067854,,0,
126.0,37.0,3,-80.40367900428828,,0,
127.0,37.0,3,-102.24787285015918,-101.931554,1,0.3163188501591776
128.0,37.0,3,-135.1131712096976,,0,
129.0,37.0,1,-174.28020440932596,,0,
130.0,37.0,1,-218.41787602205295,,0,
131.0,37.0,1,-267.0411244040879,-377.572685,1,-110.53156059591208
132.0,37.0,1,-318.0293503223802,,0,
133.0,37.0,1,-367.7271382655017,,0,
134.0,37.0,1,-413.42898237123154,,0,
135.0,37.0,1,-451.9883739813231,-451.133211,1,0.8551629813230761
136.0,37.0,1,-481.410753118922,,0,
137.0,37.0,1,-499.5268598140683,,0,
138.0,37.0,1,-504.65953610430006,,0,
139.0,37.0,1,-497.0807138768723,-451.890087,1,45.19062687687233
140.0,37.0,1,-478.24888896523044,,0,
141.0,37.0,1,-450.4124796007527,,0,
142.0,37.0,1,-417.6819406179711,,0,
143.0,37.0,1,-384.25323486560956,-367.385306,1,16.867928865609542
144.0,37.0,1,-350.99697720684344,,0,
145.0,37.0,1,-315.0074101240607,,0,
146.0,37.0,1,-271.7245567108039,,0,
147.0,37.0,1,-217.90514938061824,-385.755681,1,-167.85053161938174
148.0,37.0,1,-155.48330476309638,,0,
149.0,37.0,1,-87.14358098374214,,0,
150.0,37.0,1,-16.255981632974,,0,
151.0,37.0,1,52.91620929609053,109.412543,1,56.49633370390947
152.0,37.0,1,114.06273228337523,,0,
153.0,37.0,1,161.45409173890948,,0,
154.0,37.0,1,197.32875256007537,,0,
155.0,37.0,1,228.57517392281443,317.057113,1,88.48193907718559
156.0,37.0,1,263.06265863846056,,0,
157.0,37.0,1,307.1375999771408,,0,
158.0,37.0,1,364.23689147247933,,0,
159.0,37.0,1,433.51294437842444,657.886577,1,224.37363262157555
160.0,37.0,1,508.4278240825515,,0,
161.0,37.0,1,591.5773881091736,,0,
162.0,37.0,2,680.1247727063019,,0,
163.0,37.0,2,766.6595997351687,1643.280504,1,876.6209042648313
164.0,37.0,2,836.0992371111643,,0,
165.0,37.0,2,870.0853339112364,,0,
166.0,37.0,2,861.8305218378082,,0,
167.0,37.0,2,808.3549961796962,1024.967199,1,216.61220282030376
168.0,37.0,2,722.6617203356,,0,
169.0,37.0,2,618.2583451615646,,0,
170.0,37.0,2,502.68697766191326,,0,
171.0,37.0,2,381.7251888985047,533.336884,1,151.61169510149534
172.0,37.0,2,263.7315776392352,,0,
173.0,37.0,2,158.39550495357253,,0,
174.0,37.0,2,68.01493691827636,,0,
175.0,37.0,2,-7.956313961185515,-166.107671,1,-158.1513570388145
176.0,37.0,2,-67.82775043917354,,0,
177.0,37.0,2,-108.5087916215416,,0,
178.0,37.0,2,-133.82106469990686,,0,
179.0,37.0,2,-147.6729778276058,-418.626019,1,-270.9530411723942
180.0,37.0,2,-152.27344164950773,,0,
181.0,37.0,2,-149.31627271452453,,0,
182.0,37.0,2,-143.8480742701795,,0,
183.0,37.0,2,-138.7475993782282,-308.83103,1,-170.0834306217718
184.0,37.0,2,-133.2469577617012,,0,
185.0,37.0,2,-124.22510070493445,,0,
186.0,37.0,2,-111.17607465200126,,0,
187.0,37.0,2,-94.68214390263893,-73.389442,1,21.292701902638925
188.0,37.0,2,-74.61129534104839,,0,
189.0,37.0,2,-48.58222141710576,,0,
190.0,37.0,2,-15.16454797028564,,0,
191.0,37.0,2,25.229712865315378,-166.050596,1,-191.2803088653154
192.0,37.0,2,73.13598847750109,,0,
193.0,37.0,2,119.01599584240466,,0,
194.0,37.0,2,155.28808062989265,,0,
195.0,37.0,2,176.59351574606262,439.073607,1,262.48009125393736
196.0,37.0,2,184.29042705800384,,0,
197.0,37.0,2,180.86995493492577,,0,
198.0,37.0,2,168.78665613546036,,0,
199.0,37.0,2,151.84741164650768,129.05934,1,-22.78807164650769
0.0,38.0,0,-536.3498644917272,,0,
1.0,38.0,0,-573.5210761204362,,0,
2.0,38.0,0,-601.6688175548334,-693.659574,1,-91.99075644516665
3.0,38.0,0,-614.6305357805686,,0,
4.0,38.0,0,-610.7247447753325,,0,
5.0,38.0,0,-589.2949138567783,,0,
6.0,38.0,0,-549.2137240003794,-788.577151,1,-239.36342699962051
7.0,38.0,0,-489.9291558023542,,0,
8.0,38.0,0,-410.6773931547068,,0,
9.0,38.0,0,-313.65841814223677,,0,
10.0,38.0,0,-202.72974315774627,-301.722892,1,-98.99314884225373
11.0,38.0,0,-87.74624854139984,,0,
12.0,38.0,0,20.567173256073147,,0,
13.0,38.0,0,114.26233973307535,,0,
14.0,38.0,0,185.40204437740613,266.949605,1,81.54756062259389
15.0,38.0,0,224.81862022087444,,0,
16.0,38.0,0,229.4833958549425,,0,
17.0,38.0,0,201.36530231311917,,0,
18.0,38.0,0,145.38266666349955,242.387796,1,97.00512933650046
19.0,38.0,0,66.76076229149476,,0,
20.0,38.0,0,-23.47716770367697,,0,
21.0,38.0,0,-115.77552589587867,,0,
22.0,38.0,0,-201.4500877104001,-180.980207,1,20.469880710400105
23.0,38.0,0,-273.7675763682928,,0,
24.0,38.0,0,-328.4241613368504,,0,
25.0,38.0,0,-365.7008550250903,,0,
26.0,38.0,0,-388.82344696321525,-241.979423,1,146.84402396321525
27.0,38.0,0,-403.5074697821983,,0,
28.0,38.0,0,-407.97640087781474,,0,
29.0,38.0,0,-402.3863644269295,,0,
30.0,38.0,0,-387.44596635981,-459.181746,1,-71.73577964019
31.0,38.0,0,-363.2282208013348,,0,
32.0,38.0,0,-333.4396968644578,,0,
33.0,38.0,0,-300.205675075762,,0,
34.0,38.0,0,-263.6078609910328,-344.649181,1,-81.0413200089672
35.0,38.0,0,-221.50255614623893,,0,
36.0,38.0,0,-174.93593108048663,,0,
37.0,38.0,0,-123.361904571997,,0,
38.0,38.0,0,-67.96867776988074,-215.828422,1,-147.85974423011925
39.0,38.0,0,-15.055050278780982,,0,
40.0,38.0,0,28.295263519510627,,0,
41.0,38.0,0,56.111702624708414,,0,
42.0,38.0,0,64.8183098398149,256.005983,1,191.1876731601851
43.0,38.0,0,55.301711400737986,,0,
44.0,38.0,0,29.52055691787973,,0,
45.0,38.0,0,-9.21743247937411,,0,
46.0,38.0,0,-53.574773651140276,-232.765981,1,-179.19120734885973
47.0,38.0,0,-91.98901841469342,,0,
48.0,38.0,0,-123.29022096958943,,0,
49.0,38.0,0,-148.55496238544583,,0,
50.0,38.0,0,-167.65998654230498,-282.667237,1,-115.00725045769502
51.0,38.0,0,-178.4117120844021,,0,
52.0,38.0,0,-184.50020857853815,,0,
53.0,38.0,0,-186.66589671187103,,0,
54.0,38.0,0,-182.48521409984096,-253.168275,1,-70.68306090015903
55.0,38.0,0,-168.41804561490426,,0,
56.0,38.0,0,-146.13544056238607,,0,
57.0,38.0,0,-118.54742966103368,,0,
58.0,38.0,0,-89.9692424768582,111.99127,1,201.96051247685818
59.0,38.0,0,-64.25008519098628,,0,
60.0,38.0,0,-45.326457113493234,,0,
61.0,38.0,0,-36.97179864696227,,0,
62.0,38.0,0,-42.07403025747044,9.230123,1,51.30415325747044
63.0,38.0,0,-64.17260710801929,,0,
64.0,38.0,0,-103.63048748439178,,0,
65.0,38.0,0,-156.62527073384263,,0,
66.0,38.0,0,-217.86116913193837,-93.668721,1,124.19244813193836
67.0,38.0,0,-284.2188694922952,,0,
68.0,38.0,0,-347.85020026843995,,0,
69.0,38.0,0,-404.7127962326631,,0,
70.0,38.0,0,-452.93397576367715,-421.000978,1,31.93299776367718
71.0,38.0,3,-490.58199521922506,,0,
72.0,38.0,3,-516.5957005003002,,0,
73.0,38.0,3,-530.5149058527313,,0,
74.0,38.0,3,-532.0555297556566,-562.265714,1,-30.210184244343395
75.0,38.0,3,-522.4393181294436,,0,
76.0,38.0,3,-502.0476010844577,,0,
77.0,38.0,3,-467.04240300739184,,0,
78.0,38.0,3,-412.86835189263365,-521.565276,1,-108.69692410736639
79.0,38.0,3,-337.4074932546937,,0,
80.0,38.0,3,-238.87022737320513,,0,
81.0,38.0,3,-117.40506017883308,,0,
82.0,38.0,3,22.905381658638362,-277.022313,1,-299.92769465863836
83.0,38.0,3,176.85604270419572,,0,
84.0,38.0,3,319.92223821836524,,0,
85.0,38.0,3,429.37958137050737,,0,
86.0,38.0,3,489.2965344389959,998.949621,1,509.6530865610041
87.0,38.0,3,498.72921158664394,,0,
88.0,38.0,3,461.40234860638157,,0,
89.0,38.0,3,390.7785948945675,,0,
90.0,38.0,3,303.4479077270953,165.783498,1,-137.6644097270953
91.0,38.0,3,215.29115583348903,,0,
92.0,38.0,3,141.842508376576,,0,
93.0,38.0,3,96.381771512446,,0,
94.0,38.0,3,83.78610328322975,-299.188174,1,-382.97427728322975
95.0,38.0,3,95.90726560621988,,0,
96.0,38.0,3,121.3314076217357,,0,
97.0,38.0,3,148.15897093049716,,0,
98.0,38.0,3,161.79935542482417,485.665283,1,323.8659275751758
99.0,38.0,3,145.36207118059974,,0,
100.0,38.0,3,103.62811863503885,,0,
101.0,38.0,3,42.04256530024577,,0,
102.0,38.0,3,-32.62324114731746,-96.427644,1,-63.80440285268254
103.0,38.0,3,-113.12467588635627,,0,
104.0,38.0,3,-192.83939704869408,,0,
105.0,38.0,3,-266.23656554488116,,0,
106.0,38.0,3,-328.5792982347484,-317.0875,1,11.491798234748444
107.0,38.0,3,-375.1614178575692,,0,
108.0,38.0,3,-400.9981591140386,,0,
109.0,38.0,3,-403.09357870108215,,0,
110.0,38.0,3,-379.0425163732725,-479.173639,1,-100.13112262672746
111.0,38.0,3,-328.8802659083158,,0,
112.0,38.0,3,-256.88604236306855,,0,
113.0,38.0,3,-173.3081718422327,,0,
114.0,38.0,3,-91.617490745557,160.802792,1,252.42028274555702
115.0,38.0,3,-26.201574855163926,,0,
116.0,38.0,3,10.6757996903616,,0,
117.0,38.0,3,18.375775377673563,,0,
118.0,38.0,3,4.055632279370911,78.946262,1,74.8906297206291
119.0,38.0,3,-21.423133294680156,,0,
120.0,38.0,3,-43.24092655163258,,0,
121.0,38.0,3,-54.6895541001868,,0,
122.0,38.0,3,-54.158511044224724,-63.352492,1,-9.193980955775274
123.0,38.0,3,-47.2354486832628,,0,
124.0,38.0,3,-40.798202237987425,,0,
125.0,38.0,3,-38.956721180235036,,0,
126.0,38.0,3,-46.53730269195512,209.668409,1,256.2057116919551
127.0,38.0,3,-71.73232617753092,,0,
128.0,38.0,3,-108.91048479772871,,0,
129.0,38.0,1,-155.3350225915783,,0,
130.0,38.0,1,-209.2059211898595,-316.451248,1,-107.24532681014051
131.0,38.0,1,-268.2762326390366,,0,
132.0,38.0,1,-329.85811001219554,,0,
133.0,38.0,1,-391.0072367597604,,0,
134.0,38.0,1,-448.12129776598886,-548.807537,1,-100.68623923401117
135.0,38.0,1,-495.5800810668152,,0,
136.0,38.0,1,-532.331455106294,,0,
137.0,38.0,1,-555.0180045770248,,0,
138.0,38.0,1,-560.3408397559542,-539.397372,1,20.943467755954202
139.0,38.0,1,-550.7206904746126,,0,
140.0,38.0,1,-529.3136009635055,,0,
141.0,38.0,1,-498.8773365134257,,0,
142.0,38.0,1,-463.229429247207,-382.607761,1,80.62166824720703
143.0,38.0,1,-427.30455926060677,,0,
144.0,38.0,1,-390.68530958879273,,0,
145.0,38.0,1,-351.60634027211927,,0,
146.0,38.0,1,-305.9288297719322,-501.627721,1,-195.6988912280678
147.0,38.0,1,-247.40897442784626,,0,
148.0,38.0,1,-181.6058279427234,,0,
149.0,38.0,1,-112.51173504069448,,0,
150.0,38.0,1,-43.311290014884435,-64.382337,1,-21.071046985115572
151.0,38.0,1,22.60166218644008,,0,
152.0,38.0,1,80.29738327185623,,0,
153.0,38.0,1,126.7840404775925,,0,
154.0,38.0,1,163.43013466405682,192.62295,1,29.19281533594318
155.0,38.0,1,194.88240828714333,,0,
156.0,38.0,1,228.37970197107643,,0,
157.0,38.0,1,270.0556226046756,,0,
158.0,38.0,1,323.82437755260617,443.890781,1,120.06640344739384
159.0,38.0,1,389.3737298469059,,0,
160.0,38.0,1,464.3321771286428,,0,
161.0,38.0,2,548.6630836825352,,0,
162.0,38.0,2,639.8329252090771,1029.284353,1,389.45142779092293
163.0,38.0,2,731.491353967227,,0,
164.0,38.0,2,812.4346747810487,,0,
165.0,38.0,2,869.738446341129,,0,
166.0,38.0,2,890.2461807993241,1685.667824,1,795.421643200676
167.0,38.0,2,853.7214860105887,,0,
168.0,38.0,2,783.2778649900574,,0,
169.0,38.0,2,691.4083731779829,,0,
170.0,38.0,2,584.5860466777813,1003.470911,1,418.88486432221873
171.0,38.0,2,470.46562852698844,,0,
172.0,38.0,2,357.6984523406718,,0,
173.0,38.0,2,254.27384267840534,,0,
174.0,38.0,2,165.08760298823472,121.342562,1,-43.74504098823472
175.0,38.0,2,92.9991196859628,,0,
176.0,38.0,2,38.164150284952484,,0,
177.0,38.0,2,0.31560340407304466,,0,
178.0,38.0,2,-22.921937433769926,-83.229452,1,-60.30751456623007
179.0,38.0,2,-33.89445505198091,,0,
180.0,38.0,2,-37.088241062127054,,0,
181.0,38.0,2,-35.727351803914644,,0,
182.0,38.0,2,-32.529678772203624,-89.737349,1,-57.20767022779637
183.0,38.0,2,-27.848920725751668,,0,
184.0,38.0,2,-22.09294005308766,,0,
185.0,38.0,2,-12.551016817102209,,0,
186.0,38.0,2,3.2797384520526975,-145.612339,1,-148.8920774520527
187.0,38.0,2,24.06590034160763,,0,
188.0,38.0,2,49.16078703314997,,0,
189.0,38.0,2,80.05516030732542,,0,
190.0,38.0,2,117.70903572696261,115.848864,1,-1.860171726962605
191.0,38.0,2,160.61497001443058,,0,
192.0,38.0,2,205.9768881604541,,0,
193.0,38.0,2,246.49584604380652,,0,
194.0,38.0,2,273.5203948058188,530.54232,1,257.0219251941812
195.0,38.0,2,279.7816428071819,,0,
196.0,38.0,2,272.28055650694296,,0,
197.0,38.0,2,254.89046113251243,,0,
198.0,38.0,2,231.24884214438498,613.557916,1,382.309073855615
199.0,38.0,2,205.2309653852135,,0,
0.0,39.0,0,-479.83374867169186,,0,
1.0,39.0,0,-514.3592547923326,-553.379658,1,-39.0204032076673
2.0,39.0,0,-540.6308687599376,,0,
3.0,39.0,0,-554.7987989578978,,0,
4.0,39.0,0,-554.6452555134892,,0,
5.0,39.0,0,-538.0606112657115,-658.440099,1,-120.37948773428855
6.0,39.0,0,-502.22333970002364,,0,
7.0,39.0,0,-449.6009782588808,,0,
8.0,39.0,0,-380.7430525543168,,0,
9.0,39.0,0,-295.9328455035575,-533.523441,1,-237.59059549644257
10.0,39.0,0,-193.81299674045295,,0,
11.0,39.0,0,-86.61289754591417,,0,
12.0,39.0,0,15.720651136245579,,0,
13.0,39.0,0,104.48028063308448,99.364607,1,-5.115673633084469
14.0,39.0,0,171.30067834688816,,0,
15.0,39.0,0,208.97586743358988,,0,
16.0,39.0,0,213.4696602812037,,0,
17.0,39.0,0,184.41222717845812,367.131119,1,182.7188918215419
18.0,39.0,0,127.95235012564808,,0,
19.0,39.0,0,51.458810679847375,,0,
20.0,39.0,0,-36.106988293118775,,0,
21.0,39.0,0,-125.04155132733285,-182.391574,1,-57.35002267266714
22.0,39.0,0,-205.57502204889897,,0,
23.0,39.0,0,-272.42853799217846,,0,
24.0,39.0,0,-322.49131324188784,,0,
25.0,39.0,0,-356.15769265498966,-282.848982,1,73.30871065498968
26.0,39.0,0,-376.7687210866716,,0,
27.0,39.0,0,-388.09692977089435,,0,
28.0,39.0,0,-390.2161338236183,,0,
29.0,39.0,0,-382.18223675969057,-396.508781,1,-14.326544240309431
30.0,39.0,0,-363.82692222995684,,0,
31.0,39.0,0,-336.3720341876033,,0,
32.0,39.0,0,-302.7388776256703,,0,
33.0,39.0,0,-264.57832350116223,-155.638654,1,108.93966950116223
34.0,39.0,0,-222.0544959018007,,0,
35.0,39.0,0,-175.29555611871183,,0,
36.0,39.0,0,-125.57361896475777,,0,
37.0,39.0,0,-72.6592778377235,-225.620654,1,-152.9613761622765
38.0,39.0,0,-14.645140564942267,,0,
39.0,39.0,0,41.03826358640799,,0,
40.0,39.0,0,88.37295590015128,,0,
41.0,39.0,0,122.05911679100245,254.189281,1,132.13016420899754
42.0,39.0,0,136.3646687406581,,0,
43.0,39.0,0,133.67881865258096,,0,
44.0,39.0,0,115.05302608199418,,0,
45.0,39.0,0,82.33830099133775,112.110772,1,29.77247100866225
46.0,39.0,0,42.90396110768779,,0,
47.0,39.0,0,4.115563389088493,,0,
48.0,39.0,0,-32.30737852398306,,0,
49.0,39.0,0,-65.80227487534285,-149.148354,1,-83.34607912465717
50.0,39.0,0,-95.11136187892407,,0,
51.0,39.0,0,-119.40024851658382,,0,
52.0,39.0,0,-140.7051214457024,,0,
53.0,39.0,0,-159.96233628084883,-64.386221,1,95.57611528084882
54.0,39.0,0,-172.64897150569595,,0,
55.0,39.0,0,-174.56999044655822,,0,
56.0,39.0,0,-165.47122829244472,,0,
57.0,39.0,0,-147.62467208923772,-90.90407,1,56.720602089237715
58.0,39.0,0,-126.15380831365474,,0,
59.0,39.0,0,-103.58057009102777,,0,
60.0,39.0,0,-83.23269135178998,,0,
61.0,39.0,0,-69.25690633547492,-42.874084,1,26.38282233547492
62.0,39.0,0,-65.82375078467885,,0,
63.0,39.0,0,-76.64282972575165,,0,
64.0,39.0,0,-104.22196172596887,,0,
65.0,39.0,0,-148.55157661647536,88.540592,1,237.09216861647536
66.0,39.0,0,-203.62981210066937,,0,
67.0,39.0,0,-263.16365635278635,,0,
68.0,39.0,0,-320.6976554761641,,0,
69.0,39.0,0,-372.29712693439797,-314.73466,1,57.562466934397946
70.0,39.0,0,-417.0645228321664,,0,
71.0,39.0,3,-452.216127897962,,0,
72.0,39.0,3,-476.7272826184053,,0,
73.0,39.0,3,-490.53558164811693,-548.60049,1,-58.064908351883105
74.0,39.0,3,-492.6456042272039,,0,
75.0,39.0,3,-484.01753361770534,,0,
76.0,39.0,3,-463.26178298098966,,0,
77.0,39.0,3,-426.51572233834304,-526.952996,1,-100.43727366165695
78.0,39.0,3,-368.0019322412845,,0,
79.0,39.0,3,-287.2922398040537,,0,
80.0,39.0,3,-181.93987361947075,,0,
81.0,39.0,3,-50.80859742127359,-340.396524,1,-289.5879265787264
82.0,39.0,3,98.61251331260428,,0,
83.0,39.0,3,253.90526338061318,,0,
84.0,39.0,3,392.3169254177483,,0,
85.0,39.0,3,488.01752410747577,1029.974526,1,541.9570018925242
86.0,39.0,3,521.6786082804028,,0,
87.0,39.0,3,507.57487349922303,,0,
88.0,39.0,3,454.7576240277849,,0,
89.0,39.0,3,373.95213479269296,371.594136,1,-2.3579987926929675
90.0,39.0,3,281.7871444122866,,0,
91.0,39.0,3,194.04806798149366,,0,
92.0,39.0,3,124.84422060893849,,0,
93.0,39.0,3,86.42783580045216,-216.824286,1,-303.2521218004522
94.0,39.0,3,85.23687873923336,,0,
95.0,39.0,3,106.66611155139981,,0,
96.0,39.0,3,137.7508654750418,,0,
97.0,39.0,3,165.06006076937774,366.544565,1,201.48450423062224
98.0,39.0,3,173.78573412477272,,0,
99.0,39.0,3,152.30705018731533,,0,
100.0,39.0,3,101.84857634222135,,0,
101.0,39.0,3,30.9438294689171,12.626755,1,-18.317074468917102
102.0,39.0,3,-50.03372493098141,,0,
103.0,39.0,3,-132.56658920063637,,0,
104.0,39.0,3,-210.24047882005107,,0,
105.0,39.0,3,-278.8868768574903,-274.336347,1,4.5505298574902895
106.0,39.0,3,-335.12122070015175,,0,
107.0,39.0,3,-375.3480151846161,,0,
108.0,39.0,3,-396.28256999503355,,0,
109.0,39.0,3,-395.0376307432889,-437.869992,1,-42.832361256711124
110.0,39.0,3,-366.96000000368804,,0,
111.0,39.0,3,-311.8655493524857,,0,
112.0,39.0,3,-234.6330982411746,,0,
113.0,39.0,3,-146.56548882185598,-101.814177,1,44.75131182185598
114.0,39.0,3,-62.81097232335014,,0,
115.0,39.0,3,3.916138704851619,,0,
116.0,39.0,3,42.76170728658326,,0,
117.0,39.0,3,49.96388726797886,373.189577,1,323.2256897320211
118.0,39.0,3,34.68311060278211,,0,
119.0,39.0,3,9.797620854573324,,0,
120.0,39.0,3,-12.83849618874956,,0,
121.0,39.0,3,-26.043280331563437,-235.037922,1,-208.99464166843657
122.0,39.0,3,-25.139988391369116,,0,
123.0,39.0,3,-19.146351012896048,,0,
124.0,39.0,3,-14.582344114081934,,0,
125.0,39.0,3,-15.137684557586908,143.778213,1,158.9158975575869
126.0,39.0,3,-24.712119674368296,,0,
127.0,39.0,3,-47.4366936130682,,0,
128.0,39.0,3,-83.30709103983827,,0,
129.0,39.0,1,-132.245029222453,-120.553274,1,11.691755222453011
130.0,39.0,1,-191.53310437209439,,0,
131.0,39.0,1,-257.2187676995527,,0,
132.0,39.0,1,-326.0551667975378,,0,
133.0,39.0,1,-395.4245660781162,-530.651386,1,-135.22681992188382
134.0,39.0,1,-461.499011043692,,0,
135.0,39.0,1,-518.7885032691993,,0,
136.0,39.0,1,-563.6376260144461,,0,
137.0,39.0,1,-592.7941763871349,-845.288068,1,-252.493891612865
138.0,39.0,1,-599.8104754964588,,0,
139.0,39.0,1,-591.0242328393506,,0,
140.0,39.0,1,-569.7086501194281,,0,
141.0,39.0,1,-538.8275926630595,-381.433572,1,157.39402066305945
142.0,39.0,1,-502.2338836027775,,0,
143.0,39.0,1,-463.40950974216685,,0,
144.0,39.0,1,-423.41644254146377,,0,
145.0,39.0,1,-381.4293669431936,-256.998433,1,124.43093394319362
146.0,39.0,1,-332.86255754949525,,0,
147.0,39.0,1,-274.2074619741179,,0,
148.0,39.0,1,-208.8457801361801,,0,
149.0,39.0,1,-141.78706316958414,-101.990222,1,39.79684116958414
150.0,39.0,1,-76.06335619068705,,0,
151.0,39.0,1,-14.696332243969664,,0,
152.0,39.0,1,38.75899726734497,,0,
153.0,39.0,1,82.10490918415599,-121.428521,1,-203.53343018415597
154.0,39.0,1,116.18327112053521,,0,
155.0,39.0,1,145.10120688052848,,0,
156.0,39.0,1,174.77873205509968,,0,
157.0,39.0,1,210.38780747749843,155.490332,1,-54.89747547749843
158.0,39.0,1,256.66592033416964,,0,
159.0,39.0,1,314.7808165221941,,0,
160.0,39.0,1,385.4661461672513,,0,
161.0,39.0,2,467.88224466284737,520.624394,1,52.74214933715268
162.0,39.0,2,558.5837914140429,,0,
163.0,39.0,2,653.6454736602027,,0,
164.0,39.0,2,744.1687627697829,,0,
165.0,39.0,2,817.7002583759604,1365.053674,1,547.3534156240396
166.0,39.0,2,858.3901615522336,,0,
167.0,39.0,2,853.4383014827035,,0,
168.0,39.0,2,810.8654708497925,,0,
169.0,39.0,2,742.2292415478732,866.291826,1,124.06258445212677
170.0,39.0,2,653.0205370974727,,0,
171.0,39.0,2,552.7923875254346,,0,
172.0,39.0,2,450.07136506354436,,0,
173.0,39.0,2,353.70621585083427,429.259389,1,75.55317314916573
174.0,39.0,2,270.71371199551504,,0,
175.0,39.0,2,204.81821297155693,,0,
176.0,39.0,2,156.33150632155593,,0,
177.0,39.0,2,123.67845626850612,138.395854,1,14.71739773149389
178.0,39.0,2,104.56074853613973,,0,
179.0,39.0,2,95.98868909187149,,0,
180.0,39.0,2,93.80127739161253,,0,
181.0,39.0,2,94.30684231035411,218.526864,1,124.22002168964588
182.0,39.0,2,95.72753986110911,,0,
183.0,39.0,2,97.91171808820218,,0,
184.0,39.0,2,101.44243462115992,,0,
185.0,39.0,2,108.92727757943794,-62.374858,1,-171.30213557943796
186.0,39.0,2,125.51338612893596,,0,
187.0,39.0,2,147.54558043461293,,0,
188.0,39.0,2,174.50921124289744,,0,
189.0,39.0,2,207.67666853114497,132.067428,1,-75.60924053114496
190.0,39.0,2,248.0286412751302,,0,
191.0,39.0,2,290.2186702499166,,0,
192.0,39.0,2,328.9040582347661,,0,
193.0,39.0,2,358.8879775875248,543.868113,1,184.9801354124752
194.0,39.0,2,371.2811242281459,,0,
195.0,39.0,2,366.2665267121047,,0,
196.0,39.0,2,346.979362050537,,0,
197.0,39.0,2,317.4497573180124,586.754516,1,269.30475868198755
198.0,39.0,2,283.5486464011483,,0,
199.0,39.0,2,249.8492354536429,,0,
0.0,40.0,0,-406.8198511512019,-300.158539,1,106.66131215120186
1.0,40.0,0,-436.80626991018653,,0,
2.0,40.0,0,-459.84212542977184,,0,
3.0,40.0,0,-473.58408360078465,,0,
4.0,40.0,0,-475.70455817272887,-552.567673,1,-76.86311482727115
5.0,40.0,0,-462.51094164699316,,0,
6.0,40.0,0,-433.95416861923877,,0,
7.0,40.0,0,-390.61885683168657,,0,
8.0,40.0,0,-332.40925124660134,-529.798624,1,-197.38937275339867
9.0,40.0,0,-259.0890163965523,,0,
10.0,40.0,0,-171.6061588670127,,0,
11.0,40.0,0,-77.02430578297935,,0,
12.0,40.0,0,15.586874099913985,-16.830683,1,-32.417557099913985
13.0,40.0,0,96.18722112383693,,0,
14.0,40.0,0,156.0714186647092,,0,
15.0,40.0,0,189.23543404520024,,0,
16.0,40.0,0,191.95892258780077,428.97902,1,237.02009741219922
17.0,40.0,0,160.24306830530986,,0,
18.0,40.0,0,103.93145102076232,,0,
19.0,40.0,0,30.264040957787074,,0,
20.0,40.0,0,-53.79719654005021,-202.125448,1,-148.3282514599498
21.0,40.0,0,-138.9499245036859,,0,
22.0,40.0,0,-216.04418428684585,,0,
23.0,40.0,0,-278.9775700214668,,0,
24.0,40.0,0,-325.1295655714348,-296.950198,1,28.179367571434796
25.0,40.0,0,-355.6856827130541,,0,
26.0,40.0,0,-373.54794680373743,,0,
27.0,40.0,0,-381.6425133367302,,0,
28.0,40.0,0,-380.9657297148369,-298.042735,1,82.92299471483693
29.0,40.0,0,-369.627503574593,,0,
30.0,40.0,0,-346.8225165323238,,0,
31.0,40.0,0,-314.74773736897623,,0,
32.0,40.0,0,-276.9019622236956,-106.93191,1,169.97005222369557
33.0,40.0,0,-233.4992539905943,,0,
34.0,40.0,0,-184.7728994633071,,0,
35.0,40.0,0,-132.7126915732515,,0,
36.0,40.0,0,-79.47914721351117,-127.353834,1,-47.87468678648884
37.0,40.0,0,-24.094233472831547,,0,
38.0,40.0,0,33.74990048582549,,0,
39.0,40.0,0,89.59029909258243,,0,
40.0,40.0,0,138.11130020208657,226.191295,1,88.07999479791343
41.0,40.0,0,174.5429240865633,,0,
42.0,40.0,0,195.02571211615577,,0,
43.0,40.0,0,199.63695615716279,,0,
44.0,40.0,0,189.20464811031707,359.000621,1,169.79597288968296
45.0,40.0,0,162.71993633010425,,0,
46.0,40.0,0,128.36260165390559,,0,
47.0,40.0,0,90.20574449771084,,0,
48.0,40.0,0,48.88052849564701,169.44252,1,120.56199150435299
49.0,40.0,0,7.527191784232855,,0,
50.0,40.0,0,-32.086754118441604,,0,
51.0,40.0,0,-69.98586128238821,,0,
52.0,40.0,0,-106.58775379927829,74.739001,1,181.3267547992783
53.0,40.0,0,-143.71645611687563,,0,
54.0,40.0,0,-173.20272629059036,,0,
55.0,40.0,0,-190.43824374699034,,0,
56.0,40.0,0,-194.60626162029803,-253.741038,1,-59.134776379701975
57.0,40.0,0,-186.7048892886378,,0,
58.0,40.0,0,-171.59509030298796,,0,
59.0,40.0,0,-151.97500097192824,,0,
60.0,40.0,0,-130.33501725981478,-155.470372,1,-25.13535474018522
61.0,40.0,0,-111.61773997859564,,0,
62.0,40.0,0,-100.67612852808088,,0,
63.0,40.0,0,-101.2555266446434,,0,
64.0,40.0,0,-116.99950073880609,134.17839,1,251.1778907388061
65.0,40.0,0,-153.0856523786788,,0,
66.0,40.0,0,-200.1141227381304,,0,
67.0,40.0,0,-250.91182709718123,,0,
68.0,40.0,0,-299.6366440420679,-229.894259,1,69.74238504206792
69.0,40.0,0,-343.32796795194736,,0,
70.0,40.0,0,-380.6011833609082,,0,
71.0,40.0,3,-409.49534237757325,,0,
72.0,40.0,3,-428.8071692439262,-465.639014,1,-36.83184475607379
73.0,40.0,3,-439.53764386838884,,0,
74.0,40.0,3,-441.7413733943831,,0,
75.0,40.0,3,-434.06948246457614,,0,
76.0,40.0,3,-413.07856442115735,-512.709245,1,-99.63068057884266
77.0,40.0,3,-374.5033972611127,,0,
78.0,40.0,3,-314.1406720702071,,0,
79.0,40.0,3,-230.64798737620004,,0,
80.0,40.0,3,-122.33496104832739,-442.332976,1,-319.9980149516726
81.0,40.0,3,15.266217799973674,,0,
82.0,40.0,3,167.0085097445408,,0,
83.0,40.0,3,317.05498230224475,,0,
84.0,40.0,3,443.20551349602465,861.326616,1,418.1211025039753
85.0,40.0,3,514.8394932075171,,0,
86.0,40.0,3,529.3808301995741,,0,
87.0,40.0,3,497.72996674559545,,0,
88.0,40.0,3,432.9098461539834,642.157464,1,209.24761784601662
89.0,40.0,3,344.5449273221602,,0,
90.0,40.0,3,252.03062937303912,,0,
91.0,40.0,3,169.49345890420955,,0,
92.0,40.0,3,108.84867128473707,-116.486773,1,-225.33544428473706
93.0,40.0,3,83.449938331265,,0,
94.0,40.0,3,90.17179330741055,,0,
95.0,40.0,3,117.92786182684358,,0,
96.0,40.0,3,153.12449659613776,307.570948,1,154.44645140386223
97.0,40.0,3,180.09102937430725,,0,
98.0,40.0,3,184.751848318032,,0,
99.0,40.0,3,157.71920778224012,,0,
100.0,40.0,3,98.09505982892006,114.688867,1,16.593807171079945
101.0,40.0,3,17.547801981912926,,0,
102.0,40.0,3,-70.15448034356814,,0,
103.0,40.0,3,-154.47958979866235,,0,
104.0,40.0,3,-229.374756566016,-311.867361,1,-82.49260443398401
105.0,40.0,3,-293.1786798749672,,0,
106.0,40.0,3,-344.20563554984983,,0,
107.0,40.0,3,-379.59718750132015,,0,
108.0,40.0,3,-396.598243855522,-291.369732,1,105.22851185552202
109.0,40.0,3,-393.6717575212242,,0,
110.0,40.0,3,-364.2078857132001,,0,
111.0,40.0,3,-305.9587441262265,,0,
112.0,40.0,3,-223.5200693939114,-362.654427,1,-139.1343576060886
113.0,40.0,3,-130.86851755138923,,0,
114.0,40.0,3,-44.06005099933827,,0,
115.0,40.0,3,24.34607385849813,,0,
116.0,40.0,3,65.32734628050821,407.647908,1,342.32056171949176
117.0,40.0,3,70.69966182101052,,0,
118.0,40.0,3,54.58164674724685,,0,
119.0,40.0,3,30.320418095725472,,0,
120.0,40.0,3,9.874033469124697,-285.862392,1,-295.7364254691247
121.0,40.0,3,-1.0219477293721866,,0,
122.0,40.0,3,-1.4342337335110642,,0,
123.0,40.0,3,2.3658188927802257,,0,
124.0,40.0,3,3.376891140418593,142.209417,1,138.8325258595814
125.0,40.0,3,-0.8023255572188646,,0,
126.0,40.0,3,-11.51067758660065,,0,
127.0,40.0,3,-30.553330909635406,,0,
128.0,40.0,3,-60.79032503894996,123.244613,1,184.03493803894997
129.0,40.0,1,-107.72089978639269,,0,
130.0,40.0,1,-166.991538773902,,0,
131.0,40.0,1,-234.56886292051058,,0,
132.0,40.0,1,-306.03542650840245,-468.429154,1,-162.39372749159753
133.0,40.0,1,-379.9701427107211,,0,
134.0,40.0,1,-453.3472536065965,,0,
135.0,40.0,1,-519.1600671648048,,0,
136.0,40.0,1,-569.8628214847995,-898.960824,1,-329.0980025152005
137.0,40.0,1,-603.295354628819,,0,
138.0,40.0,1,-617.7433569038403,,0,
139.0,40.0,1,-615.0190739798127,,0,
140.0,40.0,1,-597.3160305687925,-544.2006,1,53.115430568792476
141.0,40.0,1,-568.5026738564484,,0,
142.0,40.0,1,-532.7625284867245,,0,
143.0,40.0,1,-493.06691685155965,,0,
144.0,40.0,1,-450.94768583984114,-332.042656,1,118.90502983984112
145.0,40.0,1,-407.83323481079424,,0,
146.0,40.0,1,-358.4587800503941,,0,
147.0,40.0,1,-300.82767393498216,,0,
148.0,40.0,1,-237.37840383313596,-161.311639,1,76.06676483313595
149.0,40.0,1,-173.63629678729922,,0,
150.0,40.0,1,-111.68285703659058,,0,
151.0,40.0,1,-54.50651734811254,,0,
152.0,40.0,1,-5.042926313355565,-215.80671,1,-210.76378368664444
153.0,40.0,1,34.3841060033883,,0,
154.0,40.0,1,64.01943423075136,,0,
155.0,40.0,1,87.98724384221714,,0,
156.0,40.0,1,112.30473316367716,198.110899,1,85.80616583632283
157.0,40.0,1,140.17873523617163,,0,
158.0,40.0,1,175.09310082986485,,0,
159.0,40.0,1,221.5091969501227,,0,
160.0,40.0,1,283.29980713967234,-101.207106,1,-384.50691313967235
161.0,40.0,2,358.57716506777797,,0,
162.0,40.0,2,445.321987119969,,0,
163.0,40.0,2,541.241848076228,,0,
164.0,40.0,2,638.4647082807496,996.984621,1,358.5199127192503
165.0,40.0,2,724.712020642357,,0,
166.0,40.0,2,786.3309574035229,,0,
167.0,40.0,2,812.1215165476315,,0,
168.0,40.0,2,799.9587433349807,1008.262287,1,208.30354366501933
169.0,40.0,2,758.5698082081508,,0,
170.0,40.0,2,694.8884583155159,,0,
171.0,40.0,2,614.7204591612681,,0,
172.0,40.0,2,525.9232304268517,744.06993,1,218.14669957314834
173.0,40.0,2,440.55082791810855,,0,
174.0,40.0,2,367.64598789578304,,0,
175.0,40.0,2,311.22858562972397,,0,
176.0,40.0,2,271.6490686079487,296.567931,1,24.918862392051267
177.0,40.0,2,246.55726565804798,,0,
178.0,40.0,2,233.25643740477972,,0,
179.0,40.0,2,228.1231859846739,,0,
180.0,40.0,2,227.6180300153792,260.704233,1,33.0862029846208
181.0,40.0,2,227.94059862708673,,0,
182.0,40.0,2,227.68254243780393,,0,
183.0,40.0,2,226.99486985709518,,0,
184.0,40.0,2,227.98809886467643,318.360042,1,90.37194313532359
185.0,40.0,2,233.8444101959467,,0,
186.0,40.0,2,246.7708256621845,,0,
187.0,40.0,2,265.5718880064087,,0,
188.0,40.0,2,290.5369131646585,301.017617,1,10.480703835341501
189.0,40.0,2,323.123352937866,,0,
190.0,40.0,2,362.2362299283268,,0,
191.0,40.0,2,400.06846924638376,,0,
192.0,40.0,2,426.9538787850179,696.640635,1,269.6867562149821
193.0,40.0,2,441.4990115398541,,0,
194.0,40.0,2,442.0752286077477,,0,
195.0,40.0,2,428.1654390281765,,0,
196.0,40.0,2,400.28356219874695,532.462688,1,132.179125801253
197.0,40.0,2,361.17430369509384,,0,
198.0,40.0,2,320.0632634299109,,0,
199.0,40.0,2,281.7319849100895,,0,
0.0,41.0,0,-320.72061699582264,,0,
1.0,41.0,0,-345.03648031898774,,0,
2.0,41.0,0,-363.62169859278947,,0,
3.0,41.0,0,-375.00164994969964,-524.282069,1,-149.28041905030034
4.0,41.0,0,-377.28200500947423,,0,
5.0,41.0,0,-368.54233971540816,,0,
6.0,41.0,0,-348.3122018352151,,0,
7.0,41.0,0,-315.746565092355,-363.24868,1,-47.502114907644966
8.0,41.0,0,-269.0337024338078,,0,
9.0,41.0,0,-209.1189152415609,,0,
10.0,41.0,0,-137.43275220738724,,0,
11.0,41.0,0,-57.84793801559135,-152.993381,1,-95.14544298440865
12.0,41.0,0,22.528103679884225,,0,
13.0,41.0,0,91.85742530913558,,0,
14.0,41.0,0,141.37844062875956,,0,
15.0,41.0,0,165.09089169511572,345.133857,1,180.04296530488426
16.0,41.0,0,160.53254261543043,,0,
17.0,41.0,0,127.90261688642204,,0,
18.0,41.0,0,73.50158611638471,,0,
19.0,41.0,0,3.841187516693026,80.24066,1,76.39947248330698
20.0,41.0,0,-76.32109780405881,,0,
21.0,41.0,0,-157.8212741977768,,0,
22.0,41.0,0,-231.96540741901845,,0,
23.0,41.0,0,-291.7112660398707,-348.165756,1,-56.45448996012931
24.0,41.0,0,-334.49922585021704,,0,
25.0,41.0,0,-362.68899816204794,,0,
26.0,41.0,0,-378.59048996819183,,0,
27.0,41.0,0,-384.58036819892004,-278.183901,1,106.39646719892005
28.0,41.0,0,-382.5345659145387,,0,
29.0,41.0,0,-368.52601512963884,,0,
30.0,41.0,0,-341.6155383833684,,0,
31.0,41.0,0,-304.33142985822633,-134.71087,1,169.62055985822633
32.0,41.0,0,-262.59036507690325,,0,
33.0,41.0,0,-213.8756548531819,,0,
34.0,41.0,0,-158.91956241847947,,0,
35.0,41.0,0,-101.02275637537241,23.589005,1,124.61176137537241
36.0,41.0,0,-44.2572203289601,,0,
37.0,41.0,0,13.336570746381767,,0,
38.0,41.0,0,70.83745240885764,,0,
39.0,41.0,0,125.38356511620805,142.251657,1,16.868091883791948
40.0,41.0,0,173.14131059055217,,0,
41.0,41.0,0,210.88110074115684,,0,
42.0,41.0,0,235.28275702614337,,0,
43.0,41.0,0,244.40106222592294,368.894488,1,124.49342577407708
44.0,41.0,0,238.75561676433426,,0,
45.0,41.0,0,219.0950550052803,,0,
46.0,41.0,0,189.43337071640417,,0,
47.0,41.0,0,152.8251611548476,387.613852,1,234.78869084515242
48.0,41.0,0,107.06724615953863,,0,
49.0,41.0,0,59.643977650266606,,0,
50.0,41.0,0,11.36745280539617,,0,
51.0,41.0,0,-40.08516051294282,132.219705,1,172.30486551294283
52.0,41.0,0,-92.86598602373851,,0,
53.0,41.0,0,-144.19088901946088,,0,
54.0,41.0,0,-187.49206846999004,,0,
55.0,41.0,0,-216.8618041658774,-340.071178,1,-123.20937383412257
56.0,41.0,0,-231.31046411418356,,0,
57.0,41.0,0,-232.15629351482494,,0,
58.0,41.0,0,-222.57809885940515,,0,
59.0,41.0,0,-205.5366456876509,-309.464671,1,-103.92802531234912
60.0,41.0,0,-182.36956598766847,,0,
61.0,41.0,0,-159.7481374043855,,0,
62.0,41.0,0,-142.833496497944,,0,
63.0,41.0,0,-135.96830460662022,-58.650057,1,77.31824760662022
64.0,41.0,0,-143.46911464235745,,0,
65.0,41.0,0,-167.4884962461074,,0,
66.0,41.0,0,-202.87343019642867,,0,
67.0,41.0,0,-242.77273201581556,-316.003772,1,-73.23103998418446
68.0,41.0,0,-280.3674290745985,,0,
69.0,41.0,0,-313.37195072096074,,0,
70.0,41.0,0,-339.9740097313188,,0,
71.0,41.0,3,-359.4618945715483,-469.260622,1,-109.79872742845168
72.0,41.0,3,-370.4664160667453,,0,
73.0,41.0,3,-376.55288270895835,,0,
74.0,41.0,3,-378.0152772865258,,0,
75.0,41.0,3,-371.92202968755737,-439.878787,1,-67.95675731244262
76.0,41.0,3,-352.0417396949342,,0,
77.0,41.0,3,-313.88453527889214,,0,
78.0,41.0,3,-252.77386625297368,,0,
79.0,41.0,3,-166.82603022805415,-531.807038,1,-364.9810077719459
80.0,41.0,3,-55.41093115473632,,0,
81.0,41.0,3,79.16712492855731,,0,
82.0,41.0,3,223.9515641911421,,0,
83.0,41.0,3,360.7309717825847,604.002579,1,243.2716072174153
84.0,41.0,3,466.76551383544574,,0,
85.0,41.0,3,520.216883870773,,0,
86.0,41.0,3,517.293884149869,,0,
87.0,41.0,3,469.3091303803958,786.537826,1,317.2286956196042
88.0,41.0,3,392.158303260745,,0,
89.0,41.0,3,301.7809613033314,,0,
90.0,41.0,3,215.10361365193967,,0,
91.0,41.0,3,144.03307293378748,-190.416693,1,-334.4497659337875
92.0,41.0,3,97.68859659455484,,0,
93.0,41.0,3,83.13441264699213,,0,
94.0,41.0,3,97.570426520193,,0,
95.0,41.0,3,130.56052947277203,10.006867,1,-120.55366247277203
96.0,41.0,3,169.6040427654225,,0,
97.0,41.0,3,195.60779957265186,,0,
98.0,41.0,3,194.98743228276726,,0,
99.0,41.0,3,161.3206111448817,492.086455,1,330.7658438551183
100.0,41.0,3,90.83271696281736,,0,
101.0,41.0,3,1.0495562705909833,,0,
102.0,41.0,3,-92.48895031027496,,0,
103.0,41.0,3,-177.32712218730012,-282.734842,1,-105.4077198126999
104.0,41.0,3,-248.33807633165998,,0,
105.0,41.0,3,-307.79569986716524,,0,
106.0,41.0,3,-355.09208229603246,,0,
107.0,41.0,3,-387.77676558413077,-270.719715,1,117.05705058413076
108.0,41.0,3,-403.3019136824878,,0,
109.0,41.0,3,-398.7784826015122,,0,
110.0,41.0,3,-368.40040231402963,,0,
111.0,41.0,3,-307.78058374501416,-514.469583,1,-206.6889992549858
112.0,41.0,3,-220.00296668580268,,0,
113.0,41.0,3,-123.34165346313966,,0,
114.0,41.0,3,-34.800685225753114,,0,
115.0,41.0,3,31.52204781403998,269.401767,1,237.87971918596003
116.0,41.0,3,69.23272512544645,,0,
117.0,41.0,3,76.83825437759515,,0,
118.0,41.0,3,62.78113082249183,,0,
119.0,41.0,3,39.42828523158096,-153.262062,1,-192.69034723158094
120.0,41.0,3,22.36189938581083,,0,
121.0,41.0,3,13.784934211114887,,0,
122.0,41.0,3,13.012455106363632,,0,
123.0,41.0,3,15.203624519868754,148.680196,1,133.47657148013124
124.0,41.0,3,12.460343457700219,,0,
125.0,41.0,3,5.108911126619205,,0,
126.0,41.0,3,-6.144816385873128,,0,
127.0,41.0,3,-21.31311137555167,-164.314796,1,-143.00168462444833
128.0,41.0,3,-45.21636145119555,,0,
129.0,41.0,1,-82.99659192620311,,0,
130.0,41.0,1,-135.16808234801283,,0,
131.0,41.0,1,-199.62965911463834,-391.573885,1,-191.94422588536167
132.0,41.0,1,-268.66517844609916,,0,
133.0,41.0,1,-343.5945024075918,,0,
134.0,41.0,1,-421.7453222263139,,0,
135.0,41.0,1,-495.2536587162176,-802.662118,1,-307.40845928378235
136.0,41.0,1,-550.8033096391009,,0,
137.0,41.0,1,-590.9306533471681,,0,
138.0,41.0,1,-614.9770657102345,,0,
139.0,41.0,1,-622.0503887407831,-729.352589,1,-107.30220025921687
140.0,41.0,1,-610.8620943487622,,0,
141.0,41.0,1,-586.6974516296759,,0,
142.0,41.0,1,-554.2173208096065,,0,
143.0,41.0,1,-517.0368973778095,-500.38643,1,16.65046737780949
144.0,41.0,1,-476.8598036462208,,0,
145.0,41.0,1,-433.72090321051655,,0,
146.0,41.0,1,-384.96904764929786,,0,
147.0,41.0,1,-329.46569863066543,-324.308177,1,5.157521630665428
148.0,41.0,1,-269.1741311305668,,0,
149.0,41.0,1,-207.70107742631808,,0,
150.0,41.0,1,-148.15730609896127,,0,
151.0,41.0,1,-93.85682751517743,-127.490091,1,-33.63326348482258
152.0,41.0,1,-46.92229951103218,,0,
153.0,41.0,1,-10.510008319222834,,0,
154.0,41.0,1,14.795342296129093,,0,
155.0,41.0,1,32.70280269533396,-144.12644,1,-176.82924269533396
156.0,41.0,1,51.227983168442734,,0,
157.0,41.0,1,70.01028208737262,,0,
158.0,41.0,1,92.1332776498748,,0,
159.0,41.0,1,123.71801245864481,-148.278593,1,-271.9966054586448
160.0,41.0,1,173.38094408926554,,0,
161.0,41.0,2,236.0259821282234,,0,
162.0,41.0,2,312.8924106459599,,0,
163.0,41.0,2,406.11070251470665,402.685219,1,-3.4254835147066274
164.0,41.0,2,506.90542913007084,,0,
165.0,41.0,2,603.0004419642501,,0,
166.0,41.0,2,682.7664223858155,,0,
167.0,41.0,2,735.4112294970546,1106.994474,1,371.5832445029455
168.0,41.0,2,749.9912920054048,,0,
169.0,41.0,2,737.515070804744,,0,
170.0,41.0,2,702.207010529004,,0,
171.0,41.0,2,645.0429274518974,872.586696,1,227.54376854810255
172.0,41.0,2,572.3617570514325,,0,
173.0,41.0,2,501.7911113318987,,0,
174.0,41.0,2,442.85735833644867,,0,
175.0,41.0,2,399.0542459064163,433.740313,1,34.68606709358369
176.0,41.0,2,370.5883572110906,,0,
177.0,41.0,2,355.3891926186625,,0,
178.0,41.0,2,349.5782102467492,,0,
179.0,41.0,2,348.4700317463139,451.356465,1,102.8864332536861
180.0,41.0,2,350.0742277352838,,0,
181.0,41.0,2,351.4479329935275,,0,
182.0,41.0,2,349.74889112613164,,0,
183.0,41.0,2,345.42357815243304,547.270923,1,201.847344847567
184.0,41.0,2,343.0390748316422,,0,
185.0,41.0,2,345.87219213554636,,0,
186.0,41.0,2,353.8210390699096,,0,
187.0,41.0,2,365.7213677444961,568.777686,1,203.05631825550392
188.0,41.0,2,384.3530675745569,,0,
189.0,41.0,2,411.6746190241538,,0,
190.0,41.0,2,445.6072894377867,,0,
191.0,41.0,2,477.44645426794887,940.026151,1,462.57969673205116
192.0,41.0,2,490.16185037535615,,0,
193.0,41.0,2,490.76156039047055,,0,
194.0,41.0,2,480.95845248922706,,0,
195.0,41.0,2,459.9666495680576,643.948042,1,183.98139243194237
196.0,41.0,2,424.47178662056103,,0,
197.0,41.0,2,381.24747869418934,,0,
198.0,41.0,2,337.76207908731885,,0,
199.0,41.0,2,299.1408766559325,137.306186,1,-161.83469065593252
0.0,42.0,0,-225.44945785636082,,0,
1.0,42.0,0,-243.48150468070526,,0,
2.0,42.0,0,-256.9558276492171,-359.699612,1,-102.7437843507829
3.0,42.0,0,-265.3484391248785,,0,
4.0,42.0,0,-267.6679315470392,,0,
5.0,42.0,0,-263.1648710878799,,0,
6.0,42.0,0,-251.35609973734245,-153.598323,1,97.75777673734245
7.0,42.0,0,-229.43625558540225,,0,
8.0,42.0,0,-195.2424480514601,,0,
9.0,42.0,0,-149.30970904778223,,0,
10.0,42.0,0,-93.09626257279888,-227.132212,1,-134.03594942720113
11.0,42.0,0,-27.648202166892588,,0,
12.0,42.0,0,37.284720014373306,,0,
13.0,42.0,0,91.77987693191972,,0,
14.0,42.0,0,128.0001105926931,231.963892,1,103.9637814073069
15.0,42.0,0,139.2674345113337,,0,
16.0,42.0,0,126.22571245813742,,0,
17.0,42.0,0,91.03987998142838,,0,
18.0,42.0,0,38.3362877862528,96.196483,1,57.860195213747204
19.0,42.0,0,-27.53322737151757,,0,
20.0,42.0,0,-102.1148815532797,,0,
21.0,42.0,0,-178.7760787717416,,0,
22.0,42.0,0,-249.7505916072987,-405.25245,1,-155.5018583927013
23.0,42.0,0,-305.90249025216326,,0,
24.0,42.0,0,-347.4819243319798,,0,
25.0,42.0,0,-375.4260600139387,,0,
26.0,42.0,0,-391.630212766584,-343.488689,1,48.14152376658399
27.0,42.0,0,-398.78705248306505,,0,
28.0,42.0,0,-395.85208230663557,,0,
29.0,42.0,0,-380.07936094887555,,0,
30.0,42.0,0,-350.9609698052518,-229.743822,1,121.21714780525181
31.0,42.0,0,-311.3711943407543,,0,
32.0,42.0,0,-264.6379735560622,,0,
33.0,42.0,0,-210.6669472909416,,0,
34.0,42.0,0,-150.47393564973027,-67.776323,1,82.69761264973026
35.0,42.0,0,-88.68998839426786,,0,
36.0,42.0,0,-26.75857451389311,,0,
37.0,42.0,0,34.03549119143281,,0,
38.0,42.0,0,91.28413747227751,125.144061,1,33.859923527722486
39.0,42.0,0,143.76298034423962,,0,
40.0,42.0,0,189.7366472845897,,0,
41.0,42.0,0,227.0406882459065,,0,
42.0,42.0,0,252.9799122000113,372.990769,1,120.01085679998869
43.0,42.0,0,263.60939101455733,,0,
44.0,42.0,0,261.20122165262,,0,
45.0,42.0,0,245.79560936480993,,0,
46.0,42.0,0,217.43283914239146,490.1185,1,272.6856608576085
47.0,42.0,0,178.71956861764193,,0,
48.0,42.0,0,131.62134875706397,,0,
49.0,42.0,0,80.79946481878869,,0,
50.0,42.0,0,27.301407310646027,309.033565,1,281.732157689354
51.0,42.0,0,-35.02650786424056,,0,
52.0,42.0,0,-99.29187760088826,,0,
53.0,42.0,0,-161.36479319818318,,0,
54.0,42.0,0,-215.23338064923882,-328.320538,1,-113.08715735076117
55.0,42.0,0,-253.0892594535835,,0,
56.0,42.0,0,-275.055645774235,,0,
57.0,42.0,0,-281.8558835037693,,0,
58.0,42.0,0,-275.24622093886137,-356.52655,1,-81.28032906113862
59.0,42.0,0,-258.43278376501985,,0,
60.0,42.0,0,-234.72889180394122,,0,
61.0,42.0,0,-209.25603613251587,,0,
62.0,42.0,0,-187.27056719060056,-284.920405,1,-97.64983780939946
63.0,42.0,0,-173.75747442338616,,0,
64.0,42.0,0,-172.51586132124066,,0,
65.0,42.0,0,-184.31952245923458,,0,
66.0,42.0,0,-205.8937381200958,-411.069148,1,-205.17540987990418
67.0,42.0,0,-232.17920213425532,,0,
68.0,42.0,0,-257.9151665165555,,0,
69.0,42.0,0,-278.7762372530415,,0,
70.0,42.0,3,-291.4998012140859,-416.452965,1,-124.95316378591411
71.0,42.0,3,-297.7670775016304,,0,
72.0,42.0,3,-300.0117595385527,,0,
73.0,42.0,3,-301.14724609605037,,0,
74.0,42.0,3,-301.43522426392883,-425.978422,1,-124.54319773607119
75.0,42.0,3,-297.0017989024054,,0,
76.0,42.0,3,-281.43006826489,,0,
77.0,42.0,3,-247.28771742939716,,0,
78.0,42.0,3,-187.55465964856558,-592.177737,1,-404.6230773514344
79.0,42.0,3,-101.52189763495699,,0,
80.0,42.0,3,8.577979858382605,,0,
81.0,42.0,3,136.61126825155225,,0,
82.0,42.0,3,269.92677853116766,256.197671,1,-13.729107531167642
83.0,42.0,3,391.1113509256393,,0,
84.0,42.0,3,479.44943504409457,,0,
85.0,42.0,3,516.2067937520333,,0,
86.0,42.0,3,495.0211108298972,832.691287,1,337.67017617010276
87.0,42.0,3,430.1807202833006,,0,
88.0,42.0,3,342.01890188868856,,0,
89.0,42.0,3,251.03787069115788,,0,
90.0,42.0,3,174.23726583109237,-239.457338,1,-413.69460383109237
91.0,42.0,3,117.51530134957284,,0,
92.0,42.0,3,85.11550683394307,,0,
93.0,42.0,3,81.30875053309137,,0,
94.0,42.0,3,104.87527710071299,-99.768684,1,-204.643961100713
95.0,42.0,3,145.10878602124285,,0,
96.0,42.0,3,186.79327768759686,,0,
97.0,42.0,3,210.37689618155127,,0,
98.0,42.0,3,200.0210022876272,709.401203,1,509.3802007123728
99.0,42.0,3,154.22369173308834,,0,
100.0,42.0,3,77.49499770998955,,0,
101.0,42.0,3,-17.097576562082395,,0,
102.0,42.0,3,-113.82368394685909,-399.017798,1,-285.19411405314094
103.0,42.0,3,-195.80490661185468,,0,
104.0,42.0,3,-264.2497378002299,,0,
105.0,42.0,3,-320.9396522133611,,0,
106.0,42.0,3,-366.05019072949653,-327.18629,1,38.86390072949655
107.0,42.0,3,-397.05449176899856,,0,
108.0,42.0,3,-411.01906175888143,,0,
109.0,42.0,3,-404.7613590413239,,0,
110.0,42.0,3,-373.0756548079662,-638.716236,1,-265.6405811920338
111.0,42.0,3,-307.98785091773607,,0,
112.0,42.0,3,-219.61484820002806,,0,
113.0,42.0,3,-122.99519102330669,,0,
114.0,42.0,3,-34.84009133721702,241.092724,1,275.932815337217
115.0,42.0,3,26.852291750372387,,0,
116.0,42.0,3,61.53254426823696,,0,
117.0,42.0,3,70.37590517941862,,0,
118.0,42.0,3,59.93327226792462,185.98298,1,126.04970773207538
119.0,42.0,3,39.36875049502123,,0,
120.0,42.0,3,23.103725653141737,,0,
121.0,42.0,3,15.528692403211608,,0,
122.0,42.0,3,14.471269916160963,178.338218,1,163.86694808383905
123.0,42.0,3,15.068009072856512,,0,
124.0,42.0,3,11.911763878539205,,0,
125.0,42.0,3,3.8235310000600293,,0,
126.0,42.0,3,-7.012207091145683,-172.917852,1,-165.90564490885433
127.0,42.0,3,-16.741385248024017,,0,
128.0,42.0,3,-31.890785753028467,,0,
129.0,42.0,1,-57.31675103420275,,0,
130.0,42.0,1,-96.02828318049433,43.637685,1,139.66596818049433
131.0,42.0,1,-150.33816219877917,,0,
132.0,42.0,1,-214.46621095051523,,0,
133.0,42.0,1,-287.4103235823568,,0,
134.0,42.0,1,-366.4043197845458,-476.159349,1,-109.75502921545421
135.0,42.0,1,-443.07155590562616,,0,
136.0,42.0,1,-508.14804273622576,,0,
137.0,42.0,1,-559.2169413568045,,0,
138.0,42.0,1,-594.615433597588,-573.413528,1,21.20190559758794
139.0,42.0,1,-612.2291035547387,,0,
140.0,42.0,1,-610.7801006995142,,0,
141.0,42.0,1,-593.7706918432377,,0,
142.0,42.0,1,-566.4290687256726,-516.596544,1,49.832524725672556
143.0,42.0,1,-533.9723966077436,,0,
144.0,42.0,1,-497.67790219315793,,0,
145.0,42.0,1,-457.2009889302426,,0,
146.0,42.0,1,-410.79511153360363,-491.154819,1,-80.35970746639634
147.0,42.0,1,-358.5105881249765,,0,
148.0,42.0,1,-301.7676522283582,,0,
149.0,42.0,1,-242.74526949762367,,0,
150.0,42.0,1,-184.36274910892826,-122.24809,1,62.11465910892825
151.0,42.0,1,-130.96567714423873,,0,
152.0,42.0,1,-84.69853751140181,,0,
153.0,42.0,1,-49.24628767336253,,0,
154.0,42.0,1,-26.071046654484235,-391.011053,1,-364.94000634551577
155.0,42.0,1,-11.389988449693192,,0,
156.0,42.0,1,-0.2269247545627877,,0,
157.0,42.0,1,9.082681503612548,,0,
158.0,42.0,1,19.73152159608435,-49.102159,1,-68.83368059608435
159.0,42.0,1,39.152532059000805,,0,
160.0,42.0,1,71.59823760064319,,0,
161.0,42.0,2,116.80528175993823,,0,
162.0,42.0,2,177.58278086979408,-236.900741,1,-414.4835218697941
163.0,42.0,2,263.68033119058236,,0,
164.0,42.0,2,362.18870505085215,,0,
165.0,42.0,2,462.40556362550706,,0,
166.0,42.0,2,552.4217650676146,927.233107,1,374.8113419323854
167.0,42.0,2,621.0523180628661,,0,
168.0,42.0,2,661.313143813517,,0,
169.0,42.0,2,676.5778806521557,,0,
170.0,42.0,2,668.7853118919302,1068.919359,1,400.1340471080698
171.0,42.0,2,631.7474832377629,,0,
172.0,42.0,2,580.5212560239015,,0,
173.0,42.0,2,529.5368307372555,,0,
174.0,42.0,2,488.3965572885936,509.71599,1,21.319432711406364
175.0,42.0,2,459.80873685423285,,0,
176.0,42.0,2,443.9770082635805,,0,
177.0,42.0,2,439.0685256543802,,0,
178.0,42.0,2,441.36608711397275,628.225402,1,186.85931488602728
179.0,42.0,2,443.99442972347606,,0,
180.0,42.0,2,448.5867747552693,,0,
181.0,42.0,2,451.6106629446149,,0,
182.0,42.0,2,447.87214922357816,589.96285,1,142.09070077642184
183.0,42.0,2,438.43812337797135,,0,
184.0,42.0,2,431.8562547327019,,0,
185.0,42.0,2,430.6646529918071,,0,
186.0,42.0,2,432.9899666260462,637.036175,1,204.04620837395373
187.0,42.0,2,435.6202217170503,,0,
188.0,42.0,2,445.26556662702933,,0,
189.0,42.0,2,463.52482890570536,,0,
190.0,42.0,2,486.9905199748464,836.323951,1,349.3334310251536
191.0,42.0,2,506.55594761576504,,0,
192.0,42.0,2,511.91351380571723,,0,
193.0,42.0,2,503.75398199399933,,0,
194.0,42.0,2,485.5223380886018,819.649741,1,334.1274029113981
195.0,42.0,2,458.08190705277957,,0,
196.0,42.0,2,421.40484324935824,,0,
197.0,42.0,2,379.58202501013875,,0,
198.0,42.0,2,338.25128307263367,185.064822,1,-153.18646107263368
199.0,42.0,2,303.5829960228875,,0,
0.0,43.0,0,-125.05174716305919,,0,
1.0,43.0,0,-136.7148731854977,-243.108096,1,-106.39322281450228
2.0,43.0,0,-145.1702187252231,,0,
3.0,43.0,0,-151.17228749999776,,0,
4.0,43.0,0,-154.49677671701647,,0,
5.0,43.0,0,-154.24892745097168,-28.582233,1,125.66669445097168
6.0,43.0,0,-150.9455844759941,,0,
7.0,43.0,0,-139.15675707440823,,0,
8.0,43.0,0,-116.43907063780352,,0,
9.0,43.0,0,-82.98404610482976,-249.760326,1,-166.77627989517023
10.0,43.0,0,-40.047342483885586,,0,
11.0,43.0,0,9.428596684709191,,0,
12.0,43.0,0,57.296441001817584,,0,
13.0,43.0,0,94.16412607813254,287.802433,1,193.63830692186747
14.0,43.0,0,114.216059663333,,0,
15.0,43.0,0,113.70455108443275,,0,
16.0,43.0,0,92.68063901807182,,0,
17.0,43.0,0,53.991980219318066,-0.556205,1,-54.548185219318064
18.0,43.0,0,2.4986068224534392,,0,
19.0,43.0,0,-59.26954174460843,,0,
20.0,43.0,0,-127.6672446221346,,0,
21.0,43.0,0,-197.77301742346026,-250.097918,1,-52.32490057653973
22.0,43.0,0,-263.43601065082476,,0,
23.0,43.0,0,-318.76263557421044,,0,
24.0,43.0,0,-361.5412670962978,,0,
25.0,43.0,0,-391.2351591732004,-442.604863,1,-51.36970382679965
26.0,43.0,0,-409.8925358108245,,0,
27.0,43.0,0,-419.15493326680735,,0,
28.0,43.0,0,-417.1942538591102,,0,
29.0,43.0,0,-400.939738550107,-423.568834,1,-22.629095449892986
30.0,43.0,0,-371.04765714146197,,0,
31.0,43.0,0,-330.4897934352048,,0,
32.0,43.0,0,-281.18547500646673,,0,
33.0,43.0,0,-224.18749356048647,-262.366151,1,-38.17865743951353
34.0,43.0,0,-161.24349185172468,,0,
35.0,43.0,0,-95.34491567034274,,0,
36.0,43.0,0,-28.744239835534245,,0,
37.0,43.0,0,35.616425315034576,167.458971,1,131.84254568496542
38.0,43.0,0,92.43853727262467,,0,
39.0,43.0,0,142.78521870821714,,0,
40.0,43.0,0,185.84507195069455,,0,
41.0,43.0,0,220.15835668123327,331.857173,1,111.69881631876672
42.0,43.0,0,243.754960403312,,0,
43.0,43.0,0,254.8218867648393,,0,
44.0,43.0,0,254.0105702705332,,0,
45.0,43.0,0,240.88229611801216,430.695804,1,189.81350788198785
46.0,43.0,0,211.4556550537236,,0,
47.0,43.0,0,170.6668107099831,,0,
48.0,43.0,0,121.27807250595652,,0,
49.0,43.0,0,66.50174079282442,468.644807,1,402.1430662071756
50.0,43.0,0,7.2918879287317395,,0,
51.0,43.0,0,-57.6703679561615,,0,
52.0,43.0,0,-125.69978518475546,,0,
53.0,43.0,0,-193.2157273859484,-135.484693,1,57.73103438594842
54.0,43.0,0,-252.75325359590352,,0,
55.0,43.0,0,-297.05740881245583,,0,
56.0,43.0,0,-323.95605458598584,,0,
57.0,43.0,0,-333.9572594973142,-402.853778,1,-68.89651850268575
58.0,43.0,0,-327.80134315416217,,0,
59.0,43.0,0,-310.15939990710467,,0,
60.0,43.0,0,-284.9983493013424,,0,
61.0,43.0,0,-256.45986056583934,-285.358144,1,-28.898283434160646
62.0,43.0,0,-229.09748723125085,,0,
63.0,43.0,0,-208.3603564640507,,0,
64.0,43.0,0,-197.6485022965353,,0,
65.0,43.0,0,-197.3993599304231,-228.79253,1,-31.39317006957691
66.0,43.0,0,-204.76671065413393,,0,
67.0,43.0,0,-216.5805452115601,,0,
68.0,43.0,0,-228.78915049420903,,0,
69.0,43.0,0,-236.85116363022826,-466.167013,1,-229.31584936977174
70.0,43.0,3,-234.16070131631568,,0,
71.0,43.0,3,-226.9501586172264,,0,
72.0,43.0,3,-219.65903070312925,,0,
73.0,43.0,3,-215.66060047637438,-185.69944,1,29.961160476374374
74.0,43.0,3,-214.8243554532528,,0,
75.0,43.0,3,-212.61388570000418,,0,
76.0,43.0,3,-202.58480288798455,,0,
77.0,43.0,3,-175.83545948867686,-411.049728,1,-235.21426851132316
78.0,43.0,3,-120.59507961571217,,0,
79.0,43.0,3,-39.06211983319372,,0,
80.0,43.0,3,65.63638097705552,,0,
81.0,43.0,3,185.19710328159272,-83.507575,1,-268.7046782815927
82.0,43.0,3,306.1621066003572,,0,
83.0,43.0,3,412.15429696894716,,0,
84.0,43.0,3,484.87753433051694,,0,
85.0,43.0,3,506.94341526489006,969.127735,1,462.18431973510997
86.0,43.0,3,467.4868589717662,,0,
87.0,43.0,3,388.6905283416854,,0,
88.0,43.0,3,292.76400837895926,,0,
89.0,43.0,3,202.5908651050122,-198.824713,1,-401.4155781050122
90.0,43.0,3,137.32130679208785,,0,
91.0,43.0,3,93.24476439040154,,0,
92.0,43.0,3,72.25713220165926,,0,
93.0,43.0,3,77.19805302401073,-118.674318,1,-195.87237102401073
94.0,43.0,3,109.39621073822491,,0,
95.0,43.0,3,155.08935611415654,,0,
96.0,43.0,3,198.19758063025074,,0,
97.0,43.0,3,219.20735104585765,687.18861,1,467.9812589541424
98.0,43.0,3,197.42957768111955,,0,
99.0,43.0,3,141.7436658476945,,0,
100.0,43.0,3,60.639526632090565,,0,
101.0,43.0,3,-34.08801639685407,-333.129818,1,-299.0418016031459
102.0,43.0,3,-128.20959596685134,,0,
103.0,43.0,3,-210.00582592951832,,0,
104.0,43.0,3,-277.5627262798662,,0,
105.0,43.0,3,-332.55771733730217,-258.845853,1,73.71186433730219
106.0,43.0,3,-376.2347737264354,,0,
107.0,43.0,3,-405.20574575441424,,0,
108.0,43.0,3,-416.5214122653124,,0,
109.0,43.0,3,-406.7417748279404,-563.29842,1,-156.55664517205958
110.0,43.0,3,-371.2271668970352,,0,
111.0,43.0,3,-307.11115163579234,,0,
112.0,43.0,3,-222.08608081599232,,0,
113.0,43.0,3,-130.51347893406637,210.726602,1,341.2400809340664
114.0,43.0,3,-48.40785485331435,,0,
115.0,43.0,3,11.244397856877185,,0,
116.0,43.0,3,44.519283985719085,,0,
117.0,43.0,3,52.377381565165706,246.044365,1,193.6669834348343
118.0,43.0,3,42.386336681840476,,0,
119.0,43.0,3,24.4655939907243,,0,
120.0,43.0,3,9.594031905231532,,0,
121.0,43.0,3,3.71972931624623,40.315874,1,36.59614468375377
122.0,43.0,3,3.4595633488788735,,0,
123.0,43.0,3,4.716101774596609,,0,
124.0,43.0,3,3.159635769261513,,0,
125.0,43.0,3,-3.1905020169215277,191.172886,1,194.36338801692153
126.0,43.0,3,-10.276962025091052,,0,
127.0,43.0,3,-14.939841723011341,,0,
128.0,43.0,3,-20.61215528100729,,0,
129.0,43.0,1,-32.72806050098734,101.449609,1,134.17766950098735
130.0,43.0,1,-56.71655820158776,,0,
131.0,43.0,1,-96.10651068511652,,0,
132.0,43.0,1,-150.23136361234356,,0,
133.0,43.0,1,-217.9515806932468,-173.275425,1,44.676155693246784
134.0,43.0,1,-295.8798557964619,,0,
135.0,43.0,1,-375.7284062394174,,0,
136.0,43.0,1,-450.0747893161606,,0,
137.0,43.0,1,-514.008157470962,-454.86646,1,59.141697470962015
138.0,43.0,1,-562.6320893396041,,0,
139.0,43.0,1,-591.8298893405008,,0,
140.0,43.0,1,-600.3238180524204,,0,
141.0,43.0,1,-591.2329370342195,-528.219235,1,63.01370203421948
142.0,43.0,1,-570.1052041634102,,0,
143.0,43.0,1,-542.2195849320851,,0,
144.0,43.0,1,-510.31789651478175,,0,
145.0,43.0,1,-474.50656355562387,-560.123059,1,-85.61649544437614
146.0,43.0,1,-432.28513392736204,,0,
147.0,43.0,1,-384.9409549442353,,0,
148.0,43.0,1,-333.0226977937855,,0,
149.0,43.0,1,-277.77069591730833,-319.104104,1,-41.333408082691676
150.0,43.0,1,-221.43376629066188,,0,
151.0,43.0,1,-167.25680750526953,,0,
152.0,43.0,1,-119.33715714723803,,0,
153.0,43.0,1,-82.7470867758384,12.101665,1,94.8487517758384
154.0,43.0,1,-60.004118324955925,,0,
155.0,43.0,1,-46.982895537046716,,0,
156.0,43.0,1,-40.76623629650567,,0,
157.0,43.0,1,-38.96866623684764,-57.306756,1,-18.33808976315236
158.0,43.0,1,-37.779059763182886,,0,
159.0,43.0,1,-31.44554288056679,,0,
160.0,43.0,1,-15.361132670426741,,0,
161.0,43.0,2,13.513818135717884,-482.44245,1,-495.9562681357179
162.0,43.0,2,60.05209734640084,,0,
163.0,43.0,2,128.94486320274882,,0,
164.0,43.0,2,216.16678992996458,,0,
165.0,43.0,2,314.48463273770176,390.530876,1,76.04624326229822
166.0,43.0,2,408.22647517570294,,0,
167.0,43.0,2,486.8203150143381,,0,
168.0,43.0,2,544.451642249478,,0,
169.0,43.0,2,579.8280767023098,1062.879268,1,483.05119129769014
170.0,43.0,2,591.691544899717,,0,
171.0,43.0,2,579.4412966989912,,0,
172.0,43.0,2,552.638599267113,,0,
173.0,43.0,2,523.4984296523035,446.256027,1,-77.24240265230344
174.0,43.0,2,501.9526462148642,,0,
175.0,43.0,2,489.8841652129777,,0,
176.0,43.0,2,486.7930220142007,,0,
177.0,43.0,2,490.210842464352,620.757567,1,130.54672453564797
178.0,43.0,2,497.1333354902454,,0,
179.0,43.0,2,504.31263388099615,,0,
180.0,43.0,2,511.53352351440117,,0,
181.0,43.0,2,515.680760152638,876.181153,1,360.50039284736204
182.0,43.0,2,506.8221498124767,,0,
183.0,43.0,2,493.95873171044514,,0,
184.0,43.0,2,483.64758551260456,,0,
185.0,43.0,2,477.5493054194376,617.021619,1,139.4723135805624
186.0,43.0,2,471.47285711346194,,0,
187.0,43.0,2,467.26107962056994,,0,
188.0,43.0,2,468.5916653557215,,0,
189.0,43.0,2,476.98346407618374,631.425125,1,154.44166092381624
190.0,43.0,2,489.1627386943437,,0,
191.0,43.0,2,498.45232661580667,,0,
192.0,43.0,2,497.46780521818437,,0,
193.0,43.0,2,483.113925662823,930.051556,1,446.937630337177
194.0,43.0,2,459.594266082393,,0,
195.0,43.0,2,430.1866122203646,,0,
196.0,43.0,2,396.548852523556,,0,
197.0,43.0,2,361.41206411924213,344.852493,1,-16.55957111924215
198.0,43.0,2,327.898347300943,,0,
199.0,43.0,2,298.2652430906892,,0,
0.0,44.0,0,-23.198773697949946,-78.864175,1,-55.66540130205006
1.0,44.0,0,-29.026549420610536,,0,
2.0,44.0,0,-33.3565695467405,,0,
3.0,44.0,0,-38.185687854886055,,0,
4.0,44.0,0,-44.705890511046164,175.361555,1,220.06744551104617
5.0,44.0,0,-50.83373171358835,,0,
6.0,44.0,0,-54.24499482335523,,0,
7.0,44.0,0,-50.982842947822064,,0,
8.0,44.0,0,-38.202227977570146,-159.536648,1,-121.33442002242987
9.0,44.0,0,-16.164358261215966,,0,
10.0,44.0,0,13.421806156169623,,0,
11.0,44.0,0,47.1370471441187,,0,
12.0,44.0,0,78.26933452300727,210.375402,1,132.10606747699273
13.0,44.0,0,97.16786584048532,,0,
14.0,44.0,0,101.773946470581,,0,
15.0,44.0,0,90.01773863984272,,0,
16.0,44.0,0,61.75810382212512,90.104124,1,28.346020177874877
17.0,44.0,0,20.14706394902896,,0,
18.0,44.0,0,-30.905713541433215,,0,
19.0,44.0,0,-88.7814467404969,,0,
20.0,44.0,0,-150.916856523545,-181.99757,1,-31.080713476455003
21.0,44.0,0,-214.16244744765572,,0,
22.0,44.0,0,-274.82466512871906,,0,
23.0,44.0,0,-329.26780220866203,,0,
24.0,44.0,0,-374.1566479979083,-478.272696,1,-104.1160480020917
25.0,44.0,0,-405.9640010052826,,0,
26.0,44.0,0,-427.4140404481441,,0,
27.0,44.0,0,-439.4242942102719,,0,
28.0,44.0,0,-440.0439129056758,-602.356191,1,-162.31227809432414
29.0,44.0,0,-424.24954848724883,,0,
30.0,44.0,0,-395.70832802704535,,0,
31.0,44.0,0,-356.41804310912266,,0,
32.0,44.0,0,-307.2678796884138,-367.815686,1,-60.547806311586214
33.0,44.0,0,-249.8905361033976,,0,
34.0,44.0,0,-185.97151365410537,,0,
35.0,44.0,0,-117.74240519409068,,0,
36.0,44.0,0,-48.702954344742466,102.996096,1,151.69905034474246
37.0,44.0,0,16.676212989201304,,0,
38.0,44.0,0,74.28103235154413,,0,
39.0,44.0,0,123.0368427624926,,0,
40.0,44.0,0,162.39997127372772,209.897782,1,47.49781072627229
41.0,44.0,0,192.04525795893278,,0,
42.0,44.0,0,211.45533012365922,,0,
43.0,44.0,0,219.99893290479667,,0,
44.0,44.0,0,217.2486040564545,308.047784,1,90.79917994354548
45.0,44.0,0,202.21612019324675,,0,
46.0,44.0,0,173.48568640416488,,0,
47.0,44.0,0,132.29803532594815,,0,
48.0,44.0,0,80.23796454595868,360.901087,1,280.66312245404134
49.0,44.0,0,21.751883495540824,,0,
50.0,44.0,0,-40.197582710767165,,0,
51.0,44.0,0,-104.72913816804066,,0,
52.0,44.0,0,-171.07780390614062,5.273075,1,176.35087890614062
53.0,44.0,0,-239.6973348383326,,0,
54.0,44.0,0,-301.0881902645342,,0,
55.0,44.0,0,-347.8792260661721,,0,
56.0,44.0,0,-375.816747819772,-549.910307,1,-174.093559180228
57.0,44.0,0,-385.2969785745372,,0,
58.0,44.0,0,-378.39045762759633,,0,
59.0,44.0,0,-358.991564089898,,0,
60.0,44.0,0,-331.1966171669774,-365.052685,1,-33.85606783302262
61.0,44.0,0,-298.312222869019,,0,
62.0,44.0,0,-265.27009685803205,,0,
63.0,44.0,0,-236.77196470554918,,0,
64.0,44.0,0,-216.08752580778673,-55.963138,1,160.12438780778672
65.0,44.0,0,-203.5731926506851,,0,
66.0,44.0,0,-197.4135417190264,,0,
67.0,44.0,0,-194.60612787940772,,0,
68.0,44.0,0,-191.22266648057848,-386.172116,1,-194.94944951942153
69.0,44.0,0,-183.53030904615298,,0,
70.0,44.0,3,-168.9558043620782,,0,
71.0,44.0,3,-150.91963678936008,,0,
72.0,44.0,3,-134.64996397099458,-23.524787,1,111.12517697099457
73.0,44.0,3,-125.84500491735525,,0,
74.0,44.0,3,-122.96039522875799,,0,
75.0,44.0,3,-122.45529888011515,,0,
76.0,44.0,3,-117.15516469581053,-259.565474,1,-142.41030930418947
77.0,44.0,3,-96.78485086234286,,0,
78.0,44.0,3,-52.22405907569919,,0,
79.0,44.0,3,19.124925297976006,,0,
80.0,44.0,3,115.46697550429963,-278.624794,1,-394.09176950429963
81.0,44.0,3,225.14159006939735,,0,
82.0,44.0,3,332.8410049984668,,0,
83.0,44.0,3,422.9968248459627,,0,
84.0,44.0,3,479.29489357955754,718.431034,1,239.13614042044242
85.0,44.0,3,483.28042293561157,,0,
86.0,44.0,3,435.86802450130926,,0,
87.0,44.0,3,352.59714468495804,,0,
88.0,44.0,3,255.88916981359944,-120.37166,1,-376.26082981359946
89.0,44.0,3,174.05265764065553,,0,
90.0,44.0,3,113.52436145342654,,0,
91.0,44.0,3,75.7366673690849,,0,
92.0,44.0,3,62.69426758179907,-57.726906,1,-120.42117358179907
93.0,44.0,3,75.18089402769692,,0,
94.0,44.0,3,110.27417996243457,,0,
95.0,44.0,3,156.34730975836283,,0,
96.0,44.0,3,196.44827247795183,340.531901,1,144.08362852204817
97.0,44.0,3,209.23962184542324,,0,
98.0,44.0,3,184.01145346247358,,0,
99.0,44.0,3,124.29195012769196,,0,
100.0,44.0,3,40.989289086312056,27.225051,1,-13.764238086312055
101.0,44.0,3,-52.53377176343929,,0,
102.0,44.0,3,-143.90049111109693,,0,
103.0,44.0,3,-224.3944620664115,,0,
104.0,44.0,3,-291.12850752542727,-251.931944,1,39.19656352542728
105.0,44.0,3,-345.14921699871775,,0,
106.0,44.0,3,-385.8767321417108,,0,
107.0,44.0,3,-411.40566265943926,,0,
108.0,44.0,3,-419.27540531998966,-440.544848,1,-21.269442680010343
109.0,44.0,3,-406.1501740482054,,0,
110.0,44.0,3,-369.1755337297218,,0,
111.0,44.0,3,-307.34280282474356,,0,
112.0,44.0,3,-226.70811310544377,-108.983232,1,117.72488110544377
113.0,44.0,3,-141.75945633871015,,0,
114.0,44.0,3,-67.01066101924516,,0,
115.0,44.0,3,-11.943183492287062,,0,
116.0,44.0,3,19.187757237581536,222.706714,1,203.51895676241847
117.0,44.0,3,23.993157629374764,,0,
118.0,44.0,3,13.464653873350471,,0,
119.0,44.0,3,-2.8392469923128374,,0,
120.0,44.0,3,-16.51177770504728,-206.164023,1,-189.6522452949527
121.0,44.0,3,-19.900714214891195,,0,
122.0,44.0,3,-18.429740142368246,,0,
123.0,44.0,3,-15.738927220576443,,0,
124.0,44.0,3,-14.648615840589628,173.77059,1,188.41920584058963
125.0,44.0,3,-18.93977224623086,,0,
126.0,44.0,3,-21.44800393906189,,0,
127.0,44.0,3,-19.03711550938897,,0,
128.0,44.0,3,-13.905431497085374,-30.637028,1,-16.731596502914627
129.0,44.0,1,-11.387214670074172,,0,
130.0,44.0,1,-18.999988677329384,,0,
131.0,44.0,1,-42.50295796385035,,0,
132.0,44.0,1,-83.98113901732722,0.157152,1,84.13829101732722
133.0,44.0,1,-144.69380571588408,,0,
134.0,44.0,1,-219.86839232279453,,0,
135.0,44.0,1,-302.4157967120409,,0,
136.0,44.0,1,-384.9080685248482,-319.45184,1,65.4562285248482
137.0,44.0,1,-461.52881992817856,,0,
138.0,44.0,1,-523.6358149985317,,0,
139.0,44.0,1,-564.5412975098006,,0,
140.0,44.0,1,-581.8637277663802,-558.43468,1,23.429047766380222
141.0,44.0,1,-579.6878502778709,,0,
142.0,44.0,1,-563.9288517164532,,0,
143.0,44.0,1,-540.1258370487485,,0,
144.0,44.0,1,-512.2240992579609,-458.985853,1,53.238246257960895
145.0,44.0,1,-481.0356153002358,,0,
146.0,44.0,1,-445.70625290146563,,0,
147.0,44.0,1,-405.77721708314493,,0,
148.0,44.0,1,-360.41349785082275,-535.660592,1,-175.2470941491772
149.0,44.0,1,-310.6637496347539,,0,
150.0,44.0,1,-257.6876899404451,,0,
151.0,44.0,1,-203.4602176565677,,0,
152.0,44.0,1,-153.31474996404722,-8.650995,1,144.66375496404723
153.0,44.0,1,-115.7426380723482,,0,
154.0,44.0,1,-90.50515462842304,,0,
155.0,44.0,1,-76.3824149002321,,0,
156.0,44.0,1,-72.26081536326092,-137.515192,1,-65.2543766367391
157.0,44.0,1,-75.54661627160385,,0,
158.0,44.0,1,-82.69698040885851,,0,
159.0,44.0,1,-88.59590035048313,,0,
160.0,44.0,1,-86.94988086062949,-464.575933,1,-377.62605213937053
161.0,44.0,2,-73.03983855550177,,0,
162.0,44.0,2,-41.9802665944444,,0,
163.0,44.0,2,9.301274766912684,,0,
164.0,44.0,2,80.14540386991575,-324.016767,1,-404.16217086991577
165.0,44.0,2,171.75435074209236,,0,
166.0,44.0,2,264.38531928230077,,0,
167.0,44.0,2,347.06846481154207,,0,
168.0,44.0,2,414.42115950444713,739.766087,1,325.34492749555284
169.0,44.0,2,463.22866829729173,,0,
170.0,44.0,2,491.8765394403599,,0,
171.0,44.0,2,501.4551800037734,,0,
172.0,44.0,2,498.03714282636065,612.62156,1,114.5844171736394
173.0,44.0,2,490.60784112662077,,0,
174.0,44.0,2,486.9552778992802,,0,
175.0,44.0,2,490.0489088121103,,0,
176.0,44.0,2,498.7773012111429,576.23706,1,77.45975878885713
177.0,44.0,2,508.9613445920404,,0,
178.0,44.0,2,519.3536345716566,,0,
179.0,44.0,2,528.0191544163972,,0,
180.0,44.0,2,533.7019294527126,941.740773,1,408.03884354728734
181.0,44.0,2,533.3707259984221,,0,
182.0,44.0,2,523.7146118748933,,0,
183.0,44.0,2,509.4084260093514,,0,
184.0,44.0,2,495.56583995372057,801.79388,1,306.2280400462794
185.0,44.0,2,483.4925323626958,,0,
186.0,44.0,2,472.1655456563458,,0,
187.0,44.0,2,462.59887455031276,,0,
188.0,44.0,2,456.7145164264366,414.562949,1,-42.1515674264366
189.0,44.0,2,456.2310327081941,,0,
190.0,44.0,2,458.3208140016068,,0,
191.0,44.0,2,458.8062454487663,,0,
192.0,44.0,2,452.6385125759989,715.053142,1,262.4146294240011
193.0,44.0,2,433.2122855912894,,0,
194.0,44.0,2,408.4847283088602,,0,
195.0,44.0,2,381.9459665878676,,0,
196.0,44.0,2,354.96814138256013,309.721608,1,-45.24653338256013
197.0,44.0,2,329.66517818160355,,0,
198.0,44.0,2,306.0812085212674,,0,
199.0,44.0,2,283.8804314050358,,0,
0.0,45.0,0,77.36224169330671,,0,
1.0,45.0,0,75.33715079724789,,0,
2.0,45.0,0,72.96345389948692,,0,
3.0,45.0,0,68.09412364847958,236.396677,1,168.30255335152043
4.0,45.0,0,57.14009894570336,,0,
5.0,45.0,0,45.34343388583511,,0,
6.0,45.0,0,35.90175805683248,,0,
7.0,45.0,0,31.70077269151807,-23.873754,1,-55.574526691518074
8.0,45.0,0,35.6707766270265,,0,
9.0,45.0,0,46.58388428390026,,0,
10.0,45.0,0,62.62984507950023,,0,
11.0,45.0,0,80.52430699300021,68.485754,1,-12.03855299300021
12.0,45.0,0,94.61312395706773,,0,
13.0,45.0,0,98.59804540732875,,0,
14.0,45.0,0,89.9458416744601,,0,
15.0,45.0,0,68.13270409358665,130.442974,1,62.31026990641334
16.0,45.0,0,33.131560331676155,,0,
17.0,45.0,0,-11.042539881542325,,0,
18.0,45.0,0,-61.24406076280866,,0,
19.0,45.0,0,-115.23073064442724,-124.322521,1,-9.091790355572755
20.0,45.0,0,-171.43141135945916,,0,
21.0,45.0,0,-228.29071041941643,,0,
22.0,45.0,0,-284.07216754718684,,0,
23.0,45.0,0,-336.7984617924085,-373.227223,1,-36.42876120759149
24.0,45.0,0,-382.0776722081937,,0,
25.0,45.0,0,-416.6233055749908,,0,
26.0,45.0,0,-440.79469985014293,,0,
27.0,45.0,0,-454.79600145085715,-553.979815,1,-99.18381354914288
28.0,45.0,0,-456.7709547863342,,0,
29.0,45.0,0,-444.57593827322125,,0,
30.0,45.0,0,-419.79956258344464,,0,
31.0,45.0,0,-384.09897665306926,-449.392431,1,-65.29345434693073
32.0,45.0,0,-337.2777175870724,,0,
33.0,45.0,0,-282.00555488676764,,0,
34.0,45.0,0,-219.37496684788493,,0,
35.0,45.0,0,-150.638788179087,-148.34287,1,2.295918179086982
36.0,45.0,0,-81.04792605433613,,0,
37.0,45.0,0,-15.923756405711174,,0,
38.0,45.0,0,41.007193034747615,,0,
39.0,45.0,0,87.58236556762131,124.355219,1,36.772853432378696
40.0,45.0,0,122.52173461392522,,0,
41.0,45.0,0,146.63833621283993,,0,
42.0,45.0,0,160.5009547281952,,0,
43.0,45.0,0,164.42645987326978,183.420557,1,18.994097126730225
44.0,45.0,0,157.30017402931117,,0,
45.0,45.0,0,138.97428218321875,,0,
46.0,45.0,0,109.49270201381296,,0,
47.0,45.0,0,68.51149984379299,255.02348,1,186.51198015620702
48.0,45.0,0,13.925663869362324,,0,
49.0,45.0,0,-46.43254513689317,,0,
50.0,45.0,0,-108.44346734372084,,0,
51.0,45.0,0,-171.15992061508587,-13.864125,1,157.29579561508586
52.0,45.0,0,-234.90072830370627,,0,
53.0,45.0,0,-298.87106547039,,0,
54.0,45.0,0,-357.2926612799056,,0,
55.0,45.0,0,-402.9262275326764,-534.816226,1,-131.8899984673236
56.0,45.0,0,-428.4842742139008,,0,
57.0,45.0,0,-435.47557241329923,,0,
58.0,45.0,0,-425.92669763378217,,0,
59.0,45.0,0,-403.3181360180606,-321.044755,1,82.2733810180606
60.0,45.0,0,-371.5796196977608,,0,
61.0,45.0,0,-334.28130303299986,,0,
62.0,45.0,0,-295.39216940803453,,0,
63.0,45.0,0,-258.8595121143735,-222.377774,1,36.48173811437351
64.0,45.0,0,-228.17815294512548,,0,
65.0,45.0,0,-203.6264721781481,,0,
66.0,45.0,0,-184.32530627198867,,0,
67.0,45.0,0,-167.61134179026703,-229.655022,1,-62.04368020973297
68.0,45.0,0,-149.07866463740356,,0,
69.0,45.0,0,-127.45082586305216,,0,
70.0,45.0,3,-102.19362596259452,,0,
71.0,45.0,3,-75.77110214097775,-14.286813,1,61.484289140977744
72.0,45.0,3,-52.89686981285922,,0,
73.0,45.0,3,-37.78603274724446,,0,
74.0,45.0,3,-31.530219064705307,,0,
75.0,45.0,3,-32.48828824269003,-9.300563,1,23.187725242690032
76.0,45.0,3,-31.936450923327357,,0,
77.0,45.0,3,-18.663815730251372,,0,
78.0,45.0,3,15.17863391310675,,0,
79.0,45.0,3,73.62070727709215,-245.139316,1,-318.76002327709216
80.0,45.0,3,160.18470400583465,,0,
81.0,45.0,3,258.03576589899603,,0,
82.0,45.0,3,351.16143540732446,,0,
83.0,45.0,3,423.9096510492964,595.01126,1,171.10160895070362
84.0,45.0,3,462.5801140036201,,0,
85.0,45.0,3,456.3466443931684,,0,
86.0,45.0,3,406.80941000633175,,0,
87.0,45.0,3,327.5833993720007,68.882889,1,-258.70051037200074
88.0,45.0,3,239.09928575821687,,0,
89.0,45.0,3,161.25992910331115,,0,
90.0,45.0,3,102.32848758233013,,0,
91.0,45.0,3,65.74282949208282,-47.848893,1,-113.59172249208282
92.0,45.0,3,56.046556261368096,,0,
93.0,45.0,3,71.11060529353563,,0,
94.0,45.0,3,105.90777823433746,,0,
95.0,45.0,3,148.65481440283475,58.545746,1,-90.10906840283474
96.0,45.0,3,182.62541296891868,,0,
97.0,45.0,3,191.17193030694034,,0,
98.0,45.0,3,164.63163199546398,,0,
99.0,45.0,3,102.91453478415497,398.705811,1,295.791276215845
100.0,45.0,3,18.11927846004255,,0,
101.0,45.0,3,-74.67624172277283,,0,
102.0,45.0,3,-163.38237498308445,,0,
103.0,45.0,3,-241.33732634948683,-471.052718,1,-229.7153916505132
104.0,45.0,3,-306.2326794427354,,0,
105.0,45.0,3,-357.42403955059126,,0,
106.0,45.0,3,-393.91531396546634,,0,
107.0,45.0,3,-414.74319515179377,-426.639707,1,-11.896511848206217
108.0,45.0,3,-418.6064811416436,,0,
109.0,45.0,3,-403.4486345418554,,0,
110.0,45.0,3,-366.81003154919017,,0,
111.0,45.0,3,-307.5743149029295,-479.868337,1,-172.29402209707052
112.0,45.0,3,-230.32268314342946,,0,
113.0,45.0,3,-152.2935343113495,,0,
114.0,45.0,3,-86.66275031439727,,0,
115.0,45.0,3,-40.28134406195022,344.916927,1,385.1982710619502
116.0,45.0,3,-16.030458725814242,,0,
117.0,45.0,3,-13.18794618830725,,0,
118.0,45.0,3,-23.483220465364866,,0,
119.0,45.0,3,-37.084099269734,-285.549879,1,-248.46577973026598
120.0,45.0,3,-47.29815688333474,,0,
121.0,45.0,3,-50.34076026669936,,0,
122.0,45.0,3,-48.828410476853605,,0,
123.0,45.0,3,-46.64839709550142,11.306019,1,57.95441609550142
124.0,45.0,3,-45.58068120316602,,0,
125.0,45.0,3,-45.907132113643456,,0,
126.0,45.0,3,-42.770772332383785,,0,
127.0,45.0,3,-31.794725529907737,-27.084985,1,4.709740529907737
128.0,45.0,3,-14.568493456521537,,0,
129.0,45.0,1,3.5775994062423706,,0,
130.0,45.0,1,13.38361563673243,,0,
131.0,45.0,1,5.223665327997878,376.874922,1,371.65125667200215
132.0,45.0,1,-23.3935618030373,,0,
133.0,45.0,1,-73.90194816491567,,0,
134.0,45.0,1,-144.7210697507253,,0,
135.0,45.0,1,-229.1531182830804,-170.063469,1,59.089649283080405
136.0,45.0,1,-318.8437240013154,,0,
137.0,45.0,1,-405.63825553277275,,0,
138.0,45.0,1,-479.47117576224264,,0,
139.0,45.0,1,-530.7461053777952,-679.8789,1,-149.13279462220487
140.0,45.0,1,-555.2293946990394,,0,
141.0,45.0,1,-559.1939706811681,,0,
142.0,45.0,1,-548.0206073401496,,0,
143.0,45.0,1,-527.5868251028587,-490.257885,1,37.32894010285872
144.0,45.0,1,-503.5182358890306,,0,
145.0,45.0,1,-477.3353392854333,,0,
146.0,45.0,1,-449.220971325296,,0,
147.0,45.0,1,-418.15626544412225,-533.373294,1,-115.21702855587773
148.0,45.0,1,-380.50488226814196,,0,
149.0,45.0,1,-338.30998988624196,,0,
150.0,45.0,1,-291.08302907366306,,0,
151.0,45.0,1,-238.69300901179668,-270.460739,1,-31.767729988203314
152.0,45.0,1,-188.47953078779392,,0,
153.0,45.0,1,-147.9142441053409,,0,
154.0,45.0,1,-118.81630210287403,,0,
155.0,45.0,1,-101.53714513406157,-25.043601,1,76.49354413406158
156.0,45.0,1,-97.39570251468103,,0,
157.0,45.0,1,-103.24420033372007,,0,
158.0,45.0,1,-116.45615753438324,,0,
159.0,45.0,1,-133.0599961593398,-226.456206,1,-93.39620984066022
160.0,45.0,1,-143.7031757904915,,0,
161.0,45.0,2,-143.66370835067937,,0,
162.0,45.0,2,-127.03958779515233,,0,
163.0,45.0,2,-88.75480071059428,-525.661152,1,-436.90635128940573
164.0,45.0,2,-29.348168095340952,,0,
165.0,45.0,2,48.271538430359215,,0,
166.0,45.0,2,132.87168922112323,,0,
167.0,45.0,2,213.59504986170214,168.997472,1,-44.59757786170215
168.0,45.0,2,284.6814568846021,,0,
169.0,45.0,2,341.8399492697208,,0,
170.0,45.0,2,383.6305438495474,,0,
171.0,45.0,2,410.5452129796613,683.379804,1,272.83459102033873
172.0,45.0,2,426.20388360496145,,0,
173.0,45.0,2,436.70740027586,,0,
174.0,45.0,2,448.2272335116286,,0,
175.0,45.0,2,464.0080386977643,405.896565,1,-58.11147369776427
176.0,45.0,2,482.12029091548175,,0,
177.0,45.0,2,499.0051938868128,,0,
178.0,45.0,2,512.3476920875255,,0,
179.0,45.0,2,520.3067722399719,753.706375,1,233.39960276002807
180.0,45.0,2,522.3855789670488,,0,
181.0,45.0,2,517.7731341426261,,0,
182.0,45.0,2,506.4364287459757,,0,
183.0,45.0,2,490.9779393794015,633.028646,1,142.05070662059848
184.0,45.0,2,474.08591590775177,,0,
185.0,45.0,2,457.4448301435914,,0,
186.0,45.0,2,441.99415414384566,,0,
187.0,45.0,2,428.4005572395399,469.226644,1,40.8260867604601
188.0,45.0,2,416.7813531225547,,0,
189.0,45.0,2,408.2810928779654,,0,
190.0,45.0,2,401.08175336616114,,0,
191.0,45.0,2,392.11729644658044,539.622943,1,147.50564655341952
192.0,45.0,2,378.3241981328465,,0,
193.0,45.0,2,358.72373777546454,,0,
194.0,45.0,2,338.00872986833565,,0,
195.0,45.0,2,318.85384283354506,87.998501,1,-230.85534183354505
196.0,45.0,2,301.80692429468036,,0,
197.0,45.0,2,287.258641355671,,0,
198.0,45.0,2,274.2763338875957,,0,
199.0,45.0,2,260.9787522763945,316.994117,1,56.0153647236055
0.0,46.0,0,171.3519787043333,,0,
1.0,46.0,0,171.69260748801753,,0,
2.0,46.0,0,168.40108245878946,290.576616,1,122.17553354121054
3.0,46.0,0,160.36697183724027,,0,
4.0,46.0,0,147.20872677490115,,0,
5.0,46.0,0,131.99148715101182,,0,
6.0,46.0,0,118.09666856448166,201.119632,1,83.02296343551834
7.0,46.0,0,108.05547883419786,,0,
8.0,46.0,0,103.30038369167596,,0,
9.0,46.0,0,103.13299374654889,,0,
10.0,46.0,0,106.00697814649902,53.407925,1,-52.599053146499024
11.0,46.0,0,109.14007923204917,,0,
12.0,46.0,0,108.32530850870535,,0,
13.0,46.0,0,98.9379543075338,,0,
14.0,46.0,0,78.12025666423142,104.889561,1,26.76930433576858
15.0,46.0,0,46.45288867002819,,0,
16.0,46.0,0,6.192497490905225,,0,
17.0,46.0,0,-39.30525287636556,,0,
18.0,46.0,0,-87.92546088882955,-130.406475,1,-42.48101411117045
19.0,46.0,0,-137.91215288313106,,0,
20.0,46.0,0,-189.28686115145683,,0,
21.0,46.0,0,-241.07509258110076,,0,
22.0,46.0,0,-292.32323553040624,-171.487699,1,120.83553653040624
23.0,46.0,0,-343.37285611836705,,0,
24.0,46.0,0,-388.3098182543181,,0,
25.0,46.0,0,-424.06941854022443,,0,
26.0,46.0,0,-450.0890588728362,-428.32879,1,21.76026887283615
27.0,46.0,0,-465.68223179731285,,0,
28.0,46.0,0,-469.5677245645784,,0,
29.0,46.0,0,-460.9204813176766,,0,
30.0,46.0,0,-440.2975302103441,-518.826279,1,-78.52874878965588
31.0,46.0,0,-408.53261167230085,,0,
32.0,46.0,0,-366.08116369554773,,0,
33.0,46.0,0,-314.6108543756418,,0,
34.0,46.0,0,-255.42335721681593,-424.767933,1,-169.3445757831841
35.0,46.0,0,-187.72177690296667,,0,
36.0,46.0,0,-119.72277761343867,,0,
37.0,46.0,0,-56.92989825736731,,0,
38.0,46.0,0,-2.7881862584035844,26.291162,1,29.079348258403584
39.0,46.0,0,39.89489299507113,,0,
40.0,46.0,0,70.41534915729426,,0,
41.0,46.0,0,88.96235112706199,,0,
42.0,46.0,0,96.51741694973316,35.137927,1,-61.37948994973316
43.0,46.0,0,94.79817621852271,,0,
44.0,46.0,0,82.33129364973865,,0,
45.0,46.0,0,59.455941969994456,,0,
46.0,46.0,0,27.040570868412033,62.675549,1,35.634978131587964
47.0,46.0,0,-16.378328866732772,,0,
48.0,46.0,0,-70.80058804852888,,0,
49.0,46.0,0,-130.35355820134282,,0,
50.0,46.0,0,-189.7160766091547,-243.811982,1,-54.0959053908453
51.0,46.0,0,-248.41129299614113,,0,
52.0,46.0,0,-306.7339086548891,,0,
53.0,46.0,0,-363.5930210787337,,0,
54.0,46.0,0,-415.35359865101054,-364.730595,1,50.62300365101055
55.0,46.0,0,-455.6779424342094,,0,
56.0,46.0,0,-478.62846425757743,,0,
57.0,46.0,0,-482.6587970475666,,0,
58.0,46.0,0,-469.13814802566776,-397.142728,1,71.99542002566778
59.0,46.0,0,-442.2915252861858,,0,
60.0,46.0,0,-406.3591516681481,,0,
61.0,46.0,0,-364.71270418399945,,0,
62.0,46.0,0,-320.43411160458345,-341.779573,1,-21.345461395416578
63.0,46.0,0,-276.6423982170527,,0,
64.0,46.0,0,-235.9086471046321,,0,
65.0,46.0,0,-199.55012024217285,,0,
66.0,46.0,0,-167.7117624709499,-114.146582,1,53.56518047094991
67.0,46.0,0,-137.81606527144322,,0,
68.0,46.0,0,-107.01671871962026,,0,
69.0,46.0,0,-74.35242623114027,,0,
70.0,46.0,3,-39.97441213717684,-72.550591,1,-32.576178862823156
71.0,46.0,3,-6.358229280682281,,0,
72.0,46.0,3,22.130556204821914,,0,
73.0,46.0,3,41.97509575029835,,0,
74.0,46.0,3,51.777827150785015,322.488424,1,270.710596849215
75.0,46.0,3,48.89764583579381,,0,
76.0,46.0,3,45.88157830177806,,0,
77.0,46.0,3,53.36931658955291,,0,
78.0,46.0,3,80.04445639508776,-210.483799,1,-290.52825539508774
79.0,46.0,3,129.80771195568377,,0,
80.0,46.0,3,201.7219941164367,,0,
81.0,46.0,3,284.34590040391777,,0,
82.0,46.0,3,362.2957179324003,499.100448,1,136.80473006759968
83.0,46.0,3,418.7051772395498,,0,
84.0,46.0,3,444.4674773091683,,0,
85.0,46.0,3,432.1380863924278,,0,
86.0,46.0,3,382.7874097568565,340.845253,1,-41.94215675685649
87.0,46.0,3,309.5363287605578,,0,
88.0,46.0,3,229.3723609650042,,0,
89.0,46.0,3,156.56973620026838,,0,
90.0,46.0,3,99.55963005340891,42.592962,1,-56.96666805340891
91.0,46.0,3,63.39640161045827,,0,
92.0,46.0,3,51.735498478636146,,0,
93.0,46.0,3,64.66540390520822,,0,
94.0,46.0,3,97.43589736009017,-161.877989,1,-259.3138863600902
95.0,46.0,3,136.3565306241071,,0,
96.0,46.0,3,165.02652473852504,,0,
97.0,46.0,3,169.879966881359,,0,
98.0,46.0,3,142.69811390709947,426.117305,1,283.4191910929005
99.0,46.0,3,78.47346824291162,,0,
100.0,46.0,3,-7.5995457586832345,,0,
101.0,46.0,3,-99.81047835032223,,0,
102.0,46.0,3,-184.79623877028644,-500.039918,1,-315.24367922971356
103.0,46.0,3,-258.62508685915964,,0,
104.0,46.0,3,-320.13938455155585,,0,
105.0,46.0,3,-367.4612510476727,,0,
106.0,46.0,3,-398.6881350754993,-518.211877,1,-119.52374192450065
107.0,46.0,3,-414.16187416843604,,0,
108.0,46.0,3,-413.89540240180213,,0,
109.0,46.0,3,-396.7986117579858,,0,
110.0,46.0,3,-360.7244307815563,-544.699357,1,-183.97492621844367
111.0,46.0,3,-302.0223844658176,,0,
112.0,46.0,3,-230.24866245151497,,0,
113.0,46.0,3,-160.33497111976612,,0,
114.0,46.0,3,-105.90462062589359,366.429149,1,472.3337696258936
115.0,46.0,3,-70.24306303495541,,0,
116.0,46.0,3,-53.49106932670111,,0,
117.0,46.0,3,-53.8267399368051,,0,
118.0,46.0,3,-64.60474016118678,-173.483826,1,-108.87908583881321
119.0,46.0,3,-75.71947647628258,,0,
120.0,46.0,3,-83.70080123451771,,0,
121.0,46.0,3,-86.53860215249006,,0,
122.0,46.0,3,-85.51536899839994,5.075902,1,90.59127099839993
123.0,46.0,3,-84.54839828936383,,0,
124.0,46.0,3,-82.81503624253673,,0,
125.0,46.0,3,-79.53463499998907,,0,
126.0,46.0,3,-71.48278913408285,-209.170536,1,-137.68774686591715
127.0,46.0,3,-52.69381061469903,,0,
128.0,46.0,3,-25.24208546098089,,0,
129.0,46.0,1,7.087557683233172,,0,
130.0,46.0,1,34.335697199217975,348.69142,1,314.355722800782
131.0,46.0,1,40.616893221857026,,0,
132.0,46.0,1,27.049670092295855,,0,
133.0,46.0,1,-10.442559724848252,,0,
134.0,46.0,1,-75.53152191487607,67.269776,1,142.80129791487605
135.0,46.0,1,-159.8832002944837,,0,
136.0,46.0,1,-253.26567790372064,,0,
137.0,46.0,1,-346.50630799424835,,0,
138.0,46.0,1,-428.7540906694485,-657.743082,1,-228.98899133055147
139.0,46.0,1,-486.21980593400076,,0,
140.0,46.0,1,-519.1801877393154,,0,
141.0,46.0,1,-530.1834702913184,,0,
142.0,46.0,1,-523.4541888496606,-434.565051,1,88.88913784966059
143.0,46.0,1,-506.34426288609393,,0,
144.0,46.0,1,-485.614651930111,,0,
145.0,46.0,1,-464.3793945077341,,0,
146.0,46.0,1,-442.5494782498572,-397.924216,1,44.6252622498572
147.0,46.0,1,-418.86624645767733,,0,
148.0,46.0,1,-390.0975810706732,,0,
149.0,46.0,1,-356.36825209343806,,0,
150.0,46.0,1,-316.9085822463967,-598.694236,1,-281.78565375360336
151.0,46.0,1,-267.307482683158,,0,
152.0,46.0,1,-218.4905834844103,,0,
153.0,46.0,1,-176.87801899807528,,0,
154.0,46.0,1,-145.15584135532845,88.020216,1,233.17605735532845
155.0,46.0,1,-125.35857241926715,,0,
156.0,46.0,1,-119.30769735085778,,0,
157.0,46.0,1,-125.8900552361738,,0,
158.0,46.0,1,-142.08603121060878,38.09872,1,180.1847512106088
159.0,46.0,1,-165.89616167824715,,0,
160.0,46.0,1,-186.35359767149203,,0,
161.0,46.0,2,-197.358054563927,,0,
162.0,46.0,2,-193.04145585827064,-445.255315,1,-252.21385914172936
163.0,46.0,2,-164.61873059044592,,0,
164.0,46.0,2,-117.23275002511218,,0,
165.0,46.0,2,-53.90290914778598,,0,
166.0,46.0,2,20.253185788169503,-237.930458,1,-258.1836437881695
167.0,46.0,2,95.64606403326616,,0,
168.0,46.0,2,165.17260346957482,,0,
169.0,46.0,2,225.6550638594781,,0,
170.0,46.0,2,276.49907963490114,289.051328,1,12.552248365098876
171.0,46.0,2,316.1306033353321,,0,
172.0,46.0,2,345.9230643743649,,0,
173.0,46.0,2,369.9312391499989,,0,
174.0,46.0,2,393.0605430526193,291.637277,1,-101.42326605261934
175.0,46.0,2,419.06423686549533,,0,
176.0,46.0,2,444.4643737806473,,0,
177.0,46.0,2,466.21344585553743,,0,
178.0,46.0,2,481.64794141217135,555.194551,1,73.5466095878287
179.0,46.0,2,488.1159512810409,,0,
180.0,46.0,2,486.98539560183417,,0,
181.0,46.0,2,479.00470803072676,,0,
182.0,46.0,2,465.5137188124936,420.534918,1,-44.9788008124936
183.0,46.0,2,448.5557830365142,,0,
184.0,46.0,2,428.74475736077875,,0,
185.0,46.0,2,408.1149994353764,,0,
186.0,46.0,2,388.898071042262,355.162839,1,-33.735232042262
187.0,46.0,2,371.47596482979134,,0,
188.0,46.0,2,355.67935315915383,,0,
189.0,46.0,2,341.2679073335603,,0,
190.0,46.0,2,326.6639527331572,341.355668,1,14.691715266842778
191.0,46.0,2,309.61616505729035,,0,
192.0,46.0,2,289.8772113872692,,0,
193.0,46.0,2,270.62100042472593,,0,
194.0,46.0,2,256.7996192597784,-135.703412,1,-392.50303125977837
195.0,46.0,2,247.3219167739153,,0,
196.0,46.0,2,241.0077526071109,,0,
197.0,46.0,2,237.60586143936962,,0,
198.0,46.0,2,235.12330999271944,206.909506,1,-28.21380399271945
199.0,46.0,2,230.44834856386296,,0,
0.0,47.0,0,254.50785702187568,,0,
1.0,47.0,0,256.2339810356498,402.263727,1,146.02974596435024
2.0,47.0,0,250.86529742297716,,0,
3.0,47.0,0,240.21714662155136,,0,
4.0,47.0,0,225.11147596128285,,0,
5.0,47.0,0,207.58520087692887,407.513569,1,199.92836812307115
6.0,47.0,0,190.32367828534916,,0,
7.0,47.0,0,175.29667794064153,,0,
8.0,47.0,0,162.95820344658569,,0,
9.0,47.0,0,152.43104638857767,139.524814,1,-12.906232388577678
10.0,47.0,0,143.2432037629187,,0,
11.0,47.0,0,133.373329131864,,0,
12.0,47.0,0,119.81616420298815,,0,
13.0,47.0,0,99.01560805179179,180.495706,1,81.48009794820823
14.0,47.0,0,67.33646431425586,,0,
15.0,47.0,0,27.15298453567084,,0,
16.0,47.0,0,-17.711472521536052,,0,
17.0,47.0,0,-63.080248116049916,-197.634753,1,-134.55450488395007
18.0,47.0,0,-109.04165398119949,,0,
19.0,47.0,0,-156.1258242209442,,0,
20.0,47.0,0,-204.45732603082433,,0,
21.0,47.0,0,-253.5071990112774,-30.908693,1,222.5985060112774
22.0,47.0,0,-302.7019065339118,,0,
23.0,47.0,0,-350.990007721819,,0,
24.0,47.0,0,-394.45741307223216,,0,
25.0,47.0,0,-429.8377949646674,-399.543791,1,30.29400396466741
26.0,47.0,0,-456.67563048703596,,0,
27.0,47.0,0,-473.51116706384346,,0,
28.0,47.0,0,-479.2681252020411,,0,
29.0,47.0,0,-473.5884761894122,-480.09656,1,-6.508083810587834
30.0,47.0,0,-456.7005459370557,,0,
31.0,47.0,0,-429.2286223479314,,0,
32.0,47.0,0,-391.2769735683687,,0,
33.0,47.0,0,-343.1710416483693,-474.877723,1,-131.70668135163072
34.0,47.0,0,-286.55900052009383,,0,
35.0,47.0,0,-223.65586488414556,,0,
36.0,47.0,0,-160.42243580846116,,0,
37.0,47.0,0,-102.65388502599671,-64.135718,1,38.51816702599672
38.0,47.0,0,-53.52869240404107,,0,
39.0,47.0,0,-15.22804294503294,,0,
40.0,47.0,0,10.918319956865162,,0,
41.0,47.0,0,24.451398282544687,1.846255,1,-22.605143282544688
42.0,47.0,0,26.67081455740845,,0,
43.0,47.0,0,18.91687634034315,,0,
44.0,47.0,0,0.9489953990560025,,0,
45.0,47.0,0,-26.883650086820126,-133.285481,1,-106.40183091317988
46.0,47.0,0,-62.25319976382889,,0,
47.0,47.0,0,-107.66748413926689,,0,
48.0,47.0,0,-161.85312083922327,,0,
49.0,47.0,0,-219.48589384555817,-357.574955,1,-138.08906115444182
50.0,47.0,0,-274.32464771310333,,0,
51.0,47.0,0,-327.66458447027253,,0,
52.0,47.0,0,-378.99287189752795,,0,
53.0,47.0,0,-427.37410023715347,-390.676551,1,36.69754923715345
54.0,47.0,0,-471.132427951321,,0,
55.0,47.0,0,-505.0679171428783,,0,
56.0,47.0,0,-523.9056899258867,,0,
57.0,47.0,0,-524.1240178698208,-617.976157,1,-93.85213913017913
58.0,47.0,0,-505.75163737213006,,0,
59.0,47.0,0,-474.7125249087694,,0,
60.0,47.0,0,-435.0667580617592,,0,
61.0,47.0,0,-389.73902724683285,-399.444909,1,-9.705881753167148
62.0,47.0,0,-340.92370542837307,,0,
63.0,47.0,0,-290.9208801864879,,0,
64.0,47.0,0,-241.53906043618917,,0,
65.0,47.0,0,-194.49297767714597,-112.149139,1,82.34383867714597
66.0,47.0,0,-151.82722747448133,,0,
67.0,47.0,0,-110.63896194059635,,0,
68.0,47.0,0,-69.54070518212393,,0,
69.0,47.0,0,-28.44789416762069,-52.535688,1,-24.08779383237931
70.0,47.0,3,13.187402637093328,,0,
71.0,47.0,3,52.91917150153313,,0,
72.0,47.0,3,85.72817019419745,,0,
73.0,47.0,3,106.59537916979752,493.358548,1,386.76316883020246
74.0,47.0,3,115.77853281969146,,0,
75.0,47.0,3,115.33297257643426,,0,
76.0,47.0,3,112.47011763579212,,0,
77.0,47.0,3,115.95212509692647,-33.919356,1,-149.87148109692646
78.0,47.0,3,137.34549618291203,,0,
79.0,47.0,3,178.0508595421561,,0,
80.0,47.0,3,235.83989313873462,,0,
81.0,47.0,3,302.07313267246354,225.003391,1,-77.06974167246355
82.0,47.0,3,363.8294609313016,,0,
83.0,47.0,3,408.0890417935443,,0,
84.0,47.0,3,425.49264346051496,,0,
85.0,47.0,3,409.5954892934533,593.573665,1,183.97817570654672
86.0,47.0,3,360.3439579125261,,0,
87.0,47.0,3,292.78027444239706,,0,
88.0,47.0,3,220.6604078593664,,0,
89.0,47.0,3,154.35922659141943,161.566808,1,7.20758140858058
90.0,47.0,3,100.70810450482531,,0,
91.0,47.0,3,64.64873848680872,,0,
92.0,47.0,3,49.91628932394087,,0,
93.0,47.0,3,58.520890776766464,-166.972975,1,-225.49386577676646
94.0,47.0,3,88.67963689137832,,0,
95.0,47.0,3,123.36669524732861,,0,
96.0,47.0,3,146.6837801975198,,0,
97.0,47.0,3,145.4420375592308,437.349426,1,291.9073884407692
98.0,47.0,3,114.03616383581539,,0,
99.0,47.0,3,51.76867100968957,,0,
100.0,47.0,3,-32.268537906580605,,0,
101.0,47.0,3,-123.19597045268165,-440.785123,1,-317.58915254731835
102.0,47.0,3,-202.8610844813229,,0,
103.0,47.0,3,-272.0089031122625,,0,
104.0,47.0,3,-329.3258984052809,,0,
105.0,47.0,3,-372.5537001261255,-490.943497,1,-118.3897968738745
106.0,47.0,3,-398.18177312152693,,0,
107.0,47.0,3,-408.74322713224683,,0,
108.0,47.0,3,-404.7505639337469,,0,
109.0,47.0,3,-385.3161271256249,-477.17432,1,-91.8581928743751
110.0,47.0,3,-348.71609096537577,,0,
111.0,47.0,3,-294.8467905082798,,0,
112.0,47.0,3,-230.8643725218717,,0,
113.0,47.0,3,-169.42271507630358,166.046702,1,335.46941707630356
114.0,47.0,3,-127.16439861356048,,0,
115.0,47.0,3,-101.00760392600205,,0,
116.0,47.0,3,-90.27770325652091,,0,
117.0,47.0,3,-93.57466780414688,-156.573703,1,-62.99903519585311
118.0,47.0,3,-104.72032651148038,,0,
119.0,47.0,3,-116.07680197124137,,0,
120.0,47.0,3,-123.77400397270685,,0,
121.0,47.0,3,-127.12061833776534,68.596133,1,195.71675133776534
122.0,47.0,3,-127.32237814203836,,0,
123.0,47.0,3,-125.62631061684806,,0,
124.0,47.0,3,-121.24597737187287,,0,
125.0,47.0,3,-113.32113461697008,-436.331855,1,-323.01072038302993
126.0,47.0,3,-99.85941265203292,,0,
127.0,47.0,3,-77.75059262884315,,0,
128.0,47.0,3,-45.33047344197985,,0,
129.0,47.0,1,-3.6316836882033385,-71.863958,1,-68.23227431179666
130.0,47.0,1,34.841726856830064,,0,
131.0,47.0,1,57.12558992858976,,0,
132.0,47.0,1,59.669082735374104,,0,
133.0,47.0,1,37.85127775045112,515.007199,1,477.1559212495489
134.0,47.0,1,-19.927797123556957,,0,
135.0,47.0,1,-99.54183424037183,,0,
136.0,47.0,1,-191.2658595161629,,0,
137.0,47.0,1,-285.11705833504675,-270.083928,1,15.033130335046735
138.0,47.0,1,-369.39561981346924,,0,
139.0,47.0,1,-433.89223423739895,,0,
140.0,47.0,1,-475.357144803158,,0,
141.0,47.0,1,-493.60811057151295,-616.387448,1,-122.779337428487
142.0,47.0,1,-491.0412474340992,,0,
143.0,47.0,1,-477.3200919406372,,0,
144.0,47.0,1,-460.2335854686098,,0,
145.0,47.0,1,-444.7821094302926,-330.92556,1,113.8565494302926
146.0,47.0,1,-429.6073791109957,,0,
147.0,47.0,1,-412.11084778932855,,0,
148.0,47.0,1,-390.02279101737076,,0,
149.0,47.0,1,-362.1372309671715,-579.78206,1,-217.6448290328285
150.0,47.0,1,-327.1391660447698,,0,
151.0,47.0,1,-284.6272660607938,,0,
152.0,47.0,1,-240.71357940533198,,0,
153.0,47.0,1,-201.21101289294893,-217.87875,1,-16.667737107051067
154.0,47.0,1,-169.14584310003556,,0,
155.0,47.0,1,-147.57452200888656,,0,
156.0,47.0,1,-139.9547245480353,,0,
157.0,47.0,1,-148.22104129893705,59.094369,1,207.31541029893705
158.0,47.0,1,-168.04045140882954,,0,
159.0,47.0,1,-193.9471461867215,,0,
160.0,47.0,1,-218.2939567869762,,0,
161.0,47.0,2,-234.43890633399133,-274.781234,1,-40.34232766600866
162.0,47.0,2,-236.08805498003494,,0,
163.0,47.0,2,-218.5735240469221,,0,
164.0,47.0,2,-183.99400810780935,,0,
165.0,47.0,2,-134.7679479024373,-342.396381,1,-207.62843309756272
166.0,47.0,2,-70.7538832873106,,0,
167.0,47.0,2,-2.8505017162533477,,0,
168.0,47.0,2,62.16608463274315,,0,
169.0,47.0,2,121.76095284707844,-36.195062,1,-157.95601484707845
170.0,47.0,2,177.70772904611658,,0,
171.0,47.0,2,225.47916759899817,,0,
172.0,47.0,2,264.8634844090557,,0,
173.0,47.0,2,298.57500850968063,245.162288,1,-53.41272050968064
174.0,47.0,2,331.0243958805222,,0,
175.0,47.0,2,362.94221575185657,,0,
176.0,47.0,2,392.3280402007513,,0,
177.0,47.0,2,416.3583474193001,447.887362,1,31.52901458069988
178.0,47.0,2,431.90221589710563,,0,
179.0,47.0,2,437.99886765144765,,0,
180.0,47.0,2,435.3429154441692,,0,
181.0,47.0,2,425.39929046528414,366.690849,1,-58.708441465284125
182.0,47.0,2,410.851340229623,,0,
183.0,47.0,2,391.8682530670194,,0,
184.0,47.0,2,369.10844700736925,,0,
185.0,47.0,2,344.5470383246429,266.313243,1,-78.23379532464293
186.0,47.0,2,321.9085134495981,,0,
187.0,47.0,2,301.092283397913,,0,
188.0,47.0,2,282.28729491331615,,0,
189.0,47.0,2,264.35784596111625,242.583011,1,-21.774834961116255
190.0,47.0,2,245.28991892468184,,0,
191.0,47.0,2,223.77790917642415,,0,
192.0,47.0,2,201.1680548551958,,0,
193.0,47.0,2,182.66205815284047,-135.705455,1,-318.3675131528405
194.0,47.0,2,176.6252021312248,,0,
195.0,47.0,2,175.55788787733763,,0,
196.0,47.0,2,178.19009319343604,,0,
197.0,47.0,2,185.19740333175287,-30.673048,1,-215.87045133175286
198.0,47.0,2,192.77995339408517,,0,
199.0,47.0,2,196.39847146067768,,0,
0.0,48.0,0,324.1732595814392,464.415032,1,140.2417724185608
1.0,48.0,0,324.6246143365279,,0,
2.0,48.0,0,319.1540950513445,,0,
3.0,48.0,0,307.6981781364884,,0,
4.0,48.0,0,291.0736712818034,378.115722,1,87.0420507181966
5.0,48.0,0,271.47117842081934,,0,
6.0,48.0,0,251.22448987979442,,0,
7.0,48.0,0,231.8027802145807,,0,
8.0,48.0,0,213.26985654886812,277.33629,1,64.0664334511319
9.0,48.0,0,193.86025835573673,,0,
10.0,48.0,0,174.28640793112572,,0,
11.0,48.0,0,153.3893700047629,,0,
12.0,48.0,0,128.9344244580716,246.709181,1,117.77475654192841
13.0,48.0,0,98.12721200007945,,0,
14.0,48.0,0,59.052863623481244,,0,
15.0,48.0,0,13.104449027508963,,0,
16.0,48.0,0,-35.63682841975242,-242.662783,1,-207.02595458024757
17.0,48.0,0,-80.07898303866386,,0,
18.0,48.0,0,-124.15296456299257,,0,
19.0,48.0,0,-169.4359156661667,,0,
20.0,48.0,0,-216.29874277161434,-13.043619,1,203.25512377161434
21.0,48.0,0,-264.05203186068684,,0,
22.0,48.0,0,-311.7535238787532,,0,
23.0,48.0,0,-357.95747585385107,,0,
24.0,48.0,0,-399.94992645969614,-444.691815,1,-44.741888540303876
25.0,48.0,0,-434.47424428584054,,0,
26.0,48.0,0,-461.17942536540795,,0,
27.0,48.0,0,-478.74600065883715,,0,
28.0,48.0,0,-485.86593614006415,-515.853774,1,-29.987837859935894
29.0,48.0,0,-482.4439351502806,,0,
30.0,48.0,0,-468.8250114680268,,0,
31.0,48.0,0,-445.40888176718727,,0,
32.0,48.0,0,-412.04353112122044,-499.843996,1,-87.80046487877956
33.0,48.0,0,-367.44569698954,,0,
34.0,48.0,0,-315.1002682517865,,0,
35.0,48.0,0,-258.25290166173363,,0,
36.0,48.0,0,-201.53660664823838,-146.346743,1,55.18986364823837
37.0,48.0,0,-150.6300947163254,,0,
38.0,48.0,0,-107.57499946281314,,0,
39.0,48.0,0,-74.27368587104138,,0,
40.0,48.0,0,-52.36857789661735,-0.108934,1,52.259643896617355
41.0,48.0,0,-43.4425588559825,,0,
42.0,48.0,0,-45.740125151060056,,0,
43.0,48.0,0,-58.00056029955158,,0,
44.0,48.0,0,-79.56131150224246,-81.125966,1,-1.5646544977575445
45.0,48.0,0,-109.84959527803585,,0,
46.0,48.0,0,-148.0053182990523,,0,
47.0,48.0,0,-194.45822008233517,,0,
48.0,48.0,0,-247.45851028431207,-343.256931,1,-95.79842071568794
49.0,48.0,0,-300.9785844304133,,0,
50.0,48.0,0,-352.91327321797144,,0,
51.0,48.0,0,-401.8994750941056,,0,
52.0,48.0,0,-446.1656058514491,-470.462818,1,-24.297212148550955
53.0,48.0,0,-486.10259479656816,,0,
54.0,48.0,0,-521.0223834142089,,0,
55.0,48.0,0,-547.5211534128757,,0,
56.0,48.0,0,-560.862545714248,-699.312458,1,-138.44991228575202
57.0,48.0,0,-555.1547724197153,,0,
58.0,48.0,0,-533.3388483302842,,0,
59.0,48.0,0,-499.5059660016559,,0,
60.0,48.0,0,-457.2038573177997,-450.485172,1,6.718685317799725
61.0,48.0,0,-409.1527865855023,,0,
62.0,48.0,0,-357.16595212824177,,0,
63.0,48.0,0,-302.7308097174391,,0,
64.0,48.0,0,-247.12880185246468,-225.67198,1,21.456821852464685
65.0,48.0,0,-192.54488752048928,,0,
66.0,48.0,0,-140.4836571240885,,0,
67.0,48.0,0,-89.97306420397945,,0,
68.0,48.0,0,-40.38973613874987,30.934331,1,71.32406713874987
69.0,48.0,0,6.970460363430902,,0,
70.0,48.0,3,53.38624515058473,,0,
71.0,48.0,3,97.1601396308397,,0,
72.0,48.0,3,133.41129018660286,386.85877,1,253.44747981339714
73.0,48.0,3,153.62158185750013,,0,
74.0,48.0,3,163.18289753166027,,0,
75.0,48.0,3,165.92903462285176,,0,
76.0,48.0,3,166.39383876533248,299.625611,1,133.23177223466752
77.0,48.0,3,168.99225468217628,,0,
78.0,48.0,3,184.02166434680112,,0,
79.0,48.0,3,214.87684549810365,,0,
80.0,48.0,3,259.9952233981894,86.839123,1,-173.1561003981894
81.0,48.0,3,311.4435963840224,,0,
82.0,48.0,3,358.6957854683278,,0,
83.0,48.0,3,391.8531812077854,,0,
84.0,48.0,3,402.3320777458139,579.837364,1,177.5052862541861
85.0,48.0,3,381.70647425492643,,0,
86.0,48.0,3,335.31267681811005,,0,
87.0,48.0,3,274.48583131830674,,0,
88.0,48.0,3,211.11717321601463,301.261519,1,90.14434578398539
89.0,48.0,3,152.5034389026696,,0,
90.0,48.0,3,103.77767008193769,,0,
91.0,48.0,3,69.23116967617534,,0,
92.0,48.0,3,52.84627829736564,-107.091989,1,-159.93826729736566
93.0,48.0,3,59.554562900273595,,0,
94.0,48.0,3,82.70312441070564,,0,
95.0,48.0,3,110.03072358213831,,0,
96.0,48.0,3,127.32528195058694,377.179722,1,249.85444004941309
97.0,48.0,3,119.14654808171326,,0,
98.0,48.0,3,85.71776924317237,,0,
99.0,48.0,3,27.451331837568432,,0,
100.0,48.0,3,-50.58539698479581,-117.764629,1,-67.17923201520419
101.0,48.0,3,-134.94636084057856,,0,
102.0,48.0,3,-212.36402668477967,,0,
103.0,48.0,3,-278.48270726623014,,0,
104.0,48.0,3,-331.0531359502347,-442.858519,1,-111.80538304976528
105.0,48.0,3,-368.917697732104,,0,
106.0,48.0,3,-391.0919414656237,,0,
107.0,48.0,3,-398.67983474218636,,0,
108.0,48.0,3,-392.57619059425633,-442.574048,1,-49.99785740574367
109.0,48.0,3,-372.4440040640184,,0,
110.0,48.0,3,-338.0181542763021,,0,
111.0,48.0,3,-291.25368738610996,,0,
112.0,48.0,3,-238.37029935541796,-103.720429,1,134.64987035541796
113.0,48.0,3,-189.5476842733333,,0,
114.0,48.0,3,-154.4894413080765,,0,
115.0,48.0,3,-133.92134076787625,,0,
116.0,48.0,3,-126.63354434323264,-43.919851,1,82.71369334323265
117.0,48.0,3,-132.2118074628961,,0,
118.0,48.0,3,-144.286656000535,,0,
119.0,48.0,3,-156.3409471779014,,0,
120.0,48.0,3,-163.88645170570817,-71.168987,1,92.71746470570817
121.0,48.0,3,-167.37810267158784,,0,
122.0,48.0,3,-168.05284648528323,,0,
123.0,48.0,3,-165.19428775995038,,0,
124.0,48.0,3,-156.86962835653685,-375.589996,1,-218.72036764346313
125.0,48.0,3,-143.65982992957288,,0,
126.0,48.0,3,-125.51775542332325,,0,
127.0,48.0,3,-101.17988528404385,,0,
128.0,48.0,3,-68.08908821386285,-464.615534,1,-396.5264457861372
129.0,48.0,1,-20.411853838479146,,0,
130.0,48.0,1,24.97573761473177,,0,
131.0,48.0,1,56.9295700910734,,0,
132.0,48.0,1,69.48190355754923,713.355803,1,643.8738994424508
133.0,48.0,1,56.87171527429018,,0,
134.0,48.0,1,14.294126319873612,,0,
135.0,48.0,1,-53.12854493048508,,0,
136.0,48.0,1,-138.14324766397476,233.721778,1,371.86502566397473
137.0,48.0,1,-228.26242606411688,,0,
138.0,48.0,1,-311.34531271387823,,0,
139.0,48.0,1,-379.00619430164807,,0,
140.0,48.0,1,-426.3320438285591,-573.487191,1,-147.15514717144094
141.0,48.0,1,-449.09544252447085,,0,
142.0,48.0,1,-452.7132620210177,,0,
143.0,48.0,1,-444.3398389238864,,0,
144.0,48.0,1,-431.50666960084345,-213.19792,1,218.30874960084344
145.0,48.0,1,-422.7282962356694,,0,
146.0,48.0,1,-413.44658638653345,,0,
147.0,48.0,1,-401.01478783786297,,0,
148.0,48.0,1,-383.7403650620254,-399.665976,1,-15.925610937974625
149.0,48.0,1,-360.1173688863637,,0,
150.0,48.0,1,-329.8717050856212,,0,
151.0,48.0,1,-294.15876975655556,,0,
152.0,48.0,1,-256.75114997883793,-466.972014,1,-210.22086402116207
153.0,48.0,1,-221.6846724669449,,0,
154.0,48.0,1,-192.09125154156936,,0,
155.0,48.0,1,-170.95808837981895,,0,
156.0,48.0,1,-162.37161189620383,108.647152,1,271.01876389620384
157.0,48.0,1,-173.02388455881737,,0,
158.0,48.0,1,-194.27922775910702,,0,
159.0,48.0,1,-219.85465774789918,,0,
160.0,48.0,1,-243.92626198916696,-223.552578,1,20.37368398916695
161.0,48.0,2,-261.10790560627356,,0,
162.0,48.0,2,-265.93684562062845,,0,
163.0,48.0,2,-255.6752440405544,,0,
164.0,48.0,2,-230.8424109998159,-271.775104,1,-40.93269300018409
165.0,48.0,2,-191.72961553093046,,0,
166.0,48.0,2,-139.62602682365105,,0,
167.0,48.0,2,-80.91891897795722,,0,
168.0,48.0,2,-21.391723605804145,-54.368912,1,-32.977188394195856
169.0,48.0,2,36.565137828700244,,0,
170.0,48.0,2,92.26885879132897,,0,
171.0,48.0,2,143.1173283192329,,0,
172.0,48.0,2,187.9549012708012,-56.413436,1,-244.3683372708012
173.0,48.0,2,228.0555506242672,,0,
174.0,48.0,2,265.41425809124485,,0,
175.0,48.0,2,300.1703507673228,,0,
176.0,48.0,2,330.78703255031724,49.398508,1,-281.38852455031724
177.0,48.0,2,354.9629473206587,,0,
178.0,48.0,2,370.53021868900396,,0,
179.0,48.0,2,376.7348361797631,,0,
180.0,48.0,2,374.1045379447751,17.846489,1,-356.25804894477506
181.0,48.0,2,364.1036346714245,,0,
182.0,48.0,2,348.49856425006874,,0,
183.0,48.0,2,327.96890993078705,,0,
184.0,48.0,2,303.30040145874955,241.696085,1,-61.60431645874954
185.0,48.0,2,276.3793984884396,,0,
186.0,48.0,2,249.7882632148685,,0,
187.0,48.0,2,225.5859180772677,,0,
188.0,48.0,2,205.34808788704686,229.493421,1,24.145333112953153
189.0,48.0,2,186.5034022196196,,0,
190.0,48.0,2,166.45665555028245,,0,
191.0,48.0,2,144.7028573206626,,0,
192.0,48.0,2,123.81046311790124,0.768177,1,-123.04228611790124
193.0,48.0,2,111.21425817580894,,0,
194.0,48.0,2,108.32680571847595,,0,
195.0,48.0,2,111.65549730230123,,0,
196.0,48.0,2,119.6391610042192,-67.405957,1,-187.0451180042192
197.0,48.0,2,135.09523347113281,,0,
198.0,48.0,2,150.90593448281288,,0,
199.0,48.0,2,161.48084978060797,,0,
0.0,49.0,0,381.78715503483545,,0,
1.0,49.0,0,380.6215497190133,,0,
2.0,49.0,0,374.6009144759737,,0,
3.0,49.0,0,362.94356729090214,423.515224,1,60.57165670909785
4.0,49.0,0,344.9982366305776,,0,
5.0,49.0,0,323.57701770891435,,0,
6.0,49.0,0,300.5913197500631,,0,
7.0,49.0,0,277.0024105506018,502.494479,1,225.49206844939823
8.0,49.0,0,252.66584821348079,,0,
9.0,49.0,0,226.80111585813574,,0,
10.0,49.0,0,199.3952993871644,,0,
11.0,49.0,0,169.90051103523,162.548774,1,-7.351737035230002
12.0,49.0,0,137.04947939212434,,0,
13.0,49.0,0,99.07951754523674,,0,
14.0,49.0,0,55.27138861594722,,0,
15.0,49.0,0,6.97527508623898,-177.537435,1,-184.51271008623897
16.0,49.0,0,-42.13568305573426,,0,
17.0,49.0,0,-88.38144978566561,,0,
18.0,49.0,0,-132.9808516711928,,0,
19.0,49.0,0,-177.89004681026563,-142.062237,1,35.82780981026562
20.0,49.0,0,-224.40647200890817,,0,
21.0,49.0,0,-271.3876337527763,,0,
22.0,49.0,0,-317.7616417147219,,0,
23.0,49.0,0,-362.1163986567408,-448.46085,1,-86.34445134325921
24.0,49.0,0,-402.3341787039535,,0,
25.0,49.0,0,-436.26383650966454,,0,
26.0,49.0,0,-462.8806796348654,,0,
27.0,49.0,0,-481.05470067914575,-515.573388,1,-34.51868732085427
28.0,49.0,0,-489.14378847181797,,0,
29.0,49.0,0,-487.6036238834495,,0,
30.0,49.0,0,-476.70785922324285,,0,
31.0,49.0,0,-456.56872125854716,-374.551051,1,82.01767025854718
32.0,49.0,0,-426.91743539622985,,0,
33.0,49.0,0,-387.8249795946176,,0,
34.0,49.0,0,-341.8075977060944,,0,
35.0,49.0,0,-292.345139992889,-202.175263,1,90.16987699288902
36.0,49.0,0,-243.53641339507885,,0,
37.0,49.0,0,-199.49827752448618,,0,
38.0,49.0,0,-162.68382513942197,,0,
39.0,49.0,0,-134.87368839490227,-197.46218,1,-62.588491605097715
40.0,49.0,0,-117.71568326029228,,0,
41.0,49.0,0,-112.19720490369946,,0,
42.0,49.0,0,-117.58526831120253,,0,
43.0,49.0,0,-132.62840188853443,-160.901576,1,-28.27317411146558
44.0,49.0,0,-155.85921747097746,,0,
45.0,49.0,0,-187.13412141200388,,0,
46.0,49.0,0,-225.8596779126674,,0,
47.0,49.0,0,-271.20023261988536,-508.590155,1,-237.38992238011463
48.0,49.0,0,-320.8650327461073,,0,
49.0,49.0,0,-371.2273159387987,,0,
50.0,49.0,0,-420.23691528709605,,0,
51.0,49.0,0,-465.70493388036266,-617.469228,1,-151.76429411963738
52.0,49.0,0,-503.0925590028055,,0,
53.0,49.0,0,-535.1730681930785,,0,
54.0,49.0,0,-561.6390839973465,,0,
55.0,49.0,0,-579.8325822015759,-715.105944,1,-135.27336179842416
56.0,49.0,0,-585.7626819599827,,0,
57.0,49.0,0,-576.1379840557347,,0,
58.0,49.0,0,-552.1631139172241,,0,
59.0,49.0,0,-516.8589339219034,-477.737957,1,39.12097692190338
60.0,49.0,0,-473.11548664816655,,0,
61.0,49.0,0,-423.3280643802718,,0,
62.0,49.0,0,-369.2823122108821,,0,
63.0,49.0,0,-312.1748908753507,-360.123386,1,-47.9484951246493
64.0,49.0,0,-252.39566103831748,,0,
65.0,49.0,0,-192.63618278107606,,0,
66.0,49.0,0,-134.2960915141739,,0,
67.0,49.0,0,-77.58164044306614,-103.126666,1,-25.545025556933865
68.0,49.0,0,-22.80904160789214,,0,
69.0,49.0,0,29.259002098813653,,0,
70.0,49.0,3,78.45301657775417,,0,
71.0,49.0,3,123.10932805994526,86.808738,1,-36.30059005994525
72.0,49.0,3,158.9517095737392,,0,
73.0,49.0,3,181.90770256525138,,0,
74.0,49.0,3,194.38007449684665,,0,
75.0,49.0,3,200.36536128935404,634.981284,1,434.6159227106459
76.0,49.0,3,203.3776067951694,,0,
77.0,49.0,3,207.51615777338156,,0,
78.0,49.0,3,218.75982243334875,,0,
79.0,49.0,3,240.93247730331495,107.833507,1,-133.09897030331496
80.0,49.0,3,275.5558206523274,,0,
81.0,49.0,3,314.17998548570904,,0,
82.0,49.0,3,348.39791424479336,,0,
83.0,49.0,3,370.3734389725141,406.479964,1,36.10652502748587
84.0,49.0,3,372.8751114389743,,0,
85.0,49.0,3,351.4118530653359,,0,
86.0,49.0,3,309.43808475963306,,0,
87.0,49.0,3,255.75949251744896,129.148498,1,-126.61099451744897
88.0,49.0,3,201.7293732998951,,0,
89.0,49.0,3,151.15881795645691,,0,
90.0,49.0,3,108.26820192649029,,0,
91.0,49.0,3,77.12866735318676,-170.015163,1,-247.14383035318676
92.0,49.0,3,61.52717256481992,,0,
93.0,49.0,3,63.266716967569664,,0,
94.0,49.0,3,77.2885741435457,,0,
95.0,49.0,3,93.94447066879366,60.23371,1,-33.710760668793654
96.0,49.0,3,101.54860153223854,,0,
97.0,49.0,3,90.15102906199172,,0,
98.0,49.0,3,57.890004028449766,,0,
99.0,49.0,3,5.6553846909082495,178.803527,1,173.14814230909175
100.0,49.0,3,-65.3495122413151,,0,
101.0,49.0,3,-142.31280201440677,,0,
102.0,49.0,3,-215.27904221357312,,0,
103.0,49.0,3,-278.25539192999713,-393.136975,1,-114.88158307000288
104.0,49.0,3,-326.0126203011023,,0,
105.0,49.0,3,-359.70566985721234,,0,
106.0,49.0,3,-379.45451107423287,,0,
107.0,49.0,3,-385.7630884698883,-370.906589,1,14.85649946988832
108.0,49.0,3,-379.5974526902428,,0,
109.0,49.0,3,-361.0838968331518,,0,
110.0,49.0,3,-331.1144981147954,,0,
111.0,49.0,3,-292.4994042312028,-276.207346,1,16.292058231202816
112.0,49.0,3,-250.87829562363913,,0,
113.0,49.0,3,-213.0112896526698,,0,
114.0,49.0,3,-184.8131047070492,,0,
115.0,49.0,3,-168.41644725206424,55.881303,1,224.29775025206425
116.0,49.0,3,-163.7183079511742,,0,
117.0,49.0,3,-169.36170032052905,,0,
118.0,49.0,3,-181.09250985679682,,0,
119.0,49.0,3,-193.2844533972675,-344.498598,1,-151.21414460273252
120.0,49.0,3,-199.4382924118545,,0,
121.0,49.0,3,-202.1543937055394,,0,
122.0,49.0,3,-202.30057204060722,,0,
123.0,49.0,3,-198.33220465955674,-358.732362,1,-160.4001573404433
124.0,49.0,3,-185.7145751036005,,0,
125.0,49.0,3,-167.78502768540056,,0,
126.0,49.0,3,-145.1918689678423,,0,
127.0,49.0,3,-116.83988307113759,-651.737136,1,-534.8972529288624
128.0,49.0,3,-80.05852305039298,,0,
129.0,49.0,1,-34.15307870344259,,0,
130.0,49.0,1,11.310692159633618,,0,
131.0,49.0,1,46.12896622950211,67.635811,1,21.506844770497892
132.0,49.0,1,63.110201548668556,,0,
133.0,49.0,1,57.88471117935842,,0,
134.0,49.0,1,28.46131026983494,,0,
135.0,49.0,1,-24.03977944480721,289.695138,1,313.7349174448072
136.0,49.0,1,-99.87613717047498,,0,
137.0,49.0,1,-182.54547042679042,,0,
138.0,49.0,1,-260.57861938350834,,0,
139.0,49.0,1,-326.3630112305982,-87.683001,1,238.6800102305982
140.0,49.0,1,-374.53935762739275,,0,
141.0,49.0,1,-402.49284469045233,,0,
142.0,49.0,1,-413.3296610271791,,0,
143.0,49.0,1,-412.8112507061451,-151.75652,1,261.05473070614505
144.0,49.0,1,-407.56186488165986,,0,
145.0,49.0,1,-402.6917684767395,,0,
146.0,49.0,1,-397.0321638872847,,0,
147.0,49.0,1,-388.1791335575981,-235.641523,1,152.5376105575981
148.0,49.0,1,-374.54547672136687,,0,
149.0,49.0,1,-355.12788043153705,,0,
150.0,49.0,1,-329.99633487453684,,0,
151.0,49.0,1,-300.59155263757566,-281.646391,1,18.945161637575666
152.0,49.0,1,-269.95259240374435,,0,
153.0,49.0,1,-240.7789348603692,,0,
154.0,49.0,1,-216.00788654363714,,0,
155.0,49.0,1,-198.84618967049755,-335.689805,1,-136.84361532950243
156.0,49.0,1,-193.45680801593699,,0,
157.0,49.0,1,-202.65059870376717,,0,
158.0,49.0,1,-221.8805913393153,,0,
159.0,49.0,1,-245.10065181588288,-464.410883,1,-219.31023118411713
160.0,49.0,1,-267.12276245397516,,0,
161.0,49.0,2,-283.210894563701,,0,
162.0,49.0,2,-289.1761300795479,,0,
163.0,49.0,2,-282.83479681261815,-225.233354,1,57.60144281261816
164.0,49.0,2,-264.77378350077197,,0,
165.0,49.0,2,-233.9353055753745,,0,
166.0,49.0,2,-191.67392355226912,,0,
167.0,49.0,2,-141.81588892801665,77.38673,1,219.20261892801665
168.0,49.0,2,-88.42606568650808,,0,
169.0,49.0,2,-34.15444027585909,,0,
170.0,49.0,2,19.219580554869026,,0,
171.0,49.0,2,69.82841826300137,-121.15814,1,-190.98655826300137
172.0,49.0,2,116.49105941783637,,0,
173.0,49.0,2,159.2366045366507,,0,
174.0,49.0,2,198.48053227504715,,0,
175.0,49.0,2,233.8989282133989,-332.143303,1,-566.042231213399
176.0,49.0,2,264.23860638728365,,0,
177.0,49.0,2,287.79656429681927,,0,
178.0,49.0,2,303.1045810150681,,0,
179.0,49.0,2,309.5567287236918,-302.773351,1,-612.3300797236918
180.0,49.0,2,307.50787577289157,,0,
181.0,49.0,2,298.0085728135891,,0,
182.0,49.0,2,282.28327697562054,,0,
183.0,49.0,2,261.28431379492395,-152.121354,1,-413.40566779492394
184.0,49.0,2,236.0345794861205,,0,
185.0,49.0,2,208.06278606690466,,0,
186.0,49.0,2,179.27748328098096,,0,
187.0,49.0,2,152.44473826233298,-41.007676,1,-193.45241426233298
188.0,49.0,2,132.58502354845405,,0,
189.0,49.0,2,114.46158648841083,,0,
190.0,49.0,2,95.88319660397246,,0,
191.0,49.0,2,77.26602708688006,-20.843439,1,-98.10946608688006
192.0,49.0,2,61.56918522133492,,0,
193.0,49.0,2,53.07604677649215,,0,
194.0,49.0,2,52.77403462305665,,0,
195.0,49.0,2,59.23962705023587,-274.330593,1,-333.5702200502359
196.0,49.0,2,71.84151644748636,,0,
197.0,49.0,2,90.29906861577183,,0,
198.0,49.0,2,110.10640243440866,,0,
199.0,49.0,2,125.45590822841041,304.586849,1,179.13094077158956
