x,y,cluster,trend,value,set,residual
0.0,0.0,0,531.3455807713326,474.224075,1,-57.12150577133258
1.0,0.0,0,538.3555284268223,,0,
2.0,0.0,0,543.0297730946913,,0,
3.0,0.0,0,541.4240921381861,,0,
4.0,0.0,0,529.9833634358365,634.226889,1,104.24352556416352
5.0,0.0,0,507.4917006401811,,0,
6.0,0.0,0,473.6043287636712,,0,
7.0,0.0,0,428.19572808407247,,0,
8.0,0.0,0,370.3879634060431,543.684405,1,173.29644159395684
9.0,0.0,0,297.2608861804474,,0,
10.0,0.0,0,215.4569939505309,,0,
11.0,0.0,0,130.23588573280722,,0,
12.0,0.0,0,46.67958335322328,-36.874397,1,-83.55398035322328
13.0,0.0,0,-31.034323515137658,,0,
14.0,0.0,0,-100.19910084735602,,0,
15.0,0.0,0,-159.71762734930962,,0,
16.0,0.0,0,-209.1432595970109,-295.860241,1,-86.71698140298906
17.0,0.0,0,-247.52653644327074,,0,
18.0,0.0,0,-279.10631532315165,,0,
19.0,0.0,0,-307.596593324095,,0,
20.0,0.0,0,-335.83967167232186,-179.250285,1,156.58938667232187
21.0,0.0,0,-364.60929476330057,,0,
22.0,0.0,0,-393.7206939163152,,0,
23.0,0.0,0,-422.1974952239543,,0,
24.0,0.0,0,-447.6538546856027,-512.422377,1,-64.76852231439727
25.0,0.0,0,-466.5003432072699,,0,
26.0,0.0,0,-478.78960604337044,,0,
27.0,0.0,0,-483.9600190334022,,0,
28.0,0.0,0,-481.33939779596403,-450.253056,1,31.086341795964017
29.0,0.0,0,-470.8815490376437,,0,
30.0,0.0,0,-453.39120828034356,,0,
31.0,0.0,0,-430.84064736170694,,0,
32.0,0.0,0,-406.1719089229591,-306.832567,1,99.33934192295914
33.0,0.0,0,-382.71308012562804,,0,
34.0,0.0,0,-364.7837093246635,,0,
35.0,0.0,0,-357.6775712808594,,0,
36.0,0.0,0,-365.30302700586617,-269.85286,1,95.45016700586615
37.0,0.0,0,-386.51284943462815,,0,
38.0,0.0,0,-418.6256197358016,,0,
39.0,0.0,0,-458.61027044290677,,0,
40.0,0.0,0,-503.2789899969939,-277.807808,1,225.4711819969939
41.0,0.0,0,-550.5586466471432,,0,
42.0,0.0,0,-599.2755006856751,,0,
43.0,0.0,0,-649.2682593218051,,0,
44.0,0.0,0,-700.3300802719314,-448.97593,1,251.35415027193136
45.0,0.0,0,-749.7856091181748,,0,
46.0,0.0,0,-793.8565451835748,,0,
47.0,0.0,0,-828.8879875461571,,0,
48.0,0.0,0,-853.0170763874194,-834.016074,1,19.001002387419362
49.0,0.0,0,-867.5761406237725,,0,
50.0,0.0,0,-873.7782347407192,,0,
51.0,0.0,0,-871.6963532855734,,0,
52.0,0.0,0,-861.3224844854558,-792.819358,1,68.50312648545582
53.0,0.0,0,-843.9796020453796,,0,
54.0,0.0,0,-821.3798589394428,,0,
55.0,0.0,0,-794.3067885586061,,0,
56.0,0.0,0,-762.1740753072081,-767.857072,1,-5.682996692791903
57.0,0.0,0,-724.6200812858297,,0,
58.0,0.0,0,-681.7074219244532,,0,
59.0,0.0,0,-633.8355782171711,,0,
60.0,0.0,0,-581.5532115129754,-570.530454,1,11.022757512975431
61.0,0.0,0,-525.2306223481428,,0,
62.0,0.0,0,-464.06662235513795,,0,
63.0,0.0,0,-396.6342465581838,,0,
64.0,0.0,0,-322.26819795928895,-440.568104,1,-118.29990604071105
65.0,0.0,0,-243.76173261040822,,0,
66.0,0.0,0,-163.16117290616967,,0,
67.0,0.0,0,-79.88905236520804,,0,
68.0,0.0,0,7.280608652043156,-81.994134,1,-89.27474265204316
69.0,0.0,0,96.74418260034872,,0,
70.0,0.0,3,185.74254006671254,,0,
71.0,0.0,3,270.500689608627,,0,
72.0,0.0,3,345.1625455200556,410.148254,1,64.98570847994444
73.0,0.0,3,402.140398126794,,0,
74.0,0.0,3,437.95416691619903,,0,
75.0,0.0,3,449.6249837593641,,0,
76.0,0.0,3,433.41563570295693,727.386687,1,293.9710512970431
77.0,0.0,3,383.2975902913604,,0,
78.0,0.0,3,310.845806296682,,0,
79.0,0.0,3,225.36260837130249,,0,
80.0,0.0,3,135.0614401269995,37.125652,1,-97.93578812699951
81.0,0.0,3,48.27378446486546,,0,
82.0,0.0,3,-33.11935871746391,,0,
83.0,0.0,3,-107.08052233560011,,0,
84.0,0.0,3,-171.93981485877885,8.115114,1,180.05492885877885
85.0,0.0,3,-226.7671955722617,,0,
86.0,0.0,3,-271.12518876662944,,0,
87.0,0.0,3,-305.15814899653196,,0,
88.0,0.0,3,-329.5870188471454,-372.073892,1,-42.48687315285463
89.0,0.0,3,-344.99997040376184,,0,
90.0,0.0,3,-354.23320157977287,,0,
91.0,0.0,3,-359.1761791744502,,0,
92.0,0.0,3,-360.5874935260508,-351.902892,1,8.684601526050812
93.0,0.0,3,-358.339356927725,,0,
94.0,0.0,3,-352.45177057267574,,0,
95.0,0.0,3,-343.97935619042255,,0,
96.0,0.0,3,-335.7715893233544,-258.137721,1,77.63386832335442
97.0,0.0,3,-332.1033843451296,,0,
98.0,0.0,3,-332.6376818837598,,0,
99.0,0.0,3,-337.60767295147525,,0,
100.0,0.0,3,-347.0033989674557,-252.379389,1,94.62400996745572
101.0,0.0,3,-358.82620737032266,,0,
102.0,0.0,3,-371.2076541238421,,0,
103.0,0.0,3,-383.4563435363816,,0,
104.0,0.0,3,-395.715359919006,-418.693301,1,-22.977941080994015
105.0,0.0,3,-407.6605313140899,,0,
106.0,0.0,3,-419.09452225928544,,0,
107.0,0.0,3,-428.0383761393605,,0,
108.0,0.0,3,-431.6300441925705,-509.47614,1,-77.84609580742949
109.0,0.0,3,-428.57722181780264,,0,
110.0,0.0,3,-418.80988625530154,,0,
111.0,0.0,3,-403.12129806005396,,0,
112.0,0.0,3,-382.85507528626476,-149.963232,1,232.89184328626476
113.0,0.0,3,-359.42957641970133,,0,
114.0,0.0,3,-334.2862159985525,,0,
115.0,0.0,3,-308.6562878614641,,0,
116.0,0.0,3,-283.9387226224062,-162.879975,1,121.0587476224062
117.0,0.0,3,-263.36113333841786,,0,
118.0,0.0,3,-244.71621849219082,,0,
119.0,0.0,3,-228.65078625874594,,0,
120.0,0.0,3,-218.44253938744077,-40.037057,1,178.40548238744077
121.0,0.0,3,-219.4607178164879,,0,
122.0,0.0,3,-226.20597530479426,,0,
123.0,0.0,3,-233.89641050889622,,0,
124.0,0.0,3,-237.0044322895701,-467.913713,1,-230.90928071042987
125.0,0.0,3,-227.80580049369019,,0,
126.0,0.0,3,-211.69693616428412,,0,
127.0,0.0,3,-190.79654747236054,,0,
128.0,0.0,3,-166.18896886328002,-536.922796,1,-370.7338271367199
129.0,0.0,3,-142.52581053157337,,0,
130.0,0.0,3,-123.0479509345605,,0,
131.0,0.0,3,-107.14206513226964,,0,
132.0,0.0,1,-92.93599024694413,-100.3713,1,-7.435309753055876
133.0,0.0,1,-82.28777395596262,,0,
134.0,0.0,1,-77.29933385946788,,0,
135.0,0.0,1,-79.99462291330565,,0,
136.0,0.0,1,-91.59550989617128,194.130635,1,285.72614489617126
137.0,0.0,1,-107.84393806313165,,0,
138.0,0.0,1,-124.44069811142981,,0,
139.0,0.0,1,-139.61500573228113,,0,
140.0,0.0,1,-152.6132856149925,-80.460222,1,72.15306361499249
141.0,0.0,1,-161.18686845735647,,0,
142.0,0.0,1,-164.34115639550146,,0,
143.0,0.0,1,-163.7478854591027,,0,
144.0,0.0,1,-162.03511216421612,54.862272,1,216.8973841642161
145.0,0.0,1,-159.119412177708,,0,
146.0,0.0,1,-155.44031689793337,,0,
147.0,0.0,1,-153.0851289164275,,0,
148.0,0.0,1,-154.83964298502542,-192.881905,1,-38.04226201497457
149.0,0.0,1,-163.21374745550565,,0,
150.0,0.0,1,-181.82883932534605,,0,
151.0,0.0,1,-211.88370365847368,,0,
152.0,0.0,1,-252.28655949386302,-154.18491,1,98.10164949386302
153.0,0.0,1,-300.1994323474355,,0,
154.0,0.0,1,-352.10734493657947,,0,
155.0,0.0,1,-404.48735463805497,,0,
156.0,0.0,1,-454.09257155284286,-425.328445,1,28.764126552842868
157.0,0.0,1,-498.1708576553501,,0,
158.0,0.0,1,-532.8334268003237,,0,
159.0,0.0,1,-555.945520847803,,0,
160.0,0.0,1,-568.330178285134,-445.432528,1,122.89765028513403
161.0,0.0,1,-573.6295720473863,,0,
162.0,0.0,1,-569.4048859864706,,0,
163.0,0.0,1,-555.3909124315251,,0,
164.0,0.0,1,-533.158331933897,-462.833688,1,70.324643933897
165.0,0.0,1,-505.9222117930185,,0,
166.0,0.0,1,-474.04948322009295,,0,
167.0,0.0,1,-440.0974458064884,,0,
168.0,0.0,1,-407.59550872445107,-78.945016,1,328.65049272445106
169.0,0.0,1,-378.9220116045326,,0,
170.0,0.0,2,-356.5751219050726,,0,
171.0,0.0,2,-343.74103161739185,,0,
172.0,0.0,2,-345.5091511339415,36.804026,1,382.3131771339415
173.0,0.0,2,-370.7457947584335,,0,
174.0,0.0,2,-406.50035253260285,,0,
175.0,0.0,2,-443.4889575870475,,0,
176.0,0.0,2,-475.68189694872126,-592.861293,1,-117.17939605127879
177.0,0.0,2,-502.2723520854488,,0,
178.0,0.0,2,-523.5396927117836,,0,
179.0,0.0,2,-539.0032027726993,,0,
180.0,0.0,2,-546.1548822983168,-762.878067,1,-216.72318470168318
181.0,0.0,2,-539.1836579330266,,0,
182.0,0.0,2,-524.2383466428146,,0,
183.0,0.0,2,-505.60376709490083,,0,
184.0,0.0,2,-487.01095458259806,-394.644113,1,92.36684158259806
185.0,0.0,2,-472.71236690692604,,0,
186.0,0.0,2,-461.2518440235872,,0,
187.0,0.0,2,-450.99170180177316,,0,
188.0,0.0,2,-439.2780454030726,-458.894877,1,-19.616831596927398
189.0,0.0,2,-423.45329757221043,,0,
190.0,0.0,2,-401.1907428847626,,0,
191.0,0.0,2,-371.91239952109754,,0,
192.0,0.0,2,-338.9048301706789,-159.284279,1,179.6205511706789
193.0,0.0,2,-308.61106880242005,,0,
194.0,0.0,2,-276.9821580760181,,0,
195.0,0.0,2,-241.80476096086204,,0,
196.0,0.0,2,-202.2091859942302,-277.883277,1,-75.67409100576981
197.0,0.0,2,-157.30008749570698,,0,
198.0,0.0,2,-111.49146453524008,,0,
199.0,0.0,2,-70.3112221446354,,0,
0.0,1.0,0,516.8448571581393,,0,
1.0,1.0,0,526.3296972592361,,0,
2.0,1.0,0,534.275612579193,,0,
3.0,1.0,0,536.3679261701182,621.134468,1,84.76654182988182
4.0,1.0,0,527.142295516096,,0,
5.0,1.0,0,505.8444348410703,,0,
6.0,1.0,0,471.60881679924205,,0,
7.0,1.0,0,424.51226104144007,682.988364,1,258.47610295856
8.0,1.0,0,364.3980760825798,,0,
9.0,1.0,0,291.2520476076752,,0,
10.0,1.0,0,208.64714003540576,,0,
11.0,1.0,0,121.17190283723176,93.67507,1,-27.49683283723175
12.0,1.0,0,35.66123463935219,,0,
13.0,1.0,0,-42.591250255005434,,0,
14.0,1.0,0,-110.13701396039687,,0,
15.0,1.0,0,-166.4639920317568,-363.506878,1,-197.04288596824318
16.0,1.0,0,-212.05290638585575,,0,
17.0,1.0,0,-247.54705640883185,,0,
18.0,1.0,0,-275.92145332391374,,0,
19.0,1.0,0,-301.27901403140277,-245.055466,1,56.22354803140277
20.0,1.0,0,-327.86059587809723,,0,
21.0,1.0,0,-355.8347069339361,,0,
22.0,1.0,0,-385.1202751318924,,0,
23.0,1.0,0,-414.8344633150846,-368.544611,1,46.2898523150846
24.0,1.0,0,-441.85718706343323,,0,
25.0,1.0,0,-463.0251185679808,,0,
26.0,1.0,0,-477.1469034070615,,0,
27.0,1.0,0,-483.35693927668035,-494.400102,1,-11.043162723319654
28.0,1.0,0,-480.57965104212053,,0,
29.0,1.0,0,-468.4738172017969,,0,
30.0,1.0,0,-447.47428597556427,,0,
31.0,1.0,0,-419.7274738079868,-395.289621,1,24.437852807986815
32.0,1.0,0,-388.81820016074926,,0,
33.0,1.0,0,-357.95438682544045,,0,
34.0,1.0,0,-332.1797615706455,,0,
35.0,1.0,0,-318.14530427288264,-157.078666,1,161.06663827288264
36.0,1.0,0,-322.4401950534666,,0,
37.0,1.0,0,-341.8051847239258,,0,
38.0,1.0,0,-373.7115637823008,,0,
39.0,1.0,0,-414.76485324813984,-453.353661,1,-38.588807751860145
40.0,1.0,0,-460.47786379163153,,0,
41.0,1.0,0,-508.5631964909844,,0,
42.0,1.0,0,-557.3976126553025,,0,
43.0,1.0,0,-607.341156762559,-530.259884,1,77.08127276255891
44.0,1.0,0,-660.108556176885,,0,
45.0,1.0,0,-712.2191005122731,,0,
46.0,1.0,0,-759.3141717236722,,0,
47.0,1.0,0,-796.5970228624064,-902.332336,1,-105.73531313759361
48.0,1.0,0,-821.5228245465551,,0,
49.0,1.0,0,-837.5893026709091,,0,
50.0,1.0,0,-845.8729365058243,,0,
51.0,1.0,0,-845.8382310937159,-887.283703,1,-41.44547190628407
52.0,1.0,0,-836.3903365528677,,0,
53.0,1.0,0,-819.4497353714542,,0,
54.0,1.0,0,-797.5412971468177,,0,
55.0,1.0,0,-772.4922797044273,-807.936082,1,-35.44380229557271
56.0,1.0,0,-742.3981678065611,,0,
57.0,1.0,0,-706.6777763564605,,0,
58.0,1.0,0,-665.2519062887877,,0,
59.0,1.0,0,-618.8681247052737,-677.388051,1,-58.51992629472636
60.0,1.0,0,-568.4275498017669,,0,
61.0,1.0,0,-514.217769683979,,0,
62.0,1.0,0,-455.5015675430186,,0,
63.0,1.0,0,-390.56246271845885,-538.058448,1,-147.49598528154115
64.0,1.0,0,-316.9845543275587,,0,
65.0,1.0,0,-240.53868164593587,,0,
66.0,1.0,0,-163.63848608662374,,0,
67.0,1.0,0,-84.69514140859246,-193.617908,1,-108.92276659140754
68.0,1.0,0,0.29764324240386486,,0,
69.0,1.0,0,88.86013847729191,,0,
70.0,1.0,3,178.83269998710603,,0,
71.0,1.0,3,266.79284261655994,201.262991,1,-65.52985161655994
72.0,1.0,3,345.71739292150596,,0,
73.0,1.0,3,406.8642635679571,,0,
74.0,1.0,3,443.9484708614182,,0,
75.0,1.0,3,453.6806436460465,1039.674493,1,585.9938493539535
76.0,1.0,3,432.95407531247474,,0,
77.0,1.0,3,380.3461451785406,,0,
78.0,1.0,3,303.4432781622163,,0,
79.0,1.0,3,212.64229311584495,221.533581,1,8.891287884155048
80.0,1.0,3,117.45686462754384,,0,
81.0,1.0,3,25.436392227449687,,0,
82.0,1.0,3,-59.68285989249125,,0,
83.0,1.0,3,-135.5936865285039,-141.565533,1,-5.971846471496093
84.0,1.0,3,-200.80500439350726,,0,
85.0,1.0,3,-254.79215200903127,,0,
86.0,1.0,3,-297.25569383168477,,0,
87.0,1.0,3,-328.3182993364753,-401.30109,1,-72.98279066352467
88.0,1.0,3,-349.5127094776253,,0,
89.0,1.0,3,-362.59221026794694,,0,
90.0,1.0,3,-370.09224027988967,,0,
91.0,1.0,3,-374.16990798152983,-355.511471,1,18.65843698152986
92.0,1.0,3,-375.3483574442798,,0,
93.0,1.0,3,-372.7629749519401,,0,
94.0,1.0,3,-366.01088941510534,,0,
95.0,1.0,3,-355.7868383091409,-428.033593,1,-72.24675469085912
96.0,1.0,3,-345.8196995666367,,0,
97.0,1.0,3,-340.07247372256825,,0,
98.0,1.0,3,-339.69370140554383,,0,
99.0,1.0,3,-344.6771509652608,-261.165633,1,83.5115179652608
100.0,1.0,3,-355.609828919798,,0,
101.0,1.0,3,-368.80380656186026,,0,
102.0,1.0,3,-382.0926363822946,,0,
103.0,1.0,3,-394.81809554365464,-471.260221,1,-76.44212545634537
104.0,1.0,3,-408.4266841715289,,0,
105.0,1.0,3,-423.68962693959475,,0,
106.0,1.0,3,-439.9866582408431,,0,
107.0,1.0,3,-454.7904839560215,-511.931728,1,-57.14124404397853
108.0,1.0,3,-462.9970919653715,,0,
109.0,1.0,3,-463.1776366473641,,0,
110.0,1.0,3,-455.14705933025107,,0,
111.0,1.0,3,-440.2267315547215,-435.581146,1,4.645585554721492
112.0,1.0,3,-420.4244753016392,,0,
113.0,1.0,3,-397.3287814101204,,0,
114.0,1.0,3,-372.6401409950922,,0,
115.0,1.0,3,-347.8959434306307,-288.599181,1,59.296762430630736
116.0,1.0,3,-323.1779070207267,,0,
117.0,1.0,3,-299.2061931131175,,0,
118.0,1.0,3,-275.93807817052584,,0,
119.0,1.0,3,-254.8666826239787,-207.56239,1,47.30429262397871
120.0,1.0,3,-239.97858432598878,,0,
121.0,1.0,3,-234.61195322789717,,0,
122.0,1.0,3,-235.98372301628115,,0,
123.0,1.0,3,-238.47197653667536,-437.307612,1,-198.83563546332465
124.0,1.0,3,-235.79584192764014,,0,
125.0,1.0,3,-223.5043061003089,,0,
126.0,1.0,3,-203.82484958774876,,0,
127.0,1.0,3,-179.27382437314373,-369.46331,1,-190.18948562685625
128.0,1.0,3,-149.1571477703401,,0,
129.0,1.0,3,-122.22194695007056,,0,
130.0,1.0,3,-102.5436273246305,,0,
131.0,1.0,3,-88.9573275326984,-276.961617,1,-188.0042894673016
132.0,1.0,1,-76.2024903075071,,0,
133.0,1.0,1,-68.56455969437957,,0,
134.0,1.0,1,-67.36255010042805,,0,
135.0,1.0,1,-73.65931994537823,154.75282,1,228.41213994537824
136.0,1.0,1,-91.84711267531384,,0,
137.0,1.0,1,-113.80325921508484,,0,
138.0,1.0,1,-134.65845322638052,,0,
139.0,1.0,1,-152.70732282905374,-42.485272,1,110.22205082905373
140.0,1.0,1,-168.5952399960952,,0,
141.0,1.0,1,-178.03724527009763,,0,
142.0,1.0,1,-179.8474510711385,,0,
143.0,1.0,1,-175.92401621793397,-24.745336,1,151.17868021793396
144.0,1.0,1,-171.3909766873112,,0,
145.0,1.0,1,-163.94486550497822,,0,
146.0,1.0,1,-154.22193233011058,,0,
147.0,1.0,1,-144.98485340713523,75.052743,1,220.03759640713525
148.0,1.0,1,-139.982839280623,,0,
149.0,1.0,1,-143.87859648186713,,0,
150.0,1.0,1,-161.17222344083712,,0,
151.0,1.0,1,-193.10051909741014,-178.126555,1,14.973964097410146
152.0,1.0,1,-238.15045242547058,,0,
153.0,1.0,1,-292.4672641484067,,0,
154.0,1.0,1,-351.7757830545306,,0,
155.0,1.0,1,-412.14318266673945,-491.2417,1,-79.09851733326053
156.0,1.0,1,-469.930255637737,,0,
157.0,1.0,1,-521.4601864807773,,0,
158.0,1.0,1,-562.4439087491482,,0,
159.0,1.0,1,-589.8408009998966,-584.719363,1,5.121437999896557
160.0,1.0,1,-604.9844425594201,,0,
161.0,1.0,1,-610.0705655666534,,0,
162.0,1.0,1,-604.6356777509209,,0,
163.0,1.0,1,-588.7486701221205,-515.243739,1,73.50493112212052
164.0,1.0,1,-563.8909623262007,,0,
165.0,1.0,1,-531.889844057383,,0,
166.0,1.0,1,-494.05601866496727,,0,
167.0,1.0,1,-453.5760514199501,-389.302605,1,64.27344641995006
168.0,1.0,1,-415.5327376535861,,0,
169.0,1.0,1,-381.7140844182577,,0,
170.0,1.0,2,-355.14269141992554,,0,
171.0,1.0,2,-339.8845150619745,-96.352554,1,243.53196106197453
172.0,1.0,2,-340.63520067348145,,0,
173.0,1.0,2,-360.0907209585421,,0,
174.0,1.0,2,-390.990306802094,,0,
175.0,1.0,2,-424.314870501752,-600.402824,1,-176.087953498248
176.0,1.0,2,-451.19149389781523,,0,
177.0,1.0,2,-473.02546344860457,,0,
178.0,1.0,2,-489.95558618055657,,0,
179.0,1.0,2,-502.0597280645743,-741.947155,1,-239.88742693542565
180.0,1.0,2,-507.4625428414438,,0,
181.0,1.0,2,-502.968996894313,,0,
182.0,1.0,2,-490.54559481702745,,0,
183.0,1.0,2,-474.5734763927758,-588.105178,1,-113.53170160722425
184.0,1.0,2,-459.2256613186328,,0,
185.0,1.0,2,-447.4138232418336,,0,
186.0,1.0,2,-439.55089915543795,,0,
187.0,1.0,2,-434.7201524982229,-465.661749,1,-30.9415965017771
188.0,1.0,2,-428.6889665820636,,0,
189.0,1.0,2,-418.28477726504207,,0,
190.0,1.0,2,-399.9251196575351,,0,
191.0,1.0,2,-371.6832386162132,-393.093982,1,-21.41074338378678
192.0,1.0,2,-338.5647603411926,,0,
193.0,1.0,2,-305.674835102167,,0,
194.0,1.0,2,-271.6200632485561,,0,
195.0,1.0,2,-233.64942611847073,-352.384509,1,-118.73508288152925
196.0,1.0,2,-191.30255970731378,,0,
197.0,1.0,2,-144.45903517026454,,0,
198.0,1.0,2,-95.71189039712772,,0,
199.0,1.0,2,-51.37162512820214,140.971135,1,192.34276012820214
0.0,2.0,0,497.22253005346283,,0,
1.0,2.0,0,508.409275743179,,0,
2.0,2.0,0,518.4322833390906,536.032161,1,17.59987766090933
3.0,2.0,0,522.9095490416512,,0,
4.0,2.0,0,517.1652432002593,,0,
5.0,2.0,0,498.05249239783734,,0,
6.0,2.0,0,463.405154239852,636.819659,1,173.41450476014802
7.0,2.0,0,414.57873209100217,,0,
8.0,2.0,0,353.2867130767554,,0,
9.0,2.0,0,281.0667615868151,,0,
10.0,2.0,0,200.13732336321846,304.749845,1,104.61252163678154
11.0,2.0,0,112.52233318798244,,0,
12.0,2.0,0,26.29593821859453,,0,
13.0,2.0,0,-51.486347946571186,,0,
14.0,2.0,0,-115.61848348984495,-339.793805,1,-224.17532151015507
15.0,2.0,0,-167.53982810117304,,0,
16.0,2.0,0,-209.4359121241141,,0,
17.0,2.0,0,-242.43987917993218,,0,
18.0,2.0,0,-268.5289347623475,-268.912459,1,-0.38352423765252297
19.0,2.0,0,-291.9644832285121,,0,
20.0,2.0,0,-316.75605467520654,,0,
21.0,2.0,0,-344.13939767412376,,0,
22.0,2.0,0,-373.6753574181348,-308.543502,1,65.13185541813482
23.0,2.0,0,-404.88607617886737,,0,
24.0,2.0,0,-433.62069034879096,,0,
25.0,2.0,0,-456.9679600172676,,0,
26.0,2.0,0,-473.19500234303996,-479.976245,1,-6.781242656960046
27.0,2.0,0,-480.8786855931394,,0,
28.0,2.0,0,-478.95896113384515,,0,
29.0,2.0,0,-466.3232746461872,,0,
30.0,2.0,0,-442.6577117012348,-489.537949,1,-46.88023729876522
31.0,2.0,0,-410.84610016457736,,0,
32.0,2.0,0,-374.4510391955264,,0,
33.0,2.0,0,-337.01942866900936,,0,
34.0,2.0,0,-304.2525790343061,-222.66779,1,81.58478903430611
35.0,2.0,0,-284.70247637853026,,0,
36.0,2.0,0,-282.15475725522265,,0,
37.0,2.0,0,-296.774109529797,,0,
38.0,2.0,0,-326.61436239327304,-385.471731,1,-58.857368606726936
39.0,2.0,0,-367.1536007784307,,0,
40.0,2.0,0,-413.6143572265282,,0,
41.0,2.0,0,-462.15028286434244,,0,
42.0,2.0,0,-510.0868353431579,-571.677697,1,-61.590861656842094
43.0,2.0,0,-558.9822103702463,,0,
44.0,2.0,0,-610.4078379517887,,0,
45.0,2.0,0,-662.496908753179,,0,
46.0,2.0,0,-710.9215448221657,-866.284542,1,-155.36299717783425
47.0,2.0,0,-748.438958859304,,0,
48.0,2.0,0,-776.1040765985381,,0,
49.0,2.0,0,-795.5149949181359,,0,
50.0,2.0,0,-807.3124294744339,-796.312948,1,10.999481474433878
51.0,2.0,0,-810.2541786436923,,0,
52.0,2.0,0,-803.2839768073754,,0,
53.0,2.0,0,-787.5894469220075,,0,
54.0,2.0,0,-766.0581974324305,-642.391992,1,123.6662054324305
55.0,2.0,0,-742.8849172054324,,0,
56.0,2.0,0,-715.186783412646,,0,
57.0,2.0,0,-681.6097082854249,,0,
58.0,2.0,0,-641.6334163637366,-758.138494,1,-116.50507763626342
59.0,2.0,0,-596.87298564706,,0,
60.0,2.0,0,-548.5519891372533,,0,
61.0,2.0,0,-496.63678729138337,,0,
62.0,2.0,0,-440.08385085267946,-474.525323,1,-34.44147214732055
63.0,2.0,0,-376.6133243138902,,0,
64.0,2.0,0,-306.6385015838314,,0,
65.0,2.0,0,-234.48683402931783,,0,
66.0,2.0,0,-163.3055420985911,-64.453348,1,98.8521940985911
67.0,2.0,0,-89.98876300849952,,0,
68.0,2.0,0,-10.94688493059948,,0,
69.0,2.0,0,73.54851547954604,,0,
70.0,2.0,3,161.90461101883557,109.882826,1,-52.02178501883557
71.0,2.0,3,251.6538599189371,,0,
72.0,2.0,3,334.66022388468264,,0,
73.0,2.0,3,399.9408673628932,,0,
74.0,2.0,3,437.29714887437876,890.925152,1,453.62800312562126
75.0,2.0,3,444.5238350990694,,0,
76.0,2.0,3,420.70667649962706,,0,
77.0,2.0,3,365.99861003051046,,0,
78.0,2.0,3,286.09795463463524,314.957705,1,28.859750365364732
79.0,2.0,3,191.93247628386598,,0,
80.0,2.0,3,93.7849756978685,,0,
81.0,2.0,3,-1.0114123596868012,,0,
82.0,2.0,3,-87.93595733330585,-110.070171,1,-22.13421366669415
83.0,2.0,3,-163.89124166802503,,0,
84.0,2.0,3,-227.72365490806988,,0,
85.0,2.0,3,-279.05019571987214,,0,
86.0,2.0,3,-318.30384701368166,-386.825535,1,-68.52168798631834
87.0,2.0,3,-345.39126457611565,,0,
88.0,2.0,3,-363.3938879316265,,0,
89.0,2.0,3,-374.39717596798437,,0,
90.0,2.0,3,-380.7333100074902,-332.069806,1,48.66350400749019
91.0,2.0,3,-384.9600689013023,,0,
92.0,2.0,3,-386.103442960768,,0,
93.0,2.0,3,-383.25600977637805,,0,
94.0,2.0,3,-376.1777160911588,-465.607626,1,-89.42990990884118
95.0,2.0,3,-364.469877258176,,0,
96.0,2.0,3,-353.0331746312295,,0,
97.0,2.0,3,-345.93006213518674,,0,
98.0,2.0,3,-345.767788073048,-201.021651,1,144.746137073048
99.0,2.0,3,-352.2058764282265,,0,
100.0,2.0,3,-363.56701254309155,,0,
101.0,2.0,3,-376.8654664395144,,0,
102.0,2.0,3,-390.2277515793685,-475.231743,1,-85.00399142063151
103.0,2.0,3,-402.4803116560215,,0,
104.0,2.0,3,-417.50203965065884,,0,
105.0,2.0,3,-436.7810031311237,,0,
106.0,2.0,3,-458.59556634217734,-398.174171,1,60.421395342177334
107.0,2.0,3,-479.8903083765181,,0,
108.0,2.0,3,-494.36447853498976,,0,
109.0,2.0,3,-498.79185289586894,,0,
110.0,2.0,3,-492.8902194625698,-616.895036,1,-124.0048165374302
111.0,2.0,3,-479.3235549207311,,0,
112.0,2.0,3,-461.03226568261744,,0,
113.0,2.0,3,-439.8378568722401,,0,
114.0,2.0,3,-416.93233662762213,-308.645127,1,108.28720962762213
115.0,2.0,3,-394.6010332554579,,0,
116.0,2.0,3,-369.93958474497776,,0,
117.0,2.0,3,-342.50044414255535,,0,
118.0,2.0,3,-313.8454434737214,-326.686436,1,-12.840992526278626
119.0,2.0,3,-286.7341817462584,,0,
120.0,2.0,3,-265.3748149276362,,0,
121.0,2.0,3,-252.70230696361978,,0,
122.0,2.0,3,-247.35597504180623,-319.216001,1,-71.86002595819377
123.0,2.0,3,-242.99120903154835,,0,
124.0,2.0,3,-233.45272624178324,,0,
125.0,2.0,3,-215.61838318093214,,0,
126.0,2.0,3,-190.02624113822822,-184.351821,1,5.674420138228214
127.0,2.0,3,-158.652795226546,,0,
128.0,2.0,3,-124.51703906001057,,0,
129.0,2.0,3,-95.02148323028814,,0,
130.0,2.0,3,-74.97697568067815,-106.959931,1,-31.982955319321846
131.0,2.0,3,-62.43888593884185,,0,
132.0,2.0,1,-54.72680758475326,,0,
133.0,2.0,1,-53.55013063503429,,0,
134.0,2.0,1,-59.95924960670527,-111.579532,1,-51.62028239329473
135.0,2.0,1,-73.79219112021383,,0,
136.0,2.0,1,-96.3956651018816,,0,
137.0,2.0,1,-122.68469632219058,,0,
138.0,2.0,1,-147.6909892189433,-112.741917,1,34.949072218943286
139.0,2.0,1,-169.879312136909,,0,
140.0,2.0,1,-187.5640516168205,,0,
141.0,2.0,1,-197.34715313999914,,0,
142.0,2.0,1,-198.6471866609063,-222.124311,1,-23.477124339093706
143.0,2.0,1,-193.4018180835992,,0,
144.0,2.0,1,-184.4279441619292,,0,
145.0,2.0,1,-171.1709519259166,,0,
146.0,2.0,1,-154.4753922126256,-148.884339,1,5.591053212625582
147.0,2.0,1,-137.46728971367702,,0,
148.0,2.0,1,-124.38878552697133,,0,
149.0,2.0,1,-121.98682108847424,,0,
150.0,2.0,1,-137.39555890625343,-38.13988,1,99.25567890625342
151.0,2.0,1,-170.93006551428698,,0,
152.0,2.0,1,-220.08412143797614,,0,
153.0,2.0,1,-280.50873393542133,,0,
154.0,2.0,1,-346.8300258938689,-497.932693,1,-151.1026671061311
155.0,2.0,1,-414.9697472685948,,0,
156.0,2.0,1,-480.78849315061234,,0,
157.0,2.0,1,-539.8880101230461,,0,
158.0,2.0,1,-587.9266326297075,-698.9366,1,-111.00996737029254
159.0,2.0,1,-620.0373320947401,,0,
160.0,2.0,1,-638.4015482513933,,0,
161.0,2.0,1,-644.2855247810949,,0,
162.0,2.0,1,-637.9804740378167,-649.31286,1,-11.332385962183253
163.0,2.0,1,-620.7654562657699,,0,
164.0,2.0,1,-594.0081596022937,,0,
165.0,2.0,1,-558.4370062886737,,0,
166.0,2.0,1,-515.3863333887421,-450.623618,1,64.76271538874204
167.0,2.0,1,-469.549953594571,,0,
168.0,2.0,1,-425.8093846347183,,0,
169.0,2.0,1,-387.0256184132304,,0,
170.0,2.0,2,-356.35867218347266,-308.368042,1,47.99063018347266
171.0,2.0,2,-338.4728124178946,,0,
172.0,2.0,2,-335.62356683728285,,0,
173.0,2.0,2,-347.4576198356226,,0,
174.0,2.0,2,-368.4684761259705,-444.925951,1,-76.45747487402951
175.0,2.0,2,-392.21811489225365,,0,
176.0,2.0,2,-413.2779098059982,,0,
177.0,2.0,2,-429.6700415185187,,0,
178.0,2.0,2,-440.36621605057735,-644.477731,1,-204.1115149494226
179.0,2.0,2,-448.01783092925325,,0,
180.0,2.0,2,-453.146623904584,,0,
181.0,2.0,2,-452.7346217005979,,0,
182.0,2.0,2,-444.95799846062437,-672.883836,1,-227.9258375393756
183.0,2.0,2,-434.19110873364843,,0,
184.0,2.0,2,-424.45681928494014,,0,
185.0,2.0,2,-417.3735505458899,,0,
186.0,2.0,2,-413.75324692297727,-294.835599,1,118.91764792297727
187.0,2.0,2,-414.8425894207321,,0,
188.0,2.0,2,-414.91588968387805,,0,
189.0,2.0,2,-410.06331425206736,,0,
190.0,2.0,2,-396.4170578317717,-613.131666,1,-216.71460816822832
191.0,2.0,2,-368.747158595128,,0,
192.0,2.0,2,-334.8689837830607,,0,
193.0,2.0,2,-299.34750746004283,,0,
194.0,2.0,2,-262.3397746216506,-365.065836,1,-102.72606137834941
195.0,2.0,2,-220.91404299438,,0,
196.0,2.0,2,-176.9688894879073,,0,
197.0,2.0,2,-130.00915672909468,,0,
198.0,2.0,2,-80.44034978048876,-260.520963,1,-180.08061321951124
199.0,2.0,2,-36.172067798208445,,0,
0.0,3.0,0,471.79756960179657,,0,
1.0,3.0,0,483.9947788310237,549.012753,1,65.01797416897625
2.0,3.0,0,495.60951279476285,,0,
3.0,3.0,0,502.338311730884,,0,
4.0,3.0,0,499.71173178451136,,0,
5.0,3.0,0,483.6597946304828,637.964308,1,154.30451336951717
6.0,3.0,0,449.2234057269525,,0,
7.0,3.0,0,400.31003708858043,,0,
8.0,3.0,0,339.55094574112445,,0,
9.0,3.0,0,269.08485806919634,332.979326,1,63.89446793080367
10.0,3.0,0,190.39910295652226,,0,
11.0,3.0,0,106.30314061790705,,0,
12.0,3.0,0,22.774142974056304,,0,
13.0,3.0,0,-53.21270855283365,-318.828084,1,-265.61537544716634
14.0,3.0,0,-112.50102985557169,,0,
15.0,3.0,0,-160.52332750195637,,0,
16.0,3.0,0,-199.7196994186379,,0,
17.0,3.0,0,-231.31770297093317,-300.926311,1,-69.60860802906683
18.0,3.0,0,-255.99449770525098,,0,
19.0,3.0,0,-278.412065628916,,0,
20.0,3.0,0,-302.55254289438017,,0,
21.0,3.0,0,-330.78606091137044,-283.500679,1,47.28538191137045
22.0,3.0,0,-362.0159115602728,,0,
23.0,3.0,0,-394.1628259625286,,0,
24.0,3.0,0,-424.046716527082,,0,
25.0,3.0,0,-448.89709529746324,-448.919,1,-0.02190470253674448
26.0,3.0,0,-466.72303369781,,0,
27.0,3.0,0,-475.8133031637408,,0,
28.0,3.0,0,-474.78190875891596,,0,
29.0,3.0,0,-462.28076883463655,-570.988468,1,-108.70769916536346
30.0,3.0,0,-436.4061125102453,,0,
31.0,3.0,0,-401.7824893691577,,0,
32.0,3.0,0,-361.6743597754976,,0,
33.0,3.0,0,-319.2713510214817,-405.54487,1,-86.27351897851833
34.0,3.0,0,-281.1124777102377,,0,
35.0,3.0,0,-254.4373713787645,,0,
36.0,3.0,0,-243.99927482521161,,0,
37.0,3.0,0,-252.28393552452326,-165.224073,1,87.05986252452325
38.0,3.0,0,-278.7031351332553,,0,
39.0,3.0,0,-316.963132284116,,0,
40.0,3.0,0,-362.22801716579124,,0,
41.0,3.0,0,-410.11975642619655,-562.743569,1,-152.62381257380343
42.0,3.0,0,-455.33389706886373,,0,
43.0,3.0,0,-501.396519172471,,0,
44.0,3.0,0,-549.5748714901274,,0,
45.0,3.0,0,-598.6997977008577,-662.601625,1,-63.90182729914227
46.0,3.0,0,-645.297520736116,,0,
47.0,3.0,0,-685.1366971007083,,0,
48.0,3.0,0,-717.2116164441686,,0,
49.0,3.0,0,-741.5529771583388,-707.43854,1,34.114437158338774
50.0,3.0,0,-758.641006687656,,0,
51.0,3.0,0,-766.1964584770612,,0,
52.0,3.0,0,-762.770822429331,,0,
53.0,3.0,0,-749.5725467198063,-630.204898,1,119.36764871980631
54.0,3.0,0,-729.8428431407083,,0,
55.0,3.0,0,-706.5961457144003,,0,
56.0,3.0,0,-679.6634752838872,,0,
57.0,3.0,0,-647.9482986447401,-756.821022,1,-108.87272335525984
58.0,3.0,0,-609.3184354989789,,0,
59.0,3.0,0,-566.9758120328188,,0,
60.0,3.0,0,-521.7872871839209,,0,
61.0,3.0,0,-473.0598633575137,-468.440649,1,4.61921435751367
62.0,3.0,0,-419.622429657029,,0,
63.0,3.0,0,-360.2519387891516,,0,
64.0,3.0,0,-295.7498837260064,,0,
65.0,3.0,0,-229.59509344038088,-48.957117,1,180.6379764403809
66.0,3.0,0,-166.39991784631275,,0,
67.0,3.0,0,-100.43015129026026,,0,
68.0,3.0,0,-28.606937701930292,,0,
69.0,3.0,0,50.05571410909761,22.475374,1,-27.58034010909761
70.0,3.0,3,135.2019470485393,,0,
71.0,3.0,3,224.25048349273857,,0,
72.0,3.0,3,309.90437423007097,,0,
73.0,3.0,3,379.65869366395054,695.273652,1,315.6149583360494
74.0,3.0,3,416.79439926252235,,0,
75.0,3.0,3,423.1772247599438,,0,
76.0,3.0,3,398.1751723625348,,0,
77.0,3.0,3,341.627054216282,452.382242,1,110.75518778371804
78.0,3.0,3,258.6435175666702,,0,
79.0,3.0,3,162.45186801312957,,0,
80.0,3.0,3,63.527962868945906,,0,
81.0,3.0,3,-30.990636981994612,-130.811804,1,-99.82116701800538
82.0,3.0,3,-116.56263865856454,,0,
83.0,3.0,3,-190.38063460309058,,0,
84.0,3.0,3,-250.69083657878218,,0,
85.0,3.0,3,-296.66873249341734,-453.617325,1,-156.94859250658266
86.0,3.0,3,-330.25470559700625,,0,
87.0,3.0,3,-353.68256272142753,,0,
88.0,3.0,3,-369.34963919915026,,0,
89.0,3.0,3,-379.0788699265104,-465.485028,1,-86.40615807348962
90.0,3.0,3,-385.482605505269,,0,
91.0,3.0,3,-389.98465826536994,,0,
92.0,3.0,3,-391.2122555410024,,0,
93.0,3.0,3,-387.40826016291976,-449.170623,1,-61.76236283708022
94.0,3.0,3,-378.9480976991472,,0,
95.0,3.0,3,-367.22472051077057,,0,
96.0,3.0,3,-355.51511945085076,,0,
97.0,3.0,3,-347.64936702599516,-256.0619,1,91.58746702599518
98.0,3.0,3,-348.5800752209034,,0,
99.0,3.0,3,-356.72979900368955,,0,
100.0,3.0,3,-368.935249614995,,0,
101.0,3.0,3,-381.3860356808873,-505.862818,1,-124.47678231911271
102.0,3.0,3,-393.43545006233035,,0,
103.0,3.0,3,-406.0685443121474,,0,
104.0,3.0,3,-423.2517878873041,,0,
105.0,3.0,3,-448.1675329206046,-255.141402,1,193.02613092060457
106.0,3.0,3,-477.13906491041416,,0,
107.0,3.0,3,-504.8238492808305,,0,
108.0,3.0,3,-525.2453712464048,,0,
109.0,3.0,3,-533.8305716038449,-609.627525,1,-75.79695339615512
110.0,3.0,3,-529.9515865351714,,0,
111.0,3.0,3,-518.3642918788828,,0,
112.0,3.0,3,-502.78757537167985,,0,
113.0,3.0,3,-485.6662369624246,-329.23385,1,156.43238696242457
114.0,3.0,3,-466.9104608743801,,0,
115.0,3.0,3,-446.0350414781424,,0,
116.0,3.0,3,-420.61850451969076,,0,
117.0,3.0,3,-389.1280018215766,-464.676743,1,-75.54874117842337
118.0,3.0,3,-354.64103693678044,,0,
119.0,3.0,3,-321.1977336249547,,0,
120.0,3.0,3,-293.10707510862267,,0,
121.0,3.0,3,-273.77131636813283,-151.327318,1,122.44399836813284
122.0,3.0,3,-262.8308240227052,,0,
123.0,3.0,3,-251.82308016205207,,0,
124.0,3.0,3,-235.19831470865756,,0,
125.0,3.0,3,-210.5220388182206,48.962097,1,259.4841358182206
126.0,3.0,3,-177.89799668022897,,0,
127.0,3.0,3,-139.4461122743087,,0,
128.0,3.0,3,-100.24224869557656,,0,
129.0,3.0,3,-68.05393638939131,60.115387,1,128.1693233893913
130.0,3.0,3,-47.98294639878441,,0,
131.0,3.0,3,-36.525445566512644,,0,
132.0,3.0,1,-32.84292290988378,,0,
133.0,3.0,1,-38.21276766748633,-8.445853,1,29.766914667486333
134.0,3.0,1,-51.8227264060406,,0,
135.0,3.0,1,-72.65809964516666,,0,
136.0,3.0,1,-99.60154120210791,,0,
137.0,3.0,1,-128.883671298041,-200.452593,1,-71.568921701959
138.0,3.0,1,-156.68575725331903,,0,
139.0,3.0,1,-182.64499363256618,,0,
140.0,3.0,1,-202.8972608166514,,0,
141.0,3.0,1,-212.52494203008246,-367.652247,1,-155.12730496991753
142.0,3.0,1,-213.18185948871542,,0,
143.0,3.0,1,-207.61096685845405,,0,
144.0,3.0,1,-196.30544889054727,,0,
145.0,3.0,1,-178.19245377578773,-309.537094,1,-131.3446402242123
146.0,3.0,1,-155.56031343515497,,0,
147.0,3.0,1,-131.9934070506133,,0,
148.0,3.0,1,-111.57965706812683,,0,
149.0,3.0,1,-101.35799813549966,166.472395,1,267.83039313549966
150.0,3.0,1,-113.68149406439625,,0,
151.0,3.0,1,-146.39106160018127,,0,
152.0,3.0,1,-197.80274509172887,,0,
153.0,3.0,1,-263.1070930638816,-335.376919,1,-72.26982593611837
154.0,3.0,1,-334.91868293774314,,0,
155.0,3.0,1,-409.73484674375504,,0,
156.0,3.0,1,-482.5754820469301,,0,
157.0,3.0,1,-547.7481895743404,-799.88764,1,-252.13945042565967
158.0,3.0,1,-601.2957372330129,,0,
159.0,3.0,1,-639.5130244835746,,0,
160.0,3.0,1,-661.8250231049024,,0,
161.0,3.0,1,-669.531980835367,-730.906792,1,-61.374811164633
162.0,3.0,1,-663.0836862060241,,0,
163.0,3.0,1,-645.3772485640366,,0,
164.0,3.0,1,-617.6288132392801,,0,
165.0,3.0,1,-579.9472349379212,-697.441316,1,-117.49408106207886
166.0,3.0,1,-532.7452668179758,,0,
167.0,3.0,1,-482.9142054908443,,0,
168.0,3.0,1,-435.00871431233827,,0,
169.0,3.0,1,-392.12253276305273,-152.474744,1,239.64778876305274
170.0,3.0,2,-357.39682161586825,,0,
171.0,3.0,2,-334.15601128246635,,0,
172.0,3.0,2,-324.4407339976169,,0,
173.0,3.0,2,-327.4458254375495,-424.878274,1,-97.43244856245047
174.0,3.0,2,-336.5266940295696,,0,
175.0,3.0,2,-348.631256369059,,0,
176.0,3.0,2,-360.73421448864974,,0,
177.0,3.0,2,-370.3865344352089,-612.211674,1,-241.82513956479113
178.0,3.0,2,-373.1800377230393,,0,
179.0,3.0,2,-376.71151324221864,,0,
180.0,3.0,2,-382.8379867542535,,0,
181.0,3.0,2,-388.2301592109725,-636.257718,1,-248.02755878902747
182.0,3.0,2,-386.11324298009276,,0,
183.0,3.0,2,-383.2970888123382,,0,
184.0,3.0,2,-382.36936457292177,,0,
185.0,3.0,2,-383.33408227795735,-354.885105,1,28.44897727795734
186.0,3.0,2,-387.03902037092485,,0,
187.0,3.0,2,-393.327941886615,,0,
188.0,3.0,2,-398.2019596095197,,0,
189.0,3.0,2,-396.7777506560087,-524.349584,1,-127.57183334399133
190.0,3.0,2,-384.4731867024675,,0,
191.0,3.0,2,-358.97422263165936,,0,
192.0,3.0,2,-324.59388997755013,,0,
193.0,3.0,2,-286.0476759066805,-285.080159,1,0.9675169066805438
194.0,3.0,2,-244.71502675302327,,0,
195.0,3.0,2,-200.67706246394664,,0,
196.0,3.0,2,-155.71338414214551,,0,
197.0,3.0,2,-110.16034704539925,-403.096189,1,-292.93584195460073
198.0,3.0,2,-60.48985513858497,,0,
199.0,3.0,2,-18.04715790087357,,0,
0.0,4.0,0,441.1740644625388,414.74216,1,-26.431904462538796
1.0,4.0,0,453.7331582417246,,0,
2.0,4.0,0,466.7015189775266,,0,
3.0,4.0,0,475.5073132282123,,0,
4.0,4.0,0,474.8269109937828,566.006328,1,91.17941700621725
5.0,4.0,0,460.4430393720977,,0,
6.0,4.0,0,429.5369176189415,,0,
7.0,4.0,0,383.69802429620177,,0,
8.0,4.0,0,325.83991062361747,275.633354,1,-50.20655662361747
9.0,4.0,0,259.2151414807886,,0,
10.0,4.0,0,184.92504603066482,,0,
11.0,4.0,0,106.61762438993901,,0,
12.0,4.0,0,30.162395399529487,-249.533889,1,-279.6962843995295
13.0,4.0,0,-39.03279547393322,,0,
14.0,4.0,0,-96.46632032422349,,0,
15.0,4.0,0,-143.224546442274,,0,
16.0,4.0,0,-181.0087072784081,-260.143065,1,-79.13435772159187
17.0,4.0,0,-211.93219943810254,,0,
18.0,4.0,0,-237.7573867395986,,0,
19.0,4.0,0,-261.3077551147435,,0,
20.0,4.0,0,-286.1312927384861,-166.041975,1,120.08931773848607
21.0,4.0,0,-316.51926725776866,,0,
22.0,4.0,0,-349.54288386099506,,0,
23.0,4.0,0,-382.7151816675905,,0,
24.0,4.0,0,-413.2486314070411,-451.497888,1,-38.249256592958886
25.0,4.0,0,-438.88135517854244,,0,
26.0,4.0,0,-457.66967773251235,,0,
27.0,4.0,0,-467.50267422082834,,0,
28.0,4.0,0,-466.20848821126856,-560.592405,1,-94.38391678873143
29.0,4.0,0,-452.27669051708654,,0,
30.0,4.0,0,-425.4771112970775,,0,
31.0,4.0,0,-389.1146270269528,,0,
32.0,4.0,0,-346.810923587298,-456.554188,1,-109.74326441270199
33.0,4.0,0,-300.50140836276114,,0,
34.0,4.0,0,-257.8545479311142,,0,
35.0,4.0,0,-225.01414460199885,,0,
36.0,4.0,0,-207.44691222265828,-90.977162,1,116.46975022265828
37.0,4.0,0,-210.60437828488648,,0,
38.0,4.0,0,-231.50588437845,,0,
39.0,4.0,0,-265.13025946985,,0,
40.0,4.0,0,-306.1505321392324,-303.360548,1,2.789984139232388
41.0,4.0,0,-349.63039166945964,,0,
42.0,4.0,0,-392.1901464788243,,0,
43.0,4.0,0,-434.7935654281173,,0,
44.0,4.0,0,-478.55880810308736,-553.552542,1,-74.99373389691266
45.0,4.0,0,-523.4692424058449,,0,
46.0,4.0,0,-567.9732472843025,,0,
47.0,4.0,0,-609.7296278858557,,0,
48.0,4.0,0,-646.8359565935098,-698.32284,1,-51.48688340649028
49.0,4.0,0,-677.1824288000353,,0,
50.0,4.0,0,-700.582361875684,,0,
51.0,4.0,0,-714.04239887523,,0,
52.0,4.0,0,-714.5985395901371,-845.953879,1,-131.35533940986295
53.0,4.0,0,-704.0220459995326,,0,
54.0,4.0,0,-685.5919074476114,,0,
55.0,4.0,0,-661.9350350401364,,0,
56.0,4.0,0,-634.2417021235451,-601.726968,1,32.514734123545054
57.0,4.0,0,-602.7020151624456,,0,
58.0,4.0,0,-567.1863128241384,,0,
59.0,4.0,0,-529.1563378214487,,0,
60.0,4.0,0,-489.0038592204219,-508.897726,1,-19.893866779578104
61.0,4.0,0,-445.4960111910477,,0,
62.0,4.0,0,-397.9673658873653,,0,
63.0,4.0,0,-345.7986302312929,,0,
64.0,4.0,0,-289.8554703902919,-230.046768,1,59.8087023902919
65.0,4.0,0,-233.64590289024636,,0,
66.0,4.0,0,-177.46091059298487,,0,
67.0,4.0,0,-118.4845753616537,,0,
68.0,4.0,0,-54.21949625230627,1.264026,1,55.48352225230627
69.0,4.0,0,17.682551404461265,,0,
70.0,4.0,3,97.92686572729144,,0,
71.0,4.0,3,184.4481509164907,,0,
72.0,4.0,3,270.1734931129031,249.287608,1,-20.885885112903082
73.0,4.0,3,340.47518778103404,,0,
74.0,4.0,3,381.4027451106813,,0,
75.0,4.0,3,389.460862459091,,0,
76.0,4.0,3,364.4625952531933,534.661096,1,170.19850074680676
77.0,4.0,3,305.0006024191389,,0,
78.0,4.0,3,221.06368697292055,,0,
79.0,4.0,3,124.92216405767249,,0,
80.0,4.0,3,27.739141523488797,-93.747729,1,-121.4868705234888
81.0,4.0,3,-63.47330995975062,,0,
82.0,4.0,3,-144.4474144274718,,0,
83.0,4.0,3,-212.8747247759602,,0,
84.0,4.0,3,-267.27322584885405,-386.881418,1,-119.60819215114594
85.0,4.0,3,-305.4429963126313,,0,
86.0,4.0,3,-332.14003541501006,,0,
87.0,4.0,3,-351.0873917223653,,0,
88.0,4.0,3,-364.85339696658775,-446.236615,1,-81.38321803341222
89.0,4.0,3,-373.89090201153886,,0,
90.0,4.0,3,-381.2839861205139,,0,
91.0,4.0,3,-387.1097556972527,,0,
92.0,4.0,3,-389.2018707288662,-471.466115,1,-82.2642442711338
93.0,4.0,3,-384.42069835821167,,0,
94.0,4.0,3,-374.9795973974251,,0,
95.0,4.0,3,-363.2946261689649,,0,
96.0,4.0,3,-352.3117028395063,-411.714047,1,-59.40234416049367
97.0,4.0,3,-344.8393374030711,,0,
98.0,4.0,3,-345.7589862695022,,0,
99.0,4.0,3,-355.0995840661344,,0,
100.0,4.0,3,-369.15228422805376,-516.903612,1,-147.7513277719462
101.0,4.0,3,-381.5015421786811,,0,
102.0,4.0,3,-394.06557046093803,,0,
103.0,4.0,3,-408.45546503923833,,0,
104.0,4.0,3,-428.2257739388151,-181.268461,1,246.9573129388151
105.0,4.0,3,-459.8248257912346,,0,
106.0,4.0,3,-495.25637194441515,,0,
107.0,4.0,3,-528.4205456938944,,0,
108.0,4.0,3,-553.6079142258095,-685.88541,1,-132.27749577419047
109.0,4.0,3,-564.4782707204577,,0,
110.0,4.0,3,-563.7463207720139,,0,
111.0,4.0,3,-555.3806053868029,,0,
112.0,4.0,3,-543.2460536336002,-436.763768,1,106.48228563360021
113.0,4.0,3,-531.1432634714292,,0,
114.0,4.0,3,-515.9964913105941,,0,
115.0,4.0,3,-495.84249710990116,,0,
116.0,4.0,3,-469.34171962278197,-635.125215,1,-165.78349537721806
117.0,4.0,3,-433.6247436570702,,0,
118.0,4.0,3,-394.5864455444389,,0,
119.0,4.0,3,-356.3544269561535,,0,
120.0,4.0,3,-323.35695244098315,-189.371493,1,133.98545944098316
121.0,4.0,3,-300.8884340131772,,0,
122.0,4.0,3,-284.40300085709896,,0,
123.0,4.0,3,-267.0490156185115,,0,
124.0,4.0,3,-243.82621232478414,-64.045324,1,179.78088832478414
125.0,4.0,3,-212.91646741132718,,0,
126.0,4.0,3,-174.49829862004844,,0,
127.0,4.0,3,-130.65054066141602,,0,
128.0,4.0,3,-86.78567368519725,110.573413,1,197.35908668519727
129.0,4.0,3,-53.374150867341086,,0,
130.0,4.0,3,-31.037785801803693,,0,
131.0,4.0,3,-19.101728658075444,,0,
132.0,4.0,1,-16.794872219092213,114.887707,1,131.68257921909222
133.0,4.0,1,-26.052497391356155,,0,
134.0,4.0,1,-43.18247888045153,,0,
135.0,4.0,1,-66.7329112587031,,0,
136.0,4.0,1,-95.12393740797415,-203.484901,1,-108.36096359202585
137.0,4.0,1,-123.89429740840569,,0,
138.0,4.0,1,-152.99118553311564,,0,
139.0,4.0,1,-181.34674533980433,,0,
140.0,4.0,1,-204.75169761257712,-490.761051,1,-286.0093533874229
141.0,4.0,1,-213.95631560240872,,0,
142.0,4.0,1,-214.89783182664542,,0,
143.0,4.0,1,-210.3604193769861,,0,
144.0,4.0,1,-199.98819708143128,-362.403101,1,-162.4149039185687
145.0,4.0,1,-179.96304440125823,,0,
146.0,4.0,1,-154.89791027049068,,0,
147.0,4.0,1,-128.34921930893324,,0,
148.0,4.0,1,-104.50304202432744,-145.059879,1,-40.55683697567255
149.0,4.0,1,-89.88688558840659,,0,
150.0,4.0,1,-94.1367165565025,,0,
151.0,4.0,1,-121.27516804565676,,0,
152.0,4.0,1,-171.95020423951792,-32.550694,1,139.39951023951792
153.0,4.0,1,-238.83556949184276,,0,
154.0,4.0,1,-314.13351087505,,0,
155.0,4.0,1,-393.29305218625814,,0,
156.0,4.0,1,-471.3523656898178,-596.03716,1,-124.68479431018216
157.0,4.0,1,-540.8584721904481,,0,
158.0,4.0,1,-599.9477650537156,,0,
159.0,4.0,1,-644.1348955885042,,0,
160.0,4.0,1,-669.8254897224251,-876.725123,1,-206.89963327757494
161.0,4.0,1,-679.0521164513193,,0,
162.0,4.0,1,-674.0912963692099,,0,
163.0,4.0,1,-657.0697288245428,,0,
164.0,4.0,1,-629.043510567164,-706.281823,1,-77.23831243283598
165.0,4.0,1,-589.1132483240217,,0,
166.0,4.0,1,-540.9654823996825,,0,
167.0,4.0,1,-489.85356075665914,,0,
168.0,4.0,1,-439.8143819581019,-160.95765,1,278.8567319581019
169.0,4.0,1,-393.8125768294558,,0,
170.0,4.0,2,-354.641855787253,,0,
171.0,4.0,2,-324.70482964161783,,0,
172.0,4.0,2,-305.59897467074916,-214.435663,1,91.16331167074915
173.0,4.0,2,-297.8334849894745,,0,
174.0,4.0,2,-295.4151380744297,,0,
175.0,4.0,2,-294.92592994496226,,0,
176.0,4.0,2,-294.3948776605539,-463.89431,1,-169.49943233944612
177.0,4.0,2,-292.3689188314602,,0,
178.0,4.0,2,-289.14212822029367,,0,
179.0,4.0,2,-290.0466762983706,,0,
180.0,4.0,2,-297.19289043638855,-419.837416,1,-122.64452556361147
181.0,4.0,2,-306.32458217442036,,0,
182.0,4.0,2,-313.85092464706395,,0,
183.0,4.0,2,-322.4930620416999,,0,
184.0,4.0,2,-333.5905168945901,-405.810432,1,-72.21991510540988
185.0,4.0,2,-345.07678922777995,,0,
186.0,4.0,2,-357.7905873937998,,0,
187.0,4.0,2,-370.67616272345185,,0,
188.0,4.0,2,-380.4847722942941,-282.285261,1,98.1995112942941
189.0,4.0,2,-381.8766178647056,,0,
190.0,4.0,2,-370.58652695047203,,0,
191.0,4.0,2,-345.59665843704715,,0,
192.0,4.0,2,-309.7737162159756,-279.528068,1,30.245648215975564
193.0,4.0,2,-267.73883368307725,,0,
194.0,4.0,2,-221.80355086852796,,0,
195.0,4.0,2,-173.80340225761756,,0,
196.0,4.0,2,-125.37147750845179,-349.476358,1,-224.10488049154822
197.0,4.0,2,-77.3742680712603,,0,
198.0,4.0,2,-31.655996534973383,,0,
199.0,4.0,2,5.155662898905575,,0,
0.0,5.0,0,407.06974795181304,,0,
1.0,5.0,0,418.7922765314579,,0,
2.0,5.0,0,432.6062172532547,,0,
3.0,5.0,0,443.68751373072155,511.678097,1,67.99058326927843
4.0,5.0,0,445.1204350825865,,0,
5.0,5.0,0,433.8090750342235,,0,
6.0,5.0,0,407.63872776785865,,0,
7.0,5.0,0,367.3257411373779,340.85417,1,-26.471571137377907
8.0,5.0,0,315.4147000638768,,0,
9.0,5.0,0,254.56470453646034,,0,
10.0,5.0,0,186.75891519710422,,0,
11.0,5.0,0,115.66502473480068,3.77773,1,-111.88729473480068
12.0,5.0,0,48.0678436930757,,0,
13.0,5.0,0,-14.222831230610609,,0,
14.0,5.0,0,-69.00054477807134,,0,
15.0,5.0,0,-115.68537282757461,-218.722695,1,-103.03732217242538
16.0,5.0,0,-153.39830149989575,,0,
17.0,5.0,0,-185.9832562636584,,0,
18.0,5.0,0,-215.21923339460045,,0,
19.0,5.0,0,-242.59202740876935,-179.443084,1,63.148943408769355
20.0,5.0,0,-270.88714695652016,,0,
21.0,5.0,0,-302.44032965647057,,0,
22.0,5.0,0,-336.26289300306235,,0,
23.0,5.0,0,-370.2008385641966,-401.438649,1,-31.237810435803397
24.0,5.0,0,-400.947796278866,,0,
25.0,5.0,0,-426.753257419914,,0,
26.0,5.0,0,-445.7611750366632,,0,
27.0,5.0,0,-455.76685705420095,-491.182171,1,-35.41531394579903
28.0,5.0,0,-453.5874583523255,,0,
29.0,5.0,0,-438.05940464511514,,0,
30.0,5.0,0,-409.288376406068,,0,
31.0,5.0,0,-370.13089805073105,-532.115218,1,-161.98431994926898
32.0,5.0,0,-324.46555548370816,,0,
33.0,5.0,0,-276.3063425044529,,0,
34.0,5.0,0,-231.20990564650856,,0,
35.0,5.0,0,-194.4134768282529,-210.014272,1,-15.600795171747109
36.0,5.0,0,-172.52125099068508,,0,
37.0,5.0,0,-169.80630052555352,,0,
38.0,5.0,0,-184.79578816331923,,0,
39.0,5.0,0,-213.09433418675326,-121.394036,1,91.70029818675326
40.0,5.0,0,-248.73714290256612,,0,
41.0,5.0,0,-286.655577625148,,0,
42.0,5.0,0,-324.4862361099804,,0,
43.0,5.0,0,-362.4527945361333,-392.649269,1,-30.196474463866707
44.0,5.0,0,-400.7568457790185,,0,
45.0,5.0,0,-440.8301993056666,,0,
46.0,5.0,0,-482.80905480508227,,0,
47.0,5.0,0,-525.2716335190926,-550.705665,1,-25.43403148090738
48.0,5.0,0,-565.9380146935582,,0,
49.0,5.0,0,-602.3205561931245,,0,
50.0,5.0,0,-632.3746495349333,,0,
51.0,5.0,0,-652.5716622974724,-813.100679,1,-160.52901670252766
52.0,5.0,0,-657.1060574569274,,0,
53.0,5.0,0,-649.3263546710368,,0,
54.0,5.0,0,-631.884978487913,,0,
55.0,5.0,0,-607.8594274800271,-634.683314,1,-26.823886519972916
56.0,5.0,0,-579.5024220806081,,0,
57.0,5.0,0,-548.9177623447031,,0,
58.0,5.0,0,-517.1218941899715,,0,
59.0,5.0,0,-484.88357744691893,-486.907401,1,-2.0238235530810584
60.0,5.0,0,-451.449620992993,,0,
61.0,5.0,0,-415.61823441972956,,0,
62.0,5.0,0,-376.76425926137017,,0,
63.0,5.0,0,-334.6337586554,-256.171319,1,78.46243965540003
64.0,5.0,0,-289.9028408047743,,0,
65.0,5.0,0,-243.8389289812185,,0,
66.0,5.0,0,-195.79250066250097,,0,
67.0,5.0,0,-143.8030342827551,-55.504049,1,88.2989852827551
68.0,5.0,0,-87.09058571816422,,0,
69.0,5.0,0,-21.655567827168852,,0,
70.0,5.0,3,53.700858971627895,,0,
71.0,5.0,3,137.4278618603712,-20.97952,1,-158.4073818603712
72.0,5.0,3,223.32795496680774,,0,
73.0,5.0,3,294.5306615247391,,0,
74.0,5.0,3,337.86857645743294,,0,
75.0,5.0,3,346.32629707927117,585.508702,1,239.1824049207288
76.0,5.0,3,319.5567961643683,,0,
77.0,5.0,3,260.23412276012823,,0,
78.0,5.0,3,177.1174674014619,,0,
79.0,5.0,3,82.47362565610092,5.017362,1,-77.45626365610092
80.0,5.0,3,-10.931270922534168,,0,
81.0,5.0,3,-96.50364266848192,,0,
82.0,5.0,3,-169.69363734591752,,0,
83.0,5.0,3,-228.82141124259215,-293.100989,1,-64.27957775740788
84.0,5.0,3,-273.35990300768754,,0,
85.0,5.0,3,-303.4187362752855,,0,
86.0,5.0,3,-322.64790652417287,,0,
87.0,5.0,3,-335.98830529511906,-320.372865,1,15.615440295119072
88.0,5.0,3,-346.920102052507,,0,
89.0,5.0,3,-357.0850271261297,,0,
90.0,5.0,3,-367.3208401904558,,0,
91.0,5.0,3,-375.64170746167656,-390.502309,1,-14.860601538323465
92.0,5.0,3,-378.62872719034203,,0,
93.0,5.0,3,-374.3485968656605,,0,
94.0,5.0,3,-364.50072437022754,,0,
95.0,5.0,3,-352.215801716171,-366.495217,1,-14.279415283829053
96.0,5.0,3,-340.816086914856,,0,
97.0,5.0,3,-333.7476878942689,,0,
98.0,5.0,3,-334.74396862255526,,0,
99.0,5.0,3,-344.8108234353713,-334.077201,1,10.733622435371274
100.0,5.0,3,-360.1741464006045,,0,
101.0,5.0,3,-376.2628715871833,,0,
102.0,5.0,3,-392.9495716014353,,0,
103.0,5.0,3,-412.5300119642052,-237.873867,1,174.6561449642052
104.0,5.0,3,-438.71136961109005,,0,
105.0,5.0,3,-473.8901265512104,,0,
106.0,5.0,3,-513.0973919212702,,0,
107.0,5.0,3,-549.3656890236307,-634.021944,1,-84.65625497636927
108.0,5.0,3,-576.4571872500819,,0,
109.0,5.0,3,-590.4515565785114,,0,
110.0,5.0,3,-593.1613891276938,,0,
111.0,5.0,3,-588.7753598516574,-498.738232,1,90.03712785165743
112.0,5.0,3,-581.1797014845652,,0,
113.0,5.0,3,-572.2843492586398,,0,
114.0,5.0,3,-558.9165724457125,,0,
115.0,5.0,3,-536.9219788287301,-745.767599,1,-208.84562017126996
116.0,5.0,3,-506.7671841030242,,0,
117.0,5.0,3,-469.6923768197885,,0,
118.0,5.0,3,-429.2340435422957,,0,
119.0,5.0,3,-389.16466307058,-360.126708,1,29.037955070579983
120.0,5.0,3,-354.9698657200788,,0,
121.0,5.0,3,-329.80019263143186,,0,
122.0,5.0,3,-309.61790681636194,,0,
123.0,5.0,3,-287.5114344940521,-315.1406,1,-27.629165505947924
124.0,5.0,3,-259.4102359076496,,0,
125.0,5.0,3,-224.53198346495628,,0,
126.0,5.0,3,-183.1834070777404,,0,
127.0,5.0,3,-137.60238704516087,154.516023,1,292.1184100451609
128.0,5.0,3,-92.76686007156968,,0,
129.0,5.0,3,-55.232347520883195,,0,
130.0,5.0,3,-28.8222529720515,,0,
131.0,5.0,3,-15.879928037524223,147.828265,1,163.7081930375242
132.0,5.0,1,-13.965864562895149,,0,
133.0,5.0,1,-21.37091314175632,,0,
134.0,5.0,1,-35.86017492564861,,0,
135.0,5.0,1,-55.614324657362886,-97.230791,1,-41.61646634263711
136.0,5.0,1,-79.1726313555846,,0,
137.0,5.0,1,-104.81833620450925,,0,
138.0,5.0,1,-131.77570420247503,,0,
139.0,5.0,1,-158.18190740922,-419.584519,1,-261.40261159078
140.0,5.0,1,-180.38785030087456,,0,
141.0,5.0,1,-193.05511815974023,,0,
142.0,5.0,1,-196.87309040868422,,0,
143.0,5.0,1,-194.75075405929238,-507.32273,1,-312.5719759407076
144.0,5.0,1,-186.8964105413179,,0,
145.0,5.0,1,-171.3678632103838,,0,
146.0,5.0,1,-149.42927498195786,,0,
147.0,5.0,1,-124.17199570219964,-50.263871,1,73.90812470219964
148.0,5.0,1,-99.79812025930732,,0,
149.0,5.0,1,-82.39563299412839,,0,
150.0,5.0,1,-79.76777668378782,,0,
151.0,5.0,1,-99.07874440820888,227.454103,1,326.5328474082089
152.0,5.0,1,-146.89609685982578,,0,
153.0,5.0,1,-211.30476430174895,,0,
154.0,5.0,1,-285.1948944297619,,0,
155.0,5.0,1,-363.88995433878154,-425.556834,1,-61.666879661218445
156.0,5.0,1,-442.37456054403447,,0,
157.0,5.0,1,-515.3584065817995,,0,
158.0,5.0,1,-579.3588605578989,,0,
159.0,5.0,1,-629.3690615007654,-869.466021,1,-240.09695949923457
160.0,5.0,1,-657.9605500719044,,0,
161.0,5.0,1,-670.2338586442638,,0,
162.0,5.0,1,-668.1100981747732,,0,
163.0,5.0,1,-652.8837543581612,-639.474539,1,13.409215358161191
164.0,5.0,1,-625.3523051401135,,0,
165.0,5.0,1,-586.2096795338439,,0,
166.0,5.0,1,-539.1432168727042,,0,
167.0,5.0,1,-489.12733621220104,-495.686903,1,-6.5595667877989285
168.0,5.0,1,-438.7072363391053,,0,
169.0,5.0,1,-390.4312841296196,,0,
170.0,5.0,2,-347.0152536910027,,0,
171.0,5.0,2,-310.5969437097665,-58.180375,1,252.4165687097665
172.0,5.0,2,-282.6651144819334,,0,
173.0,5.0,2,-263.13070332817733,,0,
174.0,5.0,2,-248.505540725193,,0,
175.0,5.0,2,-235.1105640064925,-255.240805,1,-20.1302409935075
176.0,5.0,2,-221.27947418345138,,0,
177.0,5.0,2,-207.59072021674365,,0,
178.0,5.0,2,-197.43635895079933,,0,
179.0,5.0,2,-196.55442088935524,-90.068265,1,106.48615588935525
180.0,5.0,2,-205.7850703992881,,0,
181.0,5.0,2,-219.10509942332283,,0,
182.0,5.0,2,-235.1946416607825,,0,
183.0,5.0,2,-255.92597907362506,-280.551353,1,-24.625373926374948
184.0,5.0,2,-279.7301249783486,,0,
185.0,5.0,2,-304.0857154424302,,0,
186.0,5.0,2,-327.82153068017215,,0,
187.0,5.0,2,-348.872270506341,-272.862661,1,76.00960950634101
188.0,5.0,2,-364.81964505882934,,0,
189.0,5.0,2,-369.34547298634425,,0,
190.0,5.0,2,-358.7885450766189,,0,
191.0,5.0,2,-333.01112886704504,-167.04769,1,165.96343886704506
192.0,5.0,2,-294.8381697370205,,0,
193.0,5.0,2,-248.44670988246799,,0,
194.0,5.0,2,-197.59977745753713,,0,
195.0,5.0,2,-145.18439414026216,-242.1875,1,-97.00310585973784
196.0,5.0,2,-92.46051034796983,,0,
197.0,5.0,2,-41.94946084078401,,0,
198.0,5.0,2,0.7096081400522962,,0,
199.0,5.0,2,29.797193307895213,325.610864,1,295.8136706921048
0.0,6.0,0,370.7830314328894,,0,
1.0,6.0,0,380.6532950922847,,0,
2.0,6.0,0,394.7822950009722,329.164381,1,-65.61791400097223
3.0,6.0,0,407.6360954437405,,0,
4.0,6.0,0,412.8670268978458,,0,
5.0,6.0,0,406.3577842731029,,0,
6.0,6.0,0,385.6935617704876,488.921369,1,103.22780722951245
7.0,6.0,0,352.0042238328606,,0,
8.0,6.0,0,307.6926650768146,,0,
9.0,6.0,0,254.98396983090788,,0,
10.0,6.0,0,196.113462457899,157.579066,1,-38.53439645789899
11.0,6.0,0,134.54077803168911,,0,
12.0,6.0,0,74.45494474424049,,0,
13.0,6.0,0,18.11536764074117,,0,
14.0,6.0,0,-32.9103158575017,-149.653174,1,-116.7428581424983
15.0,6.0,0,-78.1885514499154,,0,
16.0,6.0,0,-118.12453478691168,,0,
17.0,6.0,0,-154.8758180020377,,0,
18.0,6.0,0,-189.62767226656433,-220.181134,1,-30.553461733435654
19.0,6.0,0,-222.3671087503899,,0,
20.0,6.0,0,-254.87296292046085,,0,
21.0,6.0,0,-288.25131780747324,,0,
22.0,6.0,0,-322.34718575538136,-287.031044,1,35.31614175538135
23.0,6.0,0,-356.36240526428446,,0,
24.0,6.0,0,-387.23179155401886,,0,
25.0,6.0,0,-412.76623552432284,,0,
26.0,6.0,0,-431.04873567447066,-409.957431,1,21.091304674470678
27.0,6.0,0,-440.2068630050635,,0,
28.0,6.0,0,-437.3054517961573,,0,
29.0,6.0,0,-420.2299679222051,,0,
30.0,6.0,0,-388.23617192707025,-634.875658,1,-246.6394860729298
31.0,6.0,0,-344.9625452236505,,0,
32.0,6.0,0,-295.3844803760294,,0,
33.0,6.0,0,-244.74807943683118,,0,
34.0,6.0,0,-198.17795311135706,-329.865368,1,-131.68741488864293
35.0,6.0,0,-158.59437041834462,,0,
36.0,6.0,0,-134.04114469024353,,0,
37.0,6.0,0,-127.69455013028346,,0,
38.0,6.0,0,-138.37056934414431,-85.54626,1,52.82430934414431
39.0,6.0,0,-162.74433211493306,,0,
40.0,6.0,0,-193.64657172188163,,0,
41.0,6.0,0,-225.74511018581688,,0,
42.0,6.0,0,-257.2247342085466,-224.588886,1,32.63584820854658
43.0,6.0,0,-288.91340329369996,,0,
44.0,6.0,0,-320.9576355072204,,0,
45.0,6.0,0,-355.3327806896996,,0,
46.0,6.0,0,-393.9827004215913,-385.954208,1,8.028492421591295
47.0,6.0,0,-435.8790903427871,,0,
48.0,6.0,0,-478.70572102535516,,0,
49.0,6.0,0,-519.3691606884822,,0,
50.0,6.0,0,-554.1314577047015,-634.546445,1,-80.41498729529849
51.0,6.0,0,-578.6263528853888,,0,
52.0,6.0,0,-589.0673391473247,,0,
53.0,6.0,0,-585.3520556266885,,0,
54.0,6.0,0,-568.7760434385273,-645.35538,1,-76.5793365614727
55.0,6.0,0,-544.4383576421533,,0,
56.0,6.0,0,-516.987844109768,,0,
57.0,6.0,0,-489.2110615419224,,0,
58.0,6.0,0,-462.2438506592298,-407.239214,1,55.00463665922979
59.0,6.0,0,-437.0454191038152,,0,
60.0,6.0,0,-411.57044384558685,,0,
61.0,6.0,0,-384.71012046700343,,0,
62.0,6.0,0,-356.0732496854034,-336.127238,1,19.946011685403448
63.0,6.0,0,-325.2324969852343,,0,
64.0,6.0,0,-292.1488125426695,,0,
65.0,6.0,0,-256.8794159160461,,0,
66.0,6.0,0,-218.51217908324907,-222.920517,1,-4.408337916750924
67.0,6.0,0,-175.13020091468934,,0,
68.0,6.0,0,-124.29619606444612,,0,
69.0,6.0,0,-62.91329111135565,,0,
70.0,6.0,3,9.811994466930628,-156.439903,1,-166.25189746693061
71.0,6.0,3,94.01429683819879,,0,
72.0,6.0,3,178.4292172708083,,0,
73.0,6.0,3,249.1427583657205,,0,
74.0,6.0,3,293.3065858503687,443.941701,1,150.6351151496313
75.0,6.0,3,300.4649787163362,,0,
76.0,6.0,3,272.5065991996671,,0,
77.0,6.0,3,213.6759523935616,,0,
78.0,6.0,3,132.1550743202679,166.287622,1,34.13254767973211
79.0,6.0,3,40.5877737654082,,0,
80.0,6.0,3,-48.860098734498024,,0,
81.0,6.0,3,-127.6677702947054,,0,
82.0,6.0,3,-190.4229881580104,-266.075021,1,-75.65203284198958
83.0,6.0,3,-237.50008509599138,,0,
84.0,6.0,3,-270.59315803233767,,0,
85.0,6.0,3,-291.00881718238816,,0,
86.0,6.0,3,-301.6305190589337,-338.981163,1,-37.35064394106627
87.0,6.0,3,-309.07822687126463,,0,
88.0,6.0,3,-318.0890821685316,,0,
89.0,6.0,3,-330.5519851645222,,0,
90.0,6.0,3,-345.97100336727453,-260.881717,1,85.08928636727455
91.0,6.0,3,-358.5808577266289,,0,
92.0,6.0,3,-363.4099843346048,,0,
93.0,6.0,3,-359.3992542773485,,0,
94.0,6.0,3,-348.74145832624345,-338.491127,1,10.25033132624344
95.0,6.0,3,-335.02921645576134,,0,
96.0,6.0,3,-322.4256793835666,,0,
97.0,6.0,3,-314.97295153234154,,0,
98.0,6.0,3,-315.89847391159856,-241.334675,1,74.56379891159855
99.0,6.0,3,-327.35391317424364,,0,
100.0,6.0,3,-345.52321489926544,,0,
101.0,6.0,3,-366.7023969126167,,0,
102.0,6.0,3,-389.29875562910456,-397.625634,1,-8.326878370895429
103.0,6.0,3,-415.55475292913616,,0,
104.0,6.0,3,-448.25468591810204,,0,
105.0,6.0,3,-487.8478756965487,,0,
106.0,6.0,3,-530.4343159774144,-497.185663,1,33.248652977414395
107.0,6.0,3,-569.0379479974508,,0,
108.0,6.0,3,-597.4668210395903,,0,
109.0,6.0,3,-612.9429196123965,,0,
110.0,6.0,3,-617.4710271043878,-607.365869,1,10.105158104387783
111.0,6.0,3,-615.5303200181224,,0,
112.0,6.0,3,-610.4315999569371,,0,
113.0,6.0,3,-603.1217371669482,,0,
114.0,6.0,3,-590.5102755295229,-824.912947,1,-234.40267147047712
115.0,6.0,3,-565.1585441906354,,0,
116.0,6.0,3,-531.9383662062464,,0,
117.0,6.0,3,-493.7631505964091,,0,
118.0,6.0,3,-453.60852468645317,-580.996428,1,-127.38790331354687
119.0,6.0,3,-413.17913496587425,,0,
120.0,6.0,3,-379.3518785069755,,0,
121.0,6.0,3,-353.96425801864825,,0,
122.0,6.0,3,-333.1843779302435,-461.194791,1,-128.0104130697565
123.0,6.0,3,-308.8998151415726,,0,
124.0,6.0,3,-279.64046246086946,,0,
125.0,6.0,3,-244.26218479918316,,0,
126.0,6.0,3,-203.18785633106017,-193.588015,1,9.599841331060162
127.0,6.0,3,-158.7784018845996,,0,
128.0,6.0,3,-114.50966546765994,,0,
129.0,6.0,3,-74.61113882949576,,0,
130.0,6.0,3,-43.78865707863588,242.450723,1,286.2393800786359
131.0,6.0,3,-29.55722062778659,,0,
132.0,6.0,1,-24.569502770435065,,0,
133.0,6.0,1,-25.946451829979196,,0,
134.0,6.0,1,-32.491534421860706,-82.603657,1,-50.11212257813929
135.0,6.0,1,-42.48729167098645,,0,
136.0,6.0,1,-55.664951135462616,,0,
137.0,6.0,1,-72.58426074951421,,0,
138.0,6.0,1,-92.5653223672416,-181.535378,1,-88.9700556327584
139.0,6.0,1,-112.74564953404479,,0,
140.0,6.0,1,-132.9434136741329,,0,
141.0,6.0,1,-148.6803433658788,,0,
142.0,6.0,1,-155.86569367867196,-648.60919,1,-492.74349632132805
143.0,6.0,1,-158.24588694470003,,0,
144.0,6.0,1,-157.47065403941087,,0,
145.0,6.0,1,-151.16059393365867,,0,
146.0,6.0,1,-137.26700018858537,47.90611,1,185.17311018858538
147.0,6.0,1,-117.52314609242603,,0,
148.0,6.0,1,-95.85918103228323,,0,
149.0,6.0,1,-78.18057615775615,,0,
150.0,6.0,1,-72.42908640764654,34.488102,1,106.91718840764653
151.0,6.0,1,-88.32905602408573,,0,
152.0,6.0,1,-127.11703601229237,,0,
153.0,6.0,1,-182.86992609780282,,0,
154.0,6.0,1,-249.88628734112717,-247.418265,1,2.468022341127181
155.0,6.0,1,-323.28323915600777,,0,
156.0,6.0,1,-398.3447322375141,,0,
157.0,6.0,1,-470.6906587922713,,0,
158.0,6.0,1,-535.9130137696629,-597.946837,1,-62.03382323033702
159.0,6.0,1,-587.6096394364722,,0,
160.0,6.0,1,-622.6145185187925,,0,
161.0,6.0,1,-641.4184301509522,,0,
162.0,6.0,1,-644.307919869665,-809.775653,1,-165.46773313033498
163.0,6.0,1,-633.0998930667993,,0,
164.0,6.0,1,-609.0964570208453,,0,
165.0,6.0,1,-573.3435860150494,,0,
166.0,6.0,1,-529.0081989269238,-418.868252,1,110.13994692692381
167.0,6.0,1,-481.7879959512502,,0,
168.0,6.0,1,-431.97169830743223,,0,
169.0,6.0,2,-381.91580838826485,,0,
170.0,6.0,2,-334.6751513851341,-176.386403,1,158.28874838513408
171.0,6.0,2,-292.09765234729275,,0,
172.0,6.0,2,-255.40572452475317,,0,
173.0,6.0,2,-224.86585653596558,,0,
174.0,6.0,2,-198.7752389947418,-268.1251,1,-69.34986100525816
175.0,6.0,2,-173.53215568861924,,0,
176.0,6.0,2,-149.16348128428217,,0,
177.0,6.0,2,-126.53785449080169,,0,
178.0,6.0,2,-110.18378153862432,165.245786,1,275.4295675386243
179.0,6.0,2,-109.88132742070593,,0,
180.0,6.0,2,-120.22052679443732,,0,
181.0,6.0,2,-136.92022334621288,,0,
182.0,6.0,2,-159.5356221018592,10.40072,1,169.9363421018592
183.0,6.0,2,-191.64230566564947,,0,
184.0,6.0,2,-227.8033023988828,,0,
185.0,6.0,2,-264.9087743200362,,0,
186.0,6.0,2,-300.9949692529626,-273.516258,1,27.478711252962626
187.0,6.0,2,-332.02780922548845,,0,
188.0,6.0,2,-353.74218389298767,,0,
189.0,6.0,2,-361.04551541339606,,0,
190.0,6.0,2,-350.49056696961634,-164.45119,1,186.03937696961634
191.0,6.0,2,-322.9870507409796,,0,
192.0,6.0,2,-281.8378409524448,,0,
193.0,6.0,2,-231.44303914299235,,0,
194.0,6.0,2,-176.5044653476216,-87.196321,1,89.30814434762159
195.0,6.0,2,-121.11774750752375,,0,
196.0,6.0,2,-65.3012101589702,,0,
197.0,6.0,2,-13.225340552162379,,0,
198.0,6.0,2,27.195166531484574,343.010103,1,315.81493646851544
199.0,6.0,2,48.21263692621142,,0,
0.0,7.0,0,335.5614536702633,,0,
1.0,7.0,0,342.873800965026,168.522804,1,-174.350996965026
2.0,7.0,0,357.2393563736696,,0,
3.0,7.0,0,371.35054036416113,,0,
4.0,7.0,0,379.85896014701575,,0,
5.0,7.0,0,378.58040625276044,474.979634,1,96.39922774723954
6.0,7.0,0,363.4565275593195,,0,
7.0,7.0,0,336.92801592778414,,0,
8.0,7.0,0,301.1561401565559,,0,
9.0,7.0,0,258.0136979483068,264.9387,1,6.925002051693184
10.0,7.0,0,209.32252229144797,,0,
11.0,7.0,0,157.57075819605961,,0,
12.0,7.0,0,105.2474277606234,,0,
13.0,7.0,0,54.47607217589393,9.081249,1,-45.39482317589393
14.0,7.0,0,7.399106091354042,,0,
15.0,7.0,0,-36.729852492921054,,0,
16.0,7.0,0,-79.05405783466995,,0,
17.0,7.0,0,-121.00586965866387,-99.120561,1,21.885308658663874
18.0,7.0,0,-162.1425613090396,,0,
19.0,7.0,0,-201.36943611432798,,0,
20.0,7.0,0,-238.6544672457967,,0,
21.0,7.0,0,-274.54742921656,-245.691707,1,28.85572221655997
22.0,7.0,0,-309.40816597477533,,0,
23.0,7.0,0,-342.8822346199304,,0,
24.0,7.0,0,-373.17775778798386,,0,
25.0,7.0,0,-397.9187521808781,-314.87759,1,83.04116218087808
26.0,7.0,0,-414.8538401009282,,0,
27.0,7.0,0,-421.931624947465,,0,
28.0,7.0,0,-417.0611634887755,,0,
29.0,7.0,0,-398.0852203317918,-540.692186,1,-142.6069656682082
30.0,7.0,0,-361.90749877295457,,0,
31.0,7.0,0,-314.0965739954263,,0,
32.0,7.0,0,-259.8462285026908,,0,
33.0,7.0,0,-205.00496139377356,-383.464866,1,-178.45990460622642
34.0,7.0,0,-155.120864592609,,0,
35.0,7.0,0,-115.09133403538726,,0,
36.0,7.0,0,-90.56992231239565,,0,
37.0,7.0,0,-83.84057638468221,-148.095625,1,-64.2550486153178
38.0,7.0,0,-93.53131690388545,,0,
39.0,7.0,0,-115.71392122167163,,0,
40.0,7.0,0,-143.41232235124335,,0,
41.0,7.0,0,-170.2445355677046,-160.147101,1,10.097434567704596
42.0,7.0,0,-195.56496119417716,,0,
43.0,7.0,0,-220.4608626779518,,0,
44.0,7.0,0,-245.647670227685,,0,
45.0,7.0,0,-273.1959881517105,-169.807067,1,103.38892115171049
46.0,7.0,0,-307.3107314541703,,0,
47.0,7.0,0,-346.7342902771197,,0,
48.0,7.0,0,-389.90387675142847,,0,
49.0,7.0,0,-432.92689780611545,-446.61797,1,-13.691072193884565
50.0,7.0,0,-470.4723185633775,,0,
51.0,7.0,0,-498.0110769449966,,0,
52.0,7.0,0,-512.4577268968569,,0,
53.0,7.0,0,-512.8322142215911,-718.205912,1,-205.37369777840888
54.0,7.0,0,-497.0726464848849,,0,
55.0,7.0,0,-473.85782626393484,,0,
56.0,7.0,0,-449.09999567386694,,0,
57.0,7.0,0,-426.53526278492063,-358.846686,1,67.68857678492066
58.0,7.0,0,-406.4956195765408,,0,
59.0,7.0,0,-388.5338517667842,,0,
60.0,7.0,0,-371.29432706255466,,0,
61.0,7.0,0,-353.6233202079311,-331.816754,1,21.8065662079311
62.0,7.0,0,-335.4890596707701,,0,
63.0,7.0,0,-315.8171483327169,,0,
64.0,7.0,0,-293.8820229778066,,0,
65.0,7.0,0,-269.2081128230784,-256.697075,1,12.511037823078425
66.0,7.0,0,-240.70266160654137,,0,
67.0,7.0,0,-205.97746072226437,,0,
68.0,7.0,0,-160.6418032241054,,0,
69.0,7.0,0,-100.2860555741936,-297.806931,1,-197.52087542580642
70.0,7.0,0,-26.299366517923772,,0,
71.0,7.0,3,56.87147003796417,,0,
72.0,7.0,3,139.16954438830726,,0,
73.0,7.0,3,207.67114894092083,128.911871,1,-78.75927794092084
74.0,7.0,3,249.88721282815095,,0,
75.0,7.0,3,256.8990378496819,,0,
76.0,7.0,3,228.26761083537713,,0,
77.0,7.0,3,169.56455261912197,255.98468,1,86.42012738087803
78.0,7.0,3,88.98255727684591,,0,
79.0,7.0,3,0.884265080007026,,0,
80.0,7.0,3,-82.81699868256692,,0,
81.0,7.0,3,-153.64187386236154,-340.790624,1,-187.14875013763844
82.0,7.0,3,-203.90488718246343,,0,
83.0,7.0,3,-237.6490897666663,,0,
84.0,7.0,3,-258.0073246463435,,0,
85.0,7.0,3,-267.8107795600081,-441.770505,1,-173.95972543999193
86.0,7.0,3,-268.85303343326086,,0,
87.0,7.0,3,-271.822026126727,,0,
88.0,7.0,3,-281.83001215197146,,0,
89.0,7.0,3,-298.769492952968,-90.67008,1,208.099412952968
90.0,7.0,3,-322.05156601656927,,0,
91.0,7.0,3,-340.02539586584317,,0,
92.0,7.0,3,-346.64041566167725,,0,
93.0,7.0,3,-341.9660177071346,-326.936853,1,15.029164707134612
94.0,7.0,3,-329.52805917485966,,0,
95.0,7.0,3,-313.37406786257634,,0,
96.0,7.0,3,-298.69651771883946,,0,
97.0,7.0,3,-290.6950249930378,-239.81664,1,50.8783849930378
98.0,7.0,3,-292.30371551096323,,0,
99.0,7.0,3,-304.59844952390995,,0,
100.0,7.0,3,-325.73613246294553,,0,
101.0,7.0,3,-352.58774055563845,-460.321733,1,-107.73399244436155
102.0,7.0,3,-381.4055476147623,,0,
103.0,7.0,3,-414.8671146639972,,0,
104.0,7.0,3,-454.5018596854061,,0,
105.0,7.0,3,-499.8764757810277,-448.198592,1,51.677883781027674
106.0,7.0,3,-547.0263692438893,,0,
107.0,7.0,3,-588.2551033886848,,0,
108.0,7.0,3,-617.6014993182034,,0,
109.0,7.0,3,-632.3789962285664,-735.554584,1,-103.17558777143358
110.0,7.0,3,-636.0787366810837,,0,
111.0,7.0,3,-633.7621598094702,,0,
112.0,7.0,3,-628.3664941471943,,0,
113.0,7.0,3,-619.5300277938513,-824.361589,1,-204.83156120614865
114.0,7.0,3,-603.8594363701704,,0,
115.0,7.0,3,-577.9347842565621,,0,
116.0,7.0,3,-543.5937993085827,,0,
117.0,7.0,3,-503.75318304856773,-695.418244,1,-191.66506095143222
118.0,7.0,3,-462.4540663365333,,0,
119.0,7.0,3,-423.79539500456303,,0,
120.0,7.0,3,-392.34262933256105,,0,
121.0,7.0,3,-368.7519115237519,-397.99708,1,-29.245168476248068
122.0,7.0,3,-349.09383368404815,,0,
123.0,7.0,3,-327.8247536951676,,0,
124.0,7.0,3,-301.8140960515011,,0,
125.0,7.0,3,-269.3299636633601,-415.580269,1,-146.25030533663988
126.0,7.0,3,-231.40442412742414,,0,
127.0,7.0,3,-190.3402739922749,,0,
128.0,7.0,3,-148.95139875815948,,0,
129.0,7.0,3,-110.86677791620605,41.928143,1,152.79492091620605
130.0,7.0,3,-80.63114264723845,,0,
131.0,7.0,3,-61.39098248281516,,0,
132.0,7.0,1,-49.515139928786084,,0,
133.0,7.0,1,-41.52537955157459,36.982247,1,78.50762655157459
134.0,7.0,1,-36.56644971348578,,0,
135.0,7.0,1,-31.80834111419972,,0,
136.0,7.0,1,-28.723509175237268,,0,
137.0,7.0,1,-30.593951477203518,149.361714,1,179.95566547720352
138.0,7.0,1,-36.51973697298672,,0,
139.0,7.0,1,-46.14433328504674,,0,
140.0,7.0,1,-61.13529497489799,,0,
141.0,7.0,1,-78.76839716511313,-477.895147,1,-399.1267498348869
142.0,7.0,1,-88.57474140857812,,0,
143.0,7.0,1,-98.82932962640189,,0,
144.0,7.0,1,-110.01568361907266,,0,
145.0,7.0,1,-118.05888875969686,-224.675826,1,-106.61693724030314
146.0,7.0,1,-116.79657708341256,,0,
147.0,7.0,1,-106.910865169717,,0,
148.0,7.0,1,-91.15438849967904,,0,
149.0,7.0,1,-75.90973113267682,121.456313,1,197.36604413267682
150.0,7.0,1,-69.91069203056395,,0,
151.0,7.0,1,-80.75077323708683,,0,
152.0,7.0,1,-109.5986254956224,,0,
153.0,7.0,1,-153.15536024584435,-97.214805,1,55.94055524584435
154.0,7.0,1,-209.40354929794557,,0,
155.0,7.0,1,-273.6440109205432,,0,
156.0,7.0,1,-341.56586295715533,,0,
157.0,7.0,1,-409.0655363643309,-458.080175,1,-49.01463863566909
158.0,7.0,1,-471.64825278834905,,0,
159.0,7.0,1,-524.6211920999922,,0,
160.0,7.0,1,-565.4015210337238,,0,
161.0,7.0,1,-592.4898633747362,-737.165172,1,-144.67530862526382
162.0,7.0,1,-602.2584814880975,,0,
163.0,7.0,1,-598.1503798088524,,0,
164.0,7.0,1,-581.2555081658065,,0,
165.0,7.0,1,-552.1870654392987,-521.194875,1,30.992190439298724
166.0,7.0,1,-513.8897282116814,,0,
167.0,7.0,1,-469.66633407236077,,0,
168.0,7.0,1,-420.6766095912317,,0,
169.0,7.0,2,-369.1301079604309,-325.650114,1,43.47999396043093
170.0,7.0,2,-318.62877763295546,,0,
171.0,7.0,2,-270.1900561279617,,0,
172.0,7.0,2,-225.01439678668976,,0,
173.0,7.0,2,-184.10357702942565,-211.73033,1,-27.62675297057436
174.0,7.0,2,-147.41099577315617,,0,
175.0,7.0,2,-113.94266518834047,,0,
176.0,7.0,2,-83.27740322879981,,0,
177.0,7.0,2,-56.26708672801033,-26.017899,1,30.249187728010327
178.0,7.0,2,-38.493274938780814,,0,
179.0,7.0,2,-35.79331876221113,,0,
180.0,7.0,2,-46.16670288471505,,0,
181.0,7.0,2,-66.12935693562031,92.987468,1,159.11682493562031
182.0,7.0,2,-96.06648118421435,,0,
183.0,7.0,2,-136.62653513764963,,0,
184.0,7.0,2,-183.60152649716474,,0,
185.0,7.0,2,-232.16427754005417,-108.168893,1,123.99538454005418
186.0,7.0,2,-280.0946557840798,,0,
187.0,7.0,2,-319.8742528865114,,0,
188.0,7.0,2,-346.5210288320668,,0,
189.0,7.0,2,-355.9326255908236,-434.133817,1,-78.20119140917643
190.0,7.0,2,-344.4474784217309,,0,
191.0,7.0,2,-314.8567854212597,,0,
192.0,7.0,2,-271.1626715888269,,0,
193.0,7.0,2,-218.3662423696369,-145.212145,1,73.1540973696369
194.0,7.0,2,-162.58695522788912,,0,
195.0,7.0,2,-105.71667603868991,,0,
196.0,7.0,2,-49.41797085106373,,0,
197.0,7.0,2,1.299760146299377,239.757915,1,238.45815485370062
198.0,7.0,2,35.23943412001245,,0,
199.0,7.0,2,53.846621066797525,,0,
0.0,8.0,0,304.8197777271271,100.608673,1,-204.21110472712706
1.0,8.0,0,311.81903055869043,,0,
2.0,8.0,0,323.9373923528474,,0,
3.0,8.0,0,337.1685247441055,,0,
4.0,8.0,0,346.9762347028591,423.69887,1,76.72263529714093
5.0,8.0,0,348.8518558642827,,0,
6.0,8.0,0,339.8335046998691,,0,
7.0,8.0,0,320.7648383206688,,0,
8.0,8.0,0,293.6698550712317,277.826875,1,-15.84298007123175
9.0,8.0,0,260.28682648483664,,0,
10.0,8.0,0,222.00930580915883,,0,
11.0,8.0,0,180.1085928705288,,0,
12.0,8.0,0,135.89192653424107,125.878973,1,-10.012953534241063
13.0,8.0,0,91.1308952672407,,0,
14.0,8.0,0,47.08280042046681,,0,
15.0,8.0,0,3.4137602830305696,,0,
16.0,8.0,0,-41.13637504936196,23.484405,1,64.62078004936195
17.0,8.0,0,-88.50159509154037,,0,
18.0,8.0,0,-136.36300394730642,,0,
19.0,8.0,0,-182.22459512762725,,0,
20.0,8.0,0,-224.24111563130282,-213.038226,1,11.20288963130281
21.0,8.0,0,-262.64069675887004,,0,
22.0,8.0,0,-298.0499331462197,,0,
23.0,8.0,0,-330.72236304637045,,0,
24.0,8.0,0,-359.957596556982,-249.076177,1,110.88141955698202
25.0,8.0,0,-383.20567152183503,,0,
26.0,8.0,0,-397.7745203883387,,0,
27.0,8.0,0,-401.44128379784524,,0,
28.0,8.0,0,-392.3720140563091,-383.442378,1,8.929636056309107
29.0,8.0,0,-368.82140888646245,,0,
30.0,8.0,0,-329.7805510684848,,0,
31.0,8.0,0,-278.3283794783056,,0,
32.0,8.0,0,-219.15278616792057,-470.685461,1,-251.5326748320794
33.0,8.0,0,-159.71541574667208,,0,
34.0,8.0,0,-106.93786479556002,,0,
35.0,8.0,0,-66.77121209725738,,0,
36.0,8.0,0,-44.185578537755646,-140.020799,1,-95.83522046224437
37.0,8.0,0,-39.33700389834121,,0,
38.0,8.0,0,-49.898259335896,,0,
39.0,8.0,0,-71.82281691581011,,0,
40.0,8.0,0,-98.55347487726249,-275.106316,1,-176.5528411227375
41.0,8.0,0,-121.32842403976247,,0,
42.0,8.0,0,-142.06418322678655,,0,
43.0,8.0,0,-161.75119375041686,,0,
44.0,8.0,0,-181.32950015214738,-97.739994,1,83.58950615214738
45.0,8.0,0,-202.94007652718574,,0,
46.0,8.0,0,-229.73131620581262,,0,
47.0,8.0,0,-263.74779186584055,,0,
48.0,8.0,0,-305.271343342145,-213.074032,1,92.19731134214499
49.0,8.0,0,-348.4059152445989,,0,
50.0,8.0,0,-386.8147453824058,,0,
51.0,8.0,0,-415.2933617893141,,0,
52.0,8.0,0,-429.859538954217,-666.610001,1,-236.75046204578302
53.0,8.0,0,-430.54308396734996,,0,
54.0,8.0,0,-418.72611994692124,,0,
55.0,8.0,0,-399.7975226812996,,0,
56.0,8.0,0,-379.65585310943425,-256.941192,1,122.71466110943425
57.0,8.0,0,-364.05001458362676,,0,
58.0,8.0,0,-351.30120275355875,,0,
59.0,8.0,0,-340.7318879608065,,0,
60.0,8.0,0,-331.67353611119324,-355.138664,1,-23.465127888806762
61.0,8.0,0,-322.99551819078624,,0,
62.0,8.0,0,-314.5904720972758,,0,
63.0,8.0,0,-305.1437329878099,,0,
64.0,8.0,0,-293.0632263320731,-202.762603,1,90.30062333207309
65.0,8.0,0,-277.7077857168624,,0,
66.0,8.0,0,-257.8186854008818,,0,
67.0,8.0,0,-230.60311078792438,,0,
68.0,8.0,0,-190.80589264945593,-420.51147,1,-229.70557735054405
69.0,8.0,0,-130.35997425654205,,0,
70.0,8.0,0,-55.466917693964206,,0,
71.0,8.0,3,27.07986838161014,,0,
72.0,8.0,3,107.78234978881665,22.571104,1,-85.21124578881665
73.0,8.0,3,174.20173854281893,,0,
74.0,8.0,3,214.74088076525368,,0,
75.0,8.0,3,220.778381117736,,0,
76.0,8.0,3,189.72977708504186,433.652139,1,243.92236191495812
77.0,8.0,3,128.83316858805483,,0,
78.0,8.0,3,49.328900217078626,,0,
79.0,8.0,3,-34.509673413820565,,0,
80.0,8.0,3,-109.50900374574121,-309.258947,1,-199.74994325425877
81.0,8.0,3,-168.50118469266454,,0,
82.0,8.0,3,-207.6419489857508,,0,
83.0,8.0,3,-228.5199239226058,,0,
84.0,8.0,3,-234.6374172182259,-494.133722,1,-259.4963047817741
85.0,8.0,3,-231.0787754888006,,0,
86.0,8.0,3,-224.5852686620783,,0,
87.0,8.0,3,-225.921550736879,,0,
88.0,8.0,3,-241.92429656081367,27.236759,1,269.1610555608137
89.0,8.0,3,-268.88693295640405,,0,
90.0,8.0,3,-299.4276653955458,,0,
91.0,8.0,3,-322.1180785355391,,0,
92.0,8.0,3,-329.3145465799753,-458.539858,1,-129.2253114200247
93.0,8.0,3,-323.10554675951425,,0,
94.0,8.0,3,-308.0821671865415,,0,
95.0,8.0,3,-288.77110116998665,,0,
96.0,8.0,3,-271.0161388560373,-194.441319,1,76.5748198560373
97.0,8.0,3,-261.9191811293131,,0,
98.0,8.0,3,-263.45168584102066,,0,
99.0,8.0,3,-276.4371659763856,,0,
100.0,8.0,3,-299.8567820831522,-349.460284,1,-49.60350191684779
101.0,8.0,3,-331.2201656374382,,0,
102.0,8.0,3,-368.06757317949086,,0,
103.0,8.0,3,-410.28601145383436,,0,
104.0,8.0,3,-458.01138723039185,-361.868383,1,96.14300423039185
105.0,8.0,3,-511.1076945994282,,0,
106.0,8.0,3,-562.6663839411631,,0,
107.0,8.0,3,-605.7871530652046,,0,
108.0,8.0,3,-635.414210047893,-784.919561,1,-149.50535095210705
109.0,8.0,3,-647.5448674315703,,0,
110.0,8.0,3,-648.469921610289,,0,
111.0,8.0,3,-643.8247732084856,,0,
112.0,8.0,3,-636.64020839773,-605.981701,1,30.658507397729977
113.0,8.0,3,-624.9021842370857,,0,
114.0,8.0,3,-605.7067827654537,,0,
115.0,8.0,3,-578.0163678774843,,0,
116.0,8.0,3,-542.9408739930077,-644.982,1,-102.04112600699227
117.0,8.0,3,-501.38967371557374,,0,
118.0,8.0,3,-459.5103853342298,,0,
119.0,8.0,3,-422.67615848913556,,0,
120.0,8.0,3,-395.09161908191163,-336.025013,1,59.06660608191163
121.0,8.0,3,-375.3182468103478,,0,
122.0,8.0,3,-359.40250974695664,,0,
123.0,8.0,3,-343.2574416890275,,0,
124.0,8.0,3,-323.2812078471761,-411.290371,1,-88.00916315282387
125.0,8.0,3,-295.861344096018,,0,
126.0,8.0,3,-263.20754798012786,,0,
127.0,8.0,3,-227.4040590976947,,0,
128.0,8.0,3,-190.75379366485868,-218.931935,1,-28.178141335141333
129.0,8.0,3,-156.73464590869844,,0,
130.0,8.0,3,-128.26994744490366,,0,
131.0,8.0,3,-105.94785423122812,,0,
132.0,8.0,1,-87.45230494136922,-53.345428,1,34.10687694136922
133.0,8.0,1,-70.26710221834946,,0,
134.0,8.0,1,-51.3178552876343,,0,
135.0,8.0,1,-28.76123684004415,,0,
136.0,8.0,1,-4.6512630810029805,226.690941,1,231.342204081003
137.0,8.0,1,13.518825502949767,,0,
138.0,8.0,1,28.456757993553765,,0,
139.0,8.0,1,37.359002447803505,,0,
140.0,8.0,1,35.53533407940995,30.491239,1,-5.044095079409949
141.0,8.0,1,24.18675360782072,,0,
142.0,8.0,1,7.310156355670188,,0,
143.0,8.0,1,-15.87883626227267,,0,
144.0,8.0,1,-43.00188026204705,-327.390846,1,-284.38896573795296
145.0,8.0,1,-68.93008966767229,,0,
146.0,8.0,1,-86.49137294664979,,0,
147.0,8.0,1,-91.06387777952477,,0,
148.0,8.0,1,-83.42024363623932,156.504944,1,239.92518763623931
149.0,8.0,1,-71.51102443085983,,0,
150.0,8.0,1,-64.85462365037529,,0,
151.0,8.0,1,-70.46911801537499,,0,
152.0,8.0,1,-90.12640753248706,-180.226308,1,-90.09990046751292
153.0,8.0,1,-121.16386941075325,,0,
154.0,8.0,1,-164.180810109945,,0,
155.0,8.0,1,-216.58028589794412,,0,
156.0,8.0,1,-274.61466266575735,-369.336087,1,-94.72142433424267
157.0,8.0,1,-334.62692282209173,,0,
158.0,8.0,1,-392.7927019717172,,0,
159.0,8.0,1,-445.38027526414953,,0,
160.0,8.0,1,-489.48449651151896,-462.960699,1,26.52379751151898
161.0,8.0,1,-522.7594067757018,,0,
162.0,8.0,1,-542.0743064132985,,0,
163.0,8.0,1,-547.9459090813762,,0,
164.0,8.0,1,-541.0769505009521,-600.542972,1,-59.46602149904788
165.0,8.0,1,-520.9949647341855,,0,
166.0,8.0,1,-490.6328587710159,,0,
167.0,8.0,1,-451.65886712633073,,0,
168.0,8.0,1,-404.8720685557928,-315.669913,1,89.20215555579279
169.0,8.0,2,-353.37550272769295,,0,
170.0,8.0,2,-300.2566039788071,,0,
171.0,8.0,2,-246.78267681528814,,0,
172.0,8.0,2,-194.0381625838345,-71.627742,1,122.4104205838345
173.0,8.0,2,-143.92460133996792,,0,
174.0,8.0,2,-98.51009034307208,,0,
175.0,8.0,2,-59.081079877913,,0,
176.0,8.0,2,-25.25063728960231,-131.077243,1,-105.8266057103977
177.0,8.0,2,4.1443499540910125,,0,
178.0,8.0,2,23.096680750139058,,0,
179.0,8.0,2,27.412856444949284,,0,
180.0,8.0,2,16.81843725044746,-70.147363,1,-86.96580025044746
181.0,8.0,2,-6.04277898510918,,0,
182.0,8.0,2,-42.54144877078943,,0,
183.0,8.0,2,-91.73903277236968,,0,
184.0,8.0,2,-149.78860950376838,-53.499678,1,96.28893150376838
185.0,8.0,2,-210.15024142665789,,0,
186.0,8.0,2,-266.4726973879151,,0,
187.0,8.0,2,-311.6407313630916,,0,
188.0,8.0,2,-340.5435174619779,-416.333649,1,-75.79013153802208
189.0,8.0,2,-349.6503665074706,,0,
190.0,8.0,2,-337.1086175860837,,0,
191.0,8.0,2,-305.34949498903006,,0,
192.0,8.0,2,-259.9198705935851,-261.938492,1,-2.0186214064149226
193.0,8.0,2,-207.05170261114836,,0,
194.0,8.0,2,-151.65942936949432,,0,
195.0,8.0,2,-96.1915827866178,,0,
196.0,8.0,2,-43.5783743878128,-34.820102,1,8.758272387812802
197.0,8.0,2,0.9446139540523291,,0,
198.0,8.0,2,31.91701212944463,,0,
199.0,8.0,2,50.18160168034956,,0,
0.0,9.0,0,277.8924624447245,,0,
1.0,9.0,0,284.4953639546875,,0,
2.0,9.0,0,294.80469813314267,,0,
3.0,9.0,0,306.1717082411051,255.453379,1,-50.71832924110507
4.0,9.0,0,316.00753428484313,,0,
5.0,9.0,0,319.80365898343734,,0,
6.0,9.0,0,315.2392733558081,,0,
7.0,9.0,0,302.43585454672575,316.072931,1,13.637076453274233
8.0,9.0,0,283.07184345065616,,0,
9.0,9.0,0,258.7175770343747,,0,
10.0,9.0,0,230.18398988596164,,0,
11.0,9.0,0,197.65660989657044,229.345786,1,31.68917610342956
12.0,9.0,0,161.2284477185458,,0,
13.0,9.0,0,122.18285414017737,,0,
14.0,9.0,0,80.88387456862256,,0,
15.0,9.0,0,37.162003764882684,100.276794,1,63.11479023511731
16.0,9.0,0,-10.035086499527097,,0,
17.0,9.0,0,-61.579881932470016,,0,
18.0,9.0,0,-115.44236959563568,,0,
19.0,9.0,0,-167.6525496384129,-236.330794,1,-68.6782443615871
20.0,9.0,0,-213.84897964494303,,0,
21.0,9.0,0,-254.4913427012507,,0,
22.0,9.0,0,-290.12379316193983,,0,
23.0,9.0,0,-321.4230926008895,-258.692264,1,62.73082860088948
24.0,9.0,0,-348.9995141325053,,0,
25.0,9.0,0,-369.6849301913753,,0,
26.0,9.0,0,-380.78130383696407,,0,
27.0,9.0,0,-379.90980585478246,-448.160828,1,-68.25102214521752
28.0,9.0,0,-365.613239848637,,0,
29.0,9.0,0,-336.77485822699964,,0,
30.0,9.0,0,-293.67141014151275,,0,
31.0,9.0,0,-238.91256357403472,-381.093528,1,-142.18096442596527
32.0,9.0,0,-175.10215925809462,,0,
33.0,9.0,0,-112.63125413644593,,0,
34.0,9.0,0,-58.9965012895409,,0,
35.0,9.0,0,-19.486357824644074,132.010453,1,151.4968108246441
36.0,9.0,0,0.022773811826482415,,0,
37.0,9.0,0,2.435546040069312,,0,
38.0,9.0,0,-9.601763190934435,,0,
39.0,9.0,0,-31.65574057493359,-212.168723,1,-180.5129824250664
40.0,9.0,0,-57.15032681799494,,0,
41.0,9.0,0,-80.05004867643584,,0,
42.0,9.0,0,-99.51802268100437,,0,
43.0,9.0,0,-116.44860801147297,-107.631002,1,8.817606011472975
44.0,9.0,0,-132.16302244144026,,0,
45.0,9.0,0,-148.38246298208833,,0,
46.0,9.0,0,-167.93859358388,,0,
47.0,9.0,0,-194.60613939492032,65.564034,1,260.1701733949203
48.0,9.0,0,-232.5711659080116,,0,
49.0,9.0,0,-272.08636476658285,,0,
50.0,9.0,0,-307.54619693011045,,0,
51.0,9.0,0,-334.39402952906676,-508.89531,1,-174.50128047093324
52.0,9.0,0,-346.4822095395066,,0,
53.0,9.0,0,-347.486082164105,,0,
54.0,9.0,0,-340.0527245772537,,0,
55.0,9.0,0,-327.75582694867626,-320.326569,1,7.429257948676252
56.0,9.0,0,-315.0955789271975,,0,
57.0,9.0,0,-305.5109932901105,,0,
58.0,9.0,0,-298.9227669381071,,0,
59.0,9.0,0,-294.84271922823973,-363.131149,1,-68.28842977176026
60.0,9.0,0,-292.9323585477541,,0,
61.0,9.0,0,-292.4882618789561,,0,
62.0,9.0,0,-292.7860222461168,,0,
63.0,9.0,0,-292.2853905707598,-345.54785,1,-53.26245942924021
64.0,9.0,0,-288.28989226790145,,0,
65.0,9.0,0,-280.5215684372233,,0,
66.0,9.0,0,-267.25228878861526,,0,
67.0,9.0,0,-244.97055955824908,-385.412934,1,-140.44237444175093
68.0,9.0,0,-207.7116915389197,,0,
69.0,9.0,0,-150.19676476053428,,0,
70.0,9.0,0,-75.784463863587,,0,
71.0,9.0,3,6.575673283776268,-60.714554,1,-67.29022728377626
72.0,9.0,3,86.76166173024103,,0,
73.0,9.0,3,151.3798415157944,,0,
74.0,9.0,3,189.8116659275256,,0,
75.0,9.0,3,194.20904220012017,423.967362,1,229.7583197998798
76.0,9.0,3,158.92760951834498,,0,
77.0,9.0,3,95.5924966968596,,0,
78.0,9.0,3,16.89278030139394,,0,
79.0,9.0,3,-62.856544128386304,-250.531991,1,-187.6754468716137
80.0,9.0,3,-128.18992500568856,,0,
81.0,9.0,3,-175.73509486753028,,0,
82.0,9.0,3,-203.24891088111326,,0,
83.0,9.0,3,-211.80708131950814,-294.903261,1,-83.09617968049184
84.0,9.0,3,-204.0294844043965,,0,
85.0,9.0,3,-188.28858209896134,,0,
86.0,9.0,3,-174.71109984780196,,0,
87.0,9.0,3,-175.46388209227007,123.563737,1,299.0276190922701
88.0,9.0,3,-199.76367089620908,,0,
89.0,9.0,3,-236.55098162329523,,0,
90.0,9.0,3,-274.7333709227969,,0,
91.0,9.0,3,-301.82161550608,-540.5918,1,-238.77018449392006
92.0,9.0,3,-308.47308161373076,,0,
93.0,9.0,3,-301.13896613018005,,0,
94.0,9.0,3,-284.24286177102476,,0,
95.0,9.0,3,-262.1400411820505,-262.171011,1,-0.030969817949539902
96.0,9.0,3,-241.55480795601034,,0,
97.0,9.0,3,-229.57233305845875,,0,
98.0,9.0,3,-229.9810763449059,,0,
99.0,9.0,3,-243.50545515702106,-243.243215,1,0.2622401570210684
100.0,9.0,3,-269.18379009570344,,0,
101.0,9.0,3,-305.43979306024266,,0,
102.0,9.0,3,-350.55793253780575,,0,
103.0,9.0,3,-402.7627875629114,-216.205369,1,186.5574185629114
104.0,9.0,3,-460.34293519817584,,0,
105.0,9.0,3,-520.4249056406552,,0,
106.0,9.0,3,-576.013801451787,,0,
107.0,9.0,3,-619.3668175339699,-843.459207,1,-224.0923894660301
108.0,9.0,3,-646.8639236085874,,0,
109.0,9.0,3,-657.6565911554499,,0,
110.0,9.0,3,-656.2460362435668,,0,
111.0,9.0,3,-648.8256895009763,-502.390978,1,146.43471150097628
112.0,9.0,3,-639.7690742356353,,0,
113.0,9.0,3,-624.421652886318,,0,
114.0,9.0,3,-600.750414050417,,0,
115.0,9.0,3,-569.2604211975122,-581.507284,1,-12.24686280248784
116.0,9.0,3,-531.6697433486988,,0,
117.0,9.0,3,-490.41467393469065,,0,
118.0,9.0,3,-449.94971424282994,,0,
119.0,9.0,3,-415.2519327432383,-238.593391,1,176.6585417432383
120.0,9.0,3,-392.44899503077613,,0,
121.0,9.0,3,-377.1212335737655,,0,
122.0,9.0,3,-365.7204137618537,,0,
123.0,9.0,3,-354.75804036983754,-499.87222,1,-145.11417963016248
124.0,9.0,3,-340.5199275824125,,0,
125.0,9.0,3,-320.04415457416326,,0,
126.0,9.0,3,-293.78799219906796,,0,
127.0,9.0,3,-264.1532832281664,-320.730143,1,-56.5768597718336
128.0,9.0,3,-232.96974641713314,,0,
129.0,9.0,3,-204.0373506618198,,0,
130.0,9.0,3,-178.72975103580393,,0,
131.0,9.0,3,-156.05728621629532,-267.380245,1,-111.32295878370468
132.0,9.0,1,-133.6975381714874,,0,
133.0,9.0,1,-108.1785367919365,,0,
134.0,9.0,1,-76.04411161370808,,0,
135.0,9.0,1,-36.57775945577305,-185.812678,1,-149.23491854422696
136.0,9.0,1,7.475628045853227,,0,
137.0,9.0,1,51.68949420761783,,0,
138.0,9.0,1,93.90258770436049,,0,
139.0,9.0,1,128.6526871328242,267.41848,1,138.76579286717578
140.0,9.0,1,146.3477362873382,,0,
141.0,9.0,1,145.1773393044714,,0,
142.0,9.0,1,124.23200128157623,,0,
143.0,9.0,1,86.77967814682052,-41.236724,1,-128.01640214682052
144.0,9.0,1,41.51057360309642,,0,
145.0,9.0,1,-6.3380036525195464,,0,
146.0,9.0,1,-46.529033328872174,,0,
147.0,9.0,1,-68.59246563760098,-238.058839,1,-169.46637336239903
148.0,9.0,1,-70.48632276582066,,0,
149.0,9.0,1,-62.824040265288204,,0,
150.0,9.0,1,-55.21586031105835,,0,
151.0,9.0,1,-55.51213294523768,45.589158,1,101.10129094523768
152.0,9.0,1,-65.33933596964926,,0,
153.0,9.0,1,-84.54946123855188,,0,
154.0,9.0,1,-114.24382436997257,,0,
155.0,9.0,1,-153.6975432485342,-164.082614,1,-10.385070751465804
156.0,9.0,1,-200.28755454230122,,0,
157.0,9.0,1,-251.31780151440762,,0,
158.0,9.0,1,-303.7558823438594,,0,
159.0,9.0,1,-354.51016004383564,-285.118619,1,69.39154104383562
160.0,9.0,1,-400.50835195044056,,0,
161.0,9.0,1,-438.91443647118285,,0,
162.0,9.0,1,-467.00951938237995,,0,
163.0,9.0,1,-483.2296539382078,-507.981712,1,-24.75205806179224
164.0,9.0,1,-486.9513944959035,,0,
165.0,9.0,1,-477.7199575905688,,0,
166.0,9.0,1,-456.7716856501065,,0,
167.0,9.0,1,-425.29303976148367,-536.198665,1,-110.90562523851634
168.0,9.0,1,-382.58023194083944,,0,
169.0,9.0,2,-333.3210443635471,,0,
170.0,9.0,2,-280.07014562678523,,0,
171.0,9.0,2,-223.860564337112,-245.281732,1,-21.421167662887996
172.0,9.0,2,-165.6491523149889,,0,
173.0,9.0,2,-108.22324824309908,,0,
174.0,9.0,2,-55.61367147509009,,0,
175.0,9.0,2,-11.58973107021302,51.810974,1,63.40070507021302
176.0,9.0,2,25.19572306680493,,0,
177.0,9.0,2,55.39534314582124,,0,
178.0,9.0,2,75.36379444366321,,0,
179.0,9.0,2,81.37438529578503,-155.809035,1,-237.18342029578503
180.0,9.0,2,71.51419448317029,,0,
181.0,9.0,2,44.97823215601966,,0,
182.0,9.0,2,1.4561707187676802,,0,
183.0,9.0,2,-56.43595728650689,52.004187,1,108.4401442865069
184.0,9.0,2,-125.14765117131174,,0,
185.0,9.0,2,-195.11904717376456,,0,
186.0,9.0,2,-257.65771323256195,,0,
187.0,9.0,2,-304.86265726201236,-290.274861,1,14.587796262012375
188.0,9.0,2,-332.97542249946855,,0,
189.0,9.0,2,-339.68379844911397,,0,
190.0,9.0,2,-324.1289117829874,,0,
191.0,9.0,2,-288.4557759598829,-345.000624,1,-56.54484804011713
192.0,9.0,2,-240.63825689046644,,0,
193.0,9.0,2,-188.29523003008217,,0,
194.0,9.0,2,-135.4057400659658,,0,
195.0,9.0,2,-83.68152616685256,-203.578167,1,-119.89664083314744
196.0,9.0,2,-37.09677141578868,,0,
197.0,9.0,2,0.5162565889768302,,0,
198.0,9.0,2,27.54987163282931,,0,
199.0,9.0,2,45.0045694867149,137.082898,1,92.0783285132851
0.0,10.0,0,253.71260139136575,,0,
1.0,10.0,0,260.02356533752754,,0,
2.0,10.0,0,269.4263888068963,-13.165047,1,-282.5914358068963
3.0,10.0,0,279.4933915915899,,0,
4.0,10.0,0,287.885682485532,,0,
5.0,10.0,0,291.8179686460644,,0,
6.0,10.0,0,289.4975722585805,311.535675,1,22.03810274141955
7.0,10.0,0,280.7430621208623,,0,
8.0,10.0,0,267.280865176348,,0,
9.0,10.0,0,250.29218887048773,,0,
10.0,10.0,0,229.98661907413043,267.740889,1,37.75426992586955
11.0,10.0,0,205.27280257176608,,0,
12.0,10.0,0,176.3723405606579,,0,
13.0,10.0,0,142.82725705066696,,0,
14.0,10.0,0,103.97481578076258,181.35802,1,77.38320421923743
15.0,10.0,0,60.49752476066351,,0,
16.0,10.0,0,11.72891048179008,,0,
17.0,10.0,0,-43.294941889471374,,0,
18.0,10.0,0,-102.29094421537593,-193.226199,1,-90.93525478462408
19.0,10.0,0,-159.3702540686354,,0,
20.0,10.0,0,-209.8203837403562,,0,
21.0,10.0,0,-252.55514238635078,,0,
22.0,10.0,0,-288.1066950587556,-261.426785,1,26.67991005875558
23.0,10.0,0,-317.888555935584,,0,
24.0,10.0,0,-341.72782166220713,,0,
25.0,10.0,0,-358.00067290337756,,0,
26.0,10.0,0,-364.43858335679397,-406.581773,1,-42.14318964320603
27.0,10.0,0,-358.20850722515024,,0,
28.0,10.0,0,-338.52371042221785,,0,
29.0,10.0,0,-304.1452009030618,,0,
30.0,10.0,0,-255.31371552031487,-314.085994,1,-58.772278479685156
31.0,10.0,0,-195.5985190491192,,0,
32.0,10.0,0,-130.0643584227655,,0,
33.0,10.0,0,-67.69128383602947,,0,
34.0,10.0,0,-17.142102702055126,221.797698,1,238.93980070205512
35.0,10.0,0,18.007089850725606,,0,
36.0,10.0,0,35.65794124105014,,0,
37.0,10.0,0,36.53480040212162,,0,
38.0,10.0,0,22.640757569577545,-61.734775,1,-84.37553256957754
39.0,10.0,0,-0.5953204687684774,,0,
40.0,10.0,0,-26.916299220640212,,0,
41.0,10.0,0,-51.40669431479182,,0,
42.0,10.0,0,-71.81306675891392,-70.615661,1,1.1974057589139164
43.0,10.0,0,-88.1440594252199,,0,
44.0,10.0,0,-101.69968123943545,,0,
45.0,10.0,0,-114.375852544792,,0,
46.0,10.0,0,-128.94690147275105,-11.781059,1,117.16584247275105
47.0,10.0,0,-150.97008263133466,,0,
48.0,10.0,0,-179.44403603998944,,0,
49.0,10.0,0,-209.36056939675473,,0,
50.0,10.0,0,-236.4088560511591,-314.79522,1,-78.38636394884088
51.0,10.0,0,-256.6538161141798,,0,
52.0,10.0,0,-267.16539078578353,,0,
53.0,10.0,0,-269.6359651524108,,0,
54.0,10.0,0,-266.8638363722712,-320.486537,1,-53.62270062772882
55.0,10.0,0,-261.4720585970208,,0,
56.0,10.0,0,-256.27497326704906,,0,
57.0,10.0,0,-252.99714994925307,,0,
58.0,10.0,0,-251.71397307224106,-315.240188,1,-63.52621492775893
59.0,10.0,0,-253.02723287930712,,0,
60.0,10.0,0,-257.210558274237,,0,
61.0,10.0,0,-263.52383556147106,,0,
62.0,10.0,0,-270.6669112588279,-367.889711,1,-97.22279974117208
63.0,10.0,0,-276.6973066662904,,0,
64.0,10.0,0,-279.5169945687521,,0,
65.0,10.0,0,-277.74077582510654,,0,
66.0,10.0,0,-269.2707841268275,-257.920633,1,11.350151126827484
67.0,10.0,0,-250.6229592388263,,0,
68.0,10.0,0,-216.2737961091334,,0,
69.0,10.0,0,-161.0757027871441,,0,
70.0,10.0,0,-85.63533446891233,-372.342077,1,-286.7067425310877
71.0,10.0,3,-1.4149791451636702,,0,
72.0,10.0,3,78.15179499174701,,0,
73.0,10.0,3,140.25034204602707,,0,
74.0,10.0,3,174.4931626538746,177.462126,1,2.968963346125406
75.0,10.0,3,173.5448815355776,,0,
76.0,10.0,3,136.04927712088102,,0,
77.0,10.0,3,71.66935386665864,,0,
78.0,10.0,3,-5.2234394770348445,-34.196202,1,-28.972762522965155
79.0,10.0,3,-79.09935188526288,,0,
80.0,10.0,3,-138.0958105927566,,0,
81.0,10.0,3,-176.61955121706706,,0,
82.0,10.0,3,-192.5659090814297,-278.880375,1,-86.3144659185703
83.0,10.0,3,-188.78631057636812,,0,
84.0,10.0,3,-170.28847299738845,,0,
85.0,10.0,3,-145.47228999892832,,0,
86.0,10.0,3,-126.71999753045384,84.961263,1,211.68126053045384
87.0,10.0,3,-130.29208678379655,,0,
88.0,10.0,3,-157.11209111072822,,0,
89.0,10.0,3,-198.7178482254094,,0,
90.0,10.0,3,-241.92441750256694,-471.938878,1,-230.01446049743305
91.0,10.0,3,-269.81609390326776,,0,
92.0,10.0,3,-279.666045000602,,0,
93.0,10.0,3,-273.97048539585376,,0,
94.0,10.0,3,-256.96025337814353,-308.700144,1,-51.73989062185649
95.0,10.0,3,-232.7017344251508,,0,
96.0,10.0,3,-208.96438149543246,,0,
97.0,10.0,3,-193.77896944480017,,0,
98.0,10.0,3,-193.19082752963004,-50.800539,1,142.39028852963003
99.0,10.0,3,-207.6417494713096,,0,
100.0,10.0,3,-235.81477844860638,,0,
101.0,10.0,3,-276.931880404416,,0,
102.0,10.0,3,-330.0979447759455,-142.912271,1,187.1856737759455
103.0,10.0,3,-391.8108953447663,,0,
104.0,10.0,3,-458.21738954319153,,0,
105.0,10.0,3,-524.863718133769,,0,
106.0,10.0,3,-584.7783807033702,-742.336195,1,-157.55781429662977
107.0,10.0,3,-628.325566142099,,0,
108.0,10.0,3,-655.0899372511194,,0,
109.0,10.0,3,-665.3387905021664,,0,
110.0,10.0,3,-662.910974968865,-556.044899,1,106.86607596886506
111.0,10.0,3,-655.0349918497959,,0,
112.0,10.0,3,-642.1525170427049,,0,
113.0,10.0,3,-621.7698175361147,,0,
114.0,10.0,3,-592.4399727833224,-624.197459,1,-31.757486216677535
115.0,10.0,3,-556.1859094246756,,0,
116.0,10.0,3,-516.2458764030598,,0,
117.0,10.0,3,-476.2136727448087,,0,
118.0,10.0,3,-439.7375965171668,-292.999819,1,146.73777751716682
119.0,10.0,3,-410.07277658375097,,0,
120.0,10.0,3,-389.88708565727575,,0,
121.0,10.0,3,-377.5090570435859,,0,
122.0,10.0,3,-369.87920602515806,-407.480862,1,-37.60165597484195
123.0,10.0,3,-363.3402663031593,,0,
124.0,10.0,3,-354.51578100025654,,0,
125.0,10.0,3,-340.2539985118201,,0,
126.0,10.0,3,-319.09512589260703,-426.69356,1,-107.59843410739296
127.0,10.0,3,-294.33843791438267,,0,
128.0,10.0,3,-269.2676973849884,,0,
129.0,10.0,3,-246.22863612661604,,0,
130.0,10.0,3,-225.429907943937,-259.197451,1,-33.767543056063005
131.0,10.0,3,-204.38422748958692,,0,
132.0,10.0,1,-180.595709999674,,0,
133.0,10.0,1,-149.25267567660194,,0,
134.0,10.0,1,-105.6511458257446,-343.547661,1,-237.8965151742554
135.0,10.0,1,-50.93003732233774,,0,
136.0,10.0,1,12.637492211768404,,0,
137.0,10.0,1,82.5483997259289,,0,
138.0,10.0,1,153.4215663629584,379.481472,1,226.0599056370416
139.0,10.0,1,215.49103170598391,,0,
140.0,10.0,1,258.1231490051141,,0,
141.0,10.0,1,272.2169829120394,,0,
142.0,10.0,1,251.2441548400675,596.903475,1,345.65932015993246
143.0,10.0,1,203.10310175875202,,0,
144.0,10.0,1,139.0094162937021,,0,
145.0,10.0,1,68.25017084693536,,0,
146.0,10.0,1,3.825346647994593,-362.350243,1,-366.17558964799457
147.0,10.0,1,-35.3943407839397,,0,
148.0,10.0,1,-52.25306372658815,,0,
149.0,10.0,1,-52.409928135573864,,0,
150.0,10.0,1,-44.60860370891169,137.357404,1,181.9660077089117
151.0,10.0,1,-40.16535353148356,,0,
152.0,10.0,1,-39.73053470416926,,0,
153.0,10.0,1,-45.855185779044405,,0,
154.0,10.0,1,-61.653482988709584,61.56924,1,123.22272298870959
155.0,10.0,1,-87.3681007467676,,0,
156.0,10.0,1,-121.66994035779499,,0,
157.0,10.0,1,-162.7046472262591,,0,
158.0,10.0,1,-208.18771154631395,-193.070535,1,15.117176546313942
159.0,10.0,1,-255.75290671130642,,0,
160.0,10.0,1,-302.1323005531449,,0,
161.0,10.0,1,-344.41210595844314,,0,
162.0,10.0,1,-380.0380796638783,-417.358473,1,-37.3203933361217
163.0,10.0,1,-406.0490699900547,,0,
164.0,10.0,1,-420.8982870999025,,0,
165.0,10.0,1,-422.7072011032142,,0,
166.0,10.0,1,-411.14817288832273,-514.508664,1,-103.36049111167722
167.0,10.0,1,-387.29469861928374,,0,
168.0,10.0,1,-352.1737059012521,,0,
169.0,10.0,2,-308.57503666495904,,0,
170.0,10.0,2,-258.65850289259106,-279.402668,1,-20.744165107408946
171.0,10.0,2,-203.0821430988144,,0,
172.0,10.0,2,-143.43436349264812,,0,
173.0,10.0,2,-82.28269303985871,,0,
174.0,10.0,2,-24.390919165103696,196.803173,1,221.19409216510368
175.0,10.0,2,22.231367993634194,,0,
176.0,10.0,2,61.35199436498806,,0,
177.0,10.0,2,93.0304144800175,,0,
178.0,10.0,2,114.40514522232115,-77.691127,1,-192.09627222232115
179.0,10.0,2,122.61901135579683,,0,
180.0,10.0,2,114.16085699328687,,0,
181.0,10.0,2,84.97513108933344,,0,
182.0,10.0,2,33.98891333513893,213.645849,1,179.65693566486107
183.0,10.0,2,-32.68927556881681,,0,
184.0,10.0,2,-107.86839210288599,,0,
185.0,10.0,2,-183.00735274283215,,0,
186.0,10.0,2,-248.81048397300765,-377.319073,1,-128.50858902699235
187.0,10.0,2,-294.9019309806172,,0,
188.0,10.0,2,-318.9215179536259,,0,
189.0,10.0,2,-319.64218534948304,,0,
190.0,10.0,2,-298.15945601509884,-502.208585,1,-204.0491289849012
191.0,10.0,2,-255.47814228897914,,0,
192.0,10.0,2,-203.94036703254096,,0,
193.0,10.0,2,-151.96101533202454,,0,
194.0,10.0,2,-103.27341218618676,-257.190118,1,-153.91670581381322
195.0,10.0,2,-56.8507099065464,,0,
196.0,10.0,2,-18.13174986850936,,0,
197.0,10.0,2,11.038426916114986,,0,
198.0,10.0,2,31.784393509849906,-33.032438,1,-64.8168315098499
199.0,10.0,2,46.08318884577602,,0,
0.0,11.0,0,232.37124244053848,,0,
1.0,11.0,0,238.7506486987695,5.589234,1,-233.1614146987695
2.0,11.0,0,247.48664712766185,,0,
3.0,11.0,0,255.63921615388244,,0,
4.0,11.0,0,261.54936656728387,,0,
5.0,11.0,0,263.76922560855746,281.233881,1,17.464655391442534
6.0,11.0,0,261.14045280823484,,0,
7.0,11.0,0,254.36064192000777,,0,
8.0,11.0,0,244.7001385667827,,0,
9.0,11.0,0,232.8077390328981,274.695446,1,41.887706967101906
10.0,11.0,0,218.31655694870278,,0,
11.0,11.0,0,200.21552447974682,,0,
12.0,11.0,0,177.5322070622351,,0,
13.0,11.0,0,148.61758919572458,260.539865,1,111.92227580427544
14.0,11.0,0,111.41282840725034,,0,
15.0,11.0,0,68.89656009152532,,0,
16.0,11.0,0,19.868339645676315,,0,
17.0,11.0,0,-38.1181196027901,57.058201,1,95.1763206027901
18.0,11.0,0,-101.77554630744271,,0,
19.0,11.0,0,-162.41526289610192,,0,
20.0,11.0,0,-215.3794299052097,,0,
21.0,11.0,0,-259.01961229997687,-249.504338,1,9.51527429997688
22.0,11.0,0,-293.50452212407254,,0,
23.0,11.0,0,-319.77498246729374,,0,
24.0,11.0,0,-338.16513477335684,,0,
25.0,11.0,0,-348.12682180001866,-312.268907,1,35.85791480001865
26.0,11.0,0,-348.14059829409234,,0,
27.0,11.0,0,-336.4011667079758,,0,
28.0,11.0,0,-311.4995318372967,,0,
29.0,11.0,0,-271.92358674807474,-379.001514,1,-107.07792725192525
30.0,11.0,0,-217.60257165087387,,0,
31.0,11.0,0,-155.06174671137705,,0,
32.0,11.0,0,-90.09508487128187,,0,
33.0,11.0,0,-30.160161658073775,167.473304,1,197.6334656580738
34.0,11.0,0,14.392612556694075,,0,
35.0,11.0,0,44.11050223535858,,0,
36.0,11.0,0,58.488365850411355,,0,
37.0,11.0,0,57.66654405370355,200.201811,1,142.53526694629645
38.0,11.0,0,41.09537157835439,,0,
39.0,11.0,0,15.783422622829676,,0,
40.0,11.0,0,-12.860568144358695,,0,
41.0,11.0,0,-40.03032174240798,61.069992,1,101.10031374240798
42.0,11.0,0,-62.476129305316135,,0,
43.0,11.0,0,-79.35962963034399,,0,
44.0,11.0,0,-92.15595140692312,,0,
45.0,11.0,0,-103.55486927379388,8.143198,1,111.69806727379388
46.0,11.0,0,-115.46861756779253,,0,
47.0,11.0,0,-130.2285691127181,,0,
48.0,11.0,0,-147.2263665725477,,0,
49.0,11.0,0,-163.99896898778388,-124.553233,1,39.44573598778388
50.0,11.0,0,-179.3781467131339,,0,
51.0,11.0,0,-191.2269451613538,,0,
52.0,11.0,0,-198.76069793733768,,0,
53.0,11.0,0,-202.44748861622065,-185.875895,1,16.57159361622064
54.0,11.0,0,-203.96151455515064,,0,
55.0,11.0,0,-204.6502200504765,,0,
56.0,11.0,0,-206.08509522373788,,0,
57.0,11.0,0,-209.0584353195154,-267.208589,1,-58.15015368048461
58.0,11.0,0,-212.3613977987552,,0,
59.0,11.0,0,-218.21111418213695,,0,
60.0,11.0,0,-227.6558917662478,,0,
61.0,11.0,0,-239.37174725759542,-225.881762,1,13.489985257595407
62.0,11.0,0,-251.45956568047404,,0,
63.0,11.0,0,-261.91688901139423,,0,
64.0,11.0,0,-269.17116472532507,,0,
65.0,11.0,0,-271.2783610353363,-307.415419,1,-36.13705796466371
66.0,11.0,0,-265.70527252648026,,0,
67.0,11.0,0,-249.06850314931944,,0,
68.0,11.0,0,-216.4960035480908,,0,
69.0,11.0,0,-162.54559324169531,-483.330042,1,-320.7844487583047
70.0,11.0,0,-83.88360219169408,,0,
71.0,11.0,3,2.377956544049084,,0,
72.0,11.0,3,81.6597541506053,,0,
73.0,11.0,3,141.07348060508957,38.167806,1,-102.90567460508957
74.0,11.0,3,170.8415811107261,,0,
75.0,11.0,3,164.69196039554663,,0,
76.0,11.0,3,123.34557463490637,,0,
77.0,11.0,3,57.13559285114752,261.096309,1,203.9607161488525
78.0,11.0,3,-18.381148602464236,,0,
79.0,11.0,3,-87.83667396125384,,0,
80.0,11.0,3,-140.59756286628544,,0,
81.0,11.0,3,-171.49317497655284,-335.836512,1,-164.3433370234472
82.0,11.0,3,-176.840893824643,,0,
83.0,11.0,3,-163.22418273729272,,0,
84.0,11.0,3,-136.70990590059955,,0,
85.0,11.0,3,-105.68384008546127,-141.917772,1,-36.23393191453874
86.0,11.0,3,-84.2031946455827,,0,
87.0,11.0,3,-85.64333693135995,,0,
88.0,11.0,3,-111.8248387609492,,0,
89.0,11.0,3,-153.82457465294283,-219.477227,1,-65.65265234705717
90.0,11.0,3,-197.47750162752345,,0,
91.0,11.0,3,-229.43175528896973,,0,
92.0,11.0,3,-244.20503361070587,,0,
93.0,11.0,3,-241.42857136108796,-263.42849,1,-21.99991863891205
94.0,11.0,3,-225.13591048755916,,0,
95.0,11.0,3,-200.47652480762918,,0,
96.0,11.0,3,-174.50726970139658,,0,
97.0,11.0,3,-156.23967083368916,0.110858,1,156.35052883368917
98.0,11.0,3,-155.53055833623512,,0,
99.0,11.0,3,-171.3762272276217,,0,
100.0,11.0,3,-202.44116187191685,,0,
101.0,11.0,3,-247.8651011303882,-123.261502,1,124.60359913038822
102.0,11.0,3,-308.2608224503347,,0,
103.0,11.0,3,-377.52200329408515,,0,
104.0,11.0,3,-450.6106029882794,,0,
105.0,11.0,3,-521.975317056058,-640.744731,1,-118.76941394394203
106.0,11.0,3,-584.4580740905658,,0,
107.0,11.0,3,-631.2877855637344,,0,
108.0,11.0,3,-660.2298905282223,,0,
109.0,11.0,3,-671.6432725066552,-613.618847,1,58.024425506655234
110.0,11.0,3,-670.0147266994754,,0,
111.0,11.0,3,-660.3309997992183,,0,
112.0,11.0,3,-643.4038916839636,,0,
113.0,11.0,3,-617.7807776993141,-690.65462,1,-72.87384230068596
114.0,11.0,3,-582.6014245377155,,0,
115.0,11.0,3,-542.1107418695465,,0,
116.0,11.0,3,-500.72155363851925,,0,
117.0,11.0,3,-462.9358197199181,-409.850543,1,53.085276719918056
118.0,11.0,3,-431.5870464117761,,0,
119.0,11.0,3,-406.7758017278975,,0,
120.0,11.0,3,-389.39871538616717,,0,
121.0,11.0,3,-379.1253370618215,-327.337547,1,51.78779006182151
122.0,11.0,3,-374.058066354075,,0,
123.0,11.0,3,-369.98602122056764,,0,
124.0,11.0,3,-364.37296727788635,,0,
125.0,11.0,3,-354.557784573175,-546.408553,1,-191.85076842682497
126.0,11.0,3,-336.1862311390287,,0,
127.0,11.0,3,-315.4870020140661,,0,
128.0,11.0,3,-295.8715944819851,,0,
129.0,11.0,3,-278.51687413081527,-201.559588,1,76.95728613081528
130.0,11.0,3,-262.34339526854455,,0,
131.0,11.0,3,-244.1336588690756,,0,
132.0,11.0,1,-220.1044147753273,,0,
133.0,11.0,1,-185.2457301414106,-423.26022,1,-238.0144898585894
134.0,11.0,1,-131.7808435492334,,0,
135.0,11.0,1,-64.74050125386566,,0,
136.0,11.0,1,15.25958441151306,,0,
137.0,11.0,1,108.27513730712235,34.003641,1,-74.27149630712235
138.0,11.0,1,205.72410289931577,,0,
139.0,11.0,1,293.08365815714933,,0,
140.0,11.0,1,358.5877234262298,,0,
141.0,11.0,1,390.4895482414868,964.67218,1,574.1826317585133
142.0,11.0,1,371.82478845649166,,0,
143.0,11.0,1,317.7757666474208,,0,
144.0,11.0,1,239.4760347652482,,0,
145.0,11.0,1,149.92571722960565,183.805872,1,33.88015477039434
146.0,11.0,1,65.82954219612293,,0,
147.0,11.0,1,2.6829473592806607,,0,
148.0,11.0,1,-34.410823011538014,,0,
149.0,11.0,1,-46.342550015309826,-78.689705,1,-32.34715498469018
150.0,11.0,1,-41.82002516667126,,0,
151.0,11.0,1,-30.89704037620686,,0,
152.0,11.0,1,-18.732632251572795,,0,
153.0,11.0,1,-10.08004589448683,76.158018,1,86.23806389448683
154.0,11.0,1,-10.881667228182778,,0,
155.0,11.0,1,-21.67233480233699,,0,
156.0,11.0,1,-42.58461475977674,,0,
157.0,11.0,1,-72.5423589097336,-68.698402,1,3.843956909733592
158.0,11.0,1,-109.80141895043198,,0,
159.0,11.0,1,-152.34033788717352,,0,
160.0,11.0,1,-197.204749988392,,0,
161.0,11.0,1,-241.20243506412953,-446.896,1,-205.69356493587048
162.0,11.0,1,-282.3032708116807,,0,
163.0,11.0,1,-317.9008543136297,,0,
164.0,11.0,1,-344.23905061767437,,0,
165.0,11.0,1,-357.07238421961665,-409.501858,1,-52.429473780383375
166.0,11.0,1,-355.1718779540388,,0,
167.0,11.0,1,-340.7228189758025,,0,
168.0,11.0,2,-315.16033336380497,,0,
169.0,11.0,2,-280.179698752705,-213.970847,1,66.20885175270502
170.0,11.0,2,-237.1344817567151,,0,
171.0,11.0,2,-186.8381314149592,,0,
172.0,11.0,2,-130.65350374521222,,0,
173.0,11.0,2,-71.22150112455711,25.805214,1,97.02671512455711
174.0,11.0,2,-13.717193534248509,,0,
175.0,11.0,2,36.09082441404462,,0,
176.0,11.0,2,77.66271693189628,,0,
177.0,11.0,2,111.2253314119298,179.043827,1,67.81849558807019
178.0,11.0,2,134.15848613437265,,0,
179.0,11.0,2,145.14071842306294,,0,
180.0,11.0,2,139.08705307985656,,0,
181.0,11.0,2,109.08964831707999,371.19723,1,262.10758168292
182.0,11.0,2,52.45887509849854,,0,
183.0,11.0,2,-18.33179302792996,,0,
184.0,11.0,2,-94.78361412975937,,0,
185.0,11.0,2,-169.00404507480562,-273.737008,1,-104.73296292519439
186.0,11.0,2,-232.27362469024956,,0,
187.0,11.0,2,-275.393016254995,,0,
188.0,11.0,2,-292.4130288101733,,0,
189.0,11.0,2,-281.69462997093797,-525.179272,1,-243.484642029062
190.0,11.0,2,-247.9902059941087,,0,
191.0,11.0,2,-197.8863024506718,,0,
192.0,11.0,2,-141.95154430996627,,0,
193.0,11.0,2,-89.2498678653501,-218.673646,1,-129.4237781346499
194.0,11.0,2,-43.82780357263982,,0,
195.0,11.0,2,-6.030424018623307,,0,
196.0,11.0,2,22.46455008490011,,0,
197.0,11.0,2,40.978055083658546,-68.087054,1,-109.06510908365854
198.0,11.0,2,53.1737297649961,,0,
199.0,11.0,2,59.63663129042834,,0,
0.0,12.0,0,215.52112056780607,21.772496,1,-193.74862456780608
1.0,12.0,0,222.2531271998305,,0,
2.0,12.0,0,229.22783574741334,,0,
3.0,12.0,0,233.91422685375437,,0,
4.0,12.0,0,235.83352930936962,252.049256,1,16.21572669063039
5.0,12.0,0,234.48025526525453,,0,
6.0,12.0,0,229.7597853494808,,0,
7.0,12.0,0,222.76840288285166,,0,
8.0,12.0,0,214.83238737192005,224.525432,1,9.693044628079946
9.0,12.0,0,205.92695411411114,,0,
10.0,12.0,0,195.16337026958354,,0,
11.0,12.0,0,181.22764489473775,,0,
12.0,12.0,0,162.18389822449535,230.129088,1,67.94518977550464
13.0,12.0,0,134.62085646484047,,0,
14.0,12.0,0,99.0003734040074,,0,
15.0,12.0,0,57.2237080540508,,0,
16.0,12.0,0,8.558930301573128,311.970097,1,303.4111666984269
17.0,12.0,0,-53.18974645412527,,0,
18.0,12.0,0,-118.30225349543616,,0,
19.0,12.0,0,-179.4556236648932,,0,
20.0,12.0,0,-232.2894225390628,-215.514907,1,16.774515539062804
21.0,12.0,0,-274.60090127866715,,0,
22.0,12.0,0,-305.928772528423,,0,
23.0,12.0,0,-326.906478853547,,0,
24.0,12.0,0,-338.3288771561347,-325.456297,1,12.872580156134688
25.0,12.0,0,-340.67968154721893,,0,
26.0,12.0,0,-333.172567640082,,0,
27.0,12.0,0,-314.81396094930824,,0,
28.0,12.0,0,-284.2357443275396,-390.223825,1,-105.9880806724604
29.0,12.0,0,-238.7940866779536,,0,
30.0,12.0,0,-182.3984464633977,,0,
31.0,12.0,0,-120.92736008169595,,0,
32.0,12.0,0,-60.625567173585296,75.052587,1,135.6781541735853
33.0,12.0,0,-7.6885471197310835,,0,
34.0,12.0,0,31.909009589115158,,0,
35.0,12.0,0,56.37907071830705,,0,
36.0,12.0,0,65.19979243027046,345.067705,1,279.8679125697295
37.0,12.0,0,59.535840360447764,,0,
38.0,12.0,0,41.265349012683146,,0,
39.0,12.0,0,14.263285164837725,,0,
40.0,12.0,0,-17.5897544962354,133.168544,1,150.7582984962354
41.0,12.0,0,-48.272863981779665,,0,
42.0,12.0,0,-73.38631474087015,,0,
43.0,12.0,0,-91.54289078095462,,0,
44.0,12.0,0,-103.98156710085459,4.330302,1,108.3118691008546
45.0,12.0,0,-114.65855731349438,,0,
46.0,12.0,0,-122.85416656685993,,0,
47.0,12.0,0,-129.52541866793763,,0,
48.0,12.0,0,-135.01985487889033,-163.206285,1,-28.18643012110968
49.0,12.0,0,-138.53945016581565,,0,
50.0,12.0,0,-140.96816312614828,,0,
51.0,12.0,0,-143.424359068973,,0,
52.0,12.0,0,-147.29563716356643,57.309256,1,204.60489316356643
53.0,12.0,0,-151.5169176920317,,0,
54.0,12.0,0,-156.18151045544073,,0,
55.0,12.0,0,-162.06307436537463,,0,
56.0,12.0,0,-169.1038804211421,-114.851178,1,54.25270242114209
57.0,12.0,0,-177.32326693693176,,0,
58.0,12.0,0,-184.94715567742242,,0,
59.0,12.0,0,-194.42156833753688,,0,
60.0,12.0,0,-208.71539183473215,-45.298145,1,163.41724683473214
61.0,12.0,0,-224.83347348449752,,0,
62.0,12.0,0,-239.583441857656,,0,
63.0,12.0,0,-251.76247317052912,,0,
64.0,12.0,0,-260.7821396087529,-249.272607,1,11.50953260875292
65.0,12.0,0,-264.01643246482126,,0,
66.0,12.0,0,-258.4061998438556,,0,
67.0,12.0,0,-240.68850333575392,,0,
68.0,12.0,0,-206.25760939950123,-354.772481,1,-148.5148716004988
69.0,12.0,0,-148.08909067464992,,0,
70.0,12.0,0,-70.02828911144752,,0,
71.0,12.0,0,15.65160992660094,,0,
72.0,12.0,3,94.28000597946811,167.959399,1,73.67939302053188
73.0,12.0,3,151.4599831798114,,0,
74.0,12.0,3,178.20256305788644,,0,
75.0,12.0,3,167.60385475296061,,0,
76.0,12.0,3,120.36671683227178,393.438981,1,273.07226416772824
77.0,12.0,3,50.04952176823281,,0,
78.0,12.0,3,-25.92404359212378,,0,
79.0,12.0,3,-91.6016880433308,,0,
80.0,12.0,3,-136.42126865132013,-356.296662,1,-219.8753933486799
81.0,12.0,3,-157.932936090976,,0,
82.0,12.0,3,-156.28847738477634,,0,
83.0,12.0,3,-136.07916806815774,,0,
84.0,12.0,3,-103.9065599271562,-218.623771,1,-114.71721107284381
85.0,12.0,3,-67.02228495036252,,0,
86.0,12.0,3,-40.955466148094274,,0,
87.0,12.0,3,-38.80239575356245,,0,
88.0,12.0,3,-64.244305089931,174.42523,1,238.669535089931
89.0,12.0,3,-106.30037508765236,,0,
90.0,12.0,3,-150.44501082177885,,0,
91.0,12.0,3,-185.37340823269915,,0,
92.0,12.0,3,-204.79040099540725,-347.477927,1,-142.68752600459277
93.0,12.0,3,-204.78447093616705,,0,
94.0,12.0,3,-190.64654939930188,,0,
95.0,12.0,3,-167.03326132177608,,0,
96.0,12.0,3,-140.5431151833618,-146.300716,1,-5.757600816638188
97.0,12.0,3,-121.61449474317487,,0,
98.0,12.0,3,-119.5474709453265,,0,
99.0,12.0,3,-136.77623998752097,,0,
100.0,12.0,3,-171.72219990182202,-168.424107,1,3.298092901822031
101.0,12.0,3,-222.43834245717153,,0,
102.0,12.0,3,-287.0121473118779,,0,
103.0,12.0,3,-360.80522800941253,,0,
104.0,12.0,3,-438.32169300006353,-478.359073,1,-40.03737999993649
105.0,12.0,3,-513.0968136612792,,0,
106.0,12.0,3,-578.1150064409594,,0,
107.0,12.0,3,-627.8893758400809,,0,
108.0,12.0,3,-660.0624664038187,-776.85928,1,-116.79681359618132
109.0,12.0,3,-673.150607621239,,0,
110.0,12.0,3,-672.4983579785912,,0,
111.0,12.0,3,-661.497025781835,,0,
112.0,12.0,3,-641.1024867403612,-693.917403,1,-52.814916259638835
113.0,12.0,3,-610.372361119953,,0,
114.0,12.0,3,-571.7185695149528,,0,
115.0,12.0,3,-529.3210922777653,,0,
116.0,12.0,3,-488.122938602115,-368.121004,1,120.001934602115
117.0,12.0,3,-454.38925381103763,,0,
118.0,12.0,3,-427.58882700948743,,0,
119.0,12.0,3,-407.1712407678715,,0,
120.0,12.0,3,-392.98979472357314,-327.398594,1,65.59120072357314
121.0,12.0,3,-385.4006085606525,,0,
122.0,12.0,3,-380.7955244042678,,0,
123.0,12.0,3,-376.0353361197049,,0,
124.0,12.0,3,-369.43099402741063,-448.695112,1,-79.26411797258936
125.0,12.0,3,-358.88528105732985,,0,
126.0,12.0,3,-343.3216286909301,,0,
127.0,12.0,3,-326.26703087822534,,0,
128.0,12.0,3,-311.00737012620084,-379.998609,1,-68.99123887379915
129.0,12.0,3,-298.45938002038747,,0,
130.0,12.0,3,-286.7402828159975,,0,
131.0,12.0,3,-271.12001339904964,,0,
132.0,12.0,1,-245.64659935393138,-434.476408,1,-188.8298086460686
133.0,12.0,1,-205.3202743731672,,0,
134.0,12.0,1,-146.3025885586394,,0,
135.0,12.0,1,-70.59104950970504,,0,
136.0,12.0,1,21.118736259406433,-363.316407,1,-384.43514325940646
137.0,12.0,1,133.86549785651732,,0,
138.0,12.0,1,250.84287680848502,,0,
139.0,12.0,1,356.26682043494657,,0,
140.0,12.0,1,435.5299009839655,1050.849331,1,615.3194300160344
141.0,12.0,1,476.0537816408323,,0,
142.0,12.0,1,468.4798209972214,,0,
143.0,12.0,1,416.73394305515103,,0,
144.0,12.0,1,329.0813340265304,805.036733,1,475.95539897346964
145.0,12.0,1,224.11581396497786,,0,
146.0,12.0,1,121.24472153722309,,0,
147.0,12.0,1,35.366187759442255,,0,
148.0,12.0,1,-23.3241344159469,-242.577485,1,-219.2533505840531
149.0,12.0,1,-47.57643522461876,,0,
150.0,12.0,1,-46.755457702092826,,0,
151.0,12.0,1,-30.36655246419832,,0,
152.0,12.0,1,-6.660982935456559,1.348415,1,8.009397935456558
153.0,12.0,1,16.533842041972093,,0,
154.0,12.0,1,32.85072861262597,,0,
155.0,12.0,1,38.78063017548993,,0,
156.0,12.0,1,32.472162719699554,32.610099,1,0.13793628030044403
157.0,12.0,1,15.102883719373494,,0,
158.0,12.0,1,-11.852354299509898,,0,
159.0,12.0,1,-47.13940817047842,,0,
160.0,12.0,1,-88.41831242758781,-159.080754,1,-70.6624415724122
161.0,12.0,1,-131.73285582987592,,0,
162.0,12.0,1,-176.4070856057806,,0,
163.0,12.0,1,-219.96865979745053,,0,
164.0,12.0,1,-257.3478250161279,-422.569633,1,-165.2218079838721
165.0,12.0,1,-280.4743337777909,,0,
166.0,12.0,1,-290.2240043813363,,0,
167.0,12.0,1,-287.4011220370885,,0,
168.0,12.0,2,-273.4362664516084,-97.080143,1,176.35612345160837
169.0,12.0,2,-249.8034192841733,,0,
170.0,12.0,2,-217.3127856523497,,0,
171.0,12.0,2,-176.48770806286484,,0,
172.0,12.0,2,-128.28452829434536,-139.495573,1,-11.211044705654643
173.0,12.0,2,-74.725008524023,,0,
174.0,12.0,2,-20.158958760788664,,0,
175.0,12.0,2,29.90802045399323,,0,
176.0,12.0,2,71.52375243999995,344.665602,1,273.14184956
177.0,12.0,2,105.00554198818281,,0,
178.0,12.0,2,129.49623504083138,,0,
179.0,12.0,2,142.7616544996854,,0,
180.0,12.0,2,139.279426720459,460.602057,1,321.322630279541
181.0,12.0,2,107.48521613515913,,0,
182.0,12.0,2,53.84847453981638,,0,
183.0,12.0,2,-12.478245093720034,,0,
184.0,12.0,2,-83.10421860357746,-112.997783,1,-29.893564396422533
185.0,12.0,2,-150.04771477170289,,0,
186.0,12.0,2,-205.99996264348738,,0,
187.0,12.0,2,-241.52586128329858,,0,
188.0,12.0,2,-247.63586219982244,-486.987334,1,-239.35147180017753
189.0,12.0,2,-221.2821461763233,,0,
190.0,12.0,2,-173.50499920896254,,0,
191.0,12.0,2,-113.10956916213036,,0,
192.0,12.0,2,-51.029147397726774,-60.689072,1,-9.659924602273229
193.0,12.0,2,2.9962678337469697,,0,
194.0,12.0,2,43.90070788678713,,0,
195.0,12.0,2,72.03172858338803,,0,
196.0,12.0,2,89.62813347857445,-111.261807,1,-200.88994047857446
197.0,12.0,2,96.48855355987325,,0,
198.0,12.0,2,94.7779820538126,,0,
199.0,12.0,2,88.34448211733252,,0,
0.0,13.0,0,206.98333957931027,,0,
1.0,13.0,0,211.6063684122637,,0,
2.0,13.0,0,214.37539880140685,,0,
3.0,13.0,0,213.5863039495889,191.439574,1,-22.146729949588916
4.0,13.0,0,210.08495658868924,,0,
5.0,13.0,0,203.83602603524923,,0,
6.0,13.0,0,195.41752734209877,,0,
7.0,13.0,0,186.27715530514251,148.512453,1,-37.76470230514252
8.0,13.0,0,178.268117306754,,0,
9.0,13.0,0,170.45727998018265,,0,
10.0,13.0,0,161.41289354371838,,0,
11.0,13.0,0,149.1191797121428,266.120158,1,117.00097828785721
12.0,13.0,0,130.94592667091638,,0,
13.0,13.0,0,104.05830079875886,,0,
14.0,13.0,0,67.99105766438879,,0,
15.0,13.0,0,23.991190524655394,282.659677,1,258.6684864753446
16.0,13.0,0,-28.034046102548018,,0,
17.0,13.0,0,-88.42757702758536,,0,
18.0,13.0,0,-151.08784504467621,,0,
19.0,13.0,0,-209.5931470412761,-198.576444,1,11.016703041276088
20.0,13.0,0,-259.7795244923327,,0,
21.0,13.0,0,-298.5443829149008,,0,
22.0,13.0,0,-324.763942924561,,0,
23.0,13.0,0,-339.06256891344674,-401.220829,1,-62.15826008655324
24.0,13.0,0,-342.6586081464775,,0,
25.0,13.0,0,-336.51974390260875,,0,
26.0,13.0,0,-320.73832008137833,,0,
27.0,13.0,0,-294.5938723986037,-311.761432,1,-17.167559601396306
28.0,13.0,0,-257.0891060279682,,0,
29.0,13.0,0,-208.38750317739323,,0,
30.0,13.0,0,-152.39326350111514,,0,
31.0,13.0,0,-94.71162575820927,-47.447063,1,47.264562758209266
32.0,13.0,0,-41.6506872321479,,0,
33.0,13.0,0,3.083649124018848,,0,
34.0,13.0,0,35.96190715569537,,0,
35.0,13.0,0,54.38535213167779,150.625904,1,96.2405518683222
36.0,13.0,0,55.94045874965377,,0,
37.0,13.0,0,44.249496343079954,,0,
38.0,13.0,0,22.57379513164051,,0,
39.0,13.0,0,-6.388482836307958,163.649534,1,170.03801683630795
40.0,13.0,0,-42.17301725468133,,0,
41.0,13.0,0,-76.21953970240429,,0,
42.0,13.0,0,-103.89632886718027,,0,
43.0,13.0,0,-123.90216976008378,-154.090801,1,-30.18863123991622
44.0,13.0,0,-137.15659668925218,,0,
45.0,13.0,0,-145.1903045112267,,0,
46.0,13.0,0,-147.9091949602589,,0,
47.0,13.0,0,-146.00239465606865,-247.536461,1,-101.53406634393136
48.0,13.0,0,-140.5465453201905,,0,
49.0,13.0,0,-132.416377364425,,0,
50.0,13.0,0,-123.47622903017327,,0,
51.0,13.0,0,-116.89037211495452,63.050051,1,179.9404231149545
52.0,13.0,0,-117.38290240499191,,0,
53.0,13.0,0,-120.90643726754934,,0,
54.0,13.0,0,-127.52911334880628,,0,
55.0,13.0,0,-138.61307522433344,46.936274,1,185.54934922433344
56.0,13.0,0,-151.88740623020567,,0,
57.0,13.0,0,-164.94269513711333,,0,
58.0,13.0,0,-176.27237280033296,,0,
59.0,13.0,0,-187.84712647553533,70.561762,1,258.4088884755353
60.0,13.0,0,-206.27719609835185,,0,
61.0,13.0,0,-224.65031988546252,,0,
62.0,13.0,0,-239.65161654783878,,0,
63.0,13.0,0,-250.56900034984574,-148.685386,1,101.88361434984574
64.0,13.0,0,-258.6137101254426,,0,
65.0,13.0,0,-259.74936350784265,,0,
66.0,13.0,0,-250.84858466126025,,0,
67.0,13.0,0,-228.45465518074343,-294.772831,1,-66.31817581925657
68.0,13.0,0,-188.3941796066938,,0,
69.0,13.0,0,-127.91546478075907,,0,
70.0,13.0,0,-50.94464657717617,,0,
71.0,13.0,0,32.73030869109789,77.180721,1,44.450412308902116
72.0,13.0,3,109.27264990884578,,0,
73.0,13.0,3,165.3361431704834,,0,
74.0,13.0,3,190.3063290779828,,0,
75.0,13.0,3,176.0428903584252,459.640893,1,283.5980026415748
76.0,13.0,3,121.98525927914307,,0,
77.0,13.0,3,47.652195481117815,,0,
78.0,13.0,3,-28.708606706699356,,0,
79.0,13.0,3,-90.31766963377595,-308.580949,1,-218.26327936622403
80.0,13.0,3,-126.44675716606434,,0,
81.0,13.0,3,-140.5512420347659,,0,
82.0,13.0,3,-133.777702966996,,0,
83.0,13.0,3,-108.62531718393438,-199.544617,1,-90.9192998160656
84.0,13.0,3,-71.18593748798594,,0,
85.0,13.0,3,-30.298139634542167,,0,
86.0,13.0,3,0.13860881471191533,,0,
87.0,13.0,3,5.909443349693902,335.961899,1,330.0524556503061
88.0,13.0,3,-20.207433204515837,,0,
89.0,13.0,3,-62.12830702937208,,0,
90.0,13.0,3,-105.92744952965586,,0,
91.0,13.0,3,-140.6903472012491,-389.739494,1,-249.04914679875088
92.0,13.0,3,-160.87889131624252,,0,
93.0,13.0,3,-164.57267751079053,,0,
94.0,13.0,3,-153.94151661879732,,0,
95.0,13.0,3,-132.38051067659399,-231.812675,1,-99.43216432340603
96.0,13.0,3,-106.07708512732643,,0,
97.0,13.0,3,-87.04479605902452,,0,
98.0,13.0,3,-84.80220184389327,,0,
99.0,13.0,3,-104.59608279840904,-99.486229,1,5.109853798409048
100.0,13.0,3,-143.8766852929839,,0,
101.0,13.0,3,-198.76349114696495,,0,
102.0,13.0,3,-266.1547766026051,,0,
103.0,13.0,3,-342.1972360209329,-309.133542,1,33.06369402093293
104.0,13.0,3,-422.1708237428393,,0,
105.0,13.0,3,-499.17075651639607,,0,
106.0,13.0,3,-566.0441931538517,,0,
107.0,13.0,3,-616.7467140366207,-778.771369,1,-162.02465496337936
108.0,13.0,3,-650.1156175649376,,0,
109.0,13.0,3,-666.45035255728,,0,
110.0,13.0,3,-668.0189278233738,,0,
111.0,13.0,3,-656.7956945339101,-725.174415,1,-68.37872046608982
112.0,13.0,3,-633.9703023490147,,0,
113.0,13.0,3,-600.7600807741983,,0,
114.0,13.0,3,-560.7931400446105,,0,
115.0,13.0,3,-519.3333524196642,-388.721744,1,130.61160841966415
116.0,13.0,3,-481.3112258569454,,0,
117.0,13.0,3,-450.8264283546305,,0,
118.0,13.0,3,-428.3069974310347,,0,
119.0,13.0,3,-412.69436778791714,-408.049286,1,4.6450817879171495
120.0,13.0,3,-402.9291382819647,,0,
121.0,13.0,3,-397.3765670451103,,0,
122.0,13.0,3,-392.3570281766006,,0,
123.0,13.0,3,-384.62062013940886,-336.20684,1,48.41378013940886
124.0,13.0,3,-374.1193483165698,,0,
125.0,13.0,3,-360.15394474065397,,0,
126.0,13.0,3,-343.98208739061374,,0,
127.0,13.0,3,-328.0211284146644,-334.279564,1,-6.258435585335576
128.0,13.0,3,-314.6887685684487,,0,
129.0,13.0,3,-305.0730815617135,,0,
130.0,13.0,3,-296.7253604141879,,0,
131.0,13.0,1,-283.4676417822484,-395.556497,1,-112.08885521775159
132.0,13.0,1,-256.68293625157094,,0,
133.0,13.0,1,-212.79665832477622,,0,
134.0,13.0,1,-148.65487855416723,,0,
135.0,13.0,1,-64.7002043579705,-410.769942,1,-346.0697376420295
136.0,13.0,1,38.505088000092655,,0,
137.0,13.0,1,159.2945108533604,,0,
138.0,13.0,1,285.4905805780436,,0,
139.0,13.0,1,400.8214597236365,556.869722,1,156.04826227636352
140.0,13.0,1,486.87578706187196,,0,
141.0,13.0,1,533.4733547754586,,0,
142.0,13.0,1,533.596133088111,,0,
143.0,13.0,1,487.19993814406916,1000.412371,1,513.2124328559308
144.0,13.0,1,392.75533726613503,,0,
145.0,13.0,1,276.6288824150106,,0,
146.0,13.0,1,158.63533651677426,,0,
147.0,13.0,1,54.571758075850084,-219.104109,1,-273.6758670758501
148.0,13.0,1,-20.883007887401618,,0,
149.0,13.0,1,-58.5966507489793,,0,
150.0,13.0,1,-61.76806928717997,,0,
151.0,13.0,1,-40.43820107751526,84.38573,1,124.82393107751525
152.0,13.0,1,-5.704069253755733,,0,
153.0,13.0,1,32.1439951127395,,0,
154.0,13.0,1,65.17124473745935,,0,
155.0,13.0,1,88.54594989935867,213.670026,1,125.12407610064133
156.0,13.0,1,97.7768966939766,,0,
157.0,13.0,1,95.19230871181935,,0,
158.0,13.0,1,81.30569740547799,,0,
159.0,13.0,1,56.18571677687578,-28.651347,1,-84.83706377687578
160.0,13.0,1,21.550372009165585,,0,
161.0,13.0,1,-19.73653959890362,,0,
162.0,13.0,1,-65.96827952051535,,0,
163.0,13.0,1,-114.69665040471591,-284.281275,1,-169.58462459528408
164.0,13.0,1,-159.83867836371064,,0,
165.0,13.0,1,-195.1842645779252,,0,
166.0,13.0,1,-218.3923817675095,,0,
167.0,13.0,1,-228.54017534898594,-231.792118,1,-3.2519426510140477
168.0,13.0,2,-227.95525724440813,,0,
169.0,13.0,2,-218.33589016122278,,0,
170.0,13.0,2,-199.70323473180179,,0,
171.0,13.0,2,-171.9682710012421,31.066062,1,203.0343330012421
172.0,13.0,2,-135.4372613587184,,0,
173.0,13.0,2,-91.42008432466537,,0,
174.0,13.0,2,-43.05924102617428,,0,
175.0,13.0,2,4.393118298146874,208.851004,1,204.45788570185312
176.0,13.0,2,43.03425453836098,,0,
177.0,13.0,2,75.47488597978372,,0,
178.0,13.0,2,100.36500529700425,,0,
179.0,13.0,2,113.7270558802411,399.421852,1,285.6947961197589
180.0,13.0,2,110.29604328027926,,0,
181.0,13.0,2,84.96299930755049,,0,
182.0,13.0,2,41.43743818998337,,0,
183.0,13.0,2,-12.668361387681216,5.766613,1,18.434974387681216
184.0,13.0,2,-69.98567153466865,,0,
185.0,13.0,2,-123.34027559659444,,0,
186.0,13.0,2,-165.62765636504628,,0,
187.0,13.0,2,-187.48311804048717,-523.092757,1,-335.60963895951284
188.0,13.0,2,-175.10889041167684,,0,
189.0,13.0,2,-134.7359205149114,,0,
190.0,13.0,2,-74.04181990446523,,0,
191.0,13.0,2,-1.0852433419786394,-192.167582,1,-191.08233865802137
192.0,13.0,2,69.30938411457464,,0,
193.0,13.0,2,124.92648587771691,,0,
194.0,13.0,2,160.6097305690637,,0,
195.0,13.0,2,177.68257666099817,-49.110243,1,-226.79281966099816
196.0,13.0,2,183.46314817783423,,0,
197.0,13.0,2,175.6317164809443,,0,
198.0,13.0,2,156.86824128613807,,0,
199.0,13.0,2,133.24311838299036,-104.131246,1,-237.37436438299036
0.0,14.0,0,199.16634640074335,,0,
1.0,14.0,0,202.52273209905252,,0,
2.0,14.0,0,200.05740891979076,361.815164,1,161.75775508020922
3.0,14.0,0,192.90835801674984,,0,
4.0,14.0,0,183.08527688216418,,0,
5.0,14.0,0,171.19416230078787,,0,
6.0,14.0,0,158.18832174735144,152.262179,1,-5.9261427473514345
7.0,14.0,0,146.03240818111226,,0,
8.0,14.0,0,136.14698234433308,,0,
9.0,14.0,0,127.82982148602605,,0,
10.0,14.0,0,119.11930439271964,133.221358,1,14.102053607280368
11.0,14.0,0,107.23017270630226,,0,
12.0,14.0,0,89.42914521531202,,0,
13.0,14.0,0,62.45804332755506,,0,
14.0,14.0,0,24.443146646255627,96.217764,1,71.77461735374438
15.0,14.0,0,-22.938819184782915,,0,
16.0,14.0,0,-77.34414232871495,,0,
17.0,14.0,0,-135.91035669250414,,0,
18.0,14.0,0,-194.33666565525346,-187.352807,1,6.983858655253442
19.0,14.0,0,-248.5684568984434,,0,
20.0,14.0,0,-294.56256730575114,,0,
21.0,14.0,0,-328.4357849746011,,0,
22.0,14.0,0,-348.28791497135535,-403.524,1,-55.23608502864465
23.0,14.0,0,-355.2606515897205,,0,
24.0,14.0,0,-350.84157027699985,,0,
25.0,14.0,0,-336.3328947997652,,0,
26.0,14.0,0,-312.6943538719788,-188.721345,1,123.9730088719788
27.0,14.0,0,-279.18431655690074,,0,
28.0,14.0,0,-235.65154513553716,,0,
29.0,14.0,0,-184.36249359231442,,0,
30.0,14.0,0,-130.06036985269748,-85.412383,1,44.64798685269747
31.0,14.0,0,-77.69669449352659,,0,
32.0,14.0,0,-32.022338157868944,,0,
33.0,14.0,0,4.057023239322007,,0,
34.0,14.0,0,28.52613241423387,-58.99555,1,-87.52168241423388
35.0,14.0,0,38.499154596589506,,0,
36.0,14.0,0,32.741876570740715,,0,
37.0,14.0,0,14.144253239035606,,0,
38.0,14.0,0,-13.389278181362897,105.256756,1,118.6460341813629
39.0,14.0,0,-47.28945195116103,,0,
40.0,14.0,0,-85.05481443391182,,0,
41.0,14.0,0,-120.81962048192509,,0,
42.0,14.0,0,-149.87400501931552,-250.721655,1,-100.84764998068448
43.0,14.0,0,-170.9659587776987,,0,
44.0,14.0,0,-184.27703039487824,,0,
45.0,14.0,0,-189.61966821504757,,0,
46.0,14.0,0,-186.3691999107832,-249.034633,1,-62.665433089216805
47.0,14.0,0,-176.37607629888225,,0,
48.0,14.0,0,-161.8080143139232,,0,
49.0,14.0,0,-144.6435768699739,,0,
50.0,14.0,0,-127.80583096970804,-74.466875,1,53.33895596970804
51.0,14.0,0,-116.21128390461672,,0,
52.0,14.0,0,-111.91879565292038,,0,
53.0,14.0,0,-113.6959982602857,,0,
54.0,14.0,0,-121.19286321266554,64.619517,1,185.81238021266554
55.0,14.0,0,-137.54270825075218,,0,
56.0,14.0,0,-156.66844728344586,,0,
57.0,14.0,0,-175.13873459864408,,0,
58.0,14.0,0,-191.3834745833301,-70.873942,1,120.5095325833301
59.0,14.0,0,-207.12597141123842,,0,
60.0,14.0,0,-224.9152777516283,,0,
61.0,14.0,0,-241.84537642309442,,0,
62.0,14.0,0,-254.98560615291353,-108.401008,1,146.58459815291354
63.0,14.0,0,-263.4038246279815,,0,
64.0,14.0,0,-266.6599295377964,,0,
65.0,14.0,0,-262.4348361918237,,0,
66.0,14.0,0,-247.99052205693442,-203.821156,1,44.16936605693442
67.0,14.0,0,-219.35940881393617,,0,
68.0,14.0,0,-173.46121546952054,,0,
69.0,14.0,0,-110.23683196934871,,0,
70.0,14.0,0,-33.82583190489095,-109.187516,1,-75.36168409510906
71.0,14.0,0,48.27331994706765,,0,
72.0,14.0,3,122.07510884141084,,0,
73.0,14.0,3,175.14420331839938,,0,
74.0,14.0,3,197.19578327797353,516.500093,1,319.30430972202646
75.0,14.0,3,176.30814218736487,,0,
76.0,14.0,3,121.6955553899752,,0,
77.0,14.0,3,48.71312681376003,,0,
78.0,14.0,3,-24.848185846349224,-321.851983,1,-297.0037971536508
79.0,14.0,3,-78.49413986585569,,0,
80.0,14.0,3,-110.24339446530212,,0,
81.0,14.0,3,-121.2274162673857,,0,
82.0,14.0,3,-112.44965576962568,-187.821058,1,-75.37140223037431
83.0,14.0,3,-84.71049620339181,,0,
84.0,14.0,3,-45.002482788055204,,0,
85.0,14.0,3,-2.402213701978326,,0,
86.0,14.0,3,30.07911528684781,312.410842,1,282.3317267131522
87.0,14.0,3,34.79193643794861,,0,
88.0,14.0,3,13.0882578616729,,0,
89.0,14.0,3,-25.10868826659862,,0,
90.0,14.0,3,-66.64651378072449,-184.819651,1,-118.1731372192755
91.0,14.0,3,-98.59920286448323,,0,
92.0,14.0,3,-117.56415262189694,,0,
93.0,14.0,3,-122.55407548346557,,0,
94.0,14.0,3,-114.57459907035809,-284.154895,1,-169.58029592964192
95.0,14.0,3,-93.94324681261787,,0,
96.0,14.0,3,-70.61053986373008,,0,
97.0,14.0,3,-54.13415953412186,,0,
98.0,14.0,3,-53.21769807393139,196.606753,1,249.82445107393139
99.0,14.0,3,-77.10159181070048,,0,
100.0,14.0,3,-119.76246513467049,,0,
101.0,14.0,3,-177.09053328610025,,0,
102.0,14.0,3,-245.71859269222477,-219.544623,1,26.173969692224773
103.0,14.0,3,-322.3692155741155,,0,
104.0,14.0,3,-401.93661241485097,,0,
105.0,14.0,3,-478.7042039153166,,0,
106.0,14.0,3,-546.3454753792175,-733.725519,1,-187.38004362078243
107.0,14.0,3,-596.6341998389689,,0,
108.0,14.0,3,-631.6144801673363,,0,
109.0,14.0,3,-651.5875629554212,,0,
110.0,14.0,3,-656.661198927759,-684.823387,1,-28.162188072241065
111.0,14.0,3,-646.9145034247776,,0,
112.0,14.0,3,-623.9967308622436,,0,
113.0,14.0,3,-590.2462938842364,,0,
114.0,14.0,3,-550.3206475377665,-493.644052,1,56.6765955377665
115.0,14.0,3,-511.06578416598495,,0,
116.0,14.0,3,-476.54707740957383,,0,
117.0,14.0,3,-450.1139978792053,,0,
118.0,14.0,3,-432.49004667799454,-467.512251,1,-35.02220432200545
119.0,14.0,3,-422.3797402814962,,0,
120.0,14.0,3,-417.61836515029427,,0,
121.0,14.0,3,-415.09489700826816,,0,
122.0,14.0,3,-410.63412317220354,-456.461701,1,-45.82757782779646
123.0,14.0,3,-400.13633634895086,,0,
124.0,14.0,3,-383.8423666667368,,0,
125.0,14.0,3,-363.70667542982846,,0,
126.0,14.0,3,-343.42852458480047,-254.069434,1,89.35909058480047
127.0,14.0,3,-324.3170814936748,,0,
128.0,14.0,3,-308.785675572115,,0,
129.0,14.0,3,-298.7887188651366,,0,
130.0,14.0,3,-291.39013238606276,-346.803889,1,-55.41375661393727
131.0,14.0,1,-278.6469124056166,,0,
132.0,14.0,1,-253.53927365661366,,0,
133.0,14.0,1,-209.44924544158857,,0,
134.0,14.0,1,-141.81574218324386,-443.577089,1,-301.76134681675615
135.0,14.0,1,-52.626522386213765,,0,
136.0,14.0,1,55.26896468002815,,0,
137.0,14.0,1,177.3313292536186,,0,
138.0,14.0,1,303.59042310598306,149.858698,1,-153.73172510598306
139.0,14.0,1,419.8401535912417,,0,
140.0,14.0,1,510.0984810263617,,0,
141.0,14.0,1,560.1209933839273,,0,
142.0,14.0,1,559.9312511386815,1191.355097,1,631.4238458613183
143.0,14.0,1,511.3089581017848,,0,
144.0,14.0,1,418.9624193761265,,0,
145.0,14.0,1,298.94456388952676,,0,
146.0,14.0,1,171.1473852621857,250.813006,1,79.6656207378143
147.0,14.0,1,52.878946146927774,,0,
148.0,14.0,1,-36.79328068922041,,0,
149.0,14.0,1,-84.8794327841606,,0,
150.0,14.0,1,-89.83584629604593,-121.032132,1,-31.196285703954075
151.0,14.0,1,-63.16979710641317,,0,
152.0,14.0,1,-17.937423147493973,,0,
153.0,14.0,1,33.69755691825412,,0,
154.0,14.0,1,81.0983117382275,245.314339,1,164.2160272617725
155.0,14.0,1,119.8142188868951,,0,
156.0,14.0,1,146.93566728406586,,0,
157.0,14.0,1,161.91260938579217,,0,
158.0,14.0,1,164.01057086931542,183.915049,1,19.904478130684595
159.0,14.0,1,151.52157371398062,,0,
160.0,14.0,1,125.12690253159963,,0,
161.0,14.0,1,87.56321509985719,,0,
162.0,14.0,1,41.95835543819703,139.066291,1,97.10793556180298
163.0,14.0,1,-9.719361026072875,,0,
164.0,14.0,1,-60.481274142628536,,0,
165.0,14.0,1,-105.53788653062657,,0,
166.0,14.0,1,-141.64269040478393,-325.237272,1,-183.59458159521608
167.0,14.0,1,-164.43597760028206,,0,
168.0,14.0,2,-178.85818690015003,,0,
169.0,14.0,2,-185.75010759790894,,0,
170.0,14.0,2,-183.6454103901051,12.204299,1,195.8497093901051
171.0,14.0,2,-172.06012369855307,,0,
172.0,14.0,2,-150.55792935029604,,0,
173.0,14.0,2,-119.48385683167726,,0,
174.0,14.0,2,-81.61247526388615,-83.227938,1,-1.615462736113841
175.0,14.0,2,-42.02569773932919,,0,
176.0,14.0,2,-5.861593189183623,,0,
177.0,14.0,2,25.942553094006144,,0,
178.0,14.0,2,51.47268801275641,127.180657,1,75.70796898724359
179.0,14.0,2,65.58718827203847,,0,
180.0,14.0,2,65.90841824491508,,0,
181.0,14.0,2,50.42608419805765,,0,
182.0,14.0,2,21.19704473344609,-3.270645,1,-24.467689733446093
183.0,14.0,2,-15.919055457925424,,0,
184.0,14.0,2,-54.82074414845556,,0,
185.0,14.0,2,-88.59614959359169,,0,
186.0,14.0,2,-109.74884731869679,-357.465114,1,-247.71626668130324
187.0,14.0,2,-109.0246195262298,,0,
188.0,14.0,2,-79.064266982954,,0,
189.0,14.0,2,-23.688251307234168,,0,
190.0,14.0,2,49.64069319306873,-313.621293,1,-363.2619861930687
191.0,14.0,2,137.08727792836726,,0,
192.0,14.0,2,216.05822549480945,,0,
193.0,14.0,2,272.7651229270268,,0,
194.0,14.0,2,303.4653887155,383.074577,1,79.60918828449996
195.0,14.0,2,310.95259289909154,,0,
196.0,14.0,2,300.24184466456063,,0,
197.0,14.0,2,273.87167864013463,,0,
198.0,14.0,2,236.5918491226621,-266.891599,1,-503.4834481226621
199.0,14.0,2,196.0026958314702,,0,
0.0,15.0,0,185.23634776705876,,0,
1.0,15.0,0,188.16113730194047,447.600719,1,259.43958169805956
2.0,15.0,0,180.4621823132038,,0,
3.0,15.0,0,167.86506681749597,,0,
4.0,15.0,0,152.64162614475936,,0,
5.0,15.0,0,135.38880168646574,155.696,1,20.307198313534258
6.0,15.0,0,117.44588127313182,,0,
7.0,15.0,0,101.64743006462231,,0,
8.0,15.0,0,89.47235054359771,,0,
9.0,15.0,0,79.98756680265069,-14.257122,1,-94.24468880265069
10.0,15.0,0,70.85535528813489,,0,
11.0,15.0,0,59.23536100285128,,0,
12.0,15.0,0,41.9439557925798,,0,
13.0,15.0,0,15.23226648196578,121.706606,1,106.47433951803421
14.0,15.0,0,-24.69794863415882,,0,
15.0,15.0,0,-74.40058448002674,,0,
16.0,15.0,0,-129.76145240920596,,0,
17.0,15.0,0,-185.9270582268946,-236.944458,1,-51.01739977310541
18.0,15.0,0,-239.55408884957433,,0,
19.0,15.0,0,-289.2032154139597,,0,
20.0,15.0,0,-330.8602046491578,,0,
21.0,15.0,0,-359.67054224945605,-442.73756,1,-83.06701775054393
22.0,15.0,0,-373.088438742212,,0,
23.0,15.0,0,-373.7318913472118,,0,
24.0,15.0,0,-362.7281948868185,,0,
25.0,15.0,0,-341.06762069347315,-261.395185,1,79.67243569347312
26.0,15.0,0,-311.1498733886983,,0,
27.0,15.0,0,-271.56376686738804,,0,
28.0,15.0,0,-223.0680087900255,,0,
29.0,15.0,0,-169.1988918427378,-100.936271,1,68.26262084273779
30.0,15.0,0,-116.37122956570238,,0,
31.0,15.0,0,-68.51968877576292,,0,
32.0,15.0,0,-29.801141596166417,,0,
33.0,15.0,0,-2.377672044094652,-71.775119,1,-69.39744695590535
34.0,15.0,0,13.529426189372316,,0,
35.0,15.0,0,14.578927255235612,,0,
36.0,15.0,0,0.2942152847535908,,0,
37.0,15.0,0,-26.252356541343033,-40.379784,1,-14.127427458656967
38.0,15.0,0,-60.4687466112664,,0,
39.0,15.0,0,-99.08588317176327,,0,
40.0,15.0,0,-138.80249145347625,,0,
41.0,15.0,0,-175.2459845028352,-225.914996,1,-50.6690114971648
42.0,15.0,0,-204.2556058773771,,0,
43.0,15.0,0,-225.14622812299058,,0,
44.0,15.0,0,-237.36448177695274,,0,
45.0,15.0,0,-240.35334436781704,-366.615907,1,-126.26256263218295
46.0,15.0,0,-231.8101929544937,,0,
47.0,15.0,0,-215.6855391918798,,0,
48.0,15.0,0,-194.65637025341857,,0,
49.0,15.0,0,-171.6411671519745,-81.394956,1,90.24621115197452
50.0,15.0,0,-150.34558179613668,,0,
51.0,15.0,0,-134.75955548556522,,0,
52.0,15.0,0,-127.50050509395078,,0,
53.0,15.0,0,-129.54374737478793,-71.611833,1,57.93191437478792
54.0,15.0,0,-140.440078460495,,0,
55.0,15.0,0,-159.47938025649637,,0,
56.0,15.0,0,-182.68551877280697,,0,
57.0,15.0,0,-206.28431391343474,-234.624518,1,-28.34020408656525
58.0,15.0,0,-227.03850738628535,,0,
59.0,15.0,0,-245.24919968273025,,0,
60.0,15.0,0,-261.5968865607865,,0,
61.0,15.0,0,-275.16313616978005,-263.664137,1,11.498999169780063
62.0,15.0,0,-284.6345724671846,,0,
63.0,15.0,0,-288.6961148303235,,0,
64.0,15.0,0,-286.10309952287935,,0,
65.0,15.0,0,-275.04251956776716,-191.489585,1,83.55293456776715
66.0,15.0,0,-254.3315764402505,,0,
67.0,15.0,0,-219.0053125867562,,0,
68.0,15.0,0,-167.04372890712693,,0,
69.0,15.0,0,-99.96372858528048,-164.939718,1,-64.97598941471952
70.0,15.0,0,-22.33808245981345,,0,
71.0,15.0,0,57.93932504224358,,0,
72.0,15.0,0,128.05421787849627,,0,
73.0,15.0,3,174.62573795369826,409.952075,1,235.32633704630172
74.0,15.0,3,189.63086131730233,,0,
75.0,15.0,3,168.60456393338973,,0,
76.0,15.0,3,118.32154797168914,,0,
77.0,15.0,3,52.661710873711854,-218.558277,1,-271.21998787371183
78.0,15.0,3,-11.971641127602197,,0,
79.0,15.0,3,-61.436724993400276,,0,
80.0,15.0,3,-91.65842162101762,,0,
81.0,15.0,3,-102.4547432725085,-183.110743,1,-80.65599972749152
82.0,15.0,3,-93.87633391306736,,0,
83.0,15.0,3,-67.43698926959769,,0,
84.0,15.0,3,-29.05931297969073,,0,
85.0,15.0,3,11.618410307681188,-67.587969,1,-79.20637930768119
86.0,15.0,3,41.980785844963975,,0,
87.0,15.0,3,50.561922908964334,,0,
88.0,15.0,3,35.96542419376783,,0,
89.0,15.0,3,4.1630130391567945,127.639495,1,123.4764819608432
90.0,15.0,3,-32.2645837647724,,0,
91.0,15.0,3,-61.38285270582128,,0,
92.0,15.0,3,-77.81227799202316,,0,
93.0,15.0,3,-80.87571022077464,-286.040443,1,-205.16473277922535
94.0,15.0,3,-71.98083238030085,,0,
95.0,15.0,3,-54.68714979826473,,0,
96.0,15.0,3,-37.09608935395954,,0,
97.0,15.0,3,-27.200265684514306,442.29487,1,469.4951356845143
98.0,15.0,3,-32.291504683933454,,0,
99.0,15.0,3,-57.511360642442014,,0,
100.0,15.0,3,-100.77544644870795,,0,
101.0,15.0,3,-158.3979057550314,-152.58179,1,5.816115755031376
102.0,15.0,3,-226.21836523299862,,0,
103.0,15.0,3,-300.4568711243337,,0,
104.0,15.0,3,-376.61094018426957,,0,
105.0,15.0,3,-449.4393419036642,-647.266898,1,-197.8275560963358
106.0,15.0,3,-514.1660031267238,,0,
107.0,15.0,3,-566.2308649003389,,0,
108.0,15.0,3,-604.853347425349,,0,
109.0,15.0,3,-629.4697402267775,-656.70424,1,-27.234499773222524
110.0,15.0,3,-638.8921184380306,,0,
111.0,15.0,3,-632.6620237918105,,0,
112.0,15.0,3,-611.8782881168299,,0,
113.0,15.0,3,-579.2539019816322,-658.073518,1,-78.81961601836781
114.0,15.0,3,-540.8159926386725,,0,
115.0,15.0,3,-503.3027168303961,,0,
116.0,15.0,3,-471.9214941453247,,0,
117.0,15.0,3,-450.3233634725475,-446.268176,1,4.055187472547516
118.0,15.0,3,-438.631084462686,,0,
119.0,15.0,3,-434.93678934825584,,0,
120.0,15.0,3,-436.2781345344265,,0,
121.0,15.0,3,-438.25649729103316,-489.884843,1,-51.62834570896683
122.0,15.0,3,-435.68992651376175,,0,
123.0,15.0,3,-424.36355933872983,,0,
124.0,15.0,3,-403.2897914003697,,0,
125.0,15.0,3,-375.33558940468356,-157.386444,1,217.94914540468355
126.0,15.0,3,-348.32932313729543,,0,
127.0,15.0,3,-320.8862729758257,,0,
128.0,15.0,3,-297.3463200762635,,0,
129.0,15.0,3,-282.6368708930677,-233.578651,1,49.05821989306767
130.0,15.0,3,-272.5325162761728,,0,
131.0,15.0,1,-259.56523637496866,,0,
132.0,15.0,1,-236.31028200458968,,0,
133.0,15.0,1,-194.38383966789115,-455.339509,1,-260.95566933210887
134.0,15.0,1,-126.29621183767449,,0,
135.0,15.0,1,-38.32789120473899,,0,
136.0,15.0,1,66.49112411681563,,0,
137.0,15.0,1,183.03765476786066,198.666504,1,15.628849232139345
138.0,15.0,1,302.2082800223725,,0,
139.0,15.0,1,412.77565119811334,,0,
140.0,15.0,1,500.8294085008092,,0,
141.0,15.0,1,550.474142038729,1062.948701,1,512.474558961271
142.0,15.0,1,545.3999886305537,,0,
143.0,15.0,1,497.1426212962251,,0,
144.0,15.0,1,409.7527225683443,,0,
145.0,15.0,1,289.68430278857704,470.54225,1,180.85794721142298
146.0,15.0,1,155.98610456928145,,0,
147.0,15.0,1,28.862053859746084,,0,
148.0,15.0,1,-70.98918457777472,,0,
149.0,15.0,1,-125.69626014959067,-440.907269,1,-315.2110088504093
150.0,15.0,1,-129.7733981211204,,0,
151.0,15.0,1,-99.56802018149756,,0,
152.0,15.0,1,-47.04359460272826,,0,
153.0,15.0,1,16.347336889244616,280.221248,1,263.8739111107554
154.0,15.0,1,75.97585893131327,,0,
155.0,15.0,1,130.36672648531385,,0,
156.0,15.0,1,175.6293373585213,,0,
157.0,15.0,1,209.52675096667372,220.388886,1,10.862135033326297
158.0,15.0,1,229.78831146890298,,0,
159.0,15.0,1,232.31586472177878,,0,
160.0,15.0,1,215.1427721627988,,0,
161.0,15.0,1,181.76462407864165,252.400096,1,70.63547192135835
162.0,15.0,1,137.37052931031212,,0,
163.0,15.0,1,86.32017356250435,,0,
164.0,15.0,1,33.794883102877066,,0,
165.0,15.0,1,-16.05412431783043,-131.060943,1,-115.00681868216958
166.0,15.0,1,-59.801004235167056,,0,
167.0,15.0,2,-95.83147881249897,,0,
168.0,15.0,2,-126.42532370891422,,0,
169.0,15.0,2,-151.4472829522565,-231.171224,1,-79.7239410477435
170.0,15.0,2,-167.34939602506347,,0,
171.0,15.0,2,-174.1679554139264,,0,
172.0,15.0,2,-170.25536996428855,,0,
173.0,15.0,2,-154.23847277881578,-230.818801,1,-76.58032822118423
174.0,15.0,2,-129.08926158351824,,0,
175.0,15.0,2,-98.96100514009595,,0,
176.0,15.0,2,-67.41285264585167,,0,
177.0,15.0,2,-37.1677517790813,140.205052,1,177.3728037790813
178.0,15.0,2,-11.296879886533134,,0,
179.0,15.0,2,6.563649236224592,,0,
180.0,15.0,2,14.30045053223148,,0,
181.0,15.0,2,11.078282285481691,-51.62456,1,-62.702842285481694
182.0,15.0,2,-1.7840564318466932,,0,
183.0,15.0,2,-20.292716963682324,,0,
184.0,15.0,2,-38.65659390948713,,0,
185.0,15.0,2,-49.886648593936116,-28.503191,1,21.383457593936114
186.0,15.0,2,-46.78247429069597,,0,
187.0,15.0,2,-21.724925002083182,,0,
188.0,15.0,2,29.50514412811026,,0,
189.0,15.0,2,104.86912833061069,-85.697352,1,-190.5664803306107
190.0,15.0,2,196.78651348268613,,0,
191.0,15.0,2,295.0532938763499,,0,
192.0,15.0,2,380.2364107109606,,0,
193.0,15.0,2,435.5135011081584,712.019164,1,276.50566289184167
194.0,15.0,2,459.7114075764548,,0,
195.0,15.0,2,456.0412612273358,,0,
196.0,15.0,2,427.86601125239395,,0,
197.0,15.0,2,380.71369772870094,18.99801,1,-361.7156877287009
198.0,15.0,2,323.15484804380685,,0,
199.0,15.0,2,263.6048742644489,,0,
0.0,16.0,0,160.45630295574665,343.430565,1,182.97426204425335
1.0,16.0,0,159.66729490784928,,0,
2.0,16.0,0,150.71035770350136,,0,
3.0,16.0,0,135.7346432809718,,0,
4.0,16.0,0,117.16938728746027,158.124758,1,40.95537071253975
5.0,16.0,0,95.52434223238379,,0,
6.0,16.0,0,73.4489971655421,,0,
7.0,16.0,0,54.25634866382461,,0,
8.0,16.0,0,40.37962502497248,-2.621592,1,-43.00121702497248
9.0,16.0,0,29.959565829951316,,0,
10.0,16.0,0,20.364354129415005,,0,
11.0,16.0,0,9.028016339289024,,0,
12.0,16.0,0,-7.690636429004371,12.838709,1,20.529345429004373
13.0,16.0,0,-34.334646069444716,,0,
14.0,16.0,0,-73.1458373235073,,0,
15.0,16.0,0,-122.28987922961824,,0,
16.0,16.0,0,-176.85414569731802,-329.206281,1,-152.35213530268197
17.0,16.0,0,-228.91477093379945,,0,
18.0,16.0,0,-278.3416246990673,,0,
19.0,16.0,0,-323.7860699198209,,0,
20.0,16.0,0,-361.5822206661105,-495.195966,1,-133.61374533388948
21.0,16.0,0,-385.0927442377433,,0,
22.0,16.0,0,-394.88960601226427,,0,
23.0,16.0,0,-392.1068828373682,,0,
24.0,16.0,0,-377.6206262272317,-398.480932,1,-20.8603057727683
25.0,16.0,0,-352.08506693551317,,0,
26.0,16.0,0,-317.0774863061961,,0,
27.0,16.0,0,-272.70780307846144,,0,
28.0,16.0,0,-220.55446856981143,-171.770049,1,48.78441956981143
29.0,16.0,0,-164.9927103444934,,0,
30.0,16.0,0,-111.90167327248491,,0,
31.0,16.0,0,-66.66335462988354,,0,
32.0,16.0,0,-33.601335677318275,-24.507013,1,9.094322677318274
33.0,16.0,0,-13.229041957296431,,0,
34.0,16.0,0,-5.7952406636904925,,0,
35.0,16.0,0,-13.518753497861326,,0,
36.0,16.0,0,-36.830712880473584,-61.603329,1,-24.77261611952642
37.0,16.0,0,-71.51807920751162,,0,
38.0,16.0,0,-112.02799252513796,,0,
39.0,16.0,0,-154.0755739263259,,0,
40.0,16.0,0,-194.71041931968648,-237.826716,1,-43.116296680313525
41.0,16.0,0,-230.2821629163809,,0,
42.0,16.0,0,-258.962975383969,,0,
43.0,16.0,0,-278.9187489631586,,0,
44.0,16.0,0,-288.36151993693784,-485.933811,1,-197.57229106306215
45.0,16.0,0,-287.681554527313,,0,
46.0,16.0,0,-276.94824775727466,,0,
47.0,16.0,0,-257.86778821377084,,0,
48.0,16.0,0,-233.07550303079188,-226.508564,1,6.566939030791872
49.0,16.0,0,-206.8761164151365,,0,
50.0,16.0,0,-183.35173058370128,,0,
51.0,16.0,0,-165.89986924733967,,0,
52.0,16.0,0,-157.74850832886295,-78.39494,1,79.35356832886295
53.0,16.0,0,-162.10913514706772,,0,
54.0,16.0,0,-176.87023356650025,,0,
55.0,16.0,0,-199.41919005382806,,0,
56.0,16.0,0,-226.07392236212036,-157.064434,1,69.00948836212035
57.0,16.0,0,-253.8392040989129,,0,
58.0,16.0,0,-277.8665669010952,,0,
59.0,16.0,0,-296.9187811310403,,0,
60.0,16.0,0,-311.2289510171395,-361.197445,1,-49.96849398286054
61.0,16.0,0,-320.91456888249377,,0,
62.0,16.0,0,-325.57644583599176,,0,
63.0,16.0,0,-324.44121266016737,,0,
64.0,16.0,0,-316.4432548423065,-241.085285,1,75.35796984230649
65.0,16.0,0,-299.6875912595424,,0,
66.0,16.0,0,-271.8785382368369,,0,
67.0,16.0,0,-229.53790347231552,,0,
68.0,16.0,0,-171.3347853551386,-302.193706,1,-130.85892064486143
69.0,16.0,0,-100.33450514642755,,0,
70.0,16.0,0,-21.907233412843198,,0,
71.0,16.0,0,56.38600383710582,,0,
72.0,16.0,0,123.23308336659102,366.225847,1,242.99276363340897
73.0,16.0,3,163.14747937303036,,0,
74.0,16.0,3,174.18427223619074,,0,
75.0,16.0,3,154.99693716759793,,0,
76.0,16.0,3,110.63397576357238,-36.932773,1,-147.56674876357238
77.0,16.0,3,53.505362096533645,,0,
78.0,16.0,3,-2.494266689987853,,0,
79.0,16.0,3,-47.21773170528468,,0,
80.0,16.0,3,-76.65218324912712,-69.379117,1,7.273066249127126
81.0,16.0,3,-88.75785440264735,,0,
82.0,16.0,3,-82.56006494839676,,0,
83.0,16.0,3,-59.1375224608928,,0,
84.0,16.0,3,-23.46757924457779,-161.838886,1,-138.3713067554222
85.0,16.0,3,14.668797923775855,,0,
86.0,16.0,3,44.07122532223002,,0,
87.0,16.0,3,56.4518335609464,,0,
88.0,16.0,3,49.49361287140346,232.973074,1,183.47946112859654
89.0,16.0,3,24.05436743235623,,0,
90.0,16.0,3,-6.830508029437624,,0,
91.0,16.0,3,-32.07041628006846,,0,
92.0,16.0,3,-44.61043607699685,-312.670689,1,-268.06025292300313
93.0,16.0,3,-44.37588528776541,,0,
94.0,16.0,3,-34.16964223125251,,0,
95.0,16.0,3,-19.656392488395795,,0,
96.0,16.0,3,-8.910266074715764,409.802418,1,418.71268407471575
97.0,16.0,3,-6.792650141054764,,0,
98.0,16.0,3,-17.83286629751092,,0,
99.0,16.0,3,-45.0879285861738,,0,
100.0,16.0,3,-87.55240982257237,-4.223414,1,83.32899582257237
101.0,16.0,3,-143.3404361338471,,0,
102.0,16.0,3,-207.08804577135015,,0,
103.0,16.0,3,-275.5943760689115,,0,
104.0,16.0,3,-345.7233557876607,-429.410116,1,-83.68676021233932
105.0,16.0,3,-412.4653771861922,,0,
106.0,16.0,3,-474.1130289362045,,0,
107.0,16.0,3,-527.7752033301513,,0,
108.0,16.0,3,-571.1183810117655,-582.887652,1,-11.769270988234553
109.0,16.0,3,-601.5193613216979,,0,
110.0,16.0,3,-616.2540911020187,,0,
111.0,16.0,3,-614.1505289272172,,0,
112.0,16.0,3,-596.6343652461655,-689.123028,1,-92.48866275383443
113.0,16.0,3,-565.9327753019752,,0,
114.0,16.0,3,-529.8104367335909,,0,
115.0,16.0,3,-494.8576452299312,,0,
116.0,16.0,3,-466.8271241997718,-380.6378,1,86.18932419977176
117.0,16.0,3,-450.9845366580412,,0,
118.0,16.0,3,-445.95629116357304,,0,
119.0,16.0,3,-449.6085305858869,,0,
120.0,16.0,3,-458.6220551060396,-467.803058,1,-9.181002893960397
121.0,16.0,3,-467.1298038321547,,0,
122.0,16.0,3,-468.8601332345861,,0,
123.0,16.0,3,-459.0151727013872,,0,
124.0,16.0,3,-436.05122556415154,-463.214489,1,-27.163263435848478
125.0,16.0,3,-403.15004199987743,,0,
126.0,16.0,3,-365.34647632436827,,0,
127.0,16.0,3,-324.9725196182262,,0,
128.0,16.0,3,-287.5550761206541,24.135069,1,311.6901451206541
129.0,16.0,3,-263.7904644770315,,0,
130.0,16.0,3,-246.12570400343975,,0,
131.0,16.0,1,-228.43716970237438,,0,
132.0,16.0,1,-203.75484889384825,-409.231596,1,-205.47674710615178
133.0,16.0,1,-161.00656211539172,,0,
134.0,16.0,1,-99.89831443224102,,0,
135.0,16.0,1,-21.76101367501542,,0,
136.0,16.0,1,72.51731892902171,-50.713558,1,-123.23087692902172
137.0,16.0,1,176.47959720192011,,0,
138.0,16.0,1,281.5551570142852,,0,
139.0,16.0,1,378.4308672854677,,0,
140.0,16.0,1,454.8221501127118,684.537375,1,229.71522488728817
141.0,16.0,1,492.8296711554285,,0,
142.0,16.0,1,488.1347641380271,,0,
143.0,16.0,1,445.44479435367975,,0,
144.0,16.0,1,367.5253932897467,845.07847,1,477.5530767102533
145.0,16.0,1,250.7921223344747,,0,
146.0,16.0,1,118.58019262406742,,0,
147.0,16.0,1,-9.975493244826794,,0,
148.0,16.0,1,-114.18569111567922,-594.338071,1,-480.1523798843208
149.0,16.0,1,-167.99960286647547,,0,
150.0,16.0,1,-176.23410004959442,,0,
151.0,16.0,1,-148.9886355677154,,0,
152.0,16.0,1,-96.31221623381134,-71.960354,1,24.351862233811346
153.0,16.0,1,-28.474484162405133,,0,
154.0,16.0,1,44.96111369825667,,0,
155.0,16.0,1,116.71455437643453,,0,
156.0,16.0,1,179.43832895951346,434.692967,1,255.25463804048655
157.0,16.0,1,232.07882452360354,,0,
158.0,16.0,1,272.3616322646849,,0,
159.0,16.0,1,292.3425041931914,,0,
160.0,16.0,1,284.67858194187284,679.61685,1,394.93826805812716
161.0,16.0,1,256.2340227609966,,0,
162.0,16.0,1,215.31436659255996,,0,
163.0,16.0,1,167.2938578738831,,0,
164.0,16.0,1,116.43741676025093,144.530281,1,28.092864239749076
165.0,16.0,1,65.55263503571041,,0,
166.0,16.0,1,17.43946062680334,,0,
167.0,16.0,2,-28.129616553196684,,0,
168.0,16.0,2,-73.09756240202114,-128.300592,1,-55.203029597978855
169.0,16.0,2,-114.59795245411806,,0,
170.0,16.0,2,-148.8825242498424,,0,
171.0,16.0,2,-174.4055960101541,,0,
172.0,16.0,2,-189.0027220058255,-344.493841,1,-155.49111899417449
173.0,16.0,2,-188.48229458206333,,0,
174.0,16.0,2,-177.17008993285708,,0,
175.0,16.0,2,-157.62690802209545,,0,
176.0,16.0,2,-132.23959098791238,66.314358,1,198.55394898791238
177.0,16.0,2,-104.6743527292274,,0,
178.0,16.0,2,-78.32645064464305,,0,
179.0,16.0,2,-55.97478709183633,,0,
180.0,16.0,2,-39.404379012295976,26.229635,1,65.63401401229598
181.0,16.0,2,-29.345921380911022,,0,
182.0,16.0,2,-25.572132816538215,,0,
183.0,16.0,2,-25.696330603212118,,0,
184.0,16.0,2,-24.073103132774122,146.680197,1,170.75330013277411
185.0,16.0,2,-13.320246580522507,,0,
186.0,16.0,2,14.011548862792552,,0,
187.0,16.0,2,63.812473804689944,,0,
188.0,16.0,2,138.0423431887757,6.176874,1,-131.8654691887757
189.0,16.0,2,235.43389595719054,,0,
190.0,16.0,2,344.43855060404167,,0,
191.0,16.0,2,452.45996346953325,,0,
192.0,16.0,2,542.9549150425009,999.249399,1,456.2944839574991
193.0,16.0,2,594.1566699729301,,0,
194.0,16.0,2,611.5388887082227,,0,
195.0,16.0,2,596.6609071604908,,0,
196.0,16.0,2,550.6013746121898,631.842583,1,81.24120838781016
197.0,16.0,2,481.8953016861342,,0,
198.0,16.0,2,403.7157262628898,,0,
199.0,16.0,2,325.1813255548477,,0,
0.0,17.0,0,127.06594117544591,,0,
1.0,17.0,0,123.22532723587938,,0,
2.0,17.0,0,113.0861117602326,,0,
3.0,17.0,0,97.10191371943802,166.136227,1,69.03431328056197
4.0,17.0,0,76.6760747586377,,0,
5.0,17.0,0,53.17612332571298,,0,
6.0,17.0,0,28.94934513629414,,0,
7.0,17.0,0,7.3177950088866055,-146.866818,1,-154.1846130088866
8.0,17.0,0,-7.028837465215474,,0,
9.0,17.0,0,-18.205705974949524,,0,
10.0,17.0,0,-28.277149125002325,,0,
11.0,17.0,0,-38.82829695381224,-99.088452,1,-60.26015504618776
12.0,17.0,0,-54.15262879303191,,0,
13.0,17.0,0,-78.55716711538844,,0,
14.0,17.0,0,-114.11996491951868,,0,
15.0,17.0,0,-159.7667345427908,-270.10623,1,-110.33949545720918
16.0,17.0,0,-210.37856280594133,,0,
17.0,17.0,0,-259.7806521952152,,0,
18.0,17.0,0,-305.66558772930875,,0,
19.0,17.0,0,-346.8250773726031,-449.38357,1,-102.5584926273969
20.0,17.0,0,-380.3190152202733,,0,
21.0,17.0,0,-402.233525617281,,0,
22.0,17.0,0,-411.46604176820256,,0,
23.0,17.0,0,-408.0590385852847,-468.849574,1,-60.79053541471529
24.0,17.0,0,-392.59790166071616,,0,
25.0,17.0,0,-365.8400990604423,,0,
26.0,17.0,0,-328.49672381510027,,0,
27.0,17.0,0,-281.1896881922148,-295.217725,1,-14.028036807785156
28.0,17.0,0,-226.6447751893429,,0,
29.0,17.0,0,-169.91194874467328,,0,
30.0,17.0,0,-116.71741739404388,,0,
31.0,17.0,0,-73.12368975696154,63.109971,1,136.23366075696154
32.0,17.0,0,-45.029062193934806,,0,
33.0,17.0,0,-30.437029026681557,,0,
34.0,17.0,0,-29.69311018101871,,0,
35.0,17.0,0,-44.69397282367572,56.25522,1,100.94919282367573
36.0,17.0,0,-76.14896516129375,,0,
37.0,17.0,0,-117.76597364700865,,0,
38.0,17.0,0,-163.0327027007006,,0,
39.0,17.0,0,-206.11741566471756,-427.995171,1,-221.87775533528247
40.0,17.0,0,-245.56647704483476,,0,
41.0,17.0,0,-279.74788214406,,0,
42.0,17.0,0,-306.9677725213114,,0,
43.0,17.0,0,-325.45166311366484,-477.767068,1,-152.31540488633516
44.0,17.0,0,-331.38154570467304,,0,
45.0,17.0,0,-328.2012494574883,,0,
46.0,17.0,0,-316.61612032621633,,0,
47.0,17.0,0,-296.74684074753895,-384.867924,1,-88.12108325246106
48.0,17.0,0,-270.24420528823975,,0,
49.0,17.0,0,-243.4046382312663,,0,
50.0,17.0,0,-220.13561264215969,,0,
51.0,17.0,0,-203.31944539491087,-128.438246,1,74.88119939491088
52.0,17.0,0,-197.00395667832345,,0,
53.0,17.0,0,-203.99173350195633,,0,
54.0,17.0,0,-223.1183882242767,,0,
55.0,17.0,0,-250.85223023197614,-200.484025,1,50.368205231976134
56.0,17.0,0,-282.6248733524699,,0,
57.0,17.0,0,-313.52301827218616,,0,
58.0,17.0,0,-338.95134768262506,,0,
59.0,17.0,0,-357.2920489436947,-368.947046,1,-11.65499705630532
60.0,17.0,0,-368.74858378781937,,0,
61.0,17.0,0,-374.2403561086394,,0,
62.0,17.0,0,-373.9885009705322,,0,
63.0,17.0,0,-367.57776565034874,-328.887371,1,38.690394650348765
64.0,17.0,0,-354.55646154785063,,0,
65.0,17.0,0,-332.25735898595303,,0,
66.0,17.0,0,-298.0401891868096,,0,
67.0,17.0,0,-249.23146028420888,-327.233215,1,-78.0017547157911
68.0,17.0,0,-185.28991194319678,,0,
69.0,17.0,0,-111.64512975869002,,0,
70.0,17.0,0,-34.05080038472079,,0,
71.0,17.0,0,40.26003184262663,65.530738,1,25.27070615737337
72.0,17.0,0,101.45439361355966,,0,
73.0,17.0,3,139.6444572849432,,0,
74.0,17.0,3,151.0045141824521,,0,
75.0,17.0,3,134.88490166771226,224.918152,1,90.03325033228774
76.0,17.0,3,95.73426276328973,,0,
77.0,17.0,3,45.989176801173016,,0,
78.0,17.0,3,-2.633072438009549,,0,
79.0,17.0,3,-41.71629031386692,44.849656,1,86.56594631386693
80.0,17.0,3,-69.7753400291258,,0,
81.0,17.0,3,-83.25988323701313,,0,
82.0,17.0,3,-80.08199962950312,,0,
83.0,17.0,3,-59.980397714301944,-136.954438,1,-76.97404028569807
84.0,17.0,3,-26.625750986044295,,0,
85.0,17.0,3,9.797299825644586,,0,
86.0,17.0,3,39.105206259991974,,0,
87.0,17.0,3,53.305889695184305,238.744912,1,185.4390223048157
88.0,17.0,3,50.81966690227273,,0,
89.0,17.0,3,33.85419129481306,,0,
90.0,17.0,3,10.129827219294384,,0,
91.0,17.0,3,-10.757959343492985,-188.548467,1,-177.790507656507
92.0,17.0,3,-18.958900411234936,,0,
93.0,17.0,3,-16.552084489609115,,0,
94.0,17.0,3,-6.273149909975473,,0,
95.0,17.0,3,6.041093527106568,213.76812,1,207.72702647289344
96.0,17.0,3,10.121354479866568,,0,
97.0,17.0,3,6.00397692315164,,0,
98.0,17.0,3,-9.529319460620172,,0,
99.0,17.0,3,-39.52744705427904,143.162601,1,182.69004805427903
100.0,17.0,3,-81.75337445431796,,0,
101.0,17.0,3,-132.58298926625866,,0,
102.0,17.0,3,-188.35328717480297,,0,
103.0,17.0,3,-247.29457923094742,-418.622973,1,-171.32839376905258
104.0,17.0,3,-308.1677072547609,,0,
105.0,17.0,3,-369.0895917309099,,0,
106.0,17.0,3,-428.5508236507885,,0,
107.0,17.0,3,-483.8974450825481,-452.48488,1,31.4125650825481
108.0,17.0,3,-532.2226546632592,,0,
109.0,17.0,3,-569.0032727806829,,0,
110.0,17.0,3,-589.5690101377841,,0,
111.0,17.0,3,-590.7501191041665,-679.414957,1,-88.66483789583344
112.0,17.0,3,-575.3607922079973,,0,
113.0,17.0,3,-548.2183049865416,,0,
114.0,17.0,3,-515.8924916889518,,0,
115.0,17.0,3,-485.01998057437595,-466.993764,1,18.02621657437595
116.0,17.0,3,-462.176173880056,,0,
117.0,17.0,3,-451.9689417455229,,0,
118.0,17.0,3,-454.24993005982833,,0,
119.0,17.0,3,-466.15181898721494,-393.538533,1,72.61328598721497
120.0,17.0,3,-484.3460326800123,,0,
121.0,17.0,3,-500.98720950540155,,0,
122.0,17.0,3,-508.8759451173828,,0,
123.0,17.0,3,-502.31510453508236,-552.43347,1,-50.1183654649177
124.0,17.0,3,-479.1188078544219,,0,
125.0,17.0,3,-442.05031738698017,,0,
126.0,17.0,3,-394.5409364696825,,0,
127.0,17.0,3,-341.4645576032344,225.64141,1,567.1059676032344
128.0,17.0,3,-290.5896518770023,,0,
129.0,17.0,3,-249.74025606305804,,0,
130.0,17.0,3,-217.73584416066296,,0,
131.0,17.0,1,-188.9954534289427,-85.184972,1,103.81048142894271
132.0,17.0,1,-156.9545208932832,,0,
133.0,17.0,1,-115.55814482376445,,0,
134.0,17.0,1,-63.765566578833386,,0,
135.0,17.0,1,-1.015158593421802,-264.751278,1,-263.7361194065782
136.0,17.0,1,77.39237284462433,,0,
137.0,17.0,1,162.2263360156212,,0,
138.0,17.0,1,246.299541445449,,0,
139.0,17.0,1,321.5019059741171,305.572843,1,-15.92906297411713
140.0,17.0,1,377.54690151149407,,0,
141.0,17.0,1,404.30857459583785,,0,
142.0,17.0,1,398.3278915423434,,0,
143.0,17.0,1,359.73074285360053,798.670796,1,438.94005314639946
144.0,17.0,1,287.97152928530704,,0,
145.0,17.0,1,184.8818697843235,,0,
146.0,17.0,1,64.57570921629667,,0,
147.0,17.0,1,-55.540502870921046,-352.191777,1,-296.65127412907896
148.0,17.0,1,-154.0075226535555,,0,
149.0,17.0,1,-212.12056309438776,,0,
150.0,17.0,1,-228.30723457061686,,0,
151.0,17.0,1,-209.38930323300883,-547.992295,1,-338.6029917669912
152.0,17.0,1,-162.8789127197815,,0,
153.0,17.0,1,-95.09633023594506,,0,
154.0,17.0,1,-12.250907370296773,,0,
155.0,17.0,1,75.64882294554263,425.405959,1,349.75713605445736
156.0,17.0,1,153.16112267645076,,0,
157.0,17.0,1,223.15132893738337,,0,
158.0,17.0,1,282.6567115250509,,0,
159.0,17.0,1,322.2277287063189,915.677785,1,593.4500562936811
160.0,17.0,1,324.51960370887537,,0,
161.0,17.0,1,304.52337019727565,,0,
162.0,17.0,1,270.62302148295566,,0,
163.0,17.0,1,228.2322117406875,493.548427,1,265.3162152593125
164.0,17.0,1,181.35005544871092,,0,
165.0,17.0,1,132.16422141785733,,0,
166.0,17.0,1,82.14070042897947,,0,
167.0,17.0,2,31.096900311415084,250.408843,1,219.3119426885849
168.0,17.0,2,-25.049345618113875,,0,
169.0,17.0,2,-79.60836042626761,,0,
170.0,17.0,2,-128.75218300835695,,0,
171.0,17.0,2,-169.58444257313386,-259.809662,1,-90.22521942686615
172.0,17.0,2,-198.99301020847633,,0,
173.0,17.0,2,-214.79084398923442,,0,
174.0,17.0,2,-218.0519968806766,,0,
175.0,17.0,2,-209.68076541507617,-285.423732,1,-75.7429665849238
176.0,17.0,2,-191.32680358132347,,0,
177.0,17.0,2,-167.79497281787917,,0,
178.0,17.0,2,-141.93663556291722,,0,
179.0,17.0,2,-116.08096555341035,-110.695617,1,5.385348553410353
180.0,17.0,2,-91.61983713251539,,0,
181.0,17.0,2,-68.96509070461616,,0,
182.0,17.0,2,-49.40822168067098,,0,
183.0,17.0,2,-33.115699586225674,250.401819,1,283.51751858622566
184.0,17.0,2,-13.708057054900564,,0,
185.0,17.0,2,16.766221398487687,,0,
186.0,17.0,2,66.04116950975731,,0,
187.0,17.0,2,139.9990837648511,-107.341926,1,-247.3410097648511
188.0,17.0,2,237.7083346717991,,0,
189.0,17.0,2,353.47194024408236,,0,
190.0,17.0,2,475.0293677188456,,0,
191.0,17.0,2,587.4305152227171,1077.52362,1,490.09310477728286
192.0,17.0,2,676.5050751701929,,0,
193.0,17.0,2,728.2874502851628,,0,
194.0,17.0,2,740.7641379549168,,0,
195.0,17.0,2,715.7566721420735,1079.234966,1,363.4782938579265
196.0,17.0,2,650.9657629970461,,0,
197.0,17.0,2,563.6409827116877,,0,
198.0,17.0,2,467.4479947332293,,0,
199.0,17.0,2,372.1874541777652,294.880268,1,-77.30718617776517
0.0,18.0,0,88.21383224986494,,0,
1.0,18.0,0,82.20288329897448,,0,
2.0,18.0,0,71.05829682387412,204.744233,1,133.6859361761259
3.0,18.0,0,54.69409473519772,,0,
4.0,18.0,0,34.00323165755253,,0,
5.0,18.0,0,10.697588373208418,,0,
6.0,18.0,0,-12.720209509134293,-133.073325,1,-120.35311549086572
7.0,18.0,0,-33.18312940420583,,0,
8.0,18.0,0,-48.43645435781218,,0,
9.0,18.0,0,-60.296215411275625,,0,
10.0,18.0,0,-70.61997463181615,-183.030428,1,-112.41045336818385
11.0,18.0,0,-79.28473209217191,,0,
12.0,18.0,0,-91.99883600603789,,0,
13.0,18.0,0,-112.65660944196861,,0,
14.0,18.0,0,-143.4711503307335,-101.432407,1,42.03874333073351
15.0,18.0,0,-184.62358708772808,,0,
16.0,18.0,0,-231.22447431646287,,0,
17.0,18.0,0,-277.6034521777183,,0,
18.0,18.0,0,-319.9549777531065,-487.684804,1,-167.72982624689348
19.0,18.0,0,-357.5170958330855,,0,
20.0,18.0,0,-388.742215481936,,0,
21.0,18.0,0,-410.982212285744,,0,
22.0,18.0,0,-422.0218364589382,-448.729964,1,-26.7081275410618
23.0,18.0,0,-420.15378161659464,,0,
24.0,18.0,0,-405.78652018797584,,0,
25.0,18.0,0,-379.6479343031533,,0,
26.0,18.0,0,-342.3672972409986,-412.391532,1,-70.02423475900139
27.0,18.0,0,-293.9507506159134,,0,
28.0,18.0,0,-238.98824689921457,,0,
29.0,18.0,0,-182.70781153906137,,0,
30.0,18.0,0,-131.0770304503385,-74.801839,1,56.2751914503385
31.0,18.0,0,-91.1213443283923,,0,
32.0,18.0,0,-65.90527442458551,,0,
33.0,18.0,0,-55.34909538924694,,0,
34.0,18.0,0,-59.521933087613434,26.698337,1,86.22027008761343
35.0,18.0,0,-80.64236494945362,,0,
36.0,18.0,0,-115.91124962363392,,0,
37.0,18.0,0,-160.50000932556577,,0,
38.0,18.0,0,-208.12181312113535,-425.047238,1,-216.92542487886465
39.0,18.0,0,-249.775573565159,,0,
40.0,18.0,0,-287.4035773916403,,0,
41.0,18.0,0,-319.35009723948315,,0,
42.0,18.0,0,-343.00316873239353,-385.89065,1,-42.88748126760646
43.0,18.0,0,-357.39364520832896,,0,
44.0,18.0,0,-361.7255960087059,,0,
45.0,18.0,0,-357.6742227955838,,0,
46.0,18.0,0,-346.08820258185733,-450.968551,1,-104.88034841814266
47.0,18.0,0,-325.4403818794526,,0,
48.0,18.0,0,-300.1012951650191,,0,
49.0,18.0,0,-275.1321218498051,,0,
50.0,18.0,0,-254.3687675727997,-328.629418,1,-74.26065042720029
51.0,18.0,0,-239.73349450342357,,0,
52.0,18.0,0,-236.4279906792799,,0,
53.0,18.0,0,-247.2878787686932,,0,
54.0,18.0,0,-271.83018537051976,-277.798044,1,-5.967858629480247
55.0,18.0,0,-306.04122112179175,,0,
56.0,18.0,0,-343.9376449655392,,0,
57.0,18.0,0,-378.5114040519111,,0,
58.0,18.0,0,-404.1878993967548,-445.135529,1,-40.94762960324522
59.0,18.0,0,-420.5621438771486,,0,
60.0,18.0,0,-428.7603208668297,,0,
61.0,18.0,0,-430.095984869753,,0,
62.0,18.0,0,-425.5049508882221,-385.820124,1,39.68482688822206
63.0,18.0,0,-414.6889519649558,,0,
64.0,18.0,0,-396.3359438369516,,0,
65.0,18.0,0,-368.1571300320211,,0,
66.0,18.0,0,-327.92858942085877,-424.344608,1,-96.41601857914122
67.0,18.0,0,-272.6803302888293,,0,
68.0,18.0,0,-205.57072712521767,,0,
69.0,18.0,0,-131.52777713246178,,0,
70.0,18.0,0,-56.388000748702325,-57.523175,1,-1.135174251297677
71.0,18.0,0,13.119823353365064,,0,
72.0,18.0,0,69.38792483753059,,0,
73.0,18.0,3,105.85391452402109,,0,
74.0,18.0,3,118.53277700813487,268.672337,1,150.13955999186516
75.0,18.0,3,104.4738932820037,,0,
76.0,18.0,3,71.41005315445364,,0,
77.0,18.0,3,28.866758809192106,,0,
78.0,18.0,3,-13.672844760818407,-127.999721,1,-114.32687623918159
79.0,18.0,3,-47.63150988717098,,0,
80.0,18.0,3,-72.59100605282583,,0,
81.0,18.0,3,-86.1857840725861,,0,
82.0,18.0,3,-85.38400018704124,-198.934155,1,-113.55015481295877
83.0,18.0,3,-67.2249592281878,,0,
84.0,18.0,3,-37.17404642418842,,0,
85.0,18.0,3,-2.8543199348496273,,0,
86.0,18.0,3,26.969907626044005,204.405835,1,177.435927373956
87.0,18.0,3,42.48676703416277,,0,
88.0,18.0,3,45.29086224545608,,0,
89.0,18.0,3,37.22957928379765,,0,
90.0,18.0,3,22.31834835000336,-6.081626,1,-28.39997435000336
91.0,18.0,3,7.906857825117186,,0,
92.0,18.0,3,0.8254722860874608,,0,
93.0,18.0,3,2.135466640465893,,0,
94.0,18.0,3,9.479241563618416,57.26082,1,47.78157843638159
95.0,18.0,3,16.552356668165885,,0,
96.0,18.0,3,16.817299553527846,,0,
97.0,18.0,3,8.889691247662995,,0,
98.0,18.0,3,-8.911673748865724,167.106854,1,176.01852774886572
99.0,18.0,3,-40.92045837477781,,0,
100.0,18.0,3,-81.24823266037856,,0,
101.0,18.0,3,-125.18019388793618,,0,
102.0,18.0,3,-169.86879952934396,-452.787145,1,-282.91834547065605
103.0,18.0,3,-216.5759343135869,,0,
104.0,18.0,3,-266.87047629457084,,0,
105.0,18.0,3,-321.3796609643614,,0,
106.0,18.0,3,-379.3927824916318,-295.185283,1,84.20749949163178
107.0,18.0,3,-436.95963178179227,,0,
108.0,18.0,3,-489.42300723663357,,0,
109.0,18.0,3,-531.8329533920041,,0,
110.0,18.0,3,-558.5092770222691,-769.786967,1,-211.27768997773092
111.0,18.0,3,-562.4185458724387,,0,
112.0,18.0,3,-549.7600219032029,,0,
113.0,18.0,3,-526.3318506145151,,0,
114.0,18.0,3,-498.4316981565207,-541.286125,1,-42.854426843479246
115.0,18.0,3,-472.2242307260167,,0,
116.0,18.0,3,-455.11351416120306,,0,
117.0,18.0,3,-451.7800337332301,,0,
118.0,18.0,3,-463.10910121854977,-363.067225,1,100.04187621854976
119.0,18.0,3,-485.19487130630296,,0,
120.0,18.0,3,-512.3894428856438,,0,
121.0,18.0,3,-537.2123141658958,,0,
122.0,18.0,3,-551.7814288999652,-642.631106,1,-90.8496771000348
123.0,18.0,3,-548.5014283146593,,0,
124.0,18.0,3,-526.8384055732749,,0,
125.0,18.0,3,-487.41926830878947,,0,
126.0,18.0,3,-431.93784867372597,-294.827303,1,137.110545673726
127.0,18.0,3,-367.1478513708571,,0,
128.0,18.0,3,-301.1629751549917,,0,
129.0,18.0,3,-241.8131878079148,,0,
130.0,18.0,3,-193.06424030248309,279.610018,1,472.6742583024831
131.0,18.0,1,-150.07855728035793,,0,
132.0,18.0,1,-108.48195896320976,,0,
133.0,18.0,1,-66.17711200891063,,0,
134.0,18.0,1,-21.033327834680676,10.48074,1,31.514067834680677
135.0,18.0,1,28.94990061665885,,0,
136.0,18.0,1,85.94304496521363,,0,
137.0,18.0,1,146.3510671396507,,0,
138.0,18.0,1,205.49823668407043,-115.683921,1,-321.18215768407043
139.0,18.0,1,255.50718050217256,,0,
140.0,18.0,1,289.28842007240746,,0,
141.0,18.0,1,302.7179397555301,,0,
142.0,18.0,1,293.2345126561122,429.231959,1,135.99744634388782
143.0,18.0,1,256.8636499241693,,0,
144.0,18.0,1,192.10572817991488,,0,
145.0,18.0,1,102.74231511168182,,0,
146.0,18.0,1,-1.583753097918816,157.7184,1,159.30215309791882
147.0,18.0,1,-109.61519380914979,,0,
148.0,18.0,1,-201.33630840526894,,0,
149.0,18.0,1,-261.89320962608326,,0,
150.0,18.0,1,-285.58544739498757,-671.204306,1,-385.6188586050124
151.0,18.0,1,-276.39335545769427,,0,
152.0,18.0,1,-239.7047564634122,,0,
153.0,18.0,1,-177.59042325615883,,0,
154.0,18.0,1,-92.277179227327,-203.596601,1,-111.319421772673
155.0,18.0,1,3.08398844092153,,0,
156.0,18.0,1,95.53396711568348,,0,
157.0,18.0,1,181.16247096215375,,0,
158.0,18.0,1,254.55956093943678,655.641096,1,401.08153506056317
159.0,18.0,1,306.2979611493647,,0,
160.0,18.0,1,327.58665741072036,,0,
161.0,18.0,1,323.2146939446684,,0,
162.0,18.0,1,300.40624377771746,610.623912,1,310.21766822228255
163.0,18.0,1,266.41748420568183,,0,
164.0,18.0,1,226.05730453971773,,0,
165.0,18.0,1,180.4349742694758,,0,
166.0,18.0,1,129.0288445588667,469.937551,1,340.9087064411333
167.0,18.0,2,72.80790154181886,,0,
168.0,18.0,2,12.209204515442252,,0,
169.0,18.0,2,-49.43863417557441,,0,
170.0,18.0,2,-108.6330303302966,-130.851265,1,-22.218234669703406
171.0,18.0,2,-160.34544399473816,,0,
172.0,18.0,2,-200.81749769765884,,0,
173.0,18.0,2,-228.90667695598677,,0,
174.0,18.0,2,-244.5909352430608,-391.52475,1,-146.93381475693917
175.0,18.0,2,-245.62570708279964,,0,
176.0,18.0,2,-236.25500932731666,,0,
177.0,18.0,2,-218.96075066411868,,0,
178.0,18.0,2,-195.4694211492315,-359.588198,1,-164.11877685076848
179.0,18.0,2,-168.84659772692248,,0,
180.0,18.0,2,-139.80117758363485,,0,
181.0,18.0,2,-107.65590332006104,,0,
182.0,18.0,2,-74.39689177414402,153.350431,1,227.747322774144
183.0,18.0,2,-44.79917546350043,,0,
184.0,18.0,2,-9.843876150785945,,0,
185.0,18.0,2,37.773790899664164,,0,
186.0,18.0,2,104.9863407521043,-88.243953,1,-193.2302937521043
187.0,18.0,2,199.5289561552927,,0,
188.0,18.0,2,315.80728493235074,,0,
189.0,18.0,2,445.6244964147918,,0,
190.0,18.0,2,575.8400941421278,795.986743,1,220.14664885787226
191.0,18.0,2,689.5394939570688,,0,
192.0,18.0,2,778.5357242766768,,0,
193.0,18.0,2,830.0098985908553,,0,
194.0,18.0,2,835.0644266863819,1322.968476,1,487.9040493136181
195.0,18.0,2,795.9291639057919,,0,
196.0,18.0,2,718.6991881490685,,0,
197.0,18.0,2,617.5187781522982,,0,
198.0,18.0,2,507.0669264420867,532.358155,1,25.291228557913314
199.0,18.0,2,398.5459498835262,,0,
0.0,19.0,0,45.47186539694667,,0,
1.0,19.0,0,37.98172653885558,123.043548,1,85.06182146114442
2.0,19.0,0,26.399785192217678,,0,
3.0,19.0,0,10.425214875489473,,0,
4.0,19.0,0,-9.386965786572546,,0,
5.0,19.0,0,-31.115991949569434,-42.262399,1,-11.146407050430568
6.0,19.0,0,-52.007779215462506,,0,
7.0,19.0,0,-69.96472911257297,,0,
8.0,19.0,0,-83.81021903827786,,0,
9.0,19.0,0,-94.11999403499067,-178.180954,1,-84.06095996500935
10.0,19.0,0,-101.96460060914978,,0,
11.0,19.0,0,-108.78036978561431,,0,
12.0,19.0,0,-118.33915402414277,,0,
13.0,19.0,0,-134.2996195065789,-108.605716,1,25.69390350657889
14.0,19.0,0,-159.87856238591485,,0,
15.0,19.0,0,-195.71603411529213,,0,
16.0,19.0,0,-238.15258667711169,,0,
17.0,19.0,0,-281.4157262959052,-394.616157,1,-113.2004307040948
18.0,19.0,0,-320.277556697838,,0,
19.0,19.0,0,-355.8467827523127,,0,
20.0,19.0,0,-387.048810076667,,0,
21.0,19.0,0,-411.4454833578784,-392.258132,1,19.187351357878413
22.0,19.0,0,-425.8684059425723,,0,
23.0,19.0,0,-427.64434635452926,,0,
24.0,19.0,0,-415.96775505691767,,0,
25.0,19.0,0,-391.5196575541049,-450.527249,1,-59.00759144589506
26.0,19.0,0,-355.2670626551844,,0,
27.0,19.0,0,-308.56557783298194,,0,
28.0,19.0,0,-255.37134332978167,,0,
29.0,19.0,0,-201.48200891981833,-167.037849,1,34.44415991981833
30.0,19.0,0,-153.2767456707079,,0,
31.0,19.0,0,-116.43948625656776,,0,
32.0,19.0,0,-94.04839727969375,,0,
33.0,19.0,0,-87.0873205862008,4.205361,1,91.2926815862008
34.0,19.0,0,-95.29080598708242,,0,
35.0,19.0,0,-118.27419900614768,,0,
36.0,19.0,0,-153.14200787735172,,0,
37.0,19.0,0,-195.30998906085733,-391.557246,1,-196.2472569391427
38.0,19.0,0,-239.54867019038647,,0,
39.0,19.0,0,-280.61924143112265,,0,
40.0,19.0,0,-317.0942140732659,,0,
41.0,19.0,0,-346.7943028329173,-451.493252,1,-104.69894916708267
42.0,19.0,0,-366.095295192441,,0,
43.0,19.0,0,-376.7312155524269,,0,
44.0,19.0,0,-379.244231726625,,0,
45.0,19.0,0,-374.29423002223484,-383.291304,1,-8.997073977765183
46.0,19.0,0,-362.16000667610206,,0,
47.0,19.0,0,-343.13563395594247,,0,
48.0,19.0,0,-320.42979173501953,,0,
49.0,19.0,0,-298.34542594710365,-357.533055,1,-59.18762905289634
50.0,19.0,0,-280.4186574779451,,0,
51.0,19.0,0,-269.69578888406977,,0,
52.0,19.0,0,-270.41131607966963,,0,
53.0,19.0,0,-285.82480908895377,-244.784903,1,41.03990608895376
54.0,19.0,0,-316.3336342961993,,0,
55.0,19.0,0,-357.2756332184654,,0,
56.0,19.0,0,-401.56456972437445,,0,
57.0,19.0,0,-440.36460038577206,-601.827882,1,-161.46328161422798
58.0,19.0,0,-466.0060793317389,,0,
59.0,19.0,0,-480.75349952094257,,0,
60.0,19.0,0,-485.894127016305,,0,
61.0,19.0,0,-483.2756860398804,-460.046369,1,23.229317039880357
62.0,19.0,0,-474.8941005994566,,0,
63.0,19.0,0,-460.25644640577957,,0,
64.0,19.0,0,-437.2786818808527,,0,
65.0,19.0,0,-403.0613446792122,-538.367243,1,-135.30589832078783
66.0,19.0,0,-356.61405880749226,,0,
67.0,19.0,0,-297.8937564024236,,0,
68.0,19.0,0,-229.81322277896106,,0,
69.0,19.0,0,-157.0930442608078,174.823929,1,331.9169732608078
70.0,19.0,0,-85.28043646086007,,0,
71.0,19.0,0,-20.518094037426636,,0,
72.0,19.0,0,31.018920704256743,,0,
73.0,19.0,3,64.22093111183494,22.11265,1,-42.10828111183494
74.0,19.0,3,75.69366930075921,,0,
75.0,19.0,3,65.28347676247358,,0,
76.0,19.0,3,38.81894424447091,,0,
77.0,19.0,3,4.018731794203632,-94.268046,1,-98.28677779420363
78.0,19.0,3,-31.477786107105203,,0,
79.0,19.0,3,-61.49250898824539,,0,
80.0,19.0,3,-83.80491249795887,,0,
81.0,19.0,3,-96.59505877894117,-217.030613,1,-120.43555422105882
82.0,19.0,3,-96.39643022103701,,0,
83.0,19.0,3,-81.49719651439227,,0,
84.0,19.0,3,-55.43716013332596,,0,
85.0,19.0,3,-24.297771364625078,272.057965,1,296.3557363646251
86.0,19.0,3,4.587232191523071,,0,
87.0,19.0,3,24.709725396474823,,0,
88.0,19.0,3,35.167004241782706,,0,
89.0,19.0,3,37.026833721407456,87.441134,1,50.41430027859255
90.0,19.0,3,31.005801239516586,,0,
91.0,19.0,3,22.18998544861097,,0,
92.0,19.0,3,15.608109573018737,,0,
93.0,19.0,3,14.060118079010863,-68.078241,1,-82.13835907901087
94.0,19.0,3,17.122338509725523,,0,
95.0,19.0,3,18.43975392181892,,0,
96.0,19.0,3,13.734660400688881,,0,
97.0,19.0,3,1.6562131174141541,232.666477,1,231.01026388258583
98.0,19.0,3,-18.892883047868963,,0,
99.0,19.0,3,-48.69236033200286,,0,
100.0,19.0,3,-83.6781342717004,,0,
101.0,19.0,3,-118.63021802034928,-265.663422,1,-147.03320397965075
102.0,19.0,3,-150.1935924461577,,0,
103.0,19.0,3,-184.00590736418962,,0,
104.0,19.0,3,-223.74649698131543,,0,
105.0,19.0,3,-271.7588393999031,-164.954661,1,106.8041783999031
106.0,19.0,3,-328.7710790759302,,0,
107.0,19.0,3,-388.12563622239395,,0,
108.0,19.0,3,-443.7777076991915,,0,
109.0,19.0,3,-489.88226169359405,-710.306773,1,-220.42451130640598
110.0,19.0,3,-520.0497134239995,,0,
111.0,19.0,3,-529.6450942286756,,0,
112.0,19.0,3,-521.4485401869752,,0,
113.0,19.0,3,-501.63870562636293,-615.468105,1,-113.8293993736371
114.0,19.0,3,-477.2978409701027,,0,
115.0,19.0,3,-456.1451408699213,,0,
116.0,19.0,3,-445.559017215739,,0,
117.0,19.0,3,-449.96795899700373,-335.409044,1,114.55891499700374
118.0,19.0,3,-471.54487618542043,,0,
119.0,19.0,3,-503.8649142141221,,0,
120.0,19.0,3,-540.0367985112825,,0,
121.0,19.0,3,-572.2730144906091,-691.750492,1,-119.47747750939095
122.0,19.0,3,-592.2152150814072,,0,
123.0,19.0,3,-593.1082935679588,,0,
124.0,19.0,3,-573.2595574326115,,0,
125.0,19.0,3,-533.2842030306347,-743.133884,1,-209.8496809693653
126.0,19.0,3,-471.8474904727191,,0,
127.0,19.0,3,-398.42853820417076,,0,
128.0,19.0,3,-319.9217348457314,,0,
129.0,19.0,3,-243.7038220051909,84.426532,1,328.1303540051909
130.0,19.0,3,-180.02538326231297,,0,
131.0,19.0,1,-121.40706039255019,,0,
132.0,19.0,1,-67.76197191828396,,0,
133.0,19.0,1,-22.340510806418024,350.083181,1,372.42369180641805
134.0,19.0,1,19.155516890925355,,0,
135.0,19.0,1,59.51796227844898,,0,
136.0,19.0,1,98.30654568230966,,0,
137.0,19.0,1,134.70455543021671,-63.385735,1,-198.09029043021673
138.0,19.0,1,169.80667266156524,,0,
139.0,19.0,1,194.68657449772581,,0,
140.0,19.0,1,206.05056091176812,,0,
141.0,19.0,1,204.9516640030779,23.629639,1,-181.3220250030779
142.0,19.0,1,190.36238088423852,,0,
143.0,19.0,1,153.87142406823114,,0,
144.0,19.0,1,93.95516950578894,,0,
145.0,19.0,1,14.38886621920392,427.551937,1,413.1630707807961
146.0,19.0,1,-77.57836773077725,,0,
147.0,19.0,1,-172.01985085220076,,0,
148.0,19.0,1,-255.4799541287357,,0,
149.0,19.0,1,-315.9735928614391,-488.086266,1,-172.11267313856092
150.0,19.0,1,-343.8412847884465,,0,
151.0,19.0,1,-342.8395089174155,,0,
152.0,19.0,1,-316.2504842907656,,0,
153.0,19.0,1,-263.9514475327451,-693.303067,1,-429.351619467255
154.0,19.0,1,-180.3123024662491,,0,
155.0,19.0,1,-83.07570848427713,,0,
156.0,19.0,1,17.139528578380123,,0,
157.0,19.0,1,114.32067555421963,211.19141,1,96.87073444578036
158.0,19.0,1,198.319218584802,,0,
159.0,19.0,1,262.5432820706628,,0,
160.0,19.0,1,301.6288346401416,,0,
161.0,19.0,1,315.112406170927,461.63326,1,146.52085382907302
162.0,19.0,1,305.370319530135,,0,
163.0,19.0,1,282.0612207232043,,0,
164.0,19.0,1,250.27899587759748,,0,
165.0,19.0,1,210.40264126681723,374.918803,1,164.5161617331828
166.0,19.0,2,159.10486929723993,,0,
167.0,19.0,2,101.18534788466059,,0,
168.0,19.0,2,39.2009020736441,,0,
169.0,19.0,2,-24.87791678798385,119.141751,1,144.01966778798385
170.0,19.0,2,-89.80342338175979,,0,
171.0,19.0,2,-147.39352622022852,,0,
172.0,19.0,2,-193.51838135858998,,0,
173.0,19.0,2,-227.67019609105773,-323.891417,1,-96.22122090894226
174.0,19.0,2,-250.05508501664735,,0,
175.0,19.0,2,-260.54427690035664,,0,
176.0,19.0,2,-260.66790591937024,,0,
177.0,19.0,2,-250.9450884584803,-399.651003,1,-148.7059145415197
178.0,19.0,2,-231.68096721975598,,0,
179.0,19.0,2,-208.57423618761823,,0,
180.0,19.0,2,-180.62220720690675,,0,
181.0,19.0,2,-144.69196929456666,-166.139101,1,-21.44713170543335
182.0,19.0,2,-104.4596177493222,,0,
183.0,19.0,2,-62.60617026500404,,0,
184.0,19.0,2,-13.899750278797,,0,
185.0,19.0,2,48.50155809381977,-117.880567,1,-166.38212509381975
186.0,19.0,2,130.93955252831802,,0,
187.0,19.0,2,237.38347730832174,,0,
188.0,19.0,2,363.9938640524633,,0,
189.0,19.0,2,501.344158383552,637.134525,1,135.79036661644807
190.0,19.0,2,634.0069952220656,,0,
191.0,19.0,2,751.0876937226858,,0,
192.0,19.0,2,842.503629290266,,0,
193.0,19.0,2,895.1076213391498,1271.571551,1,376.4639296608502
194.0,19.0,2,892.2102491103578,,0,
195.0,19.0,2,841.7786433598958,,0,
196.0,19.0,2,753.583485414274,,0,
197.0,19.0,2,641.1830766219646,669.304862,1,28.121785378035383
198.0,19.0,2,519.1289345286787,,0,
199.0,19.0,2,401.35347628965974,,0,
0.0,20.0,0,-0.5878319300245494,18.942248,1,19.53007993002455
1.0,20.0,0,-9.126663164934143,,0,
2.0,20.0,0,-20.50043558422476,,0,
3.0,20.0,0,-35.284040284343064,,0,
4.0,20.0,0,-53.543646870646626,151.233428,1,204.77707487064663
5.0,20.0,0,-72.78197916061617,,0,
6.0,20.0,0,-90.35569012956694,,0,
7.0,20.0,0,-104.67489360272884,,0,
8.0,20.0,0,-114.95212310622446,-178.498657,1,-63.546533893775546
9.0,20.0,0,-121.36240144399926,,0,
10.0,20.0,0,-124.89816317846999,,0,
11.0,20.0,0,-127.54858995974064,,0,
12.0,20.0,0,-132.38365943310782,-190.32342,1,-57.939760566892176
13.0,20.0,0,-142.0379369421862,,0,
14.0,20.0,0,-161.1909871501848,,0,
15.0,20.0,0,-191.2040947759524,,0,
16.0,20.0,0,-229.00140251079574,-312.228974,1,-83.22757148920425
17.0,20.0,0,-267.9245061208494,,0,
18.0,20.0,0,-305.72745951265097,,0,
19.0,20.0,0,-341.8388543529436,,0,
20.0,20.0,0,-375.26915155746974,-355.407094,1,19.862057557469768
21.0,20.0,0,-403.9102794495411,,0,
22.0,20.0,0,-423.652971776668,,0,
23.0,20.0,0,-430.59081447217613,,0,
24.0,20.0,0,-422.6550819440745,-439.169772,1,-16.51469005592554
25.0,20.0,0,-400.9533292828128,,0,
26.0,20.0,0,-367.38127267430536,,0,
27.0,20.0,0,-323.8187877656892,,0,
28.0,20.0,0,-273.51900444692,-338.645549,1,-65.12654455308001
29.0,20.0,0,-222.9811816692818,,0,
30.0,20.0,0,-178.76990049448796,,0,
31.0,20.0,0,-145.6770516501274,,0,
32.0,20.0,0,-126.41744559141807,-73.489775,1,52.92767059141808
33.0,20.0,0,-122.68552732374519,,0,
34.0,20.0,0,-132.72895885678008,,0,
35.0,20.0,0,-154.89150752779096,,0,
36.0,20.0,0,-186.39392305957153,-227.288967,1,-40.89504394042848
37.0,20.0,0,-222.9169377577491,,0,
38.0,20.0,0,-261.8073317450471,,0,
39.0,20.0,0,-299.97773240460083,,0,
40.0,20.0,0,-334.25551401777193,-388.434598,1,-54.179083982228065
41.0,20.0,0,-360.3631660025567,,0,
42.0,20.0,0,-377.077004733379,,0,
43.0,20.0,0,-385.2795845326036,,0,
44.0,20.0,0,-386.2009079500567,-347.643875,1,38.55703295005674
45.0,20.0,0,-380.44610290881246,,0,
46.0,20.0,0,-368.5567032743711,,0,
47.0,20.0,0,-351.5686720922822,,0,
48.0,20.0,0,-331.8766441112384,-342.586632,1,-10.709987888761589
49.0,20.0,0,-313.1019004592672,,0,
50.0,20.0,0,-298.7029686641181,,0,
51.0,20.0,0,-292.01595891383477,,0,
52.0,20.0,0,-296.81453126471024,-255.792711,1,41.02182026471024
53.0,20.0,0,-316.84879454085603,,0,
54.0,20.0,0,-351.79662876739167,,0,
55.0,20.0,0,-397.94278304092586,,0,
56.0,20.0,0,-447.4003470223397,-586.59193,1,-139.19158297766035
57.0,20.0,0,-488.34560315543786,,0,
58.0,20.0,0,-516.8686888818629,,0,
59.0,20.0,0,-532.0555037963786,,0,
60.0,20.0,0,-534.917010499863,-533.694599,1,1.2224114998629148
61.0,20.0,0,-528.9935024501756,,0,
62.0,20.0,0,-517.0186579691945,,0,
63.0,20.0,0,-499.14068708149716,,0,
64.0,20.0,0,-473.1228944105096,-586.057237,1,-112.93434258949037
65.0,20.0,0,-434.3412111788057,,0,
66.0,20.0,0,-384.1913517321227,,0,
67.0,20.0,0,-323.980677604035,,0,
68.0,20.0,0,-256.5414379781578,-26.550193,1,229.99124497815777
69.0,20.0,0,-186.09771193691995,,0,
70.0,20.0,0,-117.83793232083553,,0,
71.0,20.0,0,-57.429003649100196,,0,
72.0,20.0,0,-10.31503143790178,-16.757271,1,-6.442239562098219
73.0,20.0,3,19.284919848199934,,0,
74.0,20.0,3,29.174377223593183,,0,
75.0,20.0,3,21.093085604312364,,0,
76.0,20.0,3,0.40824381390120834,-21.458986,1,-21.867229813901208
77.0,20.0,3,-27.4287445647642,,0,
78.0,20.0,3,-56.93253184194327,,0,
79.0,20.0,3,-83.26416548769339,,0,
80.0,20.0,3,-103.42931852780748,-43.135307,1,60.294011527807484
81.0,20.0,3,-115.91563218855299,,0,
82.0,20.0,3,-116.51429912954336,,0,
83.0,20.0,3,-104.08043698503752,,0,
84.0,20.0,3,-81.30954937078059,136.294499,1,217.6040483707806
85.0,20.0,3,-52.33741592953447,,0,
86.0,20.0,3,-22.355743843872915,,0,
87.0,20.0,3,3.6676985397643875,,0,
88.0,20.0,3,22.899545886786655,-33.735223,1,-56.63476888678665
89.0,20.0,3,34.84527771943249,,0,
90.0,20.0,3,37.886513869219925,,0,
91.0,20.0,3,34.21826859706198,,0,
92.0,20.0,3,27.99916786578251,-57.235932,1,-85.2350998657825
93.0,20.0,3,24.10571649519261,,0,
94.0,20.0,3,21.221321735123638,,0,
95.0,20.0,3,15.785988174466183,,0,
96.0,20.0,3,4.825205869972706,196.450632,1,191.6254261300273
97.0,20.0,3,-11.528529562521726,,0,
98.0,20.0,3,-32.820166205376154,,0,
99.0,20.0,3,-58.34411984059261,,0,
100.0,20.0,3,-85.06696972151985,-191.056045,1,-105.98907527848016
101.0,20.0,3,-107.50517071923241,,0,
102.0,20.0,3,-127.35655737566412,,0,
103.0,20.0,3,-149.8262777774362,,0,
104.0,20.0,3,-180.46725925593637,-119.455958,1,61.011301255936374
105.0,20.0,3,-224.00059393339325,,0,
106.0,20.0,3,-278.9811004080111,,0,
107.0,20.0,3,-339.3957901452086,,0,
108.0,20.0,3,-397.7625175999128,-517.345017,1,-119.58249940008716
109.0,20.0,3,-447.3938712612726,,0,
110.0,20.0,3,-482.00255162332905,,0,
111.0,20.0,3,-497.2705567096709,,0,
112.0,20.0,3,-493.76415570412064,-582.208668,1,-88.44451229587935
113.0,20.0,3,-477.3251164130197,,0,
114.0,20.0,3,-455.84266951686004,,0,
115.0,20.0,3,-438.8340669468744,,0,
116.0,20.0,3,-435.5195011225878,-331.672033,1,103.84746812258783
117.0,20.0,3,-449.2122540579876,,0,
118.0,20.0,3,-479.4021207463229,,0,
119.0,20.0,3,-520.5758522385731,,0,
120.0,20.0,3,-564.9632233751763,-647.693875,1,-82.73065162482374
121.0,20.0,3,-604.05281747767,,0,
122.0,20.0,3,-629.0541464390117,,0,
123.0,20.0,3,-632.6970322729903,,0,
124.0,20.0,3,-612.3011803700938,-758.094359,1,-145.79317862990627
125.0,20.0,3,-569.9653764173854,,0,
126.0,20.0,3,-508.22873447590973,,0,
127.0,20.0,3,-432.67028961353935,,0,
128.0,20.0,3,-348.98622196458746,-328.818581,1,20.167640964587463
129.0,20.0,3,-264.79206844908185,,0,
130.0,20.0,3,-186.32106117415242,,0,
131.0,20.0,1,-112.26720136613585,,0,
132.0,20.0,1,-44.587987913400866,412.220442,1,456.80842991340086
133.0,20.0,1,5.529986851266585,,0,
134.0,20.0,1,48.58025205985177,,0,
135.0,20.0,1,85.65854303794913,,0,
136.0,20.0,1,113.53703559120186,212.860234,1,99.32319840879813
137.0,20.0,1,133.85372764465865,,0,
138.0,20.0,1,147.66074958629906,,0,
139.0,20.0,1,150.72411268262658,,0,
140.0,20.0,1,141.75236453849357,-200.981663,1,-342.7340275384936
141.0,20.0,1,128.49116852111183,,0,
142.0,20.0,1,103.61111198773142,,0,
143.0,20.0,1,62.23712747823447,,0,
144.0,20.0,1,2.9285838142968714,249.101282,1,246.17269818570313
145.0,20.0,1,-71.01390992291272,,0,
146.0,20.0,1,-153.48391677322797,,0,
147.0,20.0,1,-236.38222345337272,,0,
148.0,20.0,1,-310.13867756177206,-257.680696,1,52.457981561772044
149.0,20.0,1,-366.26005713967606,,0,
150.0,20.0,1,-396.99092691065744,,0,
151.0,20.0,1,-401.7740203591529,,0,
152.0,20.0,1,-381.45495979103725,-602.321887,1,-220.8669272089627
153.0,20.0,1,-334.6593665459659,,0,
154.0,20.0,1,-260.5000563596841,,0,
155.0,20.0,1,-168.36127034551464,,0,
156.0,20.0,1,-68.23838067683391,-229.793524,1,-161.55514332316608
157.0,20.0,1,34.43340989970602,,0,
158.0,20.0,1,127.27493115433026,,0,
159.0,20.0,1,202.94324328913353,,0,
160.0,20.0,1,256.692696956452,336.984048,1,80.29135104354799
161.0,20.0,1,284.8011085127946,,0,
162.0,20.0,1,290.3146782377735,,0,
163.0,20.0,1,279.6132318316959,,0,
164.0,20.0,1,257.51736808544956,263.54637,1,6.029001914550463
165.0,20.0,1,223.2806835504016,,0,
166.0,20.0,2,176.19394287024625,,0,
167.0,20.0,2,120.15585047658533,,0,
168.0,20.0,2,58.76351779536344,97.768502,1,39.00498420463656
169.0,20.0,2,-6.409287075512111,,0,
170.0,20.0,2,-71.40647088899277,,0,
171.0,20.0,2,-129.4078176121693,,0,
172.0,20.0,2,-175.48607865069062,-297.703244,1,-122.21716534930937
173.0,20.0,2,-210.4901999933645,,0,
174.0,20.0,2,-235.8650579265086,,0,
175.0,20.0,2,-252.29546991712414,,0,
176.0,20.0,2,-259.82012050715275,-429.768281,1,-169.94816049284725
177.0,20.0,2,-255.4273746786639,,0,
178.0,20.0,2,-243.9128029793501,,0,
179.0,20.0,2,-228.58181047951803,,0,
180.0,20.0,2,-207.6261822145898,-511.086055,1,-303.4598727854102
181.0,20.0,2,-172.87770765519235,,0,
182.0,20.0,2,-131.14824606478214,,0,
183.0,20.0,2,-83.39270910387859,,0,
184.0,20.0,2,-25.988991637714207,-127.571805,1,-101.58281336228579
185.0,20.0,2,45.87885927828029,,0,
186.0,20.0,2,136.75606890954077,,0,
187.0,20.0,2,248.61568598169833,,0,
188.0,20.0,2,378.0798898199573,376.778213,1,-1.301676819957322
189.0,20.0,2,516.2185233472846,,0,
190.0,20.0,2,650.6902353272308,,0,
191.0,20.0,2,770.2935712225735,,0,
192.0,20.0,2,863.3536822055466,982.292345,1,118.93866279445331
193.0,20.0,2,915.0184030495584,,0,
194.0,20.0,2,911.8569808467291,,0,
195.0,20.0,2,855.476648951415,,0,
196.0,20.0,2,758.2910841796547,934.863028,1,176.57194382034527
197.0,20.0,2,636.2435799983796,,0,
198.0,20.0,2,505.447672580136,,0,
199.0,20.0,2,381.79175756918266,,0,
0.0,21.0,0,-50.0188147816807,,0,
1.0,21.0,0,-59.36081674322486,,0,
2.0,21.0,0,-70.37699509039521,,0,
3.0,21.0,0,-83.44886596966535,12.585749,1,96.03461496966534
4.0,21.0,0,-99.90743825398386,,0,
5.0,21.0,0,-115.84789834357798,,0,
6.0,21.0,0,-129.06125704641454,,0,
7.0,21.0,0,-138.5715682436712,-170.765211,1,-32.193642756328785
8.0,21.0,0,-143.62492268485948,,0,
9.0,21.0,0,-144.28630062006414,,0,
10.0,21.0,0,-141.51310636033304,,0,
11.0,21.0,0,-137.17886298149824,-123.844407,1,13.334455981498238
12.0,21.0,0,-134.33592813275754,,0,
13.0,21.0,0,-136.46102992538363,,0,
14.0,21.0,0,-148.0109067368321,,0,
15.0,21.0,0,-171.50139249674976,-239.407619,1,-67.90622650325025
16.0,21.0,0,-203.87431078404188,,0,
17.0,21.0,0,-240.3242954434827,,0,
18.0,21.0,0,-278.34175414661877,,0,
19.0,21.0,0,-316.68088889331557,-281.73083,1,34.95005889331554
20.0,21.0,0,-354.22398764267564,,0,
21.0,21.0,0,-388.58299432415515,,0,
22.0,21.0,0,-415.15509330737405,,0,
23.0,21.0,0,-428.58122876286507,-508.632984,1,-80.05175523713496
24.0,21.0,0,-425.1951578895096,,0,
25.0,21.0,0,-407.30817518010736,,0,
26.0,21.0,0,-377.37984577193856,,0,
27.0,21.0,0,-337.92497192462906,-447.308526,1,-109.38355407537091
28.0,21.0,0,-290.9335388059262,,0,
29.0,21.0,0,-244.54360381513834,,0,
30.0,21.0,0,-205.09272026934195,,0,
31.0,21.0,0,-176.95368723617867,-118.44251,1,58.51117723617867
32.0,21.0,0,-161.93996888003312,,0,
33.0,21.0,0,-160.2662090677768,,0,
34.0,21.0,0,-170.23655551858246,,0,
35.0,21.0,0,-189.59525209269486,-212.088286,1,-22.493033907305147
36.0,21.0,0,-215.67061905516312,,0,
37.0,21.0,0,-245.62020911020227,,0,
38.0,21.0,0,-277.9943833864527,,0,
39.0,21.0,0,-311.42171856109053,-288.939539,1,22.482179561090504
40.0,21.0,0,-341.822042664513,,0,
41.0,21.0,0,-365.1040135892108,,0,
42.0,21.0,0,-379.67599605896976,,0,
43.0,21.0,0,-385.9622378665954,-363.004907,1,22.957330866595385
44.0,21.0,0,-385.54048138449434,,0,
45.0,21.0,0,-379.08842801395804,,0,
46.0,21.0,0,-367.6795551698888,,0,
47.0,21.0,0,-352.67177543859,-380.717103,1,-28.045327561410033
48.0,21.0,0,-335.9064404934179,,0,
49.0,21.0,0,-320.7472750446759,,0,
50.0,21.0,0,-310.1296449105721,,0,
51.0,21.0,0,-307.2707625461044,-364.556441,1,-57.28567845389563
52.0,21.0,0,-315.74269310594536,,0,
53.0,21.0,0,-338.3344688855577,,0,
54.0,21.0,0,-375.50679841515375,,0,
55.0,21.0,0,-424.47540285484865,-370.971557,1,53.503845854848635
56.0,21.0,0,-476.2637737353798,,0,
57.0,21.0,0,-520.9919831119478,,0,
58.0,21.0,0,-553.085734718712,,0,
59.0,21.0,0,-569.527761412086,-679.920971,1,-110.39320958791404
60.0,21.0,0,-570.4556933736894,,0,
61.0,21.0,0,-562.0728249512613,,0,
62.0,21.0,0,-547.4624791597016,,0,
63.0,21.0,0,-527.0688308459357,-483.194716,1,43.87411484593571
64.0,21.0,0,-498.8394881192362,,0,
65.0,21.0,0,-459.7622063267045,,0,
66.0,21.0,0,-409.6367901598569,,0,
67.0,21.0,0,-350.217565627303,-335.538427,1,14.679138627302962
68.0,21.0,0,-284.762575666653,,0,
69.0,21.0,0,-217.13148587360047,,0,
70.0,21.0,0,-152.29350325698033,,0,
71.0,21.0,0,-95.5277766167419,182.928066,1,278.4558426167419
72.0,21.0,0,-51.910495799034834,,0,
73.0,21.0,3,-25.40085736499168,,0,
74.0,21.0,3,-17.289514946460258,,0,
75.0,21.0,3,-24.74221523781307,-106.920142,1,-82.17792676218693
76.0,21.0,3,-41.30573430703953,,0,
77.0,21.0,3,-64.08361970423721,,0,
78.0,21.0,3,-89.29827659018338,,0,
79.0,21.0,3,-113.18574391852599,-69.921374,1,43.264369918525986
80.0,21.0,3,-132.7315174001269,,0,
81.0,21.0,3,-145.1310079365503,,0,
82.0,21.0,3,-146.61124358535744,,0,
83.0,21.0,3,-135.32543243060354,-76.962729,1,58.362703430603545
84.0,21.0,3,-114.03404087608214,,0,
85.0,21.0,3,-84.71350724855438,,0,
86.0,21.0,3,-50.94609937653877,,0,
87.0,21.0,3,-16.88896901757107,-36.943372,1,-20.054402982428925
88.0,21.0,3,12.993815237423405,,0,
89.0,21.0,3,34.97716810973361,,0,
90.0,21.0,3,46.25545926898485,,0,
91.0,21.0,3,47.21313431573799,-33.502105,1,-80.71523931573799
92.0,21.0,3,41.287280043703504,,0,
93.0,21.0,3,32.590517939883284,,0,
94.0,21.0,3,22.347563848030404,,0,
95.0,21.0,3,9.479514089296572,106.820955,1,97.34144091070343
96.0,21.0,3,-8.165989310655277,,0,
97.0,21.0,3,-27.645450984244235,,0,
98.0,21.0,3,-47.49711278430186,,0,
99.0,21.0,3,-66.57662006263854,-53.26916,1,13.30746006263854
100.0,21.0,3,-82.69888230002834,,0,
101.0,21.0,3,-93.77637485647574,,0,
102.0,21.0,3,-102.28602611963288,,0,
103.0,21.0,3,-114.62306679564063,-186.973435,1,-72.35036820435937
104.0,21.0,3,-137.80007600417593,,0,
105.0,21.0,3,-176.60319612699095,,0,
106.0,21.0,3,-230.28066068334738,,0,
107.0,21.0,3,-292.42542270728154,-328.910698,1,-36.485275292718484
108.0,21.0,3,-354.01368940412067,,0,
109.0,21.0,3,-408.1780574057484,,0,
110.0,21.0,3,-448.27733307357994,,0,
111.0,21.0,3,-469.26441364886705,-548.878506,1,-79.61409235113297
112.0,21.0,3,-470.0909895875957,,0,
113.0,21.0,3,-457.23949748701125,,0,
114.0,21.0,3,-438.4792596200132,,0,
115.0,21.0,3,-423.97178501694,-217.700355,1,206.27143001693997
116.0,21.0,3,-426.8562950467458,,0,
117.0,21.0,3,-447.7780534561025,,0,
118.0,21.0,3,-485.52873275242746,,0,
119.0,21.0,3,-534.1256443039747,-526.349121,1,7.776523303974727
120.0,21.0,3,-585.174100799195,,0,
121.0,21.0,3,-629.8209716559504,,0,
122.0,21.0,3,-658.6822473102948,,0,
123.0,21.0,3,-663.2036541252746,-814.699427,1,-151.4957728747254
124.0,21.0,3,-640.6297219750122,,0,
125.0,21.0,3,-597.543347675004,,0,
126.0,21.0,3,-537.9199451575405,,0,
127.0,21.0,3,-465.3077534592012,-560.982134,1,-95.67438054079878
128.0,21.0,3,-382.20112265460193,,0,
129.0,21.0,3,-295.4619468516903,,0,
130.0,21.0,3,-209.38346809940413,,0,
131.0,21.0,1,-126.63147841463797,257.291537,1,383.923015414638
132.0,21.0,1,-51.97618914372288,,0,
133.0,21.0,1,9.355325170559809,,0,
134.0,21.0,1,60.56367425114149,,0,
135.0,21.0,1,101.88610884768423,363.337703,1,261.45159415231575
136.0,21.0,1,125.97104601340834,,0,
137.0,21.0,1,137.9764728238806,,0,
138.0,21.0,1,139.3309703252744,,0,
139.0,21.0,1,129.18738411343656,-110.459385,1,-239.64676911343656
140.0,21.0,1,107.65773588453885,,0,
141.0,21.0,1,77.59969542082399,,0,
142.0,21.0,1,37.892062765720766,,0,
143.0,21.0,1,-12.391448740381747,44.646099,1,57.03754774038175
144.0,21.0,1,-75.22577254101634,,0,
145.0,21.0,1,-147.11860244208947,,0,
146.0,21.0,1,-223.12733145360835,,0,
147.0,21.0,1,-297.3809179638047,-208.855722,1,88.52519596380469
148.0,21.0,1,-362.6742253017146,,0,
149.0,21.0,1,-412.7028153978754,,0,
150.0,21.0,1,-442.6846693251282,,0,
151.0,21.0,1,-450.2706014350988,-481.494848,1,-31.224246564901193
152.0,21.0,1,-433.97693312959746,,0,
153.0,21.0,1,-393.5627970425412,,0,
154.0,21.0,1,-328.95160343963653,,0,
155.0,21.0,1,-243.73857208224945,-498.199364,1,-254.46079191775056
156.0,21.0,1,-146.10326074413024,,0,
157.0,21.0,1,-43.94108893093653,,0,
158.0,21.0,1,53.10377480706666,,0,
159.0,21.0,1,136.9170017747674,370.684052,1,233.7670502252326
160.0,21.0,1,202.06829926697537,,0,
161.0,21.0,1,245.0410676850006,,0,
162.0,21.0,1,266.266672559781,,0,
163.0,21.0,1,269.15995314042084,125.026196,1,-144.13375714042084
164.0,21.0,1,258.4015521071851,,0,
165.0,21.0,1,231.1092922387179,,0,
166.0,21.0,2,188.67954198108055,,0,
167.0,21.0,2,136.07270063110627,0.114409,1,-135.95829163110628
168.0,21.0,2,77.02345965034328,,0,
169.0,21.0,2,14.551802456146106,,0,
170.0,21.0,2,-46.99376886081882,,0,
171.0,21.0,2,-101.664591640234,-276.170464,1,-174.505872359766
172.0,21.0,2,-143.58999783848412,,0,
173.0,21.0,2,-176.7757204292575,,0,
174.0,21.0,2,-202.61274810892064,,0,
175.0,21.0,2,-221.23688760423101,-294.403651,1,-73.16676339576901
176.0,21.0,2,-232.0203625856666,,0,
177.0,21.0,2,-234.71028533019125,,0,
178.0,21.0,2,-232.17783485981636,,0,
179.0,21.0,2,-225.46120727458037,-516.518068,1,-291.0568607254196
180.0,21.0,2,-211.50358143122867,,0,
181.0,21.0,2,-186.1666814708151,,0,
182.0,21.0,2,-150.49022750463337,,0,
183.0,21.0,2,-104.25130304461345,-129.782393,1,-25.531089955386562
184.0,21.0,2,-45.23442433588207,,0,
185.0,21.0,2,28.803994287271053,,0,
186.0,21.0,2,120.84154097433202,,0,
187.0,21.0,2,232.20366407046095,6.877304,1,-225.32636007046094
188.0,21.0,2,359.6266684550792,,0,
189.0,21.0,2,495.4718822792638,,0,
190.0,21.0,2,629.3467719826149,,0,
191.0,21.0,2,749.9078478934243,862.969402,1,113.06155410657561
192.0,21.0,2,844.9170905312058,,0,
193.0,21.0,2,899.5886860028841,,0,
194.0,21.0,2,899.0787400775589,,0,
195.0,21.0,2,838.9845910267904,1235.872049,1,396.8874579732096
196.0,21.0,2,735.433557968121,,0,
197.0,21.0,2,607.5790359796956,,0,
198.0,21.0,2,472.3065540691605,,0,
199.0,21.0,2,346.26969882426783,-12.362132,1,-358.6318308242678
0.0,22.0,0,-101.70981411170214,,0,
1.0,22.0,0,-112.25665393844247,,0,
2.0,22.0,0,-123.75349067989737,-171.288132,1,-47.53464132010262
3.0,22.0,0,-136.3991672489792,,0,
4.0,22.0,0,-149.78904956555925,,0,
5.0,22.0,0,-161.33828868949786,,0,
6.0,22.0,0,-169.13898154045455,-139.400793,1,29.73818854045456
7.0,22.0,0,-172.82774415728636,,0,
8.0,22.0,0,-171.24392961338162,,0,
9.0,22.0,0,-164.50291961431503,,0,
10.0,22.0,0,-153.70477325865068,-185.308611,1,-31.603837741349338
11.0,22.0,0,-140.43374233494978,,0,
12.0,22.0,0,-128.5146982674487,,0,
13.0,22.0,0,-121.76356582017615,,0,
14.0,22.0,0,-124.49619304435328,-5.962457,1,118.53373604435328
15.0,22.0,0,-141.34157741558738,,0,
16.0,22.0,0,-168.5825820574537,,0,
17.0,22.0,0,-202.74559014011174,,0,
18.0,22.0,0,-241.2758889182005,-257.638235,1,-16.3623460817995
19.0,22.0,0,-282.16437646758277,,0,
20.0,22.0,0,-324.36034477641806,,0,
21.0,22.0,0,-365.31164856627584,,0,
22.0,22.0,0,-399.62301180674694,-478.955389,1,-79.33237719325308
23.0,22.0,0,-419.6871813321486,,0,
24.0,22.0,0,-423.0926391778048,,0,
25.0,22.0,0,-410.281200310681,,0,
26.0,22.0,0,-384.01386049366556,-384.926289,1,-0.912428506334436
27.0,22.0,0,-347.78829923737794,,0,
28.0,22.0,0,-306.01523687527515,,0,
29.0,22.0,0,-265.391328061698,,0,
30.0,22.0,0,-231.62361494556535,-176.071321,1,55.55229394556534
31.0,22.0,0,-209.20186725258827,,0,
32.0,22.0,0,-198.4489057273604,,0,
33.0,22.0,0,-198.70568558899686,,0,
34.0,22.0,0,-207.8112945073517,-285.709266,1,-77.89797149264831
35.0,22.0,0,-223.57821805332787,,0,
36.0,22.0,0,-243.8971735627856,,0,
37.0,22.0,0,-266.88434857851826,,0,
38.0,22.0,0,-291.8442556646187,-177.226406,1,114.61784966461869
39.0,22.0,0,-319.80887028970756,,0,
40.0,22.0,0,-345.6757966680452,,0,
41.0,22.0,0,-365.84362231660634,,0,
42.0,22.0,0,-378.173859307426,-474.547705,1,-96.37384569257398
43.0,22.0,0,-382.60755076276837,,0,
44.0,22.0,0,-380.26889483374543,,0,
45.0,22.0,0,-372.5431381543167,,0,
46.0,22.0,0,-361.1335888991598,-387.842463,1,-26.708874100840205
47.0,22.0,0,-347.4854284316534,,0,
48.0,22.0,0,-334.093111816328,,0,
49.0,22.0,0,-322.9595607602969,,0,
50.0,22.0,0,-315.9505186659517,-454.965795,1,-139.01527633404834
51.0,22.0,0,-316.13542356400285,,0,
52.0,22.0,0,-327.08107405679766,,0,
53.0,22.0,0,-351.18810536083765,,0,
54.0,22.0,0,-388.7616316979402,-232.222104,1,156.53952769794017
55.0,22.0,0,-439.2387215348426,,0,
56.0,22.0,0,-491.8608962590806,,0,
57.0,22.0,0,-538.086705790367,,0,
58.0,22.0,0,-572.0007277609548,-739.527584,1,-167.5268562390453
59.0,22.0,0,-587.4691171203158,,0,
60.0,22.0,0,-588.4548793600406,,0,
61.0,22.0,0,-579.4994426257908,,0,
62.0,22.0,0,-563.8866830181214,-558.445171,1,5.441512018121443
63.0,22.0,0,-542.8953095149482,,0,
64.0,22.0,0,-515.4431809089147,,0,
65.0,22.0,0,-479.0869566851761,,0,
66.0,22.0,0,-432.13553583755856,-498.787297,1,-66.65176116244146
67.0,22.0,0,-376.10165764094563,,0,
68.0,22.0,0,-313.9402236798778,,0,
69.0,22.0,0,-249.62915747240186,,0,
70.0,22.0,0,-188.19949173816713,96.678144,1,284.8776357381671
71.0,22.0,0,-134.3916049893014,,0,
72.0,22.0,0,-93.21322087105364,,0,
73.0,22.0,3,-68.9749407703057,,0,
74.0,22.0,3,-62.55419505632017,-107.020871,1,-44.46667594367983
75.0,22.0,3,-69.62265332997777,,0,
76.0,22.0,3,-84.59048836154398,,0,
77.0,22.0,3,-104.30866992822848,,0,
78.0,22.0,3,-126.68607684125891,-48.823623,1,77.86245384125891
79.0,22.0,3,-149.13631163531682,,0,
80.0,22.0,3,-168.7271794101689,,0,
81.0,22.0,3,-182.0255497514736,,0,
82.0,22.0,3,-185.0842704299721,-236.183946,1,-51.0996755700279
83.0,22.0,3,-174.64589083267492,,0,
84.0,22.0,3,-152.24787126894807,,0,
85.0,22.0,3,-119.66600464854855,,0,
86.0,22.0,3,-79.61849135614466,-126.96406,1,-47.345568643855344
87.0,22.0,3,-35.4220849427802,,0,
88.0,22.0,3,6.393675233703107,,0,
89.0,22.0,3,39.335647200234234,,0,
90.0,22.0,3,58.21963383516413,112.13154,1,53.91190616483587
91.0,22.0,3,62.309428348438814,,0,
92.0,22.0,3,54.3622918035835,,0,
93.0,22.0,3,38.821979811415076,,0,
94.0,22.0,3,19.421462704922305,51.952767,1,32.531304295077696
95.0,22.0,3,-2.4741607267060317,,0,
96.0,22.0,3,-25.035559370182455,,0,
97.0,22.0,3,-45.646645394619554,,0,
98.0,22.0,3,-62.24787502683466,-59.312359,1,2.9355160268346623
99.0,22.0,3,-73.73355937871384,,0,
100.0,22.0,3,-79.42219315227703,,0,
101.0,22.0,3,-79.2578719924204,,0,
102.0,22.0,3,-76.03789373295149,-263.648415,1,-187.6105212670485
103.0,22.0,3,-78.4442614412983,,0,
104.0,22.0,3,-94.6156263423618,,0,
105.0,22.0,3,-129.57656829972984,,0,
106.0,22.0,3,-183.69733234139858,-125.882794,1,57.814538341398574
107.0,22.0,3,-248.70534287963528,,0,
108.0,22.0,3,-314.7775126908964,,0,
109.0,22.0,3,-374.1772367095109,,0,
110.0,22.0,3,-420.0400722711056,-506.267047,1,-86.22697472889439
111.0,22.0,3,-445.8507099119597,,0,
112.0,22.0,3,-452.38596560101723,,0,
113.0,22.0,3,-444.2743526552804,,0,
114.0,22.0,3,-429.3562228989322,-260.496428,1,168.8597948989322
115.0,22.0,3,-418.3781932287966,,0,
116.0,22.0,3,-422.2584809680702,,0,
117.0,22.0,3,-446.2317962428788,,0,
118.0,22.0,3,-489.97293863800587,-320.506909,1,169.46602963800586
119.0,22.0,3,-544.215178506216,,0,
120.0,22.0,3,-598.7445776948298,,0,
121.0,22.0,3,-645.2852110486128,,0,
122.0,22.0,3,-675.1670767282485,-952.961119,1,-277.79404227175155
123.0,22.0,3,-676.6847651244607,,0,
124.0,22.0,3,-654.4020731669152,,0,
125.0,22.0,3,-613.3868527162122,,0,
126.0,22.0,3,-557.4438344754162,-665.44132,1,-107.9974855245838
127.0,22.0,3,-489.36190707888454,,0,
128.0,22.0,3,-411.751234580006,,0,
129.0,22.0,3,-327.9455305573065,,0,
130.0,22.0,3,-240.59884924511425,-275.089996,1,-34.49114675488573
131.0,22.0,1,-154.952162562171,,0,
132.0,22.0,1,-75.85158732964192,,0,
133.0,22.0,1,-6.08671154640615,,0,
134.0,22.0,1,53.49065490002977,359.26963,1,305.77897509997024
135.0,22.0,1,100.44188368669711,,0,
136.0,22.0,1,130.2291116513661,,0,
137.0,22.0,1,143.12859720073175,,0,
138.0,22.0,1,140.8784495666623,57.786058,1,-83.09239156666231
139.0,22.0,1,125.21225440839771,,0,
140.0,22.0,1,94.44056207500398,,0,
141.0,22.0,1,49.72610421385616,,0,
142.0,22.0,1,-6.38353233714588,-188.894494,1,-182.51096166285413
143.0,22.0,1,-68.33408603677526,,0,
144.0,22.0,1,-137.61870272515807,,0,
145.0,22.0,1,-210.56119038490579,,0,
146.0,22.0,1,-282.9590864260681,-227.703077,1,55.25600942606809
147.0,22.0,1,-351.26843736704905,,0,
148.0,22.0,1,-409.1158649667632,,0,
149.0,22.0,1,-452.5028860560851,,0,
150.0,22.0,1,-479.2475426562596,-286.909391,1,192.33815165625958
151.0,22.0,1,-486.74947674991563,,0,
152.0,22.0,1,-473.3963338243193,,0,
153.0,22.0,1,-439.05074185482226,,0,
154.0,22.0,1,-383.47895965725183,-564.117493,1,-180.63853334274813
155.0,22.0,1,-305.2624272762332,,0,
156.0,22.0,1,-213.1294148331508,,0,
157.0,22.0,1,-114.18853126466274,,0,
158.0,22.0,1,-16.112270256038755,13.72172,1,29.833990256038753
159.0,22.0,1,73.27507946873084,,0,
160.0,22.0,1,148.895878251642,,0,
161.0,22.0,1,206.67110402835533,,0,
162.0,22.0,1,244.7135758162476,209.045475,1,-35.6681008162476
163.0,22.0,1,263.98483176133595,,0,
164.0,22.0,1,264.2475950678345,,0,
165.0,22.0,2,244.08781390450895,,0,
166.0,22.0,2,205.87161796714645,101.765276,1,-104.10634196714645
167.0,22.0,2,157.22249733819626,,0,
168.0,22.0,2,102.21365930966567,,0,
169.0,22.0,2,45.615123209543526,,0,
170.0,22.0,2,-8.882788917981088,-110.741259,1,-101.85847008201891
171.0,22.0,2,-55.76232658489607,,0,
172.0,22.0,2,-94.41740006231703,,0,
173.0,22.0,2,-126.41769365780056,,0,
174.0,22.0,2,-152.56445128982887,-200.883367,1,-48.318915710171126
175.0,22.0,2,-172.83233582787216,,0,
176.0,22.0,2,-186.85809934267309,,0,
177.0,22.0,2,-196.04742170730606,,0,
178.0,22.0,2,-203.08646790171042,-155.98672,1,47.09974790171043
179.0,22.0,2,-205.99395049596205,,0,
180.0,22.0,2,-201.66133554233238,,0,
181.0,22.0,2,-187.94376287353225,,0,
182.0,22.0,2,-163.16081361903343,-242.10101,1,-78.94019638096657
183.0,22.0,2,-124.09068409493193,,0,
184.0,22.0,2,-70.56006150704343,,0,
185.0,22.0,2,-1.3915041023865342,,0,
186.0,22.0,2,85.10523081291467,47.888302,1,-37.21692881291467
187.0,22.0,2,190.7760456528049,,0,
188.0,22.0,2,312.325216175057,,0,
189.0,22.0,2,442.996652970789,,0,
190.0,22.0,2,573.5056066603865,605.533421,1,32.02781433961343
191.0,22.0,2,692.7708937949501,,0,
192.0,22.0,2,789.5255239068065,,0,
193.0,22.0,2,848.6483739172108,,0,
194.0,22.0,2,853.020963544026,1463.026223,1,610.005259455974
195.0,22.0,2,790.2585538625717,,0,
196.0,22.0,2,686.1486938949674,,0,
197.0,22.0,2,559.7411507277284,,0,
198.0,22.0,2,427.58128971455153,277.860814,1,-149.72047571455153
199.0,22.0,2,308.1262763980776,,0,
0.0,23.0,0,-154.42349459324032,,0,
1.0,23.0,0,-166.35968087986112,-162.720194,1,3.639486879861124
2.0,23.0,0,-178.62148521607742,,0,
3.0,23.0,0,-190.85965915583074,,0,
4.0,23.0,0,-201.69217303488404,,0,
5.0,23.0,0,-208.7905756207183,-250.226322,1,-41.43574637928171
6.0,23.0,0,-211.14302632817999,,0,
7.0,23.0,0,-208.12156409071758,,0,
8.0,23.0,0,-198.80862871650606,,0,
9.0,23.0,0,-183.2962449407205,-270.222946,1,-86.92670105927948
10.0,23.0,0,-162.87360287155025,,0,
11.0,23.0,0,-140.00858603301458,,0,
12.0,23.0,0,-118.5925286442507,,0,
13.0,23.0,0,-102.86781043093652,-50.02165,1,52.846160430936514
14.0,23.0,0,-97.46778743015602,,0,
15.0,23.0,0,-105.98124767025001,,0,
16.0,23.0,0,-127.4596992903389,,0,
17.0,23.0,0,-158.9902400067076,-142.274027,1,16.71621300670762
18.0,23.0,0,-197.6522801730316,,0,
19.0,23.0,0,-241.00405546929687,,0,
20.0,23.0,0,-287.65094789420255,,0,
21.0,23.0,0,-335.34493769472465,-269.352742,1,65.99219569472467
22.0,23.0,0,-377.2920474462444,,0,
23.0,23.0,0,-406.2971005458385,,0,
24.0,23.0,0,-418.0897100311704,,0,
25.0,23.0,0,-411.13739677798003,-519.258586,1,-108.12118922202
26.0,23.0,0,-389.0571783958003,,0,
27.0,23.0,0,-356.82816913654096,,0,
28.0,23.0,0,-320.4590244011488,,0,
29.0,23.0,0,-286.86796272033826,-200.194125,1,86.67383772033824
30.0,23.0,0,-260.10237829887774,,0,
31.0,23.0,0,-242.7356229161378,,0,
32.0,23.0,0,-235.5575913209468,,0,
33.0,23.0,0,-237.80560275679454,-270.921568,1,-33.11596524320544
34.0,23.0,0,-245.9263024001848,,0,
35.0,23.0,0,-258.12238149531186,,0,
36.0,23.0,0,-273.0365253930213,,0,
37.0,23.0,0,-289.80084698903374,-103.12224,1,186.67860698903374
38.0,23.0,0,-308.47606181621086,,0,
39.0,23.0,0,-329.0549939831253,,0,
40.0,23.0,0,-349.0349212978035,,0,
41.0,23.0,0,-365.56371420342475,-400.107251,1,-34.54353679657527
42.0,23.0,0,-375.2579011892667,,0,
43.0,23.0,0,-377.51711480278755,,0,
44.0,23.0,0,-372.835869850358,,0,
45.0,23.0,0,-363.0511818607338,-316.1755,1,46.87568186073378
46.0,23.0,0,-350.7376984269358,,0,
47.0,23.0,0,-338.57809037482366,,0,
48.0,23.0,0,-328.8239877419546,,0,
49.0,23.0,0,-322.02274881955236,-356.27327,1,-34.25052118044766
50.0,23.0,0,-318.1495422576554,,0,
51.0,23.0,0,-320.2718207606231,,0,
52.0,23.0,0,-332.4515528117772,,0,
53.0,23.0,0,-358.11960577010177,-198.789751,1,159.32985477010178
54.0,23.0,0,-396.89243010093924,,0,
55.0,23.0,0,-445.6313552124193,,0,
56.0,23.0,0,-496.1216478047427,,0,
57.0,23.0,0,-539.7324407054111,-641.753426,1,-102.02098529458885
58.0,23.0,0,-571.0398761116667,,0,
59.0,23.0,0,-586.906290769286,,0,
60.0,23.0,0,-589.0681456349557,,0,
61.0,23.0,0,-580.8823972805403,-622.803919,1,-41.92152171945963
62.0,23.0,0,-565.8534613950178,,0,
63.0,23.0,0,-546.1982354847132,,0,
64.0,23.0,0,-522.0521386133041,,0,
65.0,23.0,0,-491.34886598726735,-586.270883,1,-94.92201701273268
66.0,23.0,0,-450.30633463081904,,0,
67.0,23.0,0,-400.5453629186377,,0,
68.0,23.0,0,-343.8403259735205,,0,
69.0,23.0,0,-283.9318183088908,-233.867069,1,50.06474930889081
70.0,23.0,0,-226.5366332656704,,0,
71.0,23.0,0,-175.3843202186399,,0,
72.0,23.0,0,-135.93070551392157,,0,
73.0,23.0,0,-113.57254167087376,-18.654912,1,94.91762967087377
74.0,23.0,3,-109.14097069751006,,0,
75.0,23.0,3,-116.35284403304104,,0,
76.0,23.0,3,-130.1365026270505,,0,
77.0,23.0,3,-147.21431401767768,-123.765742,1,23.448572017677677
78.0,23.0,3,-167.19492985424586,,0,
79.0,23.0,3,-188.4858004367852,,0,
80.0,23.0,3,-208.46478314267006,,0,
81.0,23.0,3,-223.06940506095998,-214.169297,1,8.90010806095998
82.0,23.0,3,-227.45979141423595,,0,
83.0,23.0,3,-217.76649034378352,,0,
84.0,23.0,3,-193.16333680972457,,0,
85.0,23.0,3,-155.04741697583813,-277.23251,1,-122.18509302416186
86.0,23.0,3,-106.23346276812663,,0,
87.0,23.0,3,-51.045056987786666,,0,
88.0,23.0,3,3.4862500817980617,,0,
89.0,23.0,3,48.32893508684356,128.06273,1,79.73379491315643
90.0,23.0,3,74.44623491339735,,0,
91.0,23.0,3,80.23132704410818,,0,
92.0,23.0,3,67.76650661864551,,0,
93.0,23.0,3,43.0754470359534,116.110986,1,73.0355389640466
94.0,23.0,3,12.998844613364781,,0,
95.0,23.0,3,-17.209218756121118,,0,
96.0,23.0,3,-43.73749079206027,,0,
97.0,23.0,3,-64.15011358843185,-76.869613,1,-12.719499411568151
98.0,23.0,3,-76.441318426223,,0,
99.0,23.0,3,-79.6982103617047,,0,
100.0,23.0,3,-74.50304243236315,,0,
101.0,23.0,3,-63.23774066765327,-262.529347,1,-199.2916063323467
102.0,23.0,3,-48.0052789880865,,0,
103.0,23.0,3,-42.1008310954785,,0,
104.0,23.0,3,-53.95436262071598,,0,
105.0,23.0,3,-87.08991122274892,160.396108,1,247.48601922274892
106.0,23.0,3,-144.17213822514168,,0,
107.0,23.0,3,-212.89217821197235,,0,
108.0,23.0,3,-283.4230883521086,,0,
109.0,23.0,3,-347.4868120532483,-422.358918,1,-74.87210594675173
110.0,23.0,3,-397.89771860610927,,0,
111.0,23.0,3,-429.7556007911917,,0,
112.0,23.0,3,-442.52116386720445,,0,
113.0,23.0,3,-439.3136979084229,-451.897855,1,-12.584157091577083
114.0,23.0,3,-428.0119853982469,,0,
115.0,23.0,3,-419.03510359534994,,0,
116.0,23.0,3,-422.70423517076415,,0,
117.0,23.0,3,-447.17342948168516,-156.840883,1,290.3325464816852
118.0,23.0,3,-495.3888553036086,,0,
119.0,23.0,3,-551.7518624151126,,0,
120.0,23.0,3,-605.0405308264599,,0,
121.0,23.0,3,-647.5732815159718,-990.278059,1,-342.7047774840282
122.0,23.0,3,-672.1277161318576,,0,
123.0,23.0,3,-673.1628048868151,,0,
124.0,23.0,3,-653.0407204526127,,0,
125.0,23.0,3,-615.9714631191455,-622.956836,1,-6.98537288085447
126.0,23.0,3,-565.0097386976704,,0,
127.0,23.0,3,-502.872114343103,,0,
128.0,23.0,3,-432.1218495629728,,0,
129.0,23.0,3,-354.77658522862475,-547.381162,1,-192.60457677137526
130.0,23.0,1,-270.0415082424879,,0,
131.0,23.0,1,-186.07935930986423,,0,
132.0,23.0,1,-106.55477925413288,,0,
133.0,23.0,1,-32.50910915678833,-12.341728,1,20.167381156788327
134.0,23.0,1,33.299189441720955,,0,
135.0,23.0,1,88.01441475911997,,0,
136.0,23.0,1,127.04596676916117,,0,
137.0,23.0,1,146.80233534763101,236.090952,1,89.28861665236897
138.0,23.0,1,148.55680624907836,,0,
139.0,23.0,1,132.28551642340608,,0,
140.0,23.0,1,95.99210305942688,,0,
141.0,23.0,1,41.36439287697431,-231.47771,1,-272.8421028769743
142.0,23.0,1,-26.705667212198023,,0,
143.0,23.0,1,-102.6166164567694,,0,
144.0,23.0,1,-181.90431022562552,,0,
145.0,23.0,1,-258.65045451791957,-357.803963,1,-99.15350848208044
146.0,23.0,1,-330.77125880587846,,0,
147.0,23.0,1,-395.0632372170221,,0,
148.0,23.0,1,-446.4707194908988,,0,
149.0,23.0,1,-482.8813021577662,-396.137605,1,86.74369715776618
150.0,23.0,1,-505.255857195938,,0,
151.0,23.0,1,-510.69059629924595,,0,
152.0,23.0,1,-498.14106409979286,,0,
153.0,23.0,1,-467.411245620111,-411.485538,1,55.925707620110984
154.0,23.0,1,-417.8596845075954,,0,
155.0,23.0,1,-349.47401823243126,,0,
156.0,23.0,1,-266.157699591713,,0,
157.0,23.0,1,-172.68374591402244,-215.919289,1,-43.235543085977554
158.0,23.0,1,-75.87612835713662,,0,
159.0,23.0,1,17.82816505082883,,0,
160.0,23.0,1,103.45376583305188,,0,
161.0,23.0,1,176.02036548149772,299.090352,1,123.06998651850228
162.0,23.0,1,231.4245731397532,,0,
163.0,23.0,1,267.0243642718997,,0,
164.0,23.0,1,279.92315582651645,,0,
165.0,23.0,2,268.22151163965464,244.522554,1,-23.698957639654623
166.0,23.0,2,235.7444398155203,,0,
167.0,23.0,2,189.90217179385945,,0,
168.0,23.0,2,139.05259120184928,,0,
169.0,23.0,2,91.2309322883375,-255.470906,1,-346.7018382883375
170.0,23.0,2,46.85266879457049,,0,
171.0,23.0,2,6.633367653470486,,0,
172.0,23.0,2,-29.06101208133623,,0,
173.0,23.0,2,-61.1595806137193,-106.253674,1,-45.094093386280704
174.0,23.0,2,-89.33687392412685,,0,
175.0,23.0,2,-113.66308987140656,,0,
176.0,23.0,2,-133.13941074325703,,0,
177.0,23.0,2,-149.0944132534787,70.044453,1,219.1388662534787
178.0,23.0,2,-166.63110545021482,,0,
179.0,23.0,2,-179.5469488131348,,0,
180.0,23.0,2,-185.4893028070219,,0,
181.0,23.0,2,-183.8440440868726,-150.476901,1,33.3671430868726
182.0,23.0,2,-171.294475022587,,0,
183.0,23.0,2,-144.4124596081674,,0,
184.0,23.0,2,-101.91529328585602,,0,
185.0,23.0,2,-42.92695519793779,12.592775,1,55.51973019793779
186.0,23.0,2,33.10897871037014,,0,
187.0,23.0,2,128.5030247422401,,0,
188.0,23.0,2,240.85738647077233,,0,
189.0,23.0,2,363.32837062934414,285.995803,1,-77.33256762934411
190.0,23.0,2,486.8613700476708,,0,
191.0,23.0,2,601.7087929453701,,0,
192.0,23.0,2,697.0282495510764,,0,
193.0,23.0,2,757.1628978247754,1104.977525,1,347.8146271752246
194.0,23.0,2,759.5994184003212,,0,
195.0,23.0,2,705.7434075139463,,0,
196.0,23.0,2,611.6169682051986,,0,
197.0,23.0,2,495.50661821383983,653.861346,1,158.3547277861602
198.0,23.0,2,374.0882598424796,,0,
199.0,23.0,2,262.2972664395347,,0,
0.0,24.0,0,-206.86120372917503,-45.332914,1,161.52828972917501
1.0,24.0,0,-219.98880409821868,,0,
2.0,24.0,0,-232.58537161373533,,0,
3.0,24.0,0,-244.09123710310087,,0,
4.0,24.0,0,-252.90351156075485,-320.102806,1,-67.19929443924514
5.0,24.0,0,-255.92046793131158,,0,
6.0,24.0,0,-253.28184481244534,,0,
7.0,24.0,0,-243.99864466674626,,0,
8.0,24.0,0,-226.8430319498293,-244.100113,1,-17.257081050170683
9.0,24.0,0,-202.1761221792549,,0,
10.0,24.0,0,-171.65902709309012,,0,
11.0,24.0,0,-138.51091432827525,,0,
12.0,24.0,0,-107.22816870128736,-162.663153,1,-55.434984298712635
13.0,24.0,0,-81.97190863918513,,0,
14.0,24.0,0,-67.41246259631589,,0,
15.0,24.0,0,-67.58551753452048,,0,
16.0,24.0,0,-83.40474220411852,34.65889,1,118.06363220411852
17.0,24.0,0,-112.46353156492114,,0,
18.0,24.0,0,-151.58940922189504,,0,
19.0,24.0,0,-197.68722281814553,,0,
20.0,24.0,0,-248.48746427334845,-100.969429,1,147.51803527334846
21.0,24.0,0,-303.24663643492386,,0,
22.0,24.0,0,-352.86125261499546,,0,
23.0,24.0,0,-390.5631413888186,,0,
24.0,24.0,0,-411.52078260225244,-580.906993,1,-169.38621039774762
25.0,24.0,0,-410.9671056168154,,0,
26.0,24.0,0,-394.7899035755545,,0,
27.0,24.0,0,-368.15438142302446,,0,
28.0,24.0,0,-337.2899343003519,-198.925577,1,138.36435730035188
29.0,24.0,0,-310.9876770363189,,0,
30.0,24.0,0,-290.7607772680931,,0,
31.0,24.0,0,-278.4019264767412,,0,
32.0,24.0,0,-274.174717343878,-182.01855,1,92.156167343878
33.0,24.0,0,-277.98675582930446,,0,
34.0,24.0,0,-285.1321873161942,,0,
35.0,24.0,0,-293.7345891854493,,0,
36.0,24.0,0,-303.3709151139483,-241.941625,1,61.4292901139483
37.0,24.0,0,-314.07691192021593,,0,
38.0,24.0,0,-326.2105753205251,,0,
39.0,24.0,0,-339.61808603070676,,0,
40.0,24.0,0,-353.0206285896711,-295.953888,1,57.0667405896711
41.0,24.0,0,-365.21039532404393,,0,
42.0,24.0,0,-372.4179958112072,,0,
43.0,24.0,0,-372.69313854095526,,0,
44.0,24.0,0,-365.5375760522438,-370.986461,1,-5.4488849477561985
45.0,24.0,0,-353.5340866743354,,0,
46.0,24.0,0,-340.1967230027076,,0,
47.0,24.0,0,-329.3336274558678,,0,
48.0,24.0,0,-323.4993985244073,-209.105981,1,114.39341752440728
49.0,24.0,0,-320.684707632754,,0,
50.0,24.0,0,-319.7118437893223,,0,
51.0,24.0,0,-322.7836766720284,,0,
52.0,24.0,0,-334.287434437545,-204.256212,1,130.031222437545
53.0,24.0,0,-360.0759851303883,,0,
54.0,24.0,0,-397.5946230827831,,0,
55.0,24.0,0,-443.0315247536637,,0,
56.0,24.0,0,-489.5956405046163,-578.666934,1,-89.07129349538366
57.0,24.0,0,-528.2783506430569,,0,
58.0,24.0,0,-555.9522627084516,,0,
59.0,24.0,0,-571.0446915829089,,0,
60.0,24.0,0,-574.3068064267281,-618.346415,1,-44.039608573271835
61.0,24.0,0,-567.2934333323501,,0,
62.0,24.0,0,-553.8655336699449,,0,
63.0,24.0,0,-536.8577298712917,,0,
64.0,24.0,0,-517.4348418539157,-457.813035,1,59.6218068539157
65.0,24.0,0,-493.5656455132412,,0,
66.0,24.0,0,-462.3958563368069,,0,
67.0,24.0,0,-422.65438476612326,,0,
68.0,24.0,0,-374.15945198736154,-513.110485,1,-138.9510330126385
69.0,24.0,0,-321.1588177261874,,0,
70.0,24.0,0,-268.83686588099226,,0,
71.0,24.0,0,-221.235377777135,,0,
72.0,24.0,0,-183.74137071310543,6.449456,1,190.19082671310542
73.0,24.0,0,-164.48858496302273,,0,
74.0,24.0,3,-160.10417209460866,,0,
75.0,24.0,3,-166.11816247319803,,0,
76.0,24.0,3,-178.19612677866826,-262.014607,1,-83.81848022133175
77.0,24.0,3,-192.20603906497126,,0,
78.0,24.0,3,-209.2397467260016,,0,
79.0,24.0,3,-229.0133700487204,,0,
80.0,24.0,3,-249.50660395959858,-174.049806,1,75.45679795959859
81.0,24.0,3,-265.65018919704016,,0,
82.0,24.0,3,-271.50918357865885,,0,
83.0,24.0,3,-261.90671153354924,,0,
84.0,24.0,3,-234.0213877013739,-311.601691,1,-77.58030329862612
85.0,24.0,3,-188.9195663416467,,0,
86.0,24.0,3,-130.13185916596558,,0,
87.0,24.0,3,-62.99896720668767,,0,
88.0,24.0,3,4.76185209013056,-73.728484,1,-78.49033609013055
89.0,24.0,3,61.00994084277772,,0,
90.0,24.0,3,95.05272750102449,,0,
91.0,24.0,3,101.79813901463058,,0,
92.0,24.0,3,82.46400411736977,203.163289,1,120.69928488263022
93.0,24.0,3,46.84462613076903,,0,
94.0,24.0,3,5.786137232556939,,0,
95.0,24.0,3,-32.03795909171458,,0,
96.0,24.0,3,-61.20339701001649,-125.870372,1,-64.66697498998352
97.0,24.0,3,-80.49223866811371,,0,
98.0,24.0,3,-88.51241701378603,,0,
99.0,24.0,3,-83.41227601387072,,0,
100.0,24.0,3,-65.83402414292505,-198.288471,1,-132.45444685707494
101.0,24.0,3,-41.41019112337381,,0,
102.0,24.0,3,-17.817946355906315,,0,
103.0,24.0,3,-7.6552338364417665,,0,
104.0,24.0,3,-21.164553574300953,315.367912,1,336.53246557430094
105.0,24.0,3,-58.997088704199996,,0,
106.0,24.0,3,-117.98781586450059,,0,
107.0,24.0,3,-189.39166705997195,,0,
108.0,24.0,3,-263.84559346106835,-206.539296,1,57.30629746106834
109.0,24.0,3,-331.82295927079394,,0,
110.0,24.0,3,-386.0087424351368,,0,
111.0,24.0,3,-422.55976887833094,,0,
112.0,24.0,3,-440.6628991672769,-556.917214,1,-116.25431483272303
113.0,24.0,3,-441.10439247859176,,0,
114.0,24.0,3,-433.1311142211198,,0,
115.0,24.0,3,-426.1752369829919,,0,
116.0,24.0,3,-430.35646632278804,-197.959892,1,232.39657432278804
117.0,24.0,3,-457.81213519209996,,0,
118.0,24.0,3,-504.20068340425496,,0,
119.0,24.0,3,-557.4397267433815,,0,
120.0,24.0,3,-604.9085438277689,-950.939812,1,-346.0312681722311
121.0,24.0,3,-639.9627356353449,,0,
122.0,24.0,3,-657.9510849650251,,0,
123.0,24.0,3,-656.8467411930906,,0,
124.0,24.0,3,-638.6644926832523,-584.272112,1,54.39238068325233
125.0,24.0,3,-605.681125144707,,0,
126.0,24.0,3,-560.0954194281949,,0,
127.0,24.0,3,-503.9682590633747,,0,
128.0,24.0,3,-438.98525186860934,-567.846981,1,-128.8617291313907
129.0,24.0,3,-366.9197629011469,,0,
130.0,24.0,1,-289.5640801344998,,0,
131.0,24.0,1,-211.89368314424064,,0,
132.0,24.0,1,-136.94741722394247,-261.592948,1,-124.64553077605751
133.0,24.0,1,-63.422502116300166,,0,
134.0,24.0,1,5.0029606386087835,,0,
135.0,24.0,1,66.03585201280657,,0,
136.0,24.0,1,114.82314558746293,331.683793,1,216.86064741253705
137.0,24.0,1,142.98383048095275,,0,
138.0,24.0,1,153.22108969278634,,0,
139.0,24.0,1,142.29644894052763,,0,
140.0,24.0,1,104.85175930947298,46.844714,1,-58.00704530947298
141.0,24.0,1,45.22127375844866,,0,
142.0,24.0,1,-30.32714440720156,,0,
143.0,24.0,1,-116.25699429214,,0,
144.0,24.0,1,-205.51889422279783,-490.005829,1,-284.4869347772022
145.0,24.0,1,-286.558989993413,,0,
146.0,24.0,1,-361.0936445229454,,0,
147.0,24.0,1,-424.640096862684,,0,
148.0,24.0,1,-471.3732428436633,-656.276102,1,-184.90285915633672
149.0,24.0,1,-502.311255431734,,0,
150.0,24.0,1,-519.0342805846594,,0,
151.0,24.0,1,-520.6597002872732,,0,
152.0,24.0,1,-507.1462745682802,-352.696009,1,154.4502655682802
153.0,24.0,1,-478.45173334144056,,0,
154.0,24.0,1,-434.36459329747595,,0,
155.0,24.0,1,-375.24868804460857,,0,
156.0,24.0,1,-302.1297868853435,-416.154755,1,-114.02496811465653
157.0,24.0,1,-215.38973426795565,,0,
158.0,24.0,1,-121.7232125478331,,0,
159.0,24.0,1,-25.757554828189313,,0,
160.0,24.0,1,68.73227010155097,24.155265,1,-44.57700510155097
161.0,24.0,1,155.07575803180225,,0,
162.0,24.0,1,226.58441147976555,,0,
163.0,24.0,1,277.9655344616622,,0,
164.0,24.0,1,304.79737994470634,426.621214,1,121.82383405529367
165.0,24.0,2,302.8686156591866,,0,
166.0,24.0,2,277.58735464676283,,0,
167.0,24.0,2,236.5087727913633,,0,
168.0,24.0,2,189.9854318993166,-202.860804,1,-392.84623589931664
169.0,24.0,2,152.61616343585774,,0,
170.0,24.0,2,117.18781266221777,,0,
171.0,24.0,2,82.30452131479979,,0,
172.0,24.0,2,49.40639863302931,59.424629,1,10.018230366970691
173.0,24.0,2,16.781044924631715,,0,
174.0,24.0,2,-16.466068940935656,,0,
175.0,24.0,2,-48.83947871113196,,0,
176.0,24.0,2,-77.92929957807064,-90.691855,1,-12.762555421929363
177.0,24.0,2,-105.2148936430458,,0,
178.0,24.0,2,-131.8736405549571,,0,
179.0,24.0,2,-153.9904636272695,,0,
180.0,24.0,2,-169.4961911707651,-33.678497,1,135.8176941707651
181.0,24.0,2,-180.09828705200925,,0,
182.0,24.0,2,-180.56211109133437,,0,
183.0,24.0,2,-167.57558168191463,,0,
184.0,24.0,2,-139.36038498580456,-226.305464,1,-86.94507901419544
185.0,24.0,2,-94.72080709482543,,0,
186.0,24.0,2,-32.155496277380735,,0,
187.0,24.0,2,50.47480530128814,,0,
188.0,24.0,2,151.81717314454727,-90.906847,1,-242.72402014454727
189.0,24.0,2,263.9077081065625,,0,
190.0,24.0,2,377.38574062427506,,0,
191.0,24.0,2,483.69331946922466,,0,
192.0,24.0,2,572.9362463639118,626.784468,1,53.84822163608817
193.0,24.0,2,629.033143427223,,0,
194.0,24.0,2,636.7257757401094,,0,
195.0,24.0,2,595.678703575395,,0,
196.0,24.0,2,517.1534083441366,695.298118,1,178.1447096558635
197.0,24.0,2,416.3168821968138,,0,
198.0,24.0,2,308.25417395401746,,0,
199.0,24.0,2,206.4582858644426,,0,
0.0,25.0,0,-257.86127588897943,,0,
1.0,25.0,0,-271.711420921376,,0,
2.0,25.0,0,-284.03931711707264,,0,
3.0,25.0,0,-294.07225300278515,-357.613892,1,-63.541638997214875
4.0,25.0,0,-300.2095662059728,,0,
5.0,25.0,0,-300.42418388975784,,0,
6.0,25.0,0,-293.8643663143739,,0,
7.0,25.0,0,-279.41977644711733,-324.58624,1,-45.16646355288265
8.0,25.0,0,-255.18683419423178,,0,
9.0,25.0,0,-222.1246406461578,,0,
10.0,25.0,0,-181.93949655001052,,0,
11.0,25.0,0,-138.28718064678833,-76.832725,1,61.45445564678833
12.0,25.0,0,-96.9064298872836,,0,
13.0,25.0,0,-61.20542517979629,,0,
14.0,25.0,0,-36.53794477228075,,0,
15.0,25.0,0,-28.417476731352508,29.751246,1,58.1687227313525
16.0,25.0,0,-39.07845727726817,,0,
17.0,25.0,0,-65.95988725952338,,0,
18.0,25.0,0,-106.30931744701229,,0,
19.0,25.0,0,-156.58757118042558,27.156749,1,183.74432018042558
20.0,25.0,0,-213.5274153102655,,0,
21.0,25.0,0,-273.5062034307048,,0,
22.0,25.0,0,-329.2688875289168,,0,
23.0,25.0,0,-373.6313575739041,-477.075569,1,-103.44421142609588
24.0,25.0,0,-401.49387731123716,,0,
25.0,25.0,0,-410.2120594683802,,0,
26.0,25.0,0,-402.76179717388004,,0,
27.0,25.0,0,-384.2158545316197,-343.099261,1,41.116593531619685
28.0,25.0,0,-361.003264836967,,0,
29.0,25.0,0,-339.7719871047884,,0,
30.0,25.0,0,-324.4080096045509,,0,
31.0,25.0,0,-317.3730681478046,-126.940464,1,190.43260414780457
32.0,25.0,0,-317.1305867242627,,0,
33.0,25.0,0,-321.0452879345976,,0,
34.0,25.0,0,-325.8160886473488,,0,
35.0,25.0,0,-330.0725520171691,-328.182416,1,1.890136017169084
36.0,25.0,0,-334.0983200556366,,0,
37.0,25.0,0,-338.49232374713756,,0,
38.0,25.0,0,-344.05592139065266,,0,
39.0,25.0,0,-351.1947700474411,-314.151231,1,37.04353904744113
40.0,25.0,0,-359.04054052825086,,0,
41.0,25.0,0,-366.1779873709893,,0,
42.0,25.0,0,-370.252836917527,,0,
43.0,25.0,0,-369.0001951197628,-474.508002,1,-105.50780688023718
44.0,25.0,0,-359.95602032961324,,0,
45.0,25.0,0,-347.08421832171734,,0,
46.0,25.0,0,-334.01428149291314,,0,
47.0,25.0,0,-324.86068729683757,-133.036066,1,191.82462129683756
48.0,25.0,0,-323.4911668114364,,0,
49.0,25.0,0,-323.79622673313133,,0,
50.0,25.0,0,-324.23436160897836,,0,
51.0,25.0,0,-327.0566280949861,-207.068134,1,119.9884940949861
52.0,25.0,0,-336.8949034422403,,0,
53.0,25.0,0,-358.22549953858834,,0,
54.0,25.0,0,-390.74465772649273,,0,
55.0,25.0,0,-430.5519094867632,-477.746118,1,-47.194208513236845
56.0,25.0,0,-471.2093519575428,,0,
57.0,25.0,0,-505.43332493072376,,0,
58.0,25.0,0,-529.2919685645029,,0,
59.0,25.0,0,-542.3159732716158,-650.733743,1,-108.4177697283842
60.0,25.0,0,-545.5545296492637,,0,
61.0,25.0,0,-540.52281367674,,0,
62.0,25.0,0,-529.8569596717134,,0,
63.0,25.0,0,-516.5229789894074,-447.898795,1,68.62418398940741
64.0,25.0,0,-503.216001029592,,0,
65.0,25.0,0,-487.6902802414261,,0,
66.0,25.0,0,-467.77538323251065,,0,
67.0,25.0,0,-440.81473000510596,-606.847408,1,-166.03267799489402
68.0,25.0,0,-402.7415115306503,,0,
69.0,25.0,0,-359.27452260482823,,0,
70.0,25.0,0,-314.8128052082611,,0,
71.0,25.0,0,-273.5163812448736,-150.466189,1,123.05019224487361
72.0,25.0,0,-240.8222709913971,,0,
73.0,25.0,0,-221.74490001652157,,0,
74.0,25.0,3,-215.4203955550911,,0,
75.0,25.0,3,-218.24453699192964,-198.532857,1,19.71167999192963
76.0,25.0,3,-226.4996314541495,,0,
77.0,25.0,3,-237.61660932778614,,0,
78.0,25.0,3,-251.75232533051167,,0,
79.0,25.0,3,-269.4192650828045,-184.403224,1,85.01604108280449
80.0,25.0,3,-290.0584559677518,,0,
81.0,25.0,3,-307.10486392243183,,0,
82.0,25.0,3,-313.815600707836,,0,
83.0,25.0,3,-303.56881387066096,-378.584769,1,-75.01595512933903
84.0,25.0,3,-271.413527308192,,0,
85.0,25.0,3,-218.30323859813507,,0,
86.0,25.0,3,-147.89860176993534,,0,
87.0,25.0,3,-68.02904085535556,-244.789979,1,-176.76093814464443
88.0,25.0,3,13.31291119515663,,0,
89.0,25.0,3,79.80831706395838,,0,
90.0,25.0,3,119.66247587016551,,0,
91.0,25.0,3,125.72892186988611,369.82213,1,244.0932081301139
92.0,25.0,3,97.62081966239202,,0,
93.0,25.0,3,51.29646254261024,,0,
94.0,25.0,3,0.4252366181463003,,0,
95.0,25.0,3,-43.419195955153555,-179.204488,1,-135.78529204484644
96.0,25.0,3,-73.43414286494954,,0,
97.0,25.0,3,-91.42028404213488,,0,
98.0,25.0,3,-95.69132332582376,,0,
99.0,25.0,3,-83.15658533608075,-257.575622,1,-174.41903666391926
100.0,25.0,3,-54.13298030097212,,0,
101.0,25.0,3,-19.882906437967904,,0,
102.0,25.0,3,9.107960143592209,,0,
103.0,25.0,3,20.301964744750876,320.783674,1,300.48170925524914
104.0,25.0,3,0.7345555243373383,,0,
105.0,25.0,3,-43.57169229153078,,0,
106.0,25.0,3,-106.8577735673025,,0,
107.0,25.0,3,-181.23098220082466,-66.167331,1,115.06365120082465
108.0,25.0,3,-259.4155955534079,,0,
109.0,25.0,3,-330.0279804778984,,0,
110.0,25.0,3,-386.02788223611424,,0,
111.0,25.0,3,-424.19391688724863,-505.14048,1,-80.94656311275139
112.0,25.0,3,-443.98493109847186,,0,
113.0,25.0,3,-447.83230044000084,,0,
114.0,25.0,3,-443.06109565435327,,0,
115.0,25.0,3,-438.84716392017435,-210.173241,1,228.67392292017436
116.0,25.0,3,-445.0562473333848,,0,
117.0,25.0,3,-469.4368835373316,,0,
118.0,25.0,3,-510.08784758026013,,0,
119.0,25.0,3,-557.5002493474458,-754.847915,1,-197.34766565255416
120.0,25.0,3,-596.963669167133,,0,
121.0,25.0,3,-624.4906198054086,,0,
122.0,25.0,3,-636.1478948699078,,0,
123.0,25.0,3,-631.4760675053112,-545.332307,1,86.1437605053112
124.0,25.0,3,-614.0438317983062,,0,
125.0,25.0,3,-584.0138605046086,,0,
126.0,25.0,3,-542.8930803178228,,0,
127.0,25.0,3,-492.2692833725596,-549.896956,1,-57.62767262744046
128.0,25.0,3,-432.5460452637053,,0,
129.0,25.0,3,-366.71185545192566,,0,
130.0,25.0,1,-297.36893669806886,,0,
131.0,25.0,1,-227.68898876727326,-314.828407,1,-87.13941823272677
132.0,25.0,1,-159.55089923070045,,0,
133.0,25.0,1,-92.95761624618899,,0,
134.0,25.0,1,-28.27382826950634,,0,
135.0,25.0,1,33.8058367962949,-38.07467,1,-71.8805067962949
136.0,25.0,1,86.92957068607211,,0,
137.0,25.0,1,124.27845801471267,,0,
138.0,25.0,1,144.47731548384763,,0,
139.0,25.0,1,143.6769984391285,593.758863,1,450.0818645608715
140.0,25.0,1,109.59414659440517,,0,
141.0,25.0,1,52.0588510313537,,0,
142.0,25.0,1,-23.832216538488865,,0,
143.0,25.0,1,-111.88483940879814,-267.173672,1,-155.28883259120187
144.0,25.0,1,-203.42555640637875,,0,
145.0,25.0,1,-290.19572586461436,,0,
146.0,25.0,1,-368.94345331797376,,0,
147.0,25.0,1,-434.1920917677926,-713.405737,1,-279.21364523220745
148.0,25.0,1,-477.3488390231505,,0,
149.0,25.0,1,-504.57336194976233,,0,
150.0,25.0,1,-517.2208966894541,,0,
151.0,25.0,1,-514.6791799408384,-472.605277,1,42.073902940838366
152.0,25.0,1,-499.53883516578935,,0,
153.0,25.0,1,-472.21197130694054,,0,
154.0,25.0,1,-432.85190865700133,,0,
155.0,25.0,1,-381.5063770955894,-246.635095,1,134.8712820955894
156.0,25.0,1,-317.03371256799437,,0,
157.0,25.0,1,-238.88333033001982,,0,
158.0,25.0,1,-150.14413356990553,,0,
159.0,25.0,1,-54.553478761576116,-202.694513,1,-148.14103423842388
160.0,25.0,1,46.47090348484926,,0,
161.0,25.0,1,143.76778078265488,,0,
162.0,25.0,1,228.89107764163055,,0,
163.0,25.0,1,293.8323039460229,481.564259,1,187.73195505397712
164.0,25.0,2,333.3216217539739,,0,
165.0,25.0,2,343.66935054794885,,0,
166.0,25.0,2,327.79547768156044,,0,
167.0,25.0,2,295.3566639935598,460.349489,1,164.99282500644023
168.0,25.0,2,258.967930290848,,0,
169.0,25.0,2,227.82581063406542,,0,
170.0,25.0,2,198.5830002403818,,0,
171.0,25.0,2,166.983581774286,-16.125153,1,-183.108734774286
172.0,25.0,2,136.64439250866417,,0,
173.0,25.0,2,102.50448557548225,,0,
174.0,25.0,2,62.576886005699635,,0,
175.0,25.0,2,19.140005332417786,-133.863362,1,-153.00336733241778
176.0,25.0,2,-21.990934442495927,,0,
177.0,25.0,2,-62.665593351237476,,0,
178.0,25.0,2,-101.20225899340585,,0,
179.0,25.0,2,-133.7723571662791,-177.241247,1,-43.46888983372088
180.0,25.0,2,-160.1700955965789,,0,
181.0,25.0,2,-181.01990771340206,,0,
182.0,25.0,2,-193.430965710897,,0,
183.0,25.0,2,-194.05462474795058,-145.006827,1,49.0477977479506
184.0,25.0,2,-180.5964358127676,,0,
185.0,25.0,2,-151.3100350976456,,0,
186.0,25.0,2,-103.79646961810067,,0,
187.0,25.0,2,-35.222980957478285,-199.95098,1,-164.7279990425217
188.0,25.0,2,54.47695699799806,,0,
189.0,25.0,2,154.54494473757222,,0,
190.0,25.0,2,255.98774542985484,,0,
191.0,25.0,2,351.12802835181355,204.250803,1,-146.87722535181356
192.0,25.0,2,433.30533207650296,,0,
193.0,25.0,2,487.1695908913389,,0,
194.0,25.0,2,501.32165068155155,,0,
195.0,25.0,2,473.1318875467405,579.500685,1,106.3687974532595
196.0,25.0,2,410.7825345346937,,0,
197.0,25.0,2,326.6132924868725,,0,
198.0,25.0,2,233.37072600098327,,0,
199.0,25.0,2,143.2208372661844,-29.519423,1,-172.74026026618438
0.0,26.0,0,-306.66115179727785,,0,
1.0,26.0,0,-320.7864652746357,,0,
2.0,26.0,0,-332.4003709468525,-337.599935,1,-5.199564053147526
3.0,26.0,0,-340.6916642668657,,0,
4.0,26.0,0,-344.4624688779004,,0,
5.0,26.0,0,-342.0447116224095,,0,
6.0,26.0,0,-331.9653871739283,-327.309704,1,4.65568317392831
7.0,26.0,0,-312.73524492420256,,0,
8.0,26.0,0,-283.09632905269973,,0,
9.0,26.0,0,-243.15781032457016,,0,
10.0,26.0,0,-194.43264190806076,-72.498732,1,121.93390990806076
11.0,26.0,0,-141.50914015900344,,0,
12.0,26.0,0,-89.66285035386682,,0,
13.0,26.0,0,-43.239178207702935,,0,
14.0,26.0,0,-8.195401209872216,114.365107,1,122.56050820987221
15.0,26.0,0,7.366861811839044,,0,
16.0,26.0,0,2.856072011170909,,0,
17.0,26.0,0,-21.368098644772545,,0,
18.0,26.0,0,-63.407879708567634,76.948188,1,140.35606770856765
19.0,26.0,0,-118.34681156137958,,0,
20.0,26.0,0,-181.0713159153238,,0,
21.0,26.0,0,-246.4624267979525,,0,
22.0,26.0,0,-308.0048578395508,-343.832834,1,-35.82797616044917
23.0,26.0,0,-358.44521930720657,,0,
24.0,26.0,0,-393.63491297280416,,0,
25.0,26.0,0,-411.6407809286611,,0,
26.0,26.0,0,-413.91094566415995,-429.623055,1,-15.712109335840069
27.0,26.0,0,-404.28593726083636,,0,
28.0,26.0,0,-388.7334052604856,,0,
29.0,26.0,0,-372.8452620340977,,0,
30.0,26.0,0,-361.2213125452399,-187.799109,1,173.42220354523994
31.0,26.0,0,-359.1287538795732,,0,
32.0,26.0,0,-361.744827081915,,0,
33.0,26.0,0,-365.2333768190583,,0,
34.0,26.0,0,-366.4375624121167,-414.159746,1,-47.72218358788331
35.0,26.0,0,-365.56969744106755,,0,
36.0,26.0,0,-363.7361129000783,,0,
37.0,26.0,0,-361.87371924333274,,0,
38.0,26.0,0,-361.0852563858498,-321.558509,1,39.526747385849774
39.0,26.0,0,-362.6605567736551,,0,
40.0,26.0,0,-365.31112056132406,,0,
41.0,26.0,0,-367.7135204744409,,0,
42.0,26.0,0,-368.211300137802,-495.039773,1,-126.828472862198
43.0,26.0,0,-364.87396971089765,,0,
44.0,26.0,0,-356.91017285804264,,0,
45.0,26.0,0,-346.5607865821803,,0,
46.0,26.0,0,-336.9014894803986,-213.47975,1,123.4217394803986
47.0,26.0,0,-333.0401164055802,,0,
48.0,26.0,0,-333.4279189775698,,0,
49.0,26.0,0,-334.2454188091797,,0,
50.0,26.0,0,-333.6001856616931,-318.278025,1,15.32216066169309
51.0,26.0,0,-333.58048147219233,,0,
52.0,26.0,0,-338.3842773102224,,0,
53.0,26.0,0,-352.37872580997646,,0,
54.0,26.0,0,-377.2725406694226,-340.835274,1,36.43726666942257
55.0,26.0,0,-409.6289687473327,,0,
56.0,26.0,0,-443.84654732304625,,0,
57.0,26.0,0,-473.1463012866443,,0,
58.0,26.0,0,-492.24625211325474,-743.607536,1,-251.36128388674524
59.0,26.0,0,-502.3718150248751,,0,
60.0,26.0,0,-505.6015517124906,,0,
61.0,26.0,0,-503.05119006877067,,0,
62.0,26.0,0,-496.42728889896534,-506.890195,1,-10.462906101034662
63.0,26.0,0,-488.7766913645901,,0,
64.0,26.0,0,-481.9880267860135,,0,
65.0,26.0,0,-475.16086689103395,,0,
66.0,26.0,0,-466.287776456913,-493.718125,1,-27.430348543087007
67.0,26.0,0,-451.38603797904216,,0,
68.0,26.0,0,-427.5376439418178,,0,
69.0,26.0,0,-396.8476381477667,,0,
70.0,26.0,0,-362.7331404539291,-377.298477,1,-14.56533654607091
71.0,26.0,0,-329.32359030121006,,0,
72.0,26.0,0,-301.2677765011322,,0,
73.0,26.0,0,-282.4605935313739,,0,
74.0,26.0,3,-273.8293512844248,-124.497241,1,149.33211028442477
75.0,26.0,3,-272.75172528333496,,0,
76.0,26.0,3,-276.53564099012874,,0,
77.0,26.0,3,-283.8516273018031,,0,
78.0,26.0,3,-294.7785823146114,-255.791175,1,38.9874073146114
79.0,26.0,3,-310.35108016151935,,0,
80.0,26.0,3,-328.4967887526145,,0,
81.0,26.0,3,-344.06313791288994,,0,
82.0,26.0,3,-349.67976888665,-427.265625,1,-77.58585611335002
83.0,26.0,3,-336.5846784955356,,0,
84.0,26.0,3,-300.73880521877436,,0,
85.0,26.0,3,-239.44699052238138,,0,
86.0,26.0,3,-154.59733726643026,-504.026637,1,-349.42929973356974
87.0,26.0,3,-59.05428512580693,,0,
88.0,26.0,3,32.237335351790534,,0,
89.0,26.0,3,104.07913600507891,,0,
90.0,26.0,3,144.94096203777008,400.759827,1,255.8188649622299
91.0,26.0,3,144.71470427548047,,0,
92.0,26.0,3,111.2754868297634,,0,
93.0,26.0,3,58.01550402009161,,0,
94.0,26.0,3,0.3630644442164339,-205.022598,1,-205.38566244421642
95.0,26.0,3,-45.23309914919082,,0,
96.0,26.0,3,-76.36416489220574,,0,
97.0,26.0,3,-93.11798323312541,,0,
98.0,26.0,3,-94.02014321298338,-313.220927,1,-219.20078378701663
99.0,26.0,3,-73.6760276183486,,0,
100.0,26.0,3,-39.562953294822364,,0,
101.0,26.0,3,-2.0516128572053276,,0,
102.0,26.0,3,26.725929899315815,135.562641,1,108.8367111006842
103.0,26.0,3,32.268322077114135,,0,
104.0,26.0,3,8.605974947888171,,0,
105.0,26.0,3,-41.49014144344255,,0,
106.0,26.0,3,-111.5472844526812,-19.622176,1,91.9251084526812
107.0,26.0,3,-191.51830370363314,,0,
108.0,26.0,3,-271.7036661762686,,0,
109.0,26.0,3,-342.7408702346729,,0,
110.0,26.0,3,-398.03663619526196,-448.782342,1,-50.745705804738066
111.0,26.0,3,-435.0268978261447,,0,
112.0,26.0,3,-454.0637012993102,,0,
113.0,26.0,3,-458.4527467418229,,0,
114.0,26.0,3,-454.60048022388946,-232.040552,1,222.55992822388947
115.0,26.0,3,-450.6557978912024,,0,
116.0,26.0,3,-454.87740258825943,,0,
117.0,26.0,3,-472.8868573544314,,0,
118.0,26.0,3,-504.40126629616134,-479.46352,1,24.937746296161322
119.0,26.0,3,-542.8623448840226,,0,
120.0,26.0,3,-577.2620979503263,,0,
121.0,26.0,3,-600.0968792686472,,0,
122.0,26.0,3,-606.8678674377734,-645.102655,1,-38.23478756222664
123.0,26.0,3,-599.4410679864814,,0,
124.0,26.0,3,-580.9844140251516,,0,
125.0,26.0,3,-552.3233841622714,,0,
126.0,26.0,3,-514.2014340294991,-506.557792,1,7.643642029499063
127.0,26.0,3,-467.77843749779277,,0,
128.0,26.0,3,-414.0681770768715,,0,
129.0,26.0,3,-355.3550419221865,,0,
130.0,26.0,1,-294.1587730969768,-341.880347,1,-47.72157390302317
131.0,26.0,1,-233.2419442019309,,0,
132.0,26.0,1,-174.31893501523882,,0,
133.0,26.0,1,-117.74123892525677,,0,
134.0,26.0,1,-62.27302333910484,-272.801582,1,-210.52855866089516
135.0,26.0,1,-4.058750593685545,,0,
136.0,26.0,1,48.70908599742688,,0,
137.0,26.0,1,89.6646625319263,,0,
138.0,26.0,1,114.43137379852124,575.407049,1,460.9756752014788
139.0,26.0,1,119.19158728758339,,0,
140.0,26.0,1,98.65671370050404,,0,
141.0,26.0,1,53.358839753549546,,0,
142.0,26.0,1,-15.38733923016116,77.59303,1,92.98036923016116
143.0,26.0,1,-98.51973643549718,,0,
144.0,26.0,1,-186.68881781888194,,0,
145.0,26.0,1,-273.3607418058673,,0,
146.0,26.0,1,-352.65833516791463,-465.663136,1,-113.00480083208538
147.0,26.0,1,-415.6849088795716,,0,
148.0,26.0,1,-459.36002392461523,,0,
149.0,26.0,1,-485.74289146228693,,0,
150.0,26.0,1,-496.6943496988388,-640.837281,1,-144.14293130116118
151.0,26.0,1,-491.04104585922323,,0,
152.0,26.0,1,-474.30766532663256,,0,
153.0,26.0,1,-448.3029488113243,,0,
154.0,26.0,1,-413.13324104924686,-364.77283,1,48.36041104924686
155.0,26.0,1,-368.8448679840658,,0,
156.0,26.0,1,-312.7215555838775,,0,
157.0,26.0,1,-242.7837326109875,,0,
158.0,26.0,1,-158.85031423042528,-228.946269,1,-70.09595476957472
159.0,26.0,1,-64.43459340860136,,0,
160.0,26.0,1,37.180880500003695,,0,
161.0,26.0,1,139.92010356788523,,0,
162.0,26.0,1,234.98185799410567,389.079593,1,154.09773500589432
163.0,26.0,1,310.7874933744315,,0,
164.0,26.0,2,362.9952986666467,,0,
165.0,26.0,2,385.49322516075335,,0,
166.0,26.0,2,377.94262314168736,905.939149,1,527.9965258583127
167.0,26.0,2,353.768380188616,,0,
168.0,26.0,2,326.5989411221817,,0,
169.0,26.0,2,303.13445849739946,,0,
170.0,26.0,2,281.6100738768,457.993147,1,176.3830731232
171.0,26.0,2,255.04134193900973,,0,
172.0,26.0,2,225.50290731783025,,0,
173.0,26.0,2,189.2680960544385,,0,
174.0,26.0,2,142.86114297388121,178.747652,1,35.88650902611877
175.0,26.0,2,89.42947310162708,,0,
176.0,26.0,2,33.81533208442852,,0,
177.0,26.0,2,-21.911924017127603,,0,
178.0,26.0,2,-74.51165763637982,-212.342187,1,-137.83052936362017
179.0,26.0,2,-118.28469961718656,,0,
180.0,26.0,2,-155.3533401505556,,0,
181.0,26.0,2,-186.24536499893293,,0,
182.0,26.0,2,-209.57192674651742,-175.068993,1,34.502933746517414
183.0,26.0,2,-222.38607353996485,,0,
184.0,26.0,2,-222.0432377664838,,0,
185.0,26.0,2,-206.48913992312737,,0,
186.0,26.0,2,-173.02052851719782,-329.704338,1,-156.6838094828022
187.0,26.0,2,-116.49095825944096,,0,
188.0,26.0,2,-41.36693233193364,,0,
189.0,26.0,2,44.672852551564574,,0,
190.0,26.0,2,133.65973430033773,-106.685388,1,-240.34512230033772
191.0,26.0,2,218.66238366765901,,0,
192.0,26.0,2,292.2103065433912,,0,
193.0,26.0,2,343.6709993942641,,0,
194.0,26.0,2,363.74905573157594,516.561115,1,152.81205926842404
195.0,26.0,2,346.6359202542808,,0,
196.0,26.0,2,299.69300202385057,,0,
197.0,26.0,2,232.21612230269238,,0,
198.0,26.0,2,155.24388780305162,33.06621,1,-122.17767780305162
199.0,26.0,2,79.96098568150774,,0,
0.0,27.0,0,-352.94186560297385,,0,
1.0,27.0,0,-367.0604124034289,-321.987268,1,45.073144403428955
2.0,27.0,0,-377.65990568092093,,0,
3.0,27.0,0,-384.3125559706241,,0,
4.0,27.0,0,-386.11263204552233,,0,
5.0,27.0,0,-381.2501776672434,-395.655544,1,-14.405366332756614
6.0,27.0,0,-367.92060078913346,,0,
7.0,27.0,0,-344.4714867994189,,0,
8.0,27.0,0,-309.7933835630538,,0,
9.0,27.0,0,-263.8491257884307,-350.167985,1,-86.3188592115693
10.0,27.0,0,-207.10859058983624,,0,
11.0,27.0,0,-145.74675316689536,,0,
12.0,27.0,0,-84.84488410153426,,0,
13.0,27.0,0,-29.03369204234332,31.446462,1,60.480154042343315
14.0,27.0,0,14.469401609152555,,0,
15.0,27.0,0,38.80276997573674,,0,
16.0,27.0,0,41.01262766146101,,0,
17.0,27.0,0,19.800601909519173,123.320982,1,103.52038009048083
18.0,27.0,0,-24.077685439493507,,0,
19.0,27.0,0,-83.0749266888015,,0,
20.0,27.0,0,-150.84062605537474,,0,
21.0,27.0,0,-221.6292359661311,-260.585709,1,-38.95647303386892
22.0,27.0,0,-289.1246307217516,,0,
23.0,27.0,0,-346.8216784247197,,0,
24.0,27.0,0,-390.125512798666,,0,
25.0,27.0,0,-417.0356630117167,-493.09412,1,-76.0584569882833
26.0,27.0,0,-428.2758460154291,,0,
27.0,27.0,0,-427.0642021615058,,0,
28.0,27.0,0,-418.7366697974503,,0,
29.0,27.0,0,-409.0656266496517,-269.597374,1,139.46825264965167
30.0,27.0,0,-402.5658894511871,,0,
31.0,27.0,0,-401.730526546482,,0,
32.0,27.0,0,-404.1217078275513,,0,
33.0,27.0,0,-406.13882288720924,-542.031159,1,-135.89233611279076
34.0,27.0,0,-403.0274674713146,,0,
35.0,27.0,0,-397.2422283159103,,0,
36.0,27.0,0,-389.9987809979357,,0,
37.0,27.0,0,-382.5642357687466,-364.991091,1,17.5731447687466
38.0,27.0,0,-376.4491046371404,,0,
39.0,27.0,0,-372.61177961714566,,0,
40.0,27.0,0,-370.5081242220476,,0,
41.0,27.0,0,-369.0227393010282,-362.576537,1,6.446202301028222
42.0,27.0,0,-366.95697134686634,,0,
43.0,27.0,0,-363.04261777107604,,0,
44.0,27.0,0,-357.746841676184,,0,
45.0,27.0,0,-353.20792515482754,-232.93662,1,120.27130515482753
46.0,27.0,0,-350.41544018662535,,0,
47.0,27.0,0,-350.41623700549826,,0,
48.0,27.0,0,-351.66744832892437,,0,
49.0,27.0,0,-351.39875986479456,-391.072484,1,-39.67372413520542
50.0,27.0,0,-347.56384657649323,,0,
51.0,27.0,0,-342.3925048985984,,0,
52.0,27.0,0,-339.647886422812,,0,
53.0,27.0,0,-343.88330231502187,-222.564247,1,121.31905531502187
54.0,27.0,0,-359.20866897748783,,0,
55.0,27.0,0,-381.7485557110049,,0,
56.0,27.0,0,-407.67961672740057,,0,
57.0,27.0,0,-431.3005200222833,-665.659874,1,-234.35935397771664
58.0,27.0,0,-444.2948547254782,,0,
59.0,27.0,0,-451.72600396187045,,0,
60.0,27.0,0,-455.62007069104584,,0,
61.0,27.0,0,-456.2876469845651,-510.326999,1,-54.03935201543493
62.0,27.0,0,-454.5788030785043,,0,
63.0,27.0,0,-454.0328644050751,,0,
64.0,27.0,0,-455.73453163250815,,0,
65.0,27.0,0,-458.58775607805,-378.211205,1,80.37655107805
66.0,27.0,0,-461.5110115434509,,0,
67.0,27.0,0,-459.5421557179652,,0,
68.0,27.0,0,-450.2282796637155,,0,
69.0,27.0,0,-433.6650210332009,-466.521131,1,-32.856109966799124
70.0,27.0,0,-411.0892963578226,,0,
71.0,27.0,0,-386.2473240927793,,0,
72.0,27.0,0,-363.0119620761252,,0,
73.0,27.0,0,-344.9830330912373,-263.24218,1,81.74085309123728
74.0,27.0,3,-334.70912583870813,,0,
75.0,27.0,3,-329.5198545771418,,0,
76.0,27.0,3,-328.22691668360494,,0,
77.0,27.0,3,-330.90737451284076,-210.981507,1,119.92586751284077
78.0,27.0,3,-337.84811393986456,,0,
79.0,27.0,3,-348.95675534475595,,0,
80.0,27.0,3,-362.2879796579946,,0,
81.0,27.0,3,-373.54728238499956,-468.414485,1,-94.86720261500045
82.0,27.0,3,-374.5765054022777,,0,
83.0,27.0,3,-357.46931397228036,,0,
84.0,27.0,3,-316.63605723678484,,0,
85.0,27.0,3,-247.07464356711716,-637.179516,1,-390.10487243288287
86.0,27.0,3,-146.76173358794767,,0,
87.0,27.0,3,-37.67364221368916,,0,
88.0,27.0,3,60.853256395086646,,0,
89.0,27.0,3,131.78140526765492,412.043417,1,280.26201173234506
90.0,27.0,3,166.5202682086383,,0,
91.0,27.0,3,162.05840067844838,,0,
92.0,27.0,3,125.11470229517727,,0,
93.0,27.0,3,68.36283598394948,13.779019,1,-54.58381698394948
94.0,27.0,3,8.644043892854825,,0,
95.0,27.0,3,-39.543597331270576,,0,
96.0,27.0,3,-70.91788633581018,,0,
97.0,27.0,3,-84.85082831318141,-220.867857,1,-136.01702868681858
98.0,27.0,3,-80.62762193754315,,0,
99.0,27.0,3,-58.23149934108369,,0,
100.0,27.0,3,-24.260244463235722,,0,
101.0,27.0,3,11.00306548998924,-31.393574,1,-42.39663948998924
102.0,27.0,3,34.77774328459054,,0,
103.0,27.0,3,34.41462864674395,,0,
104.0,27.0,3,4.40088538339478,,0,
105.0,27.0,3,-52.49798368147458,117.287824,1,169.78580768147458
106.0,27.0,3,-131.02562895810115,,0,
107.0,27.0,3,-216.48481319344137,,0,
108.0,27.0,3,-297.8889896123146,,0,
109.0,27.0,3,-367.621094300237,-402.086822,1,-34.465727699762965
110.0,27.0,3,-420.0605858436902,,0,
111.0,27.0,3,-453.6820260334789,,0,
112.0,27.0,3,-469.35619170588325,,0,
113.0,27.0,3,-470.83635272231186,-468.792058,1,2.044294722311861
114.0,27.0,3,-464.1200925055309,,0,
115.0,27.0,3,-456.20286582328845,,0,
116.0,27.0,3,-454.10641465109074,,0,
117.0,27.0,3,-463.0905002455693,-362.211376,1,100.8791242455693
118.0,27.0,3,-484.4073746356298,,0,
119.0,27.0,3,-514.0759468943579,,0,
120.0,27.0,3,-543.6205554238986,,0,
121.0,27.0,3,-563.6622116991784,-772.466448,1,-208.80423630082157
122.0,27.0,3,-566.5741976777208,,0,
123.0,27.0,3,-557.5150738767697,,0,
124.0,27.0,3,-538.9721733422484,,0,
125.0,27.0,3,-511.66376533627044,-561.825007,1,-50.161241663729584
126.0,27.0,3,-476.19882799708284,,0,
127.0,27.0,3,-433.60695243708324,,0,
128.0,27.0,3,-385.45464001828805,,0,
129.0,27.0,3,-333.8804837868083,-369.257,1,-35.37651621319168
130.0,27.0,1,-280.7900508879684,,0,
131.0,27.0,1,-229.26475833298173,,0,
132.0,27.0,1,-180.69871671282453,,0,
133.0,27.0,1,-134.95965443598107,-389.695417,1,-254.73576256401896
134.0,27.0,1,-89.78853079414694,,0,
135.0,27.0,1,-42.68507069651969,,0,
136.0,27.0,1,3.111656984547153,,0,
137.0,27.0,1,41.651494593475945,182.002364,1,140.35086940652405
138.0,27.0,1,65.8731243890943,,0,
139.0,27.0,1,75.77200910879765,,0,
140.0,27.0,1,68.98794676875696,,0,
141.0,27.0,1,41.6165518197231,476.565281,1,434.9487291802769
142.0,27.0,1,-14.85370020015398,,0,
143.0,27.0,1,-85.99344025272876,,0,
144.0,27.0,1,-163.808913121582,,0,
145.0,27.0,1,-243.30236445879564,-238.507086,1,4.79527845879565
146.0,27.0,1,-317.3815365883056,,0,
147.0,27.0,1,-378.29865910240915,,0,
148.0,27.0,1,-421.68985279498156,,0,
149.0,27.0,1,-446.47746917628683,-689.787718,1,-243.3102488237132
150.0,27.0,1,-454.2882163914037,,0,
151.0,27.0,1,-447.45944640482776,,0,
152.0,27.0,1,-430.57833368866704,,0,
153.0,27.0,1,-406.6338176082354,-457.57561,1,-50.94179239176458
154.0,27.0,1,-376.1153925622348,,0,
155.0,27.0,1,-337.624808938941,,0,
156.0,27.0,1,-288.4235344687477,,0,
157.0,27.0,1,-226.2534755161032,-419.125855,1,-192.8723794838968
158.0,27.0,1,-147.49343328655232,,0,
159.0,27.0,1,-58.231050678528845,,0,
160.0,27.0,1,38.78468375885859,,0,
161.0,27.0,1,140.46804880420677,172.834913,1,32.36686419579323
162.0,27.0,1,238.4362348797731,,0,
163.0,27.0,1,323.0088898235699,,0,
164.0,27.0,2,386.0631255188491,,0,
165.0,27.0,2,418.60894632106647,871.917634,1,453.30868767893355
166.0,27.0,2,415.4605431573,,0,
167.0,27.0,2,397.91604739124887,,0,
168.0,27.0,2,378.6774833931122,,0,
169.0,27.0,2,362.81988873146474,1066.328752,1,703.5088632685352
170.0,27.0,2,348.4076199508272,,0,
171.0,27.0,2,329.28353969124146,,0,
172.0,27.0,2,302.27071134140715,,0,
173.0,27.0,2,265.2160928354133,445.993626,1,180.7775331645867
174.0,27.0,2,213.23559316364117,,0,
175.0,27.0,2,150.94300698814914,,0,
176.0,27.0,2,82.44364583911374,,0,
177.0,27.0,2,13.006657243706286,-117.9248,1,-130.9314572437063
178.0,27.0,2,-51.64157761167735,,0,
179.0,27.0,2,-107.61076435563155,,0,
180.0,27.0,2,-155.29227630095556,,0,
181.0,27.0,2,-195.39879361120984,-143.984193,1,51.414600611209835
182.0,27.0,2,-228.16705162171274,,0,
183.0,27.0,2,-250.76064164657146,,0,
184.0,27.0,2,-260.66076170210727,,0,
185.0,27.0,2,-255.3893454708159,-471.801828,1,-216.4124825291841
186.0,27.0,2,-232.67871914198622,,0,
187.0,27.0,2,-190.31316212168895,,0,
188.0,27.0,2,-130.6987734346185,,0,
189.0,27.0,2,-59.4828968369402,-125.747662,1,-66.2647651630598
190.0,27.0,2,16.65244677173905,,0,
191.0,27.0,2,91.05039408942685,,0,
192.0,27.0,2,156.3247993583791,,0,
193.0,27.0,2,204.1145586417988,441.01528,1,236.90072135820122
194.0,27.0,2,227.0334211885929,,0,
195.0,27.0,2,221.26848321571015,,0,
196.0,27.0,2,189.39084726711735,,0,
197.0,27.0,2,137.4754595006816,116.394018,1,-21.081441500681606
198.0,27.0,2,76.28582300734706,,0,
199.0,27.0,2,15.832609387114644,,0,
0.0,28.0,0,-396.7340065764729,-392.40633,1,4.327676576472868
1.0,28.0,0,-410.90167147805914,,0,
2.0,28.0,0,-420.4053784806747,,0,
3.0,28.0,0,-425.33524168934673,,0,
4.0,28.0,0,-425.5324414425995,-440.617674,1,-15.085232557400502
5.0,28.0,0,-418.4124804253224,,0,
6.0,28.0,0,-402.04640579456463,,0,
7.0,28.0,0,-374.55756928026676,,0,
8.0,28.0,0,-334.207632613834,-456.665856,1,-122.45822338616603
9.0,28.0,0,-281.05605769949034,,0,
10.0,28.0,0,-217.1801111199893,,0,
11.0,28.0,0,-148.04990641772747,,0,
12.0,28.0,0,-79.42879260354675,-178.493893,1,-99.06510039645326
13.0,28.0,0,-15.305749350227416,,0,
14.0,28.0,0,35.55793602857739,,0,
15.0,28.0,0,66.88833929598331,,0,
16.0,28.0,0,74.61789155658334,181.870975,1,107.25308344341664
17.0,28.0,0,54.79978511785157,,0,
18.0,28.0,0,10.804767719935626,,0,
19.0,28.0,0,-50.98383444780484,,0,
20.0,28.0,0,-122.97615950019099,-255.001717,1,-132.02555749980903
21.0,28.0,0,-199.2073955675587,,0,
22.0,28.0,0,-273.55520512675866,,0,
23.0,28.0,0,-339.3858510488644,,0,
24.0,28.0,0,-391.2136900755577,-513.703897,1,-122.4902069244423
25.0,28.0,0,-426.63553608045913,,0,
26.0,28.0,0,-445.89115500822663,,0,
27.0,28.0,0,-451.69105711299926,,0,
28.0,28.0,0,-448.9932091506198,-400.715639,1,48.277570150619795
29.0,28.0,0,-444.22064684913494,,0,
30.0,28.0,0,-440.7405205387622,,0,
31.0,28.0,0,-439.64905055845156,,0,
32.0,28.0,0,-438.8168808068149,-616.112077,1,-177.29519619318512
33.0,28.0,0,-436.56303084571846,,0,
34.0,28.0,0,-430.8909464934841,,0,
35.0,28.0,0,-421.8017824331764,,0,
36.0,28.0,0,-410.02738830645103,-414.772394,1,-4.74500569354899
37.0,28.0,0,-397.76050690421835,,0,
38.0,28.0,0,-387.0221095052548,,0,
39.0,28.0,0,-378.7942933542654,,0,
40.0,28.0,0,-373.0481169417035,-347.412999,1,25.63511794170347
41.0,28.0,0,-369.20167625829345,,0,
42.0,28.0,0,-366.4103059131885,,0,
43.0,28.0,0,-363.91533120861277,,0,
44.0,28.0,0,-362.3425802271813,-234.535526,1,127.80705422718131
45.0,28.0,0,-364.8729073512368,,0,
46.0,28.0,0,-368.6472171827918,,0,
47.0,28.0,0,-372.2837511014659,,0,
48.0,28.0,0,-374.0090192097705,-428.572625,1,-54.56360579022953
49.0,28.0,0,-371.8776304842904,,0,
50.0,28.0,0,-364.6550297648646,,0,
51.0,28.0,0,-353.6675394041813,,0,
52.0,28.0,0,-342.73644849983975,-300.0129,1,42.72354849983975
53.0,28.0,0,-337.2915297271684,,0,
54.0,28.0,0,-339.5298508396372,,0,
55.0,28.0,0,-348.7029538513161,,0,
56.0,28.0,0,-362.7331126499921,-416.322832,1,-53.5897193500079
57.0,28.0,0,-376.24386131879874,,0,
58.0,28.0,0,-384.97003897692775,,0,
59.0,28.0,0,-391.09291801741347,,0,
60.0,28.0,0,-396.4788379268721,-455.910095,1,-59.43125707312794
61.0,28.0,0,-400.4433542431798,,0,
62.0,28.0,0,-405.3853095319937,,0,
63.0,28.0,0,-413.9732367808465,,0,
64.0,28.0,0,-427.00570697605144,-336.07521,1,90.93049697605142
65.0,28.0,0,-442.29176981700584,,0,
66.0,28.0,0,-457.05469402548624,,0,
67.0,28.0,0,-467.8482173673692,,0,
68.0,28.0,0,-472.40863088867627,-426.439242,1,45.96938888867629
69.0,28.0,0,-469.40934925712645,,0,
70.0,28.0,0,-459.0203324938193,,0,
71.0,28.0,0,-443.4204252854106,,0,
72.0,28.0,0,-425.8576775654219,-385.858369,1,39.99930856542193
73.0,28.0,3,-410.24171949632,,0,
74.0,28.0,3,-397.68214729669853,,0,
75.0,28.0,3,-387.7437533726916,,0,
76.0,28.0,3,-380.50340105453506,-350.724626,1,29.77877505453506
77.0,28.0,3,-377.41453682258725,,0,
78.0,28.0,3,-378.85360215516994,,0,
79.0,28.0,3,-384.33417550532613,,0,
80.0,28.0,3,-391.03357754531316,-259.560976,1,131.47260154531318
81.0,28.0,3,-395.8203384614317,,0,
82.0,28.0,3,-388.75983161092154,,0,
83.0,28.0,3,-363.0524426288612,,0,
84.0,28.0,3,-312.9581463743234,-566.630295,1,-253.67214862567664
85.0,28.0,3,-229.8053544757422,,0,
86.0,28.0,3,-121.63602254260331,,0,
87.0,28.0,3,-5.683359990245663,,0,
88.0,28.0,3,96.86531935597304,401.006275,1,304.140955644027
89.0,28.0,3,163.2534205012489,,0,
90.0,28.0,3,190.84280391789798,,0,
91.0,28.0,3,180.1639672136953,,0,
92.0,28.0,3,138.96111128781922,270.343507,1,131.38239571218077
93.0,28.0,3,78.57749339542352,,0,
94.0,28.0,3,17.293359091388993,,0,
95.0,28.0,3,-31.656793921109056,,0,
96.0,28.0,3,-61.52300384815317,-102.316813,1,-40.79380915184683
97.0,28.0,3,-71.88100030517671,,0,
98.0,28.0,3,-64.1245848887047,,0,
99.0,28.0,3,-41.38747415592661,,0,
100.0,28.0,3,-10.239525652548764,-47.916253,1,-37.676727347451234
101.0,28.0,3,20.438426891283598,,0,
102.0,28.0,3,38.35452507252921,,0,
103.0,28.0,3,31.03245091464487,,0,
104.0,28.0,3,-9.273952464049216,285.546438,1,294.82039046404924
105.0,28.0,3,-77.29091061290819,,0,
106.0,28.0,3,-162.93021720362594,,0,
107.0,28.0,3,-252.21631354215788,,0,
108.0,28.0,3,-332.9225511341938,-478.002442,1,-145.0798908658062
109.0,28.0,3,-399.4437214907375,,0,
110.0,28.0,3,-448.03561942183296,,0,
111.0,28.0,3,-476.67391775458236,,0,
112.0,28.0,3,-486.3741232341854,-498.025267,1,-11.651143765814595
113.0,28.0,3,-481.7174227840733,,0,
114.0,28.0,3,-468.4971455667401,,0,
115.0,28.0,3,-452.7086431423668,,0,
116.0,28.0,3,-440.63719833191135,-409.95332,1,30.68387833191133
117.0,28.0,3,-438.20810224325396,,0,
118.0,28.0,3,-448.4413376849843,,0,
119.0,28.0,3,-469.4787148659234,,0,
120.0,28.0,3,-493.62636463099625,-620.142484,1,-126.51611936900372
121.0,28.0,3,-509.0451830193051,,0,
122.0,28.0,3,-512.2345264871838,,0,
123.0,28.0,3,-504.5498465427663,,0,
124.0,28.0,3,-487.9589280515793,-495.861006,1,-7.902077948420697
125.0,28.0,3,-463.2106779466267,,0,
126.0,28.0,3,-430.9671223384794,,0,
127.0,28.0,3,-392.21692459715996,,0,
128.0,28.0,3,-348.9159021421219,-243.029195,1,105.88670714212194
129.0,28.0,3,-303.4203424178995,,0,
130.0,28.0,1,-258.4989031662117,,0,
131.0,28.0,1,-216.81584875914268,,0,
132.0,28.0,1,-179.21062834566692,-311.869102,1,-132.65847365433308
133.0,28.0,1,-145.6790682564024,,0,
134.0,28.0,1,-114.22591198736336,,0,
135.0,28.0,1,-81.76776076003443,,0,
136.0,28.0,1,-47.99412056081928,-161.362267,1,-113.36814643918072
137.0,28.0,1,-18.164852405665442,,0,
138.0,28.0,1,3.603115340403747,,0,
139.0,28.0,1,17.180739977164194,,0,
140.0,28.0,1,20.17810372961685,430.52681,1,410.34870627038316
141.0,28.0,1,6.154041229747236,,0,
142.0,28.0,1,-29.587932085967623,,0,
143.0,28.0,1,-80.99528934271075,,0,
144.0,28.0,1,-141.79168340889737,-57.230335,1,84.56134840889737
145.0,28.0,1,-208.94251641537994,,0,
146.0,28.0,1,-274.4982618193608,,0,
147.0,28.0,1,-330.8818560561631,,0,
148.0,28.0,1,-371.9340807304252,-461.053166,1,-89.11908526957478
149.0,28.0,1,-393.00540681905113,,0,
150.0,28.0,1,-396.7039386748802,,0,
151.0,28.0,1,-387.1542106352281,,0,
152.0,28.0,1,-369.5698142123874,-441.487354,1,-71.91753978761255
153.0,28.0,1,-347.2469923531171,,0,
154.0,28.0,1,-320.79328752635047,,0,
155.0,28.0,1,-287.3426766078919,,0,
156.0,28.0,1,-242.38732544722734,-490.380786,1,-247.99346055277266
157.0,28.0,1,-184.95515470486134,,0,
158.0,28.0,1,-114.8713551145047,,0,
159.0,28.0,1,-35.116914172424,,0,
160.0,28.0,1,52.16830897307955,-109.146025,1,-161.31433397307956
161.0,28.0,1,147.37061854742933,,0,
162.0,28.0,1,241.7973857751349,,0,
163.0,28.0,1,327.5950493873097,,0,
164.0,28.0,2,394.4034338595811,737.439177,1,343.03574314041884
165.0,28.0,2,426.54104956495576,,0,
166.0,28.0,2,430.42215717374347,,0,
167.0,28.0,2,420.3170318729244,,0,
168.0,28.0,2,407.91106009227224,894.756966,1,486.8459059077278
169.0,28.0,2,398.6308697280474,,0,
170.0,28.0,2,391.59999727038667,,0,
171.0,28.0,2,379.2827856875956,,0,
172.0,28.0,2,353.1478291194653,915.749845,1,562.6020158805347
173.0,28.0,2,313.95482861669734,,0,
174.0,28.0,2,260.8747364836745,,0,
175.0,28.0,2,193.27046059514396,,0,
176.0,28.0,2,114.04882489447482,208.111794,1,94.06296910552518
177.0,28.0,2,33.17647015932016,,0,
178.0,28.0,2,-41.27889497333672,,0,
179.0,28.0,2,-106.41634172690101,,0,
180.0,28.0,2,-162.77375136734918,-113.090516,1,49.683235367349184
181.0,28.0,2,-210.2961746538058,,0,
182.0,28.0,2,-248.87098543928005,,0,
183.0,28.0,2,-277.4783833292313,,0,
184.0,28.0,2,-294.37430167291313,-359.114581,1,-64.74027932708685
185.0,28.0,2,-296.6580082649598,,0,
186.0,28.0,2,-284.05165446945466,,0,
187.0,28.0,2,-255.19235019758344,,0,
188.0,28.0,2,-210.3813827505801,-228.000316,1,-17.61893324941991
189.0,28.0,2,-153.51328277168795,,0,
190.0,28.0,2,-90.28728419123217,,0,
191.0,28.0,2,-26.4440128155984,,0,
192.0,28.0,2,31.110810001846403,45.973174,1,14.862363998153597
193.0,28.0,2,74.98268925468437,,0,
194.0,28.0,2,99.75789932790212,,0,
195.0,28.0,2,102.65559296915308,,0,
196.0,28.0,2,84.09038608660921,269.694491,1,185.6041049133908
197.0,28.0,2,45.37636631028727,,0,
198.0,28.0,2,-1.1692857563029975,,0,
199.0,28.0,2,-46.98892277106643,,0,
0.0,29.0,0,-438.1657511643134,,0,
1.0,29.0,0,-452.8740756995976,,0,
2.0,29.0,0,-461.7285189132672,,0,
3.0,29.0,0,-464.83167271572165,-369.321563,1,95.51010971572163
4.0,29.0,0,-463.4926499379799,,0,
5.0,29.0,0,-453.9399460684508,,0,
6.0,29.0,0,-434.2171894663479,,0,
7.0,29.0,0,-402.7686156028649,-459.049162,1,-56.28054639713514
8.0,29.0,0,-356.51137260813266,,0,
9.0,29.0,0,-296.0871039889753,,0,
10.0,29.0,0,-224.05798747995868,,0,
11.0,29.0,0,-146.15701010939665,-355.887907,1,-209.73089689060333
12.0,29.0,0,-68.9586698487401,,0,
13.0,29.0,0,1.4037795942276716,,0,
14.0,29.0,0,57.50101609015837,,0,
15.0,29.0,0,92.98043661471456,99.366416,1,6.385979385285438
16.0,29.0,0,103.39750104118139,,0,
17.0,29.0,0,86.29777764854953,,0,
18.0,29.0,0,43.226232387823984,,0,
19.0,29.0,0,-20.97069339128211,-111.101095,1,-90.13040160871789
20.0,29.0,0,-96.76923789130524,,0,
21.0,29.0,0,-178.7912526228465,,0,
22.0,29.0,0,-260.7001075637527,,0,
23.0,29.0,0,-335.38430392416194,-383.405769,1,-48.02146507583808
24.0,29.0,0,-395.87273149425164,,0,
25.0,29.0,0,-439.484832465183,,0,
26.0,29.0,0,-465.6539332785178,,0,
27.0,29.0,0,-476.84184715664014,-595.744075,1,-118.90222784335981
28.0,29.0,0,-477.8797995785717,,0,
29.0,29.0,0,-474.33227141480893,,0,
30.0,29.0,0,-470.4231514350977,,0,
31.0,29.0,0,-467.6776146343909,-612.649401,1,-144.9717863656091
32.0,29.0,0,-462.27401061274577,,0,
33.0,29.0,0,-455.99493063404225,,0,
34.0,29.0,0,-447.92265498440247,,0,
35.0,29.0,0,-436.53077987534925,-517.340681,1,-80.80990112465076
36.0,29.0,0,-420.91597128030844,,0,
37.0,29.0,0,-404.74052123585716,,0,
38.0,29.0,0,-390.2741988708731,,0,
39.0,29.0,0,-378.76157251768745,-383.396739,1,-4.63516648231257
40.0,29.0,0,-370.63953717029653,,0,
41.0,29.0,0,-365.96478574653156,,0,
42.0,29.0,0,-364.3942228326341,,0,
43.0,29.0,0,-365.6901041595265,-283.553981,1,82.1361231595265
44.0,29.0,0,-370.2761136868503,,0,
45.0,29.0,0,-378.2739221393131,,0,
46.0,29.0,0,-387.06078187492676,,0,
47.0,29.0,0,-394.0260355194332,-423.027989,1,-29.001953480566783
48.0,29.0,0,-396.5106168468483,,0,
49.0,29.0,0,-393.2328172530979,,0,
50.0,29.0,0,-383.00980443530716,,0,
51.0,29.0,0,-366.36451119661797,-438.586661,1,-72.22214980338202
52.0,29.0,0,-347.54754641954787,,0,
53.0,29.0,0,-331.34808028209955,,0,
54.0,29.0,0,-320.06592182815075,,0,
55.0,29.0,0,-314.25271904986585,-194.733667,1,119.51905204986585
56.0,29.0,0,-314.9748312277952,,0,
57.0,29.0,0,-317.2045041935053,,0,
58.0,29.0,0,-319.5675752251409,,0,
59.0,29.0,0,-323.88485583639704,-273.72749,1,50.15736583639705
60.0,29.0,0,-330.572751004016,,0,
61.0,29.0,0,-339.44387214723974,,0,
62.0,29.0,0,-352.30041798588354,,0,
63.0,29.0,0,-371.5397385598044,-290.8807,1,80.6590385598044
64.0,29.0,0,-397.7733323557768,,0,
65.0,29.0,0,-426.3907011114061,,0,
66.0,29.0,0,-453.770443480229,,0,
67.0,29.0,0,-477.009838977654,-430.5804,1,46.429438977654
68.0,29.0,0,-494.71961161727086,,0,
69.0,29.0,0,-504.4867921655532,,0,
70.0,29.0,0,-505.75277974735945,,0,
71.0,29.0,0,-499.50014401006047,-469.76195,1,29.738194010060454
72.0,29.0,0,-488.3159536297899,,0,
73.0,29.0,3,-474.7849213408772,,0,
74.0,29.0,3,-460.1752805884753,,0,
75.0,29.0,3,-445.54465105696,-486.705623,1,-41.16097194304001
76.0,29.0,3,-432.2805552048376,,0,
77.0,29.0,3,-422.0276245230343,,0,
78.0,29.0,3,-416.6428459737217,,0,
79.0,29.0,3,-416.8604662389844,-161.160383,1,255.70008323898438
80.0,29.0,3,-417.7250031597214,,0,
81.0,29.0,3,-412.3871739782626,,0,
82.0,29.0,3,-392.6408126169117,,0,
83.0,29.0,3,-352.63423599621456,-445.489821,1,-92.85558500378545
84.0,29.0,3,-287.80989418609533,,0,
85.0,29.0,3,-195.80514425085858,,0,
86.0,29.0,3,-83.85917876425083,,0,
87.0,29.0,3,33.10618804913247,161.002135,1,127.89594695086754
88.0,29.0,3,133.05989064869937,,0,
89.0,29.0,3,197.07075370952953,,0,
90.0,29.0,3,218.46193316875724,,0,
91.0,29.0,3,198.2387574747263,374.473564,1,176.2348065252737
92.0,29.0,3,148.45316369156353,,0,
93.0,29.0,3,84.85186527913902,,0,
94.0,29.0,3,23.442471642774763,,0,
95.0,29.0,3,-24.41092359277536,-144.408024,1,-119.99710040722465
96.0,29.0,3,-51.11374454392353,,0,
97.0,29.0,3,-58.22235871094745,,0,
98.0,29.0,3,-48.12191600250662,,0,
99.0,29.0,3,-25.61465139093343,-60.150653,1,-34.53600160906657
100.0,29.0,3,2.1137389480136335,,0,
101.0,29.0,3,26.310316370625515,,0,
102.0,29.0,3,36.795490847871406,,0,
103.0,29.0,3,22.337462079478428,410.506155,1,388.16869292052155
104.0,29.0,3,-30.041632018663222,,0,
105.0,29.0,3,-108.2911556372419,,0,
106.0,29.0,3,-200.26848929401604,,0,
107.0,29.0,3,-292.1173877036199,-485.064234,1,-192.9468462963801
108.0,29.0,3,-370.2349153916002,,0,
109.0,29.0,3,-433.01958407131315,,0,
110.0,29.0,3,-476.99545648816274,,0,
111.0,29.0,3,-499.17027438397054,-560.655951,1,-61.48567661602942
112.0,29.0,3,-500.5323405272502,,0,
113.0,29.0,3,-487.31562674895395,,0,
114.0,29.0,3,-464.9732904190023,,0,
115.0,29.0,3,-438.5611765617505,-480.542882,1,-41.98170543824955
116.0,29.0,3,-414.10920436881133,,0,
117.0,29.0,3,-398.7889827726758,,0,
118.0,29.0,3,-397.24488530581584,,0,
119.0,29.0,3,-409.84303174272645,-324.341236,1,85.50179574272647
120.0,29.0,3,-428.16228986514034,,0,
121.0,29.0,3,-442.2087087854743,,0,
122.0,29.0,3,-447.3071707190247,,0,
123.0,29.0,3,-442.6745631095255,-455.472682,1,-12.79811889047454
124.0,29.0,3,-429.5184984575608,,0,
125.0,29.0,3,-408.8474011620856,,0,
126.0,29.0,3,-380.98108858434716,,0,
127.0,29.0,3,-346.43330000608694,-329.610403,1,16.82289700608692
128.0,29.0,3,-307.8381177727133,,0,
129.0,29.0,3,-267.7475735123735,,0,
130.0,29.0,1,-229.84969266632106,,0,
131.0,29.0,1,-197.79047649702989,-267.172542,1,-69.38206550297014
132.0,29.0,1,-171.11223726224853,,0,
133.0,29.0,1,-150.86109680810478,,0,
134.0,29.0,1,-134.82304539950565,,0,
135.0,29.0,1,-118.69615585787687,-302.433719,1,-183.73756314212312
136.0,29.0,1,-98.48394413595088,,0,
137.0,29.0,1,-80.36141057580244,,0,
138.0,29.0,1,-64.8967710636789,,0,
139.0,29.0,1,-49.8082060222514,-96.341187,1,-46.53298097774861
140.0,29.0,1,-39.020836996729486,,0,
141.0,29.0,1,-39.87509510735981,,0,
142.0,29.0,1,-55.664505554013886,,0,
143.0,29.0,1,-85.24374202766921,442.713852,1,527.9575940276692
144.0,29.0,1,-126.4511554291239,,0,
145.0,29.0,1,-177.1375080338912,,0,
146.0,29.0,1,-231.44211296131834,,0,
147.0,29.0,1,-280.5285557738971,-340.72922,1,-60.2006642261029
148.0,29.0,1,-315.98202003294136,,0,
149.0,29.0,1,-332.50061017647386,,0,
150.0,29.0,1,-330.66067683836445,,0,
151.0,29.0,1,-315.6621000766754,-262.118304,1,53.54379607667539
152.0,29.0,1,-294.84590704669245,,0,
153.0,29.0,1,-271.717139418819,,0,
154.0,29.0,1,-247.40602645860054,,0,
155.0,29.0,1,-218.4104266455397,-436.973531,1,-218.56310435446028
156.0,29.0,1,-176.4129555170657,,0,
157.0,29.0,1,-124.37938015628606,,0,
158.0,29.0,1,-63.24065014068037,,0,
159.0,29.0,1,6.08785817399621,-402.747272,1,-408.8351301739962
160.0,29.0,1,82.83051426103339,,0,
161.0,29.0,1,165.52198771201074,,0,
162.0,29.0,1,249.33788738865405,,0,
163.0,29.0,2,327.9917456302792,327.993982,1,0.002236369720833409
164.0,29.0,2,388.663454399677,,0,
165.0,29.0,2,420.88568570744246,,0,
166.0,29.0,2,428.61069426848553,,0,
167.0,29.0,2,423.1561418119818,434.563341,1,11.407199188018183
168.0,29.0,2,413.9673546345439,,0,
169.0,29.0,2,407.31025357497856,,0,
170.0,29.0,2,403.87528105732054,,0,
171.0,29.0,2,396.42615401372313,932.182334,1,535.7561799862768
172.0,29.0,2,368.1905113206012,,0,
173.0,29.0,2,328.6344509841874,,0,
174.0,29.0,2,276.50990303908475,,0,
175.0,29.0,2,206.14916118467227,529.27462,1,323.12545881532776
176.0,29.0,2,118.12642884789966,,0,
177.0,29.0,2,29.794972197152674,,0,
178.0,29.0,2,-50.33448487683199,,0,
179.0,29.0,2,-119.7277238087263,-8.201907,1,111.52581680872629
180.0,29.0,2,-180.45225750596728,,0,
181.0,29.0,2,-230.71427647722885,,0,
182.0,29.0,2,-270.7708486856427,,0,
183.0,29.0,2,-300.91880519664846,-141.891378,1,159.02742719664846
184.0,29.0,2,-320.56904691876844,,0,
185.0,29.0,2,-328.7707565622404,,0,
186.0,29.0,2,-325.1871765375836,,0,
187.0,29.0,2,-308.34547852771357,-395.746352,1,-87.40087347228643
188.0,29.0,2,-276.1471140286885,,0,
189.0,29.0,2,-232.7007949608378,,0,
190.0,29.0,2,-181.89177586184815,,0,
191.0,29.0,2,-127.76881264941767,-252.344288,1,-124.57547535058234
192.0,29.0,2,-77.35337421111763,,0,
193.0,29.0,2,-37.088409253628924,,0,
194.0,29.0,2,-11.470546888536774,,0,
195.0,29.0,2,-3.5805533160455525,270.145814,1,273.7263673160455
196.0,29.0,2,-14.039551742840558,,0,
197.0,29.0,2,-39.92807681299746,,0,
198.0,29.0,2,-72.40532575547695,,0,
199.0,29.0,2,-103.75482201436535,-241.046478,1,-137.29165598563466
0.0,30.0,0,-476.75308600557037,,0,
1.0,30.0,0,-492.94636759813875,,0,
2.0,30.0,0,-502.45793113671243,-342.909769,1,159.54816213671245
3.0,30.0,0,-505.32899110391736,,0,
4.0,30.0,0,-501.46518357330933,,0,
5.0,30.0,0,-488.5634702257812,,0,
6.0,30.0,0,-464.4546307651326,-411.261338,1,53.19329276513258
7.0,30.0,0,-428.1583449705504,,0,
8.0,30.0,0,-376.6198978670873,,0,
9.0,30.0,0,-309.1833920716308,,0,
10.0,30.0,0,-227.79451935179532,-491.170975,1,-263.3764556482047
11.0,30.0,0,-140.16611461271532,,0,
12.0,30.0,0,-54.708158317022026,,0,
13.0,30.0,0,21.404310252517462,,0,
14.0,30.0,0,81.38829147978686,89.952036,1,8.563744520213149
15.0,30.0,0,119.29101807170082,,0,
16.0,30.0,0,131.37742877216078,,0,
17.0,30.0,0,116.21791225625202,,0,
18.0,30.0,0,74.68313964968547,185.82603,1,111.14289035031453
19.0,30.0,0,8.90753382211551,,0,
20.0,30.0,0,-71.62202480947599,,0,
21.0,30.0,0,-159.9312869636342,,0,
22.0,30.0,0,-249.4499792496208,-245.575755,1,3.8742242496208235
23.0,30.0,0,-332.47976604511496,,0,
24.0,30.0,0,-402.05643874639645,,0,
25.0,30.0,0,-453.60537458676845,,0,
26.0,30.0,0,-485.26494853768963,-653.214176,1,-167.94922746231032
27.0,30.0,0,-499.8389525078237,,0,
28.0,30.0,0,-502.0174130576197,,0,
29.0,30.0,0,-496.8423526347615,,0,
30.0,30.0,0,-488.8411117501091,-423.623501,1,65.21761075010915
31.0,30.0,0,-481.20492391393054,,0,
32.0,30.0,0,-472.3980644766707,,0,
33.0,30.0,0,-463.2127639404498,,0,
34.0,30.0,0,-452.8561969108414,-502.971284,1,-50.115087089158635
35.0,30.0,0,-438.50193585059606,,0,
36.0,30.0,0,-420.71012437995523,,0,
37.0,30.0,0,-401.8820722112432,,0,
38.0,30.0,0,-384.4792540742783,-383.061052,1,1.4182020742782697
39.0,30.0,0,-370.34438084310386,,0,
40.0,30.0,0,-360.70335040730424,,0,
41.0,30.0,0,-356.18840638385154,,0,
42.0,30.0,0,-356.84936365729664,-323.229335,1,33.62002865729664
43.0,30.0,0,-362.79912824567873,,0,
44.0,30.0,0,-373.6726333871484,,0,
45.0,30.0,0,-387.4412061194889,,0,
46.0,30.0,0,-400.50954311562236,-465.078977,1,-64.56943388437764
47.0,30.0,0,-410.503766793001,,0,
48.0,30.0,0,-414.82816380856093,,0,
49.0,30.0,0,-411.3897792918142,,0,
50.0,30.0,0,-399.1301390551962,-495.163356,1,-96.03321694480383
51.0,30.0,0,-377.2417806220474,,0,
52.0,30.0,0,-351.1085673624184,,0,
53.0,30.0,0,-325.2380997221917,,0,
54.0,30.0,0,-302.53891032136744,-206.048109,1,96.49080132136743
55.0,30.0,0,-284.1238536061719,,0,
56.0,30.0,0,-270.506177266594,,0,
57.0,30.0,0,-260.4459905687254,,0,
58.0,30.0,0,-254.46500141208526,-167.054703,1,87.41029841208527
59.0,30.0,0,-256.01892186608166,,0,
60.0,30.0,0,-264.0815978280734,,0,
61.0,30.0,0,-278.3673318414949,,0,
62.0,30.0,0,-299.8902183858445,-208.460709,1,91.42950938584448
63.0,30.0,0,-331.32991104235407,,0,
64.0,30.0,0,-369.83012575865723,,0,
65.0,30.0,0,-411.20849695941433,,0,
66.0,30.0,0,-451.3635283492622,-450.097283,1,1.2662453492621921
67.0,30.0,0,-487.101293351443,,0,
68.0,30.0,0,-516.254136501113,,0,
69.0,30.0,0,-537.118774515111,,0,
70.0,30.0,0,-548.8464512673672,-583.74419,1,-34.897738732632774
71.0,30.0,0,-551.0721349426312,,0,
72.0,30.0,0,-545.8710102217738,,0,
73.0,30.0,3,-534.6631277863635,,0,
74.0,30.0,3,-518.3692799912533,-628.60885,1,-110.23957000874668
75.0,30.0,3,-499.63001568312757,,0,
76.0,30.0,3,-480.9044868766796,,0,
77.0,30.0,3,-463.88078125333413,,0,
78.0,30.0,3,-450.73356926924316,-232.127087,1,218.60648226924317
79.0,30.0,3,-445.422968809813,,0,
80.0,30.0,3,-438.810653429362,,0,
81.0,30.0,3,-422.0275785594713,,0,
82.0,30.0,3,-386.75669536413625,-504.452286,1,-117.69559063586377
83.0,30.0,3,-330.2986962319992,,0,
84.0,30.0,3,-251.2087820636807,,0,
85.0,30.0,3,-150.64259017584845,,0,
86.0,30.0,3,-36.29672436049441,-232.083888,1,-195.7871636395056
87.0,30.0,3,80.4369029524969,,0,
88.0,30.0,3,175.8336207853863,,0,
89.0,30.0,3,233.43241188814864,,0,
90.0,30.0,3,247.1327756876417,581.501785,1,334.36900931235834
91.0,30.0,3,214.6002524925716,,0,
92.0,30.0,3,155.24297371169087,,0,
93.0,30.0,3,87.69645679963287,,0,
94.0,30.0,3,28.41374696115963,-179.27334,1,-207.68708696115962
95.0,30.0,3,-15.120418596547097,,0,
96.0,30.0,3,-39.477916147123324,,0,
97.0,30.0,3,-44.66364380996674,,0,
98.0,30.0,3,-32.96785236912547,-178.034567,1,-145.06671463087454
99.0,30.0,3,-11.304619905131403,,0,
100.0,30.0,3,11.963336716464255,,0,
101.0,30.0,3,28.09026656515198,,0,
102.0,30.0,3,27.741752526009805,284.447179,1,256.7054264739902
103.0,30.0,3,1.5534420567564666,,0,
104.0,30.0,3,-56.68873003599583,,0,
105.0,30.0,3,-140.1366189244436,,0,
106.0,30.0,3,-235.304741324333,-347.121263,1,-111.81652167566699
107.0,30.0,3,-325.79575520852813,,0,
108.0,30.0,3,-402.7639837421593,,0,
109.0,30.0,3,-462.3607054622553,,0,
110.0,30.0,3,-501.31551824806957,-625.48861,1,-124.17309175193043
111.0,30.0,3,-514.9859168379917,,0,
112.0,30.0,3,-507.3034314689867,,0,
113.0,30.0,3,-484.0726260272786,,0,
114.0,30.0,3,-451.0199805974262,-544.436339,1,-93.41635840257379
115.0,30.0,3,-412.1605704459362,,0,
116.0,30.0,3,-375.8003891129338,,0,
117.0,30.0,3,-348.68086524290266,,0,
118.0,30.0,3,-335.9853067235672,-116.504594,1,219.4807127235672
119.0,30.0,3,-342.12125604291214,,0,
120.0,30.0,3,-356.41189002635656,,0,
121.0,30.0,3,-369.9500671963906,,0,
122.0,30.0,3,-377.2910498069832,-416.897358,1,-39.60630819301679
123.0,30.0,3,-375.7828157028416,,0,
124.0,30.0,3,-366.64216471425607,,0,
125.0,30.0,3,-350.87891171779484,,0,
126.0,30.0,3,-328.7059219131479,-397.709377,1,-69.00345508685211
127.0,30.0,3,-299.45988210488576,,0,
128.0,30.0,3,-266.3514342610724,,0,
129.0,30.0,3,-231.88131864217576,,0,
130.0,30.0,1,-199.5441243199166,-75.499398,1,124.04472631991659
131.0,30.0,1,-175.17102022480685,,0,
132.0,30.0,1,-158.82403801445616,,0,
133.0,30.0,1,-151.5671098777093,,0,
134.0,30.0,1,-149.97046351525933,-224.037681,1,-74.06721748474067
135.0,30.0,1,-147.13672242034227,,0,
136.0,30.0,1,-142.01988685235847,,0,
137.0,30.0,1,-137.0373892558273,,0,
138.0,30.0,1,-130.7392311504227,-445.351261,1,-314.6120298495773
139.0,30.0,1,-115.22863199817948,,0,
140.0,30.0,1,-99.50742816843558,,0,
141.0,30.0,1,-89.51746952114627,,0,
142.0,30.0,1,-88.15861949650571,261.523356,1,349.6819754965057
143.0,30.0,1,-97.23741736682132,,0,
144.0,30.0,1,-118.02800022508018,,0,
145.0,30.0,1,-151.3507533754455,,0,
146.0,30.0,1,-193.94923608517274,-119.479585,1,74.46965108517274
147.0,30.0,1,-234.41066600591876,,0,
148.0,30.0,1,-262.5903383482364,,0,
149.0,30.0,1,-272.41685116593726,,0,
150.0,30.0,1,-262.5835572098149,-281.743282,1,-19.159724790185123
151.0,30.0,1,-239.67670612875372,,0,
152.0,30.0,1,-211.78014829871245,,0,
153.0,30.0,1,-184.28920506383292,,0,
154.0,30.0,1,-158.88672774261795,-280.667557,1,-121.78082925738204
155.0,30.0,1,-130.7578891441226,,0,
156.0,30.0,1,-94.17066081997473,,0,
157.0,30.0,1,-49.137892400380224,,0,
158.0,30.0,1,3.1651628788094968,-212.118904,1,-215.28406687880948
159.0,30.0,1,62.596070748055354,,0,
160.0,30.0,1,128.79918250534683,,0,
161.0,30.0,1,199.41535630391445,,0,
162.0,30.0,1,270.00445670681074,-16.82969,1,-286.83414670681077
163.0,30.0,2,338.76655155420303,,0,
164.0,30.0,2,390.65366808639374,,0,
165.0,30.0,2,418.56709982967004,,0,
166.0,30.0,2,424.07743660896085,324.596155,1,-99.48128160896084
167.0,30.0,2,416.53158262046054,,0,
168.0,30.0,2,403.4976179553196,,0,
169.0,30.0,2,392.16238311794586,,0,
170.0,30.0,2,383.1784610301256,614.39478,1,231.21631896987435
171.0,30.0,2,369.2559968275018,,0,
172.0,30.0,2,341.9928255418781,,0,
173.0,30.0,2,303.55334717431106,,0,
174.0,30.0,2,252.47378694918007,733.465461,1,480.99167405081994
175.0,30.0,2,176.23351366468705,,0,
176.0,30.0,2,87.58116198820062,,0,
177.0,30.0,2,-0.9559661105740815,,0,
178.0,30.0,2,-81.68485157808755,72.533258,1,154.21810957808754
179.0,30.0,2,-151.20003188215196,,0,
180.0,30.0,2,-209.35395685723051,,0,
181.0,30.0,2,-256.2211164915934,,0,
182.0,30.0,2,-292.9364594882354,-227.233359,1,65.7031004882354
183.0,30.0,2,-320.66677261609584,,0,
184.0,30.0,2,-339.8969670399092,,0,
185.0,30.0,2,-350.94371212879196,,0,
186.0,30.0,2,-353.77721507800743,-405.271496,1,-51.49428092199258
187.0,30.0,2,-345.48042593849823,,0,
188.0,30.0,2,-324.0865488885902,,0,
189.0,30.0,2,-291.78824040386826,,0,
190.0,30.0,2,-251.83524286095053,-395.029998,1,-143.19475513904945
191.0,30.0,2,-205.71681613568217,,0,
192.0,30.0,2,-161.90931884991005,,0,
193.0,30.0,2,-125.49203318636864,,0,
194.0,30.0,2,-99.53702039690688,-67.698577,1,31.838443396906882
195.0,30.0,2,-88.36871846858412,,0,
196.0,30.0,2,-92.55314164701849,,0,
197.0,30.0,2,-108.63463103678077,,0,
198.0,30.0,2,-129.20830424316227,-245.80797,1,-116.59966575683774
199.0,30.0,2,-147.4484669403173,,0,
0.0,31.0,0,-511.38127054157667,,0,
1.0,31.0,0,-529.893919385504,-481.197433,1,48.69648638550399
2.0,31.0,0,-540.9194427132607,,0,
3.0,31.0,0,-543.9725409322418,,0,
4.0,31.0,0,-538.3048624750227,,0,
5.0,31.0,0,-522.384751749225,-440.661083,1,81.72366874922494
6.0,31.0,0,-494.18325386638753,,0,
7.0,31.0,0,-451.8985548855271,,0,
8.0,31.0,0,-393.7308005827945,,0,
9.0,31.0,0,-319.01971848588437,-513.513075,1,-194.4933565141156
10.0,31.0,0,-227.25455951015465,,0,
11.0,31.0,0,-130.10054483101703,,0,
12.0,31.0,0,-37.15344228129834,,0,
13.0,31.0,0,44.07889390550554,139.146194,1,95.06730009449447
14.0,31.0,0,107.14318096800707,,0,
15.0,31.0,0,146.62053469370585,,0,
16.0,31.0,0,159.15380985592492,,0,
17.0,31.0,0,143.9531335378997,284.20484,1,140.2517064621003
18.0,31.0,0,101.82118608313613,,0,
19.0,31.0,0,35.181989406002685,,0,
20.0,31.0,0,-49.3748968844302,,0,
21.0,31.0,0,-143.5364512084052,-99.29755,1,44.238901208405196
22.0,31.0,0,-239.9713445659727,,0,
23.0,31.0,0,-330.19429584394675,,0,
24.0,31.0,0,-407.2955119081307,,0,
25.0,31.0,0,-465.6186565204989,-587.266501,1,-121.64784447950103
26.0,31.0,0,-501.1404021215858,,0,
27.0,31.0,0,-517.7348550937604,,0,
28.0,31.0,0,-519.3333996608853,,0,
29.0,31.0,0,-511.17573009524494,-402.731512,1,108.44421809524493
30.0,31.0,0,-498.4607824089471,,0,
31.0,31.0,0,-484.58679375750944,,0,
32.0,31.0,0,-471.06847795587964,,0,
33.0,31.0,0,-459.0645410658326,-430.0357,1,29.02884106583258
34.0,31.0,0,-446.22408018866554,,0,
35.0,31.0,0,-429.92678945465013,,0,
36.0,31.0,0,-410.27920257113874,,0,
37.0,31.0,0,-389.1459212102927,-373.613183,1,15.532738210292734
38.0,31.0,0,-368.9627749394858,,0,
39.0,31.0,0,-352.1540044543799,,0,
40.0,31.0,0,-340.8689315468073,,0,
41.0,31.0,0,-336.556871101493,-361.304877,1,-24.74800589850696
42.0,31.0,0,-339.28790954942815,,0,
43.0,31.0,0,-349.4660206811968,,0,
44.0,31.0,0,-366.0403257603757,,0,
45.0,31.0,0,-385.9288582568988,-493.251852,1,-107.32299374310116
46.0,31.0,0,-403.4250613375334,,0,
47.0,31.0,0,-417.54934817855246,,0,
48.0,31.0,0,-424.9328424403211,,0,
49.0,31.0,0,-421.8246922241524,-566.158889,1,-144.33419677584766
50.0,31.0,0,-407.5398731280584,,0,
51.0,31.0,0,-382.9259493192658,,0,
52.0,31.0,0,-351.69296409841627,,0,
53.0,31.0,0,-318.29690863285214,-265.731753,1,52.56515563285211
54.0,31.0,0,-286.64752884348854,,0,
55.0,31.0,0,-257.16687799734063,,0,
56.0,31.0,0,-230.79093145974912,,0,
57.0,31.0,0,-209.10372249176726,-93.944609,1,115.15911349176726
58.0,31.0,0,-195.04602051823167,,0,
59.0,31.0,0,-192.06722323072609,,0,
60.0,31.0,0,-200.91034223372117,,0,
61.0,31.0,0,-220.84846083214507,58.955735,1,279.80419583214507
62.0,31.0,0,-251.67252940760227,,0,
63.0,31.0,0,-293.2249224727275,,0,
64.0,31.0,0,-342.64586136874277,,0,
65.0,31.0,0,-395.6949848018121,-431.297552,1,-35.6025671981879
66.0,31.0,0,-447.84254925127607,,0,
67.0,31.0,0,-494.8403487057658,,0,
68.0,31.0,0,-533.7982331116218,,0,
69.0,31.0,0,-563.6920901192352,-639.07064,1,-75.37854988076481
70.0,31.0,0,-583.9413806099328,,0,
71.0,31.0,0,-593.8035764217493,,0,
72.0,31.0,0,-593.8241974314442,,0,
73.0,31.0,3,-585.1985209851991,-688.573537,1,-103.37501601480085
74.0,31.0,3,-567.7083033588715,,0,
75.0,31.0,3,-546.1255381006922,,0,
76.0,31.0,3,-523.5317045367556,,0,
77.0,31.0,3,-501.9260940849781,-380.406202,1,121.5198920849781
78.0,31.0,3,-483.37589787581237,,0,
79.0,31.0,3,-468.2773926802329,,0,
80.0,31.0,3,-450.4735400681384,,0,
81.0,31.0,3,-421.14577580965124,-665.880988,1,-244.73521219034876
82.0,31.0,3,-369.2850003322819,,0,
83.0,31.0,3,-297.62627331356634,,0,
84.0,31.0,3,-206.04838745715097,,0,
85.0,31.0,3,-95.78262554784305,-435.329626,1,-339.54700045215696
86.0,31.0,3,23.44671527459286,,0,
87.0,31.0,3,137.4100352890091,,0,
88.0,31.0,3,225.4362258342444,,0,
89.0,31.0,3,269.8443001556443,775.228127,1,505.38382684435567
90.0,31.0,3,268.6288982002443,,0,
91.0,31.0,3,227.26311347048613,,0,
92.0,31.0,3,161.28775236022193,,0,
93.0,31.0,3,90.13053280860186,-216.383351,1,-306.51388380860186
94.0,31.0,3,34.51430069998605,,0,
95.0,31.0,3,-4.487655988254119,,0,
96.0,31.0,3,-25.787516860174946,,0,
97.0,31.0,3,-29.684338948922232,-187.442442,1,-157.75810305107777
98.0,31.0,3,-16.749984634952853,,0,
99.0,31.0,3,2.877611582109239,,0,
100.0,31.0,3,20.42348589154426,,0,
101.0,31.0,3,27.6189196780324,75.653752,1,48.0348323219676
102.0,31.0,3,15.893273207591847,,0,
103.0,31.0,3,-19.94709578191396,,0,
104.0,31.0,3,-82.7892580285552,,0,
105.0,31.0,3,-168.65993662783876,-84.563075,1,84.09686162783876
106.0,31.0,3,-264.01749748253496,,0,
107.0,31.0,3,-353.8108694127877,,0,
108.0,31.0,3,-428.58580058498774,,0,
109.0,31.0,3,-483.74289485884947,-619.74293,1,-136.00003514115053
110.0,31.0,3,-515.8373474579421,,0,
111.0,31.0,3,-522.1179948496283,,0,
112.0,31.0,3,-504.8782841867069,,0,
113.0,31.0,3,-470.1549685422797,-636.280712,1,-166.12574345772032
114.0,31.0,3,-424.61046871638973,,0,
115.0,31.0,3,-374.7689452531049,,0,
116.0,31.0,3,-328.59144752510474,,0,
117.0,31.0,3,-293.2439891709946,-74.247851,1,218.9961381709946
118.0,31.0,3,-274.3915145948413,,0,
119.0,31.0,3,-273.9546709533897,,0,
120.0,31.0,3,-285.0013400110183,,0,
121.0,31.0,3,-298.1222972488613,-489.363424,1,-191.24112675113872
122.0,31.0,3,-306.6724422403495,,0,
123.0,31.0,3,-308.0005537131801,,0,
124.0,31.0,3,-302.7143054062617,,0,
125.0,31.0,3,-291.7591847333824,-313.106685,1,-21.3475002666176
126.0,31.0,3,-275.31592751678545,,0,
127.0,31.0,3,-253.56833936704788,,0,
128.0,31.0,3,-228.30504037678475,,0,
129.0,31.0,3,-201.70694884296972,86.337888,1,288.04483684296974
130.0,31.0,1,-176.75391974981176,,0,
131.0,31.0,1,-157.45456285006367,,0,
132.0,31.0,1,-148.18269305169815,,0,
133.0,31.0,1,-152.6048851716332,123.060522,1,275.6654071716332
134.0,31.0,1,-163.3274229442468,,0,
135.0,31.0,1,-172.73150432901457,,0,
136.0,31.0,1,-179.67401915660594,,0,
137.0,31.0,1,-185.10138027218636,-213.335339,1,-28.233958727813643
138.0,31.0,1,-184.7986328675761,,0,
139.0,31.0,1,-174.24291825550608,,0,
140.0,31.0,1,-157.5686091677635,,0,
141.0,31.0,1,-140.39192646800075,-194.274888,1,-53.88296153199926
142.0,31.0,1,-125.58659376599826,,0,
143.0,31.0,1,-117.43167602247559,,0,
144.0,31.0,1,-119.91591157298535,,0,
145.0,31.0,1,-136.9432074187789,173.59388,1,310.5370874187789
146.0,31.0,1,-168.7704357978655,,0,
147.0,31.0,1,-198.44754690444097,,0,
148.0,31.0,1,-216.27717992599355,,0,
149.0,31.0,1,-217.00345169380307,-425.363403,1,-208.35995130619693
150.0,31.0,1,-196.329412012361,,0,
151.0,31.0,1,-163.63545024127234,,0,
152.0,31.0,1,-127.10550495469943,,0,
153.0,31.0,1,-93.23361326893792,48.998346,1,142.2319592689379
154.0,31.0,1,-65.41156346956268,,0,
155.0,31.0,1,-37.35146054136567,,0,
156.0,31.0,1,-4.718867893330753,,0,
157.0,31.0,1,34.23152863327414,68.269005,1,34.03747636672587
158.0,31.0,1,79.1873558324296,,0,
159.0,31.0,1,130.80453485250473,,0,
160.0,31.0,1,189.38950148504227,,0,
161.0,31.0,1,253.67007977282628,-209.50633,1,-463.1764097728263
162.0,31.0,1,317.26208077243064,,0,
163.0,31.0,2,373.4859438391868,,0,
164.0,31.0,2,414.00278181314934,,0,
165.0,31.0,2,434.65326400846243,173.655246,1,-260.9980180084624
166.0,31.0,2,433.5194246172905,,0,
167.0,31.0,2,415.1302838094998,,0,
168.0,31.0,2,389.2812087915372,,0,
169.0,31.0,2,366.22142021451145,338.073046,1,-28.148374214511477
170.0,31.0,2,345.17451718228403,,0,
171.0,31.0,2,320.24776019435376,,0,
172.0,31.0,2,287.17891589796636,,0,
173.0,31.0,2,244.00634231278673,538.819358,1,294.81301568721324
174.0,31.0,2,187.03457355336286,,0,
175.0,31.0,2,112.55131783150136,,0,
176.0,31.0,2,28.579159919172525,,0,
177.0,31.0,2,-54.63261337624863,12.694395,1,67.32700837624863
178.0,31.0,2,-131.0661413935013,,0,
179.0,31.0,2,-195.25927369762212,,0,
180.0,31.0,2,-246.0212834222475,,0,
181.0,31.0,2,-284.49756421148777,-259.731123,1,24.766441211487745
182.0,31.0,2,-313.74517743848264,,0,
183.0,31.0,2,-335.99824462551624,,0,
184.0,31.0,2,-352.65986714325845,,0,
185.0,31.0,2,-363.76467779581435,-231.56954,1,132.19513779581436
186.0,31.0,2,-370.3368741113227,,0,
187.0,31.0,2,-367.1874883696437,,0,
188.0,31.0,2,-352.22185891715344,,0,
189.0,31.0,2,-326.2281963401474,-505.545712,1,-179.31751565985257
190.0,31.0,2,-292.21795322885737,,0,
191.0,31.0,2,-253.52224639896303,,0,
192.0,31.0,2,-215.78801480587572,,0,
193.0,31.0,2,-183.39685131888837,-307.306166,1,-123.90931468111165
194.0,31.0,2,-157.27325513830874,,0,
195.0,31.0,2,-142.86327113118023,,0,
196.0,31.0,2,-141.2828732903581,,0,
197.0,31.0,2,-149.8148893932812,-302.128836,1,-152.3139466067188
198.0,31.0,2,-160.3199358386919,,0,
199.0,31.0,2,-170.66358021087945,,0,
0.0,32.0,0,-540.255944121629,-565.507908,1,-25.251963878371043
1.0,32.0,0,-561.7087726457976,,0,
2.0,32.0,0,-574.9330774499103,,0,
3.0,32.0,0,-578.809660488274,,0,
4.0,32.0,0,-572.1753597762436,-550.483778,1,21.691581776243538
5.0,32.0,0,-553.9582004221156,,0,
6.0,32.0,0,-521.7760643897345,,0,
7.0,32.0,0,-473.2477599097183,,0,
8.0,32.0,0,-406.44932558364235,-484.9931,1,-78.54377441635768
9.0,32.0,0,-321.485205761157,,0,
10.0,32.0,0,-221.46895882301033,,0,
11.0,32.0,0,-116.3128725970164,,0,
12.0,32.0,0,-17.077497413381934,95.36221,1,112.43970741338194
13.0,32.0,0,68.42053782567382,,0,
14.0,32.0,0,133.94697647658177,,0,
15.0,32.0,0,174.1818047282286,,0,
16.0,32.0,0,185.69000604655594,269.983508,1,84.29350195344404
17.0,32.0,0,168.81951010646299,,0,
18.0,32.0,0,125.31618242710829,,0,
19.0,32.0,0,56.99845343735069,,0,
20.0,32.0,0,-32.111167418072,180.754841,1,212.866008418072
21.0,32.0,0,-131.85802463255823,,0,
22.0,32.0,0,-232.65917662461288,,0,
23.0,32.0,0,-326.8968517285539,,0,
24.0,32.0,0,-408.0936609825585,-489.287168,1,-81.1935070174415
25.0,32.0,0,-469.4099095305428,,0,
26.0,32.0,0,-509.17400527885184,,0,
27.0,32.0,0,-527.8261611510534,,0,
28.0,32.0,0,-527.8297399613075,-650.552379,1,-122.72263903869248
29.0,32.0,0,-516.2499987827614,,0,
30.0,32.0,0,-499.2826582037378,,0,
31.0,32.0,0,-480.3528540551197,,0,
32.0,32.0,0,-461.8719018383417,-313.541591,1,148.33031083834175
33.0,32.0,0,-447.3463540133089,,0,
34.0,32.0,0,-432.05425643583294,,0,
35.0,32.0,0,-413.5087218389381,,0,
36.0,32.0,0,-391.4968878412619,-396.628896,1,-5.132008158738074
37.0,32.0,0,-367.4768166327849,,0,
38.0,32.0,0,-343.8591466223588,,0,
39.0,32.0,0,-323.56225931289373,,0,
40.0,32.0,0,-309.5439348423388,-295.742309,1,13.801625842338808
41.0,32.0,0,-304.2394692096859,,0,
42.0,32.0,0,-308.37078245158773,,0,
43.0,32.0,0,-321.8521369001828,,0,
44.0,32.0,0,-342.7684771155473,-454.296265,1,-111.52778788445272
45.0,32.0,0,-367.2950130952522,,0,
46.0,32.0,0,-390.80683179816697,,0,
47.0,32.0,0,-410.531563007331,,0,
48.0,32.0,0,-422.76642507780343,-554.423327,1,-131.65690192219654
49.0,32.0,0,-421.41654482251033,,0,
50.0,32.0,0,-407.5598382500466,,0,
51.0,32.0,0,-382.2103672553785,,0,
52.0,32.0,0,-348.4348566910485,-335.66973,1,12.765126691048465
53.0,32.0,0,-310.6189281663392,,0,
54.0,32.0,0,-271.7438131181989,,0,
55.0,32.0,0,-232.95863027404994,,0,
56.0,32.0,0,-195.6001787504647,-172.724682,1,22.87549675046469
57.0,32.0,0,-163.29494745924603,,0,
58.0,32.0,0,-140.89905797853135,,0,
59.0,32.0,0,-133.21575002465397,,0,
60.0,32.0,0,-142.60141643625684,114.424379,1,257.02579543625683
61.0,32.0,0,-167.3831276569399,,0,
62.0,32.0,0,-205.69772022974212,,0,
63.0,32.0,0,-255.6952771001961,,0,
64.0,32.0,0,-314.26266810134985,-376.807708,1,-62.545039898650145
65.0,32.0,0,-377.3915318939835,,0,
66.0,32.0,0,-440.1083588746842,,0,
67.0,32.0,0,-496.7278375471942,,0,
68.0,32.0,0,-543.2024329477572,-635.850393,1,-92.64796005224287
69.0,32.0,0,-580.1573408108088,,0,
70.0,32.0,0,-607.7412668798934,,0,
71.0,32.0,0,-624.0553728507366,,0,
72.0,32.0,0,-627.6516651180573,-744.446876,1,-116.7952108819427
73.0,32.0,3,-620.4038598794723,,0,
74.0,32.0,3,-603.9493809106061,,0,
75.0,32.0,3,-581.450192700373,,0,
76.0,32.0,3,-556.538572638121,-462.459819,1,94.07875363812099
77.0,32.0,3,-531.2357573163463,,0,
78.0,32.0,3,-506.46575199323706,,0,
79.0,32.0,3,-480.68744426826015,,0,
80.0,32.0,3,-448.4425711305812,-643.011949,1,-194.56937786941876
81.0,32.0,3,-402.6003744342306,,0,
82.0,32.0,3,-337.1297396256123,,0,
83.0,32.0,3,-252.8192964082118,,0,
84.0,32.0,3,-151.5455003338866,-412.935691,1,-261.3901906661134
85.0,32.0,3,-32.84061443246901,,0,
86.0,32.0,3,88.06179179437459,,0,
87.0,32.0,3,196.78443903895095,,0,
88.0,32.0,3,276.02782328339526,760.641459,1,484.6136357166048
89.0,32.0,3,303.92120949024684,,0,
90.0,32.0,3,288.5228751511313,,0,
91.0,32.0,3,238.68305124063045,,0,
92.0,32.0,3,169.29225158615736,169.309036,1,0.016784413842628965
93.0,32.0,3,99.27612283936469,,0,
94.0,32.0,3,44.1507887171465,,0,
95.0,32.0,3,8.230307874386199,,0,
96.0,32.0,3,-8.63000150922744,-77.179007,1,-68.54900549077256
97.0,32.0,3,-8.941637646814343,,0,
98.0,32.0,3,2.9949633630458266,,0,
99.0,32.0,3,18.731239797140006,,0,
100.0,32.0,3,29.26662893879984,-31.59234,1,-60.85896893879984
101.0,32.0,3,26.72104008012684,,0,
102.0,32.0,3,4.881700989615638,,0,
103.0,32.0,3,-39.085108326980844,,0,
104.0,32.0,3,-105.66934739495628,88.016141,1,193.68548839495628
105.0,32.0,3,-193.91975415113848,,0,
106.0,32.0,3,-289.06352053035516,,0,
107.0,32.0,3,-377.1643612954067,,0,
108.0,32.0,3,-447.75710700813215,-613.3938,1,-165.6366929918679
109.0,32.0,3,-497.0111311354558,,0,
110.0,32.0,3,-522.3741345454473,,0,
111.0,32.0,3,-521.0571943202522,,0,
112.0,32.0,3,-493.4933666102879,-656.443505,1,-162.95013838971204
113.0,32.0,3,-446.7505614341935,,0,
114.0,32.0,3,-389.2077765170834,,0,
115.0,32.0,3,-329.1868884653086,,0,
116.0,32.0,3,-275.16868553624954,-192.912803,1,82.25588253624954
117.0,32.0,3,-234.16319464927074,,0,
118.0,32.0,3,-211.31297023879597,,0,
119.0,32.0,3,-207.96223680494586,,0,
120.0,32.0,3,-218.55155557929538,-355.041056,1,-136.48950042070464
121.0,32.0,3,-232.21438705082983,,0,
122.0,32.0,3,-241.25834482494975,,0,
123.0,32.0,3,-243.83046428428497,,0,
124.0,32.0,3,-241.47358335420722,-254.164333,1,-12.690749645792778
125.0,32.0,3,-235.08126976247877,,0,
126.0,32.0,3,-225.04888797615422,,0,
127.0,32.0,3,-211.91451675840653,,0,
128.0,32.0,3,-196.63967723341193,-134.972342,1,61.66733523341193
129.0,32.0,3,-180.44521450030152,,0,
130.0,32.0,1,-165.00472554645967,,0,
131.0,32.0,1,-152.7033811910078,,0,
132.0,32.0,1,-148.72252328554168,334.794424,1,483.5169472855417
133.0,32.0,1,-164.2742704646662,,0,
134.0,32.0,1,-184.773716691765,,0,
135.0,32.0,1,-203.0344946293626,,0,
136.0,32.0,1,-217.87402223114623,-70.809208,1,147.06481423114622
137.0,32.0,1,-231.28086295095272,,0,
138.0,32.0,1,-236.68877388420515,,0,
139.0,32.0,1,-230.3565643908223,,0,
140.0,32.0,1,-213.71774524147622,-369.488349,1,-155.7706037585238
141.0,32.0,1,-191.60002379282378,,0,
142.0,32.0,1,-168.38802731444594,,0,
143.0,32.0,1,-148.59766068530735,,0,
144.0,32.0,1,-137.8550019354443,137.119795,1,274.9747969354443
145.0,32.0,1,-145.06634275242686,,0,
146.0,32.0,1,-161.93064315168886,,0,
147.0,32.0,1,-176.09010280901566,,0,
148.0,32.0,1,-178.58127048111055,-119.058951,1,59.52231948111056
149.0,32.0,1,-165.13252319709864,,0,
150.0,32.0,1,-134.84424413158558,,0,
151.0,32.0,1,-93.5868829091778,,0,
152.0,32.0,1,-49.38257097220048,75.535657,1,124.91822797220048
153.0,32.0,1,-10.905250685056672,,0,
154.0,32.0,1,21.772048906655982,,0,
155.0,32.0,1,51.57938618096523,,0,
156.0,32.0,1,82.14384171413258,209.413191,1,127.26934928586743
157.0,32.0,1,117.30285847256891,,0,
158.0,32.0,1,158.9589179509785,,0,
159.0,32.0,1,207.5440899535315,,0,
160.0,32.0,1,263.02063486073166,19.477016,1,-243.54361886073167
161.0,32.0,1,326.94630463281646,,0,
162.0,32.0,1,387.414593797992,,0,
163.0,32.0,2,435.49682619888335,,0,
164.0,32.0,2,465.36849890532903,186.977434,1,-278.391064905329
165.0,32.0,2,478.31456297123805,,0,
166.0,32.0,2,466.9756994997151,,0,
167.0,32.0,2,433.647507776157,,0,
168.0,32.0,2,388.51398451812565,-56.110098,1,-444.62408251812565
169.0,32.0,2,349.3322795664426,,0,
170.0,32.0,2,310.3127961305436,,0,
171.0,32.0,2,269.49365525040776,,0,
172.0,32.0,2,224.84812803473324,322.196347,1,97.34821896526677
173.0,32.0,2,172.33960071904585,,0,
174.0,32.0,2,109.00628969585523,,0,
175.0,32.0,2,35.09329548175447,,0,
176.0,32.0,2,-43.861551440670155,46.27464,1,90.13619144067016
177.0,32.0,2,-120.86807344225235,,0,
178.0,32.0,2,-189.33821366121992,,0,
179.0,32.0,2,-244.0137457549572,,0,
180.0,32.0,2,-284.05428947438486,-310.882977,1,-26.828687525615123
181.0,32.0,2,-311.348488581134,,0,
182.0,32.0,2,-330.1193316183053,,0,
183.0,32.0,2,-344.73014641553164,,0,
184.0,32.0,2,-358.4596545342356,-72.855534,1,285.60412053423556
185.0,32.0,2,-369.4569919463247,,0,
186.0,32.0,2,-375.19735190307256,,0,
187.0,32.0,2,-372.32689336920157,,0,
188.0,32.0,2,-358.99424354196526,-436.461204,1,-77.46696045803475
189.0,32.0,2,-334.5773350612726,,0,
190.0,32.0,2,-303.3729424844496,,0,
191.0,32.0,2,-268.8690683343448,,0,
192.0,32.0,2,-234.43998618260957,-347.888445,1,-113.44845881739042
193.0,32.0,2,-203.32497251965106,,0,
194.0,32.0,2,-177.86013852898031,,0,
195.0,32.0,2,-160.94741478562355,,0,
196.0,32.0,2,-153.3712539379485,-280.159372,1,-126.78811806205152
197.0,32.0,2,-154.90314400102943,,0,
198.0,32.0,2,-161.80538220191374,,0,
199.0,32.0,2,-169.85973927471787,,0,
0.0,33.0,0,-560.9660573541187,,0,
1.0,33.0,0,-586.2549060531892,,0,
2.0,33.0,0,-602.6203868710436,,0,
3.0,33.0,0,-608.284985397011,-561.503917,1,46.78106839701104
4.0,33.0,0,-601.7469696324551,,0,
5.0,33.0,0,-581.5990382335149,,0,
6.0,33.0,0,-545.8021470201202,,0,
7.0,33.0,0,-491.74063013494015,-550.808397,1,-59.067766865059866
8.0,33.0,0,-416.6106594237499,,0,
9.0,33.0,0,-322.46024379879236,,0,
10.0,33.0,0,-214.2162024108693,,0,
11.0,33.0,0,-101.45041329599917,-17.434687,1,84.01572629599917
12.0,33.0,0,3.2348353022243828,,0,
13.0,33.0,0,92.34958356886636,,0,
14.0,33.0,0,159.4093602129724,,0,
15.0,33.0,0,199.59853617893532,293.923152,1,94.3246158210647
16.0,33.0,0,208.69271767069586,,0,
17.0,33.0,0,188.89302237262018,,0,
18.0,33.0,0,142.68428282719105,,0,
19.0,33.0,0,72.25532186962664,328.384836,1,256.12951413037337
20.0,33.0,0,-21.970405790256336,,0,
21.0,33.0,0,-125.23255855904426,,0,
22.0,33.0,0,-227.13781215553172,,0,
23.0,33.0,0,-321.07188806217164,-446.138506,1,-125.06661793782837
24.0,33.0,0,-401.74101725860965,,0,
25.0,33.0,0,-464.5276191155426,,0,
26.0,33.0,0,-506.83849790366367,,0,
27.0,33.0,0,-526.9311969922855,-733.076771,1,-206.14557400771446
28.0,33.0,0,-524.5462930881185,,0,
29.0,33.0,0,-510.56230991112534,,0,
30.0,33.0,0,-491.35380081646144,,0,
31.0,33.0,0,-470.2373698060401,-400.523842,1,69.71352780604008
32.0,33.0,0,-449.74623029562645,,0,
33.0,33.0,0,-431.3704368660692,,0,
34.0,33.0,0,-412.6843521296978,,0,
35.0,33.0,0,-391.1089331363328,-399.337732,1,-8.228798863667237
36.0,33.0,0,-365.883030146244,,0,
37.0,33.0,0,-338.0594944257173,,0,
38.0,33.0,0,-309.873424395686,,0,
39.0,33.0,0,-284.8284804322757,-190.684296,1,94.1441844322757
40.0,33.0,0,-266.80363518267404,,0,
41.0,33.0,0,-258.91573034296744,,0,
42.0,33.0,0,-262.82858007471077,,0,
43.0,33.0,0,-278.49974932940677,-295.80049,1,-17.300740670593257
44.0,33.0,0,-302.98453643894754,,0,
45.0,33.0,0,-332.12169508851366,,0,
46.0,33.0,0,-361.12463611201383,,0,
47.0,33.0,0,-386.1533473127056,-517.978362,1,-131.82501468729436
48.0,33.0,0,-402.93500721722376,,0,
49.0,33.0,0,-407.09873241733294,,0,
50.0,33.0,0,-397.24313165131025,,0,
51.0,33.0,0,-373.47908817930147,-420.82311,1,-47.344021820698515
52.0,33.0,0,-339.5462211390259,,0,
53.0,33.0,0,-299.5640048554633,,0,
54.0,33.0,0,-256.1638823566027,,0,
55.0,33.0,0,-210.7907608191017,-271.076777,1,-60.28601618089829
56.0,33.0,0,-164.71119042520877,,0,
57.0,33.0,0,-123.48602533515077,,0,
58.0,33.0,0,-93.51433877693489,,0,
59.0,33.0,0,-81.3994348612614,46.988736,1,128.38817086126141
60.0,33.0,0,-91.10108031664276,,0,
61.0,33.0,0,-118.65385453985073,,0,
62.0,33.0,0,-161.71125785436016,,0,
63.0,33.0,0,-217.62295424030162,-235.673731,1,-18.05077675969838
64.0,33.0,0,-282.6919147099834,,0,
65.0,33.0,0,-353.31704092305154,,0,
66.0,33.0,0,-424.0738181578927,,0,
67.0,33.0,0,-488.0920496552717,-673.591762,1,-185.49971234472832
68.0,33.0,0,-539.4070704440819,,0,
69.0,33.0,0,-582.0507933918852,,0,
70.0,33.0,0,-615.9122024237877,,0,
71.0,33.0,0,-638.0072656401899,-811.012098,1,-173.00483235981017
72.0,33.0,0,-644.3573001355398,,0,
73.0,33.0,3,-639.8300272838096,,0,
74.0,33.0,3,-625.8877602498978,,0,
75.0,33.0,3,-603.6337982411496,-558.27766,1,45.356138241149665
76.0,33.0,3,-577.3663182342425,,0,
77.0,33.0,3,-548.3478243998834,,0,
78.0,33.0,3,-516.7591797625646,,0,
79.0,33.0,3,-480.6529632520396,-536.096621,1,-55.4436577479604
80.0,33.0,3,-433.944338298752,,0,
81.0,33.0,3,-372.45034223332186,,0,
82.0,33.0,3,-292.9024749811506,,0,
83.0,33.0,3,-195.35566988191567,-453.616428,1,-258.2607581180843
84.0,33.0,3,-83.17056704347488,,0,
85.0,33.0,3,37.66633377165999,,0,
86.0,33.0,3,153.86643665051088,,0,
87.0,33.0,3,250.76401575736236,564.492056,1,313.7280402426377
88.0,33.0,3,313.4946090262092,,0,
89.0,33.0,3,330.881460181321,,0,
90.0,33.0,3,305.936667711474,,0,
91.0,33.0,3,248.10939187020995,449.630512,1,201.52112012979006
92.0,33.0,3,175.36421900655841,,0,
93.0,33.0,3,106.51923517487012,,0,
94.0,33.0,3,54.07281483410043,,0,
95.0,33.0,3,22.116580091416836,-62.611766,1,-84.72834609141684
96.0,33.0,3,10.797664853118476,,0,
97.0,33.0,3,14.064930181921227,,0,
98.0,33.0,3,25.347088924027048,,0,
99.0,33.0,3,36.84979658690281,44.682694,1,7.832897413097186
100.0,33.0,3,40.21139065182069,,0,
101.0,33.0,3,28.213599154085387,,0,
102.0,33.0,3,-3.880912850232562,,0,
103.0,33.0,3,-56.83165149902925,65.899111,1,122.73076249902925
104.0,33.0,3,-129.18536626338027,,0,
105.0,33.0,3,-216.90691873047035,,0,
106.0,33.0,3,-309.5030227957759,,0,
107.0,33.0,3,-394.3694080838759,-582.047465,1,-187.6780569161241
108.0,33.0,3,-458.52301495251595,,0,
109.0,33.0,3,-500.9972203851212,,0,
110.0,33.0,3,-519.4344026632025,,0,
111.0,33.0,3,-510.62491690786555,-705.210228,1,-194.58531109213448
112.0,33.0,3,-472.4811527811398,,0,
113.0,33.0,3,-414.99345494352747,,0,
114.0,33.0,3,-347.01411370388814,,0,
115.0,33.0,3,-278.2007429799705,-249.418637,1,28.782105979970538
116.0,33.0,3,-218.44830805598758,,0,
117.0,33.0,3,-174.1249773738673,,0,
118.0,33.0,3,-150.04802588833263,,0,
119.0,33.0,3,-148.0265309184906,4.725839,1,152.75236991849061
120.0,33.0,3,-162.0506491951528,,0,
121.0,33.0,3,-177.14777775702532,,0,
122.0,33.0,3,-185.50581312912982,,0,
123.0,33.0,3,-187.0591026712209,-116.826297,1,70.2328056712209
124.0,33.0,3,-186.18175185786095,,0,
125.0,33.0,3,-183.6546388164279,,0,
126.0,33.0,3,-180.2509149684338,,0,
127.0,33.0,3,-176.51497067441233,-171.302118,1,5.212852674412318
128.0,33.0,3,-172.7852516073035,,0,
129.0,33.0,3,-169.26993832620792,,0,
130.0,33.0,1,-166.68484723992879,,0,
131.0,33.0,1,-166.93231591768563,178.009749,1,344.9420649176856
132.0,33.0,1,-174.9517126887804,,0,
133.0,33.0,1,-194.8299294486642,,0,
134.0,33.0,1,-219.70432097068988,,0,
135.0,33.0,1,-243.27655927604064,128.167526,1,371.44408527604065
136.0,33.0,1,-264.09058878716314,,0,
137.0,33.0,1,-281.5046755592339,,0,
138.0,33.0,1,-290.6040052002063,,0,
139.0,33.0,1,-286.6721573760733,-356.223698,1,-69.55154062392671
140.0,33.0,1,-269.5027026105672,,0,
141.0,33.0,1,-244.58103218546603,,0,
142.0,33.0,1,-216.75793210067786,,0,
143.0,33.0,1,-191.19041738240048,-17.537001,1,173.65341638240048
144.0,33.0,1,-174.01282488310244,,0,
145.0,33.0,1,-169.23354511265643,,0,
146.0,33.0,1,-170.48086314625107,,0,
147.0,33.0,1,-167.0194025975652,-213.834701,1,-46.81529840243479
148.0,33.0,1,-152.10112906584982,,0,
149.0,33.0,1,-124.21559870662168,,0,
150.0,33.0,1,-83.97754451166838,,0,
151.0,33.0,1,-35.77116088732146,-75.434997,1,-39.66383611267854
152.0,33.0,1,13.50494372076355,,0,
153.0,33.0,1,57.765724865254015,,0,
154.0,33.0,1,95.55934716406045,,0,
155.0,33.0,1,127.98154219752178,223.79346,1,95.81191780247823
156.0,33.0,1,158.08049248578027,,0,
157.0,33.0,1,192.83992557087913,,0,
158.0,33.0,1,235.74593561235815,,0,
159.0,33.0,1,287.9349871253362,250.404484,1,-37.530503125336196
160.0,33.0,1,348.4853916716529,,0,
161.0,33.0,1,414.0353943440132,,0,
162.0,33.0,2,475.0410634067375,,0,
163.0,33.0,2,522.0551975974813,234.60832,1,-287.4468775974813
164.0,33.0,2,548.8680086918175,,0,
165.0,33.0,2,552.3354954277165,,0,
166.0,33.0,2,529.2632635880727,,0,
167.0,33.0,2,482.4621782535687,10.397572,1,-472.0646062535687
168.0,33.0,2,421.80661923380103,,0,
169.0,33.0,2,358.4191008552443,,0,
170.0,33.0,2,295.4215109171346,,0,
171.0,33.0,2,235.2375491564162,106.04325,1,-129.1942991564162
172.0,33.0,2,175.96309390384704,,0,
173.0,33.0,2,111.39349276060238,,0,
174.0,33.0,2,40.73555225785822,,0,
175.0,33.0,2,-34.90925636771135,-101.243098,1,-66.33384163228865
176.0,33.0,2,-110.78205284790602,,0,
177.0,33.0,2,-182.6113255773671,,0,
178.0,33.0,2,-243.35227796400432,,0,
179.0,33.0,2,-286.6355396406725,-443.101021,1,-156.4654813593275
180.0,33.0,2,-314.1675523982849,,0,
181.0,33.0,2,-329.86632969533093,,0,
182.0,33.0,2,-338.041792106349,,0,
183.0,33.0,2,-343.9419449578272,-120.314542,1,223.6274029578272
184.0,33.0,2,-354.40361564047635,,0,
185.0,33.0,2,-362.95464045135304,,0,
186.0,33.0,2,-365.08818547287956,,0,
187.0,33.0,2,-358.0544410715811,-404.754253,1,-46.69981192841891
188.0,33.0,2,-341.29106841096655,,0,
189.0,33.0,2,-315.7032328499481,,0,
190.0,33.0,2,-284.6325102536939,,0,
191.0,33.0,2,-251.4437363902107,-302.700418,1,-51.256681609789325
192.0,33.0,2,-217.73569580749609,,0,
193.0,33.0,2,-186.35825410997495,,0,
194.0,33.0,2,-159.55535851605237,,0,
195.0,33.0,2,-140.11665390385315,-315.955037,1,-175.83838309614686
196.0,33.0,2,-127.2958309664391,,0,
197.0,33.0,2,-125.4013612489216,,0,
198.0,33.0,2,-132.5644023185596,,0,
199.0,33.0,2,-143.30112938629463,-370.973771,1,-227.67264161370537
0.0,34.0,0,-572.2620417019352,,0,
1.0,34.0,0,-601.7587392358109,,0,
2.0,34.0,0,-622.0610715961084,-632.221237,1,-10.160165403891597
3.0,34.0,0,-630.3984579881653,,0,
4.0,34.0,0,-624.7352304065134,,0,
5.0,34.0,0,-603.4559388065245,,0,
6.0,34.0,0,-564.8463998271618,-573.148517,1,-8.302117172838166
7.0,34.0,0,-506.1593063119799,,0,
8.0,34.0,0,-425.46444187965244,,0,
9.0,34.0,0,-324.474030721467,,0,
10.0,34.0,0,-209.11521851457655,-131.903923,1,77.21129551457656
11.0,34.0,0,-89.96438840776682,,0,
12.0,34.0,0,20.85989277344197,,0,
13.0,34.0,0,113.41398399043828,,0,
14.0,34.0,0,180.41465624282137,353.171007,1,172.7563507571786
15.0,34.0,0,218.58016412053257,,0,
16.0,34.0,0,225.73822487215512,,0,
17.0,34.0,0,202.4111914606765,,0,
18.0,34.0,0,151.0998761188239,265.347288,1,114.2474118811761
19.0,34.0,0,75.0575737664476,,0,
20.0,34.0,0,-20.582125947345048,,0,
21.0,34.0,0,-123.71050838206429,,0,
22.0,34.0,0,-222.92920606699772,-364.348339,1,-141.4191329330023
23.0,34.0,0,-312.89111799234524,,0,
24.0,34.0,0,-389.84583740634844,,0,
25.0,34.0,0,-450.4981765723787,,0,
26.0,34.0,0,-491.87446525436826,-645.339269,1,-153.46480374563168
27.0,34.0,0,-509.27281055413187,,0,
28.0,34.0,0,-507.3230791185051,,0,
29.0,34.0,0,-493.7223698882153,,0,
30.0,34.0,0,-474.75378440506756,-414.074375,1,60.67940940506759
31.0,34.0,0,-453.41851108521223,,0,
32.0,34.0,0,-431.6716169061838,,0,
33.0,34.0,0,-410.3744702883996,,0,
34.0,34.0,0,-388.3047337899916,-402.868735,1,-14.564001210008428
35.0,34.0,0,-363.20652319444343,,0,
36.0,34.0,0,-334.3272170883138,,0,
37.0,34.0,0,-301.9953697292367,,0,
38.0,34.0,0,-267.957194900373,-312.905135,1,-44.947940099626976
39.0,34.0,0,-236.68869346030988,,0,
40.0,34.0,0,-213.15145538549405,,0,
41.0,34.0,0,-201.21666316059418,,0,
42.0,34.0,0,-203.08383960137144,-169.915472,1,33.16836760137144
43.0,34.0,0,-219.44303456088528,,0,
44.0,34.0,0,-247.07475933304522,,0,
45.0,34.0,0,-280.7857758149621,,0,
46.0,34.0,0,-314.5135392136872,-517.004587,1,-202.49104778631283
47.0,34.0,0,-344.6361329401843,,0,
48.0,34.0,0,-366.949192859116,,0,
49.0,34.0,0,-377.3239541819785,,0,
50.0,34.0,0,-373.69868505652994,-526.271202,1,-152.57251694347008
51.0,34.0,0,-353.56040039332584,,0,
52.0,34.0,0,-322.26000233681407,,0,
53.0,34.0,0,-283.02226684906054,,0,
54.0,34.0,0,-238.1638998107519,-261.315348,1,-23.15144818924807
55.0,34.0,0,-189.04231974622235,,0,
56.0,34.0,0,-138.52023231890053,,0,
57.0,34.0,0,-91.86331461754162,,0,
58.0,34.0,0,-56.55479984683916,95.715714,1,152.27051384683915
59.0,34.0,0,-42.40076542273164,,0,
60.0,34.0,0,-49.65318873029901,,0,
61.0,34.0,0,-76.53611974249361,,0,
62.0,34.0,0,-121.00904594152234,-129.698228,1,-8.689182058477655
63.0,34.0,0,-179.17516442702617,,0,
64.0,34.0,0,-247.10678232560167,,0,
65.0,34.0,0,-321.1821980836685,,0,
66.0,34.0,0,-395.837071636226,-540.966799,1,-145.129727363774
67.0,34.0,0,-461.99206681596115,,0,
68.0,34.0,0,-518.5395467943745,,0,
69.0,34.0,0,-566.5326071268064,,0,
70.0,34.0,0,-605.1636499526212,-681.593535,1,-76.42988504737878
71.0,34.0,0,-630.2534405796323,,0,
72.0,34.0,0,-641.7226575123495,,0,
73.0,34.0,3,-642.1868055979721,,0,
74.0,34.0,3,-632.8496184105752,-762.151139,1,-129.30152058942474
75.0,34.0,3,-612.3327715615742,,0,
76.0,34.0,3,-585.4542581979185,,0,
77.0,34.0,3,-553.264300400624,,0,
78.0,34.0,3,-514.9255858632969,-450.310841,1,64.61474486329689
79.0,34.0,3,-469.0095596178435,,0,
80.0,34.0,3,-409.8695494020358,,0,
81.0,34.0,3,-334.24409618439677,,0,
82.0,34.0,3,-240.98761816357728,-319.863605,1,-78.87598683642273
83.0,34.0,3,-130.4166915998794,,0,
84.0,34.0,3,-9.444638458138797,,0,
85.0,34.0,3,112.11017508301302,,0,
86.0,34.0,3,220.40146691777045,415.458045,1,195.05657808222958
87.0,34.0,3,302.3093362863874,,0,
88.0,34.0,3,347.50829141047143,,0,
89.0,34.0,3,351.7401447367738,,0,
90.0,34.0,3,318.0030142085161,613.725678,1,295.7226637914839
91.0,34.0,3,251.35993233940098,,0,
92.0,34.0,3,175.06434814273962,,0,
93.0,34.0,3,108.14445722181699,,0,
94.0,34.0,3,61.96488850880996,-136.202993,1,-198.16788150880996
95.0,34.0,3,37.38873116043396,,0,
96.0,34.0,3,31.4700707468146,,0,
97.0,34.0,3,38.03818313809461,,0,
98.0,34.0,3,48.91220794245601,198.410264,1,149.498056057544
99.0,34.0,3,56.45957186911255,,0,
100.0,34.0,3,53.352928690525005,,0,
101.0,34.0,3,32.602766157942824,,0,
102.0,34.0,3,-10.055630848946748,201.418043,1,211.47367384894676
103.0,34.0,3,-72.03439798555337,,0,
104.0,34.0,3,-148.92907764366828,,0,
105.0,34.0,3,-235.23587428644532,,0,
106.0,34.0,3,-322.5418795237201,-461.570258,1,-139.0283784762799
107.0,34.0,3,-400.2000149896776,,0,
108.0,34.0,3,-458.5223508872441,,0,
109.0,34.0,3,-493.8080480990466,,0,
110.0,34.0,3,-504.01625512028113,-604.883488,1,-100.86723287971893
111.0,34.0,3,-485.3251779867569,,0,
112.0,34.0,3,-440.3294320192945,,0,
113.0,34.0,3,-375.5635487019317,,0,
114.0,34.0,3,-299.4958831423428,-350.292623,1,-50.7967398576572
115.0,34.0,3,-224.4206369855092,,0,
116.0,34.0,3,-161.86703111417592,,0,
117.0,34.0,3,-118.61755771422759,,0,
118.0,34.0,3,-97.52576939831488,218.119791,1,315.64556039831484
119.0,34.0,3,-102.65841950674076,,0,
120.0,34.0,3,-119.88641252164962,,0,
121.0,34.0,3,-135.54947948548943,,0,
122.0,34.0,3,-141.25200562214013,-190.48326,1,-49.23125437785987
123.0,34.0,3,-140.17550179600948,,0,
124.0,34.0,3,-138.2788585454109,,0,
125.0,34.0,3,-138.43790586316027,,0,
126.0,34.0,3,-141.50003137922613,-132.462298,1,9.037733379226125
127.0,34.0,3,-147.64021138544194,,0,
128.0,34.0,3,-156.2839326551766,,0,
129.0,34.0,1,-166.8736361793708,,0,
130.0,34.0,1,-179.242889376299,-191.075415,1,-11.832525623701002
131.0,34.0,1,-194.07186142192222,,0,
132.0,34.0,1,-213.71135320607573,,0,
133.0,34.0,1,-238.77298061619513,,0,
134.0,34.0,1,-265.86019659612793,108.857798,1,374.71799459612794
135.0,34.0,1,-291.60812207340496,,0,
136.0,34.0,1,-314.86113427602686,,0,
137.0,34.0,1,-334.2989128814079,,0,
138.0,34.0,1,-345.29311894311104,-461.14557,1,-115.85245105688898
139.0,34.0,1,-341.29463241808116,,0,
140.0,34.0,1,-324.2846804277506,,0,
141.0,34.0,1,-298.2164720216533,,0,
142.0,34.0,1,-267.73680786404293,-362.78967,1,-95.05286213595707
143.0,34.0,1,-238.39545979979448,,0,
144.0,34.0,1,-215.13298041460803,,0,
145.0,34.0,1,-199.5928765484132,,0,
146.0,34.0,1,-186.99958272260847,-356.602261,1,-169.60267827739153
147.0,34.0,1,-166.70600920845754,,0,
148.0,34.0,1,-136.9675315853674,,0,
149.0,34.0,1,-96.8250262964284,,0,
150.0,34.0,1,-47.48911264911294,3.427094,1,50.91620664911294
151.0,34.0,1,7.00813825649675,,0,
152.0,34.0,1,60.67473627696745,,0,
153.0,34.0,1,108.72411191323772,,0,
154.0,34.0,1,149.8633256147732,294.352214,1,144.4888883852268
155.0,34.0,1,183.12832779274322,,0,
156.0,34.0,1,215.4835166055709,,0,
157.0,34.0,1,253.261416364694,,0,
158.0,34.0,1,300.81531805731356,249.011473,1,-51.803845057313566
159.0,34.0,1,360.5800754465163,,0,
160.0,34.0,1,429.551024770597,,0,
161.0,34.0,1,501.6429169913754,,0,
162.0,34.0,2,567.9264093972743,511.007683,1,-56.91872639727427
163.0,34.0,2,620.1134240673855,,0,
164.0,34.0,2,648.9772915705107,,0,
165.0,34.0,2,647.2374862905126,,0,
166.0,34.0,2,614.4920119890012,288.365395,1,-326.1266169890012
167.0,34.0,2,556.6462979285279,,0,
168.0,34.0,2,482.19629230117425,,0,
169.0,34.0,2,398.81015754910186,,0,
170.0,34.0,2,312.9049919208046,-111.977593,1,-424.8825849208046
171.0,34.0,2,235.70523254713044,,0,
172.0,34.0,2,157.90384153928608,,0,
173.0,34.0,2,77.87240602681413,,0,
174.0,34.0,2,-0.797153573250398,-198.714854,1,-197.9177004267496
175.0,34.0,2,-78.9904679111205,,0,
176.0,34.0,2,-154.41431776015088,,0,
177.0,34.0,2,-222.37642087345012,,0,
178.0,34.0,2,-277.3077222342836,-586.046125,1,-308.7384027657164
179.0,34.0,2,-309.7632952379063,,0,
180.0,34.0,2,-326.62268819264136,,0,
181.0,34.0,2,-332.4424927253276,,0,
182.0,34.0,2,-332.4588804091327,-199.089849,1,133.3690314091327
183.0,34.0,2,-332.6785203584004,,0,
184.0,34.0,2,-336.5503063913202,,0,
185.0,34.0,2,-339.6654118532315,,0,
186.0,34.0,2,-335.86378932604566,-398.333355,1,-62.46956567395432
187.0,34.0,2,-322.0948438793421,,0,
188.0,34.0,2,-299.62911856756546,,0,
189.0,34.0,2,-269.8672213999089,,0,
190.0,34.0,2,-235.89378638286144,-450.344771,1,-214.45098461713854
191.0,34.0,2,-201.00395444734022,,0,
192.0,34.0,2,-167.16378571290988,,0,
193.0,34.0,2,-134.71898766234517,,0,
194.0,34.0,2,-103.6234364323318,-391.298806,1,-287.6753695676682
195.0,34.0,2,-78.98047483060509,,0,
196.0,34.0,2,-64.94560868106782,,0,
197.0,34.0,2,-64.17197196744382,,0,
198.0,34.0,2,-74.21018409263343,-94.431819,1,-20.221634907366578
199.0,34.0,2,-88.55935362027958,,0,
0.0,35.0,0,-572.4155793020036,,0,
1.0,35.0,0,-606.2078389897943,-695.269003,1,-89.06116401020574
2.0,35.0,0,-630.9390186159872,,0,
3.0,35.0,0,-642.9840266350657,,0,
4.0,35.0,0,-639.2076687556691,,0,
5.0,35.0,0,-617.868912154343,-578.864373,1,39.00453915434298
6.0,35.0,0,-578.0368119464256,,0,
7.0,35.0,0,-516.8112586052157,,0,
8.0,35.0,0,-432.676243488444,,0,
9.0,35.0,0,-326.9055587509647,-380.842233,1,-53.93667424903532
10.0,35.0,0,-205.90800830814987,,0,
11.0,35.0,0,-81.51827155146748,,0,
12.0,35.0,0,34.023578194435686,,0,
13.0,35.0,0,129.03195701772347,272.429434,1,143.39747698227654
14.0,35.0,0,194.80222449055873,,0,
15.0,35.0,0,231.34678875422105,,0,
16.0,35.0,0,236.7459802182857,,0,
17.0,35.0,0,209.9072741419077,240.698022,1,30.790747858092317
18.0,35.0,0,153.4820809434168,,0,
19.0,35.0,0,73.2790479613468,,0,
20.0,35.0,0,-23.05245173815638,,0,
21.0,35.0,0,-124.27018303854857,-283.690069,1,-159.41988596145143
22.0,35.0,0,-218.25671683228575,,0,
23.0,35.0,0,-302.4837573810946,,0,
24.0,35.0,0,-373.4486850221874,,0,
25.0,35.0,0,-428.3233606861904,-550.574174,1,-122.25081331380954
26.0,35.0,0,-464.68098314804956,,0,
27.0,35.0,0,-480.9238439882174,,0,
28.0,35.0,0,-480.27352267247625,,0,
29.0,35.0,0,-468.47506469406653,-412.87163,1,55.60343469406655
30.0,35.0,0,-451.11422596266493,,0,
31.0,35.0,0,-429.9802278378047,,0,
32.0,35.0,0,-407.01397249184083,,0,
33.0,35.0,0,-383.3483428682666,-353.124996,1,30.223346868266617
34.0,35.0,0,-358.3467283686623,,0,
35.0,35.0,0,-330.04992377990857,,0,
36.0,35.0,0,-297.15566059818957,,0,
37.0,35.0,0,-259.9210196326021,-341.638516,1,-81.71749636739787
38.0,35.0,0,-219.0855973432772,,0,
39.0,35.0,0,-180.65982958627865,,0,
40.0,35.0,0,-150.41468416282441,,0,
41.0,35.0,0,-133.32681465998758,-27.663546,1,105.66326865998758
42.0,35.0,0,-131.7859253094066,,0,
43.0,35.0,0,-146.55589173408225,,0,
44.0,35.0,0,-175.55622234242037,,0,
45.0,35.0,0,-213.16920732188737,-358.641357,1,-145.47214967811266
46.0,35.0,0,-250.65093036799226,,0,
47.0,35.0,0,-286.2995981045533,,0,
48.0,35.0,0,-314.91999029449653,,0,
49.0,35.0,0,-330.50043881940655,-541.065089,1,-210.5646501805934
50.0,35.0,0,-332.0097021185793,,0,
51.0,35.0,0,-319.51337901549414,,0,
52.0,35.0,0,-294.9141112800571,,0,
53.0,35.0,0,-259.8514703377732,-395.749253,1,-135.8977826622268
54.0,35.0,0,-217.29263110249303,,0,
55.0,35.0,0,-169.30915516614914,,0,
56.0,35.0,0,-118.5801146167214,,0,
57.0,35.0,0,-70.68173790955916,8.9124,1,79.59413790955917
58.0,35.0,0,-33.8774072593078,,0,
59.0,35.0,0,-16.263300835620612,,0,
60.0,35.0,0,-20.050255080219358,,0,
61.0,35.0,0,-43.81370666367002,64.217531,1,108.03123766367001
62.0,35.0,0,-86.78938271687366,,0,
63.0,35.0,0,-143.206934557762,,0,
64.0,35.0,0,-209.35559824621305,,0,
65.0,35.0,0,-281.8894318844832,-353.396451,1,-71.50701911551681
66.0,35.0,0,-355.2827374532353,,0,
67.0,35.0,0,-423.3360502689611,,0,
68.0,35.0,0,-483.7169895961997,,0,
69.0,35.0,0,-535.7415089300193,-534.100272,1,1.6412369300193177
70.0,35.0,0,-577.4209826398874,,0,
71.0,35.0,0,-606.3090559954289,,0,
72.0,35.0,3,-622.6316726658843,,0,
73.0,35.0,3,-628.0920276490797,-674.585619,1,-46.49359135092027
74.0,35.0,3,-622.6776173161343,,0,
75.0,35.0,3,-606.3432607878931,,0,
76.0,35.0,3,-581.3118711113348,,0,
77.0,35.0,3,-548.0073656882741,-374.864282,1,173.14308368827415
78.0,35.0,3,-505.0534352087998,,0,
79.0,35.0,3,-450.20833680033684,,0,
80.0,35.0,3,-379.60531368359807,,0,
81.0,35.0,3,-290.50501412627636,-387.747686,1,-97.24267187372362
82.0,35.0,3,-183.56164526741486,,0,
83.0,35.0,3,-62.44615079462528,,0,
84.0,35.0,3,64.97437484475086,,0,
85.0,35.0,3,187.21452125144424,277.612316,1,90.39779474855578
86.0,35.0,3,287.4825596593437,,0,
87.0,35.0,3,354.35078368440736,,0,
88.0,35.0,3,380.5774329607957,,0,
89.0,35.0,3,366.6856867952156,754.206852,1,387.52116520478444
90.0,35.0,3,318.4744435073808,,0,
91.0,35.0,3,245.9976073576836,,0,
92.0,35.0,3,168.56068990883068,,0,
93.0,35.0,3,105.577015032497,-120.835083,1,-226.412098032497
94.0,35.0,3,68.77807787572965,,0,
95.0,35.0,3,52.55902482802048,,0,
96.0,35.0,3,52.39327797014266,,0,
97.0,35.0,3,62.59816243941896,113.962898,1,51.36473556058104
98.0,35.0,3,72.92221033381065,,0,
99.0,35.0,3,76.27363218920073,,0,
100.0,35.0,3,66.39663117055898,,0,
101.0,35.0,3,37.328312215569895,248.217014,1,210.8887017844301
102.0,35.0,3,-15.875035263074096,,0,
103.0,35.0,3,-85.21535205061082,,0,
104.0,35.0,3,-164.68198915373068,,0,
105.0,35.0,3,-248.44431352918036,-248.511585,1,-0.0672714708196338
106.0,35.0,3,-329.4273787215934,,0,
107.0,35.0,3,-399.3391878105758,,0,
108.0,35.0,3,-450.121084881539,,0,
109.0,35.0,3,-476.3454481387744,-530.716614,1,-54.37116586122568
110.0,35.0,3,-476.3076138535107,,0,
111.0,35.0,3,-449.537753214594,,0,
112.0,35.0,3,-398.7769517118868,,0,
113.0,35.0,3,-329.14918733784,-503.933456,1,-174.78426866216
114.0,35.0,3,-247.1494204030605,,0,
115.0,35.0,3,-168.86327963808435,,0,
116.0,35.0,3,-107.6117858721409,,0,
117.0,35.0,3,-72.34814791678218,243.646419,1,315.9945669167822
118.0,35.0,3,-61.85791154776234,,0,
119.0,35.0,3,-71.25916161888745,,0,
120.0,35.0,3,-89.24617284251144,,0,
121.0,35.0,3,-104.144567873911,-407.327937,1,-303.183369126089
122.0,35.0,3,-104.85876253328752,,0,
123.0,35.0,3,-99.92873317096382,,0,
124.0,35.0,3,-96.3426692072535,,0,
125.0,35.0,3,-98.84279601508752,76.824764,1,175.66756001508753
126.0,35.0,3,-108.22045747272205,,0,
127.0,35.0,3,-123.98925886902725,,0,
128.0,35.0,3,-145.0252916754689,,0,
129.0,35.0,1,-169.8673281520605,-345.818799,1,-175.9514708479395
130.0,35.0,1,-197.1928278125124,,0,
131.0,35.0,1,-226.14619699993636,,0,
132.0,35.0,1,-256.63307870260905,,0,
133.0,35.0,1,-288.0262968715979,-319.557335,1,-31.531038128402145
134.0,35.0,1,-317.6412798643578,,0,
135.0,35.0,1,-344.0178264224087,,0,
136.0,35.0,1,-367.1527967156144,,0,
137.0,35.0,1,-386.9011557502672,-276.115696,1,110.7854597502672
138.0,35.0,1,-397.45143537881086,,0,
139.0,35.0,1,-393.8418162467424,,0,
140.0,35.0,1,-376.9091522380477,,0,
141.0,35.0,1,-350.005233650445,-392.145626,1,-42.140392349554986
142.0,35.0,1,-317.09277714183554,,0,
143.0,35.0,1,-284.00572122004814,,0,
144.0,35.0,1,-254.44458274065983,,0,
145.0,35.0,1,-228.89592858217657,-380.391994,1,-151.49606541782344
146.0,35.0,1,-203.50359383050818,,0,
147.0,35.0,1,-172.2198314871639,,0,
148.0,35.0,1,-132.3929040391231,,0,
149.0,35.0,1,-83.33488926279824,-81.975663,1,1.359226262798245
150.0,35.0,1,-26.924647948006168,,0,
151.0,35.0,1,32.90816054784227,,0,
152.0,35.0,1,89.91366850945633,,0,
153.0,35.0,1,138.2599729092326,486.663784,1,348.4038110907674
154.0,35.0,1,178.73850632447284,,0,
155.0,35.0,1,214.04642996774055,,0,
156.0,35.0,1,249.79627076978795,,0,
157.0,35.0,1,292.13968547806144,272.841764,1,-19.297921478061426
158.0,35.0,1,345.8643530406989,,0,
159.0,35.0,1,413.1666702821385,,0,
160.0,35.0,1,491.1903557017213,,0,
161.0,35.0,1,572.6330372232478,716.609784,1,143.97674677675218
162.0,35.0,2,647.9974734758725,,0,
163.0,35.0,2,711.5171482302248,,0,
164.0,35.0,2,749.2262713769451,,0,
165.0,35.0,2,747.1389194673393,785.433116,1,38.29419653266075
166.0,35.0,2,708.9978842684068,,0,
167.0,35.0,2,644.7893748036586,,0,
168.0,35.0,2,562.5288914911216,,0,
169.0,35.0,2,469.3965720983688,204.11796,1,-265.27861209836874
170.0,35.0,2,372.37425444624387,,0,
171.0,35.0,2,277.03269764222205,,0,
172.0,35.0,2,180.46793607948348,,0,
173.0,35.0,2,83.48612912744284,-332.164282,1,-415.65041112744285
174.0,35.0,2,-2.9308615962509066,,0,
175.0,35.0,2,-85.99870382866357,,0,
176.0,35.0,2,-162.69937391055282,,0,
177.0,35.0,2,-225.5515270770993,-627.490375,1,-401.93884792290066
178.0,35.0,2,-272.38669523457065,,0,
179.0,35.0,2,-300.57489620288834,,0,
180.0,35.0,2,-311.83960585598834,,0,
181.0,35.0,2,-310.31373052857816,-405.170193,1,-94.85646247142182
182.0,35.0,2,-303.8815342062153,,0,
183.0,35.0,2,-298.774205846712,,0,
184.0,35.0,2,-296.6506696238648,,0,
185.0,35.0,2,-293.76078781858087,-427.22277,1,-133.46198218141916
186.0,35.0,2,-282.354697230272,,0,
187.0,35.0,2,-262.34924172749743,,0,
188.0,35.0,2,-234.04700861382298,,0,
189.0,35.0,2,-198.32393872039393,-458.236386,1,-259.91244727960606
190.0,35.0,2,-159.2472262941301,,0,
191.0,35.0,2,-120.7714027822949,,0,
192.0,35.0,2,-85.16521938529331,,0,
193.0,35.0,2,-51.8723904103972,-351.680055,1,-299.8076645896028
194.0,35.0,2,-15.857649674639106,,0,
195.0,35.0,2,12.08343532960862,,0,
196.0,35.0,2,25.013080527540296,,0,
197.0,35.0,2,20.527589634992182,236.008321,1,215.4807313650078
198.0,35.0,2,4.0053019523620605,,0,
199.0,35.0,2,-17.458328041248024,,0,
0.0,36.0,0,-559.469587192405,-536.624651,1,22.844936192405044
1.0,36.0,0,-597.2556211366318,,0,
2.0,36.0,0,-626.7937180055305,,0,
3.0,36.0,0,-643.4585200864822,,0,
4.0,36.0,0,-642.5765910311602,-692.446868,1,-49.87027696883979
5.0,36.0,0,-622.9771181235556,,0,
6.0,36.0,0,-583.2151391543448,,0,
7.0,36.0,0,-520.8491744021885,,0,
8.0,36.0,0,-435.09816257772036,-573.710665,1,-138.6125024222796
9.0,36.0,0,-325.93890648987144,,0,
10.0,36.0,0,-202.89610214624554,,0,
11.0,36.0,0,-76.7585080023855,,0,
12.0,36.0,0,40.41001214901917,206.270598,1,165.86058585098084
13.0,36.0,0,134.24415013217367,,0,
14.0,36.0,0,200.35815627384,,0,
15.0,36.0,0,236.70597313065082,,0,
16.0,36.0,0,241.3890615759883,362.574886,1,121.18582442401168
17.0,36.0,0,211.59318989305757,,0,
18.0,36.0,0,152.62737772753462,,0,
19.0,36.0,0,71.1421279925853,,0,
20.0,36.0,0,-23.996518122265115,-114.786115,1,-90.78959687773488
21.0,36.0,0,-120.57212426571641,,0,
22.0,36.0,0,-211.0404493655078,,0,
23.0,36.0,0,-290.49035171582364,,0,
24.0,36.0,0,-354.8921123739565,-466.926097,1,-112.03398462604355
25.0,36.0,0,-402.84210538025945,,0,
26.0,36.0,0,-434.07244453928433,,0,
27.0,36.0,0,-449.0392101118341,,0,
28.0,36.0,0,-449.82034709700383,-420.805513,1,29.014834097003813
29.0,36.0,0,-440.437614922761,,0,
30.0,36.0,0,-423.71736780530773,,0,
31.0,36.0,0,-401.7087278361432,,0,
32.0,36.0,0,-376.7377232928993,-376.984278,1,-0.2465547071006995
33.0,36.0,0,-350.60775503818877,,0,
34.0,36.0,0,-323.24236420262605,,0,
35.0,36.0,0,-292.1950461929664,,0,
36.0,36.0,0,-254.65714593185112,-437.964499,1,-183.30735306814887
37.0,36.0,0,-211.45094863558188,,0,
38.0,36.0,0,-164.9220069294097,,0,
39.0,36.0,0,-119.86871160403825,,0,
40.0,36.0,0,-82.33395277557429,2.836777,1,85.17072977557429
41.0,36.0,0,-59.10142040939536,,0,
42.0,36.0,0,-51.984269798733294,,0,
43.0,36.0,0,-62.763407561928034,,0,
44.0,36.0,0,-90.39394476707093,-77.05552,1,13.338424767070933
45.0,36.0,0,-128.43364441563608,,0,
46.0,36.0,0,-169.8012300124392,,0,
47.0,36.0,0,-210.85528899077326,,0,
48.0,36.0,0,-246.42291233409196,-485.093592,1,-238.67067966590804
49.0,36.0,0,-266.97576904529706,,0,
50.0,36.0,0,-275.2121913090814,,0,
51.0,36.0,0,-271.7012539836578,,0,
52.0,36.0,0,-256.91730403283145,-404.684165,1,-147.76686096716855
53.0,36.0,0,-229.50093359762104,,0,
54.0,36.0,0,-194.34702417976223,,0,
55.0,36.0,0,-152.71569325926248,,0,
56.0,36.0,0,-105.6921401633881,-195.57796,1,-89.88581983661189
57.0,36.0,0,-59.3530368199572,,0,
58.0,36.0,0,-22.13301782531198,,0,
59.0,36.0,0,-2.224089457304217,,0,
60.0,36.0,0,-3.9716868647374213,148.565363,1,152.5370498647374
61.0,36.0,0,-25.162013021763414,,0,
62.0,36.0,0,-62.91635178634897,,0,
63.0,36.0,0,-113.49808232393116,,0,
64.0,36.0,0,-173.77786522451788,-137.965651,1,35.812214224517874
65.0,36.0,0,-241.39489180315286,,0,
66.0,36.0,0,-311.54738804890076,,0,
67.0,36.0,0,-379.60386092815315,,0,
68.0,36.0,0,-441.9493140799459,-412.026209,1,29.923105079945913
69.0,36.0,0,-496.561837847461,,0,
70.0,36.0,0,-540.7220063649584,,0,
71.0,36.0,0,-572.8614419873338,,0,
72.0,36.0,3,-593.0203916365281,-530.107349,1,62.913042636528075
73.0,36.0,3,-602.9327865038067,,0,
74.0,36.0,3,-601.36340278649,,0,
75.0,36.0,3,-588.9334774171584,,0,
76.0,36.0,3,-567.1830840616021,-304.096047,1,263.08703706160213
77.0,36.0,3,-534.4810609186534,,0,
78.0,36.0,3,-488.2557929995819,,0,
79.0,36.0,3,-426.14464184330427,,0,
80.0,36.0,3,-345.55880850786343,-409.248538,1,-63.689729492136564
81.0,36.0,3,-244.12957737129182,,0,
82.0,36.0,3,-124.9235228531179,,0,
83.0,36.0,3,5.9768381005269475,,0,
84.0,36.0,3,138.16230913758045,3.585826,1,-134.57648313758045
85.0,36.0,3,259.92740701755974,,0,
86.0,36.0,3,353.3946586871607,,0,
87.0,36.0,3,406.11878800645354,,0,
88.0,36.0,3,411.7857727720402,865.143946,1,453.3581732279598
89.0,36.0,3,377.7019516945584,,0,
90.0,36.0,3,315.1752976104326,,0,
91.0,36.0,3,237.07881151069887,,0,
92.0,36.0,3,160.7603044762509,-65.601056,1,-226.3613604762509
93.0,36.0,3,106.71765991696157,,0,
94.0,36.0,3,77.96693022162071,,0,
95.0,36.0,3,69.57520379131893,,0,
96.0,36.0,3,74.6793775477563,-84.4204,1,-159.0997775477563
97.0,36.0,3,88.13434245833196,,0,
98.0,36.0,3,97.35145385886426,,0,
99.0,36.0,3,94.92630961281247,,0,
100.0,36.0,3,76.00458134588553,164.886159,1,88.88157765411447
101.0,36.0,3,35.469178476021625,,0,
102.0,36.0,3,-24.88584947149502,,0,
103.0,36.0,3,-98.39318241889123,,0,
104.0,36.0,3,-178.19768029253464,-188.43921,1,-10.24152970746536
105.0,36.0,3,-258.15971261891536,,0,
106.0,36.0,3,-332.3260495249415,,0,
107.0,36.0,3,-394.08836737589445,,0,
108.0,36.0,3,-436.499754841876,-542.72636,1,-106.22660515812402
109.0,36.0,3,-452.54061955621,,0,
110.0,36.0,3,-442.51118680808577,,0,
111.0,36.0,3,-407.47458033566363,,0,
112.0,36.0,3,-350.2104325016262,-445.754186,1,-95.5437534983738
113.0,36.0,3,-274.4447029439325,,0,
114.0,36.0,3,-191.4509720375645,,0,
115.0,36.0,3,-115.18312689039158,,0,
116.0,36.0,3,-58.43338832829613,321.705667,1,380.13905532829614
117.0,36.0,3,-34.810338200069964,,0,
118.0,36.0,3,-34.668640747782774,,0,
119.0,36.0,3,-48.152752114110626,,0,
120.0,36.0,3,-63.339561985078035,-538.513736,1,-475.17417401492196
121.0,36.0,3,-72.50129467243096,,0,
122.0,36.0,3,-71.43296526593622,,0,
123.0,36.0,3,-64.65501165261958,,0,
124.0,36.0,3,-59.66955994378077,69.097127,1,128.76668694378077
125.0,36.0,3,-64.43247319263173,,0,
126.0,36.0,3,-79.07738122006413,,0,
127.0,36.0,3,-103.60013172484469,,0,
128.0,36.0,3,-136.16298935905797,-266.953169,1,-130.79017964094203
129.0,36.0,1,-174.2821805488784,,0,
130.0,36.0,1,-215.53779814287554,,0,
131.0,36.0,1,-257.3876466698712,,0,
132.0,36.0,1,-297.7985159049276,-416.006337,1,-118.20782109507235
133.0,36.0,1,-336.02372188627487,,0,
134.0,36.0,1,-370.1449553401326,,0,
135.0,36.0,1,-398.2403941368684,,0,
136.0,36.0,1,-420.50409977918025,-186.516214,1,233.98788577918026
137.0,36.0,1,-440.40590795956086,,0,
138.0,36.0,1,-449.46308080886956,,0,
139.0,36.0,1,-444.32901896128897,,0,
140.0,36.0,1,-425.97379079367965,-456.755565,1,-30.781774206320335
141.0,36.0,1,-396.8873492804123,,0,
142.0,36.0,1,-361.7857109672623,,0,
143.0,36.0,1,-325.2999727902934,,0,
144.0,36.0,1,-290.18937486363575,-470.427199,1,-180.23782413636422
145.0,36.0,1,-256.66643680725247,,0,
146.0,36.0,1,-222.32386011991184,,0,
147.0,36.0,1,-183.59353771957103,,0,
148.0,36.0,1,-137.8627993389964,-196.108344,1,-58.24554466100358
149.0,36.0,1,-83.50312268733978,,0,
150.0,36.0,1,-23.35237259103451,,0,
151.0,36.0,1,39.1000827557873,,0,
152.0,36.0,1,98.1664732513018,370.383209,1,272.2167357486982
153.0,36.0,1,144.5433806371875,,0,
154.0,36.0,1,184.03465878288262,,0,
155.0,36.0,1,220.5704799934756,,0,
156.0,36.0,1,258.8641907593701,258.497636,1,-0.3665547593701035
157.0,36.0,1,304.49034350179136,,0,
158.0,36.0,1,362.27410128642805,,0,
159.0,36.0,1,434.74916230351664,,0,
160.0,36.0,1,519.813861813047,673.548848,1,153.73498618695305
161.0,36.0,1,608.5747318097856,,0,
162.0,36.0,2,696.3509550290182,,0,
163.0,36.0,2,775.172757442575,,0,
164.0,36.0,2,828.9636369810905,1537.329998,1,708.3663610189094
165.0,36.0,2,831.270257021999,,0,
166.0,36.0,2,796.3379749177257,,0,
167.0,36.0,2,734.0366313911509,,0,
168.0,36.0,2,652.0237986469874,611.932223,1,-40.091575646987394
169.0,36.0,2,557.8329259334132,,0,
170.0,36.0,2,456.45217549498193,,0,
171.0,36.0,2,351.3029285718221,,0,
172.0,36.0,2,243.4923237131443,-121.797238,1,-365.2895617131443
173.0,36.0,2,137.8763489740668,,0,
174.0,36.0,2,40.75100584642496,,0,
175.0,36.0,2,-49.00104279653169,,0,
176.0,36.0,2,-128.6421606137883,-525.174489,1,-396.5323283862117
177.0,36.0,2,-186.09671049984172,,0,
178.0,36.0,2,-227.87793631083332,,0,
179.0,36.0,2,-253.86456710705534,,0,
180.0,36.0,2,-262.48735611420125,-478.55348,1,-216.06612388579873
181.0,36.0,2,-255.4030432710424,,0,
182.0,36.0,2,-244.704519682331,,0,
183.0,36.0,2,-235.7647607875988,,0,
184.0,36.0,2,-228.85103676863946,-380.10328,1,-151.25224323136052
185.0,36.0,2,-219.98588242335245,,0,
186.0,36.0,2,-203.64468686189502,,0,
187.0,36.0,2,-178.41427727858536,,0,
188.0,36.0,2,-145.01994132390246,-283.221882,1,-138.20194067609754
189.0,36.0,2,-102.92075758194551,,0,
190.0,36.0,2,-58.478374829515815,,0,
191.0,36.0,2,-15.649822069797665,,0,
192.0,36.0,2,23.567287985002622,-333.619033,1,-357.1863209850026
193.0,36.0,2,59.988710602745414,,0,
194.0,36.0,2,94.5966501920484,,0,
195.0,36.0,2,120.40166627475992,,0,
196.0,36.0,2,128.83475136756897,352.227622,1,223.39287063243103
197.0,36.0,2,115.47280502971262,,0,
198.0,36.0,2,90.10468471678905,,0,
199.0,36.0,2,59.73609507502988,,0,
0.0,37.0,0,-531.6233874089085,,0,
1.0,37.0,0,-572.2645690757781,,0,
2.0,37.0,0,-605.8183259537909,,0,
3.0,37.0,0,-627.4274609100539,-788.480629,1,-161.0531680899461
4.0,37.0,0,-629.7516992217861,,0,
5.0,37.0,0,-613.6283185649663,,0,
6.0,37.0,0,-576.2724603007082,,0,
7.0,37.0,0,-513.6774004497565,-701.457457,1,-187.78005655024344
8.0,37.0,0,-426.8603350110352,,0,
9.0,37.0,0,-319.2039422644302,,0,
10.0,37.0,0,-198.6483693185728,,0,
11.0,37.0,0,-75.60939402808435,4.047727,1,79.65712102808435
12.0,37.0,0,38.262918763794005,,0,
13.0,37.0,0,131.72168143745512,,0,
14.0,37.0,0,198.31942913495004,,0,
15.0,37.0,0,234.27168743987568,375.293924,1,141.02223656012433
16.0,37.0,0,237.72510166233405,,0,
17.0,37.0,0,208.0738202156499,,0,
18.0,37.0,0,149.34935144567862,,0,
19.0,37.0,0,69.25395243335515,33.171201,1,-36.08275143335515
20.0,37.0,0,-22.446243211161345,,0,
21.0,37.0,0,-115.59053104463965,,0,
22.0,37.0,0,-202.90260557294823,,0,
23.0,37.0,0,-278.76763240632135,-382.757425,1,-103.98979259367866
24.0,37.0,0,-337.16583401174285,,0,
25.0,37.0,0,-378.88635109271854,,0,
26.0,37.0,0,-405.4891225399915,,0,
27.0,37.0,0,-419.2762001187075,-351.600968,1,67.67523211870747
28.0,37.0,0,-421.09071138035506,,0,
29.0,37.0,0,-412.6139153158292,,0,
30.0,37.0,0,-395.38390469993465,,0,
31.0,37.0,0,-370.86499194731005,-406.014384,1,-35.14939205268996
32.0,37.0,0,-342.46612712275237,,0,
33.0,37.0,0,-313.0475173192099,,0,
34.0,37.0,0,-283.1160879172385,,0,
35.0,37.0,0,-250.03655128832906,-407.446934,1,-157.41038271167093
36.0,37.0,0,-208.17114083876368,,0,
37.0,37.0,0,-160.37929326295853,,0,
38.0,37.0,0,-109.09686597553082,,0,
39.0,37.0,0,-58.72831086127553,-143.616319,1,-84.88800813872447
40.0,37.0,0,-15.244438311085105,,0,
41.0,37.0,0,15.703809527680278,,0,
42.0,37.0,0,30.305857714964077,,0,
43.0,37.0,0,25.433561770420056,144.841732,1,119.40817022957995
44.0,37.0,0,0.8808877987321466,,0,
45.0,37.0,0,-35.43171371659264,,0,
46.0,37.0,0,-77.4111064216122,,0,
47.0,37.0,0,-120.55848952184897,-373.887661,1,-253.329171478151
48.0,37.0,0,-159.49643161264248,,0,
49.0,37.0,0,-188.50763335451484,,0,
50.0,37.0,0,-206.2303659307072,,0,
51.0,37.0,0,-211.99853929848177,-237.845079,1,-25.846539701518225
52.0,37.0,0,-206.98654221382458,,0,
53.0,37.0,0,-192.15931974165142,,0,
54.0,37.0,0,-169.64447766181547,,0,
55.0,37.0,0,-139.6006832520943,-282.144579,1,-142.5438957479057
56.0,37.0,0,-100.00063634105027,,0,
57.0,37.0,0,-58.24094687681645,,0,
58.0,37.0,0,-22.60845145274652,,0,
59.0,37.0,0,-1.9166816702927463,211.018873,1,212.93555467029276
60.0,37.0,0,-3.0745236279908568,,0,
61.0,37.0,0,-20.34180294908583,,0,
62.0,37.0,0,-50.95507768273819,,0,
63.0,37.0,0,-93.16915312613128,94.019502,1,187.18865512613127
64.0,37.0,0,-145.41853004368022,,0,
65.0,37.0,0,-205.72389360051602,,0,
66.0,37.0,0,-271.00924938492244,,0,
67.0,37.0,0,-337.7635424849577,-261.837431,1,75.92611148495774
68.0,37.0,0,-400.657642272301,,0,
69.0,37.0,0,-455.8063085053582,,0,
70.0,37.0,0,-501.0480173965334,,0,
71.0,37.0,0,-535.5859380425536,-427.142278,1,108.44366004255363
72.0,37.0,3,-559.208733811276,,0,
73.0,37.0,3,-572.2103567123413,,0,
74.0,37.0,3,-573.9310563796898,,0,
75.0,37.0,3,-564.5638231638586,-435.971512,1,128.5923111638586
76.0,37.0,3,-546.5371464722557,,0,
77.0,37.0,3,-514.9475908976747,,0,
78.0,37.0,3,-466.1631757582945,,0,
79.0,37.0,3,-397.74730490433285,-463.035939,1,-65.28863409566713
80.0,37.0,3,-307.9440518852789,,0,
81.0,37.0,3,-196.6887754215859,,0,
82.0,37.0,3,-67.06758865562733,,0,
83.0,37.0,3,74.15415157287498,-98.976752,1,-173.13090357287498
84.0,37.0,3,212.27710140577983,,0,
85.0,37.0,3,330.5734908893937,,0,
86.0,37.0,3,413.6492792252102,,0,
87.0,37.0,3,451.7457024092146,889.577249,1,437.8315465907855
88.0,37.0,3,435.8364033171674,,0,
89.0,37.0,3,383.401574603864,,0,
90.0,37.0,3,309.1123362623621,,0,
91.0,37.0,3,227.61145589873195,-40.087006,1,-267.6984618987319
92.0,37.0,3,155.66197647928493,,0,
93.0,37.0,3,108.19016073225066,,0,
94.0,37.0,3,88.4216794903623,,0,
95.0,37.0,3,89.88767326413654,-272.542204,1,-362.42987726413656
96.0,37.0,3,103.04219977243338,,0,
97.0,37.0,3,117.9669339194661,,0,
98.0,37.0,3,123.52521704153332,,0,
99.0,37.0,3,112.58030624865205,354.463651,1,241.88334475134798
100.0,37.0,3,81.8278899458819,,0,
101.0,37.0,3,30.680747029953636,,0,
102.0,37.0,3,-36.51220453134738,,0,
103.0,37.0,3,-112.54690333805047,-162.865852,1,-50.31894866194952
104.0,37.0,3,-190.98923627124168,,0,
105.0,37.0,3,-266.25258585746633,,0,
106.0,37.0,3,-333.06709758908255,,0,
107.0,37.0,3,-385.8788811659615,-460.286773,1,-74.40789183403848
108.0,37.0,3,-418.62702079408336,,0,
109.0,37.0,3,-426.14081165613607,,0,
110.0,37.0,3,-407.32224090379896,,0,
111.0,37.0,3,-363.7427388076321,-425.122359,1,-61.379620192367895
112.0,37.0,3,-298.8559337176848,,0,
113.0,37.0,3,-219.19400501449127,,0,
114.0,37.0,3,-137.5361257547338,,0,
115.0,37.0,3,-68.8868267890648,246.490291,1,315.3771177890648
116.0,37.0,3,-23.08628102831426,,0,
117.0,37.0,3,-5.688319658278488,,0,
118.0,37.0,3,-11.148233819199959,,0,
119.0,37.0,3,-28.147127281408757,-304.517491,1,-276.37036371859125
120.0,37.0,3,-39.83171590600978,,0,
121.0,37.0,3,-44.80556924868142,,0,
122.0,37.0,3,-42.263002332358155,,0,
123.0,37.0,3,-35.34378723142436,-10.280429,1,25.06335823142436
124.0,37.0,3,-30.95957796520088,,0,
125.0,37.0,3,-35.69169563532341,,0,
126.0,37.0,3,-53.044112396251876,,0,
127.0,37.0,3,-84.75297375430819,-101.931554,1,-17.17858024569182
128.0,37.0,3,-126.89203602290945,,0,
129.0,37.0,1,-175.94714151625521,,0,
130.0,37.0,1,-228.8368936323095,,0,
131.0,37.0,1,-281.8469858287135,-377.572685,1,-95.72569917128646
132.0,37.0,1,-331.25230678729713,,0,
133.0,37.0,1,-377.59237507137004,,0,
134.0,37.0,1,-418.66149244405096,,0,
135.0,37.0,1,-451.759177390486,-451.133211,1,0.6259663904859849
136.0,37.0,1,-477.22228445654036,,0,
137.0,37.0,1,-494.955314260209,,0,
138.0,37.0,1,-500.30291465483606,,0,
139.0,37.0,1,-491.39106074080337,-451.890087,1,39.500973740803374
140.0,37.0,1,-469.78469803219195,,0,
141.0,37.0,1,-438.2794445408508,,0,
142.0,37.0,1,-400.96358999749646,,0,
143.0,37.0,1,-361.8505659024231,-367.385306,1,-5.5347400975769006
144.0,37.0,1,-322.73219509614864,,0,
145.0,37.0,1,-284.00736715691164,,0,
146.0,37.0,1,-244.32898894371465,,0,
147.0,37.0,1,-201.05524422507733,-385.755681,1,-184.70043677492265
148.0,37.0,1,-151.88355889124796,,0,
149.0,37.0,1,-96.2957336466061,,0,
150.0,37.0,1,-36.55492269212846,,0,
151.0,37.0,1,23.833634852664545,109.412543,1,85.57890814733545
152.0,37.0,1,79.7839862430701,,0,
153.0,37.0,1,126.75458443164825,,0,
154.0,37.0,1,166.88316609035246,,0,
155.0,37.0,1,203.93486363976263,317.057113,1,113.12224936023739
156.0,37.0,1,242.7496852655895,,0,
157.0,37.0,1,288.64142317022197,,0,
158.0,37.0,1,346.4579567563487,,0,
159.0,37.0,1,419.28878650139086,657.886577,1,238.59779049860913
160.0,37.0,1,506.43115857057273,,0,
161.0,37.0,1,602.9089298490435,,0,
162.0,37.0,2,702.3861131707672,,0,
163.0,37.0,2,794.2631312801968,1643.280504,1,849.0173727198032
164.0,37.0,2,860.3783214646392,,0,
165.0,37.0,2,882.5742090444546,,0,
166.0,37.0,2,863.0325672200415,,0,
167.0,37.0,2,812.010521476157,1024.967199,1,212.95667752384293
168.0,37.0,2,738.6003406976815,,0,
169.0,37.0,2,649.658759546699,,0,
170.0,37.0,2,550.0014794250019,,0,
171.0,37.0,2,443.2924006690737,533.336884,1,90.04448333092637
172.0,37.0,2,331.67820968898013,,0,
173.0,37.0,2,222.40258965361863,,0,
174.0,37.0,2,120.8463430396514,,0,
175.0,37.0,2,29.723044384270906,-166.107671,1,-195.83071538427092
176.0,37.0,2,-46.71588221320417,,0,
177.0,37.0,2,-103.48120401892811,,0,
178.0,37.0,2,-143.34497097856365,,0,
179.0,37.0,2,-167.59224019106477,-418.626019,1,-251.0337788089352
180.0,37.0,2,-171.53310134541243,,0,
181.0,37.0,2,-163.85867597186007,,0,
182.0,37.0,2,-153.16093815572094,,0,
183.0,37.0,2,-143.40950789675117,-308.83103,1,-165.42152210324883
184.0,37.0,2,-134.5538195958361,,0,
185.0,37.0,2,-122.88587819738314,,0,
186.0,37.0,2,-103.07379499846138,,0,
187.0,37.0,2,-72.47363640065305,-73.389442,1,-0.9158055993469532
188.0,37.0,2,-33.098476534709334,,0,
189.0,37.0,2,12.522918893955648,,0,
190.0,37.0,2,60.102846462861635,,0,
191.0,37.0,2,105.84082035534084,-166.050596,1,-271.8914163553409
192.0,37.0,2,146.64522805274464,,0,
193.0,37.0,2,181.7302091224119,,0,
194.0,37.0,2,210.78435145737603,,0,
195.0,37.0,2,229.31154598109424,439.073607,1,209.76206101890574
196.0,37.0,2,227.2915086010471,,0,
197.0,37.0,2,206.61525322357193,,0,
198.0,37.0,2,173.2732812545728,,0,
199.0,37.0,2,134.31968687754124,129.05934,1,-5.260346877541252
0.0,38.0,0,-487.87753134733066,,0,
1.0,38.0,0,-529.4814895289019,,0,
2.0,38.0,0,-564.6249257158488,-693.659574,1,-129.03464828415122
3.0,38.0,0,-588.3013928916771,,0,
4.0,38.0,0,-595.4026922939811,,0,
5.0,38.0,0,-584.2914359886199,,0,
6.0,38.0,0,-552.1479316095356,-788.577151,1,-236.42921939046437
7.0,38.0,0,-491.74376810877584,,0,
8.0,38.0,0,-408.09050915716216,,0,
9.0,38.0,0,-305.40654592216015,,0,
10.0,38.0,0,-190.88672195421532,-301.722892,1,-110.83617004578468
11.0,38.0,0,-74.17670144827571,,0,
12.0,38.0,0,34.45485054561868,,0,
13.0,38.0,0,125.48423387296498,,0,
14.0,38.0,0,191.41274148016237,266.949605,1,75.53686351983765
15.0,38.0,0,226.11910782335326,,0,
16.0,38.0,0,229.13262215070426,,0,
17.0,38.0,0,200.45514826849103,,0,
18.0,38.0,0,142.7628754368052,242.387796,1,99.62492056319482
19.0,38.0,0,64.75094457273372,,0,
20.0,38.0,0,-23.581250683870167,,0,
21.0,38.0,0,-113.22950400458649,,0,
22.0,38.0,0,-196.84835244319402,-180.980207,1,15.86814544319401
23.0,38.0,0,-268.5633410564624,,0,
24.0,38.0,0,-323.4605197799392,,0,
25.0,38.0,0,-361.0152273122221,,0,
26.0,38.0,0,-383.49775220570154,-241.979423,1,141.51832920570155
27.0,38.0,0,-395.94398716045544,,0,
28.0,38.0,0,-396.9726622616872,,0,
29.0,38.0,0,-387.51046524057165,,0,
30.0,38.0,0,-368.5015829349868,-459.181746,1,-90.68016306501318
31.0,38.0,0,-339.8633170374669,,0,
32.0,38.0,0,-306.7777547654696,,0,
33.0,38.0,0,-272.9241031310521,,0,
34.0,38.0,0,-239.1547965350328,-344.649181,1,-105.4943844649672
35.0,38.0,0,-202.38526124239434,,0,
36.0,38.0,0,-159.20247082784772,,0,
37.0,38.0,0,-109.55627618799917,,0,
38.0,38.0,0,-54.78293688292615,-215.828422,1,-161.04548511707384
39.0,38.0,0,-0.21873319905716926,,0,
40.0,38.0,0,48.138411927968264,,0,
41.0,38.0,0,85.4485300751403,,0,
42.0,38.0,0,107.21511388442013,256.005983,1,148.79086911557988
43.0,38.0,0,107.42996905505424,,0,
44.0,38.0,0,89.0889561874792,,0,
45.0,38.0,0,57.380143283633515,,0,
46.0,38.0,0,17.99166149913799,-232.765981,1,-250.757642499138
47.0,38.0,0,-24.520545381587,,0,
48.0,38.0,0,-65.8796528687235,,0,
49.0,38.0,0,-102.22252788254991,,0,
50.0,38.0,0,-130.33120336709544,-282.667237,1,-152.33603363290456
51.0,38.0,0,-145.87892568891402,,0,
52.0,38.0,0,-152.67131675966084,,0,
53.0,38.0,0,-152.4574726729188,,0,
54.0,38.0,0,-145.3300630550366,-253.168275,1,-107.8382119449634
55.0,38.0,0,-129.12802812154405,,0,
56.0,38.0,0,-102.50022688345052,,0,
57.0,38.0,0,-69.75608608871698,,0,
58.0,38.0,0,-39.15216147527099,111.99127,1,151.14343147527097
59.0,38.0,0,-21.91706119669834,,0,
60.0,38.0,0,-19.63512634288054,,0,
61.0,38.0,0,-30.05474247294478,,0,
62.0,38.0,0,-51.50095668947324,9.230123,1,60.73107968947324
63.0,38.0,0,-83.6007617029245,,0,
64.0,38.0,0,-126.46154875168577,,0,
65.0,38.0,0,-179.09516993444413,,0,
66.0,38.0,0,-238.59538587136194,-93.668721,1,144.92666487136194
67.0,38.0,0,-303.07852567953523,,0,
68.0,38.0,0,-364.29503413604107,,0,
69.0,38.0,0,-417.7882316733012,,0,
70.0,38.0,0,-461.9076098187361,-421.000978,1,40.906631818736116
71.0,38.0,3,-497.0179152303608,,0,
72.0,38.0,3,-522.2600604961626,,0,
73.0,38.0,3,-537.5540583550464,,0,
74.0,38.0,3,-542.7327030656161,-562.265714,1,-19.533010934383924
75.0,38.0,3,-537.5162162379129,,0,
76.0,38.0,3,-521.7317601596005,,0,
77.0,38.0,3,-490.96423863980453,,0,
78.0,38.0,3,-440.159250527533,-521.565276,1,-81.40602547246704
79.0,38.0,3,-366.6134257572121,,0,
80.0,38.0,3,-268.9501391274389,,0,
81.0,38.0,3,-148.50566776050255,,0,
82.0,38.0,3,-10.266467024572194,-277.022313,1,-266.7558459754278
83.0,38.0,3,140.44990840053651,,0,
84.0,38.0,3,282.27556675695814,,0,
85.0,38.0,3,394.6236097756773,,0,
86.0,38.0,3,460.3265190056409,998.949621,1,538.6231019943591
87.0,38.0,3,476.45174704769306,,0,
88.0,38.0,3,445.2625744076213,,0,
89.0,38.0,3,379.82519147580024,,0,
90.0,38.0,3,297.10089888455695,165.783498,1,-131.31740088455695
91.0,38.0,3,213.66884487480274,,0,
92.0,38.0,3,145.3566833700752,,0,
93.0,38.0,3,105.09665840293746,,0,
94.0,38.0,3,96.80176513936021,-299.188174,1,-395.9899391393602
95.0,38.0,3,110.60909393639304,,0,
96.0,38.0,3,133.05760033475235,,0,
97.0,38.0,3,150.65366823400836,,0,
98.0,38.0,3,151.50529992071097,485.665283,1,334.159983079289
99.0,38.0,3,130.65855317070964,,0,
100.0,38.0,3,87.5228983478446,,0,
101.0,38.0,3,25.145859713316895,,0,
102.0,38.0,3,-49.667028672789456,-96.427644,1,-46.760615327210544
103.0,38.0,3,-128.1370137121412,,0,
104.0,38.0,3,-204.7114580447669,,0,
105.0,38.0,3,-274.6845501306234,,0,
106.0,38.0,3,-333.889461699815,-317.0875,1,16.801961699815024
107.0,38.0,3,-377.90626587549923,,0,
108.0,38.0,3,-401.99599994777236,,0,
109.0,38.0,3,-401.8505465291091,,0,
110.0,38.0,3,-375.37556621443946,-479.173639,1,-103.79807278556052
111.0,38.0,3,-324.244269303279,,0,
112.0,38.0,3,-253.16711658111308,,0,
113.0,38.0,3,-170.599627170639,,0,
114.0,38.0,3,-90.1173651368008,160.802792,1,250.9201571368008
115.0,38.0,3,-29.876785503409337,,0,
116.0,38.0,3,7.035896856454201,,0,
117.0,38.0,3,19.564606269588694,,0,
118.0,38.0,3,12.44464622263331,78.946262,1,66.5016157773667
119.0,38.0,3,-4.557482931762934,,0,
120.0,38.0,3,-17.34762026826502,,0,
121.0,38.0,3,-21.31988387281308,,0,
122.0,38.0,3,-17.989419617224485,-63.352492,1,-45.36307238277551
123.0,38.0,3,-11.082099105929956,,0,
124.0,38.0,3,-7.5232872072956525,,0,
125.0,38.0,3,-12.627797256573103,,0,
126.0,38.0,3,-30.61275197309442,209.668409,1,240.28116097309442
127.0,38.0,3,-67.22473579342477,,0,
128.0,38.0,3,-115.13852864463115,,0,
129.0,38.0,1,-170.72034316277131,,0,
130.0,38.0,1,-231.2113673130516,-316.451248,1,-85.23988068694842
131.0,38.0,1,-291.607252261485,,0,
132.0,38.0,1,-350.3125840993598,,0,
133.0,38.0,1,-405.8569570328109,,0,
134.0,38.0,1,-455.73674610158196,-548.807537,1,-93.07079089841807
135.0,38.0,1,-495.54510417568963,,0,
136.0,38.0,1,-525.6027632831247,,0,
137.0,38.0,1,-543.4101903226692,,0,
138.0,38.0,1,-544.8783282798249,-539.397372,1,5.480956279824909
139.0,38.0,1,-531.7602227876196,,0,
140.0,38.0,1,-507.19917635666206,,0,
141.0,38.0,1,-473.85458989220206,,0,
142.0,38.0,1,-434.9301086025662,-382.607761,1,52.3223476025662
143.0,38.0,1,-394.37488218047656,,0,
144.0,38.0,1,-353.0078673918615,,0,
145.0,38.0,1,-311.6941975634545,,0,
146.0,38.0,1,-269.9946093157632,-501.627721,1,-231.63311168423678
147.0,38.0,1,-225.14075159200002,,0,
148.0,38.0,1,-175.16815169458278,,0,
149.0,38.0,1,-120.55294116295408,,0,
150.0,38.0,1,-63.83972191053908,-64.382337,1,-0.5426150894609236
151.0,38.0,1,-7.8558600270189345,,0,
152.0,38.0,1,44.122188461129554,,0,
153.0,38.0,1,89.98058837885037,,0,
154.0,38.0,1,130.39447599835694,192.62295,1,62.228474001643065
155.0,38.0,1,166.8447293350473,,0,
156.0,38.0,1,204.1867841957137,,0,
157.0,38.0,1,247.0470128855668,,0,
158.0,38.0,1,300.58725369907916,443.890781,1,143.30352730092085
159.0,38.0,1,369.09240089613013,,0,
160.0,38.0,1,454.94928947475273,,0,
161.0,38.0,2,556.4171888143755,,0,
162.0,38.0,2,665.815866984427,1029.284353,1,363.46848601557303
163.0,38.0,2,770.8372112759389,,0,
164.0,38.0,2,854.6305769635364,,0,
165.0,38.0,2,900.2224881676957,,0,
166.0,38.0,2,901.2686659159372,1685.667824,1,784.399158084063
167.0,38.0,2,867.7144062435254,,0,
168.0,38.0,2,809.469888404943,,0,
169.0,38.0,2,731.9608259079978,,0,
170.0,38.0,2,639.2463242583908,1003.470911,1,364.2245867416092
171.0,38.0,2,536.0656479832251,,0,
172.0,38.0,2,427.4179938323796,,0,
173.0,38.0,2,320.21330043289345,,0,
174.0,38.0,2,220.74940568569582,121.342562,1,-99.40684368569582
175.0,38.0,2,133.69303075270727,,0,
176.0,38.0,2,62.789118056884035,,0,
177.0,38.0,2,10.025514302309602,,0,
178.0,38.0,2,-25.606634164229035,-83.229452,1,-57.62281783577096
179.0,38.0,2,-44.77942726179026,,0,
180.0,38.0,2,-47.87995570944622,,0,
181.0,38.0,2,-41.775748082320206,,0,
182.0,38.0,2,-34.058489437564276,-89.737349,1,-55.67885956243572
183.0,38.0,2,-26.1796723366715,,0,
184.0,38.0,2,-18.502014067489654,,0,
185.0,38.0,2,-7.063769485801458,,0,
186.0,38.0,2,14.318464488489553,-145.612339,1,-159.93080348848954
187.0,38.0,2,49.329092517727986,,0,
188.0,38.0,2,92.21577864466235,,0,
189.0,38.0,2,139.45629883301444,,0,
190.0,38.0,2,187.54051616054494,115.848864,1,-71.69165216054493
191.0,38.0,2,233.36185662727803,,0,
192.0,38.0,2,271.22420666972175,,0,
193.0,38.0,2,299.09900250378996,,0,
194.0,38.0,2,317.1132965174038,530.54232,1,213.42902348259622
195.0,38.0,2,322.9976341216825,,0,
196.0,38.0,2,312.52512650657445,,0,
197.0,38.0,2,285.62231013784185,,0,
198.0,38.0,2,245.23302126303315,613.557916,1,368.3248947369668
199.0,38.0,2,199.06843286100775,,0,
0.0,39.0,0,-428.6155679705553,,0,
1.0,39.0,0,-469.41974250227213,-553.379658,1,-83.95991549772782
2.0,39.0,0,-504.3789005947765,,0,
3.0,39.0,0,-529.0324186270591,,0,
4.0,39.0,0,-539.1591502232477,,0,
5.0,39.0,0,-531.493148369249,-658.440099,1,-126.94695063075108
6.0,39.0,0,-503.35821027541533,,0,
7.0,39.0,0,-451.52135782898404,,0,
8.0,39.0,0,-376.88445446640253,,0,
9.0,39.0,0,-282.5435339473188,-533.523441,1,-250.97990705268126
10.0,39.0,0,-176.71880079666153,,0,
11.0,39.0,0,-68.70867951726541,,0,
12.0,39.0,0,32.63608068251051,,0,
13.0,39.0,0,118.42999122943729,99.364607,1,-19.065384229437285
14.0,39.0,0,180.62924913247116,,0,
15.0,39.0,0,213.41171973384917,,0,
16.0,39.0,0,215.35096384538338,,0,
17.0,39.0,0,187.42306192219257,367.131119,1,179.70805707780744
18.0,39.0,0,130.12745750136673,,0,
19.0,39.0,0,54.393837539246306,,0,
20.0,39.0,0,-30.659877685829997,,0,
21.0,39.0,0,-116.89461388252676,-182.391574,1,-65.49696011747324
22.0,39.0,0,-197.13352976506576,,0,
23.0,39.0,0,-265.4824715531431,,0,
24.0,39.0,0,-317.854752964573,,0,
25.0,39.0,0,-353.3742230711505,-282.848982,1,70.5252410711505
26.0,39.0,0,-374.06151476013474,,0,
27.0,39.0,0,-382.82137324416544,,0,
28.0,39.0,0,-380.41652523027733,,0,
29.0,39.0,0,-367.75232020160183,-396.508781,1,-28.756460798398166
30.0,39.0,0,-344.7975637575146,,0,
31.0,39.0,0,-312.2857726600487,,0,
32.0,39.0,0,-274.3764829216525,,0,
33.0,39.0,0,-235.62186331301928,-155.638654,1,79.98320931301927
34.0,39.0,0,-197.5033548239153,,0,
35.0,39.0,0,-156.62873938656412,,0,
36.0,39.0,0,-111.5328743183054,,0,
37.0,39.0,0,-61.27985107433051,-225.620654,1,-164.3408029256695
38.0,39.0,0,-3.8439009798457846,,0,
39.0,39.0,0,53.269644861109555,,0,
40.0,39.0,0,104.39851021254435,,0,
41.0,39.0,0,145.10716454684734,254.189281,1,109.08211645315265
42.0,39.0,0,171.01161112170666,,0,
43.0,39.0,0,178.56977925170213,,0,
44.0,39.0,0,168.24689525458962,,0,
45.0,39.0,0,142.71788006741554,112.110772,1,-30.60710806741554
46.0,39.0,0,107.71301093569491,,0,
47.0,39.0,0,67.22594686411321,,0,
48.0,39.0,0,24.689132349332795,,0,
49.0,39.0,0,-16.739916573278606,-149.148354,1,-132.4084374267214
50.0,39.0,0,-52.87936227582395,,0,
51.0,39.0,0,-80.65671236865455,,0,
52.0,39.0,0,-101.59058534761425,,0,
53.0,39.0,0,-117.66010562307201,-64.386221,1,53.27388462307201
54.0,39.0,0,-127.81279925978743,,0,
55.0,39.0,0,-127.96861577639356,,0,
56.0,39.0,0,-116.47308065765537,,0,
57.0,39.0,0,-95.58177703013644,-90.90407,1,4.677707030136432
58.0,39.0,0,-73.19587992527522,,0,
59.0,39.0,0,-57.62781647237716,,0,
60.0,39.0,0,-51.2701908769086,,0,
61.0,39.0,0,-53.41160273551941,-42.874084,1,10.537518735519406
62.0,39.0,0,-64.49185226432746,,0,
63.0,39.0,0,-85.33208051201655,,0,
64.0,39.0,0,-118.14083807682618,,0,
65.0,39.0,0,-164.43257740302943,88.540592,1,252.97316940302943
66.0,39.0,0,-219.82242705929093,,0,
67.0,39.0,0,-278.9267283839872,,0,
68.0,39.0,0,-335.2486465247348,,0,
69.0,39.0,0,-384.43223273882177,-314.73466,1,69.69757273882175
70.0,39.0,0,-425.1234688364202,,0,
71.0,39.0,3,-457.5700097580557,,0,
72.0,39.0,3,-481.7644041472813,,0,
73.0,39.0,3,-497.62355043855496,-548.60049,1,-50.97693956144508
74.0,39.0,3,-505.183848958055,,0,
75.0,39.0,3,-503.59157486935146,,0,
76.0,39.0,3,-490.6125507771503,,0,
77.0,39.0,3,-461.56077549851034,-526.952996,1,-65.39222050148965
78.0,39.0,3,-409.9053669132991,,0,
79.0,39.0,3,-333.2494063778722,,0,
80.0,39.0,3,-229.42794245970435,,0,
81.0,39.0,3,-99.06283551338129,-340.396524,1,-241.3336884866187
82.0,39.0,3,49.215207303117495,,0,
83.0,39.0,3,202.36221974424552,,0,
84.0,39.0,3,341.03570498817135,,0,
85.0,39.0,3,444.5882027935004,1029.974526,1,585.3863232064996
86.0,39.0,3,489.2043361317337,,0,
87.0,39.0,3,485.5485097968485,,0,
88.0,39.0,3,440.7698966359021,,0,
89.0,39.0,3,365.21554297732655,371.594136,1,6.378593022673442
90.0,39.0,3,276.7199517019326,,0,
91.0,39.0,3,193.08746245744987,,0,
92.0,39.0,3,129.2665191727574,,0,
93.0,39.0,3,97.22714318125509,-216.824286,1,-314.0514291812551
94.0,39.0,3,102.5700358087488,,0,
95.0,39.0,3,128.71268902462907,,0,
96.0,39.0,3,160.25993990083225,,0,
97.0,39.0,3,181.63907272310462,366.544565,1,184.90549227689536
98.0,39.0,3,178.25810881130747,,0,
99.0,39.0,3,148.27290082981926,,0,
100.0,39.0,3,92.74507508936222,,0,
101.0,39.0,3,18.47078342619352,12.626755,1,-5.844028426193521
102.0,39.0,3,-64.36369940580335,,0,
103.0,39.0,3,-146.16986125404947,,0,
104.0,39.0,3,-220.90002940106206,,0,
105.0,39.0,3,-285.230087976146,-274.336347,1,10.893740976146034
106.0,39.0,3,-336.8101377746498,,0,
107.0,39.0,3,-372.5984800411388,,0,
108.0,39.0,3,-389.16917978582205,,0,
109.0,39.0,3,-382.6395766409114,-437.869992,1,-55.230415359088624
110.0,39.0,3,-349.75707360805245,,0,
111.0,39.0,3,-292.70695886947215,,0,
112.0,39.0,3,-216.91757819254417,,0,
113.0,39.0,3,-132.8975113274064,-101.814177,1,31.08333432740639
114.0,39.0,3,-55.27380791376345,,0,
115.0,39.0,3,1.9971043344121426,,0,
116.0,39.0,3,34.06865823478438,,0,
117.0,39.0,3,42.57147015025839,373.189577,1,330.6181068497416
118.0,39.0,3,33.27045838633785,,0,
119.0,39.0,3,15.497959265601821,,0,
120.0,39.0,3,1.2738395715132356,,0,
121.0,39.0,3,-1.7604275713674724,-235.037922,1,-233.27749442863254
122.0,39.0,3,3.11793052428402,,0,
123.0,39.0,3,9.64085746218916,,0,
124.0,39.0,3,11.556113277969416,,0,
125.0,39.0,3,4.110673472518101,143.778213,1,139.6675395274819
126.0,39.0,3,-16.517901336832438,,0,
127.0,39.0,3,-52.29260176746175,,0,
128.0,39.0,3,-99.57807401323225,,0,
129.0,39.0,1,-155.40998019184917,-120.553274,1,34.85670619184917
130.0,39.0,1,-217.76755304355174,,0,
131.0,39.0,1,-283.7207869675476,,0,
132.0,39.0,1,-350.3367793158395,,0,
133.0,39.0,1,-413.9850967353559,-530.651386,1,-116.66628926464409
134.0,39.0,1,-471.81328540021786,,0,
135.0,39.0,1,-519.7241913476028,,0,
136.0,39.0,1,-555.1817519532633,,0,
137.0,39.0,1,-575.7584472749149,-845.288068,1,-269.529620725085
138.0,39.0,1,-575.1150693385862,,0,
139.0,39.0,1,-560.4747821665369,,0,
140.0,39.0,1,-535.5767219455447,,0,
141.0,39.0,1,-502.8107027724618,-381.433572,1,121.37713077246178
142.0,39.0,1,-464.731434529298,,0,
143.0,39.0,1,-423.9609893357847,,0,
144.0,39.0,1,-382.15656513842987,,0,
145.0,39.0,1,-340.70814185147174,-256.998433,1,83.70970885147176
146.0,39.0,1,-299.98212295002304,,0,
147.0,39.0,1,-255.8960213115206,,0,
148.0,39.0,1,-206.96386006299872,,0,
149.0,39.0,1,-154.29629972367547,-101.990222,1,52.30607772367547
150.0,39.0,1,-101.3778266859008,,0,
151.0,39.0,1,-49.93712996249087,,0,
152.0,39.0,1,-2.293926391052082,,0,
153.0,39.0,1,40.3668299196288,-121.428521,1,-161.7953509196288
154.0,39.0,1,78.60740281990729,,0,
155.0,39.0,1,113.9796465516556,,0,
156.0,39.0,1,148.7657802742906,,0,
157.0,39.0,1,185.8284798017703,155.490332,1,-30.338147801770305
158.0,39.0,1,231.39843309647404,,0,
159.0,39.0,1,290.9765009020921,,0,
160.0,39.0,1,370.8435139718931,,0,
161.0,39.0,2,474.03481668559834,520.624394,1,46.58957731440171
162.0,39.0,2,590.846605592873,,0,
163.0,39.0,2,708.7616483771708,,0,
164.0,39.0,2,811.6608872986399,,0,
165.0,39.0,2,881.3375698025338,1365.053674,1,483.71610419746617
166.0,39.0,2,903.0352063205792,,0,
167.0,39.0,2,891.5108978596982,,0,
168.0,39.0,2,854.1613901428645,,0,
169.0,39.0,2,793.688681667205,866.291826,1,72.60314433279507
170.0,39.0,2,713.0774740832858,,0,
171.0,39.0,2,618.8727597438265,,0,
172.0,39.0,2,517.4707477733027,,0,
173.0,39.0,2,416.7685381602496,429.259389,1,12.490850839750408
174.0,39.0,2,324.0249414073769,,0,
175.0,39.0,2,244.8516871277243,,0,
176.0,39.0,2,182.37105031637475,,0,
177.0,39.0,2,137.35105205653235,138.395854,1,1.044801943467661
178.0,39.0,2,108.61350050428882,,0,
179.0,39.0,2,94.49049202981405,,0,
180.0,39.0,2,92.61659973952919,,0,
181.0,39.0,2,97.83336154115386,218.526864,1,120.69350245884613
182.0,39.0,2,102.76689823507331,,0,
183.0,39.0,2,107.57159984018654,,0,
184.0,39.0,2,112.5827139520552,,0,
185.0,39.0,2,122.08211195282638,-62.374858,1,-184.4569699528264
186.0,39.0,2,144.96618967456743,,0,
187.0,39.0,2,179.19204701762646,,0,
188.0,39.0,2,220.87308625411242,,0,
189.0,39.0,2,267.0067444499582,132.067428,1,-134.9393164499582
190.0,39.0,2,313.8609655353939,,0,
191.0,39.0,2,355.8811680455692,,0,
192.0,39.0,2,386.0988863466773,,0,
193.0,39.0,2,401.50506042689085,543.868113,1,142.36305257310914
194.0,39.0,2,405.03474220400676,,0,
195.0,39.0,2,397.5243958896026,,0,
196.0,39.0,2,377.7341307629831,,0,
197.0,39.0,2,345.3514741163235,586.754516,1,241.40304188367645
198.0,39.0,2,298.6325230830116,,0,
199.0,39.0,2,247.96845865435898,,0,
0.0,40.0,0,-355.73465888854116,-300.158539,1,55.57611988854114
1.0,40.0,0,-394.34364314284176,,0,
2.0,40.0,0,-427.5430904296227,,0,
3.0,40.0,0,-451.4689693087712,,0,
4.0,40.0,0,-462.891079606954,-552.567673,1,-89.676593393046
5.0,40.0,0,-457.5462551228702,,0,
6.0,40.0,0,-434.952656858135,,0,
7.0,40.0,0,-393.24061826011166,,0,
8.0,40.0,0,-331.05804664455354,-529.798624,1,-198.74057735544648
9.0,40.0,0,-247.46303045470268,,0,
10.0,40.0,0,-153.30990071431734,,0,
11.0,40.0,0,-56.78474084357731,,0,
12.0,40.0,0,35.029402654618025,-16.830683,1,-51.860085654618025
13.0,40.0,0,113.1371370232664,,0,
14.0,40.0,0,169.32445584144443,,0,
15.0,40.0,0,197.42988088075072,,0,
16.0,40.0,0,194.78016704600304,428.97902,1,234.19885295399695
17.0,40.0,0,163.85564262140542,,0,
18.0,40.0,0,108.63890678994358,,0,
19.0,40.0,0,36.46631535398774,,0,
20.0,40.0,0,-45.039429027587175,-202.125448,1,-157.08601897241283
21.0,40.0,0,-127.95873728673905,,0,
22.0,40.0,0,-205.2618683767505,,0,
23.0,40.0,0,-271.17895555868745,,0,
24.0,40.0,0,-321.62932009017095,-296.950198,1,24.67912209017095
25.0,40.0,0,-355.88251247722656,,0,
26.0,40.0,0,-375.0788825729396,,0,
27.0,40.0,0,-380.6991119409213,,0,
28.0,40.0,0,-374.0844285369385,-298.042735,1,76.04169353693851
29.0,40.0,0,-357.67314289789647,,0,
30.0,40.0,0,-330.74307379929814,,0,
31.0,40.0,0,-294.52732996223494,,0,
32.0,40.0,0,-252.26301975012757,-106.93191,1,145.33110975012755
33.0,40.0,0,-209.81312717823312,,0,
34.0,40.0,0,-165.45760263490956,,0,
35.0,40.0,0,-118.44318234513048,,0,
36.0,40.0,0,-69.13084258884192,-127.353834,1,-58.22299141115809
37.0,40.0,0,-15.91115652769804,,0,
38.0,40.0,0,41.657187297707424,,0,
39.0,40.0,0,98.92070365615655,,0,
40.0,40.0,0,150.6038466929458,226.191295,1,75.58744830705419
41.0,40.0,0,192.57133473549038,,0,
42.0,40.0,0,221.39465796551667,,0,
43.0,40.0,0,234.99927073391154,,0,
44.0,40.0,0,232.7941054586554,359.000621,1,126.20651554134463
45.0,40.0,0,213.81117845326662,,0,
46.0,40.0,0,183.54268375458196,,0,
47.0,40.0,0,145.31478828634135,,0,
48.0,40.0,0,102.32776646409184,169.44252,1,67.11475353590816
49.0,40.0,0,56.73942791298032,,0,
50.0,40.0,0,12.862643566797487,,0,
51.0,40.0,0,-27.124800646444783,,0,
52.0,40.0,0,-62.84395944071002,74.739001,1,137.58296044071002
53.0,40.0,0,-96.4349238537252,,0,
54.0,40.0,0,-123.0578908600146,,0,
55.0,40.0,0,-139.04707088810392,,0,
56.0,40.0,0,-142.41972836479545,-253.741038,1,-111.32130963520456
57.0,40.0,0,-132.6263476042077,,0,
58.0,40.0,0,-117.40657025109977,,0,
59.0,40.0,0,-103.2713906072895,,0,
60.0,40.0,0,-93.36377325269859,-155.470372,1,-62.106598747301405
61.0,40.0,0,-87.72587427397957,,0,
62.0,40.0,0,-88.96765417815186,,0,
63.0,40.0,0,-99.0836340142414,,0,
64.0,40.0,0,-121.34830390766729,134.17839,1,255.5266939076673
65.0,40.0,0,-161.72763315867633,,0,
66.0,40.0,0,-211.50945570855401,,0,
67.0,40.0,0,-263.8485678039724,,0,
68.0,40.0,0,-312.7465891945176,-229.894259,1,82.85233019451758
69.0,40.0,0,-354.72989661671454,,0,
70.0,40.0,0,-388.74602610396687,,0,
71.0,40.0,3,-415.43909602449276,,0,
72.0,40.0,3,-435.81962969125016,-465.639014,1,-29.819384308749818
73.0,40.0,3,-450.0344339735748,,0,
74.0,40.0,3,-458.61488461494446,,0,
75.0,40.0,3,-459.8654291011626,,0,
76.0,40.0,3,-449.9410291570239,-512.709245,1,-62.76821584297613
77.0,40.0,3,-423.37230467947666,,0,
78.0,40.0,3,-373.4926078878343,,0,
79.0,40.0,3,-296.0052070186939,,0,
80.0,40.0,3,-189.11855728339287,-442.332976,1,-253.2144187166071
81.0,40.0,3,-51.04971652236418,,0,
82.0,40.0,3,102.81640935945325,,0,
83.0,40.0,3,253.9842631968204,,0,
84.0,40.0,3,380.7079406310804,861.326616,1,480.6186753689195
85.0,40.0,3,465.29788363416446,,0,
86.0,40.0,3,495.8612214141758,,0,
87.0,40.0,3,478.2467520877253,,0,
88.0,40.0,3,422.9617395736277,642.157464,1,219.1957244263723
89.0,40.0,3,338.78739990774193,,0,
90.0,40.0,3,247.8003516602912,,0,
91.0,40.0,3,167.94008594402112,,0,
92.0,40.0,3,112.23821753819357,-116.486773,1,-228.72499053819357
93.0,40.0,3,93.42059357379912,,0,
94.0,40.0,3,107.40646001452114,,0,
95.0,40.0,3,141.40146452304907,,0,
96.0,40.0,3,179.21356106677558,307.570948,1,128.3573869332244
97.0,40.0,3,202.1422536688042,,0,
98.0,40.0,3,198.68184129428118,,0,
99.0,40.0,3,162.30163599876687,,0,
100.0,40.0,3,94.29499007225968,114.688867,1,20.393876927740322
101.0,40.0,3,7.427649170102086,,0,
102.0,40.0,3,-83.91306532861199,,0,
103.0,40.0,3,-168.65597736201016,,0,
104.0,40.0,3,-240.81384334509494,-311.867361,1,-71.05351765490508
105.0,40.0,3,-299.18420150707243,,0,
106.0,40.0,3,-343.0641179375816,,0,
107.0,40.0,3,-370.9986766357906,,0,
108.0,40.0,3,-380.81096361443633,-291.369732,1,89.44123161443633
109.0,40.0,3,-368.2946851461311,,0,
110.0,40.0,3,-330.8569324610289,,0,
111.0,40.0,3,-269.4964670680347,,0,
112.0,40.0,3,-189.16609231347684,-362.654427,1,-173.48833468652316
113.0,40.0,3,-103.18581077223644,,0,
114.0,40.0,3,-26.32857171795331,,0,
115.0,40.0,3,29.421477617579512,,0,
116.0,40.0,3,58.00221656929352,407.647908,1,349.64569143070645
117.0,40.0,3,62.853185087791644,,0,
118.0,40.0,3,51.16307378260535,,0,
119.0,40.0,3,31.796577757864725,,0,
120.0,40.0,3,15.5457889479585,-285.862392,1,-301.4081809479585
121.0,40.0,3,14.407647469663061,,0,
122.0,40.0,3,20.56918905308703,,0,
123.0,40.0,3,26.897752709686756,,0,
124.0,40.0,3,27.013152557308786,142.209417,1,115.19626444269122
125.0,40.0,3,17.382421021931805,,0,
126.0,40.0,3,-4.047024677187437,,0,
127.0,40.0,3,-36.88926890341099,,0,
128.0,40.0,3,-78.52245729905553,123.244613,1,201.76707029905555
129.0,40.0,1,-128.96429385442752,,0,
130.0,40.0,1,-188.45283086271957,,0,
131.0,40.0,1,-255.72701274370775,,0,
132.0,40.0,1,-327.57220714888535,-468.429154,1,-140.85694685111463
133.0,40.0,1,-397.3000031998381,,0,
134.0,40.0,1,-463.17326882825,,0,
135.0,40.0,1,-518.9220181546407,,0,
136.0,40.0,1,-558.125179068069,-898.960824,1,-340.83564493193103
137.0,40.0,1,-579.9582935564686,,0,
138.0,40.0,1,-583.8131026671035,,0,
139.0,40.0,1,-573.2761027161032,,0,
140.0,40.0,1,-552.1181163635338,-544.2006,1,7.917516363533764
141.0,40.0,1,-523.0694303300697,,0,
142.0,40.0,1,-488.3371762605384,,0,
143.0,40.0,1,-450.13159775547683,,0,
144.0,40.0,1,-410.6368099928368,-332.042656,1,78.59415399283677
145.0,40.0,1,-372.66894631367177,,0,
146.0,40.0,1,-334.0232722302899,,0,
147.0,40.0,1,-291.82398373959586,,0,
148.0,40.0,1,-245.10301540489309,-161.311639,1,83.79137640489307
149.0,40.0,1,-195.2380985065829,,0,
150.0,40.0,1,-145.03210819716332,,0,
151.0,40.0,1,-97.0674472944811,,0,
152.0,40.0,1,-53.63013043696992,-215.80671,1,-162.1765795630301
153.0,40.0,1,-15.383828560239635,,0,
154.0,40.0,1,19.14539455366321,,0,
155.0,40.0,1,52.02789065882098,,0,
156.0,40.0,1,83.67038657341618,198.110899,1,114.44051242658381
157.0,40.0,1,113.4782845498994,,0,
158.0,40.0,1,148.66174649761524,,0,
159.0,40.0,1,196.0710809356533,,0,
160.0,40.0,1,264.2464873921126,-101.207106,1,-365.4535933921126
161.0,40.0,2,364.28652923647314,,0,
162.0,40.0,2,483.47144057881087,,0,
163.0,40.0,2,609.3976453177165,,0,
164.0,40.0,2,726.3600008878857,996.984621,1,270.62462011211426
165.0,40.0,2,812.067023421172,,0,
166.0,40.0,2,860.6884443216259,,0,
167.0,40.0,2,876.4824956771918,,0,
168.0,40.0,2,864.4694879432209,1008.262287,1,143.79279905677913
169.0,40.0,2,824.590880446136,,0,
170.0,40.0,2,762.1677533758339,,0,
171.0,40.0,2,681.8819208720233,,0,
172.0,40.0,2,590.6047703316435,744.06993,1,153.46515966835648
173.0,40.0,2,499.12118851416744,,0,
174.0,40.0,2,416.54383241408505,,0,
175.0,40.0,2,348.45581912621856,,0,
176.0,40.0,2,297.2995661182795,296.567931,1,-0.7316351182794847
177.0,40.0,2,262.8419034029357,,0,
178.0,40.0,2,242.7153060946148,,0,
179.0,40.0,2,233.79616238246672,,0,
180.0,40.0,2,233.19641393690836,260.704233,1,27.50781906309163
181.0,40.0,2,237.1345590148121,,0,
182.0,40.0,2,241.63118687144015,,0,
183.0,40.0,2,245.18046225840226,,0,
184.0,40.0,2,248.00245587620884,318.360042,1,70.35758612379118
185.0,40.0,2,255.97185044852085,,0,
186.0,40.0,2,275.2479989421554,,0,
187.0,40.0,2,304.73355685174465,,0,
188.0,40.0,2,340.50314602744766,301.017617,1,-39.48552902744768
189.0,40.0,2,381.65033354144543,,0,
190.0,40.0,2,423.95778551185504,,0,
191.0,40.0,2,459.4087045965716,,0,
192.0,40.0,2,478.3821666794829,696.640635,1,218.25846832051707
193.0,40.0,2,477.85216073691845,,0,
194.0,40.0,2,466.73286415077746,,0,
195.0,40.0,2,446.73100828169845,,0,
196.0,40.0,2,416.2431008568965,532.462688,1,116.21958714310347
197.0,40.0,2,376.04293707571924,,0,
198.0,40.0,2,327.94023426808417,,0,
199.0,40.0,2,277.6695713684894,,0,
0.0,41.0,0,-272.5098345319275,,0,
1.0,41.0,0,-306.9425068846904,,0,
2.0,41.0,0,-336.54741759831086,,0,
3.0,41.0,0,-357.3011409812607,-524.282069,1,-166.9809280187393
4.0,41.0,0,-367.61746147833765,,0,
5.0,41.0,0,-365.65017504268326,,0,
6.0,41.0,0,-349.8625249667093,,0,
7.0,41.0,0,-317.9711533077061,-363.24868,1,-45.27752669229386
8.0,41.0,0,-266.85114512383007,,0,
9.0,41.0,0,-198.0171796232462,,0,
10.0,41.0,0,-118.7327360205818,,0,
11.0,41.0,0,-36.59758324082941,-152.993381,1,-116.39579775917059
12.0,41.0,0,43.33943344675936,,0,
13.0,41.0,0,110.78218522109091,,0,
14.0,41.0,0,157.86826770659536,,0,
15.0,41.0,0,178.44264231994748,345.133857,1,166.6912146800525
16.0,41.0,0,168.21482433890924,,0,
17.0,41.0,0,133.52574119810015,,0,
18.0,41.0,0,79.53684194479138,,0,
19.0,41.0,0,11.329507913440466,80.24066,1,68.91115208655954
20.0,41.0,0,-66.45132314460352,,0,
21.0,41.0,0,-145.70214713644236,,0,
22.0,41.0,0,-219.94217778602615,,0,
23.0,41.0,0,-283.95257469825447,-348.165756,1,-64.21318130174552
24.0,41.0,0,-332.87055445765145,,0,
25.0,41.0,0,-366.45821802143473,,0,
26.0,41.0,0,-384.9948411071673,,0,
27.0,41.0,0,-389.28217161097564,-278.183901,1,111.09827061097565
28.0,41.0,0,-380.5237976454664,,0,
29.0,41.0,0,-360.2302796316799,,0,
30.0,41.0,0,-329.7572214198299,,0,
31.0,41.0,0,-291.4887965070084,-134.71087,1,156.77792650700837
32.0,41.0,0,-247.33947952126618,,0,
33.0,41.0,0,-199.52097532176413,,0,
34.0,41.0,0,-147.87512070219964,,0,
35.0,41.0,0,-93.07888095709495,23.589005,1,116.66788595709495
36.0,41.0,0,-38.50539658521302,,0,
37.0,41.0,0,18.0909703806974,,0,
38.0,41.0,0,76.27157276216894,,0,
39.0,41.0,0,132.81558758812025,142.251657,1,9.436069411879743
40.0,41.0,0,183.747736297315,,0,
41.0,41.0,0,225.6020938383881,,0,
42.0,41.0,0,255.512207196909,,0,
43.0,41.0,0,272.06459542852826,368.894488,1,96.82989257147176
44.0,41.0,0,274.5220585730858,,0,
45.0,41.0,0,262.6406203722581,,0,
46.0,41.0,0,237.75188548164442,,0,
47.0,41.0,0,200.9116927506402,387.613852,1,186.7021592493598
48.0,41.0,0,156.43951219937298,,0,
49.0,41.0,0,107.95591844798764,,0,
50.0,41.0,0,57.38308784831315,,0,
51.0,41.0,0,5.153080482501537,132.219705,1,127.06662451749847
52.0,41.0,0,-45.888512366916984,,0,
53.0,41.0,0,-93.5242491364479,,0,
54.0,41.0,0,-133.71360703138635,,0,
55.0,41.0,0,-162.41251531010494,-340.071178,1,-177.65866268989504
56.0,41.0,0,-176.97825693537015,,0,
57.0,41.0,0,-177.2187531919917,,0,
58.0,41.0,0,-167.65243233391084,,0,
59.0,41.0,0,-154.09372993581928,-309.464671,1,-155.37094106418073
60.0,41.0,0,-140.49155690398766,,0,
61.0,41.0,0,-128.97663153952453,,0,
62.0,41.0,0,-122.38632473605685,,0,
63.0,41.0,0,-124.28858849359676,-58.650057,1,65.63853149359676
64.0,41.0,0,-139.1020951953833,,0,
65.0,41.0,0,-169.4328941248823,,0,
66.0,41.0,0,-210.1583882245468,,0,
67.0,41.0,0,-254.00704132043757,-316.003772,1,-61.99673067956246
68.0,41.0,0,-293.6627267575823,,0,
69.0,41.0,0,-326.1816621046746,,0,
70.0,41.0,0,-350.44501982233487,,0,
71.0,41.0,3,-368.106343628373,-469.260622,1,-101.15427837162702
72.0,41.0,3,-381.57614031631965,,0,
73.0,41.0,3,-392.3408438250772,,0,
74.0,41.0,3,-400.6938834171742,,0,
75.0,41.0,3,-404.29297802527435,-439.878787,1,-35.58580897472564
76.0,41.0,3,-397.83113388431957,,0,
77.0,41.0,3,-375.75615319720237,,0,
78.0,41.0,3,-329.8189428028418,,0,
79.0,41.0,3,-252.44503888348117,-531.807038,1,-279.36199911651886
80.0,41.0,3,-143.4351347364718,,0,
81.0,41.0,3,-6.3683515335433185,,0,
82.0,41.0,3,145.74313298775814,,0,
83.0,41.0,3,291.815657662577,604.002579,1,312.186921337423
84.0,41.0,3,403.9103195138159,,0,
85.0,41.0,3,471.068597428879,,0,
86.0,41.0,3,486.51903431257233,,0,
87.0,41.0,3,455.5672561574029,786.537826,1,330.9705698425971
88.0,41.0,3,389.51452242353116,,0,
89.0,41.0,3,301.5473977291258,,0,
90.0,41.0,3,212.1926746601821,,0,
91.0,41.0,3,141.51786180154886,-190.416693,1,-331.93455480154887
92.0,41.0,3,98.6285589980107,,0,
93.0,41.0,3,88.68363822542597,,0,
94.0,41.0,3,108.1720849336125,,0,
95.0,41.0,3,145.5500648909947,10.006867,1,-135.5431978909947
96.0,41.0,3,185.30020343515207,,0,
97.0,41.0,3,211.13795475338702,,0,
98.0,41.0,3,208.77481465850724,,0,
99.0,41.0,3,167.23900934960693,492.086455,1,324.84744565039307
100.0,41.0,3,86.69291355740279,,0,
101.0,41.0,3,-11.363334110181313,,0,
102.0,41.0,3,-109.90698004304431,,0,
103.0,41.0,3,-195.85470104322303,-282.734842,1,-86.88014095677698
104.0,41.0,3,-263.9397225686407,,0,
105.0,41.0,3,-316.31434918992454,,0,
106.0,41.0,3,-353.3261361520272,,0,
107.0,41.0,3,-374.05328765464947,-270.719715,1,103.33357265464946
108.0,41.0,3,-378.0244270496769,,0,
109.0,41.0,3,-359.594409576559,,0,
110.0,41.0,3,-316.84207114134915,,0,
111.0,41.0,3,-251.57894191271043,-514.469583,1,-262.8906410872895
112.0,41.0,3,-166.0075516051147,,0,
113.0,41.0,3,-78.26627371911309,,0,
114.0,41.0,3,-2.424875476892339,,0,
115.0,41.0,3,51.843259876128286,269.401767,1,217.55850712387172
116.0,41.0,3,76.471287289256,,0,
117.0,41.0,3,78.30422348738648,,0,
118.0,41.0,3,64.82187867903849,,0,
119.0,41.0,3,45.39004212489817,-153.262062,1,-198.65210412489816
120.0,41.0,3,30.563190588436555,,0,
121.0,41.0,3,27.412954578583594,,0,
122.0,41.0,3,32.51211111393059,,0,
123.0,41.0,3,38.75554991100216,148.680196,1,109.92464608899783
124.0,41.0,3,38.015020403894596,,0,
125.0,41.0,3,28.60171755636111,,0,
126.0,41.0,3,9.285288075596327,,0,
127.0,41.0,3,-18.471926792291924,-164.314796,1,-145.84286920770808
128.0,41.0,3,-50.534055063501,,0,
129.0,41.0,1,-91.22866218176205,,0,
130.0,41.0,1,-143.08808779122774,,0,
131.0,41.0,1,-206.1088064799551,-391.573885,1,-185.46507852004493
132.0,41.0,1,-277.49356948165223,,0,
133.0,41.0,1,-352.34828410996124,,0,
134.0,41.0,1,-425.8238922788878,,0,
135.0,41.0,1,-489.7042180590797,-802.662118,1,-312.95789994092024
136.0,41.0,1,-532.6549597831909,,0,
137.0,41.0,1,-559.5210915742209,,0,
138.0,41.0,1,-571.267492011888,,0,
139.0,41.0,1,-569.105225285748,-729.352589,1,-160.24736371425195
140.0,41.0,1,-555.3770664174808,,0,
141.0,41.0,1,-532.7296913473401,,0,
142.0,41.0,1,-503.75138353469083,,0,
143.0,41.0,1,-470.9741095181089,-500.38643,1,-29.41232048189113
144.0,41.0,1,-437.0169192344183,,0,
145.0,41.0,1,-403.48966511676554,,0,
146.0,41.0,1,-368.53600795101374,,0,
147.0,41.0,1,-329.200910327374,-324.308177,1,4.892733327374003
148.0,41.0,1,-285.2641271954635,,0,
149.0,41.0,1,-237.92446041177027,,0,
150.0,41.0,1,-189.61964285047725,,0,
151.0,41.0,1,-143.67017134744674,-127.490091,1,16.180080347446733
152.0,41.0,1,-103.49383797717746,,0,
153.0,41.0,1,-69.97326480527408,,0,
154.0,41.0,1,-40.524411285761744,,0,
155.0,41.0,1,-11.416604566038586,-144.12644,1,-132.70983543396142
156.0,41.0,1,15.060525945504196,,0,
157.0,41.0,1,37.94344305340201,,0,
158.0,41.0,1,62.59002769354265,,0,
159.0,41.0,1,97.55504962825216,-148.278593,1,-245.83364262825216
160.0,41.0,1,153.9021812635474,,0,
161.0,41.0,2,240.6896465732716,,0,
162.0,41.0,2,353.28369918395765,,0,
163.0,41.0,2,478.86694987281226,402.685219,1,-76.18173087281224
164.0,41.0,2,601.4480932051083,,0,
165.0,41.0,2,704.8618182798382,,0,
166.0,41.0,2,779.7375663400162,,0,
167.0,41.0,2,822.3604619300459,1106.994474,1,284.6340120699542
168.0,41.0,2,835.2187068127096,,0,
169.0,41.0,2,820.3885892287362,,0,
170.0,41.0,2,780.0189850577153,,0,
171.0,41.0,2,716.4102120373864,872.586696,1,156.1764839626136
172.0,41.0,2,636.8048047681805,,0,
173.0,41.0,2,557.0173907012213,,0,
174.0,41.0,2,487.29177163692657,,0,
175.0,41.0,2,432.79454756435007,433.740313,1,0.9457654356499461
176.0,41.0,2,395.14111585495993,,0,
177.0,41.0,2,373.30716499709524,,0,
178.0,41.0,2,363.38827335694805,,0,
179.0,41.0,2,360.14262368530035,451.356465,1,91.21384131469966
180.0,41.0,2,361.1857442583423,,0,
181.0,41.0,2,364.4612619532272,,0,
182.0,41.0,2,368.2723032081267,,0,
183.0,41.0,2,371.3358022077009,547.270923,1,175.93512079229913
184.0,41.0,2,371.0844818823971,,0,
185.0,41.0,2,375.1971042496152,,0,
186.0,41.0,2,388.57127744937316,,0,
187.0,41.0,2,411.1494070512708,568.777686,1,157.6282789487292
188.0,41.0,2,437.8107736040838,,0,
189.0,41.0,2,469.61492549069226,,0,
190.0,41.0,2,502.74940909282304,,0,
191.0,41.0,2,528.4335059341975,940.026151,1,411.59264506580257
192.0,41.0,2,530.9487591017969,,0,
193.0,41.0,2,517.361380009912,,0,
194.0,41.0,2,494.7032565367408,,0,
195.0,41.0,2,465.5280793274287,643.948042,1,178.41996267257127
196.0,41.0,2,426.46492349437904,,0,
197.0,41.0,2,381.89931986806914,,0,
198.0,41.0,2,334.89678017562255,,0,
199.0,41.0,2,288.9886817424558,137.306186,1,-151.6824957424558
0.0,42.0,0,-179.7234498891048,,0,
1.0,42.0,0,-208.70753792207688,,0,
2.0,42.0,0,-233.7331828076858,-359.699612,1,-125.9664291923142
3.0,42.0,0,-249.91948137478903,,0,
4.0,42.0,0,-259.08622653316706,,0,
5.0,42.0,0,-260.79274440184236,,0,
6.0,42.0,0,-252.39575733523816,-153.598323,1,98.79743433523817
7.0,42.0,0,-230.34931967779994,,0,
8.0,42.0,0,-191.85714992531575,,0,
9.0,42.0,0,-137.91609759116545,,0,
10.0,42.0,0,-73.84863040898927,-227.132212,1,-153.28358159101074
11.0,42.0,0,-6.307218149770051,,0,
12.0,42.0,0,57.9906230000779,,0,
13.0,42.0,0,110.73149920534343,,0,
14.0,42.0,0,144.71488023689017,231.963892,1,87.24901176310982
15.0,42.0,0,153.24498237948865,,0,
16.0,42.0,0,136.35312264994718,,0,
17.0,42.0,0,98.56328157766256,,0,
18.0,42.0,0,45.25534363416955,96.196483,1,50.94113936583045
19.0,42.0,0,-19.931868204381317,,0,
20.0,42.0,0,-92.99252705648541,,0,
21.0,42.0,0,-167.70533236302435,,0,
22.0,42.0,0,-237.99795941612683,-405.25245,1,-167.25449058387318
23.0,42.0,0,-299.4445704454556,,0,
24.0,42.0,0,-348.1753423762275,,0,
25.0,42.0,0,-382.2529772667913,,0,
26.0,42.0,0,-401.2863081959076,-343.488689,1,57.7976191959076
27.0,42.0,0,-406.03469323180616,,0,
28.0,42.0,0,-396.99165779852774,,0,
29.0,42.0,0,-374.7898729396984,,0,
30.0,42.0,0,-341.8110532532446,-229.743822,1,112.06723125324461
31.0,42.0,0,-302.7780274753459,,0,
32.0,42.0,0,-256.949134506518,,0,
33.0,42.0,0,-204.78645257279277,,0,
34.0,42.0,0,-146.9168923564721,-67.776323,1,79.14056935647208
35.0,42.0,0,-85.73346723197028,,0,
36.0,42.0,0,-24.514538929681294,,0,
37.0,42.0,0,35.954512011725456,,0,
38.0,42.0,0,95.17444848269224,125.144061,1,29.969612517307752
39.0,42.0,0,150.79775572009385,,0,
40.0,42.0,0,200.63648324878886,,0,
41.0,42.0,0,241.46782631450333,,0,
42.0,42.0,0,270.44436949607916,372.990769,1,102.54639950392084
43.0,42.0,0,287.21597691392526,,0,
44.0,42.0,0,291.7569312627893,,0,
45.0,42.0,0,284.0533236267511,,0,
46.0,42.0,0,263.7045721372124,490.1185,1,226.4139278627876
47.0,42.0,0,227.084585854318,,0,
48.0,42.0,0,181.2428830487188,,0,
49.0,42.0,0,129.73411553708138,,0,
50.0,42.0,0,74.00103510392364,309.033565,1,235.03252989607637
51.0,42.0,0,11.185932540800422,,0,
52.0,42.0,0,-51.356516743893735,,0,
53.0,42.0,0,-109.86366516712587,,0,
54.0,42.0,0,-160.38140142988414,-328.320538,1,-167.93913657011586
55.0,42.0,0,-198.54261436779052,,0,
56.0,42.0,0,-221.45573651744053,,0,
57.0,42.0,0,-228.4689244601177,,0,
58.0,42.0,0,-221.90971279656515,-356.52655,1,-134.61683720343484
59.0,42.0,0,-207.63206779165193,,0,
60.0,42.0,0,-190.65429926197976,,0,
61.0,42.0,0,-173.98116554395529,,0,
62.0,42.0,0,-160.4133898615837,-284.920405,1,-124.5070151384163
63.0,42.0,0,-154.52468177024275,,0,
64.0,42.0,0,-160.8567628704477,,0,
65.0,42.0,0,-180.80787821963895,,0,
66.0,42.0,0,-210.54748610319803,-411.069148,1,-200.52166189680196
67.0,42.0,0,-243.8317566202022,,0,
68.0,42.0,0,-273.99382778117433,,0,
69.0,42.0,0,-295.9648620148073,,0,
70.0,42.0,3,-307.8540363202337,-416.452965,1,-108.59892867976629
71.0,42.0,3,-313.8214645604603,,0,
72.0,42.0,3,-318.21278620074736,,0,
73.0,42.0,3,-323.49902707053116,,0,
74.0,42.0,3,-330.19994006841443,-425.978422,1,-95.77848193158559
75.0,42.0,3,-335.11340285721235,,0,
76.0,42.0,3,-332.5017136077222,,0,
77.0,42.0,3,-315.85834727299516,,0,
78.0,42.0,3,-276.64522825507447,-592.177737,1,-315.5325087449255
79.0,42.0,3,-202.35275249066763,,0,
80.0,42.0,3,-98.02297299919883,,0,
81.0,42.0,3,31.641561404569075,,0,
82.0,42.0,3,175.07065587164834,256.197671,1,81.12701512835167
83.0,42.0,3,310.233278201893,,0,
84.0,42.0,3,413.06581418871065,,0,
85.0,42.0,3,467.68978954383056,,0,
86.0,42.0,3,467.5992423960706,832.691287,1,365.09204460392937
87.0,42.0,3,423.6448159579886,,0,
88.0,42.0,3,350.41641381091904,,0,
89.0,42.0,3,261.8215534807532,,0,
90.0,42.0,3,175.90809760958655,-239.457338,1,-415.36543560958654
91.0,42.0,3,116.58570553571917,,0,
92.0,42.0,3,83.94483065017266,,0,
93.0,42.0,3,80.09991335775703,,0,
94.0,42.0,3,103.05978882673662,-99.768684,1,-202.82847282673663
95.0,42.0,3,141.4208450455917,,0,
96.0,42.0,3,180.4700028000807,,0,
97.0,42.0,3,205.80786079965765,,0,
98.0,42.0,3,202.40277748531662,709.401203,1,506.9984255146834
99.0,42.0,3,151.23949866939802,,0,
100.0,42.0,3,65.34560333614354,,0,
101.0,42.0,3,-37.704583459184505,,0,
102.0,42.0,3,-140.03556945442688,-399.017798,1,-258.98222854557315
103.0,42.0,3,-223.59243979892926,,0,
104.0,42.0,3,-288.1096036667004,,0,
105.0,42.0,3,-335.5264426590584,,0,
106.0,42.0,3,-367.56673455017153,-327.18629,1,40.380444550171546
107.0,42.0,3,-383.39831794798374,,0,
108.0,42.0,3,-380.97135061220615,,0,
109.0,42.0,3,-355.6556644056109,,0,
110.0,42.0,3,-304.6396441173274,-638.716236,1,-334.0765918826726
111.0,42.0,3,-231.70431736395403,,0,
112.0,42.0,3,-144.31711060579983,,0,
113.0,42.0,3,-57.6570365888183,,0,
114.0,42.0,3,13.42147573933471,241.092724,1,227.6712482606653
115.0,42.0,3,62.05617515719496,,0,
116.0,42.0,3,85.01918410274084,,0,
117.0,42.0,3,85.35507793456782,,0,
118.0,42.0,3,70.05166227015434,185.98298,1,115.93131772984566
119.0,42.0,3,50.32529287104262,,0,
120.0,42.0,3,36.02468001830857,,0,
121.0,42.0,3,31.458253972348757,,0,
122.0,42.0,3,34.58062847953988,178.338218,1,143.75758952046013
123.0,42.0,3,39.908548857143614,,0,
124.0,42.0,3,41.404730063455645,,0,
125.0,42.0,3,35.69033760705497,,0,
126.0,42.0,3,21.96405462702387,-172.917852,1,-194.88190662702388
127.0,42.0,3,3.7585767473792657,,0,
128.0,42.0,3,-16.884900987148285,,0,
129.0,42.0,1,-44.34011835267302,,0,
130.0,42.0,1,-84.16071283514611,43.637685,1,127.79839783514612
131.0,42.0,1,-138.0954653415829,,0,
132.0,42.0,1,-204.86524724238552,,0,
133.0,42.0,1,-280.50913397292607,,0,
134.0,42.0,1,-358.1166176387924,-476.159349,1,-118.04273136120764
135.0,42.0,1,-426.1571784724947,,0,
136.0,42.0,1,-479.02415863703936,,0,
137.0,42.0,1,-516.7974318745546,,0,
138.0,42.0,1,-540.0825943426462,-573.413528,1,-33.33093365735385
139.0,42.0,1,-549.0246343144681,,0,
140.0,42.0,1,-544.8993157595396,,0,
141.0,42.0,1,-530.3541763038374,,0,
142.0,42.0,1,-508.6098341776524,-516.596544,1,-7.9867098223476205
143.0,42.0,1,-482.61265103984624,,0,
144.0,42.0,1,-455.09541031718254,,0,
145.0,42.0,1,-427.2860399292549,,0,
146.0,42.0,1,-397.8227172597544,-491.154819,1,-93.33210174024555
147.0,42.0,1,-362.7089558277512,,0,
148.0,42.0,1,-322.54370892525185,,0,
149.0,42.0,1,-277.71482706652023,,0,
150.0,42.0,1,-230.43043526046677,-122.24809,1,108.18234526046676
151.0,42.0,1,-184.7937634587288,,0,
152.0,42.0,1,-145.39926726208068,,0,
153.0,42.0,1,-114.88455969258212,,0,
154.0,42.0,1,-90.97105280868709,-391.011053,1,-300.0400001913129
155.0,42.0,1,-65.49590658175293,,0,
156.0,42.0,1,-45.155985622201115,,0,
157.0,42.0,1,-30.764989827293903,,0,
158.0,42.0,1,-17.755850212299265,-49.102159,1,-31.346308787700735
159.0,42.0,1,2.7574292451608926,,0,
160.0,42.0,1,42.36043728515506,,0,
161.0,42.0,2,111.86889581521973,,0,
162.0,42.0,2,213.07357082539238,-236.900741,1,-449.9743118253924
163.0,42.0,2,332.4934316673316,,0,
164.0,42.0,2,456.0399846470682,,0,
165.0,42.0,2,572.4326557014138,,0,
166.0,42.0,2,669.8229200437199,927.233107,1,257.4101869562801
167.0,42.0,2,735.2417630888522,,0,
168.0,42.0,2,771.657333946554,,0,
169.0,42.0,2,780.4406653286424,,0,
170.0,42.0,2,762.0117267363239,1068.919359,1,306.9076322636761
171.0,42.0,2,713.3815153674223,,0,
172.0,42.0,2,648.9892068286426,,0,
173.0,42.0,2,583.6797506706789,,0,
174.0,42.0,2,528.9970117696794,509.71599,1,-19.2810217696794
175.0,42.0,2,489.5171790672466,,0,
176.0,42.0,2,466.06588614732027,,0,
177.0,42.0,2,457.2486357772723,,0,
178.0,42.0,2,458.7022635205649,628.225402,1,169.52313847943515
179.0,42.0,2,461.83569119812455,,0,
180.0,42.0,2,465.7015282145003,,0,
181.0,42.0,2,468.32810842292383,,0,
182.0,42.0,2,469.6560798033606,589.96285,1,120.30677019663938
183.0,42.0,2,469.4937992952764,,0,
184.0,42.0,2,467.11993217957206,,0,
185.0,42.0,2,466.1546924156137,,0,
186.0,42.0,2,471.17401932226494,637.036175,1,165.86215567773502
187.0,42.0,2,483.3549988931045,,0,
188.0,42.0,2,500.64983736688737,,0,
189.0,42.0,2,521.1405672137626,,0,
190.0,42.0,2,540.0608182249125,836.323951,1,296.26313277508746
191.0,42.0,2,549.598279804457,,0,
192.0,42.0,2,541.4033411862329,,0,
193.0,42.0,2,517.9711739732884,,0,
194.0,42.0,2,486.16906624427065,819.649741,1,333.4806747557293
195.0,42.0,2,449.8884605325293,,0,
196.0,42.0,2,409.538889927906,,0,
197.0,42.0,2,366.97057069744915,,0,
198.0,42.0,2,324.5261397943832,185.064822,1,-139.4613177943832
199.0,42.0,2,286.07358426740393,,0,
0.0,43.0,0,-79.94978548726067,,0,
1.0,43.0,0,-102.04549552174285,-243.108096,1,-141.06260047825714
2.0,43.0,0,-120.73065797472373,,0,
3.0,43.0,0,-133.87159369559959,,0,
4.0,43.0,0,-142.9657714336645,,0,
5.0,43.0,0,-149.33397259493358,-28.582233,1,120.75173959493358
6.0,43.0,0,-149.06665353896096,,0,
7.0,43.0,0,-137.7863706992939,,0,
8.0,43.0,0,-112.44787287060171,,0,
9.0,43.0,0,-72.66114774916787,-249.760326,1,-177.09917825083213
10.0,43.0,0,-23.336097456282005,,0,
11.0,43.0,0,28.853962673339993,,0,
12.0,43.0,0,76.47329724463634,,0,
13.0,43.0,0,111.7208769582212,287.802433,1,176.0815560417788
14.0,43.0,0,129.5017889593728,,0,
15.0,43.0,0,126.4721859768033,,0,
16.0,43.0,0,102.90670790197328,,0,
17.0,43.0,0,62.227997281821445,-0.556205,1,-62.78420228182144
18.0,43.0,0,9.890638164244592,,0,
19.0,43.0,0,-52.030308230780065,,0,
20.0,43.0,0,-120.29667417053133,,0,
21.0,43.0,0,-190.128885821905,-250.097918,1,-59.969032178095006
22.0,43.0,0,-256.06606503389776,,0,
23.0,43.0,0,-315.45703784842044,,0,
24.0,43.0,0,-364.432520379778,,0,
25.0,43.0,0,-399.58697691652924,-442.604863,1,-43.017886083470785
26.0,43.0,0,-419.93279960379004,,0,
27.0,43.0,0,-426.90848371805623,,0,
28.0,43.0,0,-419.9651968930848,,0,
29.0,43.0,0,-398.4579415831249,-423.568834,1,-25.11089241687506
30.0,43.0,0,-365.8647926314734,,0,
31.0,43.0,0,-325.6941943881102,,0,
32.0,43.0,0,-278.1379378552083,,0,
33.0,43.0,0,-223.01871221675538,-262.366151,1,-39.34743878324463
34.0,43.0,0,-160.4323405890027,,0,
35.0,43.0,0,-93.63379214564338,,0,
36.0,43.0,0,-26.843843663460575,,0,
37.0,43.0,0,36.39733186853118,167.458971,1,131.0616391314688
38.0,43.0,0,95.7473265461158,,0,
39.0,43.0,0,150.4297289820388,,0,
40.0,43.0,0,198.66444319975562,,0,
41.0,43.0,0,237.6527733785333,331.857173,1,94.20439962146668
42.0,43.0,0,263.9222156398464,,0,
43.0,43.0,0,279.0611513135955,,0,
44.0,43.0,0,282.99284979794174,,0,
45.0,43.0,0,274.8823836822994,430.695804,1,155.8134203177006
46.0,43.0,0,254.0141627988778,,0,
47.0,43.0,0,219.54998938087374,,0,
48.0,43.0,0,173.63245791161899,,0,
49.0,43.0,0,117.86612349009374,468.644807,1,350.7786835099063
50.0,43.0,0,55.4842445817776,,0,
51.0,43.0,0,-11.551980045624077,,0,
52.0,43.0,0,-79.38747376878746,,0,
53.0,43.0,0,-144.67029882140923,-135.484693,1,9.18560582140924
54.0,43.0,0,-202.22362537006848,,0,
55.0,43.0,0,-246.45103449886665,,0,
56.0,43.0,0,-274.04796809866093,,0,
57.0,43.0,0,-284.370769938163,-402.853778,1,-118.48300806183698
58.0,43.0,0,-277.6917774087051,,0,
59.0,43.0,0,-261.41786990943365,,0,
60.0,43.0,0,-240.90777335577877,,0,
61.0,43.0,0,-219.35456483974122,-285.358144,1,-66.00357916025877
62.0,43.0,0,-198.56673228670843,,0,
63.0,43.0,0,-184.0267610438168,,0,
64.0,43.0,0,-180.50108910509152,,0,
65.0,43.0,0,-190.05954048846615,-228.79253,1,-38.732989511533845
66.0,43.0,0,-208.33143159328029,,0,
67.0,43.0,0,-230.41456542606466,,0,
68.0,43.0,0,-249.94626363611314,,0,
69.0,43.0,0,-260.4160054742242,-466.167013,1,-205.75100752577578
70.0,43.0,3,-258.0320442870725,,0,
71.0,43.0,3,-251.5066578213591,,0,
72.0,43.0,3,-246.07434280921007,,0,
73.0,43.0,3,-244.48673085134942,-185.69944,1,58.78729085134941
74.0,43.0,3,-248.3835586042842,,0,
75.0,43.0,3,-253.79181361198425,,0,
76.0,43.0,3,-254.14874838714604,,0,
77.0,43.0,3,-241.17931752518052,-411.049728,1,-169.8704104748195
78.0,43.0,3,-206.7122623391915,,0,
79.0,43.0,3,-143.66629457473755,,0,
80.0,43.0,3,-52.12722414772725,,0,
81.0,43.0,3,64.4709482366161,-83.507575,1,-147.9785232366161
82.0,43.0,3,195.36156168114394,,0,
83.0,43.0,3,317.6595473496709,,0,
84.0,43.0,3,409.86520300619304,,0,
85.0,43.0,3,453.8819254691116,969.127735,1,515.2458095308884
86.0,43.0,3,438.4743032483384,,0,
87.0,43.0,3,385.4836349381367,,0,
88.0,43.0,3,310.97218352291384,,0,
89.0,43.0,3,227.9579237474827,-198.824713,1,-426.7826367474827
90.0,43.0,3,151.88127353985328,,0,
91.0,43.0,3,98.07090958033223,,0,
92.0,43.0,3,70.60426505279611,,0,
93.0,43.0,3,69.59878528860281,-118.674318,1,-188.2731032886028
94.0,43.0,3,94.73307583539281,,0,
95.0,43.0,3,132.00175463070627,,0,
96.0,43.0,3,167.13450495281722,,0,
97.0,43.0,3,185.82570048471098,687.18861,1,501.36290951528906
98.0,43.0,3,173.423402601009,,0,
99.0,43.0,3,120.32960780384019,,0,
100.0,43.0,3,34.73118020340917,,0,
101.0,43.0,3,-67.20052558119642,-333.129818,1,-265.9292924188036
102.0,43.0,3,-167.38417419872712,,0,
103.0,43.0,3,-250.64458590711,,0,
104.0,43.0,3,-312.7420678563649,,0,
105.0,43.0,3,-355.7353444065666,-258.845853,1,96.8894914065666
106.0,43.0,3,-383.6548478277982,,0,
107.0,43.0,3,-394.50894211488776,,0,
108.0,43.0,3,-385.94640116684604,,0,
109.0,43.0,3,-354.12125023512635,-563.29842,1,-209.1771697648736
110.0,43.0,3,-294.5189956417307,,0,
111.0,43.0,3,-216.05442962118832,,0,
112.0,43.0,3,-128.25138009974035,,0,
113.0,43.0,3,-44.324940769933164,210.726602,1,255.05154276993318
114.0,43.0,3,19.259441656060517,,0,
115.0,43.0,3,61.758945418172516,,0,
116.0,43.0,3,81.83737871024641,,0,
117.0,43.0,3,80.22129139455501,246.044365,1,165.823073605445
118.0,43.0,3,61.7348905231338,,0,
119.0,43.0,3,40.93822769421968,,0,
120.0,43.0,3,26.966127079271246,,0,
121.0,43.0,3,22.155842374428175,40.315874,1,18.160031625571825
122.0,43.0,3,24.103429955837782,,0,
123.0,43.0,3,29.431537163676694,,0,
124.0,43.0,3,33.78004412626615,,0,
125.0,43.0,3,33.31400003365707,191.172886,1,157.85888596634294
126.0,43.0,3,26.667204587662127,,0,
127.0,43.0,3,20.426515796221793,,0,
128.0,43.0,3,15.21221953292843,,0,
129.0,43.0,1,5.560877269832417,101.449609,1,95.88873173016758
130.0,43.0,1,-17.630195312434807,,0,
131.0,43.0,1,-57.71958598017227,,0,
132.0,43.0,1,-115.72961588850012,,0,
133.0,43.0,1,-187.81532261753455,-173.275425,1,14.539897617534535
134.0,43.0,1,-265.89409507176606,,0,
135.0,43.0,1,-340.231398266973,,0,
136.0,43.0,1,-404.5454009466339,,0,
137.0,43.0,1,-456.0874940949725,-454.86646,1,1.221034094972481
138.0,43.0,1,-493.3535114643164,,0,
139.0,43.0,1,-514.96778329683,,0,
140.0,43.0,1,-521.1484477604972,,0,
141.0,43.0,1,-515.0250926455483,-528.219235,1,-13.194142354451742
142.0,43.0,1,-500.75121820135973,,0,
143.0,43.0,1,-481.81932504987344,,0,
144.0,43.0,1,-460.8165504192002,,0,
145.0,43.0,1,-438.84791483334266,-560.123059,1,-121.27514416665736
146.0,43.0,1,-414.9668711719569,,0,
147.0,43.0,1,-386.81142614025157,,0,
148.0,43.0,1,-352.585374930175,,0,
149.0,43.0,1,-310.8489557392895,-319.104104,1,-8.255148260710484
150.0,43.0,1,-264.03739942173706,,0,
151.0,43.0,1,-216.7933400303591,,0,
152.0,43.0,1,-174.99234879459254,,0,
153.0,43.0,1,-143.51008309517056,12.101665,1,155.61174809517055
154.0,43.0,1,-120.20417825505137,,0,
155.0,43.0,1,-101.44543193804566,,0,
156.0,43.0,1,-89.40158656728454,,0,
157.0,43.0,1,-84.74860239471309,-57.306756,1,27.44184639471309
158.0,43.0,1,-84.34124258416705,,0,
159.0,43.0,1,-79.68530154367909,,0,
160.0,43.0,1,-58.73163600754924,,0,
161.0,43.0,2,-8.220904936082661,-482.44245,1,-474.22154506391735
162.0,43.0,2,80.43705477332696,,0,
163.0,43.0,2,187.97019859880675,,0,
164.0,43.0,2,305.1717535761418,,0,
165.0,43.0,2,426.667439190438,390.530876,1,-36.13656319043804
166.0,43.0,2,537.2033530147746,,0,
167.0,43.0,2,623.1602642214857,,0,
168.0,43.0,2,680.4497017899994,,0,
169.0,43.0,2,707.5984361527953,1062.879268,1,355.2808318472046
170.0,43.0,2,705.276153735118,,0,
171.0,43.0,2,675.4516474941047,,0,
172.0,43.0,2,628.391595289344,,0,
173.0,43.0,2,578.3451751270331,446.256027,1,-132.08914812703313
174.0,43.0,2,539.2779927840456,,0,
175.0,43.0,2,514.2493028920144,,0,
176.0,43.0,2,503.75990942912176,,0,
177.0,43.0,2,505.7714039015118,620.757567,1,114.98616309848819
178.0,43.0,2,516.2362503488548,,0,
179.0,43.0,2,528.6782574251993,,0,
180.0,43.0,2,537.5518802303122,,0,
181.0,43.0,2,539.1815457534976,876.181153,1,336.99960724650236
182.0,43.0,2,537.3817066875054,,0,
183.0,43.0,2,534.524399664253,,0,
184.0,43.0,2,529.4022316369228,,0,
185.0,43.0,2,522.026174693834,617.021619,1,94.99544430616595
186.0,43.0,2,517.563074408099,,0,
187.0,43.0,2,519.0142683833838,,0,
188.0,43.0,2,525.6409956016578,,0,
189.0,43.0,2,534.3152004564181,631.425125,1,97.10992454358188
190.0,43.0,2,538.5350221102126,,0,
191.0,43.0,2,534.5095454556867,,0,
192.0,43.0,2,516.9121706467122,,0,
193.0,43.0,2,484.9681333634071,930.051556,1,445.0834226365929
194.0,43.0,2,446.2843766650185,,0,
195.0,43.0,2,407.5673372282181,,0,
196.0,43.0,2,371.1011217269115,,0,
197.0,43.0,2,336.7041920972988,344.852493,1,8.14830090270118
198.0,43.0,2,304.27546624233946,,0,
199.0,43.0,2,273.82792310323566,,0,
0.0,44.0,0,22.307048918213695,-78.864175,1,-101.1712239182137
1.0,44.0,0,6.9615102731622756,,0,
2.0,44.0,0,-6.637975708115846,,0,
3.0,44.0,0,-17.750183994416147,,0,
4.0,44.0,0,-27.237685723695904,175.361555,1,202.5992407236959
5.0,44.0,0,-38.96551726432517,,0,
6.0,44.0,0,-46.22705461084843,,0,
7.0,44.0,0,-45.07293578982353,,0,
8.0,44.0,0,-32.618683881592005,-159.536648,1,-126.91796411840801
9.0,44.0,0,-6.09247895621229,,0,
10.0,44.0,0,28.428849015384912,,0,
11.0,44.0,0,64.7727105775848,,0,
12.0,44.0,0,95.91668361611664,210.375402,1,114.45871838388337
13.0,44.0,0,113.32973941462114,,0,
14.0,44.0,0,115.46068452810869,,0,
15.0,44.0,0,101.2562934551388,,0,
16.0,44.0,0,71.51509622298181,90.104124,1,18.589027777018188
17.0,44.0,0,28.83103989670053,,0,
18.0,44.0,0,-22.752464952412993,,0,
19.0,44.0,0,-81.04384353710338,,0,
20.0,44.0,0,-144.029265019577,-181.99757,1,-37.968304980423
21.0,44.0,0,-208.10913628758863,,0,
22.0,44.0,0,-270.6163460887037,,0,
23.0,44.0,0,-328.59178604837507,,0,
24.0,44.0,0,-378.006421338534,-478.272696,1,-100.26627466146601
25.0,44.0,0,-413.625906127505,,0,
26.0,44.0,0,-436.30073109129444,,0,
27.0,44.0,0,-446.69211746682413,,0,
28.0,44.0,0,-443.8483277311316,-602.356191,1,-158.5078632688684
29.0,44.0,0,-424.54550870740786,,0,
30.0,44.0,0,-394.0690463904757,,0,
31.0,44.0,0,-354.7594702253118,,0,
32.0,44.0,0,-306.60765723814256,-367.815686,1,-61.20802876185746
33.0,44.0,0,-249.92523329576943,,0,
34.0,44.0,0,-185.24636696767993,,0,
35.0,44.0,0,-114.94791811075993,,0,
36.0,44.0,0,-44.11811636365019,102.996096,1,147.11421236365018
37.0,44.0,0,20.064784205169417,,0,
38.0,44.0,0,78.79776284564286,,0,
39.0,44.0,0,131.6012363503687,,0,
40.0,44.0,0,176.83928997814655,209.897782,1,33.05849202185345
41.0,44.0,0,211.7215804712614,,0,
42.0,44.0,0,235.19753655442037,,0,
43.0,44.0,0,247.754292544676,,0,
44.0,44.0,0,249.26460214692634,308.047784,1,58.78318185307364
45.0,44.0,0,238.01446327741724,,0,
46.0,44.0,0,214.93888056557626,,0,
47.0,44.0,0,180.51075312681496,,0,
48.0,44.0,0,134.78268743108492,360.901087,1,226.1183995689151
49.0,44.0,0,74.83948789606802,,0,
50.0,44.0,0,8.634406617493369,,0,
51.0,44.0,0,-59.655424213269725,,0,
52.0,44.0,0,-127.95888643048238,5.273075,1,133.2319614304824
53.0,44.0,0,-196.1098970763851,,0,
54.0,44.0,0,-256.7362196170725,,0,
55.0,44.0,0,-303.3039047368802,,0,
56.0,44.0,0,-330.966138181102,-549.910307,1,-218.944168818898
57.0,44.0,0,-339.75449658354046,,0,
58.0,44.0,0,-331.9404494713526,,0,
59.0,44.0,0,-313.02184585807845,,0,
60.0,44.0,0,-288.4678594096331,-365.052685,1,-76.5848255903669
61.0,44.0,0,-261.3306952796993,,0,
62.0,44.0,0,-234.13959177630022,,0,
63.0,44.0,0,-211.0270732222125,,0,
64.0,44.0,0,-196.50457121664658,-55.963138,1,140.54143321664657
65.0,44.0,0,-194.91926037764642,,0,
66.0,44.0,0,-201.15598657308146,,0,
67.0,44.0,0,-210.77393665362615,,0,
68.0,44.0,0,-217.79684483679011,-386.172116,1,-168.3752711632099
69.0,44.0,0,-213.31302377744578,,0,
70.0,44.0,3,-199.26964365306776,,0,
71.0,44.0,3,-181.99738915869966,,0,
72.0,44.0,3,-167.61064939759672,-23.524787,1,144.0858623975967
73.0,44.0,3,-159.08385410252959,,0,
74.0,44.0,3,-158.1531933734659,,0,
75.0,44.0,3,-162.80630281125195,,0,
76.0,44.0,3,-165.77478473703377,-259.565474,1,-93.79068926296623
77.0,44.0,3,-156.1876958347857,,0,
78.0,44.0,3,-128.27201381276245,,0,
79.0,44.0,3,-77.587072495342,,0,
80.0,44.0,3,-2.2852326843421906,-278.624794,1,-276.3395613156578
81.0,44.0,3,99.6363455010578,,0,
82.0,44.0,3,211.935816681711,,0,
83.0,44.0,3,315.9469789209106,,0,
84.0,44.0,3,392.0476647276664,718.431034,1,326.38336927233354
85.0,44.0,3,418.1945555238053,,0,
86.0,44.0,3,396.29681848248583,,0,
87.0,44.0,3,341.93484180397354,,0,
88.0,44.0,3,272.41691091895336,-120.37166,1,-392.7885709189534
89.0,44.0,3,198.74701623932924,,0,
90.0,44.0,3,132.14626896043774,,0,
91.0,44.0,3,84.04475653977715,,0,
92.0,44.0,3,61.098474770085886,-57.726906,1,-118.82538077008589
93.0,44.0,3,63.63920757686719,,0,
94.0,44.0,3,87.65861101658083,,0,
95.0,44.0,3,121.72896236350061,,0,
96.0,44.0,3,151.55099530823645,340.531901,1,188.98090569176355
97.0,44.0,3,162.32327271532267,,0,
98.0,44.0,3,142.11485144114704,,0,
99.0,44.0,3,86.6544819024275,,0,
100.0,44.0,3,2.322004977730103,27.225051,1,24.903046022269898
101.0,44.0,3,-97.5298010497354,,0,
102.0,44.0,3,-195.78539815352997,,0,
103.0,44.0,3,-277.9719748039497,,0,
104.0,44.0,3,-337.5632002665079,-251.931944,1,85.63125626650793
105.0,44.0,3,-376.9346799601335,,0,
106.0,44.0,3,-399.2779550726409,,0,
107.0,44.0,3,-404.00586409820244,,0,
108.0,44.0,3,-388.62465648399666,-440.544848,1,-51.92019151600334
109.0,44.0,3,-349.08798461948754,,0,
110.0,44.0,3,-285.9319438202074,,0,
111.0,44.0,3,-206.61083173833322,,0,
112.0,44.0,3,-122.00636986346217,-108.983232,1,13.023137863462168
113.0,44.0,3,-45.18152177101001,,0,
114.0,44.0,3,12.89800486434251,,0,
115.0,44.0,3,49.67100055050105,,0,
116.0,44.0,3,65.09289981919574,222.706714,1,157.61381418080427
117.0,44.0,3,57.91593496128917,,0,
118.0,44.0,3,37.44097140873782,,0,
119.0,44.0,3,16.122670407639816,,0,
120.0,44.0,3,3.4953921544365585,-206.164023,1,-209.65941515443654
121.0,44.0,3,-0.7365208406699821,,0,
122.0,44.0,3,0.4777359015424736,,0,
123.0,44.0,3,5.214586074464023,,0,
124.0,44.0,3,11.026362018834334,173.77059,1,162.74422798116566
125.0,44.0,3,13.15666184516158,,0,
126.0,44.0,3,16.125775094376877,,0,
127.0,44.0,3,24.527203673613258,,0,
128.0,44.0,3,37.88618112646509,-30.637028,1,-68.52320912646509
129.0,44.0,1,49.175587551435456,,0,
130.0,44.0,1,48.49086583638564,,0,
131.0,44.0,1,27.4026767865289,,0,
132.0,44.0,1,-18.5728616262204,0.157152,1,18.7300136262204
133.0,44.0,1,-84.65615295781754,,0,
134.0,44.0,1,-162.43728129053488,,0,
135.0,44.0,1,-242.7883204872487,,0,
136.0,44.0,1,-317.9069417659193,-319.45184,1,-1.5448982340806765
137.0,44.0,1,-382.8907035762677,,0,
138.0,44.0,1,-434.41363121010363,,0,
139.0,44.0,1,-469.00603352393955,,0,
140.0,44.0,1,-484.70561941404594,-558.43468,1,-73.72906058595402
141.0,44.0,1,-486.3742474382743,,0,
142.0,44.0,1,-479.36734929610975,,0,
143.0,44.0,1,-467.24991437757853,,0,
144.0,44.0,1,-452.55788119207136,-458.985853,1,-6.427971807928657
145.0,44.0,1,-436.4563396188896,,0,
146.0,44.0,1,-418.77422174508683,,0,
147.0,44.0,1,-398.0093418713659,,0,
148.0,44.0,1,-371.40502845158335,-535.660592,1,-164.2555635484166
149.0,44.0,1,-333.8396432166919,,0,
150.0,44.0,1,-288.90484090545215,,0,
151.0,44.0,1,-240.01899713545572,,0,
152.0,44.0,1,-193.67696192511357,-8.650995,1,185.02596692511358
153.0,44.0,1,-159.25247794634197,,0,
154.0,44.0,1,-134.95416671340354,,0,
155.0,44.0,1,-120.4446310296189,,0,
156.0,44.0,1,-116.0479117121431,-137.515192,1,-21.46728028785691
157.0,44.0,1,-120.62678797938861,,0,
158.0,44.0,1,-131.11862116772681,,0,
159.0,44.0,1,-139.80069572781213,,0,
160.0,44.0,1,-134.0988930342719,-464.575933,1,-330.4770399657281
161.0,44.0,2,-95.47143614455126,,0,
162.0,44.0,2,-26.3160170072224,,0,
163.0,44.0,2,62.74890991486609,,0,
164.0,44.0,2,165.39413795038126,-324.016767,1,-489.4109049503813
165.0,44.0,2,285.2003736603074,,0,
166.0,44.0,2,400.7672201455571,,0,
167.0,44.0,2,498.5948400122579,,0,
168.0,44.0,2,571.0752934438642,739.766087,1,168.69079355613576
169.0,44.0,2,611.698329424602,,0,
170.0,44.0,2,624.1439482505666,,0,
171.0,44.0,2,611.6940140407532,,0,
172.0,44.0,2,581.3644969430752,612.62156,1,31.257063056924835
173.0,44.0,2,546.5306919883005,,0,
174.0,44.0,2,519.6431532469578,,0,
175.0,44.0,2,506.0291786578018,,0,
176.0,44.0,2,505.9604240045883,576.23706,1,70.27663599541177
177.0,44.0,2,516.07806738012,,0,
178.0,44.0,2,534.1524905227125,,0,
179.0,44.0,2,554.3235942162573,,0,
180.0,44.0,2,568.4654517901363,941.740773,1,373.2753212098637
181.0,44.0,2,568.3604143545963,,0,
182.0,44.0,2,564.8412840736564,,0,
183.0,44.0,2,560.6679215687327,,0,
184.0,44.0,2,553.5452289134264,801.79388,1,248.24865108657355
185.0,44.0,2,539.3712622262537,,0,
186.0,44.0,2,526.7270897658309,,0,
187.0,44.0,2,518.7621838403866,,0,
188.0,44.0,2,514.7439869195223,414.562949,1,-100.18103791952228
189.0,44.0,2,511.30572564993054,,0,
190.0,44.0,2,503.9979792686645,,0,
191.0,44.0,2,489.74214669666253,,0,
192.0,44.0,2,464.9397580139339,715.053142,1,250.11338398606608
193.0,44.0,2,425.24319232581183,,0,
194.0,44.0,2,382.5530752139166,,0,
195.0,44.0,2,345.6899619186297,,0,
196.0,44.0,2,317.6663888809271,309.721608,1,-7.944780880927112
197.0,44.0,2,295.1763936113566,,0,
198.0,44.0,2,274.90824197931215,,0,
199.0,44.0,2,254.277480032295,,0,
0.0,45.0,0,122.00062579568475,,0,
1.0,45.0,0,112.17040370684117,,0,
2.0,45.0,0,101.64195619733073,,0,
3.0,45.0,0,89.8536144956015,236.396677,1,146.5430625043985
4.0,45.0,0,76.96204208629206,,0,
5.0,45.0,0,62.87825657054782,,0,
6.0,45.0,0,50.95371063705534,,0,
7.0,45.0,0,44.48699709260836,-23.873754,1,-68.36075109260837
8.0,45.0,0,46.79909825185314,,0,
9.0,45.0,0,59.356225409545004,,0,
10.0,45.0,0,78.54516527894884,,0,
11.0,45.0,0,98.55765562155284,68.485754,1,-30.07190162155284
12.0,45.0,0,112.70628095325083,,0,
13.0,45.0,0,114.92313181702048,,0,
14.0,45.0,0,103.33960205339827,,0,
15.0,45.0,0,78.64483443740755,130.442974,1,51.79813956259244
16.0,45.0,0,42.803834225051105,,0,
17.0,45.0,0,-1.525540811009705,,0,
18.0,45.0,0,-51.51121057779528,,0,
19.0,45.0,0,-105.21659141709097,-124.322521,1,-19.105929582909027
20.0,45.0,0,-162.00975318206474,,0,
21.0,45.0,0,-220.95106011535972,,0,
22.0,45.0,0,-280.4018609537743,,0,
23.0,45.0,0,-336.8049475806765,-373.227223,1,-36.422275419323455
24.0,45.0,0,-385.46197948767804,,0,
25.0,45.0,0,-422.6468354992103,,0,
26.0,45.0,0,-447.8651504787849,,0,
27.0,45.0,0,-461.09449007641524,-553.979815,1,-92.88532492358479
28.0,45.0,0,-461.0633931902703,,0,
29.0,45.0,0,-446.6916975490749,,0,
30.0,45.0,0,-420.4984827176668,,0,
31.0,45.0,0,-384.3892819217872,-449.392431,1,-65.0031490782128
32.0,45.0,0,-337.67302414542064,,0,
33.0,45.0,0,-282.1580637181178,,0,
34.0,45.0,0,-218.29958339920267,,0,
35.0,45.0,0,-147.52628351352178,-148.34287,1,-0.8165864864782293
36.0,45.0,0,-76.36484620301053,,0,
37.0,45.0,0,-11.101690089795738,,0,
38.0,45.0,0,46.784404095378704,,0,
39.0,45.0,0,96.67454441159498,124.355219,1,27.680674588405026
40.0,45.0,0,137.50797355896793,,0,
41.0,45.0,0,167.98270287108608,,0,
42.0,45.0,0,187.61500942579005,,0,
43.0,45.0,0,196.32592563610524,183.420557,1,-12.905368636105237
44.0,45.0,0,193.6318596021738,,0,
45.0,45.0,0,178.84504770860076,,0,
46.0,45.0,0,152.48079845425673,,0,
47.0,45.0,0,115.17447517457185,255.02348,1,139.84900482542815
48.0,45.0,0,66.46067916776519,,0,
49.0,45.0,0,6.36482881102711,,0,
50.0,45.0,0,-59.84539208118804,,0,
51.0,45.0,0,-127.06647289870307,-13.864125,1,113.20234789870307
52.0,45.0,0,-194.09425973752514,,0,
53.0,45.0,0,-259.63964240346104,,0,
54.0,45.0,0,-318.5812266798457,,0,
55.0,45.0,0,-364.30829535680823,-534.816226,1,-170.5079306431918
56.0,45.0,0,-388.82982368580997,,0,
57.0,45.0,0,-394.5220784395933,,0,
58.0,45.0,0,-383.88296905590687,,0,
59.0,45.0,0,-361.4116043257527,-321.044755,1,40.366849325752696
60.0,45.0,0,-332.6882685648743,,0,
61.0,45.0,0,-300.26283723674715,,0,
62.0,45.0,0,-266.905937595875,,0,
63.0,45.0,0,-236.2575017514173,-222.377774,1,13.879727751417306
64.0,45.0,0,-212.33274463412818,,0,
65.0,45.0,0,-197.52382809796836,,0,
66.0,45.0,0,-189.65740245510824,,0,
67.0,45.0,0,-184.851005532837,-229.655022,1,-44.804016467162995
68.0,45.0,0,-177.01648066285998,,0,
69.0,45.0,0,-160.6767064591404,,0,
70.0,45.0,3,-136.67829405597877,,0,
71.0,45.0,3,-109.99509586388012,-14.286813,1,95.70828286388013
72.0,45.0,3,-87.42979643284343,,0,
73.0,45.0,3,-70.71028127672616,,0,
74.0,45.0,3,-63.236109075602144,,0,
75.0,45.0,3,-66.18356921730447,-9.300563,1,56.88300621730447
76.0,45.0,3,-70.93845261144452,,0,
77.0,45.0,3,-66.6163672527764,,0,
78.0,45.0,3,-46.29519735169015,,0,
79.0,45.0,3,-6.234238655742956,-245.139316,1,-238.90507734425705
80.0,45.0,3,55.51716848986689,,0,
81.0,45.0,3,137.0535868264269,,0,
82.0,45.0,3,226.1898055326601,,0,
83.0,45.0,3,306.4593421963509,595.01126,1,288.5519178036491
84.0,45.0,3,360.6136007104069,,0,
85.0,45.0,3,375.0266445653979,,0,
86.0,45.0,3,350.3952982489136,,0,
87.0,45.0,3,298.5114313660888,68.882889,1,-229.6285423660888
88.0,45.0,3,237.63484293731744,,0,
89.0,45.0,3,173.81018745107576,,0,
90.0,45.0,3,115.633293481078,,0,
91.0,45.0,3,72.80463951092679,-47.848893,1,-120.6535325109268
92.0,45.0,3,54.29358601977583,,0,
93.0,45.0,3,59.223606811254285,,0,
94.0,45.0,3,82.8232492141833,,0,
95.0,45.0,3,114.34153467073338,58.545746,1,-55.79578867073338
96.0,45.0,3,140.26820105110528,,0,
97.0,45.0,3,144.8881483078003,,0,
98.0,45.0,3,118.1631372065749,,0,
99.0,45.0,3,58.987929444760084,398.705811,1,339.7178815552399
100.0,45.0,3,-25.976331955811474,,0,
101.0,45.0,3,-124.86977597838268,,0,
102.0,45.0,3,-222.01544366939925,,0,
103.0,45.0,3,-302.3639783948893,-471.052718,1,-168.68873960511075
104.0,45.0,3,-358.08540754945716,,0,
105.0,45.0,3,-393.6806646005716,,0,
106.0,45.0,3,-411.0393336673151,,0,
107.0,45.0,3,-409.90878337353934,-426.639707,1,-16.73092362646065
108.0,45.0,3,-388.459230425593,,0,
109.0,45.0,3,-344.64051129770814,,0,
110.0,45.0,3,-280.2682857802138,,0,
111.0,45.0,3,-202.70975501876092,-479.868337,1,-277.1585819812391
112.0,45.0,3,-122.97515610107803,,0,
113.0,45.0,3,-53.159611996030435,,0,
114.0,45.0,3,-2.294762301258743,,0,
115.0,45.0,3,26.83723472105339,344.916927,1,318.0796922789466
116.0,45.0,3,34.772172502300236,,0,
117.0,45.0,3,24.07468167631305,,0,
118.0,45.0,3,2.6405542769352905,,0,
119.0,45.0,3,-18.989366086490918,-285.549879,1,-266.56051291350906
120.0,45.0,3,-29.086414793273434,,0,
121.0,45.0,3,-33.039472049917094,,0,
122.0,45.0,3,-33.97459022433031,,0,
123.0,45.0,3,-32.38862796407193,11.306019,1,43.69464696407193
124.0,45.0,3,-28.58609231020091,,0,
125.0,45.0,3,-22.604238222236745,,0,
126.0,45.0,3,-9.942915953462943,,0,
127.0,45.0,3,14.04277368762996,-27.084985,1,-41.127758687629964
128.0,45.0,3,47.55686507909559,,0,
129.0,45.0,1,81.92360534338513,,0,
130.0,45.0,1,105.89786289888434,,0,
131.0,45.0,1,107.0949602406472,376.874922,1,269.77996175935283
132.0,45.0,1,75.46846151078353,,0,
133.0,45.0,1,18.17120494763367,,0,
134.0,45.0,1,-57.708856178913265,,0,
135.0,45.0,1,-142.51900125283282,-170.063469,1,-27.544467747167175
136.0,45.0,1,-226.1177224186249,,0,
137.0,45.0,1,-301.8921989540104,,0,
138.0,45.0,1,-365.06108970416244,,0,
139.0,45.0,1,-411.46066416730173,-679.8789,1,-268.4182358326983
140.0,45.0,1,-434.96054947545053,,0,
141.0,45.0,1,-444.33222620747983,,0,
142.0,45.0,1,-444.7238627849147,,0,
143.0,45.0,1,-439.1665319664171,-490.257885,1,-51.09135303358289
144.0,45.0,1,-430.45205932622775,,0,
145.0,45.0,1,-420.2506758625386,,0,
146.0,45.0,1,-408.64508868020494,,0,
147.0,45.0,1,-394.15773662086576,-533.373294,1,-139.21555737913422
148.0,45.0,1,-373.77505724621005,,0,
149.0,45.0,1,-344.23187756864354,,0,
150.0,45.0,1,-304.8477934716502,,0,
151.0,45.0,1,-256.685296908021,-270.460739,1,-13.775442091979016
152.0,45.0,1,-208.2175554104615,,0,
153.0,45.0,1,-168.16948347503785,,0,
154.0,45.0,1,-140.23516489064787,,0,
155.0,45.0,1,-127.01430371799506,-25.043601,1,101.97070271799507
156.0,45.0,1,-127.11476441595005,,0,
157.0,45.0,1,-138.33537636348046,,0,
158.0,45.0,1,-156.82178112701513,,0,
159.0,45.0,1,-173.9635480493307,-226.456206,1,-52.4926579506693
160.0,45.0,1,-176.89454593905248,,0,
161.0,45.0,2,-153.6418964402983,,0,
162.0,45.0,2,-103.7159178428119,,0,
163.0,45.0,2,-32.60119816660881,-525.661152,1,-493.0599538333912
164.0,45.0,2,56.80846539733466,,0,
165.0,45.0,2,162.85225383751094,,0,
166.0,45.0,2,272.90487306797877,,0,
167.0,45.0,2,372.5023739929311,168.997472,1,-203.5049019929311
168.0,45.0,2,450.9595098698046,,0,
169.0,45.0,2,502.2920519267209,,0,
170.0,45.0,2,527.4817324562464,,0,
171.0,45.0,2,529.7658197169658,683.379804,1,153.61398428303426
172.0,45.0,2,512.6503687554505,,0,
173.0,45.0,2,489.80313288536854,,0,
174.0,45.0,2,472.49238306470215,,0,
175.0,45.0,2,467.03863381547853,405.896565,1,-61.142068815478524
176.0,45.0,2,473.45044068503194,,0,
177.0,45.0,2,489.2429068647325,,0,
178.0,45.0,2,511.6242254115641,,0,
179.0,45.0,2,534.8271748595871,753.706375,1,218.87920014041288
180.0,45.0,2,547.7066542300163,,0,
181.0,45.0,2,550.92221880937,,0,
182.0,45.0,2,549.4268602782395,,0,
183.0,45.0,2,545.0366083257832,633.028646,1,87.99203767421682
184.0,45.0,2,534.2613711920567,,0,
185.0,45.0,2,518.1549384139944,,0,
186.0,45.0,2,501.56186469027307,,0,
187.0,45.0,2,487.20622054394335,469.226644,1,-17.979576543943324
188.0,45.0,2,474.786247007316,,0,
189.0,45.0,2,461.5356185520068,,0,
190.0,45.0,2,444.59842762863263,,0,
191.0,45.0,2,421.5193509270903,539.622943,1,118.10359207290969
192.0,45.0,2,389.1465919977054,,0,
193.0,45.0,2,347.0432950044051,,0,
194.0,45.0,2,304.69796131365,,0,
195.0,45.0,2,273.4986994690262,87.998501,1,-185.50019846902617
196.0,45.0,2,257.0914944901597,,0,
197.0,45.0,2,247.1964384331368,,0,
198.0,45.0,2,238.9900139174424,,0,
199.0,45.0,2,228.73229806683958,316.994117,1,88.26181893316044
0.0,46.0,0,214.5634026962798,,0,
1.0,46.0,0,208.64026275090873,,0,
2.0,46.0,0,199.50485574104823,290.576616,1,91.07176025895177
3.0,46.0,0,185.56197543884628,,0,
4.0,46.0,0,169.71208446472883,,0,
5.0,46.0,0,153.45209557842463,,0,
6.0,46.0,0,138.5699857994914,201.119632,1,62.54964620050859
7.0,46.0,0,126.17131200572476,,0,
8.0,46.0,0,119.66680254298262,,0,
9.0,46.0,0,119.94661399070174,,0,
10.0,46.0,0,124.96963558602147,53.407925,1,-71.56171058602146
11.0,46.0,0,129.9546955905389,,0,
12.0,46.0,0,129.12678873632103,,0,
13.0,46.0,0,117.60547196958214,,0,
14.0,46.0,0,93.5929330777144,104.889561,1,11.296627922285595
15.0,46.0,0,59.077416302170604,,0,
16.0,46.0,0,17.51468651648611,,0,
17.0,46.0,0,-28.033211369998753,,0,
18.0,46.0,0,-75.92700323648751,-130.406475,1,-54.47947176351249
19.0,46.0,0,-124.66235405043699,,0,
20.0,46.0,0,-175.51415491756052,,0,
21.0,46.0,0,-229.54360588639975,,0,
22.0,46.0,0,-286.7247412703,-171.487699,1,115.23704227030001
23.0,46.0,0,-341.93405486806296,,0,
24.0,46.0,0,-389.9013040137943,,0,
25.0,46.0,0,-427.8498496739194,,0,
26.0,46.0,0,-455.0107779210666,-428.32879,1,26.681987921066593
27.0,46.0,0,-470.6138006064575,,0,
28.0,46.0,0,-473.6339599234052,,0,
29.0,46.0,0,-463.74938813224435,,0,
30.0,46.0,0,-442.0850828527473,-518.826279,1,-76.74119614725271
31.0,46.0,0,-409.69124486029614,,0,
32.0,46.0,0,-366.7906088300515,,0,
33.0,46.0,0,-314.6064725185279,,0,
34.0,46.0,0,-254.15511072077788,-424.767933,1,-170.61282227922214
35.0,46.0,0,-184.80484404461458,,0,
36.0,46.0,0,-115.4035230348818,,0,
37.0,46.0,0,-51.63911770936102,,0,
38.0,46.0,0,4.03434757492505,26.291162,1,22.25681442507495
39.0,46.0,0,50.10049624700332,,0,
40.0,46.0,0,86.1144605902955,,0,
41.0,46.0,0,111.6375961273443,,0,
42.0,46.0,0,126.72376426192932,35.137927,1,-91.58583726192933
43.0,46.0,0,130.8877219305141,,0,
44.0,46.0,0,123.67317636474036,,0,
45.0,46.0,0,104.91268124990165,,0,
46.0,46.0,0,74.79873208364006,62.675549,1,-12.123183083640065
47.0,46.0,0,34.062566720182076,,0,
48.0,46.0,0,-16.71152244473342,,0,
49.0,46.0,0,-75.88146513607353,,0,
50.0,46.0,0,-140.0161152788205,-243.811982,1,-103.7958667211795
51.0,46.0,0,-203.75806417921558,,0,
52.0,46.0,0,-266.99197028414346,,0,
53.0,46.0,0,-327.4438142729923,,0,
54.0,46.0,0,-380.77056447416544,-364.730595,1,16.039969474165446
55.0,46.0,0,-421.29741873499006,,0,
56.0,46.0,0,-443.37147026788443,,0,
57.0,46.0,0,-446.46942447754554,,0,
58.0,46.0,0,-432.40373718721094,-397.142728,1,35.26100918721096
59.0,46.0,0,-406.2404173190007,,0,
60.0,46.0,0,-373.0065723590087,,0,
61.0,46.0,0,-335.5305226962082,,0,
62.0,46.0,0,-296.2388117497321,-341.779573,1,-45.540761250267906
63.0,46.0,0,-258.5051501670969,,0,
64.0,46.0,0,-225.44193458533846,,0,
65.0,46.0,0,-198.41288203489967,,0,
66.0,46.0,0,-176.4561727771652,-114.146582,1,62.3095907771652
67.0,46.0,0,-157.7064360785298,,0,
68.0,46.0,0,-136.58949643652886,,0,
69.0,46.0,0,-109.71658349083737,,0,
70.0,46.0,3,-77.47698429290904,-72.550591,1,4.92639329290904
71.0,46.0,3,-43.53860114864074,,0,
72.0,46.0,3,-12.33269513893174,,0,
73.0,46.0,3,13.26818587211892,,0,
74.0,46.0,3,29.024435689265374,322.488424,1,293.46398831073463
75.0,46.0,3,27.983837908221176,,0,
76.0,46.0,3,21.732946755597368,,0,
77.0,46.0,3,20.9773968285881,,0,
78.0,46.0,3,34.0174018170801,-210.483799,1,-244.5012008170801
79.0,46.0,3,64.01879865123192,,0,
80.0,46.0,3,111.57510841195472,,0,
81.0,46.0,3,173.33208994439337,,0,
82.0,46.0,3,239.3901234253426,499.100448,1,259.71032457465736
83.0,46.0,3,296.39649666813784,,0,
84.0,46.0,3,331.41089296131395,,0,
85.0,46.0,3,336.2625180960167,,0,
86.0,46.0,3,311.5024973163381,340.845253,1,29.342755683661892
87.0,46.0,3,265.5453771875473,,0,
88.0,46.0,3,210.99225848179776,,0,
89.0,46.0,3,155.13022658019327,,0,
90.0,46.0,3,104.48412798579375,42.592962,1,-61.89116598579375
91.0,46.0,3,67.15866264078068,,0,
92.0,46.0,3,50.22386031935457,,0,
93.0,46.0,3,55.815897420514375,,0,
94.0,46.0,3,80.49889820956741,-161.877989,1,-242.37688720956743
95.0,46.0,3,112.21261153952219,,0,
96.0,46.0,3,135.96370231267065,,0,
97.0,46.0,3,136.3644378723111,,0,
98.0,46.0,3,103.59382840464241,426.117305,1,322.5234765953576
99.0,46.0,3,40.35381330573,,0,
100.0,46.0,3,-45.43218838237226,,0,
101.0,46.0,3,-143.198434357706,,0,
102.0,46.0,3,-238.76969778956845,-500.039918,1,-261.27022021043155
103.0,46.0,3,-314.2784863007255,,0,
104.0,46.0,3,-368.40178379547433,,0,
105.0,46.0,3,-402.2135990206152,,0,
106.0,46.0,3,-416.3060945752659,-518.211877,1,-101.90578242473407
107.0,46.0,3,-411.43223433638923,,0,
108.0,46.0,3,-387.08199233410414,,0,
109.0,46.0,3,-342.06052918036585,,0,
110.0,46.0,3,-278.0138485033531,-544.699357,1,-266.6855084966469
111.0,46.0,3,-202.98565930128098,,0,
112.0,46.0,3,-127.82063051668229,,0,
113.0,46.0,3,-64.32736906828359,,0,
114.0,46.0,3,-21.902763358259108,366.429149,1,388.3319123582591
115.0,46.0,3,-1.445642466424033,,0,
116.0,46.0,3,-0.54836597351823,,0,
117.0,46.0,3,-14.357962766574929,,0,
118.0,46.0,3,-34.75413808156736,-173.483826,1,-138.72968791843263
119.0,46.0,3,-53.343815220636316,,0,
120.0,46.0,3,-64.00774792628363,,0,
121.0,46.0,3,-69.63080436195014,,0,
122.0,46.0,3,-74.58853519591503,5.075902,1,79.66443719591503
123.0,46.0,3,-77.6759067272069,,0,
124.0,46.0,3,-76.14829628076404,,0,
125.0,46.0,3,-67.17412369966041,,0,
126.0,46.0,3,-46.52809627435636,-209.170536,1,-162.64243972564364
127.0,46.0,3,-7.973040254437365,,0,
128.0,46.0,3,43.29146932740696,,0,
129.0,46.0,1,98.5716615539277,,0,
130.0,46.0,1,145.2562313801027,348.69142,1,203.4351886198973
131.0,46.0,1,165.99003894161433,,0,
132.0,46.0,1,154.8624084822368,,0,
133.0,46.0,1,111.17499073641375,,0,
134.0,46.0,1,39.632736805826426,67.269776,1,27.637039194173568
135.0,46.0,1,-46.68700319144409,,0,
136.0,46.0,1,-135.51608921214938,,0,
137.0,46.0,1,-217.93806919141207,,0,
138.0,46.0,1,-287.041661461466,-657.743082,1,-370.70142053853397
139.0,46.0,1,-339.0290960429702,,0,
140.0,46.0,1,-372.0040917157312,,0,
141.0,46.0,1,-390.3099033883773,,0,
142.0,46.0,1,-398.58611018571537,-434.565051,1,-35.97894081428461
143.0,46.0,1,-399.41563600627705,,0,
144.0,46.0,1,-396.49579159822315,,0,
145.0,46.0,1,-392.02828637417406,,0,
146.0,46.0,1,-386.2187337472569,-397.924216,1,-11.705482252743082
147.0,46.0,1,-377.4247891602572,,0,
148.0,46.0,1,-363.2923775917734,,0,
149.0,46.0,1,-341.6844331158791,,0,
150.0,46.0,1,-310.31222194747534,-598.694236,1,-288.3820140525247
151.0,46.0,1,-264.6292251290288,,0,
152.0,46.0,1,-216.38853895082138,,0,
153.0,46.0,1,-173.39821970521007,,0,
154.0,46.0,1,-141.3043949031271,88.020216,1,229.3246109031271
155.0,46.0,1,-127.77647121436894,,0,
156.0,46.0,1,-128.75390611187322,,0,
157.0,46.0,1,-142.9910520776175,,0,
158.0,46.0,1,-167.0682359104976,38.09872,1,205.16695591049762
159.0,46.0,1,-190.4666918606963,,0,
160.0,46.0,1,-201.43814955861308,,0,
161.0,46.0,2,-191.3709782997612,,0,
162.0,46.0,2,-157.66108971834183,-445.255315,1,-287.59422528165817
163.0,46.0,2,-102.84278697054833,,0,
164.0,46.0,2,-29.592706840950996,,0,
165.0,46.0,2,60.00812911312096,,0,
166.0,46.0,2,159.60304402234033,-237.930458,1,-397.5335020223403
167.0,46.0,2,254.75987920816988,,0,
168.0,46.0,2,333.38195887743495,,0,
169.0,46.0,2,389.51356896944344,,0,
170.0,46.0,2,422.325964201591,289.051328,1,-133.27463620159097
171.0,46.0,2,433.6552135217935,,0,
172.0,46.0,2,427.87961768265814,,0,
173.0,46.0,2,414.74048912897706,,0,
174.0,46.0,2,404.5900418329984,291.637277,1,-112.95276483299841
175.0,46.0,2,404.84330454375595,,0,
176.0,46.0,2,414.5082907527685,,0,
177.0,46.0,2,432.09477782575414,,0,
178.0,46.0,2,454.04252478457056,555.194551,1,101.15202621542949
179.0,46.0,2,474.51553785568103,,0,
180.0,46.0,2,488.19485855742823,,0,
181.0,46.0,2,495.5029921992682,,0,
182.0,46.0,2,497.69963602838106,420.534918,1,-77.16471802838106
183.0,46.0,2,494.0500800930895,,0,
184.0,46.0,2,483.15353902755305,,0,
185.0,46.0,2,467.0997528959997,,0,
186.0,46.0,2,449.9746380643919,355.162839,1,-94.81179906439189
187.0,46.0,2,432.72233706945553,,0,
188.0,46.0,2,414.7253415045561,,0,
189.0,46.0,2,394.56765647325665,,0,
190.0,46.0,2,370.6181648783386,341.355668,1,-29.262496878338595
191.0,46.0,2,341.86722606164403,,0,
192.0,46.0,2,306.4295257162303,,0,
193.0,46.0,2,265.4530234592967,,0,
194.0,46.0,2,226.78272298071533,-135.703412,1,-362.4861349807153
195.0,46.0,2,205.93806928908452,,0,
196.0,46.0,2,198.34456048998982,,0,
197.0,46.0,2,198.22127872984856,,0,
198.0,46.0,2,199.7754615927115,206.909506,1,7.134044407288485
199.0,46.0,2,197.81170888338238,,0,
0.0,47.0,0,296.15610967064276,,0,
1.0,47.0,0,292.1907329852693,402.263727,1,110.07299401473074
2.0,47.0,0,282.1442472515628,,0,
3.0,47.0,0,267.35108611593023,,0,
4.0,47.0,0,249.80606127530336,,0,
5.0,47.0,0,231.31490284390748,407.513569,1,176.19866615609254
6.0,47.0,0,213.22441510658246,,0,
7.0,47.0,0,196.6697118972661,,0,
8.0,47.0,0,183.18652753322385,,0,
9.0,47.0,0,173.2041388452053,139.524814,1,-33.679324845205315
10.0,47.0,0,166.31455781054683,,0,
11.0,47.0,0,158.61701445747167,,0,
12.0,47.0,0,145.24567168019712,,0,
13.0,47.0,0,121.77077801059932,180.495706,1,58.7249279894007
14.0,47.0,0,86.5451310116332,,0,
15.0,47.0,0,43.17220845783595,,0,
16.0,47.0,0,-3.610132875619456,,0,
17.0,47.0,0,-49.35295704519376,-197.634753,1,-148.28179595480623
18.0,47.0,0,-94.49471801682375,,0,
19.0,47.0,0,-139.99359146226197,,0,
20.0,47.0,0,-186.86276630754583,,0,
21.0,47.0,0,-236.69780156202614,-30.908693,1,205.78910856202614
22.0,47.0,0,-292.7834587547695,,0,
23.0,47.0,0,-346.80420522519853,,0,
24.0,47.0,0,-393.5759233641438,,0,
25.0,47.0,0,-431.0780539526604,-399.543791,1,31.534262952660413
26.0,47.0,0,-459.2252714843489,,0,
27.0,47.0,0,-476.6709887571633,,0,
28.0,47.0,0,-482.44278813898563,,0,
29.0,47.0,0,-476.15185797121376,-480.09656,1,-3.944702028786253
30.0,47.0,0,-458.49774297280237,,0,
31.0,47.0,0,-430.3335104074795,,0,
32.0,47.0,0,-391.6862739799544,,0,
33.0,47.0,0,-342.6831434746273,-474.877723,1,-132.19457952537272
34.0,47.0,0,-284.8658573065186,,0,
35.0,47.0,0,-220.548971677199,,0,
36.0,47.0,0,-155.88246603566222,,0,
37.0,47.0,0,-96.56709763687104,-64.135718,1,32.43137963687104
38.0,47.0,0,-45.270425345283,,0,
39.0,47.0,0,-3.488551390124485,,0,
40.0,47.0,0,27.786520894267596,,0,
41.0,47.0,0,48.1018331926316,1.846255,1,-46.2555781926316
42.0,47.0,0,58.53499363048468,,0,
43.0,47.0,0,58.04987706616521,,0,
44.0,47.0,0,46.50762247759849,,0,
45.0,47.0,0,24.26579264830798,-133.285481,1,-157.55127364830798
46.0,47.0,0,-8.83690873417072,,0,
47.0,47.0,0,-52.234426348877605,,0,
48.0,47.0,0,-103.74998298147693,,0,
49.0,47.0,0,-160.08944605989382,-357.574955,1,-197.48550894010617
50.0,47.0,0,-219.53551556938328,,0,
51.0,47.0,0,-279.65627894183854,,0,
52.0,47.0,0,-338.46247907937504,,0,
53.0,47.0,0,-392.96393643086776,-390.676551,1,2.2873854308677437
54.0,47.0,0,-439.71078980504535,,0,
55.0,47.0,0,-474.0914302197634,,0,
56.0,47.0,0,-491.9967034754809,,0,
57.0,47.0,0,-492.1839316866826,-617.976157,1,-125.79222531331732
58.0,47.0,0,-474.12331626197556,,0,
59.0,47.0,0,-444.3656029216945,,0,
60.0,47.0,0,-407.29584926879033,,0,
61.0,47.0,0,-365.46788931731135,-399.444909,1,-33.97701968268865
62.0,47.0,0,-320.72891069279285,,0,
63.0,47.0,0,-276.5302765365341,,0,
64.0,47.0,0,-235.36220336519182,,0,
65.0,47.0,0,-198.36800008290447,-112.149139,1,86.21886108290447
66.0,47.0,0,-165.07144388643792,,0,
67.0,47.0,0,-133.73434287577402,,0,
68.0,47.0,0,-101.11470853094943,,0,
69.0,47.0,0,-64.99871940305457,-52.535688,1,12.463031403054565
70.0,47.0,3,-25.596809847746044,,0,
71.0,47.0,3,14.802397846302483,,0,
72.0,47.0,3,53.001128525007516,,0,
73.0,47.0,3,85.36650415719487,493.358548,1,407.9920438428051
74.0,47.0,3,106.57154383696616,,0,
75.0,47.0,3,112.08561803036719,,0,
76.0,47.0,3,107.00830046192277,,0,
77.0,47.0,3,102.03898159763776,-33.919356,1,-135.95833759763775
78.0,47.0,3,108.69296701718122,,0,
79.0,47.0,3,128.42311201884877,,0,
80.0,47.0,3,161.8156396127306,,0,
81.0,47.0,3,206.35376367229037,225.003391,1,18.649627327709624
82.0,47.0,3,252.83876197435893,,0,
83.0,47.0,3,290.5314825363457,,0,
84.0,47.0,3,310.015773436171,,0,
85.0,47.0,3,306.479481077753,593.573665,1,287.094183922247
86.0,47.0,3,281.0544191697845,,0,
87.0,47.0,3,239.99510547492537,,0,
88.0,47.0,3,191.7626248044544,,0,
89.0,47.0,3,142.93237476190552,161.566808,1,18.634433238094488
90.0,47.0,3,98.72510579659138,,0,
91.0,47.0,3,65.60473372784327,,0,
92.0,47.0,3,49.61535253492184,,0,
93.0,47.0,3,54.782399868476205,-166.972975,1,-221.7553748684762
94.0,47.0,3,80.91679579607444,,0,
95.0,47.0,3,112.60668535911827,,0,
96.0,47.0,3,134.7887033947918,,0,
97.0,47.0,3,132.34575398580637,437.349426,1,305.0036720141936
98.0,47.0,3,94.11370764666935,,0,
99.0,47.0,3,28.9373920065118,,0,
100.0,47.0,3,-55.51915671827737,,0,
101.0,47.0,3,-149.36721393140033,-440.785123,1,-291.41790906859967
102.0,47.0,3,-239.48085670062574,,0,
103.0,47.0,3,-313.3852369566448,,0,
104.0,47.0,3,-367.19221719002235,,0,
105.0,47.0,3,-400.84327361371834,-490.943497,1,-90.10022338628164
106.0,47.0,3,-413.29518219199963,,0,
107.0,47.0,3,-407.2377135429997,,0,
108.0,47.0,3,-382.94914397323737,,0,
109.0,47.0,3,-339.5878652680112,-477.17432,1,-137.5864547319888
110.0,47.0,3,-277.4901506695023,,0,
111.0,47.0,3,-206.5947282242705,,0,
112.0,47.0,3,-136.80248578856117,,0,
113.0,47.0,3,-78.96604053780902,166.046702,1,245.01274253780903
114.0,47.0,3,-44.95262423894019,,0,
115.0,47.0,3,-31.561639171559364,,0,
116.0,47.0,3,-36.05243768010405,,0,
117.0,47.0,3,-52.899157474807,-156.573703,1,-103.674545525193
118.0,47.0,3,-72.51984927227022,,0,
119.0,47.0,3,-89.80185317952419,,0,
120.0,47.0,3,-100.95188851648709,,0,
121.0,47.0,3,-107.98030477866996,68.596133,1,176.57643777866997
122.0,47.0,3,-117.28224759415025,,0,
123.0,47.0,3,-124.48331225512084,,0,
124.0,47.0,3,-124.72533392996411,,0,
125.0,47.0,3,-112.63992154807784,-436.331855,1,-323.6919334519222
126.0,47.0,3,-84.95334882440511,,0,
127.0,47.0,3,-37.978374212863855,,0,
128.0,47.0,3,25.941575690056197,,0,
129.0,47.0,1,96.7976273985114,-71.863958,1,-168.6615853985114
130.0,47.0,1,160.35324142087484,,0,
131.0,47.0,1,202.31386412435677,,0,
132.0,47.0,1,212.70662753091892,,0,
133.0,47.0,1,184.68183824175503,515.007199,1,330.325360758245
134.0,47.0,1,119.37181558273733,,0,
135.0,47.0,1,36.28239182627294,,0,
136.0,47.0,1,-52.330054697813466,,0,
137.0,47.0,1,-136.7573348482838,-270.083928,1,-133.32659315171622
138.0,47.0,1,-207.18762414553203,,0,
139.0,47.0,1,-262.577590118628,,0,
140.0,47.0,1,-302.54126777354395,,0,
141.0,47.0,1,-328.85393804661,-616.387448,1,-287.53350995338997
142.0,47.0,1,-344.29713218845427,,0,
143.0,47.0,1,-351.6058014477603,,0,
144.0,47.0,1,-354.3415610220982,,0,
145.0,47.0,1,-355.48224590474274,-330.92556,1,24.55668590474272
146.0,47.0,1,-355.20218156604096,,0,
147.0,47.0,1,-351.5133326356299,,0,
148.0,47.0,1,-342.6361822253093,,0,
149.0,47.0,1,-326.43850303371437,-579.78206,1,-253.34355696628563
150.0,47.0,1,-299.98585344222374,,0,
151.0,47.0,1,-262.0136741803726,,0,
152.0,47.0,1,-218.99177667801268,,0,
153.0,47.0,1,-178.53676771942992,-217.87875,1,-39.34198228057008
154.0,47.0,1,-147.27697249036282,,0,
155.0,47.0,1,-130.49182809330523,,0,
156.0,47.0,1,-128.9965814227471,,0,
157.0,47.0,1,-143.41360875591636,59.094369,1,202.50797775591636
158.0,47.0,1,-171.51271812221967,,0,
159.0,47.0,1,-199.161781901028,,0,
160.0,47.0,1,-216.2611311674118,,0,
161.0,47.0,2,-216.05774326098617,-274.781234,1,-58.72349073901381
162.0,47.0,2,-194.61186971038114,,0,
163.0,47.0,2,-153.88823455688544,,0,
164.0,47.0,2,-96.3193390595261,,0,
165.0,47.0,2,-23.49417629162781,-342.396381,1,-318.9022047083722
166.0,47.0,2,65.10609791288152,,0,
167.0,47.0,2,152.13137587206438,,0,
168.0,47.0,2,226.18997366447002,,0,
169.0,47.0,2,281.81885405781213,-36.195062,1,-318.01391605781214
170.0,47.0,2,317.56823229335714,,0,
171.0,47.0,2,334.65621514618397,,0,
172.0,47.0,2,336.9431259678677,,0,
173.0,47.0,2,331.5617762687616,245.162288,1,-86.39948826876162
174.0,47.0,2,328.00500500318594,,0,
175.0,47.0,2,330.04199036071077,,0,
176.0,47.0,2,339.3847642275505,,0,
177.0,47.0,2,356.2842623682227,447.887362,1,91.6030996317773
178.0,47.0,2,375.78564913838636,,0,
179.0,47.0,2,392.6798254167661,,0,
180.0,47.0,2,405.7932083129417,,0,
181.0,47.0,2,417.0089515345171,366.690849,1,-50.318102534517095
182.0,47.0,2,423.56323124677874,,0,
183.0,47.0,2,422.6100869025104,,0,
184.0,47.0,2,413.50225161388516,,0,
185.0,47.0,2,398.4272505666595,266.313243,1,-132.1140075666595
186.0,47.0,2,382.60905168100726,,0,
187.0,47.0,2,364.3532488755882,,0,
188.0,47.0,2,343.2809747015126,,0,
189.0,47.0,2,319.3291793935932,242.583011,1,-76.74616839359322
190.0,47.0,2,291.94947822391987,,0,
191.0,47.0,2,261.21079473756254,,0,
192.0,47.0,2,227.53156314324588,,0,
193.0,47.0,2,192.91540277888998,-135.705455,1,-328.62085777889
194.0,47.0,2,163.77582313795574,,0,
195.0,47.0,2,148.01833372330293,,0,
196.0,47.0,2,145.37838932638988,,0,
197.0,47.0,2,152.17417367175221,-30.673048,1,-182.8472216717522
198.0,47.0,2,161.35153298825026,,0,
199.0,47.0,2,166.22180167539045,,0,
0.0,48.0,0,364.8313977746293,464.415032,1,99.5836342253707
1.0,48.0,0,360.13231447618455,,0,
2.0,48.0,0,350.281737445388,,0,
3.0,48.0,0,335.46266355365515,,0,
4.0,48.0,0,316.95833469741046,378.115722,1,61.15738730258954
5.0,48.0,0,296.55428248271346,,0,
6.0,48.0,0,275.72457618964836,,0,
7.0,48.0,0,255.552880287054,,0,
8.0,48.0,0,236.7037460587453,277.33629,1,40.63254394125471
9.0,48.0,0,218.64661218039691,,0,
10.0,48.0,0,201.6099486821331,,0,
11.0,48.0,0,183.21588320843875,,0,
12.0,48.0,0,159.52501276042312,246.709181,1,87.18416823957688
13.0,48.0,0,125.60735709778965,,0,
14.0,48.0,0,82.4510853854008,,0,
15.0,48.0,0,32.83373062219471,,0,
16.0,48.0,0,-18.475184708833694,-242.662783,1,-224.1875982911663
17.0,48.0,0,-63.80516975000501,,0,
18.0,48.0,0,-107.64899807074107,,0,
19.0,48.0,0,-152.0639826557599,,0,
20.0,48.0,0,-198.2917161504738,-13.043619,1,185.2480971504738
21.0,48.0,0,-247.83719529164955,,0,
22.0,48.0,0,-301.05352075514384,,0,
23.0,48.0,0,-352.6489779538242,,0,
24.0,48.0,0,-397.2656932992395,-444.691815,1,-47.42612170076052
25.0,48.0,0,-433.55468463059515,,0,
26.0,48.0,0,-461.3200877851341,,0,
27.0,48.0,0,-479.6342858937569,,0,
28.0,48.0,0,-487.46430973894894,-515.853774,1,-28.389464261051103
29.0,48.0,0,-483.8500180914998,,0,
30.0,48.0,0,-469.69567113241646,,0,
31.0,48.0,0,-445.6368244464975,,0,
32.0,48.0,0,-411.51183591026347,-499.843996,1,-88.33216008973653
33.0,48.0,0,-365.95471563655883,,0,
34.0,48.0,0,-312.42525653971825,,0,
35.0,48.0,0,-254.20284350845031,,0,
36.0,48.0,0,-195.91097643924877,-146.346743,1,49.56423343924877
37.0,48.0,0,-142.9749245061539,,0,
38.0,48.0,0,-97.23966611758806,,0,
39.0,48.0,0,-60.244188527809456,,0,
40.0,48.0,0,-33.26167811779305,-0.108934,1,33.152744117793056
41.0,48.0,0,-17.36035962589085,,0,
42.0,48.0,0,-11.63585913355928,,0,
43.0,48.0,0,-16.389244742225856,,0,
44.0,48.0,0,-31.635437469463795,-81.125966,1,-49.49052853053621
45.0,48.0,0,-56.18898741900921,,0,
46.0,48.0,0,-90.92960588715505,,0,
47.0,48.0,0,-135.26107209618203,,0,
48.0,48.0,0,-186.41772724804468,-343.256931,1,-156.83920375195532
49.0,48.0,0,-238.51548430486582,,0,
50.0,48.0,0,-292.9734093147563,,0,
51.0,48.0,0,-348.58660004637204,,0,
52.0,48.0,0,-402.71444870042615,-470.462818,1,-67.74836929957388
53.0,48.0,0,-451.0625820402056,,0,
54.0,48.0,0,-491.64193770848215,,0,
55.0,48.0,0,-520.0263146269135,,0,
56.0,48.0,0,-531.734394665109,-699.312458,1,-167.578063334891
57.0,48.0,0,-526.487242952222,,0,
58.0,48.0,0,-505.7345381777268,,0,
59.0,48.0,0,-473.5178696488729,,0,
60.0,48.0,0,-433.5697455366608,-450.485172,1,-16.9154264633392
61.0,48.0,0,-388.0259548416361,,0,
62.0,48.0,0,-339.3248254506034,,0,
63.0,48.0,0,-290.06978875002824,,0,
64.0,48.0,0,-242.38425186183304,-225.67198,1,16.712271861833045
65.0,48.0,0,-197.61202009860426,,0,
66.0,48.0,0,-155.2261028746143,,0,
67.0,48.0,0,-113.94353640102781,,0,
68.0,48.0,0,-71.97136137727648,30.934331,1,102.90569237727648
69.0,48.0,0,-28.140488032018766,,0,
70.0,48.0,3,17.36282287532231,,0,
71.0,48.0,3,63.08293938887073,,0,
72.0,48.0,3,106.62839946255554,386.85877,1,280.23037053744446
73.0,48.0,3,144.54510096274316,,0,
74.0,48.0,3,172.35188374109566,,0,
75.0,48.0,3,185.12653967761435,,0,
76.0,48.0,3,182.53517692210153,299.625611,1,117.09043407789846
77.0,48.0,3,175.82269008719595,,0,
78.0,48.0,3,175.70596674457192,,0,
79.0,48.0,3,185.4950120835565,,0,
80.0,48.0,3,205.66565110042575,86.839123,1,-118.82652810042575
81.0,48.0,3,235.8613845508662,,0,
82.0,48.0,3,266.8686722808052,,0,
83.0,48.0,3,289.558694455307,,0,
84.0,48.0,3,296.50798044359544,579.837364,1,283.32938355640454
85.0,48.0,3,285.6195536137093,,0,
86.0,48.0,3,258.7498711930821,,0,
87.0,48.0,3,220.88868293887936,,0,
88.0,48.0,3,178.49685294300434,301.261519,1,122.76466605699568
89.0,48.0,3,136.19493960449472,,0,
90.0,48.0,3,98.14505597110838,,0,
91.0,48.0,3,69.2256752057001,,0,
92.0,48.0,3,54.85937336619827,-107.091989,1,-161.95136236619828
93.0,48.0,3,61.5778402715805,,0,
94.0,48.0,3,84.09126453887438,,0,
95.0,48.0,3,111.24428787326906,,0,
96.0,48.0,3,128.98101161667728,377.179722,1,248.19871038332275
97.0,48.0,3,119.88905079022516,,0,
98.0,48.0,3,82.33288923813961,,0,
99.0,48.0,3,20.422582322265953,,0,
100.0,48.0,3,-59.81103719063685,-117.764629,1,-57.95359180936315
101.0,48.0,3,-148.04657483496703,,0,
102.0,48.0,3,-232.7114277491055,,0,
103.0,48.0,3,-303.9389456352219,,0,
104.0,48.0,3,-356.11464774035267,-442.858519,1,-86.74387125964734
105.0,48.0,3,-388.44886743370444,,0,
106.0,48.0,3,-401.2464454236324,,0,
107.0,48.0,3,-396.0573141122004,,0,
108.0,48.0,3,-373.5138131440326,-442.574048,1,-69.0602348559674
109.0,48.0,3,-332.4166883591679,,0,
110.0,48.0,3,-276.46017143368954,,0,
111.0,48.0,3,-213.1954284061212,,0,
112.0,48.0,3,-151.78649738628883,-103.720429,1,48.06606838628883
113.0,48.0,3,-102.7526483188849,,0,
114.0,48.0,3,-72.71362475364003,,0,
115.0,48.0,3,-62.26882217779348,,0,
116.0,48.0,3,-69.456824681547,-43.919851,1,25.536973681547003
117.0,48.0,3,-87.6873956178315,,0,
118.0,48.0,3,-108.99950634455308,,0,
119.0,48.0,3,-127.53291072277352,,0,
120.0,48.0,3,-139.7548597890418,-71.168987,1,68.5858727890418
121.0,48.0,3,-148.7616323303664,,0,
122.0,48.0,3,-158.37333293136908,,0,
123.0,48.0,3,-166.44325968367048,,0,
124.0,48.0,3,-167.48138956236653,-375.589996,1,-208.10860643763345
125.0,48.0,3,-152.62159616476856,,0,
126.0,48.0,3,-122.42296745773638,,0,
127.0,48.0,3,-72.30780545575544,,0,
128.0,48.0,3,0.0355059836874716,-464.615534,1,-464.6510399836875
129.0,48.0,1,81.65545520978048,,0,
130.0,48.0,1,157.14781027671415,,0,
131.0,48.0,1,214.36899539921433,,0,
132.0,48.0,1,241.85084580117837,713.355803,1,471.50495719882167
133.0,48.0,1,223.75267819617875,,0,
134.0,48.0,1,171.96036268072203,,0,
135.0,48.0,1,99.86608632584102,,0,
136.0,48.0,1,18.16618191759335,233.721778,1,215.55559608240665
137.0,48.0,1,-62.058001165278256,,0,
138.0,48.0,1,-132.12194354878739,,0,
139.0,48.0,1,-189.4537576683797,,0,
140.0,48.0,1,-234.0668329623295,-573.487191,1,-339.42035803767055
141.0,48.0,1,-266.496627994813,,0,
142.0,48.0,1,-288.2245891611092,,0,
143.0,48.0,1,-301.4778746891534,,0,
144.0,48.0,1,-309.3873043063213,-213.19792,1,96.1893843063213
145.0,48.0,1,-316.17007742007263,,0,
146.0,48.0,1,-320.28335231286474,,0,
147.0,48.0,1,-320.5662197084166,,0,
148.0,48.0,1,-315.99602319765836,-399.665976,1,-83.66995280234164
149.0,48.0,1,-304.36901642149314,,0,
150.0,48.0,1,-283.62414835300297,,0,
151.0,48.0,1,-253.77820636320394,,0,
152.0,48.0,1,-218.51482357480563,-466.972014,1,-248.45719042519437
153.0,48.0,1,-183.9908465980552,,0,
154.0,48.0,1,-156.04130448243814,,0,
155.0,48.0,1,-138.82419503922574,,0,
156.0,48.0,1,-135.49868736532517,108.647152,1,244.14583936532517
157.0,48.0,1,-151.7219308402855,,0,
158.0,48.0,1,-178.95444645453244,,0,
159.0,48.0,1,-206.72404389816802,,0,
160.0,48.0,1,-226.2617802156601,-223.552578,1,2.709202215660099
161.0,48.0,2,-231.56484365742654,,0,
162.0,48.0,2,-219.26690234290436,,0,
163.0,48.0,2,-189.44887101999484,,0,
164.0,48.0,2,-143.39542188541964,-271.775104,1,-128.37968211458036
165.0,48.0,2,-82.00424983398989,,0,
166.0,48.0,2,-8.13757069897838,,0,
167.0,48.0,2,66.98088437400293,,0,
168.0,48.0,2,132.64325417322107,-54.368912,1,-187.01216617322106
169.0,48.0,2,183.99085954506882,,0,
170.0,48.0,2,219.5174365841085,,0,
171.0,48.0,2,239.89122558571398,,0,
172.0,48.0,2,248.0694008904975,-56.413436,1,-304.4828368904975
173.0,48.0,2,249.32141689234413,,0,
174.0,48.0,2,249.5593027928844,,0,
175.0,48.0,2,252.01977352064569,,0,
176.0,48.0,2,259.11785475804936,49.398508,1,-209.71934675804937
177.0,48.0,2,274.92751989583485,,0,
178.0,48.0,2,291.83398424834013,,0,
179.0,48.0,2,305.53477599984035,,0,
180.0,48.0,2,316.43774684285745,17.846489,1,-298.59125784285743
181.0,48.0,2,330.9413338568993,,0,
182.0,48.0,2,340.89314377028495,,0,
183.0,48.0,2,342.93365787749644,,0,
184.0,48.0,2,336.8897622845834,241.696085,1,-95.1936772845834
185.0,48.0,2,324.82637309096754,,0,
186.0,48.0,2,309.45305862254463,,0,
187.0,48.0,2,290.648245873861,,0,
188.0,48.0,2,268.1669033621438,229.493421,1,-38.67348236214377
189.0,48.0,2,242.9737334388774,,0,
190.0,48.0,2,214.71767248446122,,0,
191.0,48.0,2,184.96205514017493,,0,
192.0,48.0,2,156.3167194664711,0.768177,1,-155.5485424664711
193.0,48.0,2,130.14592234697193,,0,
194.0,48.0,2,109.75277248467319,,0,
195.0,48.0,2,98.96965176612139,,0,
196.0,48.0,2,99.18775645876303,-67.405957,1,-166.59371345876303
197.0,48.0,2,111.20422178972512,,0,
198.0,48.0,2,125.97104724403471,,0,
199.0,48.0,2,135.969663457945,,0,
0.0,49.0,0,422.1936652066652,,0,
1.0,49.0,0,416.31385599728674,,0,
2.0,49.0,0,406.15068444702774,,0,
3.0,49.0,0,391.34747974202037,423.515224,1,32.16774425797962
4.0,49.0,0,372.00098394369707,,0,
5.0,49.0,0,350.05948956275824,,0,
6.0,49.0,0,326.8665742489975,,0,
7.0,49.0,0,303.24713112879544,502.494479,1,199.24734787120457
8.0,49.0,0,279.45441760891117,,0,
9.0,49.0,0,255.2146647577174,,0,
10.0,49.0,0,230.17354652937502,,0,
11.0,49.0,0,202.76252485904843,162.548774,1,-40.21375085904842
12.0,49.0,0,170.1244932913687,,0,
13.0,49.0,0,129.71627826499753,,0,
14.0,49.0,0,82.16646477184258,,0,
15.0,49.0,0,30.200726449955255,-177.537435,1,-207.73816144995524
16.0,49.0,0,-21.74601563322358,,0,
17.0,49.0,0,-69.6525223327335,,0,
18.0,49.0,0,-115.0585035327822,,0,
19.0,49.0,0,-160.43997733853757,-142.062237,1,18.377740338537564
20.0,49.0,0,-207.6514023549389,,0,
21.0,49.0,0,-257.1871508648619,,0,
22.0,49.0,0,-308.31883165147156,,0,
23.0,49.0,0,-357.50791497761384,-448.46085,1,-90.95293502238616
24.0,49.0,0,-399.3131965030916,,0,
25.0,49.0,0,-433.8879744329024,,0,
26.0,49.0,0,-460.8374681738205,,0,
27.0,49.0,0,-479.27229875233024,-515.573388,1,-36.30108924766978
28.0,49.0,0,-488.2022986621596,,0,
29.0,49.0,0,-486.97392825060524,,0,
30.0,49.0,0,-475.8550240935292,,0,
31.0,49.0,0,-455.19361435226165,-374.551051,1,80.64256335226167
32.0,49.0,0,-424.7895047463244,,0,
33.0,49.0,0,-384.70734658278525,,0,
34.0,49.0,0,-337.4541246984154,,0,
35.0,49.0,0,-286.4929938772693,-202.175263,1,84.31773087726933
36.0,49.0,0,-235.83378851297311,,0,
37.0,49.0,0,-189.41001659969334,,0,
38.0,49.0,0,-149.49726829119027,,0,
39.0,49.0,0,-117.62970751337707,-197.46218,1,-79.83247248662292
40.0,49.0,0,-95.1291127827717,,0,
41.0,49.0,0,-82.8176052889321,,0,
42.0,49.0,0,-80.56425202963874,,0,
43.0,49.0,0,-88.22177603607997,-160.901576,1,-72.67979996392003
44.0,49.0,0,-105.42451299191453,,0,
45.0,49.0,0,-131.52068317087833,,0,
46.0,49.0,0,-166.41888155625202,,0,
47.0,49.0,0,-209.1664731251076,-508.590155,1,-299.4236818748924
48.0,49.0,0,-256.89547261141706,,0,
49.0,49.0,0,-306.1460644681938,,0,
50.0,49.0,0,-356.4028025602456,,0,
51.0,49.0,0,-406.8404773660004,-617.469228,1,-210.62875063399963
52.0,49.0,0,-455.0274504281115,,0,
53.0,49.0,0,-497.8149774100166,,0,
54.0,49.0,0,-532.714423844358,,0,
55.0,49.0,0,-555.8287586858496,-715.105944,1,-159.27718531415042
56.0,49.0,0,-560.9063765942119,,0,
57.0,49.0,0,-550.7644041834865,,0,
58.0,49.0,0,-527.4377845809795,,0,
59.0,49.0,0,-493.4448065124452,-477.737957,1,15.706849512445217
60.0,49.0,0,-451.4498807982891,,0,
61.0,49.0,0,-403.6537191954558,,0,
62.0,49.0,0,-352.2887509719003,,0,
63.0,49.0,0,-299.5304479065817,-360.123386,1,-60.5929380934183
64.0,49.0,0,-247.18635295407148,,0,
65.0,49.0,0,-196.33455862448318,,0,
66.0,49.0,0,-146.91855743783526,,0,
67.0,49.0,0,-98.1882849119138,-103.126666,1,-4.938381088086203
68.0,49.0,0,-49.134760285844095,,0,
69.0,49.0,0,0.652364878100343,,0,
70.0,49.0,3,50.86681382765528,,0,
71.0,49.0,3,100.42687370115891,86.808738,1,-13.618135701158906
72.0,49.0,3,147.68182153842645,,0,
73.0,49.0,3,189.65891948339413,,0,
74.0,49.0,3,223.04527400422376,,0,
75.0,49.0,3,243.09504592465237,634.981284,1,391.8862380753476
76.0,49.0,3,242.17363917958573,,0,
77.0,49.0,3,235.23590400646208,,0,
78.0,49.0,3,231.3726744694868,,0,
79.0,49.0,3,234.2854694131529,107.833507,1,-126.4519624131529
80.0,49.0,3,245.05204941055854,,0,
81.0,49.0,3,262.3318523633352,,0,
82.0,49.0,3,280.2798173876945,,0,
83.0,49.0,3,291.4970321264118,406.479964,1,114.9829318735882
84.0,49.0,3,288.4785896174435,,0,
85.0,49.0,3,272.0120951272838,,0,
86.0,49.0,3,244.01484887534752,,0,
87.0,49.0,3,208.3885393741075,129.148498,1,-79.2400413741075
88.0,49.0,3,171.2480096941581,,0,
89.0,49.0,3,134.84210252642515,,0,
90.0,49.0,3,102.52324146346655,,0,
91.0,49.0,3,78.38650235475507,-170.015163,1,-248.40166535475507
92.0,49.0,3,66.97011906877742,,0,
93.0,49.0,3,71.10812224680558,,0,
94.0,49.0,3,86.68109557279968,,0,
95.0,49.0,3,104.62496977706905,60.23371,1,-44.39125977706905
96.0,49.0,3,113.08939101561555,,0,
97.0,49.0,3,101.11663282322115,,0,
98.0,49.0,3,66.38221300719306,,0,
99.0,49.0,3,10.991317821957637,178.803527,1,167.81220917804237
100.0,49.0,3,-63.15221213133191,,0,
101.0,49.0,3,-144.28070908843074,,0,
102.0,49.0,3,-222.5352423919685,,0,
103.0,49.0,3,-289.6437675385969,-393.136975,1,-103.49320746140313
104.0,49.0,3,-338.41238307463937,,0,
105.0,49.0,3,-369.20293685491197,,0,
106.0,49.0,3,-382.4161466283258,,0,
107.0,49.0,3,-378.728986016009,-370.906589,1,7.822397016009006
108.0,49.0,3,-358.6353937560925,,0,
109.0,49.0,3,-322.9044956092257,,0,
110.0,49.0,3,-275.2621081871039,,0,
111.0,49.0,3,-222.03823585028294,-276.207346,1,-54.16911014971703
112.0,49.0,3,-170.98178345235647,,0,
113.0,49.0,3,-129.79531578172464,,0,
114.0,49.0,3,-103.30467011482688,,0,
115.0,49.0,3,-93.46578484846395,55.881303,1,149.34708784846396
116.0,49.0,3,-101.68194860004587,,0,
117.0,49.0,3,-120.03151393297594,,0,
118.0,49.0,3,-142.0787551140529,,0,
119.0,49.0,3,-162.3066761890659,-344.498598,1,-182.1919218109341
120.0,49.0,3,-174.56324928629328,,0,
121.0,49.0,3,-183.7275436600903,,0,
122.0,49.0,3,-191.87903940977412,,0,
123.0,49.0,3,-197.26344812259777,-358.732362,1,-161.46891387740226
124.0,49.0,3,-195.02972636953928,,0,
125.0,49.0,3,-179.83790974802105,,0,
126.0,49.0,3,-150.24788955284748,,0,
127.0,49.0,3,-102.08755055826623,-651.737136,1,-549.6495854417337
128.0,49.0,3,-24.735712121764664,,0,
129.0,49.0,1,61.137182191130705,,0,
130.0,49.0,1,140.78065654548118,,0,
131.0,49.0,1,202.9181985311443,67.635811,1,-135.2823875311443
132.0,49.0,1,236.1529832428787,,0,
133.0,49.0,1,232.22638064419152,,0,
134.0,49.0,1,197.12316344771534,,0,
135.0,49.0,1,140.8620029533049,289.695138,1,148.83313504669508
136.0,49.0,1,70.20909797458444,,0,
137.0,49.0,1,-2.2206981086637825,,0,
138.0,49.0,1,-68.48797036730684,,0,
139.0,49.0,1,-125.23343904898502,-87.683001,1,37.550438048985015
140.0,49.0,1,-172.23538593878038,,0,
141.0,49.0,1,-208.75559088110458,,0,
142.0,49.0,1,-235.5454940147465,,0,
143.0,49.0,1,-254.3818125918042,-151.75652,1,102.6252925918042
144.0,49.0,1,-267.8916235094075,,0,
145.0,49.0,1,-278.43108883313835,,0,
146.0,49.0,1,-285.68092596071074,,0,
147.0,49.0,1,-288.8823227561079,-235.641523,1,53.24079975610789
148.0,49.0,1,-288.1662603537552,,0,
149.0,49.0,1,-281.0273104237858,,0,
150.0,49.0,1,-266.2479536945466,,0,
151.0,49.0,1,-244.23998339637183,-281.646391,1,-37.40640760362817
152.0,49.0,1,-216.99631741654593,,0,
153.0,49.0,1,-189.7797628324479,,0,
154.0,49.0,1,-167.44527963874862,,0,
155.0,49.0,1,-154.00296339625493,-335.689805,1,-181.68684160374505
156.0,49.0,1,-153.3107882377226,,0,
157.0,49.0,1,-167.4964226729935,,0,
158.0,49.0,1,-191.1539869075641,,0,
159.0,49.0,1,-216.11092110117897,-464.410883,1,-248.29996189882104
160.0,49.0,1,-235.15925469552167,,0,
161.0,49.0,2,-242.97551550110802,,0,
162.0,49.0,2,-236.4189344322076,,0,
163.0,49.0,2,-214.48672159621492,-225.233354,1,-10.746632403785071
164.0,49.0,2,-177.36690111085773,,0,
165.0,49.0,2,-126.64746681507677,,0,
166.0,49.0,2,-66.10944843757898,,0,
167.0,49.0,2,-3.4348955404711887,77.38673,1,80.82162554047119
168.0,49.0,2,52.02774025069084,,0,
169.0,49.0,2,97.26965264743194,,0,
170.0,49.0,2,130.70673756569158,,0,
171.0,49.0,2,152.45209204033017,-121.15814,1,-273.6102320403302
172.0,49.0,2,164.498205100419,,0,
173.0,49.0,2,170.33704760251567,,0,
174.0,49.0,2,173.79820372257382,,0,
175.0,49.0,2,177.8966416369658,-332.143303,1,-510.0399446369658
176.0,49.0,2,185.4506875750376,,0,
177.0,49.0,2,198.0388276563026,,0,
178.0,49.0,2,212.10171670943964,,0,
179.0,49.0,2,224.59618850797415,-302.773351,1,-527.3695395079742
180.0,49.0,2,236.32871249271557,,0,
181.0,49.0,2,249.17718688212335,,0,
182.0,49.0,2,259.16393878799863,,0,
183.0,49.0,2,262.7642362276092,-152.121354,1,-414.8855902276092
184.0,49.0,2,259.2990555004217,,0,
185.0,49.0,2,249.81252969894558,,0,
186.0,49.0,2,235.68777838395908,,0,
187.0,49.0,2,217.4896869538352,-41.007676,1,-258.4973629538352
188.0,49.0,2,195.62503479165025,,0,
189.0,49.0,2,170.82678256509826,,0,
190.0,49.0,2,143.69771153712645,,0,
191.0,49.0,2,116.43738642148674,-20.843439,1,-137.28082542148672
192.0,49.0,2,94.14343832759187,,0,
193.0,49.0,2,75.71590919187292,,0,
194.0,49.0,2,62.740437442902476,,0,
195.0,49.0,2,57.59910651203245,-274.330593,1,-331.92969951203247
196.0,49.0,2,61.96191798476502,,0,
197.0,49.0,2,75.36136565171182,,0,
198.0,49.0,2,92.25607083365321,,0,
199.0,49.0,2,105.48776045860723,304.586849,1,199.09908854139275
