x,y,cluster,trend,value,set,residual
0.0,0.0,0,540.0348825209658,474.224075,1,-65.81080752096574
1.0,0.0,0,542.5936117764213,,0,
2.0,0.0,0,542.9189015058801,,0,
3.0,0.0,0,538.385096644517,,0,
4.0,0.0,0,526.8691977795679,634.226889,1,107.35769122043212
5.0,0.0,0,506.1591805604985,,0,
6.0,0.0,0,473.82907491736114,,0,
7.0,0.0,0,428.0664015156217,,0,
8.0,0.0,0,367.8582491966663,543.684405,1,175.82615580333368
9.0,0.0,0,291.1866066826042,,0,
10.0,0.0,0,206.04565720818937,,0,
11.0,0.0,0,118.67328166402876,,0,
12.0,0.0,0,34.24362028634641,-36.874397,1,-71.11801728634642
13.0,0.0,0,-42.930490005295724,,0,
14.0,0.0,0,-109.45035124197602,,0,
15.0,0.0,0,-162.5335515306797,,0,
16.0,0.0,0,-201.08510650030803,-295.860241,1,-94.77513449969194
17.0,0.0,0,-229.01396374337492,,0,
18.0,0.0,0,-250.7142256088555,,0,
19.0,0.0,0,-269.4849408152513,,0,
20.0,0.0,0,-288.63157532177866,-179.250285,1,109.38129032177866
21.0,0.0,0,-312.2055091345683,,0,
22.0,0.0,0,-337.69727444881573,,0,
23.0,0.0,0,-363.3210857450031,,0,
24.0,0.0,0,-387.4109029097599,-512.422377,1,-125.01147409024009
25.0,0.0,0,-408.2657319998834,,0,
26.0,0.0,0,-424.47065780567937,,0,
27.0,0.0,0,-434.9504220127128,,0,
28.0,0.0,0,-438.8307925410336,-450.253056,1,-11.422263458966427
29.0,0.0,0,-435.3268271283014,,0,
30.0,0.0,0,-424.61614044581074,,0,
31.0,0.0,0,-407.5340773030184,,0,
32.0,0.0,0,-385.93865366477985,-306.832567,1,79.10608666477987
33.0,0.0,0,-362.3015361733851,,0,
34.0,0.0,0,-340.0784343879204,,0,
35.0,0.0,0,-324.19935657759197,,0,
36.0,0.0,0,-319.3727595289238,-269.85286,1,49.51989952892376
37.0,0.0,0,-326.2370503913844,,0,
38.0,0.0,0,-344.1599127075169,,0,
39.0,0.0,0,-372.54368298733607,,0,
40.0,0.0,0,-411.34790441265795,-277.807808,1,133.54009641265793
41.0,0.0,0,-461.85451675904915,,0,
42.0,0.0,0,-517.82787966053,,0,
43.0,0.0,0,-575.1801220423076,,0,
44.0,0.0,0,-631.6806780444458,-448.97593,1,182.7047480444458
45.0,0.0,0,-685.0098019309808,,0,
46.0,0.0,0,-732.3477700015064,,0,
47.0,0.0,0,-771.4796838667244,,0,
48.0,0.0,0,-801.7499828261789,-834.016074,1,-32.26609117382111
49.0,0.0,0,-822.7366435759468,,0,
50.0,0.0,0,-835.2219198395032,,0,
51.0,0.0,0,-838.858458755305,,0,
52.0,0.0,0,-833.32979832805,-792.819358,1,40.51044032804998
53.0,0.0,0,-820.3726688144961,,0,
54.0,0.0,0,-802.2514701733598,,0,
55.0,0.0,0,-780.3507499889238,,0,
56.0,0.0,0,-754.4247718461847,-767.857072,1,-13.432300153815277
57.0,0.0,0,-723.0142386630177,,0,
58.0,0.0,0,-684.9522848110646,,0,
59.0,0.0,0,-639.0633499962278,,0,
60.0,0.0,0,-585.3373216235195,-570.530454,1,14.806867623519565
61.0,0.0,0,-525.4859482327593,,0,
62.0,0.0,0,-461.10875655250857,,0,
63.0,0.0,0,-393.04875433654524,,0,
64.0,0.0,0,-320.97922802343965,-440.568104,1,-119.58887597656036
65.0,0.0,0,-242.6760026535194,,0,
66.0,0.0,0,-161.5843437173171,,0,
67.0,0.0,0,-78.44960003590677,,0,
68.0,0.0,0,7.9803992719971575,-81.994134,1,-89.97453327199716
69.0,0.0,0,99.96763928432483,,0,
70.0,0.0,0,193.99702251673443,,0,
71.0,0.0,0,286.59739118395373,,0,
72.0,0.0,0,373.0762018704554,410.148254,1,37.0720521295446
73.0,0.0,0,445.568563177716,,0,
74.0,0.0,0,495.28350879542995,,0,
75.0,0.0,0,512.6379692964256,,0,
76.0,0.0,0,491.3850321491482,727.386687,1,236.00165485085188
77.0,0.0,0,439.553663458908,,0,
78.0,0.0,0,367.8227288230555,,0,
79.0,0.0,0,284.9160374061903,,0,
80.0,0.0,0,198.18805895117112,37.125652,1,-161.0624069511711
81.0,0.0,0,112.7041514852317,,0,
82.0,0.0,0,31.807653482304886,,0,
83.0,0.0,0,-42.744602817751,,0,
84.0,0.0,0,-111.06215929723112,8.115114,1,119.17727329723112
85.0,0.0,0,-175.19315824250225,,0,
86.0,0.0,0,-230.7505981681752,,0,
87.0,0.0,0,-274.96645288099535,,0,
88.0,0.0,0,-307.2697367873625,-372.073892,1,-64.80415521263751
89.0,0.0,0,-330.1901813277509,,0,
90.0,0.0,0,-346.55803755065426,,0,
91.0,0.0,0,-358.2963486823719,,0,
92.0,0.0,0,-366.27562879840843,-351.902892,1,14.372736798408425
93.0,0.0,0,-370.4830325722578,,0,
94.0,0.0,0,-371.0873328503221,,0,
95.0,0.0,0,-368.6350838622311,,0,
96.0,0.0,0,-364.1564043004764,-258.137721,1,106.01868330047643
97.0,0.0,0,-359.79126180091407,,0,
98.0,0.0,0,-357.22022889746586,,0,
99.0,0.0,0,-357.1301937169774,,0,
100.0,0.0,0,-360.2643773141608,-252.379389,1,107.88498831416081
101.0,0.0,0,-368.6981110132183,,0,
102.0,0.0,0,-379.1415426211606,,0,
103.0,0.0,0,-390.2465193110984,,0,
104.0,0.0,0,-401.47558315237984,-418.693301,1,-17.21771784762018
105.0,0.0,0,-411.97288579004817,,0,
106.0,0.0,0,-421.37329447834054,,0,
107.0,0.0,0,-428.2207408697577,,0,
108.0,0.0,0,-430.42136531864526,-509.47614,1,-79.05477468135473
109.0,0.0,0,-427.29819760855753,,0,
110.0,0.0,0,-419.0817043482093,,0,
111.0,0.0,0,-406.5915319136111,,0,
112.0,0.0,0,-391.03116195934126,-149.963232,1,241.06792995934126
113.0,0.0,0,-373.45628717483487,,0,
114.0,0.0,0,-354.5908739438746,,0,
115.0,0.0,0,-335.0998965505278,,0,
116.0,0.0,0,-315.5018084780313,-162.879975,1,152.6218334780313
117.0,0.0,0,-295.0401078830473,,0,
118.0,0.0,0,-273.91008527518716,,0,
119.0,0.0,0,-254.07266473956406,,0,
120.0,0.0,0,-239.50875142327277,-40.037057,1,199.47169442327277
121.0,0.0,0,-236.43411625619046,,0,
122.0,0.0,0,-239.11527863814263,,0,
123.0,0.0,0,-242.81656717520673,,0,
124.0,0.0,0,-242.18388427770697,-467.913713,1,-225.729828722293
125.0,0.0,0,-229.72460138367023,,0,
126.0,0.0,0,-210.78641417913605,,0,
127.0,0.0,0,-187.47653032606468,,0,
128.0,0.0,0,-160.78730752808042,-536.922796,1,-376.13548847191953
129.0,0.0,0,-135.12657523574308,,0,
130.0,0.0,0,-113.40031308057951,,0,
131.0,0.0,0,-94.60287023812998,,0,
132.0,0.0,0,-76.54833551624324,-100.3713,1,-23.822964483756763
133.0,0.0,0,-61.04529401345644,,0,
134.0,0.0,0,-50.1328422552906,,0,
135.0,0.0,0,-44.89385133842006,,0,
136.0,0.0,0,-47.45894402102567,194.130635,1,241.58957902102568
137.0,0.0,0,-62.693310003960505,,0,
138.0,0.0,0,-82.15754513879074,,0,
139.0,0.0,0,-100.4809100618586,,0,
140.0,0.0,0,-114.46856721944641,-80.460222,1,34.00834521944641
141.0,0.0,0,-122.51948526408523,,0,
142.0,0.0,0,-122.72779597702902,,0,
143.0,0.0,0,-115.568893564865,,0,
144.0,0.0,0,-104.2263669729,54.862272,1,159.0886389729
145.0,0.0,0,-95.11491991416551,,0,
146.0,0.0,0,-87.69947410665918,,0,
147.0,0.0,0,-85.81066398182884,,0,
148.0,0.0,0,-94.85764664993621,-192.881905,1,-98.02425835006377
149.0,0.0,0,-116.559866233496,,0,
150.0,0.0,0,-151.11396579013672,,0,
151.0,0.0,0,-197.6390128794592,,0,
152.0,0.0,0,-253.6534291334683,-154.18491,1,99.4685191334683
153.0,0.0,0,-315.18128142971545,,0,
154.0,0.0,0,-377.17008100950625,,0,
155.0,0.0,0,-434.4457201831974,,0,
156.0,0.0,0,-483.15194639749825,-425.328445,1,57.82350139749826
157.0,0.0,0,-521.3188632223755,,0,
158.0,0.0,0,-547.4573308615945,,0,
159.0,0.0,0,-560.9267155453563,,0,
160.0,0.0,0,-563.3462673666654,-445.432528,1,117.91373936666542
161.0,0.0,0,-558.7039948715828,,0,
162.0,0.0,0,-544.8790429140208,,0,
163.0,0.0,0,-521.770641578827,,0,
164.0,0.0,0,-490.5869479703251,-462.833688,1,27.753259970325132
165.0,0.0,0,-452.3668159265071,,0,
166.0,0.0,0,-409.14560934365727,,0,
167.0,0.0,0,-364.8038312376011,,0,
168.0,0.0,0,-325.8208613577299,-78.945016,1,246.87584535772987
169.0,0.0,0,-301.95553090563044,,0,
170.0,0.0,0,-289.4606966456631,,0,
171.0,0.0,0,-287.99421465955675,,0,
172.0,0.0,0,-300.97397064743564,36.804026,1,337.77799664743566
173.0,0.0,0,-335.98037542472593,,0,
174.0,0.0,0,-381.88090818119235,,0,
175.0,0.0,0,-431.5693206237629,,0,
176.0,0.0,0,-479.5516591540072,-592.861293,1,-113.30963384599283
177.0,0.0,0,-519.504080502782,,0,
178.0,0.0,0,-551.548453233554,,0,
179.0,0.0,0,-574.0325220287777,,0,
180.0,0.0,0,-585.1457686601207,-762.878067,1,-177.73229833987932
181.0,0.0,0,-587.1582471779548,,0,
182.0,0.0,0,-581.9362284864765,,0,
183.0,0.0,0,-570.184462363366,,0,
184.0,0.0,0,-553.6776511142962,-394.644113,1,159.03353811429616
185.0,0.0,0,-535.8453229600564,,0,
186.0,0.0,0,-519.6507769831223,,0,
187.0,0.0,0,-506.26449678326026,,0,
188.0,0.0,0,-494.3563875432592,-458.894877,1,35.46151054325918
189.0,0.0,0,-480.87989633670077,,0,
190.0,0.0,0,-462.6281467524823,,0,
191.0,0.0,0,-437.8346877191216,,0,
192.0,0.0,0,-406.9248564741574,-159.284279,1,247.64057747415742
193.0,0.0,0,-370.50025570904836,,0,
194.0,0.0,0,-328.7517976372037,,0,
195.0,0.0,0,-281.81505552865565,,0,
196.0,0.0,0,-229.9723401099909,-277.883277,1,-47.91093689000911
197.0,0.0,0,-173.47833819733933,,0,
198.0,0.0,0,-116.40654519340023,,0,
199.0,0.0,0,-64.29788888804615,,0,
0.0,1.0,0,527.5698421453126,,0,
1.0,1.0,0,532.2780322476756,,0,
2.0,1.0,0,534.8487850641832,,0,
3.0,1.0,0,532.5070355394855,621.134468,1,88.62743246051446
4.0,1.0,0,523.1354056685232,,0,
5.0,1.0,0,504.3467302706558,,0,
6.0,1.0,0,472.70660943863913,,0,
7.0,1.0,0,425.00229298789054,682.988364,1,257.9860710121095
8.0,1.0,0,361.47227506223135,,0,
9.0,1.0,0,283.4460149445222,,0,
10.0,1.0,0,196.16770917363465,,0,
11.0,1.0,0,106.02115134103224,93.67507,1,-12.346081341032232
12.0,1.0,0,19.0921594084939,,0,
13.0,1.0,0,-59.56040027330164,,0,
14.0,1.0,0,-126.09142420929857,,0,
15.0,1.0,0,-178.3120918176137,-363.506878,1,-185.19478618238628
16.0,1.0,0,-213.29965081071714,,0,
17.0,1.0,0,-238.33882489579264,,0,
18.0,1.0,0,-258.1666222270578,,0,
19.0,1.0,0,-276.06687054783106,-245.055466,1,31.011404547831063
20.0,1.0,0,-295.29333721322473,,0,
21.0,1.0,0,-318.168574522133,,0,
22.0,1.0,0,-343.84391258493997,,0,
23.0,1.0,0,-370.60482580121607,-368.544611,1,2.060214801216091
24.0,1.0,0,-396.14387766621076,,0,
25.0,1.0,0,-418.19711057958193,,0,
26.0,1.0,0,-435.1220331785735,,0,
27.0,1.0,0,-445.7782903807238,-494.400102,1,-48.62181161927623
28.0,1.0,0,-449.24196851742454,,0,
29.0,1.0,0,-444.7540885343915,,0,
30.0,1.0,0,-431.91383951879106,,0,
31.0,1.0,0,-411.0804118097294,-395.289621,1,15.790790809729401
32.0,1.0,0,-384.6513523457106,,0,
33.0,1.0,0,-355.0806197724305,,0,
34.0,1.0,0,-325.9681102372706,,0,
35.0,1.0,0,-303.02132142614573,-157.078666,1,145.94265542614573
36.0,1.0,0,-294.06532474950654,,0,
37.0,1.0,0,-298.2632889037486,,0,
38.0,1.0,0,-315.1631365106441,,0,
39.0,1.0,0,-343.98563729343005,-453.353661,1,-109.36802370656994
40.0,1.0,0,-384.21408980328124,,0,
41.0,1.0,0,-434.8510047766904,,0,
42.0,1.0,0,-491.13379674963653,,0,
43.0,1.0,0,-548.3665661036503,-530.259884,1,18.1066821036502
44.0,1.0,0,-605.412563232414,,0,
45.0,1.0,0,-660.1704498510808,,0,
46.0,1.0,0,-708.9186581007671,,0,
47.0,1.0,0,-748.0184133951552,-902.332336,1,-154.31392260484483
48.0,1.0,0,-778.0864633543533,,0,
49.0,1.0,0,-799.9805749439402,,0,
50.0,1.0,0,-813.8128154000733,,0,
51.0,1.0,0,-818.6903575197794,-887.283703,1,-68.59334548022059
52.0,1.0,0,-812.892449667037,,0,
53.0,1.0,0,-799.1924591193674,,0,
54.0,1.0,0,-780.6104037758778,,0,
55.0,1.0,0,-759.5423180537764,-807.936082,1,-48.39376394622366
56.0,1.0,0,-735.286503336305,,0,
57.0,1.0,0,-706.2069770984526,,0,
58.0,1.0,0,-670.4158383992035,,0,
59.0,1.0,0,-625.8676851887722,-677.388051,1,-51.52036581122786
60.0,1.0,0,-572.4495710034389,,0,
61.0,1.0,0,-513.0872807997512,,0,
62.0,1.0,0,-449.3467593541136,,0,
63.0,1.0,0,-381.9079213682562,-538.058448,1,-156.1505266317438
64.0,1.0,0,-310.66971931571607,,0,
65.0,1.0,0,-235.6732057010522,,0,
66.0,1.0,0,-158.6488671102561,,0,
67.0,1.0,0,-79.35651050484739,-193.617908,1,-114.26139749515261
68.0,1.0,0,4.412737822101917,,0,
69.0,1.0,0,94.30333910498302,,0,
70.0,1.0,0,188.53558565780986,,0,
71.0,1.0,0,283.58843040675856,201.262991,1,-82.32543940675856
72.0,1.0,0,375.1134839061997,,0,
73.0,1.0,0,452.4088212630013,,0,
74.0,1.0,0,505.4982977104373,,0,
75.0,1.0,0,524.5276559871854,1039.674493,1,515.1468370128146
76.0,1.0,0,495.8200843818486,,0,
77.0,1.0,0,435.40479848883115,,0,
78.0,1.0,0,354.63233075325843,,0,
79.0,1.0,0,262.8077292077942,221.533581,1,-41.274148207794184
80.0,1.0,0,168.78061538917245,,0,
81.0,1.0,0,77.76494479988469,,0,
82.0,1.0,0,-6.582404460059479,,0,
83.0,1.0,0,-82.95447330502793,-141.565533,1,-58.611059694972056
84.0,1.0,0,-151.95015233755112,,0,
85.0,1.0,0,-214.21184407093097,,0,
86.0,1.0,0,-267.2904950066877,,0,
87.0,1.0,0,-308.2398831851315,-401.30109,1,-93.06120681486851
88.0,1.0,0,-335.81750557388295,,0,
89.0,1.0,0,-354.47102076135343,,0,
90.0,1.0,0,-367.38449300883804,,0,
91.0,1.0,0,-376.6774411541992,-355.511471,1,21.165970154199215
92.0,1.0,0,-382.8804329430859,,0,
93.0,1.0,0,-385.07565562590025,,0,
94.0,1.0,0,-383.37182934812154,,0,
95.0,1.0,0,-378.7175571938278,-428.033593,1,-49.31603580617218
96.0,1.0,0,-372.01157070236513,,0,
97.0,1.0,0,-366.80159553152043,,0,
98.0,1.0,0,-365.1433123566676,,0,
99.0,1.0,0,-367.2909429190331,-261.165633,1,106.1253099190331
100.0,1.0,0,-373.0803384478786,,0,
101.0,1.0,0,-382.2672970913118,,0,
102.0,1.0,0,-393.1353991161741,,0,
103.0,1.0,0,-405.04454830661416,-471.260221,1,-66.21567269338584
104.0,1.0,0,-417.95173051650636,,0,
105.0,1.0,0,-431.27895854227245,,0,
106.0,1.0,0,-444.363699309004,,0,
107.0,1.0,0,-455.6588531137095,-511.931728,1,-56.27287488629054
108.0,1.0,0,-461.2590415776358,,0,
109.0,1.0,0,-460.59063092886936,,0,
110.0,1.0,0,-453.73792734352173,,0,
111.0,1.0,0,-441.865253341035,-435.581146,1,6.284107341034996
112.0,1.0,0,-426.77801005973015,,0,
113.0,1.0,0,-409.8614628119394,,0,
114.0,1.0,0,-391.77642719302094,,0,
115.0,1.0,0,-372.3910923572257,-288.599181,1,83.79191135722573
116.0,1.0,0,-352.6946991230361,,0,
117.0,1.0,0,-330.4566241208231,,0,
118.0,1.0,0,-306.1566881118342,,0,
119.0,1.0,0,-282.60152651940007,-207.56239,1,75.03913651940007
120.0,1.0,0,-264.3828080727253,,0,
121.0,1.0,0,-255.3225915551884,,0,
122.0,1.0,0,-252.90923982963432,,0,
123.0,1.0,0,-251.73370800865814,-437.307612,1,-185.57390399134187
124.0,1.0,0,-245.70243669580668,,0,
125.0,1.0,0,-230.49219861836173,,0,
126.0,1.0,0,-208.38092915847665,,0,
127.0,1.0,0,-181.96325693407562,-369.46331,1,-187.50005306592436
128.0,1.0,0,-150.47615255508572,,0,
129.0,1.0,0,-122.38877731538378,,0,
130.0,1.0,0,-101.41503122047288,,0,
131.0,1.0,0,-85.8493595526088,-276.961617,1,-191.1122574473912
132.0,1.0,0,-69.90143747092225,,0,
133.0,1.0,0,-57.94679433829151,,0,
134.0,1.0,0,-51.9471408482641,,0,
135.0,1.0,0,-52.65704365284182,154.75282,1,207.40986365284184
136.0,1.0,0,-61.64602234319318,,0,
137.0,1.0,0,-79.8554198006168,,0,
138.0,1.0,0,-102.45773026556708,,0,
139.0,1.0,0,-124.08730714954436,-42.485272,1,81.60203514954435
140.0,1.0,0,-140.8324917894788,,0,
141.0,1.0,0,-149.7908567832783,,0,
142.0,1.0,0,-149.1730148824863,,0,
143.0,1.0,0,-139.91276195424143,-24.745336,1,115.16742595424142
144.0,1.0,0,-125.23631701269187,,0,
145.0,1.0,0,-108.70112374098971,,0,
146.0,1.0,0,-92.0744141418254,,0,
147.0,1.0,0,-80.40750425239094,75.052743,1,155.46024725239096
148.0,1.0,0,-82.7077353928471,,0,
149.0,1.0,0,-99.72485963790677,,0,
150.0,1.0,0,-132.76742303348146,,0,
151.0,1.0,0,-181.13217135402374,-178.126555,1,3.0056163540237435
152.0,1.0,0,-241.92951283976436,,0,
153.0,1.0,0,-310.5431210657116,,0,
154.0,1.0,0,-380.7239966748748,,0,
155.0,1.0,0,-445.7539780763909,-491.2417,1,-45.48772192360906
156.0,1.0,0,-501.32101429393515,,0,
157.0,1.0,0,-546.1961302028503,,0,
158.0,1.0,0,-578.203202706296,,0,
159.0,1.0,0,-595.8383057690226,-584.719363,1,11.11894276902251
160.0,1.0,0,-601.18078540836,,0,
161.0,1.0,0,-596.8845685566776,,0,
162.0,1.0,0,-582.6054178741178,,0,
163.0,1.0,0,-558.1894099221099,-515.243739,1,42.94567092210991
164.0,1.0,0,-525.5495825784747,,0,
165.0,1.0,0,-484.86205060826614,,0,
166.0,1.0,0,-438.0235860927496,,0,
167.0,1.0,0,-389.67406011535786,-389.302605,1,0.3714551153578327
168.0,1.0,0,-346.86355441017076,,0,
169.0,1.0,0,-316.0305466861464,,0,
170.0,1.0,0,-297.5464712771354,,0,
171.0,1.0,0,-291.6621811159421,-96.352554,1,195.30962711594208
172.0,1.0,0,-301.4606556240469,,0,
173.0,1.0,0,-329.02083061798476,,0,
174.0,1.0,0,-368.0124953899067,,0,
175.0,1.0,0,-411.65041641378775,-600.402824,1,-188.75240758621226
176.0,1.0,0,-454.48387387918774,,0,
177.0,1.0,0,-491.55696562258527,,0,
178.0,1.0,0,-521.1588600703981,,0,
179.0,1.0,0,-542.1630776855163,-741.947155,1,-199.78407731448362
180.0,1.0,0,-550.5201651863754,,0,
181.0,1.0,0,-551.6717813452706,,0,
182.0,1.0,0,-546.7374572753906,,0,
183.0,1.0,0,-534.8724629278295,-588.105178,1,-53.23271507217055
184.0,1.0,0,-517.9579223464243,,0,
185.0,1.0,0,-500.8059513163753,,0,
186.0,1.0,0,-486.85762149689253,,0,
187.0,1.0,0,-477.98116798792034,-465.661749,1,12.319418987920358
188.0,1.0,0,-471.67888285801746,,0,
189.0,1.0,0,-463.5804547998123,,0,
190.0,1.0,0,-449.17946391087025,,0,
191.0,1.0,0,-425.36219379492104,-393.093982,1,32.26821179492106
192.0,1.0,0,-394.5008509082254,,0,
193.0,1.0,0,-357.88591731293127,,0,
194.0,1.0,0,-315.7061764159007,,0,
195.0,1.0,0,-267.6868799170479,-352.384509,1,-84.69762908295206
196.0,1.0,0,-214.34673015587032,,0,
197.0,1.0,0,-156.20715154940262,,0,
198.0,1.0,0,-96.12173831206746,,0,
199.0,1.0,0,-40.71054286882281,140.971135,1,181.68167786882282
0.0,2.0,0,511.01768152893055,,0,
1.0,2.0,0,517.7042119193356,,0,
2.0,2.0,0,521.9356539133005,536.032161,1,14.09650708669949
3.0,2.0,0,521.073086802382,,0,
4.0,2.0,0,513.1671059505315,,0,
5.0,2.0,0,495.7106535306666,,0,
6.0,2.0,0,465.01825606636703,636.819659,1,171.80140293363297
7.0,2.0,0,415.37110744416714,,0,
8.0,2.0,0,350.6124828598695,,0,
9.0,2.0,0,273.17843835114036,,0,
10.0,2.0,0,186.36814653966576,304.749845,1,118.38169846033423
11.0,2.0,0,96.04545527836308,,0,
12.0,2.0,0,8.503263225662522,,0,
13.0,2.0,0,-69.7321919768583,,0,
14.0,2.0,0,-132.98952099343296,-339.793805,1,-206.80428400656706
15.0,2.0,0,-180.9523460897617,,0,
16.0,2.0,0,-214.78828364552464,,0,
17.0,2.0,0,-239.25518642523093,,0,
18.0,2.0,0,-259.15481328684837,-268.912459,1,-9.757645713151646
19.0,2.0,0,-277.81233368162066,,0,
20.0,2.0,0,-298.1376276856754,,0,
21.0,2.0,0,-321.54558201902546,,0,
22.0,2.0,0,-347.7751341762487,-308.543502,1,39.231632176248695
23.0,2.0,0,-376.0120774777606,,0,
24.0,2.0,0,-403.0547572755022,,0,
25.0,2.0,0,-426.2706954232417,,0,
26.0,2.0,0,-443.8376180983614,-479.976245,1,-36.13862690163859
27.0,2.0,0,-454.6929417196661,,0,
28.0,2.0,0,-457.9259336278774,,0,
29.0,2.0,0,-452.7569921243703,,0,
30.0,2.0,0,-438.54169340920635,-489.537949,1,-50.99625559079368
31.0,2.0,0,-414.67295409506187,,0,
32.0,2.0,0,-384.0928343620035,,0,
33.0,2.0,0,-349.5699273670325,,0,
34.0,2.0,0,-314.80393461324275,-222.66779,1,92.13614461324275
35.0,2.0,0,-286.3826216303278,,0,
36.0,2.0,0,-270.99796552339103,,0,
37.0,2.0,0,-270.9938686421374,,0,
38.0,2.0,0,-286.2946515585063,-385.471731,1,-99.17707944149367
39.0,2.0,0,-314.86967903911136,,0,
40.0,2.0,0,-354.823696884152,,0,
41.0,2.0,0,-404.15861657157075,,0,
42.0,2.0,0,-459.1132607066538,-571.677697,1,-112.56443629334615
43.0,2.0,0,-514.0837510190904,,0,
44.0,2.0,0,-569.5926984483958,,0,
45.0,2.0,0,-624.0982328148675,,0,
46.0,2.0,0,-673.7605126701528,-866.284542,1,-192.52402932984717
47.0,2.0,0,-711.9671645673225,,0,
48.0,2.0,0,-742.2932719915116,,0,
49.0,2.0,0,-765.7020153837511,,0,
50.0,2.0,0,-781.4922767598182,-796.312948,1,-14.82067124018181
51.0,2.0,0,-787.8684410834685,,0,
52.0,2.0,0,-783.5672547179274,,0,
53.0,2.0,0,-770.2140656199772,,0,
54.0,2.0,0,-751.1539506316185,-642.391992,1,108.76195863161854
55.0,2.0,0,-730.9111811455805,,0,
56.0,2.0,0,-707.6847441803548,,0,
57.0,2.0,0,-680.2976937702624,,0,
58.0,2.0,0,-646.8216785935219,-758.138494,1,-111.3168154064781
59.0,2.0,0,-603.3737103852909,,0,
60.0,2.0,0,-552.0953629363794,,0,
61.0,2.0,0,-494.95984607108403,,0,
62.0,2.0,0,-433.2642956832424,-474.525323,1,-41.261027316757634
63.0,2.0,0,-367.6267047926085,,0,
64.0,2.0,0,-298.6125308451592,,0,
65.0,2.0,0,-227.88388990348903,,0,
66.0,2.0,0,-157.17629610095173,-64.453348,1,92.72294810095173
67.0,2.0,0,-84.02310397382826,,0,
68.0,2.0,0,-5.282208442047704,,0,
69.0,2.0,0,80.79823620896786,,0,
70.0,2.0,0,173.74867305834778,109.882826,1,-63.86584705834778
71.0,2.0,0,270.2965266451938,,0,
72.0,2.0,0,364.05894577800063,,0,
73.0,2.0,0,442.99339947709814,,0,
74.0,2.0,0,493.6081954820547,890.925152,1,397.3169565179453
75.0,2.0,0,507.24382506893016,,0,
76.0,2.0,0,478.65891601651674,,0,
77.0,2.0,0,415.67339561713743,,0,
78.0,2.0,0,329.69029760960257,314.957705,1,-14.732592609602591
79.0,2.0,0,232.01352986355778,,0,
80.0,2.0,0,132.24757463671267,,0,
81.0,2.0,0,37.26147613837384,,0,
82.0,2.0,0,-48.42525012244005,-110.070171,1,-61.644920877559954
83.0,2.0,0,-124.47945783368777,,0,
84.0,2.0,0,-191.52385570306797,,0,
85.0,2.0,0,-249.59442812000634,,0,
86.0,2.0,0,-297.6818595119403,-386.825535,1,-89.14367548805973
87.0,2.0,0,-332.78605677140877,,0,
88.0,2.0,0,-356.5989055588143,,0,
89.0,2.0,0,-372.02590345509816,,0,
90.0,2.0,0,-382.23368083662353,-332.069806,1,50.163874836623506
91.0,2.0,0,-390.086096365907,,0,
92.0,2.0,0,-394.6116946499387,,0,
93.0,2.0,0,-394.56873057433404,,0,
94.0,2.0,0,-389.8508115361328,-465.607626,1,-75.75681446386716
95.0,2.0,0,-382.152383931214,,0,
96.0,2.0,0,-373.7719203226734,,0,
97.0,2.0,0,-368.34006126760505,,0,
98.0,2.0,0,-368.76584800868295,-201.021651,1,167.74419700868296
99.0,2.0,0,-374.3382065299229,,0,
100.0,2.0,0,-383.2413910396863,,0,
101.0,2.0,0,-393.55532335926546,,0,
102.0,2.0,0,-404.12722489074804,-475.231743,1,-71.10451810925196
103.0,2.0,0,-416.4399661561474,,0,
104.0,2.0,0,-431.437278756639,,0,
105.0,2.0,0,-448.2815498660784,,0,
106.0,2.0,0,-465.41087042185245,-398.174171,1,67.23669942185245
107.0,2.0,0,-481.4983528566663,,0,
108.0,2.0,0,-491.95135095820297,,0,
109.0,2.0,0,-494.8506896820618,,0,
110.0,2.0,0,-489.98465247731656,-616.895036,1,-126.91038352268345
111.0,2.0,0,-479.45682700548787,,0,
112.0,2.0,0,-465.60438103962224,,0,
113.0,2.0,0,-450.4769852651516,,0,
114.0,2.0,0,-435.29939517300227,-308.645127,1,126.65426817300227
115.0,2.0,0,-418.0658170293318,,0,
116.0,2.0,0,-397.4364711625967,,0,
117.0,2.0,0,-372.5748094191076,,0,
118.0,2.0,0,-344.4354965875391,-326.686436,1,17.749060587539077
119.0,2.0,0,-316.58301539940294,,0,
120.0,2.0,0,-293.17684091068804,,0,
121.0,2.0,0,-277.25408719456755,,0,
122.0,2.0,0,-268.34780798334396,-319.216001,1,-50.86819301665605
123.0,2.0,0,-260.65921331662685,,0,
124.0,2.0,0,-248.2047413822729,,0,
125.0,2.0,0,-227.8624443114968,,0,
126.0,2.0,0,-200.18357711011777,-184.351821,1,15.831756110117766
127.0,2.0,0,-167.4182989783585,,0,
128.0,2.0,0,-132.4304396157968,,0,
129.0,2.0,0,-102.49725356092677,,0,
130.0,2.0,0,-82.08894711907487,-106.959931,1,-24.870983880925124
131.0,2.0,0,-68.47596764925402,,0,
132.0,2.0,0,-58.07174426247366,,0,
133.0,2.0,0,-52.30524664686527,,0,
134.0,2.0,0,-53.145321742165834,-111.579532,1,-58.43421025783417
135.0,2.0,0,-61.0066472440958,,0,
136.0,2.0,0,-75.9911176871974,,0,
137.0,2.0,0,-97.28563142148778,,0,
138.0,2.0,0,-122.02758948993869,-112.741917,1,9.28567248993869
139.0,2.0,0,-146.14725490938872,,0,
140.0,2.0,0,-165.17554791702423,,0,
141.0,2.0,0,-175.11207712930627,,0,
142.0,2.0,0,-173.4664259821875,-222.124311,1,-48.657885017812504
143.0,2.0,0,-162.59909599716775,,0,
144.0,2.0,0,-145.31574952136725,,0,
145.0,2.0,0,-122.94744492438622,,0,
146.0,2.0,0,-97.8170702890493,-148.884339,1,-51.067268710950714
147.0,2.0,0,-77.58445065328851,,0,
148.0,2.0,0,-70.01401707076002,,0,
149.0,2.0,0,-79.3840828386601,,0,
150.0,2.0,0,-109.2794354306534,-38.13988,1,71.13955543065339
151.0,2.0,0,-158.1940797723364,,0,
152.0,2.0,0,-222.45445469068363,,0,
153.0,2.0,0,-297.0639046789147,,0,
154.0,2.0,0,-374.9720305551309,-497.932693,1,-122.96066244486906
155.0,2.0,0,-446.9148394067306,,0,
156.0,2.0,0,-510.4351406644564,,0,
157.0,2.0,0,-563.166191768134,,0,
158.0,2.0,0,-602.6035435758531,-698.9366,1,-96.33305642414689
159.0,2.0,0,-625.5278062948491,,0,
160.0,2.0,0,-634.6992806375492,,0,
161.0,2.0,0,-632.131379121216,,0,
162.0,2.0,0,-618.5389304048149,-649.31286,1,-30.77392959518511
163.0,2.0,0,-594.0918423247058,,0,
164.0,2.0,0,-560.7268423966598,,0,
165.0,2.0,0,-518.801072686445,,0,
166.0,2.0,0,-469.3995160716586,-450.623618,1,18.77589807165856
167.0,2.0,0,-418.1683213156648,,0,
168.0,2.0,0,-371.727229003096,,0,
169.0,2.0,0,-334.971208083909,,0,
170.0,2.0,0,-310.2063040593639,-308.368042,1,1.838262059363899
171.0,2.0,0,-298.9787199378479,,0,
172.0,2.0,0,-303.01350778667256,,0,
173.0,2.0,0,-321.56089916522615,,0,
174.0,2.0,0,-349.6919528832659,-444.925951,1,-95.23399811673409
175.0,2.0,0,-383.1186082747299,,0,
176.0,2.0,0,-417.77228126931004,,0,
177.0,2.0,0,-448.734059155453,,0,
178.0,2.0,0,-472.0967095887754,-644.477731,1,-172.38102141122454
179.0,2.0,0,-487.9090345543809,,0,
180.0,2.0,0,-495.88355956599116,,0,
181.0,2.0,0,-498.25294796098024,,0,
182.0,2.0,0,-495.87440179125406,-672.883836,1,-177.00943420874592
183.0,2.0,0,-485.4040325768292,,0,
184.0,2.0,0,-471.9672742090188,,0,
185.0,2.0,0,-459.04767433041707,,0,
186.0,2.0,0,-449.44529714772943,-294.835599,1,154.60969814772943
187.0,2.0,0,-446.9347306541167,,0,
188.0,2.0,0,-446.37612259038724,,0,
189.0,2.0,0,-443.54120804183185,,0,
190.0,2.0,0,-433.53593433718197,-613.131666,1,-179.59573166281803
191.0,2.0,0,-410.28982949862257,,0,
192.0,2.0,0,-378.7688434012234,,0,
193.0,2.0,0,-341.4677304257639,,0,
194.0,2.0,0,-298.81978370365687,-365.065836,1,-66.24605229634312
195.0,2.0,0,-249.8318181480281,,0,
196.0,2.0,0,-196.43781272601336,,0,
197.0,2.0,0,-138.53452094784006,,0,
198.0,2.0,0,-77.1991487860214,-260.520963,1,-183.3218142139786
199.0,2.0,0,-21.23502207826823,,0,
0.0,3.0,0,488.4561388682341,,0,
1.0,3.0,0,496.8224267489277,549.012753,1,52.19032625107229
2.0,3.0,0,502.33450725581497,,0,
3.0,3.0,0,503.02888830332085,,0,
4.0,3.0,0,496.21818655042443,,0,
5.0,3.0,0,478.97708886652254,637.964308,1,158.98721913347742
6.0,3.0,0,447.71981074276846,,0,
7.0,3.0,0,399.6716665101703,,0,
8.0,3.0,0,337.01586388103897,,0,
9.0,3.0,0,262.8837111897301,332.979326,1,70.09561481026992
10.0,3.0,0,178.94850345235318,,0,
11.0,3.0,0,91.48825116781518,,0,
12.0,3.0,0,6.4798917905427516,,0,
13.0,3.0,0,-69.68337545788381,-318.828084,1,-249.14470854211618
14.0,3.0,0,-127.85631990851834,,0,
15.0,3.0,0,-172.31076230108738,,0,
16.0,3.0,0,-205.45598466973752,,0,
17.0,3.0,0,-230.69397226627916,-300.926311,1,-70.23233873372084
18.0,3.0,0,-252.0075705004856,,0,
19.0,3.0,0,-272.727834275458,,0,
20.0,3.0,0,-295.33354478655383,,0,
21.0,3.0,0,-320.82241430762224,-283.500679,1,37.32173530762225
22.0,3.0,0,-348.97653074003756,,0,
23.0,3.0,0,-378.6227118282113,,0,
24.0,3.0,0,-407.02824118407443,,0,
25.0,3.0,0,-431.22995407896815,-448.919,1,-17.689045921031834
26.0,3.0,0,-449.3052528956905,,0,
27.0,3.0,0,-460.4310627125669,,0,
28.0,3.0,0,-463.45776243833825,,0,
29.0,3.0,0,-457.4270301780198,-570.988468,1,-113.56143782198023
30.0,3.0,0,-441.56110000878107,,0,
31.0,3.0,0,-415.68605866795406,,0,
32.0,3.0,0,-381.85410157608567,,0,
33.0,3.0,0,-343.4447708959924,-405.54487,1,-62.1000991040076
34.0,3.0,0,-303.78931907680817,,0,
35.0,3.0,0,-270.03878687508404,,0,
36.0,3.0,0,-248.68665784667246,,0,
37.0,3.0,0,-244.16601669008378,-165.224073,1,78.94194369008378
38.0,3.0,0,-257.2928287687246,,0,
39.0,3.0,0,-283.9009873101022,,0,
40.0,3.0,0,-321.25961381563684,,0,
41.0,3.0,0,-366.85008281457704,-562.743569,1,-195.89348618542294
42.0,3.0,0,-417.48934805905446,,0,
43.0,3.0,0,-469.7442527730018,,0,
44.0,3.0,0,-522.4444603954908,,0,
45.0,3.0,0,-574.1719602922676,-662.601625,1,-88.4296647077324
46.0,3.0,0,-621.5903448149329,,0,
47.0,3.0,0,-661.1933182491921,,0,
48.0,3.0,0,-693.6885345749324,,0,
49.0,3.0,0,-719.8869678960182,-707.43854,1,12.448427896018188
50.0,3.0,0,-738.9554606690072,,0,
51.0,3.0,0,-748.3205513681751,,0,
52.0,3.0,0,-746.4597811767017,,0,
53.0,3.0,0,-734.7881432517897,-630.204898,1,104.58324525178978
54.0,3.0,0,-716.7619471558137,,0,
55.0,3.0,0,-695.6326948741917,,0,
56.0,3.0,0,-671.8155155910063,,0,
57.0,3.0,0,-644.6864301408932,-756.821022,1,-112.13459185910676
58.0,3.0,0,-612.2641261890531,,0,
59.0,3.0,0,-572.3361226498382,,0,
60.0,3.0,0,-525.3988886273,,0,
61.0,3.0,0,-472.69087665795814,-468.440649,1,4.250227657958135
62.0,3.0,0,-415.3579656895017,,0,
63.0,3.0,0,-354.02496031159535,,0,
64.0,3.0,0,-289.6249452340562,,0,
65.0,3.0,0,-224.36679993523285,-48.957117,1,175.40968293523287
66.0,3.0,0,-161.76804516999982,,0,
67.0,3.0,0,-96.02280606748536,,0,
68.0,3.0,0,-23.794404716056306,,0,
69.0,3.0,0,56.96348259720253,22.475374,1,-34.488108597202526
70.0,3.0,0,146.96095272985986,,0,
71.0,3.0,0,242.54426798899658,,0,
72.0,3.0,0,336.5982572588546,,0,
73.0,3.0,0,416.0474238557799,695.273652,1,279.22622814422004
74.0,3.0,0,462.2991918256739,,0,
75.0,3.0,0,472.6195254417835,,0,
76.0,3.0,0,444.76241409330396,,0,
77.0,3.0,0,382.02391295169946,452.382242,1,70.35832904830056
78.0,3.0,0,293.67386443162104,,0,
79.0,3.0,0,193.24965987657197,,0,
80.0,3.0,0,91.13084793344024,,0,
81.0,3.0,0,-5.146097108023241,-130.811804,1,-125.66570689197675
82.0,3.0,0,-89.05263093416579,,0,
83.0,3.0,0,-162.2445618789061,,0,
84.0,3.0,0,-224.81590617081383,,0,
85.0,3.0,0,-275.9486818272853,-453.617325,1,-177.66864317271467
86.0,3.0,0,-316.50411473121494,,0,
87.0,3.0,0,-346.74125259334687,,0,
88.0,3.0,0,-367.728478259407,,0,
89.0,3.0,0,-381.1755577841541,-465.485028,1,-84.30947021584592
90.0,3.0,0,-390.19428320718,,0,
91.0,3.0,0,-396.7882796515187,,0,
92.0,3.0,0,-399.92049147508806,,0,
93.0,3.0,0,-397.68617226416245,-449.170623,1,-51.48445073583753
94.0,3.0,0,-389.78761153665255,,0,
95.0,3.0,0,-379.47668096178677,,0,
96.0,3.0,0,-369.67614888527896,,0,
97.0,3.0,0,-363.9944065561285,-256.0619,1,107.93250655612854
98.0,3.0,0,-366.88255739671877,,0,
99.0,3.0,0,-375.7213890517596,,0,
100.0,3.0,0,-387.532585832756,,0,
101.0,3.0,0,-399.1236392935971,-505.862818,1,-106.73917870640292
102.0,3.0,0,-409.19691703713033,,0,
103.0,3.0,0,-422.61898732197005,,0,
104.0,3.0,0,-441.1471526535461,,0,
105.0,3.0,0,-463.31811257230584,-255.141402,1,208.17671057230584
106.0,3.0,0,-486.38643983367365,,0,
107.0,3.0,0,-507.2571329489583,,0,
108.0,3.0,0,-522.2053742813005,,0,
109.0,3.0,0,-529.018162551045,-609.627525,1,-80.60936244895504
110.0,3.0,0,-526.4522816506797,,0,
111.0,3.0,0,-518.3841532939114,,0,
112.0,3.0,0,-507.3940930229728,,0,
113.0,3.0,0,-495.15587122249417,-329.23385,1,165.92202122249415
114.0,3.0,0,-484.38789846922737,,0,
115.0,3.0,0,-469.09361812262796,,0,
116.0,3.0,0,-446.9327175075887,,0,
117.0,3.0,0,-418.57588054053485,-464.676743,1,-46.100862459465134
118.0,3.0,0,-385.7314290270442,,0,
119.0,3.0,0,-353.1507144224597,,0,
120.0,3.0,0,-324.5321486899629,,0,
121.0,3.0,0,-302.15485257690307,-151.327318,1,150.82753457690308
122.0,3.0,0,-287.78466234571533,,0,
123.0,3.0,0,-273.79524553217925,,0,
124.0,3.0,0,-254.823932525469,,0,
125.0,3.0,0,-228.21385499229655,48.962097,1,277.1759519922965
126.0,3.0,0,-193.91728427854832,,0,
127.0,3.0,0,-154.23018281836994,,0,
128.0,3.0,0,-114.43920238380088,,0,
129.0,3.0,0,-82.3617299774196,60.115387,1,142.4771169774196
130.0,3.0,0,-62.72465383639792,,0,
131.0,3.0,0,-51.0742185509298,,0,
132.0,3.0,0,-45.40827315172646,,0,
133.0,3.0,0,-45.523529696976766,-8.445853,1,37.077676696976766
134.0,3.0,0,-52.51314184709918,,0,
135.0,3.0,0,-65.87614603084512,,0,
136.0,3.0,0,-84.9417596438434,,0,
137.0,3.0,0,-108.19594984618016,-200.452593,1,-92.25664315381985
138.0,3.0,0,-134.35784872504883,,0,
139.0,3.0,0,-159.77719872584566,,0,
140.0,3.0,0,-179.57214166712947,,0,
141.0,3.0,0,-189.89108324842528,-367.652247,1,-177.7611637515747
142.0,3.0,0,-186.28875460859854,,0,
143.0,3.0,0,-174.12538474064786,,0,
144.0,3.0,0,-155.23344626731705,,0,
145.0,3.0,0,-129.07377019245178,-309.537094,1,-180.46332380754825
146.0,3.0,0,-97.12669061881024,,0,
147.0,3.0,0,-70.47806004108861,,0,
148.0,3.0,0,-55.35992109659128,,0,
149.0,3.0,0,-56.30471417377703,166.472395,1,222.77710917377703
150.0,3.0,0,-82.1022936028894,,0,
151.0,3.0,0,-129.3993605291471,,0,
152.0,3.0,0,-195.03496980830096,,0,
153.0,3.0,0,-273.2638399186544,-335.376919,1,-62.113079081345575
154.0,3.0,0,-356.09432389354333,,0,
155.0,3.0,0,-435.7759518220555,,0,
156.0,3.0,0,-507.54404422291555,,0,
157.0,3.0,0,-567.6656439781655,-799.88764,1,-232.22199602183457
158.0,3.0,0,-613.8761844639666,,0,
159.0,3.0,0,-643.9416314694099,,0,
160.0,3.0,0,-658.1356779909693,,0,
161.0,3.0,0,-658.444662238704,-730.906792,1,-72.46212976129596
162.0,3.0,0,-646.3915927478229,,0,
163.0,3.0,0,-622.990077386843,,0,
164.0,3.0,0,-589.9061256425921,,0,
165.0,3.0,0,-548.0636432096362,-697.441316,1,-149.37767279036382
166.0,3.0,0,-496.68483975552954,,0,
167.0,3.0,0,-443.382977290079,,0,
168.0,3.0,0,-393.8476269918028,,0,
169.0,3.0,0,-352.1649090773426,-152.474744,1,199.6901650773426
170.0,3.0,0,-321.13959267688915,,0,
171.0,3.0,0,-302.759061136283,,0,
172.0,3.0,0,-298.460030594375,,0,
173.0,3.0,0,-307.2087281339336,-424.878274,1,-117.66954586606636
174.0,3.0,0,-322.71648415736854,,0,
175.0,3.0,0,-343.65483814221807,,0,
176.0,3.0,0,-367.42223446734715,,0,
177.0,3.0,0,-389.9828142365441,-612.211674,1,-222.22885976345594
178.0,3.0,0,-404.6060091640102,,0,
179.0,3.0,0,-415.56307745631784,,0,
180.0,3.0,0,-423.1184433416929,,0,
181.0,3.0,0,-426.69111881637946,-636.257718,1,-209.5665991836205
182.0,3.0,0,-426.6337054730393,,0,
183.0,3.0,0,-422.7977671297267,,0,
184.0,3.0,0,-417.7263524085283,,0,
185.0,3.0,0,-413.9213037737645,-354.885105,1,59.03619877376451
186.0,3.0,0,-413.2315973476507,,0,
187.0,3.0,0,-416.3372661815956,,0,
188.0,3.0,0,-420.21368878521025,,0,
189.0,3.0,0,-420.9644717858173,-524.349584,1,-103.38511221418275
190.0,3.0,0,-412.67193386377767,,0,
191.0,3.0,0,-391.3416606900282,,0,
192.0,3.0,0,-359.5393603614066,,0,
193.0,3.0,0,-320.8625265932642,-285.080159,1,35.78236759326421
194.0,3.0,0,-276.4148314616177,,0,
195.0,3.0,0,-226.79029407538474,,0,
196.0,3.0,0,-173.75015484029427,,0,
197.0,3.0,0,-117.5503692063503,-403.096189,1,-285.5458197936497
198.0,3.0,0,-55.31084797345102,,0,
199.0,3.0,0,0.01072889706119895,,0,
0.0,4.0,0,459.03202078532195,414.74216,1,-44.289860785321935
1.0,4.0,0,467.9912014233996,,0,
2.0,4.0,0,475.63097112299874,,0,
3.0,4.0,0,478.6936094071716,,0,
4.0,4.0,0,473.445128869731,566.006328,1,92.56119913026907
5.0,4.0,0,457.02048527880106,,0,
6.0,4.0,0,426.8457865527598,,0,
7.0,4.0,0,381.62847951985896,,0,
8.0,4.0,0,322.7846497488208,275.633354,1,-47.151295748820814
9.0,4.0,0,253.56707556219772,,0,
10.0,4.0,0,175.73302982142195,,0,
11.0,4.0,0,94.5907622979721,,0,
12.0,4.0,0,16.66356336278841,-249.533889,1,-266.1974523627884
13.0,4.0,0,-52.669577727792785,,0,
14.0,4.0,0,-108.85288039653096,,0,
15.0,4.0,0,-152.68294105981477,,0,
16.0,4.0,0,-186.2423892430961,-260.143065,1,-73.90067575690387
17.0,4.0,0,-213.1605960340239,,0,
18.0,4.0,0,-236.96993738785386,,0,
19.0,4.0,0,-260.6293746714946,,0,
20.0,4.0,0,-286.53279775124975,-166.041975,1,120.49082275124974
21.0,4.0,0,-315.02224674238823,,0,
22.0,4.0,0,-345.51169868337456,,0,
23.0,4.0,0,-376.7660572958994,,0,
24.0,4.0,0,-406.44345027953386,-451.497888,1,-45.054437720466126
25.0,4.0,0,-431.1745374526363,,0,
26.0,4.0,0,-450.0221890739631,,0,
27.0,4.0,0,-461.6757489613956,,0,
28.0,4.0,0,-464.4612296152627,-560.592405,1,-96.13117538473728
29.0,4.0,0,-457.4267096312251,,0,
30.0,4.0,0,-440.0677177851321,,0,
31.0,4.0,0,-412.16089909593575,,0,
32.0,4.0,0,-374.8343351597432,-456.554188,1,-81.7198528402568
33.0,4.0,0,-332.4602461135946,,0,
34.0,4.0,0,-289.740010258276,,0,
35.0,4.0,0,-252.28668412793195,,0,
36.0,4.0,0,-226.4633375509875,-90.977162,1,135.48617555098747
37.0,4.0,0,-219.21071137324907,,0,
38.0,4.0,0,-228.41318773815874,,0,
39.0,4.0,0,-250.88576572027523,,0,
40.0,4.0,0,-283.6478684048634,-303.360548,1,-19.712679595136592
41.0,4.0,0,-323.7354558268562,,0,
42.0,4.0,0,-369.008511621505,,0,
43.0,4.0,0,-416.972478959593,,0,
44.0,4.0,0,-465.52205922070425,-553.552542,1,-88.03048277929577
45.0,4.0,0,-513.2091184770688,,0,
46.0,4.0,0,-558.1165316062397,,0,
47.0,4.0,0,-598.4039366669022,,0,
48.0,4.0,0,-633.487983081257,-698.32284,1,-64.83485691874307
49.0,4.0,0,-663.4061704978812,,0,
50.0,4.0,0,-686.9070357714663,,0,
51.0,4.0,0,-700.626617497066,,0,
52.0,4.0,0,-701.6192839660216,-845.953879,1,-144.33459503397842
53.0,4.0,0,-691.9425361433532,,0,
54.0,4.0,0,-674.931536970369,,0,
55.0,4.0,0,-653.144458053197,,0,
56.0,4.0,0,-628.2942888161633,-601.726968,1,26.56732081616326
57.0,4.0,0,-601.3567539986689,,0,
58.0,4.0,0,-570.854624795902,,0,
59.0,4.0,0,-535.3716510343947,,0,
60.0,4.0,0,-494.46591265138704,-508.897726,1,-14.431813348612934
61.0,4.0,0,-448.2792656762758,,0,
62.0,4.0,0,-397.87016484956257,,0,
63.0,4.0,0,-343.9833851135336,,0,
64.0,4.0,0,-287.71799758519046,-230.046768,1,57.671229585190474
65.0,4.0,0,-231.90285288495943,,0,
66.0,4.0,0,-176.15220678737387,,0,
67.0,4.0,0,-117.18550999084255,,0,
68.0,4.0,0,-51.86220112605952,1.264026,1,53.12622712605952
69.0,4.0,0,23.01049039105419,,0,
70.0,4.0,0,108.12139329573256,,0,
71.0,4.0,0,200.31270415932522,,0,
72.0,4.0,0,292.3055197244976,249.287608,1,-43.017911724497566
73.0,4.0,0,369.2488386327168,,0,
74.0,4.0,0,415.90708633942995,,0,
75.0,4.0,0,426.44769221072784,,0,
76.0,4.0,0,399.85199296299834,534.661096,1,134.8091030370017
77.0,4.0,0,336.9133609619457,,0,
78.0,4.0,0,248.99122878006892,,0,
79.0,4.0,0,149.11588608135935,,0,
80.0,4.0,0,49.03325485426467,-93.747729,1,-142.78098385426466
81.0,4.0,0,-43.48651380481897,,0,
82.0,4.0,0,-123.73551270499593,,0,
83.0,4.0,0,-191.70925313746557,,0,
84.0,4.0,0,-247.88227569992887,-386.881418,1,-138.99914230007113
85.0,4.0,0,-290.21304429741576,,0,
86.0,4.0,0,-323.10394743914367,,0,
87.0,4.0,0,-348.5706997435773,,0,
88.0,4.0,0,-367.5184159282362,-446.236615,1,-78.71819907176376
89.0,4.0,0,-379.65672059438657,,0,
90.0,4.0,0,-388.3388353184855,,0,
91.0,4.0,0,-394.6304793092422,,0,
92.0,4.0,0,-396.959864623117,-471.466115,1,-74.50625037688297
93.0,4.0,0,-392.24477021885104,,0,
94.0,4.0,0,-382.4268624729011,,0,
95.0,4.0,0,-370.616306672222,,0,
96.0,4.0,0,-360.2835320120794,-411.714047,1,-51.43051498792062
97.0,4.0,0,-355.36265974811977,,0,
98.0,4.0,0,-358.70044356375,,0,
99.0,4.0,0,-369.07199541688897,,0,
100.0,4.0,0,-382.86843972106,-516.903612,1,-134.03517227893997
101.0,4.0,0,-394.3789687929675,,0,
102.0,4.0,0,-406.0244175418047,,0,
103.0,4.0,0,-422.3463122890098,,0,
104.0,4.0,0,-446.5136596519733,-181.268461,1,265.2451986519733
105.0,4.0,0,-475.79207273578504,,0,
106.0,4.0,0,-505.8760615887295,,0,
107.0,4.0,0,-532.3363806461566,,0,
108.0,4.0,0,-551.0401701932424,-685.88541,1,-134.8452398067576
109.0,4.0,0,-560.4933157074265,,0,
110.0,4.0,0,-561.2828727057204,,0,
111.0,4.0,0,-556.9871476658154,,0,
112.0,4.0,0,-551.2160227457643,-436.763768,1,114.45225474576432
113.0,4.0,0,-544.8643292086781,,0,
114.0,4.0,0,-536.8257427501958,,0,
115.0,4.0,0,-521.8347709676018,,0,
116.0,4.0,0,-496.50409457064234,-635.125215,1,-138.6211204293577
117.0,4.0,0,-463.36133420083206,,0,
118.0,4.0,0,-426.198580088967,,0,
119.0,4.0,0,-389.7282975545386,,0,
120.0,4.0,0,-358.1059463575948,-189.371493,1,168.73445335759482
121.0,4.0,0,-332.86394600907806,,0,
122.0,4.0,0,-312.9446746117901,,0,
123.0,4.0,0,-293.02300709451083,,0,
124.0,4.0,0,-268.2562459728215,-64.045324,1,204.2109219728215
125.0,4.0,0,-236.07315224432386,,0,
126.0,4.0,0,-196.19264064455638,,0,
127.0,4.0,0,-151.00404502358288,,0,
128.0,4.0,0,-106.6369000041741,110.573413,1,217.2103130041741
129.0,4.0,0,-74.05656606983393,,0,
130.0,4.0,0,-52.375160672469065,,0,
131.0,4.0,0,-40.26360276329797,,0,
132.0,4.0,0,-37.292268319404684,114.887707,1,152.1799753194047
133.0,4.0,0,-41.02049362449907,,0,
134.0,4.0,0,-50.16562993248226,,0,
135.0,4.0,0,-64.55823902320117,,0,
136.0,4.0,0,-84.0127599532716,-203.484901,1,-119.47214104672841
137.0,4.0,0,-106.17009117593989,,0,
138.0,4.0,0,-132.38224207621533,,0,
139.0,4.0,0,-158.00686345133,,0,
140.0,4.0,0,-175.65171280340292,-490.761051,1,-315.1093381965971
141.0,4.0,0,-182.73023515939713,,0,
142.0,4.0,0,-178.30886258056853,,0,
143.0,4.0,0,-165.31766167702153,,0,
144.0,4.0,0,-145.41749277256895,-362.403101,1,-216.98560822743104
145.0,4.0,0,-115.06061569903977,,0,
146.0,4.0,0,-81.89493544306606,,0,
147.0,4.0,0,-54.201240757480264,,0,
148.0,4.0,0,-37.516435075202025,-145.059879,1,-107.54344392479797
149.0,4.0,0,-34.82952917879447,,0,
150.0,4.0,0,-53.88540031644516,,0,
151.0,4.0,0,-96.54156360868365,,0,
152.0,4.0,0,-161.7617123160744,-32.550694,1,129.21101831607442
153.0,4.0,0,-241.65584465162829,,0,
154.0,4.0,0,-327.47527648485266,,0,
155.0,4.0,0,-412.40741246333346,,0,
156.0,4.0,0,-490.89330591633916,-596.03716,1,-105.14385408366081
157.0,4.0,0,-556.9685029920656,,0,
158.0,4.0,0,-610.1227284487104,,0,
159.0,4.0,0,-647.5948480679654,,0,
160.0,4.0,0,-667.0055897079874,-876.725123,1,-209.71953329201267
161.0,4.0,0,-671.0708944925573,,0,
162.0,4.0,0,-661.8465421441942,,0,
163.0,4.0,0,-640.0321840748657,,0,
164.0,4.0,0,-607.1185503513552,-706.281823,1,-99.1632726486448
165.0,4.0,0,-564.4810540082399,,0,
166.0,4.0,0,-513.9563550811727,,0,
167.0,4.0,0,-460.640579354018,,0,
168.0,4.0,0,-409.1952933118446,-160.95765,1,248.23764331184458
169.0,4.0,0,-363.4005130296573,,0,
170.0,4.0,0,-326.1981019335799,,0,
171.0,4.0,0,-299.57296236488037,,0,
172.0,4.0,0,-284.6973860426806,-214.435663,1,70.26172304268059
173.0,4.0,0,-281.56809945823625,,0,
174.0,4.0,0,-285.023672854295,,0,
175.0,4.0,0,-292.62002971675247,,0,
176.0,4.0,0,-302.61852835922036,-463.89431,1,-161.27578164077966
177.0,4.0,0,-312.59314089780673,,0,
178.0,4.0,0,-320.7570345287677,,0,
179.0,4.0,0,-329.219860881567,,0,
180.0,4.0,0,-337.57974251476116,-419.837416,1,-82.25767348523885
181.0,4.0,0,-342.887869958533,,0,
182.0,4.0,0,-347.3006099163322,,0,
183.0,4.0,0,-352.3002760591917,,0,
184.0,4.0,0,-358.7072324482724,-405.810432,1,-47.103199551727585
185.0,4.0,0,-367.0667718332261,,0,
186.0,4.0,0,-377.362780921394,,0,
187.0,4.0,0,-388.09670118335634,,0,
188.0,4.0,0,-396.45936560770497,-282.285261,1,114.17410460770498
189.0,4.0,0,-400.57600101968274,,0,
190.0,4.0,0,-393.55066732061096,,0,
191.0,4.0,0,-372.62440255796537,,0,
192.0,4.0,0,-339.5525084810797,-279.528068,1,60.024440481079694
193.0,4.0,0,-298.7059404621832,,0,
194.0,4.0,0,-251.4589137416333,,0,
195.0,4.0,0,-199.63201431697235,,0,
196.0,4.0,0,-144.68073856155388,-349.476358,1,-204.79561943844612
197.0,4.0,0,-86.83442969014868,,0,
198.0,4.0,0,-27.48131671710871,,0,
199.0,4.0,0,24.390104141552,,0,
0.0,5.0,0,423.8341376124881,,0,
1.0,5.0,0,432.9779878272675,,0,
2.0,5.0,0,442.7109800882172,,0,
3.0,5.0,0,449.0290577156702,511.678097,1,62.649039284329774
4.0,5.0,0,446.4556382803712,,0,
5.0,5.0,0,432.6876027225517,,0,
6.0,5.0,0,405.59020770771895,,0,
7.0,5.0,0,364.7700721544679,340.85417,1,-23.915902154467915
8.0,5.0,0,311.78730886569247,,0,
9.0,5.0,0,249.08340515196323,,0,
10.0,5.0,0,179.07389512110967,,0,
11.0,5.0,0,106.16273862263188,3.77773,1,-102.38500862263187
12.0,5.0,0,37.456620366545394,,0,
13.0,5.0,0,-24.861036108341068,,0,
14.0,5.0,0,-78.48580457828939,,0,
15.0,5.0,0,-122.90614033403108,-218.722695,1,-95.81655466596891
16.0,5.0,0,-157.825130446814,,0,
17.0,5.0,0,-187.8465674961917,,0,
18.0,5.0,0,-215.59920837008394,,0,
19.0,5.0,0,-242.9589980142191,-179.443084,1,63.515914014219106
20.0,5.0,0,-272.82718063809443,,0,
21.0,5.0,0,-304.42326278658584,,0,
22.0,5.0,0,-337.0755440677167,,0,
23.0,5.0,0,-369.5772233180469,-401.438649,1,-31.861425681953108
24.0,5.0,0,-399.81799807515927,,0,
25.0,5.0,0,-425.40656971232966,,0,
26.0,5.0,0,-445.0214684512466,,0,
27.0,5.0,0,-457.28018766315654,-491.182171,1,-33.90198333684344
28.0,5.0,0,-459.60343351366464,,0,
29.0,5.0,0,-451.19700495898724,,0,
30.0,5.0,0,-431.68785500875674,,0,
31.0,5.0,0,-401.4286185207893,-532.115218,1,-130.6865994792107
32.0,5.0,0,-360.2249131712597,,0,
33.0,5.0,0,-315.0682897516526,,0,
34.0,5.0,0,-270.9063967054244,,0,
35.0,5.0,0,-232.14182482438628,-210.014272,1,22.12755282438627
36.0,5.0,0,-204.96084477449767,,0,
37.0,5.0,0,-194.00428662542254,,0,
38.0,5.0,0,-198.53385963104665,,0,
39.0,5.0,0,-215.73146444978192,-121.394036,1,94.33742844978192
40.0,5.0,0,-242.66145656537265,,0,
41.0,5.0,0,-276.70116494293325,,0,
42.0,5.0,0,-316.03504170128144,,0,
43.0,5.0,0,-358.8436877282802,-392.649269,1,-33.8055812717198
44.0,5.0,0,-402.25843719253317,,0,
45.0,5.0,0,-445.3569177861791,,0,
46.0,5.0,0,-487.22425489948364,,0,
47.0,5.0,0,-527.041293958493,-550.705665,1,-23.66437104150691
48.0,5.0,0,-563.6030858596787,,0,
49.0,5.0,0,-596.6778312472161,,0,
50.0,5.0,0,-624.5959541166085,,0,
51.0,5.0,0,-643.4901971056242,-813.100679,1,-169.61048189437577
52.0,5.0,0,-647.3077333945548,,0,
53.0,5.0,0,-640.1061947388807,,0,
54.0,5.0,0,-624.654173127492,,0,
55.0,5.0,0,-603.0144639921491,-634.683314,1,-31.668850007850892
56.0,5.0,0,-578.1979371896014,,0,
57.0,5.0,0,-552.1910858303308,,0,
58.0,5.0,0,-524.7963785757311,,0,
59.0,5.0,0,-494.7173875287408,-486.907401,1,7.809986528740808
60.0,5.0,0,-460.87582407635637,,0,
61.0,5.0,0,-422.9883909218479,,0,
62.0,5.0,0,-381.72919340306544,,0,
63.0,5.0,0,-338.0698246122047,-256.171319,1,81.8985056122047
64.0,5.0,0,-292.8075703936629,,0,
65.0,5.0,0,-246.80151884863153,,0,
66.0,5.0,0,-198.99507251399336,,0,
67.0,5.0,0,-146.93919271958293,-55.504049,1,91.43514371958292
68.0,5.0,0,-88.91692796396092,,0,
69.0,5.0,0,-19.746743666939437,,0,
70.0,5.0,0,61.05746899580117,,0,
71.0,5.0,0,149.43162119423505,-20.97952,1,-170.41114119423506
72.0,5.0,0,239.7845376933692,,0,
73.0,5.0,0,315.5420169365825,,0,
74.0,5.0,0,362.8904494176386,,0,
75.0,5.0,0,373.7533943031449,585.508702,1,211.75530769685508
76.0,5.0,0,347.17844933178276,,0,
77.0,5.0,0,286.45554939226713,,0,
78.0,5.0,0,200.97788099688478,,0,
79.0,5.0,0,103.61879848880926,5.017362,1,-98.60143648880926
80.0,5.0,0,8.249077909626067,,0,
81.0,5.0,0,-78.24313192133559,,0,
82.0,5.0,0,-151.23920134987566,,0,
83.0,5.0,0,-210.19059787498554,-293.100989,1,-82.91039112501448
84.0,5.0,0,-256.1303202461859,,0,
85.0,5.0,0,-290.3094765114365,,0,
86.0,5.0,0,-316.3265731909487,,0,
87.0,5.0,0,-337.0060305283987,-320.372865,1,16.633165528398706
88.0,5.0,0,-353.7063842212083,,0,
89.0,5.0,0,-366.4773420455167,,0,
90.0,5.0,0,-376.2784756551846,,0,
91.0,5.0,0,-383.30951059015933,-390.502309,1,-7.192798409840691
92.0,5.0,0,-384.9082024469826,,0,
93.0,5.0,0,-379.2298994968878,,0,
94.0,5.0,0,-368.1448784630629,,0,
95.0,5.0,0,-355.20346879173303,-366.495217,1,-11.291748208266995
96.0,5.0,0,-344.1981235421845,,0,
97.0,5.0,0,-339.2019875109545,,0,
98.0,5.0,0,-342.3864943101944,,0,
99.0,5.0,0,-352.8257539868937,-334.077201,1,18.748552986893685
100.0,5.0,0,-367.0495157662226,,0,
101.0,5.0,0,-381.4158404049231,,0,
102.0,5.0,0,-396.7246126262471,,0,
103.0,5.0,0,-417.21753786166664,-237.873867,1,179.34367086166665
104.0,5.0,0,-448.7354278388084,,0,
105.0,5.0,0,-485.6633138784964,,0,
106.0,5.0,0,-523.0537189427996,,0,
107.0,5.0,0,-555.7609760029009,-634.021944,1,-78.2609679970991
108.0,5.0,0,-578.160219896934,,0,
109.0,5.0,0,-590.418349144049,,0,
110.0,5.0,0,-594.1848853849806,,0,
111.0,5.0,0,-593.2295423703035,-498.738232,1,94.49131037030355
112.0,5.0,0,-592.5581574525568,,0,
113.0,5.0,0,-590.9393988305819,,0,
114.0,5.0,0,-585.2141375798383,,0,
115.0,5.0,0,-569.6673713640776,-745.767599,1,-176.10022763592247
116.0,5.0,0,-540.2702451591613,,0,
117.0,5.0,0,-503.1954222408822,,0,
118.0,5.0,0,-462.58397548558423,,0,
119.0,5.0,0,-423.21588952769525,-360.126708,1,63.089181527695246
120.0,5.0,0,-390.36262028699275,,0,
121.0,5.0,0,-363.9056614161236,,0,
122.0,5.0,0,-341.18097853823565,,0,
123.0,5.0,0,-317.2652111846255,-315.1406,1,2.1246111846255076
124.0,5.0,0,-288.66090942925075,,0,
125.0,5.0,0,-253.00231047091074,,0,
126.0,5.0,0,-209.89260975713842,,0,
127.0,5.0,0,-162.31355964648537,154.516023,1,316.8295826464854
128.0,5.0,0,-116.84400745050516,,0,
129.0,5.0,0,-80.87922646780498,,0,
130.0,5.0,0,-55.80154870939441,,0,
131.0,5.0,0,-40.84442356484942,147.828265,1,188.6726885648494
132.0,5.0,0,-38.047863047453575,,0,
133.0,5.0,0,-40.978095170808956,,0,
134.0,5.0,0,-46.989749113621656,,0,
135.0,5.0,0,-55.797916596289724,-97.230791,1,-41.43287440371027
136.0,5.0,0,-68.48056824994273,,0,
137.0,5.0,0,-86.13562475680374,,0,
138.0,5.0,0,-109.68067561532371,,0,
139.0,5.0,0,-134.4470164522063,-419.584519,1,-285.1375025477937
140.0,5.0,0,-148.35123668191954,,0,
141.0,5.0,0,-152.603865763871,,0,
142.0,5.0,0,-146.30923317209817,,0,
143.0,5.0,0,-131.3001013873145,-507.32273,1,-376.0226286126855
144.0,5.0,0,-109.25768313882872,,0,
145.0,5.0,0,-80.6605702911038,,0,
146.0,5.0,0,-50.917169659165666,,0,
147.0,5.0,0,-26.72276149946265,-50.263871,1,-23.541109500537353
148.0,5.0,0,-12.091237192624249,,0,
149.0,5.0,0,-10.247333195293322,,0,
150.0,5.0,0,-25.975141457282007,,0,
151.0,5.0,0,-63.41760726016946,227.454103,1,290.8717102601695
152.0,5.0,0,-127.35716537985718,,0,
153.0,5.0,0,-206.1029267576523,,0,
154.0,5.0,0,-291.5283529032022,,0,
155.0,5.0,0,-377.4202069793828,-425.556834,1,-48.1366270206172
156.0,5.0,0,-458.047227823874,,0,
157.0,5.0,0,-528.7107189148664,,0,
158.0,5.0,0,-587.6000642890576,,0,
159.0,5.0,0,-632.1190629824996,-869.466021,1,-237.34695801750036
160.0,5.0,0,-656.1929997669067,,0,
161.0,5.0,0,-665.6342798282858,,0,
162.0,5.0,0,-661.3997223521583,,0,
163.0,5.0,0,-642.3800583588891,-639.474539,1,2.9055193588890234
164.0,5.0,0,-610.7273228652775,,0,
165.0,5.0,0,-568.8687377343886,,0,
166.0,5.0,0,-519.8735452848487,,0,
167.0,5.0,0,-468.0214345245622,-495.686903,1,-27.665468475437763
168.0,5.0,0,-415.77100377110764,,0,
169.0,5.0,0,-366.67513100244105,,0,
170.0,5.0,0,-323.7834155857563,,0,
171.0,5.0,0,-289.186638436513,-58.180375,1,231.00626343651302
172.0,5.0,0,-264.15644810930826,,0,
173.0,5.0,0,-248.48585553560406,,0,
174.0,5.0,0,-239.19549420126714,,0,
175.0,5.0,0,-233.26206686533988,-255.240805,1,-21.97873813466012
176.0,5.0,0,-229.30788555170875,,0,
177.0,5.0,0,-227.22048057848588,,0,
178.0,5.0,0,-228.5010506452527,,0,
179.0,5.0,0,-235.81841394491494,-90.068265,1,145.75014894491494
180.0,5.0,0,-245.5474018221721,,0,
181.0,5.0,0,-254.5286532570608,,0,
182.0,5.0,0,-264.9571770031471,,0,
183.0,5.0,0,-280.14070154028013,-280.551353,1,-0.4106514597198725
184.0,5.0,0,-299.1553886954207,,0,
185.0,5.0,0,-320.74561795871705,,0,
186.0,5.0,0,-343.53693982819095,,0,
187.0,5.0,0,-364.4915458825417,-272.862661,1,91.62888488254168
188.0,5.0,0,-380.0164450397715,,0,
189.0,5.0,0,-386.6320724613033,,0,
190.0,5.0,0,-379.93393799988553,,0,
191.0,5.0,0,-358.20616423664615,-167.04769,1,191.15847423664616
192.0,5.0,0,-323.25405709899496,,0,
193.0,5.0,0,-278.52885209582746,,0,
194.0,5.0,0,-227.19187346613035,,0,
195.0,5.0,0,-172.31394577212632,-242.1875,1,-69.87355422787368
196.0,5.0,0,-114.94405651791021,,0,
197.0,5.0,0,-56.66965740546584,,0,
198.0,5.0,0,-0.8392078103497624,,0,
199.0,5.0,0,46.57085157837719,325.610864,1,279.0400124216228
0.0,6.0,0,384.85252833738923,,0,
1.0,6.0,0,393.62203537207097,,0,
2.0,6.0,0,404.9511128682643,329.164381,1,-75.78673186826433
3.0,6.0,0,414.2541703945026,,0,
4.0,6.0,0,416.3422087575309,,0,
5.0,6.0,0,407.29088574973866,,0,
6.0,6.0,0,384.74935323081445,488.921369,1,104.17201576918558
7.0,6.0,0,349.598600511672,,0,
8.0,6.0,0,303.8691018233076,,0,
9.0,6.0,0,249.69024427514523,,0,
10.0,6.0,0,189.47956534998957,157.579066,1,-31.90049934998956
11.0,6.0,0,126.8893465618603,,0,
12.0,6.0,0,66.28427782747895,,0,
13.0,6.0,0,10.143043862655759,,0,
14.0,6.0,0,-39.9084528622916,-149.653174,1,-109.74472113770841
15.0,6.0,0,-83.53796449431684,,0,
16.0,6.0,0,-121.5268202223815,,0,
17.0,6.0,0,-156.5168245881796,,0,
18.0,6.0,0,-190.17589033488184,-220.181134,1,-30.005243665118144
19.0,6.0,0,-222.89661406492814,,0,
20.0,6.0,0,-256.327598350239,,0,
21.0,6.0,0,-290.4639678285457,,0,
22.0,6.0,0,-324.8429494431475,-287.031044,1,37.81190544314751
23.0,6.0,0,-358.2270299962838,,0,
24.0,6.0,0,-388.83549555623904,,0,
25.0,6.0,0,-414.7355421660468,,0,
26.0,6.0,0,-434.30429319490213,-409.957431,1,24.346862194902144
27.0,6.0,0,-446.2110012653284,,0,
28.0,6.0,0,-447.85979130049236,,0,
29.0,6.0,0,-437.4330482489895,,0,
30.0,6.0,0,-413.8685802067048,-634.875658,1,-221.00707779329525
31.0,6.0,0,-378.81214546074625,,0,
32.0,6.0,0,-335.13163327705115,,0,
33.0,6.0,0,-288.6062100538984,,0,
34.0,6.0,0,-244.50667483947473,-329.865368,1,-85.35869316052526
35.0,6.0,0,-205.7016907921061,,0,
36.0,6.0,0,-178.34028451889753,,0,
37.0,6.0,0,-165.331818271894,,0,
38.0,6.0,0,-166.2057717902353,-85.54626,1,80.6595117902353
39.0,6.0,0,-178.74772281153128,,0,
40.0,6.0,0,-200.22057008510455,,0,
41.0,6.0,0,-228.2761597894132,,0,
42.0,6.0,0,-261.32493201305624,-224.588886,1,36.73604601305624
43.0,6.0,0,-298.3465110032121,,0,
44.0,6.0,0,-336.568946161191,,0,
45.0,6.0,0,-374.7538520512171,,0,
46.0,6.0,0,-412.5211245144019,-385.954208,1,26.566916514401896
47.0,6.0,0,-450.0870888863574,,0,
48.0,6.0,0,-486.56176994065754,,0,
49.0,6.0,0,-521.2402814314701,,0,
50.0,6.0,0,-551.7082412785967,-634.546445,1,-82.83820372140326
51.0,6.0,0,-573.4722754868562,,0,
52.0,6.0,0,-582.1129895698978,,0,
53.0,6.0,0,-578.4160852201749,,0,
54.0,6.0,0,-565.4125068233116,-645.35538,1,-79.94287317668841
55.0,6.0,0,-544.8342077016714,,0,
56.0,6.0,0,-521.463530264562,,0,
57.0,6.0,0,-498.0330982496962,,0,
58.0,6.0,0,-475.4128280959558,-407.239214,1,68.17361409595577
59.0,6.0,0,-452.0002309590345,,0,
60.0,6.0,0,-426.2618866494158,,0,
61.0,6.0,0,-397.704972640262,,0,
62.0,6.0,0,-366.7087745342287,-336.127238,1,30.581536534228746
63.0,6.0,0,-334.4152583297109,,0,
64.0,6.0,0,-300.56346887885593,,0,
65.0,6.0,0,-265.0166213650955,,0,
66.0,6.0,0,-226.70822295115795,-222.920517,1,3.7877059511579603
67.0,6.0,0,-183.54174376907758,,0,
68.0,6.0,0,-132.03388506674673,,0,
69.0,6.0,0,-67.14084319025278,,0,
70.0,6.0,0,12.370742165483534,-156.439903,1,-168.81064516548352
71.0,6.0,0,100.4788687445689,,0,
72.0,6.0,0,188.2568805643823,,0,
73.0,6.0,0,262.63462094264105,,0,
74.0,6.0,0,310.56795261992374,443.941701,1,133.37374838007628
75.0,6.0,0,321.2703738930286,,0,
76.0,6.0,0,295.57865745271556,,0,
77.0,6.0,0,237.5082180427853,,0,
78.0,6.0,0,155.51270152651705,166.287622,1,10.77492047348295
79.0,6.0,0,62.533775742922444,,0,
80.0,6.0,0,-28.55139173869975,,0,
81.0,6.0,0,-108.5555521453498,,0,
82.0,6.0,0,-171.66244892857503,-266.075021,1,-94.41257207142496
83.0,6.0,0,-218.80310386430938,,0,
84.0,6.0,0,-252.91492210590513,,0,
85.0,6.0,0,-277.3984105384443,,0,
86.0,6.0,0,-296.4100488224067,-338.981163,1,-42.5711141775933
87.0,6.0,0,-312.8233908774564,,0,
88.0,6.0,0,-329.09457339846995,,0,
89.0,6.0,0,-344.40702026945655,,0,
90.0,6.0,0,-357.02170072542503,-260.881717,1,96.13998372542505
91.0,6.0,0,-366.39029259665404,,0,
92.0,6.0,0,-367.99605837714626,,0,
93.0,6.0,0,-361.09086596022826,,0,
94.0,6.0,0,-348.24009254327393,-338.491127,1,9.748965543273926
95.0,6.0,0,-333.36217126471456,,0,
96.0,6.0,0,-320.8716484652832,,0,
97.0,6.0,0,-314.99743842406315,,0,
98.0,6.0,0,-317.9691777774715,-241.334675,1,76.63450277747148
99.0,6.0,0,-328.7851256673457,,0,
100.0,6.0,0,-344.85633644100744,,0,
101.0,6.0,0,-363.5839671578724,,0,
102.0,6.0,0,-384.6964334092918,-397.625634,1,-12.929200590708206
103.0,6.0,0,-412.44551654020324,,0,
104.0,6.0,0,-449.88164981943555,,0,
105.0,6.0,0,-493.4706949139363,,0,
106.0,6.0,0,-537.6023577912711,-497.185663,1,40.416694791271084
107.0,6.0,0,-575.8771013953956,,0,
108.0,6.0,0,-603.1518087487202,,0,
109.0,6.0,0,-618.6011608642293,,0,
110.0,6.0,0,-624.8227829660755,-607.365869,1,17.45691396607549
111.0,6.0,0,-626.458517016843,,0,
112.0,6.0,0,-626.9478581120202,,0,
113.0,6.0,0,-626.2548362247762,,0,
114.0,6.0,0,-620.6225911259535,-824.912947,1,-204.29035587404655
115.0,6.0,0,-601.6212389124557,,0,
116.0,6.0,0,-571.532595482131,,0,
117.0,6.0,0,-533.7374115217244,,0,
118.0,6.0,0,-491.6214035951998,-580.996428,1,-89.37502440480023
119.0,6.0,0,-451.17619210039265,,0,
120.0,6.0,0,-417.4014739761478,,0,
121.0,6.0,0,-390.8654873127816,,0,
122.0,6.0,0,-368.20746429672,-461.194791,1,-92.98732670328002
123.0,6.0,0,-343.1024394237902,,0,
124.0,6.0,0,-313.7414916588459,,0,
125.0,6.0,0,-277.52463535405695,,0,
126.0,6.0,0,-233.48143040196737,-193.588015,1,39.89341540196736
127.0,6.0,0,-185.36557711451314,,0,
128.0,6.0,0,-139.13740398635855,,0,
129.0,6.0,0,-100.9751773388125,,0,
130.0,6.0,0,-74.43925484432839,242.450723,1,316.8899778443284
131.0,6.0,0,-58.348430437152274,,0,
132.0,6.0,0,-50.92947978246957,,0,
133.0,6.0,0,-47.775089431437664,,0,
134.0,6.0,0,-45.353412734752055,-82.603657,1,-37.25024426524794
135.0,6.0,0,-42.515372101916,,0,
136.0,6.0,0,-42.40906138700666,,0,
137.0,6.0,0,-48.90099210711196,,0,
138.0,6.0,0,-63.58767710567918,-181.535378,1,-117.94770089432083
139.0,6.0,0,-81.15920058055781,,0,
140.0,6.0,0,-94.14435188716743,,0,
141.0,6.0,0,-98.44066584878601,,0,
142.0,6.0,0,-90.31738942791708,-648.60919,1,-558.2918005720829
143.0,6.0,0,-74.17409306857735,,0,
144.0,6.0,0,-53.719975302985404,,0,
145.0,6.0,0,-30.537286245962605,,0,
146.0,6.0,0,-7.94689095299691,47.90611,1,55.85300095299691
147.0,6.0,0,8.861277425894514,,0,
148.0,6.0,0,17.619627661420964,,0,
149.0,6.0,0,15.308926481055096,,0,
150.0,6.0,0,-1.8758937962120399,34.488102,1,36.36399579621204
151.0,6.0,0,-38.835255805402994,,0,
152.0,6.0,0,-96.72961455996847,,0,
153.0,6.0,0,-169.55618471628986,,0,
154.0,6.0,0,-250.445929415524,-247.418265,1,3.027664415524015
155.0,6.0,0,-333.24421487003565,,0,
156.0,6.0,0,-412.38182697538286,,0,
157.0,6.0,0,-483.4250289122574,,0,
158.0,6.0,0,-543.5827965456992,-597.946837,1,-54.36404045430072
159.0,6.0,0,-590.315028523095,,0,
160.0,6.0,0,-621.2009621848119,,0,
161.0,6.0,0,-638.2492746924981,,0,
162.0,6.0,0,-641.7193009746261,-809.775653,1,-168.05635202537394
163.0,6.0,0,-627.5960948383436,,0,
164.0,6.0,0,-600.1239969353192,,0,
165.0,6.0,0,-561.656767450273,,0,
166.0,6.0,0,-515.1169683493208,-418.868252,1,96.24871634932083
167.0,6.0,0,-465.4592855637893,,0,
168.0,6.0,0,-413.2909634170355,,0,
169.0,6.0,0,-361.5905819577165,,0,
170.0,6.0,0,-313.7309880016837,-176.386403,1,137.34458500168373
171.0,6.0,0,-271.7903954028152,,0,
172.0,6.0,0,-236.98133036959916,,0,
173.0,6.0,0,-209.5880487661343,,0,
174.0,6.0,0,-188.24718936323188,-268.1251,1,-79.87791063676809
175.0,6.0,0,-169.79660207638517,,0,
176.0,6.0,0,-154.98483017156832,,0,
177.0,6.0,0,-144.0618976969272,,0,
178.0,6.0,0,-139.1225010829512,165.245786,1,304.3682870829512
179.0,6.0,0,-146.8218022985384,,0,
180.0,6.0,0,-158.5091748367995,,0,
181.0,6.0,0,-171.3067846931517,,0,
182.0,6.0,0,-187.49746838479768,10.40072,1,197.8981883847977
183.0,6.0,0,-213.1148823974654,,0,
184.0,6.0,0,-243.8335667985957,,0,
185.0,6.0,0,-277.97069663275033,,0,
186.0,6.0,0,-313.7101629471872,-273.516258,1,40.19390494718721
187.0,6.0,0,-345.7823084015399,,0,
188.0,6.0,0,-368.85194477811456,,0,
189.0,6.0,0,-378.49796246318147,,0,
190.0,6.0,0,-371.5364119154401,-164.45119,1,207.08522191544012
191.0,6.0,0,-348.0872576604597,,0,
192.0,6.0,0,-310.53227657894604,,0,
193.0,6.0,0,-262.11895163636655,,0,
194.0,6.0,0,-206.63048067246564,-87.196321,1,119.43415967246564
195.0,6.0,0,-149.42124573606998,,0,
196.0,6.0,0,-90.34013743558899,,0,
197.0,6.0,0,-33.06447197124362,,0,
198.0,6.0,0,16.619032874936238,343.010103,1,326.3910701250638
199.0,6.0,0,55.82799652311951,,0,
0.0,7.0,0,344.9480618801899,,0,
1.0,7.0,0,352.819421576336,168.522804,1,-184.29661757633602
2.0,7.0,0,365.2795159034431,,0,
3.0,7.0,0,377.5315486448817,,0,
4.0,7.0,0,384.41852262080647,,0,
5.0,7.0,0,380.8949712314643,474.979634,1,94.08466276853568
6.0,7.0,0,363.46161211741855,,0,
7.0,7.0,0,334.93442439252976,,0,
8.0,7.0,0,297.5035786363296,,0,
9.0,7.0,0,253.1209094002843,264.9387,1,11.817790599715693
10.0,7.0,0,203.67174653254915,,0,
11.0,7.0,0,151.4713470368879,,0,
12.0,7.0,0,99.07471151475329,,0,
13.0,7.0,0,48.72130963462405,9.081249,1,-39.64006063462405
14.0,7.0,0,2.479850093484856,,0,
15.0,7.0,0,-40.380307565268595,,0,
16.0,7.0,0,-81.24375669332221,,0,
17.0,7.0,0,-121.88800605200231,-99.120561,1,22.767445052002316
18.0,7.0,0,-162.18653161777183,,0,
19.0,7.0,0,-201.23274282133207,,0,
20.0,7.0,0,-238.83676726417616,,0,
21.0,7.0,0,-275.2016306789592,-245.691707,1,29.509923678959183
22.0,7.0,0,-310.85114517982583,,0,
23.0,7.0,0,-344.5856914926553,,0,
24.0,7.0,0,-375.1131778822746,,0,
25.0,7.0,0,-400.6902054687962,-314.87759,1,85.8126154687962
26.0,7.0,0,-419.46536171017215,,0,
27.0,7.0,0,-429.55169659422245,,0,
28.0,7.0,0,-428.85289927199483,,0,
29.0,7.0,0,-415.4755721576512,-540.692186,1,-125.2166138423488
30.0,7.0,0,-386.6511454603169,,0,
31.0,7.0,0,-346.6974324673065,,0,
32.0,7.0,0,-299.79742705635726,,0,
33.0,7.0,0,-251.5070687653497,-383.464866,1,-131.9577972346503
34.0,7.0,0,-207.00018228939734,,0,
35.0,7.0,0,-169.99697697011288,,0,
36.0,7.0,0,-144.193592421012,,0,
37.0,7.0,0,-131.31721471669152,-148.095625,1,-16.77841028330849
38.0,7.0,0,-130.78160344279604,,0,
39.0,7.0,0,-140.6836403235793,,0,
40.0,7.0,0,-158.18071745685302,,0,
41.0,7.0,0,-181.38429205631837,-160.147101,1,21.23719105631838
42.0,7.0,0,-209.1926439735107,,0,
43.0,7.0,0,-240.41622565698344,,0,
44.0,7.0,0,-273.1897901460761,,0,
45.0,7.0,0,-306.19494106643833,-169.807067,1,136.38787406643834
46.0,7.0,0,-339.2044801732991,,0,
47.0,7.0,0,-372.5508915899554,,0,
48.0,7.0,0,-406.5146359023638,,0,
49.0,7.0,0,-440.8913671262562,-446.61797,1,-5.726602873743786
50.0,7.0,0,-472.28033280954696,,0,
51.0,7.0,0,-496.4382581981481,,0,
52.0,7.0,0,-508.93084502394777,,0,
53.0,7.0,0,-507.6087778637884,-718.205912,1,-210.5971341362116
54.0,7.0,0,-496.3189825422014,,0,
55.0,7.0,0,-479.07548974477686,,0,
56.0,7.0,0,-459.5667082055006,,0,
57.0,7.0,0,-440.5742721329443,-358.846686,1,81.72758613294434
58.0,7.0,0,-424.4572618912207,,0,
59.0,7.0,0,-408.56779139186256,,0,
60.0,7.0,0,-391.4277240303345,,0,
61.0,7.0,0,-372.6626184954075,-331.816754,1,40.84586449540751
62.0,7.0,0,-352.4211208187626,,0,
63.0,7.0,0,-330.8749444221612,,0,
64.0,7.0,0,-307.6367466005031,,0,
65.0,7.0,0,-282.19274704973213,-256.697075,1,25.49567204973215
66.0,7.0,0,-253.43878320464864,,0,
67.0,7.0,0,-218.95063434256008,,0,
68.0,7.0,0,-173.92218907462666,,0,
69.0,7.0,0,-112.37631916056853,-297.806931,1,-185.4306118394315
70.0,7.0,0,-32.290081030660076,,0,
71.0,7.0,0,55.681511027447414,,0,
72.0,7.0,0,141.5638622896513,,0,
73.0,7.0,0,214.01861152984202,128.911871,1,-85.10674052984203
74.0,7.0,0,261.1165497053298,,0,
75.0,7.0,0,273.5903951294895,,0,
76.0,7.0,0,249.79837412328925,,0,
77.0,7.0,0,194.2696536013391,255.98468,1,61.71502639866091
78.0,7.0,0,115.18899735523155,,0,
79.0,7.0,0,26.58969807246467,,0,
80.0,7.0,0,-58.97365923190955,,0,
81.0,7.0,0,-132.0979398691561,-340.790624,1,-208.69268413084387
82.0,7.0,0,-183.93984222732252,,0,
83.0,7.0,0,-218.75450196227757,,0,
84.0,7.0,0,-240.32860572240315,,0,
85.0,7.0,0,-253.54094962601084,-441.770505,1,-188.22955537398917
86.0,7.0,0,-264.214666853135,,0,
87.0,7.0,0,-277.53496145876125,,0,
88.0,7.0,0,-296.0134236193262,,0,
89.0,7.0,0,-317.0895508953254,-90.67008,1,226.4194708953254
90.0,7.0,0,-335.92252203580574,,0,
91.0,7.0,0,-347.9191644206876,,0,
92.0,7.0,0,-349.1680893516168,,0,
93.0,7.0,0,-340.0633941452252,-326.936853,1,13.12654114522519
94.0,7.0,0,-324.4552680935012,,0,
95.0,7.0,0,-306.6517668105662,,0,
96.0,7.0,0,-291.69277254131157,,0,
97.0,7.0,0,-284.3888203422248,-239.81664,1,44.57218034222478
98.0,7.0,0,-287.34477849974064,,0,
99.0,7.0,0,-299.0125897587277,,0,
100.0,7.0,0,-317.6575852971873,,0,
101.0,7.0,0,-341.5263832155615,-460.321733,1,-118.79534978443849
102.0,7.0,0,-368.67736954940483,,0,
103.0,7.0,0,-404.1369605800137,,0,
104.0,7.0,0,-449.09321627626196,,0,
105.0,7.0,0,-499.7270028103085,-448.198592,1,51.52841081030846
106.0,7.0,0,-550.6908160177991,,0,
107.0,7.0,0,-594.5686980802566,,0,
108.0,7.0,0,-626.2225417336449,,0,
109.0,7.0,0,-643.9010249333223,-735.554584,1,-91.65355906667764
110.0,7.0,0,-651.1239353651181,,0,
111.0,7.0,0,-652.4274602542864,,0,
112.0,7.0,0,-650.8080145943677,,0,
113.0,7.0,0,-646.7586871685926,-824.361589,1,-177.6029018314074
114.0,7.0,0,-636.7574107904802,,0,
115.0,7.0,0,-616.6509003065294,,0,
116.0,7.0,0,-587.420156758395,,0,
117.0,7.0,0,-551.2420019987039,-695.418244,1,-144.17624200129603
118.0,7.0,0,-509.16485504136654,,0,
119.0,7.0,0,-469.13678113534115,,0,
120.0,7.0,0,-435.8871366097883,,0,
121.0,7.0,0,-410.5491100560175,-397.99708,1,12.552030056017543
122.0,7.0,0,-389.14797850174364,,0,
123.0,7.0,0,-366.5011529122712,,0,
124.0,7.0,0,-339.5600065938197,,0,
125.0,7.0,0,-305.6110484050587,-415.580269,1,-109.9692205949413
126.0,7.0,0,-262.5527324415161,,0,
127.0,7.0,0,-215.76707473606803,,0,
128.0,7.0,0,-170.30988083744887,,0,
129.0,7.0,0,-131.56473361968528,41.928143,1,173.4928766196853
130.0,7.0,0,-105.6467153475387,,0,
131.0,7.0,0,-87.89938643318601,,0,
132.0,7.0,0,-74.81305767502636,,0,
133.0,7.0,0,-62.79511681443546,36.982247,1,99.77736381443546
134.0,7.0,0,-48.07242858945392,,0,
135.0,7.0,0,-29.816182588692755,,0,
136.0,7.0,0,-12.126805500418413,,0,
137.0,7.0,0,-1.445989033440128,149.361714,1,150.80770303344013
138.0,7.0,0,-1.4564096600515768,,0,
139.0,7.0,0,-6.6835285294801,,0,
140.0,7.0,0,-13.900836561457254,,0,
141.0,7.0,0,-18.501961248228326,-477.895147,1,-459.3931857517717
142.0,7.0,0,-9.059346360852942,,0,
143.0,7.0,0,3.8191814655438066,,0,
144.0,7.0,0,17.179544648213778,,0,
145.0,7.0,0,30.20952854398638,-224.675826,1,-254.88535454398638
146.0,7.0,0,41.14626603014767,,0,
147.0,7.0,0,47.70751033304259,,0,
148.0,7.0,0,47.887016269378364,,0,
149.0,7.0,0,38.87507636798546,121.456313,1,82.58123663201454
150.0,7.0,0,18.03005199250765,,0,
151.0,7.0,0,-17.65899202763103,,0,
152.0,7.0,0,-68.91858327027876,,0,
153.0,7.0,0,-132.9712102257181,-97.214805,1,35.7564052257181
154.0,7.0,0,-205.9324932966847,,0,
155.0,7.0,0,-282.0893050413579,,0,
156.0,7.0,0,-356.18182311276905,,0,
157.0,7.0,0,-423.5776496962644,-458.080175,1,-34.50252530373558
158.0,7.0,0,-481.37274460168555,,0,
159.0,7.0,0,-528.6074199071154,,0,
160.0,7.0,0,-564.1963053786894,,0,
161.0,7.0,0,-588.0169014749117,-737.165172,1,-149.14827052508826
162.0,7.0,0,-598.569048339501,,0,
163.0,7.0,0,-593.722973584896,,0,
164.0,7.0,0,-574.6495806630701,,0,
165.0,7.0,0,-543.0865148422308,-521.194875,1,21.891639842230802
166.0,7.0,0,-502.06181410024874,,0,
167.0,7.0,0,-454.67164050228894,,0,
168.0,7.0,0,-402.55862330948,,0,
169.0,7.0,0,-348.7133705059532,-325.650114,1,23.063256505953234
170.0,7.0,0,-296.86575747211464,,0,
171.0,7.0,0,-248.53186553856358,,0,
172.0,7.0,0,-204.76762534072623,,0,
173.0,7.0,0,-166.48470481671393,-211.73033,1,-45.24562518328608
174.0,7.0,0,-133.87965658772737,,0,
175.0,7.0,0,-106.63348459359258,,0,
176.0,7.0,0,-85.51060638867784,,0,
177.0,7.0,0,-71.35916315577924,-26.017899,1,45.34126415577924
178.0,7.0,0,-66.24792108382098,,0,
179.0,7.0,0,-71.82943447865546,,0,
180.0,7.0,0,-83.96106633218005,,0,
181.0,7.0,0,-100.76998900831677,92.987468,1,193.75745700831678
182.0,7.0,0,-124.45011265703943,,0,
183.0,7.0,0,-157.283516054973,,0,
184.0,7.0,0,-197.16226925200317,,0,
185.0,7.0,0,-241.933799630031,-108.168893,1,133.764906630031
186.0,7.0,0,-289.5949506426696,,0,
187.0,7.0,0,-331.2583547546528,,0,
188.0,7.0,0,-360.63268772605807,,0,
189.0,7.0,0,-372.87983356323093,-434.133817,1,-61.25398343676909
190.0,7.0,0,-365.0312842093408,,0,
191.0,7.0,0,-339.40833282703534,,0,
192.0,7.0,0,-299.39557783305645,,0,
193.0,7.0,0,-249.015083914157,-145.212145,1,103.80293891415701
194.0,7.0,0,-192.31877305358648,,0,
195.0,7.0,0,-133.18718681391329,,0,
196.0,7.0,0,-73.65886300359853,,0,
197.0,7.0,0,-18.026327182538807,239.757915,1,257.78424218253883
198.0,7.0,0,24.477508287644014,,0,
199.0,7.0,0,57.185690192040056,,0,
0.0,8.0,0,309.1286075860262,100.608673,1,-208.51993458602618
1.0,8.0,0,315.38724122336134,,0,
2.0,8.0,0,327.226582598174,,0,
3.0,8.0,0,340.981238274253,,0,
4.0,8.0,0,351.353932539816,423.69887,1,72.34493746018398
5.0,8.0,0,351.5689195995219,,0,
6.0,8.0,0,340.40130824554944,,0,
7.0,8.0,0,319.3513999465504,,0,
8.0,8.0,0,290.638462417759,277.826875,1,-12.811587417759029
9.0,8.0,0,256.3484028885141,,0,
10.0,8.0,0,217.60774081060663,,0,
11.0,8.0,0,175.5273487555096,,0,
12.0,8.0,0,131.4192503047525,125.878973,1,-5.540277304752493
13.0,8.0,0,87.14629902940942,,0,
14.0,8.0,0,43.95201272889972,,0,
15.0,8.0,0,1.4313068431802094,,0,
16.0,8.0,0,-41.862368074362166,23.484405,1,65.34677307436216
17.0,8.0,0,-88.12124498409685,,0,
18.0,8.0,0,-135.21966686239466,,0,
19.0,8.0,0,-180.74554742965847,,0,
20.0,8.0,0,-222.77670070587192,-213.038226,1,9.738474705871909
21.0,8.0,0,-261.50151194655336,,0,
22.0,8.0,0,-297.4886643800419,,0,
23.0,8.0,0,-330.6021050410345,,0,
24.0,8.0,0,-360.2695220243186,-249.076177,1,111.19334502431857
25.0,8.0,0,-384.5471177819418,,0,
26.0,8.0,0,-401.27546978811733,,0,
27.0,8.0,0,-408.0937347174622,,0,
28.0,8.0,0,-402.5908338780864,-383.442378,1,19.148455878086395
29.0,8.0,0,-383.57064893003553,,0,
30.0,8.0,0,-350.7234321408905,,0,
31.0,8.0,0,-306.7368745910935,,0,
32.0,8.0,0,-255.9806651683757,-470.685461,1,-214.70479583162427
33.0,8.0,0,-205.42428582999855,,0,
34.0,8.0,0,-160.9641038714908,,0,
35.0,8.0,0,-126.13615059060976,,0,
36.0,8.0,0,-103.01801583147608,-140.020799,1,-37.00278316852393
37.0,8.0,0,-91.85269139462616,,0,
38.0,8.0,0,-92.72210112260655,,0,
39.0,8.0,0,-102.82981521170586,,0,
40.0,8.0,0,-118.30012442765292,-275.106316,1,-156.80619157234707
41.0,8.0,0,-138.30992867279565,,0,
42.0,8.0,0,-162.3056082641706,,0,
43.0,8.0,0,-188.96308948728256,,0,
44.0,8.0,0,-216.7968448184547,-97.739994,1,119.0568508184547
45.0,8.0,0,-244.4388726935722,,0,
46.0,8.0,0,-271.94075945438817,,0,
47.0,8.0,0,-300.04264935152605,,0,
48.0,8.0,0,-329.26027588674333,-213.074032,1,116.18624388674334
49.0,8.0,0,-361.1352259028354,,0,
50.0,8.0,0,-390.9709157043835,,0,
51.0,8.0,0,-415.3190346301999,,0,
52.0,8.0,0,-430.25642356084427,-666.610001,1,-236.35357743915574
53.0,8.0,0,-429.7493849704042,,0,
54.0,8.0,0,-421.0560790526215,,0,
55.0,8.0,0,-408.6402491033077,,0,
56.0,8.0,0,-395.43856379389763,-256.941192,1,138.49737179389763
57.0,8.0,0,-383.52205207024235,,0,
58.0,8.0,0,-373.9340422612149,,0,
59.0,8.0,0,-365.3719325492857,,0,
60.0,8.0,0,-356.4522884974431,-355.138664,1,1.3136244974430724
61.0,8.0,0,-347.05408634452033,,0,
62.0,8.0,0,-336.9090756778605,,0,
63.0,8.0,0,-325.21205554320477,,0,
64.0,8.0,0,-311.1659337809542,-202.762603,1,108.4033307809542
65.0,8.0,0,-294.3088453648961,,0,
66.0,8.0,0,-273.39338582893834,,0,
67.0,8.0,0,-245.70051193214022,,0,
68.0,8.0,0,-205.84281660904526,-420.51147,1,-214.66865339095472
69.0,8.0,0,-144.7231289720512,,0,
70.0,8.0,0,-66.88978596334346,,0,
71.0,8.0,0,18.928677197545767,,0,
72.0,8.0,0,102.7320168162114,22.571104,1,-80.16091281621141
73.0,8.0,0,173.51069044481847,,0,
74.0,8.0,0,220.60217313689645,,0,
75.0,8.0,0,234.9423523809528,,0,
76.0,8.0,0,212.2646274503495,433.652139,1,221.38751154965047
77.0,8.0,0,157.70640181557974,,0,
78.0,8.0,0,81.26733204396442,,0,
79.0,8.0,0,-2.8401746520539746,,0,
80.0,8.0,0,-80.40641120570945,-309.258947,1,-228.85253579429053
81.0,8.0,0,-143.38637806117185,,0,
82.0,8.0,0,-186.7489468100248,,0,
83.0,8.0,0,-211.21257556788623,,0,
84.0,8.0,0,-220.60122597499867,-494.133722,1,-273.5324960250013
85.0,8.0,0,-221.97626305476297,,0,
86.0,8.0,0,-223.63217564672232,,0,
87.0,8.0,0,-233.80944446503418,,0,
88.0,8.0,0,-256.6444872879947,27.236759,1,283.8812462879947
89.0,8.0,0,-285.8579102042131,,0,
90.0,8.0,0,-312.5468998370343,,0,
91.0,8.0,0,-328.552249763743,,0,
92.0,8.0,0,-329.00730303357705,-458.539858,1,-129.53255496642294
93.0,8.0,0,-317.07941357634263,,0,
94.0,8.0,0,-298.06023693690076,,0,
95.0,8.0,0,-276.8724302147457,,0,
96.0,8.0,0,-258.98243421822554,-194.441319,1,64.54111521822554
97.0,8.0,0,-250.5494742137962,,0,
98.0,8.0,0,-252.86054169398267,,0,
99.0,8.0,0,-265.151248204289,,0,
100.0,8.0,0,-285.7660629188467,-349.460284,1,-63.69422108115327
101.0,8.0,0,-313.23498007573653,,0,
102.0,8.0,0,-347.46728803310543,,0,
103.0,8.0,0,-391.59068282699445,,0,
104.0,8.0,0,-446.299119914067,-361.868383,1,84.43073691406698
105.0,8.0,0,-505.8339420427219,,0,
106.0,8.0,0,-562.9659003553097,,0,
107.0,8.0,0,-611.1117712436244,,0,
108.0,8.0,0,-645.8833495462895,-784.919561,1,-139.0362114537105
109.0,8.0,0,-663.9230487433961,,0,
110.0,8.0,0,-670.6768437727005,,0,
111.0,8.0,0,-669.9923544325284,,0,
112.0,8.0,0,-664.2805564352893,-605.981701,1,58.29885543528928
113.0,8.0,0,-655.1346189531614,,0,
114.0,8.0,0,-639.8964310240117,,0,
115.0,8.0,0,-617.1669114078395,,0,
116.0,8.0,0,-587.6483543172944,-644.982,1,-57.33364568270554
117.0,8.0,0,-551.8631865250645,,0,
118.0,8.0,0,-513.2134402253723,,0,
119.0,8.0,0,-476.5610478220042,,0,
120.0,8.0,0,-445.7987666889094,-336.025013,1,109.77375368890938
121.0,8.0,0,-423.63363731163554,,0,
122.0,8.0,0,-405.07709298992995,,0,
123.0,8.0,0,-385.8402975333156,,0,
124.0,8.0,0,-362.39611847134074,-411.290371,1,-48.89425252865925
125.0,8.0,0,-331.01895352243446,,0,
126.0,8.0,0,-292.1059337204788,,0,
127.0,8.0,0,-249.41299847653136,,0,
128.0,8.0,0,-207.69903468852863,-218.931935,1,-11.232900311471383
129.0,8.0,0,-172.29343073337805,,0,
130.0,8.0,0,-146.3283730284311,,0,
131.0,8.0,0,-126.57628376618959,,0,
132.0,8.0,0,-108.13918059231946,-53.345428,1,54.793752592319464
133.0,8.0,0,-87.35113015817478,,0,
134.0,8.0,0,-59.51758817798691,,0,
135.0,8.0,0,-24.215014202753082,,0,
136.0,8.0,0,13.730018051806837,226.690941,1,212.96092294819317
137.0,8.0,0,43.903785446775146,,0,
138.0,8.0,0,66.57463308982551,,0,
139.0,8.0,0,81.97160305990838,,0,
140.0,8.0,0,89.86388677556533,30.491239,1,-59.37264777556533
141.0,8.0,0,93.82898333691992,,0,
142.0,8.0,0,98.12697931879666,,0,
143.0,8.0,0,100.23028825293295,,0,
144.0,8.0,0,100.53174711053725,-327.390846,1,-427.92259311053726
145.0,8.0,0,98.36168655124493,,0,
146.0,8.0,0,93.32353076105937,,0,
147.0,8.0,0,85.72788350796327,,0,
148.0,8.0,0,75.00625018856954,156.504944,1,81.49869381143046
149.0,8.0,0,58.084386645350605,,0,
150.0,8.0,0,34.26172397413757,,0,
151.0,8.0,0,1.0091938271652907,,0,
152.0,8.0,0,-43.14683353132568,-180.226308,1,-137.0794744686743
153.0,8.0,0,-97.27828752761707,,0,
154.0,8.0,0,-159.13850145507604,,0,
155.0,8.0,0,-225.11701163975522,,0,
156.0,8.0,0,-290.837293661898,-369.336087,1,-78.49879333810202
157.0,8.0,0,-351.040021679597,,0,
158.0,8.0,0,-404.9213670255849,,0,
159.0,8.0,0,-451.53689182782546,,0,
160.0,8.0,0,-489.88853663625196,-462.960699,1,26.92783763625198
161.0,8.0,0,-519.3098406135105,,0,
162.0,8.0,0,-537.3956379722804,,0,
163.0,8.0,0,-542.3812933322042,,0,
164.0,8.0,0,-533.8511765452567,-600.542972,1,-66.69179545474321
165.0,8.0,0,-511.3409503295552,,0,
166.0,8.0,0,-477.76431353215594,,0,
167.0,8.0,0,-434.6110764595214,,0,
168.0,8.0,0,-383.47147614555433,-315.669913,1,67.80156314555433
169.0,8.0,0,-328.8531443250831,,0,
170.0,8.0,0,-274.5131852978375,,0,
171.0,8.0,0,-221.64723204798065,,0,
172.0,8.0,0,-170.66338959382847,-71.627742,1,99.03564759382847
173.0,8.0,0,-123.27410606481135,,0,
174.0,8.0,0,-81.75143086840399,,0,
175.0,8.0,0,-48.236874882131815,,0,
176.0,8.0,0,-24.033120318548754,-131.077243,1,-107.04412268145126
177.0,8.0,0,-9.464927674969658,,0,
178.0,8.0,0,-5.2485406522173434,,0,
179.0,8.0,0,-10.49408237892203,,0,
180.0,8.0,0,-22.448739191982895,-70.147363,1,-47.6986238080171
181.0,8.0,0,-42.50407977309078,,0,
182.0,8.0,0,-72.80833881651051,,0,
183.0,8.0,0,-113.17198371794075,,0,
184.0,8.0,0,-161.47297333553433,-53.499678,1,107.97329533553433
185.0,8.0,0,-216.62027461547405,,0,
186.0,8.0,0,-271.6543467731681,,0,
187.0,8.0,0,-318.70866788062267,,0,
188.0,8.0,0,-351.4119266048074,-416.333649,1,-64.9217223951926
189.0,8.0,0,-363.9516359134577,,0,
190.0,8.0,0,-355.2447135368129,,0,
191.0,8.0,0,-327.30832435842603,,0,
192.0,8.0,0,-285.0005536938552,-261.938492,1,23.062061693855185
193.0,8.0,0,-233.89755773171782,,0,
194.0,8.0,0,-177.56058485084213,,0,
195.0,8.0,0,-119.39052402647212,,0,
196.0,8.0,0,-63.10280802869238,-34.820102,1,28.28270602869238
197.0,8.0,0,-13.488953567575663,,0,
198.0,8.0,0,25.25257375196088,,0,
199.0,8.0,0,54.52456273837015,,0,
0.0,9.0,0,285.71511347126216,,0,
1.0,9.0,0,286.6358165383572,,0,
2.0,9.0,0,294.18451399123296,,0,
3.0,9.0,0,307.09833581908606,255.453379,1,-51.64495681908605
4.0,9.0,0,318.46556043229066,,0,
5.0,9.0,0,322.01694764901185,,0,
6.0,9.0,0,316.1820964892395,,0,
7.0,9.0,0,301.9410506100394,316.072931,1,14.1318803899606
8.0,9.0,0,281.3697002520785,,0,
9.0,9.0,0,256.2696640889626,,0,
10.0,9.0,0,227.3541512368247,,0,
11.0,9.0,0,194.67525452421978,229.345786,1,34.67053147578022
12.0,9.0,0,158.33487216348294,,0,
13.0,9.0,0,119.81809022591915,,0,
14.0,9.0,0,79.4833026882261,,0,
15.0,9.0,0,36.98527727462351,100.276794,1,63.29151672537648
16.0,9.0,0,-8.948829888598993,,0,
17.0,9.0,0,-59.38387368246913,,0,
18.0,9.0,0,-112.42921214108355,,0,
19.0,9.0,0,-164.19224700587802,-236.330794,1,-72.13854699412198
20.0,9.0,0,-210.25296762096696,,0,
21.0,9.0,0,-251.09401759001776,,0,
22.0,9.0,0,-287.08711091661826,,0,
23.0,9.0,0,-318.62938099354506,-258.692264,1,59.93711699354503
24.0,9.0,0,-346.3860402182909,,0,
25.0,9.0,0,-367.7857924691634,,0,
26.0,9.0,0,-380.8568585761823,,0,
27.0,9.0,0,-383.1980384835042,-448.160828,1,-64.96278951649577
28.0,9.0,0,-371.4833745578653,,0,
29.0,9.0,0,-346.31549484061543,,0,
30.0,9.0,0,-308.6678098964039,,0,
31.0,9.0,0,-260.70891312044114,-381.093528,1,-120.38461487955885
32.0,9.0,0,-205.62952706078067,,0,
33.0,9.0,0,-153.27410151157528,,0,
34.0,9.0,0,-109.84981140168384,,0,
35.0,9.0,0,-77.65985297760926,132.010453,1,209.67030597760927
36.0,9.0,0,-57.347497281909455,,0,
37.0,9.0,0,-49.357939945475664,,0,
38.0,9.0,0,-53.558197068050504,,0,
39.0,9.0,0,-66.63138237176463,-212.168723,1,-145.53734062823537
40.0,9.0,0,-82.11868867638987,,0,
41.0,9.0,0,-101.47435239545302,,0,
42.0,9.0,0,-124.14847633021418,,0,
43.0,9.0,0,-148.17752949078567,-107.631002,1,40.54652749078568
44.0,9.0,0,-172.25641105842078,,0,
45.0,9.0,0,-194.4667995411437,,0,
46.0,9.0,0,-215.82635793322697,,0,
47.0,9.0,0,-238.66196687985212,65.564034,1,304.2260008798521
48.0,9.0,0,-262.845655648096,,0,
49.0,9.0,0,-288.11531908949837,,0,
50.0,9.0,0,-312.2630611481145,,0,
51.0,9.0,0,-332.3491740541067,-508.89531,1,-176.5461359458933
52.0,9.0,0,-344.82536621467443,,0,
53.0,9.0,0,-347.2603624277981,,0,
54.0,9.0,0,-343.2666773593519,,0,
55.0,9.0,0,-337.06898465706035,-320.326569,1,16.74241565706035
56.0,9.0,0,-331.4437714886153,,0,
57.0,9.0,0,-327.18717108870624,,0,
58.0,9.0,0,-324.46146344195586,,0,
59.0,9.0,0,-322.77411221922375,-363.131149,1,-40.35703678077624
60.0,9.0,0,-321.0643228109402,,0,
61.0,9.0,0,-320.09574458526913,,0,
62.0,9.0,0,-318.9688610082958,,0,
63.0,9.0,0,-315.72593501233496,-345.54785,1,-29.821914987665025
64.0,9.0,0,-309.08477365679573,,0,
65.0,9.0,0,-298.8964264887618,,0,
66.0,9.0,0,-283.42869307025103,,0,
67.0,9.0,0,-259.39952324004844,-385.412934,1,-126.01341075995157
68.0,9.0,0,-221.29200471309014,,0,
69.0,9.0,0,-163.6753521176288,,0,
70.0,9.0,0,-89.18565717013553,,0,
71.0,9.0,0,-6.553519249893725,-60.714554,1,-54.161034750106275
72.0,9.0,0,74.68754942255327,,0,
73.0,9.0,0,143.2737467989209,,0,
74.0,9.0,0,189.9384431288927,,0,
75.0,9.0,0,206.13697544112802,423.967362,1,217.83038655887196
76.0,9.0,0,183.6851995374891,,0,
77.0,9.0,0,130.3379574890714,,0,
78.0,9.0,0,56.26650614547543,,0,
79.0,9.0,0,-24.08807342266664,-250.531991,1,-226.44391757733337
80.0,9.0,0,-93.01746640904457,,0,
81.0,9.0,0,-147.0080930586555,,0,
82.0,9.0,0,-182.49049395747716,,0,
83.0,9.0,0,-198.16247414355166,-294.903261,1,-96.74078685644832
84.0,9.0,0,-196.5151169927558,,0,
85.0,9.0,0,-187.21900093992008,,0,
86.0,9.0,0,-180.46655219758395,,0,
87.0,9.0,0,-187.0944349548663,123.563737,1,310.6581719548663
88.0,9.0,0,-214.91174685867736,,0,
89.0,9.0,0,-251.47806536289863,,0,
90.0,9.0,0,-285.4356064972235,,0,
91.0,9.0,0,-305.7427576945629,-540.5918,1,-234.84904230543714
92.0,9.0,0,-304.966814310872,,0,
93.0,9.0,0,-290.8934108110843,,0,
94.0,9.0,0,-269.2051512968028,,0,
95.0,9.0,0,-245.2291308711283,-262.171011,1,-16.94188012887173
96.0,9.0,0,-225.00619453156833,,0,
97.0,9.0,0,-214.34114282391965,,0,
98.0,9.0,0,-215.9029919682216,,0,
99.0,9.0,0,-229.20590262394398,-243.243215,1,-14.037312376056008
100.0,9.0,0,-252.20913028973155,,0,
101.0,9.0,0,-283.84756379399914,,0,
102.0,9.0,0,-324.8408433800796,,0,
103.0,9.0,0,-377.738134861429,-216.205369,1,161.532765861429
104.0,9.0,0,-443.0951776745205,,0,
105.0,9.0,0,-511.1747434285935,,0,
106.0,9.0,0,-573.577240449813,,0,
107.0,9.0,0,-623.3086109698052,-843.459207,1,-220.15059603019483
108.0,9.0,0,-657.7016521650949,,0,
109.0,9.0,0,-676.4380405367119,,0,
110.0,9.0,0,-682.8251169220312,,0,
111.0,9.0,0,-680.1790091898292,-502.390978,1,177.7880311898292
112.0,9.0,0,-670.6632132769446,,0,
113.0,9.0,0,-655.409092915128,,0,
114.0,9.0,0,-633.9883093010285,,0,
115.0,9.0,0,-606.6832587290555,-581.507284,1,25.175974729055497
116.0,9.0,0,-574.9320167970727,,0,
117.0,9.0,0,-540.6859300601063,,0,
118.0,9.0,0,-506.8904370953678,,0,
119.0,9.0,0,-476.33183961943723,-238.593391,1,237.73844861943724
120.0,9.0,0,-451.2510563596152,,0,
121.0,9.0,0,-432.3719833306968,,0,
122.0,9.0,0,-416.80492907197913,,0,
123.0,9.0,0,-400.8214577806648,-499.87222,1,-99.05076221933524
124.0,9.0,0,-380.6637489484856,,0,
125.0,9.0,0,-353.3327720761299,,0,
126.0,9.0,0,-319.13523767259903,,0,
127.0,9.0,0,-281.6018174785422,-320.730143,1,-39.12832552145778
128.0,9.0,0,-244.80699556402396,,0,
129.0,9.0,0,-213.82852485845797,,0,
130.0,9.0,0,-190.17363740701694,,0,
131.0,9.0,0,-170.6430950005306,-267.380245,1,-96.73714999946941
132.0,9.0,0,-149.5706596626551,,0,
133.0,9.0,0,-121.12745556002483,,0,
134.0,9.0,0,-80.959403686109,,0,
135.0,9.0,0,-29.636373522225767,-185.812678,1,-156.17630447777424
136.0,9.0,0,27.308203549007885,,0,
137.0,9.0,0,82.75839721853845,,0,
138.0,9.0,0,133.54834651446436,,0,
139.0,9.0,0,176.0980881989235,267.41848,1,91.32039180107648
140.0,9.0,0,204.90859861124773,,0,
141.0,9.0,0,220.51250757300295,,0,
142.0,9.0,0,222.30432747933082,,0,
143.0,9.0,0,209.99322224082425,-41.236724,1,-251.22994624082426
144.0,9.0,0,193.04627594072372,,0,
145.0,9.0,0,170.58149679144844,,0,
146.0,9.0,0,144.88028913806193,,0,
147.0,9.0,0,118.76197701063938,-238.058839,1,-356.8208160106394
148.0,9.0,0,93.74670898623299,,0,
149.0,9.0,0,69.50288924085908,,0,
150.0,9.0,0,44.394124586484395,,0,
151.0,9.0,0,15.101637849584222,45.589158,1,30.487520150415776
152.0,9.0,0,-20.643804479856044,,0,
153.0,9.0,0,-62.84907289617695,,0,
154.0,9.0,0,-111.14772701286711,,0,
155.0,9.0,0,-163.67410871968605,-164.082614,1,-0.4085052803139604
156.0,9.0,0,-217.33165958488826,,0,
157.0,9.0,0,-269.09761505480856,,0,
158.0,9.0,0,-317.86416383692995,,0,
159.0,9.0,0,-362.7960595837794,-285.118619,1,77.6774405837794
160.0,9.0,0,-402.80045965127647,,0,
161.0,9.0,0,-436.5041735053528,,0,
162.0,9.0,0,-461.51478390721604,,0,
163.0,9.0,0,-475.3326964217704,-507.981712,1,-32.64901557822964
164.0,9.0,0,-476.5754916849546,,0,
165.0,9.0,0,-464.5690738630947,,0,
166.0,9.0,0,-439.8958320423262,,0,
167.0,9.0,0,-402.832865732722,-536.198665,1,-133.36579926727802
168.0,9.0,0,-354.2152105399873,,0,
169.0,9.0,0,-301.33967758808285,,0,
170.0,9.0,0,-247.63294795388356,,0,
171.0,9.0,0,-193.62850971589796,-245.281732,1,-51.65322228410204
172.0,9.0,0,-138.48544057784602,,0,
173.0,9.0,0,-84.87072703521699,,0,
174.0,9.0,0,-36.86858361156192,,0,
175.0,9.0,0,0.8301892727613449,51.810974,1,50.98078472723866
176.0,9.0,0,26.810883863829076,,0,
177.0,9.0,0,42.15074103837833,,0,
178.0,9.0,0,46.38196927588433,,0,
179.0,9.0,0,40.64838201366365,-155.809035,1,-196.45741701366364
180.0,9.0,0,29.36994103831239,,0,
181.0,9.0,0,6.487101181875914,,0,
182.0,9.0,0,-30.335560859646648,,0,
183.0,9.0,0,-79.05395824601874,52.004187,1,131.05814524601874
184.0,9.0,0,-136.07835749187507,,0,
185.0,9.0,0,-197.45280313305557,,0,
186.0,9.0,0,-255.93260679068044,,0,
187.0,9.0,0,-303.48811425291933,-290.274861,1,13.213253252919344
188.0,9.0,0,-335.3035489041358,,0,
189.0,9.0,0,-347.1615513674915,,0,
190.0,9.0,0,-336.576816500281,,0,
191.0,9.0,0,-305.0943971951492,-345.000624,1,-39.9062268048508
192.0,9.0,0,-260.24180240463465,,0,
193.0,9.0,0,-208.77328845579177,,0,
194.0,9.0,0,-154.0978208486922,,0,
195.0,9.0,0,-98.99627309758216,-203.578167,1,-104.58189390241785
196.0,9.0,0,-48.487628537463024,,0,
197.0,9.0,0,-6.205097682308406,,0,
198.0,9.0,0,27.211717520141974,,0,
199.0,9.0,0,53.26014687260613,137.082898,1,83.82275112739387
0.0,10.0,0,272.02669550292194,,0,
1.0,10.0,0,268.66048719047103,,0,
2.0,10.0,0,270.0730573623441,-13.165047,1,-283.23810436234413
3.0,10.0,0,280.72879914799705,,0,
4.0,10.0,0,290.54760856262874,,0,
5.0,10.0,0,294.5041959085502,,0,
6.0,10.0,0,291.402343058493,311.535675,1,20.133331941507038
7.0,10.0,0,281.66040076268837,,0,
8.0,10.0,0,267.28871914732736,,0,
9.0,10.0,0,249.6589646434877,,0,
10.0,10.0,0,228.95970305381343,267.740889,1,38.781185946186554
11.0,10.0,0,203.95613708812743,,0,
12.0,10.0,0,175.03607676550746,,0,
13.0,10.0,0,142.11118533683475,,0,
14.0,10.0,0,104.4802995971404,181.35802,1,76.87772040285961
15.0,10.0,0,62.47698109969497,,0,
16.0,10.0,0,15.143007701612078,,0,
17.0,10.0,0,-38.63186203711666,,0,
18.0,10.0,0,-96.6435641576536,-193.226199,1,-96.58263484234641
19.0,10.0,0,-153.12996761896648,,0,
20.0,10.0,0,-203.40557402034756,,0,
21.0,10.0,0,-246.3361278405646,,0,
22.0,10.0,0,-282.2200379255228,-261.426785,1,20.79325292552278
23.0,10.0,0,-312.06133442092687,,0,
24.0,10.0,0,-335.756729126093,,0,
25.0,10.0,0,-352.1481702570454,,0,
26.0,10.0,0,-359.7018242869526,-406.581773,1,-46.87994871304738
27.0,10.0,0,-355.90989072830416,,0,
28.0,10.0,0,-338.30790563765913,,0,
29.0,10.0,0,-306.89841923944186,,0,
30.0,10.0,0,-263.37686352967285,-314.085994,1,-50.70913047032718
31.0,10.0,0,-209.70136209577322,,0,
32.0,10.0,0,-152.04146675462835,,0,
33.0,10.0,0,-99.53887492034119,,0,
34.0,10.0,0,-59.13485011074226,221.797698,1,280.93254811074223
35.0,10.0,0,-30.804635561769828,,0,
36.0,10.0,0,-13.728253024746664,,0,
37.0,10.0,0,-8.852701775613241,,0,
38.0,10.0,0,-16.768931831233203,-61.734775,1,-44.965843168766796
39.0,10.0,0,-32.892939194338396,,0,
40.0,10.0,0,-52.217986463569105,,0,
41.0,10.0,0,-74.26229108788539,,0,
42.0,10.0,0,-98.90112065221183,-70.615661,1,28.285459652211827
43.0,10.0,0,-123.14264503866434,,0,
44.0,10.0,0,-144.47690535202855,,0,
45.0,10.0,0,-161.64053085219348,,0,
46.0,10.0,0,-176.0965513875708,-11.781059,1,164.3154923875708
47.0,10.0,0,-192.99129236093722,,0,
48.0,10.0,0,-209.6527273435495,,0,
49.0,10.0,0,-225.80937141587492,,0,
50.0,10.0,0,-241.3559610581724,-314.79522,1,-73.43925894182757
51.0,10.0,0,-254.5687539698556,,0,
52.0,10.0,0,-263.44710133207263,,0,
53.0,10.0,0,-267.3363017583615,,0,
54.0,10.0,0,-268.1718498368282,-320.486537,1,-52.31468716317181
55.0,10.0,0,-268.7430167347193,,0,
56.0,10.0,0,-270.777998599282,,0,
57.0,10.0,0,-274.0553264869959,,0,
58.0,10.0,0,-277.5799477258115,-315.240188,1,-37.66024027418848
59.0,10.0,0,-281.2648996564094,,0,
60.0,10.0,0,-285.744379051117,,0,
61.0,10.0,0,-291.88950897037284,,0,
62.0,10.0,0,-298.32430211035535,-367.889711,1,-69.56540888964463
63.0,10.0,0,-301.37412772350945,,0,
64.0,10.0,0,-300.8400980163133,,0,
65.0,10.0,0,-295.7365051974775,,0,
66.0,10.0,0,-283.770392189268,-257.920633,1,25.849759189268013
67.0,10.0,0,-261.809204737423,,0,
68.0,10.0,0,-225.75503146561095,,0,
69.0,10.0,0,-171.32678166602273,,0,
70.0,10.0,0,-98.64969967864454,-372.342077,1,-273.6923773213555
71.0,10.0,0,-17.921061629778706,,0,
72.0,10.0,0,59.441475498344516,,0,
73.0,10.0,0,123.8436665488407,,0,
74.0,10.0,0,167.45676627906505,177.462126,1,10.005359720934962
75.0,10.0,0,182.04342864104547,,0,
76.0,10.0,0,162.2563577782421,,0,
77.0,10.0,0,111.81879707681946,,0,
78.0,10.0,0,40.98725259094499,-34.196202,1,-75.18345459094499
79.0,10.0,0,-33.70359191845637,,0,
80.0,10.0,0,-97.45805981769809,,0,
81.0,10.0,0,-144.7000101589074,,0,
82.0,10.0,0,-173.03636912174989,-278.880375,1,-105.84400587825013
83.0,10.0,0,-179.97258171520662,,0,
84.0,10.0,0,-171.00776202025008,,0,
85.0,10.0,0,-154.7208581623854,,0,
86.0,10.0,0,-142.2768884014804,84.961263,1,227.2381514014804
87.0,10.0,0,-148.79905524174683,,0,
88.0,10.0,0,-175.0495370089193,,0,
89.0,10.0,0,-213.59727317627403,,0,
90.0,10.0,0,-251.51238548065885,-471.938878,1,-220.42649251934114
91.0,10.0,0,-272.2097301110625,,0,
92.0,10.0,0,-273.89032240223605,,0,
93.0,10.0,0,-260.5342484891298,,0,
94.0,10.0,0,-237.70397861883976,-308.700144,1,-70.99616538116027
95.0,10.0,0,-211.64624917172478,,0,
96.0,10.0,0,-188.90985755930888,,0,
97.0,10.0,0,-176.00690512685105,,0,
98.0,10.0,0,-177.56748559681,-50.800539,1,126.76694659681
99.0,10.0,0,-193.03638802672504,,0,
100.0,10.0,0,-220.2188120954961,,0,
101.0,10.0,0,-257.73677800490987,,0,
102.0,10.0,0,-306.1543172695674,-142.912271,1,163.2420462695674
103.0,10.0,0,-369.3155168655212,,0,
104.0,10.0,0,-441.6004939916311,,0,
105.0,10.0,0,-514.9635091952514,,0,
106.0,10.0,0,-581.0044120740495,-742.336195,1,-161.3317829259505
107.0,10.0,0,-630.5485541246599,,0,
108.0,10.0,0,-664.0863347488921,,0,
109.0,10.0,0,-682.4528437431436,,0,
110.0,10.0,0,-688.3522802364896,-556.044899,1,132.30738123648962
111.0,10.0,0,-683.9002781306626,,0,
112.0,10.0,0,-670.671533814806,,0,
113.0,10.0,0,-649.7620476880111,,0,
114.0,10.0,0,-621.9420703405049,-624.197459,1,-2.255388659495111
115.0,10.0,0,-589.3856128335465,,0,
116.0,10.0,0,-555.1431548369583,,0,
117.0,10.0,0,-522.5882289754227,,0,
118.0,10.0,0,-494.351647346135,-292.999819,1,201.351828346135
119.0,10.0,0,-470.8008125241613,,0,
120.0,10.0,0,-451.9930000115419,,0,
121.0,10.0,0,-437.3674314764794,,0,
122.0,10.0,0,-424.89719292894006,-407.480862,1,17.416330928940056
123.0,10.0,0,-412.00719890813343,,0,
124.0,10.0,0,-395.23622635006905,,0,
125.0,10.0,0,-371.6922629965702,,0,
126.0,10.0,0,-340.85077918408206,-426.69356,1,-85.84278081591793
127.0,10.0,0,-307.1481882551452,,0,
128.0,10.0,0,-275.4169479784323,,0,
129.0,10.0,0,-249.50488335161936,,0,
130.0,10.0,0,-230.36400437331758,-259.197451,1,-28.833446626682417
131.0,10.0,0,-213.84584177215584,,0,
132.0,10.0,0,-192.96637610532343,,0,
133.0,10.0,0,-159.7421256294474,,0,
134.0,10.0,0,-108.7279593810672,-343.547661,1,-234.8197016189328
135.0,10.0,0,-42.38257382181473,,0,
136.0,10.0,0,33.80631168768741,,0,
137.0,10.0,0,114.37135005649179,,0,
138.0,10.0,0,194.21769713715184,379.481472,1,185.26377486284815
139.0,10.0,0,265.1992426835932,,0,
140.0,10.0,0,318.02815752488095,,0,
141.0,10.0,0,347.3905285713263,,0,
142.0,10.0,0,351.441818731837,596.903475,1,245.46165626816298
143.0,10.0,0,328.10379785089754,,0,
144.0,10.0,0,289.5093245819444,,0,
145.0,10.0,0,242.12220196565613,,0,
146.0,10.0,0,192.02511593082454,-362.350243,1,-554.3753589308245
147.0,10.0,0,144.02194206276909,,0,
148.0,10.0,0,102.55235774291214,,0,
149.0,10.0,0,70.19836141355336,,0,
150.0,10.0,0,44.87530255643651,137.357404,1,92.4821014435635
151.0,10.0,0,20.5993714092765,,0,
152.0,10.0,0,-4.237384172505699,,0,
153.0,10.0,0,-31.9267665266525,,0,
154.0,10.0,0,-64.50990509684198,61.56924,1,126.07914509684198
155.0,10.0,0,-101.37714757956564,,0,
156.0,10.0,0,-140.96626838529482,,0,
157.0,10.0,0,-182.05873861233704,,0,
158.0,10.0,0,-223.9235030655982,-193.070535,1,30.85296806559819
159.0,10.0,0,-265.46927538421005,,0,
160.0,10.0,0,-305.32119724014774,,0,
161.0,10.0,0,-341.8443244046066,,0,
162.0,10.0,0,-372.77750885766,-417.358473,1,-44.58096414234001
163.0,10.0,0,-394.5430777322035,,0,
164.0,10.0,0,-405.2103978829691,,0,
165.0,10.0,0,-402.935041759396,,0,
166.0,10.0,0,-387.00652302301023,-514.508664,1,-127.50214097698972
167.0,10.0,0,-355.55034755775705,,0,
168.0,10.0,0,-313.64697500597686,,0,
169.0,10.0,0,-266.82437620381825,,0,
170.0,10.0,0,-217.8792960718274,-279.402668,1,-61.523371928172594
171.0,10.0,0,-166.6515404684469,,0,
172.0,10.0,0,-112.51022832421586,,0,
173.0,10.0,0,-57.12938724504784,,0,
174.0,10.0,0,-5.347596235340461,196.803173,1,202.15076923534045
175.0,10.0,0,34.0976482774131,,0,
176.0,10.0,0,62.987141428515315,,0,
177.0,10.0,0,81.38835840928368,,0,
178.0,10.0,0,88.42727970192209,-77.691127,1,-166.11840670192208
179.0,10.0,0,85.36302966438234,,0,
180.0,10.0,0,73.1818221998401,,0,
181.0,10.0,0,47.27041662018746,,0,
182.0,10.0,0,3.8993751634843647,213.645849,1,209.74647383651563
183.0,10.0,0,-52.14275350328535,,0,
184.0,10.0,0,-114.71179078542627,,0,
185.0,10.0,0,-178.39343563932925,,0,
186.0,10.0,0,-236.3947290335782,-377.319073,1,-140.92434396642182
187.0,10.0,0,-279.8400061498396,,0,
188.0,10.0,0,-307.5394802391529,,0,
189.0,10.0,0,-315.9176753363572,,0,
190.0,10.0,0,-301.02736559463665,-502.208585,1,-201.18121940536338
191.0,10.0,0,-263.4293851777911,,0,
192.0,10.0,0,-215.3454605927691,,0,
193.0,10.0,0,-163.82547648018226,,0,
194.0,10.0,0,-111.8553503965959,-257.190118,1,-145.3347676034041
195.0,10.0,0,-61.03807088267058,,0,
196.0,10.0,0,-18.54536027298309,,0,
197.0,10.0,0,14.091180968098342,,0,
198.0,10.0,0,39.31072659930214,-33.032438,1,-72.34316459930214
199.0,10.0,0,59.95833271602169,,0,
0.0,11.0,0,266.5322084291838,,0,
1.0,11.0,0,262.30954365059733,5.589234,1,-256.72030965059736
2.0,11.0,0,261.3859342043288,,0,
3.0,11.0,0,265.07123378291726,,0,
4.0,11.0,0,268.96092908096034,,0,
5.0,11.0,0,269.34095452108886,281.233881,1,11.892926478911136
6.0,11.0,0,265.26559129171073,,0,
7.0,11.0,0,257.25102058937773,,0,
8.0,11.0,0,246.56917465594597,,0,
9.0,11.0,0,234.01896792382468,274.695446,1,40.67647807617533
10.0,11.0,0,219.2269092677161,,0,
11.0,11.0,0,200.77296651084907,,0,
12.0,11.0,0,177.82788152969442,,0,
13.0,11.0,0,149.7358719020849,260.539865,1,110.80399309791511
14.0,11.0,0,114.20962592912838,,0,
15.0,11.0,0,73.58459420595318,,0,
16.0,11.0,0,26.30380576616153,,0,
17.0,11.0,0,-30.20414906728547,57.058201,1,87.26235006728547
18.0,11.0,0,-92.66435350116808,,0,
19.0,11.0,0,-152.62474964139983,,0,
20.0,11.0,0,-205.45370981027372,,0,
21.0,11.0,0,-249.45650956779718,-249.504338,1,-0.04782843220280597
22.0,11.0,0,-284.51376375276595,,0,
23.0,11.0,0,-311.13165593193844,,0,
24.0,11.0,0,-329.49409622710664,,0,
25.0,11.0,0,-339.3938016797183,-312.268907,1,27.124894679718295
26.0,11.0,0,-340.42892288812436,,0,
27.0,11.0,0,-330.2767525892705,,0,
28.0,11.0,0,-306.6869255946949,,0,
29.0,11.0,0,-268.82180595980026,-379.001514,1,-110.17970804019973
30.0,11.0,0,-219.27324009966105,,0,
31.0,11.0,0,-161.92935898457654,,0,
32.0,11.0,0,-103.3102191418875,,0,
33.0,11.0,0,-52.292503128992394,167.473304,1,219.7658071289924
34.0,11.0,0,-17.133323598420247,,0,
35.0,11.0,0,6.477512199431658,,0,
36.0,11.0,0,19.68247705505928,,0,
37.0,11.0,0,21.67225364386104,200.201811,1,178.52955735613895
38.0,11.0,0,9.373409499879926,,0,
39.0,11.0,0,-10.870134936179966,,0,
40.0,11.0,0,-35.18067556020105,,0,
41.0,11.0,0,-61.65116603707429,61.069992,1,122.72115803707429
42.0,11.0,0,-90.51198607403785,,0,
43.0,11.0,0,-116.28065032023005,,0,
44.0,11.0,0,-136.20950647839345,,0,
45.0,11.0,0,-149.79638975620037,8.143198,1,157.93958775620038
46.0,11.0,0,-158.97809243481606,,0,
47.0,11.0,0,-166.73612677003257,,0,
48.0,11.0,0,-173.01930242677918,,0,
49.0,11.0,0,-178.00869888963643,-124.553233,1,53.45546588963643
50.0,11.0,0,-183.52216643514112,,0,
51.0,11.0,0,-188.7766082296148,,0,
52.0,11.0,0,-193.41984015738126,,0,
53.0,11.0,0,-197.26598442794057,-185.875895,1,11.390089427940552
54.0,11.0,0,-201.55280278762802,,0,
55.0,11.0,0,-208.03419335768558,,0,
56.0,11.0,0,-217.502008338226,,0,
57.0,11.0,0,-228.23130353877787,-267.208589,1,-38.97728546122215
58.0,11.0,0,-237.3489214334404,,0,
59.0,11.0,0,-245.17676701769233,,0,
60.0,11.0,0,-253.62804712390061,,0,
61.0,11.0,0,-264.78683907771483,-225.881762,1,38.90507707771482
62.0,11.0,0,-276.1095192823559,,0,
63.0,11.0,0,-284.3233788893558,,0,
64.0,11.0,0,-288.2572256124113,,0,
65.0,11.0,0,-286.6094621885568,-307.415419,1,-20.805956811443195
66.0,11.0,0,-276.4027871278813,,0,
67.0,11.0,0,-255.0236519073369,,0,
68.0,11.0,0,-219.6822957478871,,0,
69.0,11.0,0,-167.43218205624726,-483.330042,1,-315.89785994375274
70.0,11.0,0,-94.17899883701466,,0,
71.0,11.0,0,-15.175221516168676,,0,
72.0,11.0,0,57.67520698910812,,0,
73.0,11.0,0,115.96055088739377,38.167806,1,-77.79274488739377
74.0,11.0,0,154.50468129478395,,0,
75.0,11.0,0,166.1121587936068,,0,
76.0,11.0,0,146.94356162271288,,0,
77.0,11.0,0,98.29322637815494,261.096309,1,162.80308262184508
78.0,11.0,0,29.228910718578845,,0,
79.0,11.0,0,-40.7595021071611,,0,
80.0,11.0,0,-98.52432392226183,,0,
81.0,11.0,0,-138.63850965563324,-335.836512,1,-197.19800234436678
82.0,11.0,0,-159.35780179945868,,0,
83.0,11.0,0,-160.71692378411535,,0,
84.0,11.0,0,-147.4982144018286,,0,
85.0,11.0,0,-128.1963617579313,-141.917772,1,-13.721410242068714
86.0,11.0,0,-113.84611762303393,,0,
87.0,11.0,0,-115.11418436927488,,0,
88.0,11.0,0,-135.54062353723566,,0,
89.0,11.0,0,-171.53921864792937,-219.477227,1,-47.938008352070625
90.0,11.0,0,-208.9959818017087,,0,
91.0,11.0,0,-232.93123760679737,,0,
92.0,11.0,0,-238.1922396227601,,0,
93.0,11.0,0,-226.96843860752415,-263.42849,1,-36.46005139247586
94.0,11.0,0,-204.0041714881081,,0,
95.0,11.0,0,-176.70118845437537,,0,
96.0,11.0,0,-152.0361676045286,,0,
97.0,11.0,0,-137.08430235821288,0.110858,1,137.1951603582129
98.0,11.0,0,-139.81294986250577,,0,
99.0,11.0,0,-158.6245533862384,,0,
100.0,11.0,0,-191.53664696836495,,0,
101.0,11.0,0,-236.96600829984527,-123.261502,1,113.70450629984528
102.0,11.0,0,-294.6740218701307,,0,
103.0,11.0,0,-364.32175711210584,,0,
104.0,11.0,0,-440.4592220496852,,0,
105.0,11.0,0,-515.2059002838214,-640.744731,1,-125.53883071617861
106.0,11.0,0,-581.0837839129963,,0,
107.0,11.0,0,-631.9590242088307,,0,
108.0,11.0,0,-665.9911649758578,,0,
109.0,11.0,0,-683.5427436898462,-613.618847,1,69.92389668984629
110.0,11.0,0,-688.7255012057722,,0,
111.0,11.0,0,-682.3079508312512,,0,
112.0,11.0,0,-665.4712143004872,,0,
113.0,11.0,0,-639.7349161317106,-690.65462,1,-50.91970386828939
114.0,11.0,0,-606.2361924990546,,0,
115.0,11.0,0,-569.1512915755156,,0,
116.0,11.0,0,-532.9832493844442,,0,
117.0,11.0,0,-502.3864904025104,-409.850543,1,92.53594740251037
118.0,11.0,0,-479.89900954725454,,0,
119.0,11.0,0,-462.7922400200041,,0,
120.0,11.0,0,-449.8392186041456,,0,
121.0,11.0,0,-439.6775042338995,-327.337547,1,112.33995723389955
122.0,11.0,0,-430.3264331856044,,0,
123.0,11.0,0,-419.5488484769594,,0,
124.0,11.0,0,-404.8489956164849,,0,
125.0,11.0,0,-383.8106246886309,-546.408553,1,-162.59792831136906
126.0,11.0,0,-354.2555292114848,,0,
127.0,11.0,0,-323.4964667999884,,0,
128.0,11.0,0,-296.2241984192515,,0,
129.0,11.0,0,-275.1600177612854,-201.559588,1,73.60042976128543
130.0,11.0,0,-261.4058940646355,,0,
131.0,11.0,0,-249.11572535615414,,0,
132.0,11.0,0,-230.16983713232912,,0,
133.0,11.0,0,-194.86257530888543,-423.26022,1,-228.39764469111458
134.0,11.0,0,-135.08151036140043,,0,
135.0,11.0,0,-56.420545761007816,,0,
136.0,11.0,0,36.85188012488652,,0,
137.0,11.0,0,139.2497654397739,34.003641,1,-105.24612443977391
138.0,11.0,0,245.44291188532952,,0,
139.0,11.0,0,343.498710363172,,0,
140.0,11.0,0,419.5178253701888,,0,
141.0,11.0,0,460.7976507176645,964.67218,1,503.8745292823355
142.0,11.0,0,466.13930855167564,,0,
143.0,11.0,0,436.74172551138327,,0,
144.0,11.0,0,379.9229459891794,,0,
145.0,11.0,0,307.15068746730685,183.805872,1,-123.34481546730686
146.0,11.0,0,231.57940623397008,,0,
147.0,11.0,0,159.5087735047564,,0,
148.0,11.0,0,99.4147185604088,,0,
149.0,11.0,0,58.0900125275366,-78.689705,1,-136.7797175275366
150.0,11.0,0,32.00535236200085,,0,
151.0,11.0,0,14.909811505349353,,0,
152.0,11.0,0,2.9463644046336412,,0,
153.0,11.0,0,-7.974361581727862,76.158018,1,84.13237958172786
154.0,11.0,0,-23.122743556974456,,0,
155.0,11.0,0,-42.507511887000874,,0,
156.0,11.0,0,-66.19467146880925,,0,
157.0,11.0,0,-94.32951906742528,-68.698402,1,25.63111706742528
158.0,11.0,0,-126.92027642420726,,0,
159.0,11.0,0,-162.6226817124989,,0,
160.0,11.0,0,-199.96498320437968,,0,
161.0,11.0,0,-237.0022482292261,-446.896,1,-209.89375177077392
162.0,11.0,0,-271.98897945228964,,0,
163.0,11.0,0,-301.82226159237325,,0,
164.0,11.0,0,-322.08754977956414,,0,
165.0,11.0,0,-328.2726103796158,-409.501858,1,-81.22924762038423
166.0,11.0,0,-319.82390643667895,,0,
167.0,11.0,0,-297.44906059419736,,0,
168.0,11.0,0,-265.35853836638853,,0,
169.0,11.0,0,-228.67389662005007,-213.970847,1,14.70304962005008
170.0,11.0,0,-188.98980735056102,,0,
171.0,11.0,0,-145.44171653897502,,0,
172.0,11.0,0,-97.25991961057298,,0,
173.0,11.0,0,-45.426496274769306,25.805214,1,71.23171027476931
174.0,11.0,0,4.990254139411263,,0,
175.0,11.0,0,47.499825472943485,,0,
176.0,11.0,0,80.45223540766165,,0,
177.0,11.0,0,103.64933313569054,179.043827,1,75.39449386430945
178.0,11.0,0,114.98415363184176,,0,
179.0,11.0,0,115.08562895841897,,0,
180.0,11.0,0,102.97031405079179,,0,
181.0,11.0,0,75.81528115458786,371.19723,1,295.3819488454121
182.0,11.0,0,27.46680677868426,,0,
183.0,11.0,0,-31.84000031184405,,0,
184.0,11.0,0,-94.80643027927727,,0,
185.0,11.0,0,-155.1084512504749,-273.737008,1,-118.6285567495251
186.0,11.0,0,-206.19438395858742,,0,
187.0,11.0,0,-242.23524122172967,,0,
188.0,11.0,0,-261.5520116882399,,0,
189.0,11.0,0,-261.903341087047,-525.179272,1,-263.27593091295296
190.0,11.0,0,-236.55798668938223,,0,
191.0,11.0,0,-193.39583827601746,,0,
192.0,11.0,0,-141.9692964127753,,0,
193.0,11.0,0,-89.90275712870061,-218.673646,1,-128.77088887129938
194.0,11.0,0,-39.370571706444025,,0,
195.0,11.0,0,3.7303557260893285,,0,
196.0,11.0,0,35.12402255600318,,0,
197.0,11.0,0,55.050277828704566,-68.087054,1,-123.13733182870456
198.0,11.0,0,69.47128881805111,,0,
199.0,11.0,0,79.96910111699253,,0,
0.0,12.0,0,265.9006163001759,21.772496,1,-244.1281203001759
1.0,12.0,0,262.3267247818876,,0,
2.0,12.0,0,258.8262768269051,,0,
3.0,12.0,0,255.39613317279145,,0,
4.0,12.0,0,251.12106408481486,252.049256,1,0.9281919151851525
5.0,12.0,0,245.0136376627488,,0,
6.0,12.0,0,237.0101242302917,,0,
7.0,12.0,0,227.7907918440178,,0,
8.0,12.0,0,218.18983665748965,224.525432,1,6.335595342510345
9.0,12.0,0,208.44550061633345,,0,
10.0,12.0,0,197.89500444941223,,0,
11.0,12.0,0,184.14780023973435,,0,
12.0,12.0,0,164.44716842198977,230.129088,1,65.68191957801022
13.0,12.0,0,138.04291190835647,,0,
14.0,12.0,0,104.5885376855731,,0,
15.0,12.0,0,65.25855512404814,,0,
16.0,12.0,0,18.82176397892181,311.970097,1,293.1483330210782
17.0,12.0,0,-41.0471421177499,,0,
18.0,12.0,0,-104.91443430527579,,0,
19.0,12.0,0,-165.42933309974615,,0,
20.0,12.0,0,-218.206615452189,-215.514907,1,2.6917084521890047
21.0,12.0,0,-261.267662467435,,0,
22.0,12.0,0,-293.8611729417462,,0,
23.0,12.0,0,-315.96588140772656,,0,
24.0,12.0,0,-328.17001151666045,-325.456297,1,2.7137145166604455
25.0,12.0,0,-331.16404859605245,,0,
26.0,12.0,0,-324.89926234813174,,0,
27.0,12.0,0,-308.1670072625857,,0,
28.0,12.0,0,-279.15432268497534,-390.223825,1,-111.06950231502464
29.0,12.0,0,-235.63013913668692,,0,
30.0,12.0,0,-182.53644988313317,,0,
31.0,12.0,0,-124.6985905704787,,0,
32.0,12.0,0,-68.46450965548865,75.052587,1,143.51709665548867
33.0,12.0,0,-23.654843878000975,,0,
34.0,12.0,0,8.032359884120524,,0,
35.0,12.0,0,27.736723511246964,,0,
36.0,12.0,0,35.65533185377717,345.067705,1,309.4123731462228
37.0,12.0,0,32.136522226268426,,0,
38.0,12.0,0,17.341320969397202,,0,
39.0,12.0,0,-6.291500230086967,,0,
40.0,12.0,0,-36.586920727742836,133.168544,1,169.75546472774283
41.0,12.0,0,-69.54712070641108,,0,
42.0,12.0,0,-101.62556923017837,,0,
43.0,12.0,0,-128.4269435214228,,0,
44.0,12.0,0,-147.19488034327514,4.330302,1,151.52518234327513
45.0,12.0,0,-157.47137942211702,,0,
46.0,12.0,0,-160.69971397076733,,0,
47.0,12.0,0,-159.2037216349854,,0,
48.0,12.0,0,-154.6748013778124,-163.206285,1,-8.531483622187608
49.0,12.0,0,-148.58469684724696,,0,
50.0,12.0,0,-143.03671380190644,,0,
51.0,12.0,0,-139.69403888238594,,0,
52.0,12.0,0,-140.10490844561718,57.309256,1,197.4141644456172
53.0,12.0,0,-143.16230038600042,,0,
54.0,12.0,0,-149.12786429515108,,0,
55.0,12.0,0,-160.0817824198166,,0,
56.0,12.0,0,-176.58880868996494,-114.851178,1,61.73763068996493
57.0,12.0,0,-194.27662566874642,,0,
58.0,12.0,0,-209.19212239273475,,0,
59.0,12.0,0,-220.67556781240273,,0,
60.0,12.0,0,-230.88556076260284,-45.298145,1,185.58741576260283
61.0,12.0,0,-245.04439726402052,,0,
62.0,12.0,0,-258.64462931326125,,0,
63.0,12.0,0,-269.25316970061976,,0,
64.0,12.0,0,-275.10071775189135,-249.272607,1,25.82811075189136
65.0,12.0,0,-274.5227097517345,,0,
66.0,12.0,0,-264.2616041742731,,0,
67.0,12.0,0,-241.24199865019182,,0,
68.0,12.0,0,-202.59819223172963,-354.772481,1,-152.1742887682704
69.0,12.0,0,-146.75646365329158,,0,
70.0,12.0,0,-75.27356178301852,,0,
71.0,12.0,0,0.6941836101468652,,0,
72.0,12.0,0,68.68857139447937,167.959399,1,99.27082760552062
73.0,12.0,0,120.46203894016799,,0,
74.0,12.0,0,150.81960847662413,,0,
75.0,12.0,0,155.89002279523993,,0,
76.0,12.0,0,133.5464089754969,393.438981,1,259.8925720245031
77.0,12.0,0,81.59513748367317,,0,
78.0,12.0,0,14.873069971858058,,0,
79.0,12.0,0,-49.98614567873301,,0,
80.0,12.0,0,-100.09568115713773,-356.296662,1,-256.2009808428623
81.0,12.0,0,-132.2303357295459,,0,
82.0,12.0,0,-146.337051514638,,0,
83.0,12.0,0,-143.34596808085917,,0,
84.0,12.0,0,-127.13097561453469,-218.623771,1,-91.49279538546531
85.0,12.0,0,-105.78249241888989,,0,
86.0,12.0,0,-88.81698629658786,,0,
87.0,12.0,0,-84.2398235386936,,0,
88.0,12.0,0,-96.94744738959707,174.42523,1,271.3726773895971
89.0,12.0,0,-129.8724372976576,,0,
90.0,12.0,0,-166.9906913548475,,0,
91.0,12.0,0,-193.82118568918668,,0,
92.0,12.0,0,-201.58284158573952,-347.477927,1,-145.8950854142605
93.0,12.0,0,-191.54974634340033,,0,
94.0,12.0,0,-169.06200810981682,,0,
95.0,12.0,0,-141.3805992655689,,0,
96.0,12.0,0,-116.31269289640477,-146.300716,1,-29.988023103595225
97.0,12.0,0,-101.40319144679233,,0,
98.0,12.0,0,-104.33965267811436,,0,
99.0,12.0,0,-126.62450654583517,,0,
100.0,12.0,0,-165.87449481990188,-168.424107,1,-2.5496121800981086
101.0,12.0,0,-219.23708126493148,,0,
102.0,12.0,0,-284.6064951707376,,0,
103.0,12.0,0,-359.2436679500388,,0,
104.0,12.0,0,-437.6087413110945,-478.359073,1,-40.75033168890553
105.0,12.0,0,-511.90999482013285,,0,
106.0,12.0,0,-576.737944160297,,0,
107.0,12.0,0,-627.9929518328281,,0,
108.0,12.0,0,-663.3735662730178,-776.85928,1,-113.48571372698223
109.0,12.0,0,-680.9055069332826,,0,
110.0,12.0,0,-684.9196692982805,,0,
111.0,12.0,0,-676.5329807132948,,0,
112.0,12.0,0,-656.1920565915061,-693.917403,1,-37.72534640849392
113.0,12.0,0,-626.0433777393773,,0,
114.0,12.0,0,-589.1129321408807,,0,
115.0,12.0,0,-549.7798697096296,,0,
116.0,12.0,0,-513.2422275106073,-368.121004,1,145.1212235106073
117.0,12.0,0,-486.4259767009644,,0,
118.0,12.0,0,-467.8568769824342,,0,
119.0,12.0,0,-455.4580569769023,,0,
120.0,12.0,0,-447.3929418089683,-327.398594,1,119.99434780896831
121.0,12.0,0,-441.1098339422606,,0,
122.0,12.0,0,-433.9534825345618,,0,
123.0,12.0,0,-423.62537538981996,,0,
124.0,12.0,0,-408.0877286400064,-448.695112,1,-40.607383359993605
125.0,12.0,0,-385.24424619204365,,0,
126.0,12.0,0,-356.97748572018463,,0,
127.0,12.0,0,-328.8917806276586,,0,
128.0,12.0,0,-305.55240393045824,-379.998609,1,-74.44620506954175
129.0,12.0,0,-289.17085451306775,,0,
130.0,12.0,0,-278.9426685331855,,0,
131.0,12.0,0,-269.43835722794756,,0,
132.0,12.0,0,-251.82698205066845,-434.476408,1,-182.64942594933154
133.0,12.0,0,-213.25541629176587,,0,
134.0,12.0,0,-151.36005903140176,,0,
135.0,12.0,0,-66.61874363117386,,0,
136.0,12.0,0,39.5254982606275,-363.316407,1,-402.8419052606275
137.0,12.0,0,159.10020326939411,,0,
138.0,12.0,0,283.2176837461302,,0,
139.0,12.0,0,401.0227211716119,,0,
140.0,12.0,0,497.13500639697304,1050.849331,1,553.7143246030269
141.0,12.0,0,548.0659697104711,,0,
142.0,12.0,0,558.3597239397932,,0,
143.0,12.0,0,526.3154937184881,,0,
144.0,12.0,0,455.1271090914961,805.036733,1,349.90962390850393
145.0,12.0,0,361.10230274288915,,0,
146.0,12.0,0,260.6707191771129,,0,
147.0,12.0,0,164.90090960916132,,0,
148.0,12.0,0,85.08216161641758,-242.577485,1,-327.6596466164176
149.0,12.0,0,35.057506267912686,,0,
150.0,12.0,0,7.832457085489295,,0,
151.0,12.0,0,-2.5675325547344983,,0,
152.0,12.0,0,-1.591687637497671,1.348415,1,2.940102637497671
153.0,12.0,0,4.450828150147572,,0,
154.0,12.0,0,9.139949416508898,,0,
155.0,12.0,0,8.964316377183422,,0,
156.0,12.0,0,2.7176257708342746,32.610099,1,29.892473229165724
157.0,12.0,0,-10.646156403934583,,0,
158.0,12.0,0,-30.806884390534833,,0,
159.0,12.0,0,-57.381608485709876,,0,
160.0,12.0,0,-89.47079017595388,-159.080754,1,-69.60996382404613
161.0,12.0,0,-124.52936220285483,,0,
162.0,12.0,0,-162.1350767314434,,0,
163.0,12.0,0,-199.1170285383705,,0,
164.0,12.0,0,-229.57895140256733,-422.569633,1,-192.99068159743268
165.0,12.0,0,-244.64954126393422,,0,
166.0,12.0,0,-246.22388552804478,,0,
167.0,12.0,0,-235.5106418414507,,0,
168.0,12.0,0,-215.60629336931743,-97.080143,1,118.52615036931742
169.0,12.0,0,-192.2868419678416,,0,
170.0,12.0,0,-164.88381871033926,,0,
171.0,12.0,0,-132.80731541663408,,0,
172.0,12.0,0,-94.7474695222918,-139.495573,1,-44.74810347770821
173.0,12.0,0,-49.93248063651845,,0,
174.0,12.0,0,-2.697934123687446,,0,
175.0,12.0,0,40.93696131603792,,0,
176.0,12.0,0,76.30575446109287,344.665602,1,268.3598475389071
177.0,12.0,0,103.10610196692869,,0,
178.0,12.0,0,120.14097041194327,,0,
179.0,12.0,0,124.31695115752518,,0,
180.0,12.0,0,111.71550842933357,460.602057,1,348.88654857066643
181.0,12.0,0,82.29498440632597,,0,
182.0,12.0,0,36.688400980783626,,0,
183.0,12.0,0,-18.642674498725682,,0,
184.0,12.0,0,-76.08028704160824,-112.997783,1,-36.917495958391754
185.0,12.0,0,-127.91866847779602,,0,
186.0,12.0,0,-167.78945662709884,,0,
187.0,12.0,0,-190.4421062269248,,0,
188.0,12.0,0,-194.38855859066825,-486.987334,1,-292.5987754093317
189.0,12.0,0,-178.92080172989517,,0,
190.0,12.0,0,-143.66098552267067,,0,
191.0,12.0,0,-94.00895620742813,,0,
192.0,12.0,0,-37.300282647134736,-60.689072,1,-23.388789352865267
193.0,12.0,0,17.273096025455743,,0,
194.0,12.0,0,63.632783685810864,,0,
195.0,12.0,0,97.11011315649375,,0,
196.0,12.0,0,115.66507334529888,-111.261807,1,-226.92688034529888
197.0,12.0,0,121.38701115967706,,0,
198.0,12.0,0,119.44174066605046,,0,
199.0,12.0,0,114.97425384027883,,0,
0.0,13.0,0,265.41030397685245,,0,
1.0,13.0,0,262.6653483193368,,0,
2.0,13.0,0,256.29634932999033,,0,
3.0,13.0,0,245.73992621083744,191.439574,1,-54.300352210837445
4.0,13.0,0,232.84815309615806,,0,
5.0,13.0,0,219.0411682226695,,0,
6.0,13.0,0,205.29056576255243,,0,
7.0,13.0,0,192.6637051467551,148.512453,1,-44.1512521467551
8.0,13.0,0,181.7982473244192,,0,
9.0,13.0,0,172.8187405015342,,0,
10.0,13.0,0,164.74969307077117,,0,
11.0,13.0,0,154.31069158029277,266.120158,1,111.80946641970723
12.0,13.0,0,135.94198409607634,,0,
13.0,13.0,0,110.04293336346745,,0,
14.0,13.0,0,76.48769782832824,,0,
15.0,13.0,0,35.69457355409395,282.659677,1,246.96510344590604
16.0,13.0,0,-13.299361289013177,,0,
17.0,13.0,0,-71.50542319449596,,0,
18.0,13.0,0,-132.97698430309538,,0,
19.0,13.0,0,-190.8671203441918,-198.576444,1,-7.70932365580822
20.0,13.0,0,-240.87539576366544,,0,
21.0,13.0,0,-280.93659223336726,,0,
22.0,13.0,0,-309.61227217526175,,0,
23.0,13.0,0,-326.09253306826577,-401.220829,1,-75.12829593173421
24.0,13.0,0,-331.51530630677007,,0,
25.0,13.0,0,-327.227579071885,,0,
26.0,13.0,0,-313.6706277592457,,0,
27.0,13.0,0,-290.13180137082236,-311.761432,1,-21.629630629177655
28.0,13.0,0,-255.31866899412125,,0,
29.0,13.0,0,-209.20706015313044,,0,
30.0,13.0,0,-155.98772412713151,,0,
31.0,13.0,0,-101.51158183941152,-47.447063,1,54.06451883941152
32.0,13.0,0,-51.70769704529084,,0,
33.0,13.0,0,-12.427311506355181,,0,
34.0,13.0,0,14.975699782313313,,0,
35.0,13.0,0,30.909789322060533,150.625904,1,119.71611467793946
36.0,13.0,0,32.851371011231095,,0,
37.0,13.0,0,23.8384273131378,,0,
38.0,13.0,0,5.630905071331654,,0,
39.0,13.0,0,-20.82173452305142,163.649534,1,184.4712685230514
40.0,13.0,0,-56.98951777629554,,0,
41.0,13.0,0,-95.22511119942646,,0,
42.0,13.0,0,-130.16939616331365,,0,
43.0,13.0,0,-157.36378945666365,-154.090801,1,3.2729884566636542
44.0,13.0,0,-174.6794748334214,,0,
45.0,13.0,0,-181.30862490134314,,0,
46.0,13.0,0,-178.14983807806857,,0,
47.0,13.0,0,-167.8412749019335,-247.536461,1,-79.6951860980665
48.0,13.0,0,-153.35369225940667,,0,
49.0,13.0,0,-137.42869809723925,,0,
50.0,13.0,0,-122.56496795185376,,0,
51.0,13.0,0,-111.35894118237775,63.050051,1,174.40899218237774
52.0,13.0,0,-108.49005401600152,,0,
53.0,13.0,0,-110.21328911883757,,0,
54.0,13.0,0,-116.86482365324628,,0,
55.0,13.0,0,-131.2305438660551,46.936274,1,178.16681786605508
56.0,13.0,0,-154.595667250338,,0,
57.0,13.0,0,-178.44991251302417,,0,
58.0,13.0,0,-198.45158015133347,,0,
59.0,13.0,0,-213.8021656171186,70.561762,1,284.3639276171186
60.0,13.0,0,-226.4742568130605,,0,
61.0,13.0,0,-239.0940260561183,,0,
62.0,13.0,0,-251.01302696834318,,0,
63.0,13.0,0,-261.1755538714351,-148.685386,1,112.49016787143512
64.0,13.0,0,-266.49937452503946,,0,
65.0,13.0,0,-264.12648484343663,,0,
66.0,13.0,0,-251.29793897664058,,0,
67.0,13.0,0,-224.7569790284033,-294.772831,1,-70.0158519715967
68.0,13.0,0,-180.8424138429109,,0,
69.0,13.0,0,-120.93413920071907,,0,
70.0,13.0,0,-49.20940750197042,,0,
71.0,13.0,0,24.703622753964737,77.180721,1,52.47709824603527
72.0,13.0,0,88.19074541568989,,0,
73.0,13.0,0,132.83010945410933,,0,
74.0,13.0,0,153.08267506744596,,0,
75.0,13.0,0,147.2776944231009,459.640893,1,312.3631985768991
76.0,13.0,0,115.9331547251204,,0,
77.0,13.0,0,62.81903236184735,,0,
78.0,13.0,0,-0.2998694749257993,,0,
79.0,13.0,0,-59.71820961701451,-308.580949,1,-248.86273938298547
80.0,13.0,0,-101.2018040449475,,0,
81.0,13.0,0,-126.07470849447418,,0,
82.0,13.0,0,-134.7237008443335,,0,
83.0,13.0,0,-128.21500692446716,-199.544617,1,-71.32961007553283
84.0,13.0,0,-109.0454431901453,,0,
85.0,13.0,0,-85.4637008671998,,0,
86.0,13.0,0,-65.72815788767184,,0,
87.0,13.0,0,-57.17641662625829,335.961899,1,393.1383156262583
88.0,13.0,0,-65.64211666333722,,0,
89.0,13.0,0,-92.30597546661738,,0,
90.0,13.0,0,-127.41554275568342,,0,
91.0,13.0,0,-156.63464907422895,-389.739494,1,-233.10484492577103
92.0,13.0,0,-165.4928788364632,,0,
93.0,13.0,0,-156.4830870263686,,0,
94.0,13.0,0,-134.18830027544755,,0,
95.0,13.0,0,-106.1222472373629,-231.812675,1,-125.69042776263711
96.0,13.0,0,-80.83285859259195,,0,
97.0,13.0,0,-66.30442632548511,,0,
98.0,13.0,0,-70.250179716415,,0,
99.0,13.0,0,-96.893475552788,-99.486229,1,-2.59275344721199
100.0,13.0,0,-142.61623407906154,,0,
101.0,13.0,0,-202.708222842135,,0,
102.0,13.0,0,-273.69456980377436,,0,
103.0,13.0,0,-351.84839048580034,-309.133542,1,42.71484848580036
104.0,13.0,0,-431.21117262839107,,0,
105.0,13.0,0,-504.9406601100927,,0,
106.0,13.0,0,-568.0762329853023,,0,
107.0,13.0,0,-617.973129748716,-778.771369,1,-160.79823925128403
108.0,13.0,0,-652.8797730752267,,0,
109.0,13.0,0,-671.7588005558937,,0,
110.0,13.0,0,-676.1266160338128,,0,
111.0,13.0,0,-667.0215126964031,-725.174415,1,-58.152902303596875
112.0,13.0,0,-644.2466293372563,,0,
113.0,13.0,0,-611.3848498237785,,0,
114.0,13.0,0,-572.8709264956415,,0,
115.0,13.0,0,-534.1455216393806,-388.721744,1,145.4237776393806
116.0,13.0,0,-500.3378056247602,,0,
117.0,13.0,0,-475.7159137467388,,0,
118.0,13.0,0,-460.04586160439067,,0,
119.0,13.0,0,-451.19326693960465,-408.049286,1,43.14398093960466
120.0,13.0,0,-447.2782584532979,,0,
121.0,13.0,0,-444.0869374818867,,0,
122.0,13.0,0,-438.0791235732031,,0,
123.0,13.0,0,-426.47671318310313,-336.20684,1,90.26987318310313
124.0,13.0,0,-407.52885619946755,,0,
125.0,13.0,0,-381.196238204604,,0,
126.0,13.0,0,-351.2045709263766,,0,
127.0,13.0,0,-323.58857455162797,-334.279564,1,-10.690989448372022
128.0,13.0,0,-301.9929916136898,,0,
129.0,13.0,0,-287.9655034529278,,0,
130.0,13.0,0,-279.39217473356985,,0,
131.0,13.0,0,-270.0680839768611,-395.556497,1,-125.48841302313889
132.0,13.0,0,-251.4070681227604,,0,
133.0,13.0,0,-213.65857359650545,,0,
134.0,13.0,0,-152.83221425523516,,0,
135.0,13.0,0,-68.12392041645944,-410.769942,1,-342.6460215835406
136.0,13.0,0,44.60345191718079,,0,
137.0,13.0,0,171.61703386949375,,0,
138.0,13.0,0,302.7585684318328,,0,
139.0,13.0,0,427.35543513391167,556.869722,1,129.51428686608836
140.0,13.0,0,530.3314542999724,,0,
141.0,13.0,0,595.678481427487,,0,
142.0,13.0,0,616.4278655524831,,0,
143.0,13.0,0,585.622187166824,1000.412371,1,414.790183833176
144.0,13.0,0,502.9881427543005,,0,
145.0,13.0,0,393.0463266407605,,0,
146.0,13.0,0,273.6439313911833,,0,
147.0,13.0,0,159.58933512470685,-219.104109,1,-378.69344412470684
148.0,13.0,0,65.55629924830282,,0,
149.0,13.0,0,3.325431454926729,,0,
150.0,13.0,0,-27.14761530724354,,0,
151.0,13.0,0,-32.01139133097604,84.38573,1,116.39712133097603
152.0,13.0,0,-18.632449692464434,,0,
153.0,13.0,0,5.05465795006603,,0,
154.0,13.0,0,30.245616023777984,,0,
155.0,13.0,0,49.54225924029015,213.670026,1,164.12776675970986
156.0,13.0,0,61.32959119055886,,0,
157.0,13.0,0,65.08544163685292,,0,
158.0,13.0,0,60.28057411452755,,0,
159.0,13.0,0,46.48629300808534,-28.651347,1,-75.13764000808534
160.0,13.0,0,23.507918027578853,,0,
161.0,13.0,0,-8.081375015433878,,0,
162.0,13.0,0,-46.96784922177903,,0,
163.0,13.0,0,-89.21384189394303,-284.281275,1,-195.06743310605697
164.0,13.0,0,-127.96167399547994,,0,
165.0,13.0,0,-156.00380365666933,,0,
166.0,13.0,0,-171.56223609368317,,0,
167.0,13.0,0,-175.83343255054206,-231.792118,1,-55.95868544945793
168.0,13.0,0,-171.54592648823746,,0,
169.0,13.0,0,-161.86756896413863,,0,
170.0,13.0,0,-147.91661327681504,,0,
171.0,13.0,0,-129.79542845627293,31.066062,1,160.86149045627292
172.0,13.0,0,-104.4165401137434,,0,
173.0,13.0,0,-69.79362626560032,,0,
174.0,13.0,0,-28.241820913506672,,0,
175.0,13.0,0,14.371200575027615,208.851004,1,194.47980342497237
176.0,13.0,0,49.45764976250939,,0,
177.0,13.0,0,78.8618915840052,,0,
178.0,13.0,0,100.94968466914725,,0,
179.0,13.0,0,110.50007552327588,399.421852,1,288.9217764767241
180.0,13.0,0,98.92061369784642,,0,
181.0,13.0,0,72.33810048736632,,0,
182.0,13.0,0,34.08243513270281,,0,
183.0,13.0,0,-11.235679343808442,5.766613,1,17.002292343808442
184.0,13.0,0,-57.559199187438935,,0,
185.0,13.0,0,-97.72400855831802,,0,
186.0,13.0,0,-123.49269493483007,,0,
187.0,13.0,0,-127.80911720311269,-523.092757,1,-395.2836397968873
188.0,13.0,0,-111.35650853952393,,0,
189.0,13.0,0,-76.77143411897123,,0,
190.0,13.0,0,-27.576353206997737,,0,
191.0,13.0,0,30.878796751610935,-192.167582,1,-223.04637875161094
192.0,13.0,0,94.91460467502475,,0,
193.0,13.0,0,151.10106921056286,,0,
194.0,13.0,0,192.14238401153125,,0,
195.0,13.0,0,214.6870426707901,-49.110243,1,-263.7972856707901
196.0,13.0,0,218.98638545244467,,0,
197.0,13.0,0,208.3413528543897,,0,
198.0,13.0,0,188.09842474781908,,0,
199.0,13.0,0,165.30425012717023,-104.131246,1,-269.43549612717027
0.0,14.0,0,260.1776894046925,,0,
1.0,14.0,0,258.01940193539485,,0,
2.0,14.0,0,248.613994789368,361.815164,1,113.20116921063197
3.0,14.0,0,231.03358975757146,,0,
4.0,14.0,0,210.44834925467148,,0,
5.0,14.0,0,189.3204836314544,,0,
6.0,14.0,0,169.29670611512847,152.262179,1,-17.03452711512847
7.0,14.0,0,152.17080782714766,,0,
8.0,14.0,0,138.4701669383794,,0,
9.0,14.0,0,128.38412362197414,,0,
10.0,14.0,0,120.85202256496996,133.221358,1,12.369335435030052
11.0,14.0,0,111.35434394236654,,0,
12.0,14.0,0,95.00501167634502,,0,
13.0,14.0,0,69.7918572369963,,0,
14.0,14.0,0,34.93684296903666,96.217764,1,61.28092103096334
15.0,14.0,0,-8.213594306842424,,0,
16.0,14.0,0,-58.54796572588384,,0,
17.0,14.0,0,-114.5624364677351,,0,
18.0,14.0,0,-171.97075823659543,-187.352807,1,-15.382048763404583
19.0,14.0,0,-225.13280021538958,,0,
20.0,14.0,0,-270.420774708502,,0,
21.0,14.0,0,-305.7902232189663,,0,
22.0,14.0,0,-329.69625605852343,-403.524,1,-73.82774394147657
23.0,14.0,0,-340.0007739055436,,0,
24.0,14.0,0,-338.73985563311726,,0,
25.0,14.0,0,-327.52197073213756,,0,
26.0,14.0,0,-307.53030685026897,-188.721345,1,118.80896185026896
27.0,14.0,0,-278.23504467494786,,0,
28.0,14.0,0,-239.2382162406575,,0,
29.0,14.0,0,-191.89764995966107,,0,
30.0,14.0,0,-140.25536716612987,-85.412383,1,54.84298416612987
31.0,14.0,0,-90.71685609139968,,0,
32.0,14.0,0,-47.476886728662066,,0,
33.0,14.0,0,-14.580622331937775,,0,
34.0,14.0,0,6.440352456644177,-58.99555,1,-65.43590245664419
35.0,14.0,0,16.317216787254438,,0,
36.0,14.0,0,13.229428700404242,,0,
37.0,14.0,0,-0.9914814727380872,,0,
38.0,14.0,0,-24.14727129926905,105.256756,1,129.40402729926905
39.0,14.0,0,-55.45115548296599,,0,
40.0,14.0,0,-93.85827332746703,,0,
41.0,14.0,0,-134.21117732836865,,0,
42.0,14.0,0,-170.82889835810056,-250.721655,1,-79.89275664189944
43.0,14.0,0,-197.88134255539626,,0,
44.0,14.0,0,-213.91835980699398,,0,
45.0,14.0,0,-217.1119742160663,,0,
46.0,14.0,0,-207.69115528377006,-249.034633,1,-41.343477716229955
47.0,14.0,0,-189.55200028966647,,0,
48.0,14.0,0,-166.8754912079312,,0,
49.0,14.0,0,-143.5327379826922,,0,
50.0,14.0,0,-123.2228199832607,-74.466875,1,48.755944983260704
51.0,14.0,0,-108.57336677762214,,0,
52.0,14.0,0,-101.91383084887639,,0,
53.0,14.0,0,-102.3210991716478,,0,
54.0,14.0,0,-110.05705197120551,64.619517,1,174.6765689712055
55.0,14.0,0,-129.68862412753515,,0,
56.0,14.0,0,-156.46619915321935,,0,
57.0,14.0,0,-183.87089612649288,,0,
58.0,14.0,0,-207.18510234483983,-70.873942,1,136.31116034483983
59.0,14.0,0,-225.14128324534977,,0,
60.0,14.0,0,-238.57746117352508,,0,
61.0,14.0,0,-248.72679775673896,,0,
62.0,14.0,0,-256.49469127331395,-108.401008,1,148.09368327331396
63.0,14.0,0,-264.0746464355616,,0,
64.0,14.0,0,-266.00508147408254,,0,
65.0,14.0,0,-259.22693025891203,,0,
66.0,14.0,0,-241.5182435566967,-203.821156,1,37.69708755669669
67.0,14.0,0,-209.40773516523768,,0,
68.0,14.0,0,-160.77623283676803,,0,
69.0,14.0,0,-97.30060555308592,,0,
70.0,14.0,0,-23.99815449450398,-109.187516,1,-85.18936150549602
71.0,14.0,0,49.181444799061865,,0,
72.0,14.0,0,110.27349428756861,,0,
73.0,14.0,0,148.82672199059743,,0,
74.0,14.0,0,158.48738582408987,516.500093,1,358.0127071759101
75.0,14.0,0,141.04971136024687,,0,
76.0,14.0,0,101.00841921311803,,0,
77.0,14.0,0,46.33311712520663,,0,
78.0,14.0,0,-11.043680466420483,-321.851983,1,-310.80830253357954
79.0,14.0,0,-61.88974769721972,,0,
80.0,14.0,0,-98.58039575919975,,0,
81.0,14.0,0,-119.20304851594847,,0,
82.0,14.0,0,-123.62236816063523,-187.821058,1,-64.19868983936476
83.0,14.0,0,-113.46610660123406,,0,
84.0,14.0,0,-92.31892559793778,,0,
85.0,14.0,0,-66.7295078431489,,0,
86.0,14.0,0,-44.17209510388784,312.410842,1,356.58293710388784
87.0,14.0,0,-31.83549818955362,,0,
88.0,14.0,0,-35.363437783147674,,0,
89.0,14.0,0,-56.21745915792417,,0,
90.0,14.0,0,-88.0576183766243,-184.819651,1,-96.76203262337569
91.0,14.0,0,-116.68460021662759,,0,
92.0,14.0,0,-129.28989758959506,,0,
93.0,14.0,0,-122.61232871189713,,0,
94.0,14.0,0,-100.05265971465269,-284.154895,1,-184.10223528534732
95.0,14.0,0,-71.47058050011401,,0,
96.0,14.0,0,-46.74506619645399,,0,
97.0,14.0,0,-33.52997047442477,,0,
98.0,14.0,0,-38.97691187611781,196.606753,1,235.5836648761178
99.0,14.0,0,-70.98824566230178,,0,
100.0,14.0,0,-122.43135680945124,,0,
101.0,14.0,0,-187.59949527063873,,0,
102.0,14.0,0,-262.04621513801976,-219.544623,1,42.50159213801976
103.0,14.0,0,-342.1017254261533,,0,
104.0,14.0,0,-421.5356421129545,,0,
105.0,14.0,0,-493.96348014485557,,0,
106.0,14.0,0,-554.3299067363841,-733.725519,1,-179.39561226361582
107.0,14.0,0,-601.9700461974135,,0,
108.0,14.0,0,-636.4336991132004,,0,
109.0,14.0,0,-656.6124096835265,,0,
110.0,14.0,0,-662.1243430948816,-684.823387,1,-22.6990439051184
111.0,14.0,0,-653.2391736011487,,0,
112.0,14.0,0,-630.6275870293612,,0,
113.0,14.0,0,-597.3067112264689,,0,
114.0,14.0,0,-558.6086867460399,-493.644052,1,64.9646347460399
115.0,14.0,0,-521.7405756963417,,0,
116.0,14.0,0,-490.7083578456659,,0,
117.0,14.0,0,-468.8865704315249,,0,
118.0,14.0,0,-456.68952119757887,-467.512251,1,-10.822729802421122
119.0,14.0,0,-452.0232492862269,,0,
120.0,14.0,0,-451.6984939778922,,0,
121.0,14.0,0,-451.1585958490614,,0,
122.0,14.0,0,-445.90391631791135,-456.461701,1,-10.557784682088652
123.0,14.0,0,-432.38537640636787,,0,
124.0,14.0,0,-409.1711076183128,,0,
125.0,14.0,0,-377.26983261620626,,0,
126.0,14.0,0,-341.54646309278905,-254.069434,1,87.47702909278905
127.0,14.0,0,-310.2472909531789,,0,
128.0,14.0,0,-286.3533816881827,,0,
129.0,14.0,0,-271.0421138313832,,0,
130.0,14.0,0,-261.8295251374948,-346.803889,1,-84.97436386250524
131.0,14.0,0,-251.3580671530217,,0,
132.0,14.0,0,-232.92131362564396,,0,
133.0,14.0,0,-196.8199202286778,,0,
134.0,14.0,0,-136.42023458704352,-443.577089,1,-307.1568544129565
135.0,14.0,0,-52.01176317606587,,0,
136.0,14.0,0,55.2492774145212,,0,
137.0,14.0,0,177.38331441837363,,0,
138.0,14.0,0,304.18680065957597,149.858698,1,-154.32810265957596
139.0,14.0,0,425.1343618831597,,0,
140.0,14.0,0,527.8024630911532,,0,
141.0,14.0,0,599.7779150805436,,0,
142.0,14.0,0,628.7714342578547,1191.355097,1,562.5836627421452
143.0,14.0,0,595.4934030454606,,0,
144.0,14.0,0,512.1924549387768,,0,
145.0,14.0,0,395.72846371645574,,0,
146.0,14.0,0,264.5048160405131,250.813006,1,-13.691810040513104
147.0,14.0,0,137.5464340292383,,0,
148.0,14.0,0,31.48220684984699,,0,
149.0,14.0,0,-40.87074452615343,,0,
150.0,14.0,0,-73.85932851606049,-121.032132,1,-47.17280348393952
151.0,14.0,0,-73.66638738103211,,0,
152.0,14.0,0,-48.985143099329434,,0,
153.0,14.0,0,-8.569554837187752,,0,
154.0,14.0,0,37.08834590530023,245.314339,1,208.22599309469976
155.0,14.0,0,75.29543145908974,,0,
156.0,14.0,0,106.03102599910926,,0,
157.0,14.0,0,128.3151857869234,,0,
158.0,14.0,0,140.8522162558511,183.915049,1,43.06283274414892
159.0,14.0,0,142.60104108205996,,0,
160.0,14.0,0,131.44872252666391,,0,
161.0,14.0,0,105.70633545704186,,0,
162.0,14.0,0,67.03727396414615,139.066291,1,72.02901703585385
163.0,14.0,0,20.556207745568827,,0,
164.0,14.0,0,-27.087327966699377,,0,
165.0,14.0,0,-68.75613679061644,,0,
166.0,14.0,0,-99.71190337790176,-325.237272,1,-225.52536862209826
167.0,14.0,0,-120.52082592714578,,0,
168.0,14.0,0,-133.05526596703567,,0,
169.0,14.0,0,-138.77527905604802,,0,
170.0,14.0,0,-139.2355397765059,12.204299,1,151.4398387765059
171.0,14.0,0,-137.07094132481143,,0,
172.0,14.0,0,-126.31338797789067,,0,
173.0,14.0,0,-103.86637814575806,,0,
174.0,14.0,0,-71.02245503128506,-83.227938,1,-12.205482968714932
175.0,14.0,0,-33.986770706484094,,0,
176.0,14.0,0,0.8972277524881065,,0,
177.0,14.0,0,32.00887691415846,,0,
178.0,14.0,0,56.9685653707711,127.180657,1,70.2120916292289
179.0,14.0,0,69.30665995646268,,0,
180.0,14.0,0,65.82287988078315,,0,
181.0,14.0,0,49.0663083945401,,0,
182.0,14.0,0,23.004700047895312,-3.270645,1,-26.275345047895314
183.0,14.0,0,-7.902069324627519,,0,
184.0,14.0,0,-39.16325193271041,,0,
185.0,14.0,0,-64.19290152331814,,0,
186.0,14.0,0,-74.10869216988795,-357.465114,1,-283.3564218301121
187.0,14.0,0,-57.29252483975142,,0,
188.0,14.0,0,-18.944066957221366,,0,
189.0,14.0,0,36.88485375093296,,0,
190.0,14.0,0,104.73979576444253,-313.621293,1,-418.3610887644425
191.0,14.0,0,177.7392007834278,,0,
192.0,14.0,0,247.5185061537195,,0,
193.0,14.0,0,302.8797485544346,,0,
194.0,14.0,0,337.2790263250936,383.074577,1,45.795550674906394
195.0,14.0,0,348.04115344258025,,0,
196.0,14.0,0,337.2996554777492,,0,
197.0,14.0,0,309.6108077894896,,0,
198.0,14.0,0,271.96024009841494,-266.891599,1,-538.851839098415
199.0,14.0,0,232.92195265181363,,0,
0.0,15.0,0,245.27537430357188,,0,
1.0,15.0,0,242.7718223258853,447.600719,1,204.82889667411473
2.0,15.0,0,228.81385236652568,,0,
3.0,15.0,0,207.21927929040976,,0,
4.0,15.0,0,181.7313231001608,,0,
5.0,15.0,0,155.03246812755242,155.696,1,0.663531872447578
6.0,15.0,0,129.5564112093998,,0,
7.0,15.0,0,107.76572993467562,,0,
8.0,15.0,0,90.93573207966983,,0,
9.0,15.0,0,78.87140574934892,-14.257122,1,-93.12852774934892
10.0,15.0,0,71.21112002432346,,0,
11.0,15.0,0,62.00614247773774,,0,
12.0,15.0,0,46.70658305194229,,0,
13.0,15.0,0,22.214956568554044,121.706606,1,99.49164943144595
14.0,15.0,0,-14.070989005151205,,0,
15.0,15.0,0,-58.55276261817198,,0,
16.0,15.0,0,-108.67573863593861,,0,
17.0,15.0,0,-162.17018935107626,-236.944458,1,-74.77426864892374
18.0,15.0,0,-215.29774113744497,,0,
19.0,15.0,0,-263.3051428596955,,0,
20.0,15.0,0,-302.7473004749045,,0,
21.0,15.0,0,-332.06694897962734,-442.73756,1,-110.67061102037263
22.0,15.0,0,-350.0992140326416,,0,
23.0,15.0,0,-355.72423136775615,,0,
24.0,15.0,0,-349.4069493523566,,0,
25.0,15.0,0,-332.3993926732801,-261.395185,1,71.00420767328006
26.0,15.0,0,-307.47289336426184,,0,
27.0,15.0,0,-273.832701128209,,0,
28.0,15.0,0,-232.09486913285218,,0,
29.0,15.0,0,-184.62633939553052,-100.936271,1,83.69006839553052
30.0,15.0,0,-135.5782854668796,,0,
31.0,15.0,0,-90.02942799206357,,0,
32.0,15.0,0,-52.208674084628,,0,
33.0,15.0,0,-25.472717615775764,-71.775119,1,-46.30240138422424
34.0,15.0,0,-10.945963017642498,,0,
35.0,15.0,0,-8.437112002517097,,0,
36.0,15.0,0,-17.80067853955552,,0,
37.0,15.0,0,-37.49256379157305,-40.379784,1,-2.887220208426953
38.0,15.0,0,-65.52110377221834,,0,
39.0,15.0,0,-100.44374827295542,,0,
40.0,15.0,0,-139.92283485783264,,0,
41.0,15.0,0,-179.735770303756,-225.914996,1,-46.179225696244
42.0,15.0,0,-215.44824402726954,,0,
43.0,15.0,0,-242.75244601495797,,0,
44.0,15.0,0,-258.2518239938654,,0,
45.0,15.0,0,-258.69342922675423,-366.615907,1,-107.92247777324576
46.0,15.0,0,-243.85860740678618,,0,
47.0,15.0,0,-220.1592792031006,,0,
48.0,15.0,0,-192.1775718651479,,0,
49.0,15.0,0,-164.21204806456808,-81.394956,1,82.81709206456809
50.0,15.0,0,-141.56813125082408,,0,
51.0,15.0,0,-125.2933192634955,,0,
52.0,15.0,0,-117.2831248329021,,0,
53.0,15.0,0,-118.74690012517385,-71.611833,1,47.13506712517385
54.0,15.0,0,-130.06205445324304,,0,
55.0,15.0,0,-151.73979641290498,,0,
56.0,15.0,0,-179.98983592691366,,0,
57.0,15.0,0,-209.02137393667363,-234.624518,1,-25.60314406332637
58.0,15.0,0,-233.79129650592222,,0,
59.0,15.0,0,-252.69490999291884,,0,
60.0,15.0,0,-265.71604792773724,,0,
61.0,15.0,0,-273.8104594424367,-263.664137,1,10.146322442436713
62.0,15.0,0,-278.46066182880895,,0,
63.0,15.0,0,-280.326173064881,,0,
64.0,15.0,0,-276.2903728282545,,0,
65.0,15.0,0,-263.151578387944,-191.489585,1,71.66199338794402
66.0,15.0,0,-239.4492874860589,,0,
67.0,15.0,0,-200.93515259597916,,0,
68.0,15.0,0,-146.7588341346709,,0,
69.0,15.0,0,-79.72170560492668,-164.939718,1,-85.21801239507332
70.0,15.0,0,-4.230621826456627,,0,
71.0,15.0,0,69.0127659025602,,0,
72.0,15.0,0,128.42341042205226,,0,
73.0,15.0,0,162.36104884929955,409.952075,1,247.59102615070043
74.0,15.0,0,162.70957503514364,,0,
75.0,15.0,0,136.9274387807818,,0,
76.0,15.0,0,91.19878906570375,,0,
77.0,15.0,0,35.02939019398764,-218.558277,1,-253.58766719398764
78.0,15.0,0,-16.389479684148682,,0,
79.0,15.0,0,-60.61117204814218,,0,
80.0,15.0,0,-93.48009994800668,,0,
81.0,15.0,0,-111.99025945866015,-183.110743,1,-71.12048354133987
82.0,15.0,0,-113.65949662431376,,0,
83.0,15.0,0,-101.04667233082,,0,
84.0,15.0,0,-77.99126239004545,,0,
85.0,15.0,0,-50.345115096424706,-67.587969,1,-17.242853903575295
86.0,15.0,0,-24.757882264762884,,0,
87.0,15.0,0,-8.226820231473539,,0,
88.0,15.0,0,-6.464214595689555,,0,
89.0,15.0,0,-22.27326690091286,127.639495,1,149.91276190091287
90.0,15.0,0,-51.65823005477432,,0,
91.0,15.0,0,-79.70971862634178,,0,
92.0,15.0,0,-94.56638182234019,,0,
93.0,15.0,0,-89.55153637740295,-286.040443,1,-196.48890662259703
94.0,15.0,0,-65.72728000191273,,0,
95.0,15.0,0,-37.49532873375574,,0,
96.0,15.0,0,-15.363075607368955,,0,
97.0,15.0,0,-6.397881745302584,442.29487,1,448.6927517453026
98.0,15.0,0,-16.951921997126192,,0,
99.0,15.0,0,-51.457888818811625,,0,
100.0,15.0,0,-106.31591133750044,,0,
101.0,15.0,0,-174.76596588874236,-152.58179,1,22.184175888742345
102.0,15.0,0,-250.82876337430207,,0,
103.0,15.0,0,-329.8056108036544,,0,
104.0,15.0,0,-406.93027241042,,0,
105.0,15.0,0,-476.9120548918145,-647.266898,1,-170.3548431081855
106.0,15.0,0,-533.502171441156,,0,
107.0,15.0,0,-579.4352083791746,,0,
108.0,15.0,0,-614.4624601126998,,0,
109.0,15.0,0,-636.6480494358111,-656.70424,1,-20.05619056418891
110.0,15.0,0,-644.1634092850727,,0,
111.0,15.0,0,-637.1966564245522,,0,
112.0,15.0,0,-616.5144189340645,,0,
113.0,15.0,0,-584.5662666631397,-658.073518,1,-73.50725133686035
114.0,15.0,0,-547.4049591256771,,0,
115.0,15.0,0,-511.858301608474,,0,
116.0,15.0,0,-483.10419184254715,,0,
117.0,15.0,0,-464.8262303912197,-446.268176,1,18.55805439121974
118.0,15.0,0,-457.18703740730416,,0,
119.0,15.0,0,-457.43145849509165,,0,
120.0,15.0,0,-461.6217893429566,,0,
121.0,15.0,0,-464.36599064571783,-489.884843,1,-25.51885235428216
122.0,15.0,0,-460.27268822299084,,0,
123.0,15.0,0,-445.3739028031705,,0,
124.0,15.0,0,-417.89652551850304,,0,
125.0,15.0,0,-379.0757298663957,-157.386444,1,221.6892858663957
126.0,15.0,0,-334.787200772902,,0,
127.0,15.0,0,-293.93781975191087,,0,
128.0,15.0,0,-262.4622222966864,,0,
129.0,15.0,0,-241.00116897479165,-233.578651,1,7.422517974791646
130.0,15.0,0,-226.71985351806507,,0,
131.0,15.0,0,-214.4812452609185,,0,
132.0,15.0,0,-196.72284404654056,,0,
133.0,15.0,0,-162.82631077768747,-455.339509,1,-292.51319822231255
134.0,15.0,0,-103.68307588761672,,0,
135.0,15.0,0,-25.86549139325507,,0,
136.0,15.0,0,68.74987595854327,,0,
137.0,15.0,0,177.0193934768904,198.666504,1,21.647110523109603
138.0,15.0,0,290.550706882379,,0,
139.0,15.0,0,400.12321396544576,,0,
140.0,15.0,0,494.7114272941835,,0,
141.0,15.0,0,561.9502969260793,1062.948701,1,500.9984040739207
142.0,15.0,0,587.8211032951949,,0,
143.0,15.0,0,560.7640959634446,,0,
144.0,15.0,0,483.9769629674265,,0,
145.0,15.0,0,367.6431329988409,470.54225,1,102.89911700115914
146.0,15.0,0,230.37485117570031,,0,
147.0,15.0,0,96.16448543453589,,0,
148.0,15.0,0,-17.132122585433535,,0,
149.0,15.0,0,-96.58569370931946,-440.907269,1,-344.3215752906805
150.0,15.0,0,-129.96958190610167,,0,
151.0,15.0,0,-126.23643308132887,,0,
152.0,15.0,0,-92.77432498591952,,0,
153.0,15.0,0,-38.85878147184849,280.221248,1,319.0800294718485
154.0,15.0,0,23.440620428184047,,0,
155.0,15.0,0,82.27342096250504,,0,
156.0,15.0,0,132.61979401065037,,0,
157.0,15.0,0,173.5406372579746,220.388886,1,46.84824874202542
158.0,15.0,0,203.8179778950289,,0,
159.0,15.0,0,222.84697734797373,,0,
160.0,15.0,0,226.0104265413247,,0,
161.0,15.0,0,207.95342748705298,252.400096,1,44.446668512947014
162.0,15.0,0,171.34808639902622,,0,
163.0,15.0,0,122.5160765235778,,0,
164.0,15.0,0,67.10839327401482,,0,
165.0,15.0,0,12.571242757840082,-131.060943,1,-143.6321857578401
166.0,15.0,0,-32.73027482419275,,0,
167.0,15.0,0,-70.08419474260882,,0,
168.0,15.0,0,-99.99623464886099,,0,
169.0,15.0,0,-122.7108514001593,-231.171224,1,-108.4603725998407
170.0,15.0,0,-140.02976587798912,,0,
171.0,15.0,0,-152.69922784063965,,0,
172.0,15.0,0,-156.3953077532351,,0,
173.0,15.0,0,-146.61634267261252,-230.818801,1,-84.20245832738749
174.0,15.0,0,-123.48256602161564,,0,
175.0,15.0,0,-93.50846185116097,,0,
176.0,15.0,0,-61.629257182125,,0,
177.0,15.0,0,-31.135893976781517,140.205052,1,171.3409459767815
178.0,15.0,0,-5.252809676458128,,0,
179.0,15.0,0,12.160997811704874,,0,
180.0,15.0,0,19.01839356403798,,0,
181.0,15.0,0,15.916921126190573,-51.62456,1,-67.54148112619058
182.0,15.0,0,5.90543358004652,,0,
183.0,15.0,0,-7.836983541958034,,0,
184.0,15.0,0,-21.39037335035391,,0,
185.0,15.0,0,-27.580397275276482,-28.503191,1,-0.922793724723519
186.0,15.0,0,-16.94221648282837,,0,
187.0,15.0,0,17.898425677791238,,0,
188.0,15.0,0,76.01384310843423,,0,
189.0,15.0,0,153.19937134580687,-85.697352,1,-238.89672334580686
190.0,15.0,0,241.037473884644,,0,
191.0,15.0,0,329.6066225557588,,0,
192.0,15.0,0,406.6768525177613,,0,
193.0,15.0,0,459.69207252794877,712.019164,1,252.32709147205128
194.0,15.0,0,486.25812438922003,,0,
195.0,15.0,0,486.1045925943181,,0,
196.0,15.0,0,460.5795785377268,,0,
197.0,15.0,0,415.55283331591636,18.99801,1,-396.55482331591634
198.0,15.0,0,360.43094799062237,,0,
199.0,15.0,0,304.2752543268725,,0,
0.0,16.0,0,217.90011111926287,343.430565,1,125.53045388073713
1.0,16.0,0,211.9973995485343,,0,
2.0,16.0,0,197.03143956884742,,0,
3.0,16.0,0,174.37039236177225,,0,
4.0,16.0,0,146.83908051531762,158.124758,1,11.285677484682395
5.0,16.0,0,116.71996993385255,,0,
6.0,16.0,0,87.01943416788708,,0,
7.0,16.0,0,61.40401581698097,,0,
8.0,16.0,0,42.86845725099556,-2.621592,1,-45.49004925099556
9.0,16.0,0,30.361941166454926,,0,
10.0,16.0,0,21.452243665175047,,0,
11.0,16.0,0,11.622343952767551,,0,
12.0,16.0,0,-3.79250754090026,12.838709,1,16.63121654090026
13.0,16.0,0,-28.750852923840284,,0,
14.0,16.0,0,-64.56753612018656,,0,
15.0,16.0,0,-108.54672216810286,,0,
16.0,16.0,0,-156.877559646382,-329.206281,1,-172.328721353618
17.0,16.0,0,-207.52144933864474,,0,
18.0,16.0,0,-256.9730595499277,,0,
19.0,16.0,0,-300.15521694050403,,0,
20.0,16.0,0,-333.44745954684913,-495.195966,1,-161.74850645315087
21.0,16.0,0,-356.72841224772856,,0,
22.0,16.0,0,-369.8431654605083,,0,
23.0,16.0,0,-372.0359301439021,,0,
24.0,16.0,0,-362.94921069208067,-398.480932,1,-35.53172130791933
25.0,16.0,0,-342.6909037702717,,0,
26.0,16.0,0,-313.59115168079734,,0,
27.0,16.0,0,-276.5050530442968,,0,
28.0,16.0,0,-232.84859336027876,-171.770049,1,61.078544360278755
29.0,16.0,0,-185.66955992858857,,0,
30.0,16.0,0,-139.0232181281317,,0,
31.0,16.0,0,-97.12009858130477,,0,
32.0,16.0,0,-63.79506762250094,-24.507013,1,39.28805462250094
33.0,16.0,0,-42.65387511742301,,0,
34.0,16.0,0,-34.393983255373314,,0,
35.0,16.0,0,-38.99172022542916,,0,
36.0,16.0,0,-55.032588437374216,-61.603329,1,-6.570740562625787
37.0,16.0,0,-79.98569202981889,,0,
38.0,16.0,0,-111.71651691477746,,0,
39.0,16.0,0,-148.49862489965744,,0,
40.0,16.0,0,-187.91435539111262,-237.826716,1,-49.91236060888738
41.0,16.0,0,-225.68560135556618,,0,
42.0,16.0,0,-259.19677979592234,,0,
43.0,16.0,0,-285.16141895158216,,0,
44.0,16.0,0,-299.7633861239883,-485.933811,1,-186.17042487601168
45.0,16.0,0,-296.750881894608,,0,
46.0,16.0,0,-280.1431526483502,,0,
47.0,16.0,0,-254.6829018513672,,0,
48.0,16.0,0,-225.22864830552135,-226.508564,1,-1.2799156944786603
49.0,16.0,0,-196.53704170894343,,0,
50.0,16.0,0,-172.83496225764975,,0,
51.0,16.0,0,-156.2199205365032,,0,
52.0,16.0,0,-148.6240254198201,-78.39494,1,70.2290854198201
53.0,16.0,0,-152.68612694361946,,0,
54.0,16.0,0,-167.01791712990962,,0,
55.0,16.0,0,-190.27890958287753,,0,
56.0,16.0,0,-219.34279695473379,-157.064434,1,62.27836295473378
57.0,16.0,0,-248.97336183936568,,0,
58.0,16.0,0,-274.41677958052605,,0,
59.0,16.0,0,-293.1945360233076,,0,
60.0,16.0,0,-304.8617140201968,-361.197445,1,-56.3357309798032
61.0,16.0,0,-310.51137347111944,,0,
62.0,16.0,0,-311.3727147374302,,0,
63.0,16.0,0,-307.5964453355409,,0,
64.0,16.0,0,-297.48262675708975,-241.085285,1,56.39734175708975
65.0,16.0,0,-278.41800306993537,,0,
66.0,16.0,0,-247.66350570321083,,0,
67.0,16.0,0,-201.83377037930768,,0,
68.0,16.0,0,-140.59146518766647,-302.193706,1,-161.60224081233355
69.0,16.0,0,-68.81821627012687,,0,
70.0,16.0,0,6.944724638597108,,0,
71.0,16.0,0,78.21782223158516,,0,
72.0,16.0,0,134.5464742393524,366.225847,1,231.6793727606476
73.0,16.0,0,161.77818307717098,,0,
74.0,16.0,0,159.4988062987104,,0,
75.0,16.0,0,131.81809197214898,,0,
76.0,16.0,0,85.60487771956832,-36.932773,1,-122.53765071956832
77.0,16.0,0,32.16527251404477,,0,
78.0,16.0,0,-17.183453137637116,,0,
79.0,16.0,0,-58.09309562353883,,0,
80.0,16.0,0,-88.12647415373067,-69.379117,1,18.747357153730675
81.0,16.0,0,-104.93175674625672,,0,
82.0,16.0,0,-106.13706159428693,,0,
83.0,16.0,0,-92.57545433216728,,0,
84.0,16.0,0,-67.75001848913962,-161.838886,1,-94.08886751086038
85.0,16.0,0,-37.79113545457949,,0,
86.0,16.0,0,-9.791287624684628,,0,
87.0,16.0,0,9.755461384309456,,0,
88.0,16.0,0,15.746475872700103,232.973074,1,217.2265981272999
89.0,16.0,0,2.3739307462237775,,0,
90.0,16.0,0,-21.98073058319278,,0,
91.0,16.0,0,-46.55901904942584,,0,
92.0,16.0,0,-60.53514867342892,-312.670689,1,-252.13554032657106
93.0,16.0,0,-52.775161637575366,,0,
94.0,16.0,0,-30.158222633443074,,0,
95.0,16.0,0,-4.620193286042195,,0,
96.0,16.0,0,12.489436205127276,409.802418,1,397.3129817948727
97.0,16.0,0,15.637317254557274,,0,
98.0,16.0,0,0.42016511177644134,,0,
99.0,16.0,0,-36.62693697941722,,0,
100.0,16.0,0,-94.06568058161065,-4.223414,1,89.84226658161064
101.0,16.0,0,-164.12961835693568,,0,
102.0,16.0,0,-239.02690055203857,,0,
103.0,16.0,0,-313.5323168291943,,0,
104.0,16.0,0,-384.5812512827106,-429.410116,1,-44.828864717289434
105.0,16.0,0,-448.45031074713916,,0,
106.0,16.0,0,-503.31833589985035,,0,
107.0,16.0,0,-549.7248267550021,,0,
108.0,16.0,0,-587.113920675416,-582.887652,1,4.226268675416009
109.0,16.0,0,-612.356086375541,,0,
110.0,16.0,0,-623.0004800491733,,0,
111.0,16.0,0,-618.9842678145505,,0,
112.0,16.0,0,-601.4436134191928,-689.123028,1,-87.67941458080713
113.0,16.0,0,-571.6981278309831,,0,
114.0,16.0,0,-536.9497229035769,,0,
115.0,16.0,0,-503.73159469565144,,0,
116.0,16.0,0,-477.6760894349427,-380.6378,1,97.03828943494267
117.0,16.0,0,-464.1076439503813,,0,
118.0,16.0,0,-461.51723159337416,,0,
119.0,16.0,0,-467.52124571893364,,0,
120.0,16.0,0,-477.81891994026955,-467.803058,1,10.01586194026953
121.0,16.0,0,-485.3067377433181,,0,
122.0,16.0,0,-483.53456059400924,,0,
123.0,16.0,0,-468.2282969522057,,0,
124.0,16.0,0,-437.21615878114244,-463.214489,1,-25.998330218857575
125.0,16.0,0,-390.77823669905774,,0,
126.0,16.0,0,-334.7455122159445,,0,
127.0,16.0,0,-280.08126034087036,,0,
128.0,16.0,0,-237.37803150655236,24.135069,1,261.51310050655235
129.0,16.0,0,-205.248644212028,,0,
130.0,16.0,0,-181.0240005433443,,0,
131.0,16.0,0,-162.49150481959805,,0,
132.0,16.0,0,-142.41979724599514,-409.231596,1,-266.8117987540049
133.0,16.0,0,-106.72407160350122,,0,
134.0,16.0,0,-55.561372412368655,,0,
135.0,16.0,0,8.226089444477111,,0,
136.0,16.0,0,83.56444657285465,-50.713558,1,-134.27800457285466
137.0,16.0,0,171.59316874016076,,0,
138.0,16.0,0,265.4536186872865,,0,
139.0,16.0,0,358.0031178428326,,0,
140.0,16.0,0,438.87115400633775,684.537375,1,245.66622099366225
141.0,16.0,0,495.5628886873601,,0,
142.0,16.0,0,515.9955869698897,,0,
143.0,16.0,0,492.4533872565953,,0,
144.0,16.0,0,423.7376500975806,845.07847,1,421.3408199024194
145.0,16.0,0,309.0666406895034,,0,
146.0,16.0,0,172.75766512437258,,0,
147.0,16.0,0,38.246280018938705,,0,
148.0,16.0,0,-73.99226927082054,-594.338071,1,-520.3458017291795
149.0,16.0,0,-152.2947823710274,,0,
150.0,16.0,0,-189.50347842508927,,0,
151.0,16.0,0,-186.56453983695246,,0,
152.0,16.0,0,-147.52893015462905,-71.960354,1,75.56857615462906
153.0,16.0,0,-83.23059387202375,,0,
154.0,16.0,0,-6.178789850790054,,0,
155.0,16.0,0,70.94582412252203,,0,
156.0,16.0,0,138.05588479328435,434.692967,1,296.63708220671566
157.0,16.0,0,194.8468806508463,,0,
158.0,16.0,0,241.7961941525573,,0,
159.0,16.0,0,277.448553790804,,0,
160.0,16.0,0,296.37831790931523,679.61685,1,383.23853209068477
161.0,16.0,0,286.77669084025547,,0,
162.0,16.0,0,256.62234256986994,,0,
163.0,16.0,0,209.7466412440408,,0,
164.0,16.0,0,150.15300152543932,144.530281,1,-5.62272052543932
165.0,16.0,0,87.09667361457832,,0,
166.0,16.0,0,28.284568215720356,,0,
167.0,16.0,0,-24.512641827575862,,0,
168.0,16.0,0,-70.83474103617482,-128.300592,1,-57.465850963825176
169.0,16.0,0,-109.47795281466097,,0,
170.0,16.0,0,-142.2374934987165,,0,
171.0,16.0,0,-168.95502452552319,,0,
172.0,16.0,0,-186.16350150015205,-344.493841,1,-158.33033949984792
173.0,16.0,0,-187.39261108031496,,0,
174.0,16.0,0,-175.5489815659821,,0,
175.0,16.0,0,-154.36309833964333,,0,
176.0,16.0,0,-127.77738677884918,66.314358,1,194.09174477884918
177.0,16.0,0,-100.15333553031087,,0,
178.0,16.0,0,-74.38468299829401,,0,
179.0,16.0,0,-52.218336349818856,,0,
180.0,16.0,0,-35.18468447495252,26.229635,1,61.41431947495252
181.0,16.0,0,-24.449223829433322,,0,
182.0,16.0,0,-17.200680180685595,,0,
183.0,16.0,0,-12.302950306329876,,0,
184.0,16.0,0,-7.888185657095164,146.680197,1,154.56838265709516
185.0,16.0,0,5.045287425164133,,0,
186.0,16.0,0,35.78718088218011,,0,
187.0,16.0,0,89.23087706137449,,0,
188.0,16.0,0,165.50121049536392,6.176874,1,-159.32433649536392
189.0,16.0,0,262.704799848143,,0,
190.0,16.0,0,368.04661357798614,,0,
191.0,16.0,0,469.62838283739984,,0,
192.0,16.0,0,554.5809164787643,999.249399,1,444.6684825212358
193.0,16.0,0,604.753869232256,,0,
194.0,16.0,0,625.7176786730997,,0,
195.0,16.0,0,616.836887924932,,0,
196.0,16.0,0,577.0752500684466,631.842583,1,54.76733293155337
197.0,16.0,0,514.5419263043441,,0,
198.0,16.0,0,442.03957542637363,,0,
199.0,16.0,0,369.14576104748994,,0,
0.0,17.0,0,181.0267108535627,,0,
1.0,17.0,0,172.4602953280555,,0,
2.0,17.0,0,157.12730307225138,,0,
3.0,17.0,0,135.03858631430194,166.136227,1,31.097640685698053
4.0,17.0,0,107.47439840715379,,0,
5.0,17.0,0,76.29837825184222,,0,
6.0,17.0,0,44.40029383613728,,0,
7.0,17.0,0,16.017888228874654,-146.866818,1,-162.88470622887465
8.0,17.0,0,-2.876850350003224,,0,
9.0,17.0,0,-15.728067203541286,,0,
10.0,17.0,0,-25.349941099993885,,0,
11.0,17.0,0,-35.57437977939844,-99.088452,1,-63.51407222060156
12.0,17.0,0,-50.80219054350164,,0,
13.0,17.0,0,-74.66210954380222,,0,
14.0,17.0,0,-108.58289058809169,,0,
15.0,17.0,0,-150.69112630654126,-270.10623,1,-119.41510369345872
16.0,17.0,0,-195.791903050791,,0,
17.0,17.0,0,-243.64521198219154,,0,
18.0,17.0,0,-290.2400064258836,,0,
19.0,17.0,0,-329.4299017782323,-449.38357,1,-119.95366822176771
20.0,17.0,0,-357.2125525443116,,0,
21.0,17.0,0,-376.2278870352311,,0,
22.0,17.0,0,-386.4799902869854,,0,
23.0,17.0,0,-386.9130718219094,-468.849574,1,-81.93650217809062
24.0,17.0,0,-376.55381773685804,,0,
25.0,17.0,0,-355.11969181580935,,0,
26.0,17.0,0,-323.7857583134901,,0,
27.0,17.0,0,-284.4116517016664,-295.217725,1,-10.806073298333558
28.0,17.0,0,-239.40662697446533,,0,
29.0,17.0,0,-192.65488178492524,,0,
30.0,17.0,0,-148.33096088515595,,0,
31.0,17.0,0,-110.17376541346312,63.109971,1,173.28373641346312
32.0,17.0,0,-81.43101472861599,,0,
33.0,17.0,0,-64.7335147013655,,0,
34.0,17.0,0,-61.6556699834764,,0,
35.0,17.0,0,-72.67703482182696,56.25522,1,128.93225482182697
36.0,17.0,0,-94.82865785865579,,0,
37.0,17.0,0,-124.19060383550823,,0,
38.0,17.0,0,-157.88646567240357,,0,
39.0,17.0,0,-194.39281956898049,-427.995171,1,-233.60235143101954
40.0,17.0,0,-231.81545129459118,,0,
41.0,17.0,0,-267.15208098920994,,0,
42.0,17.0,0,-297.4731243562419,,0,
43.0,17.0,0,-319.59417599486187,-477.767068,1,-158.17289200513812
44.0,17.0,0,-330.5154627201264,,0,
45.0,17.0,0,-327.628879286407,,0,
46.0,17.0,0,-312.45491872599814,,0,
47.0,17.0,0,-288.19678579154424,-384.867924,1,-96.67113820845577
48.0,17.0,0,-260.12603573239176,,0,
49.0,17.0,0,-233.0824436195544,,0,
50.0,17.0,0,-210.66969455895014,,0,
51.0,17.0,0,-195.6748038562946,-128.438246,1,67.23655785629461
52.0,17.0,0,-190.5441660498036,,0,
53.0,17.0,0,-196.87580050504766,,0,
54.0,17.0,0,-213.64366542058997,,0,
55.0,17.0,0,-238.5175171972951,-200.484025,1,38.03349219729509
56.0,17.0,0,-268.72737137021613,,0,
57.0,17.0,0,-298.8410706492141,,0,
58.0,17.0,0,-324.2745514395647,,0,
59.0,17.0,0,-342.03619358944707,-368.947046,1,-26.910852410552934
60.0,17.0,0,-351.47310082940385,,0,
61.0,17.0,0,-354.1042938531609,,0,
62.0,17.0,0,-350.8815125399269,,0,
63.0,17.0,0,-341.9443693762878,-328.887371,1,13.056998376287822
64.0,17.0,0,-326.3680872078985,,0,
65.0,17.0,0,-301.6474342815345,,0,
66.0,17.0,0,-264.43522493727505,,0,
67.0,17.0,0,-211.38021924032364,-327.233215,1,-115.85299575967633
68.0,17.0,0,-142.64779282460222,,0,
69.0,17.0,0,-67.29025380831445,,0,
70.0,17.0,0,6.730449375987519,,0,
71.0,17.0,0,72.59257186495233,65.530738,1,-7.061833864952334
72.0,17.0,0,122.27903992209758,,0,
73.0,17.0,0,147.60558704432333,,0,
74.0,17.0,0,146.58126427803654,,0,
75.0,17.0,0,121.16502839734312,224.918152,1,103.75312360265687
76.0,17.0,0,77.21188049556804,,0,
77.0,17.0,0,27.40252730890643,,0,
78.0,17.0,0,-19.027352070843335,,0,
79.0,17.0,0,-57.49208140198607,44.849656,1,102.34173740198608
80.0,17.0,0,-85.70938995505276,,0,
81.0,17.0,0,-101.646500944742,,0,
82.0,17.0,0,-103.13179301354103,,0,
83.0,17.0,0,-89.49725015083095,-136.954438,1,-47.45718784916906
84.0,17.0,0,-63.37077812314965,,0,
85.0,17.0,0,-31.631923002394615,,0,
86.0,17.0,0,-2.036989980202634,,0,
87.0,17.0,0,17.891207963752095,238.744912,1,220.8537040362479
88.0,17.0,0,24.85965934226988,,0,
89.0,17.0,0,17.516442721243948,,0,
90.0,17.0,0,0.9215646988013759,,0,
91.0,17.0,0,-16.325895590387518,-188.548467,1,-172.22257140961247
92.0,17.0,0,-24.737547093332978,,0,
93.0,17.0,0,-17.517421482072677,,0,
94.0,17.0,0,1.9307185322977602,,0,
95.0,17.0,0,23.502560532069765,213.76812,1,190.26555946793025
96.0,17.0,0,33.99767156498274,,0,
97.0,17.0,0,31.492560158483684,,0,
98.0,17.0,0,12.467723140725866,,0,
99.0,17.0,0,-26.632905281032436,143.162601,1,169.79550628103243
100.0,17.0,0,-86.1223118689959,,0,
101.0,17.0,0,-155.50543591449969,,0,
102.0,17.0,0,-226.27394909382565,,0,
103.0,17.0,0,-292.44791358942166,-418.622973,1,-126.17505941057834
104.0,17.0,0,-354.1483601021464,,0,
105.0,17.0,0,-411.9470458346186,,0,
106.0,17.0,0,-465.6165566497948,,0,
107.0,17.0,0,-514.1008542597701,-452.48488,1,61.615974259770155
108.0,17.0,0,-555.7900450535235,,0,
109.0,17.0,0,-585.2373522901908,,0,
110.0,17.0,0,-599.2119766474934,,0,
111.0,17.0,0,-597.8173086630413,-679.414957,1,-81.59764833695863
112.0,17.0,0,-582.751855693059,,0,
113.0,17.0,0,-556.7860036151251,,0,
114.0,17.0,0,-525.7821471201605,,0,
115.0,17.0,0,-496.71195947524393,-466.993764,1,29.71819547524393
116.0,17.0,0,-475.77162159443833,,0,
117.0,17.0,0,-466.8800090949517,,0,
118.0,17.0,0,-469.9766230749374,,0,
119.0,17.0,0,-482.99550813518,-393.538533,1,89.45697513518002
120.0,17.0,0,-501.2429647432873,,0,
121.0,17.0,0,-514.7150048795156,,0,
122.0,17.0,0,-516.3020672228595,,0,
123.0,17.0,0,-501.79013457812835,-552.43347,1,-50.64333542187171
124.0,17.0,0,-468.72008428745903,,0,
125.0,17.0,0,-416.566821585875,,0,
126.0,17.0,0,-349.35431401705137,,0,
127.0,17.0,0,-278.46501431334764,225.64141,1,504.10642431334765
128.0,17.0,0,-223.00496011518408,,0,
129.0,17.0,0,-174.9274425311014,,0,
130.0,17.0,0,-134.20455415546894,,0,
131.0,17.0,0,-103.12152008782141,-85.184972,1,17.936548087821407
132.0,17.0,0,-74.31847707391717,,0,
133.0,17.0,0,-39.77751975413412,,0,
134.0,17.0,0,1.0681705146562308,,0,
135.0,17.0,0,47.964278419851325,-264.751278,1,-312.71555641985134
136.0,17.0,0,102.07902639452368,,0,
137.0,17.0,0,164.2931844345294,,0,
138.0,17.0,0,233.19963307812577,,0,
139.0,17.0,0,305.5044557051733,305.572843,1,0.06838729482666395
140.0,17.0,0,369.9280784081202,,0,
141.0,17.0,0,413.8175923791714,,0,
142.0,17.0,0,426.39274689008016,,0,
143.0,17.0,0,400.1914356246125,798.670796,1,398.4793603753875
144.0,17.0,0,332.97327270091046,,0,
145.0,17.0,0,227.89162760786712,,0,
146.0,17.0,0,100.34470588283148,,0,
147.0,17.0,0,-29.13082050369121,-352.191777,1,-323.0609564963088
148.0,17.0,0,-134.78043756098486,,0,
149.0,17.0,0,-210.08123180945404,,0,
150.0,17.0,0,-249.278617487289,,0,
151.0,17.0,0,-249.6063013735693,-547.992295,1,-298.3859936264307
152.0,17.0,0,-207.9078959831968,,0,
153.0,17.0,0,-138.18208622466773,,0,
154.0,17.0,0,-51.46649015613366,,0,
155.0,17.0,0,40.45616652537137,425.405959,1,384.9497924746286
156.0,17.0,0,119.92058527003974,,0,
157.0,17.0,0,190.38922561518848,,0,
158.0,17.0,0,251.16403592808638,,0,
159.0,17.0,0,299.1260158685036,915.677785,1,616.5517691314964
160.0,17.0,0,328.4863122700481,,0,
161.0,17.0,0,333.2618291741237,,0,
162.0,17.0,0,314.7880079241004,,0,
163.0,17.0,0,274.3676388319582,493.548427,1,219.18078816804183
164.0,17.0,0,214.25967197911814,,0,
165.0,17.0,0,147.15967985987663,,0,
166.0,17.0,0,79.83242684975266,,0,
167.0,17.0,0,15.719893083442003,250.408843,1,234.688949916558
168.0,17.0,0,-43.012644744478166,,0,
169.0,17.0,0,-95.07125388318673,,0,
170.0,17.0,0,-140.46596166386735,,0,
171.0,17.0,0,-178.34077957062982,-259.809662,1,-81.46888242937018
172.0,17.0,0,-205.6511956290342,,0,
173.0,17.0,0,-219.07724829553626,,0,
174.0,17.0,0,-219.0718722739257,,0,
175.0,17.0,0,-207.37327067391016,-285.423732,1,-78.05046132608982
176.0,17.0,0,-187.22067243198399,,0,
177.0,17.0,0,-164.65760652255267,,0,
178.0,17.0,0,-141.4072420229204,,0,
179.0,17.0,0,-116.95729337725788,-110.695617,1,6.261676377257885
180.0,17.0,0,-92.9675478420686,,0,
181.0,17.0,0,-70.27321278047748,,0,
182.0,17.0,0,-47.58527603279799,,0,
183.0,17.0,0,-24.797377090435475,250.401819,1,275.19919609043546
184.0,17.0,0,-4.5972509406274185,,0,
185.0,17.0,0,26.08596460474655,,0,
186.0,17.0,0,75.99016550392844,,0,
187.0,17.0,0,148.66806086804718,-107.341926,1,-256.0099868680472
188.0,17.0,0,243.79843625798821,,0,
189.0,17.0,0,356.7239960478619,,0,
190.0,17.0,0,474.8690314448904,,0,
191.0,17.0,0,583.0206800005399,1077.52362,1,494.50293999946007
192.0,17.0,0,668.9120653641876,,0,
193.0,17.0,0,721.8906353157945,,0,
194.0,17.0,0,741.4165250910446,,0,
195.0,17.0,0,727.0179182593711,1079.234966,1,352.2170477406289
196.0,17.0,0,673.3352364012972,,0,
197.0,17.0,0,595.7655289489776,,0,
198.0,17.0,0,507.86647623660974,,0,
199.0,17.0,0,420.21766966441646,294.880268,1,-125.33740166441646
0.0,18.0,0,138.01331190468045,,0,
1.0,18.0,0,127.62383697461337,,0,
2.0,18.0,0,112.39757724339142,204.744233,1,92.34665575660858
3.0,18.0,0,91.81231438973919,,0,
4.0,18.0,0,65.87512065260671,,0,
5.0,18.0,0,35.675453683477826,,0,
6.0,18.0,0,4.3985714798327535,-133.073325,1,-137.47189647983276
7.0,18.0,0,-23.303406571038067,,0,
8.0,18.0,0,-43.696194770978764,,0,
9.0,18.0,0,-57.477166311990004,,0,
10.0,18.0,0,-66.89599185949191,-183.030428,1,-116.13443614050809
11.0,18.0,0,-76.11872327281162,,0,
12.0,18.0,0,-89.36724052834325,,0,
13.0,18.0,0,-109.91413335909601,,0,
14.0,18.0,0,-139.4986020908691,-101.432407,1,38.0661950908691
15.0,18.0,0,-176.79881177982315,,0,
16.0,18.0,0,-218.82631596771535,,0,
17.0,18.0,0,-263.8934023687616,,0,
18.0,18.0,0,-308.01749909017235,-487.684804,1,-179.66730490982764
19.0,18.0,0,-342.73514710599557,,0,
20.0,18.0,0,-368.81075408880133,,0,
21.0,18.0,0,-387.18202424573246,,0,
22.0,18.0,0,-397.50552483974025,-448.729964,1,-51.22443916025975
23.0,18.0,0,-398.4867914270144,,0,
24.0,18.0,0,-388.85980005777674,,0,
25.0,18.0,0,-367.8556033624336,,0,
26.0,18.0,0,-335.7946324888617,-412.391532,1,-76.5968995111383
27.0,18.0,0,-295.22392818471417,,0,
28.0,18.0,0,-249.625763874501,,0,
29.0,18.0,0,-203.50392167421523,,0,
30.0,18.0,0,-161.62833237100858,-74.801839,1,86.82649337100858
31.0,18.0,0,-127.30549826333299,,0,
32.0,18.0,0,-103.02197219722439,,0,
33.0,18.0,0,-90.58000067237299,,0,
34.0,18.0,0,-91.47926729614846,26.698337,1,118.17760429614846
35.0,18.0,0,-107.87832039780915,,0,
36.0,18.0,0,-134.70235812023748,,0,
37.0,18.0,0,-166.95961134886602,,0,
38.0,18.0,0,-200.46451710769907,-425.047238,1,-224.58272089230093
39.0,18.0,0,-234.92919804761186,,0,
40.0,18.0,0,-269.4050116573926,,0,
41.0,18.0,0,-301.3066058411496,,0,
42.0,18.0,0,-327.71999249397777,-385.89065,1,-58.17065750602222
43.0,18.0,0,-345.0441702262033,,0,
44.0,18.0,0,-352.6637302666204,,0,
45.0,18.0,0,-350.0437490687473,,0,
46.0,18.0,0,-337.7257049618056,-450.968551,1,-113.24284603819439
47.0,18.0,0,-316.03231999324635,,0,
48.0,18.0,0,-291.36412613571156,,0,
49.0,18.0,0,-267.93644815159496,,0,
50.0,18.0,0,-248.5905976111535,-328.629418,1,-80.03882038884649
51.0,18.0,0,-236.59650321910158,,0,
52.0,18.0,0,-234.58552994101774,,0,
53.0,18.0,0,-243.8003400466987,,0,
54.0,18.0,0,-263.5196382950526,-277.798044,1,-14.278405704947431
55.0,18.0,0,-290.99299521709327,,0,
56.0,18.0,0,-322.42960801318986,,0,
57.0,18.0,0,-352.6618293746724,,0,
58.0,18.0,0,-377.49983958899975,-445.135529,1,-67.63568941100027
59.0,18.0,0,-393.2757983605843,,0,
60.0,18.0,0,-400.62426090758527,,0,
61.0,18.0,0,-400.3819197830744,,0,
62.0,18.0,0,-393.3446611065883,-385.820124,1,7.524537106588298
63.0,18.0,0,-379.89881736645475,,0,
64.0,18.0,0,-359.1223105060635,,0,
65.0,18.0,0,-328.9676865016809,,0,
66.0,18.0,0,-286.0704032406211,-424.344608,1,-138.2742047593789
67.0,18.0,0,-225.48103862651624,,0,
68.0,18.0,0,-152.09093641513027,,0,
69.0,18.0,0,-75.33892014544108,,0,
70.0,18.0,0,-5.273916536825709,-57.523175,1,-52.24925846317429
71.0,18.0,0,53.81973021279555,,0,
72.0,18.0,0,97.66703495461843,,0,
73.0,18.0,0,121.54491633188445,,0,
74.0,18.0,0,122.69400012283586,268.672337,1,145.97833687716417
75.0,18.0,0,99.36741521139629,,0,
76.0,18.0,0,60.1862465091981,,0,
77.0,18.0,0,15.494470757083036,,0,
78.0,18.0,0,-26.30717436625855,-127.999721,1,-101.69254663374144
79.0,18.0,0,-61.45761399762705,,0,
80.0,18.0,0,-87.81899655473535,,0,
81.0,18.0,0,-103.24872302287258,,0,
82.0,18.0,0,-105.42196798278019,-198.934155,1,-93.51218701721982
83.0,18.0,0,-91.79592033789959,,0,
84.0,18.0,0,-66.42364514047222,,0,
85.0,18.0,0,-34.73341440688819,,0,
86.0,18.0,0,-3.979338498378638,204.405835,1,208.38517349837863
87.0,18.0,0,15.668057605391368,,0,
88.0,18.0,0,25.391040554386564,,0,
89.0,18.0,0,25.204935470363125,,0,
90.0,18.0,0,17.363555775606073,-6.081626,1,-23.445181775606073
91.0,18.0,0,8.02173197310185,,0,
92.0,18.0,0,4.095704221719643,,0,
93.0,18.0,0,10.06079195800703,,0,
94.0,18.0,0,24.68052227445878,57.26082,1,32.58029772554122
95.0,18.0,0,39.5993056508014,,0,
96.0,18.0,0,45.34849221716286,,0,
97.0,18.0,0,38.10533838067204,,0,
98.0,18.0,0,15.571285409270786,167.106854,1,151.5355685907292
99.0,18.0,0,-26.5957587066805,,0,
100.0,18.0,0,-83.37913158594165,,0,
101.0,18.0,0,-147.26858797238674,,0,
102.0,18.0,0,-210.85876901977463,-452.787145,1,-241.92837598022538
103.0,18.0,0,-265.727964158752,,0,
104.0,18.0,0,-317.4043831192248,,0,
105.0,18.0,0,-369.29964081849903,,0,
106.0,18.0,0,-422.88989161519567,-295.185283,1,127.70460861519564
107.0,18.0,0,-475.3021724995342,,0,
108.0,18.0,0,-521.8914254824631,,0,
109.0,18.0,0,-556.1546881272807,,0,
110.0,18.0,0,-573.1572756771056,-769.786967,1,-196.62969132289436
111.0,18.0,0,-574.1037767253583,,0,
112.0,18.0,0,-561.8932439874043,,0,
113.0,18.0,0,-539.7335697490489,,0,
114.0,18.0,0,-512.6633619896311,-541.286125,1,-28.622763010368885
115.0,18.0,0,-488.4998831170378,,0,
116.0,18.0,0,-473.87206417764537,,0,
117.0,18.0,0,-471.8969771679258,,0,
118.0,18.0,0,-482.68168372643413,-363.067225,1,119.61445872643412
119.0,18.0,0,-505.57860417012125,,0,
120.0,18.0,0,-531.7887118639774,,0,
121.0,18.0,0,-551.4220334046986,,0,
122.0,18.0,0,-556.7054651799845,-642.631106,1,-85.92564082001559
123.0,18.0,0,-544.2475899056299,,0,
124.0,18.0,0,-511.8749592663953,,0,
125.0,18.0,0,-457.8767124445876,,0,
126.0,18.0,0,-384.78589148580795,-294.827303,1,89.95858848580798
127.0,18.0,0,-305.1396120772697,,0,
128.0,18.0,0,-231.2322882769513,,0,
129.0,18.0,0,-162.62393867922947,,0,
130.0,18.0,0,-100.27717843861319,279.610018,1,379.8871964386132
131.0,18.0,0,-53.3573017984163,,0,
132.0,18.0,0,-12.680266252253205,,0,
133.0,18.0,0,23.779489691136405,,0,
134.0,18.0,0,55.40439675783273,10.48074,1,-44.92365675783273
135.0,18.0,0,86.32012874318752,,0,
136.0,18.0,0,119.84441202395828,,0,
137.0,18.0,0,157.0462402710691,,0,
138.0,18.0,0,199.2971585621708,-115.683921,1,-314.9810795621708
139.0,18.0,0,250.60626540193334,,0,
140.0,18.0,0,296.59202379419,,0,
141.0,18.0,0,325.80334566312376,,0,
142.0,18.0,0,328.7953496114351,429.231959,1,100.43660938856493
143.0,18.0,0,297.37956435303204,,0,
144.0,18.0,0,232.05983475991525,,0,
145.0,18.0,0,137.44781137187965,,0,
146.0,18.0,0,24.24633592343889,157.7184,1,133.4720640765611
147.0,18.0,0,-93.22676938283257,,0,
148.0,18.0,0,-193.89032350608613,,0,
149.0,18.0,0,-266.68806616286747,,0,
150.0,18.0,0,-304.76162367663346,-671.204306,1,-366.4426823233665
151.0,18.0,0,-305.1579945052508,,0,
152.0,18.0,0,-267.52598486468196,,0,
153.0,18.0,0,-199.6320887247566,,0,
154.0,18.0,0,-111.98500991344918,-203.596601,1,-91.61159108655082
155.0,18.0,0,-14.963483246974647,,0,
156.0,18.0,0,77.64471941045485,,0,
157.0,18.0,0,161.73083936818875,,0,
158.0,18.0,0,234.27902750705834,655.641096,1,421.3620684929416
159.0,18.0,0,291.97465659328736,,0,
160.0,18.0,0,330.7394951353781,,0,
161.0,18.0,0,347.5074656617362,,0,
162.0,18.0,0,340.9237394181546,610.623912,1,269.70017258184544
163.0,18.0,0,306.44557894649915,,0,
164.0,18.0,0,253.12198863644153,,0,
165.0,18.0,0,189.02339846803807,,0,
166.0,18.0,0,119.22124929120764,469.937551,1,350.71630170879234
167.0,18.0,0,49.17805200070143,,0,
168.0,18.0,0,-17.28500736563001,,0,
169.0,18.0,0,-78.26951250527054,,0,
170.0,18.0,0,-132.51645372482017,-130.851265,1,1.6651887248201547
171.0,18.0,0,-178.49609350319952,,0,
172.0,18.0,0,-213.86695616901852,,0,
173.0,18.0,0,-236.8055530025158,,0,
174.0,18.0,0,-246.92795287584886,-391.52475,1,-144.59679712415112
175.0,18.0,0,-242.82644273829646,,0,
176.0,18.0,0,-230.590850206092,,0,
177.0,18.0,0,-215.01704503549263,,0,
178.0,18.0,0,-197.31775226583704,-359.588198,1,-162.27044573416293
179.0,18.0,0,-173.82186369691044,,0,
180.0,18.0,0,-147.25542665785179,,0,
181.0,18.0,0,-117.58287291694432,,0,
182.0,18.0,0,-85.07046615891159,153.350431,1,238.42089715891157
183.0,18.0,0,-51.20187929272652,,0,
184.0,18.0,0,-15.294195295195095,,0,
185.0,18.0,0,31.683556627482176,,0,
186.0,18.0,0,98.84981527994387,-88.243953,1,-187.09376827994387
187.0,18.0,0,188.64650668669492,,0,
188.0,18.0,0,299.3247062191367,,0,
189.0,18.0,0,424.89052645489573,,0,
190.0,18.0,0,553.0951484001707,795.986743,1,242.89159459982932
191.0,18.0,0,665.0012596501037,,0,
192.0,18.0,0,752.7780355820432,,0,
193.0,18.0,0,807.5722750555724,,0,
194.0,18.0,0,824.9367860571947,1322.968476,1,498.0316899428053
195.0,18.0,0,802.7008844539523,,0,
196.0,18.0,0,741.5147843093146,,0,
197.0,18.0,0,653.0433189156465,,0,
198.0,18.0,0,552.416645984631,532.358155,1,-20.05849098463102
199.0,18.0,0,452.7071982738562,,0,
0.0,19.0,0,90.76453675527591,,0,
1.0,19.0,0,78.91133673215518,123.043548,1,44.13221126784482
2.0,19.0,0,64.05121491337195,,0,
3.0,19.0,0,45.67750578187406,,0,
4.0,19.0,0,22.691410720348358,,0,
5.0,19.0,0,-5.370523684541695,-42.262399,1,-36.89187531545831
6.0,19.0,0,-34.48375599225983,,0,
7.0,19.0,0,-60.18497349368408,,0,
8.0,19.0,0,-80.01788748882245,,0,
9.0,19.0,0,-93.630957611138,-178.180954,1,-84.54999638886201
10.0,19.0,0,-101.19321600208059,,0,
11.0,19.0,0,-107.83974215574563,,0,
12.0,19.0,0,-117.30416887137108,,0,
13.0,19.0,0,-132.3614826372359,-108.605716,1,23.755766637235894
14.0,19.0,0,-155.82352636684664,,0,
15.0,19.0,0,-187.16337567404844,,0,
16.0,19.0,0,-224.35391614492983,,0,
17.0,19.0,0,-265.0067631666316,-394.616157,1,-129.60939383336842
18.0,19.0,0,-304.9989745640196,,0,
19.0,19.0,0,-339.3268074924126,,0,
20.0,19.0,0,-367.00993186980486,,0,
21.0,19.0,0,-388.0591489922954,-392.258132,1,-4.198983007704612
22.0,19.0,0,-401.40154006995726,,0,
23.0,19.0,0,-405.2884737099521,,0,
24.0,19.0,0,-398.1027364740148,,0,
25.0,19.0,0,-379.12164893350564,-450.527249,1,-71.40560006649434
26.0,19.0,0,-347.69415370724164,,0,
27.0,19.0,0,-307.4629510305822,,0,
28.0,19.0,0,-262.1762874069391,,0,
29.0,19.0,0,-216.90070883667795,-167.037849,1,49.862859836677956
30.0,19.0,0,-177.64272393879946,,0,
31.0,19.0,0,-147.06157746375538,,0,
32.0,19.0,0,-127.31276334670838,,0,
33.0,19.0,0,-119.6017192931613,4.205361,1,123.80708029316129
34.0,19.0,0,-124.83960379264317,,0,
35.0,19.0,0,-143.1719846711494,,0,
36.0,19.0,0,-171.37073089450132,,0,
37.0,19.0,0,-204.50254173541907,-391.557246,1,-187.05470426458095
38.0,19.0,0,-235.65710396913346,,0,
39.0,19.0,0,-267.50278120778967,,0,
40.0,19.0,0,-298.9127479510498,,0,
41.0,19.0,0,-326.629121226375,-451.493252,1,-124.86413077362499
42.0,19.0,0,-348.1548964655958,,0,
43.0,19.0,0,-361.48571782466024,,0,
44.0,19.0,0,-366.270054548746,,0,
45.0,19.0,0,-362.9132784071844,-383.291304,1,-20.378025592815618
46.0,19.0,0,-351.91864234395325,,0,
47.0,19.0,0,-334.5495073982747,,0,
48.0,19.0,0,-314.81954891071655,,0,
49.0,19.0,0,-296.44539529364556,-357.533055,1,-61.08765970635443
50.0,19.0,0,-281.1740682737436,,0,
51.0,19.0,0,-273.0136163025163,,0,
52.0,19.0,0,-274.44361784344073,,0,
53.0,19.0,0,-286.7776329384069,-244.784903,1,41.99272993840688
54.0,19.0,0,-309.72612287895754,,0,
55.0,19.0,0,-340.69452115055174,,0,
56.0,19.0,0,-374.3490519526531,,0,
57.0,19.0,0,-404.23266379738925,-601.827882,1,-197.5952182026108
58.0,19.0,0,-427.4171892281156,,0,
59.0,19.0,0,-442.17678523785435,,0,
60.0,19.0,0,-448.1438275427208,,0,
61.0,19.0,0,-445.54494870919734,-460.046369,1,-14.501420290802685
62.0,19.0,0,-435.3215849525295,,0,
63.0,19.0,0,-417.93991929478943,,0,
64.0,19.0,0,-392.64933720746194,,0,
65.0,19.0,0,-357.4946639937116,-538.367243,1,-180.87257900628845
66.0,19.0,0,-309.33001116127707,,0,
67.0,19.0,0,-245.9845295129344,,0,
68.0,19.0,0,-171.29672423528973,,0,
69.0,19.0,0,-94.54333883256186,174.823929,1,269.3672678325619
70.0,19.0,0,-29.648043505265377,,0,
71.0,19.0,0,23.792697286233306,,0,
72.0,19.0,0,63.205367125570774,,0,
73.0,19.0,0,85.2014992692275,22.11265,1,-63.088849269227495
74.0,19.0,0,86.81806504481938,,0,
75.0,19.0,0,67.9807138456963,,0,
76.0,19.0,0,34.8760182793485,,0,
77.0,19.0,0,-3.7782044982304797,-94.268046,1,-90.48984150176952
78.0,19.0,0,-39.69202668406069,,0,
79.0,19.0,0,-70.99641083495226,,0,
80.0,19.0,0,-95.37765225753537,,0,
81.0,19.0,0,-110.04366739367833,-217.030613,1,-106.98694560632165
82.0,19.0,0,-112.28410594770685,,0,
83.0,19.0,0,-100.88570551999146,,0,
84.0,19.0,0,-78.42084858307499,,0,
85.0,19.0,0,-49.38518580069649,272.057965,1,321.4431508006965
86.0,19.0,0,-20.10834013990825,,0,
87.0,19.0,0,2.949043034343049,,0,
88.0,19.0,0,18.57704814853787,,0,
89.0,19.0,0,26.900569011631887,87.441134,1,60.54056498836812
90.0,19.0,0,27.561832340201363,,0,
91.0,19.0,0,25.2371590876719,,0,
92.0,19.0,0,24.6067848308885,,0,
93.0,19.0,0,28.705658879771363,-68.078241,1,-96.78389987977137
94.0,19.0,0,38.573344623393496,,0,
95.0,19.0,0,47.200221819919534,,0,
96.0,19.0,0,47.49338311122847,,0,
97.0,19.0,0,34.6167497682618,232.666477,1,198.0497272317382
98.0,19.0,0,7.668460065731779,,0,
99.0,19.0,0,-33.21391049353406,,0,
100.0,19.0,0,-83.41503807599656,,0,
101.0,19.0,0,-136.2704159889836,-265.663422,1,-129.39300601101644
102.0,19.0,0,-186.88422618777258,,0,
103.0,19.0,0,-232.29477155185305,,0,
104.0,19.0,0,-275.78744567229296,,0,
105.0,19.0,0,-322.2241331714904,-164.954661,1,157.2694721714904
106.0,19.0,0,-376.3661699789227,,0,
107.0,19.0,0,-432.4283533350681,,0,
108.0,19.0,0,-484.12004238861846,,0,
109.0,19.0,0,-523.8222315954044,-710.306773,1,-186.48454140459557
110.0,19.0,0,-543.7369476128079,,0,
111.0,19.0,0,-547.6838520271704,,0,
112.0,19.0,0,-538.6614739728975,,0,
113.0,19.0,0,-520.1289398218505,-615.468105,1,-95.33916517814953
114.0,19.0,0,-496.15691016364144,,0,
115.0,19.0,0,-476.88979242776986,,0,
116.0,19.0,0,-469.7159820657689,,0,
117.0,19.0,0,-477.33401385333855,-335.409044,1,141.92496985333855
118.0,19.0,0,-499.06783864850877,,0,
119.0,19.0,0,-531.3144669464091,,0,
120.0,19.0,0,-565.4096283827676,,0,
121.0,19.0,0,-591.0608143367572,-691.750492,1,-100.68967766324283
122.0,19.0,0,-599.5923443034408,,0,
123.0,19.0,0,-589.8865271897521,,0,
124.0,19.0,0,-559.9973937490722,,0,
125.0,19.0,0,-507.4025036627427,-743.133884,1,-235.7313803372573
126.0,19.0,0,-431.6178596406244,,0,
127.0,19.0,0,-346.2692291024141,,0,
128.0,19.0,0,-259.7139464530628,,0,
129.0,19.0,0,-175.24617277318612,84.426532,1,259.6727047731861
130.0,19.0,0,-96.67093702201964,,0,
131.0,19.0,0,-28.960196099244058,,0,
132.0,19.0,0,27.610642259707674,,0,
133.0,19.0,0,69.9696812479524,350.083181,1,280.11349975204763
134.0,19.0,0,95.55740059562959,,0,
135.0,19.0,0,115.23292663064785,,0,
136.0,19.0,0,133.24791795847705,,0,
137.0,19.0,0,151.297173949657,-63.385735,1,-214.68290894965702
138.0,19.0,0,172.97180167539045,,0,
139.0,19.0,0,200.24871232011355,,0,
140.0,19.0,0,225.53419482894242,,0,
141.0,19.0,0,238.38053321442567,23.629639,1,-214.75089421442567
142.0,19.0,0,229.95399900781922,,0,
143.0,19.0,0,194.51862353645265,,0,
144.0,19.0,0,131.93585862359032,,0,
145.0,19.0,0,46.52845453703776,427.551937,1,381.02348246296225
146.0,19.0,0,-53.64588831900619,,0,
147.0,19.0,0,-157.12400680873543,,0,
148.0,19.0,0,-249.5622975428123,,0,
149.0,19.0,0,-318.8434679226484,-488.086266,1,-169.2427980773516
150.0,19.0,0,-354.35805398377124,,0,
151.0,19.0,0,-356.3267325027846,,0,
152.0,19.0,0,-324.4729971276829,,0,
153.0,19.0,0,-261.6717194134835,-693.303067,1,-431.63134758651654
154.0,19.0,0,-177.1878976348089,,0,
155.0,19.0,0,-80.42776734917425,,0,
156.0,19.0,0,19.52457465569023,,0,
157.0,19.0,0,114.7314665785525,211.19141,1,96.45994342144749
158.0,19.0,0,197.07320735778194,,0,
159.0,19.0,0,263.36397599615157,,0,
160.0,19.0,0,309.773636982427,,0,
161.0,19.0,0,334.03270035539754,461.63326,1,127.60055964460247
162.0,19.0,0,334.54571573773865,,0,
163.0,19.0,0,310.85489554237574,,0,
164.0,19.0,0,268.6798968585208,,0,
165.0,19.0,0,213.30605055438355,374.918803,1,161.61275244561648
166.0,19.0,0,146.13353896187618,,0,
167.0,19.0,0,75.7313401219435,,0,
168.0,19.0,0,6.82210234971717,,0,
169.0,19.0,0,-58.26727389451116,119.141751,1,177.40902489451116
170.0,19.0,0,-117.13304319954477,,0,
171.0,19.0,0,-167.87561855465174,,0,
172.0,19.0,0,-208.40073877433315,,0,
173.0,19.0,0,-236.67050342191942,-323.891417,1,-87.22091357808057
174.0,19.0,0,-252.65670916298404,,0,
175.0,19.0,0,-256.8447193123866,,0,
176.0,19.0,0,-252.71773605514318,,0,
177.0,19.0,0,-244.0401387102902,-399.651003,1,-155.6108642897098
178.0,19.0,0,-231.87868445832282,,0,
179.0,19.0,0,-214.818993920926,,0,
180.0,19.0,0,-191.52681345678866,,0,
181.0,19.0,0,-159.82289634551853,-166.139101,1,-6.316204654481481
182.0,19.0,0,-122.28536701877601,,0,
183.0,19.0,0,-81.19832447357476,,0,
184.0,19.0,0,-34.77616911684163,,0,
185.0,19.0,0,23.658883801661432,-117.880567,1,-141.53945080166142
186.0,19.0,0,103.70743547671009,,0,
187.0,19.0,0,205.4735865853727,,0,
188.0,19.0,0,326.6208401704207,,0,
189.0,19.0,0,459.9456011541188,637.134525,1,177.18892384588128
190.0,19.0,0,593.5462246679235,,0,
191.0,19.0,0,712.8066755607724,,0,
192.0,19.0,0,806.1835317329969,,0,
193.0,19.0,0,863.3125703693368,1271.571551,1,408.25898063066325
194.0,19.0,0,878.7184729718138,,0,
195.0,19.0,0,850.8658650177531,,0,
196.0,19.0,0,782.9935058963019,,0,
197.0,19.0,0,685.2344049545936,669.304862,1,-15.929542954593671
198.0,19.0,0,573.8459295250941,,0,
199.0,19.0,0,464.35340287396684,,0,
0.0,20.0,0,40.717163918190636,18.942248,1,-21.774915918190636
1.0,20.0,0,27.166572325862944,,0,
2.0,20.0,0,12.051495586056262,,0,
3.0,20.0,0,-4.515513633843511,,0,
4.0,20.0,0,-23.78395468206145,151.233428,1,175.01738268206145
5.0,20.0,0,-49.23499235534109,,0,
6.0,20.0,0,-74.72542341751978,,0,
7.0,20.0,0,-96.5212614450138,,0,
8.0,20.0,0,-112.75955846835859,-178.498657,1,-65.73909853164142
9.0,20.0,0,-122.76278754294617,,0,
10.0,20.0,0,-127.3411473641172,,0,
11.0,20.0,0,-129.9662581901066,,0,
12.0,20.0,0,-134.15088778780773,-190.32342,1,-56.172532212192266
13.0,20.0,0,-142.1206007533474,,0,
14.0,20.0,0,-158.06375503214076,,0,
15.0,20.0,0,-182.69410925079137,,0,
16.0,20.0,0,-213.95366328628734,-312.228974,1,-98.27531071371266
17.0,20.0,0,-249.76163976895623,,0,
18.0,20.0,0,-286.97107063420117,,0,
19.0,20.0,0,-322.0883958982304,,0,
20.0,20.0,0,-353.1736017380608,-355.407094,1,-2.2334922619391477
21.0,20.0,0,-378.98417633917416,,0,
22.0,20.0,0,-397.73057633661665,,0,
23.0,20.0,0,-406.5403539473191,,0,
24.0,20.0,0,-402.66719932859996,-439.169772,1,-36.50257267140006
25.0,20.0,0,-386.0556316305301,,0,
26.0,20.0,0,-357.66713828779757,,0,
27.0,20.0,0,-319.8663231721148,,0,
28.0,20.0,0,-276.1036883193301,-338.645549,1,-62.54186068066991
29.0,20.0,0,-232.720584460767,,0,
30.0,20.0,0,-195.67338934144937,,0,
31.0,20.0,0,-168.4635446788161,,0,
32.0,20.0,0,-153.18534022942185,-73.489775,1,79.69556522942186
33.0,20.0,0,-149.79594026668929,,0,
34.0,20.0,0,-157.73334569879808,,0,
35.0,20.0,0,-175.89786757528782,,0,
36.0,20.0,0,-201.64875323465094,-227.288967,1,-25.640213765349074
37.0,20.0,0,-230.98609351436608,,0,
38.0,20.0,0,-260.4614355433732,,0,
39.0,20.0,0,-290.389723890461,,0,
40.0,20.0,0,-319.435294510331,-388.434598,1,-68.99930348966899
41.0,20.0,0,-343.2243816482369,,0,
42.0,20.0,0,-360.48669285024516,,0,
43.0,20.0,0,-369.95107444538735,,0,
44.0,20.0,0,-371.84964347584173,-347.643875,1,24.20576847584175
45.0,20.0,0,-367.2500134338625,,0,
46.0,20.0,0,-357.3518246350577,,0,
47.0,20.0,0,-343.6670532062417,,0,
48.0,20.0,0,-328.53604975971393,-342.586632,1,-14.050582240286076
49.0,20.0,0,-314.81921412982047,,0,
50.0,20.0,0,-304.84295849723276,,0,
51.0,20.0,0,-301.25662116502644,,0,
52.0,20.0,0,-306.1124014054658,-255.792711,1,50.31969040546579
53.0,20.0,0,-321.2340647045057,,0,
54.0,20.0,0,-347.1351500698365,,0,
55.0,20.0,0,-381.67743050243007,,0,
56.0,20.0,0,-418.6983994594775,-586.59193,1,-167.89353054052253
57.0,20.0,0,-448.51040514651686,,0,
58.0,20.0,0,-470.9359685086529,,0,
59.0,20.0,0,-485.09886621689657,,0,
60.0,20.0,0,-490.32556207757443,-533.694599,1,-43.36903692242561
61.0,20.0,0,-485.9069281745469,,0,
62.0,20.0,0,-473.35708161472576,,0,
63.0,20.0,0,-453.19979901931947,,0,
64.0,20.0,0,-424.9827079467941,-586.057237,1,-161.07452905320588
65.0,20.0,0,-387.15163460816257,,0,
66.0,20.0,0,-337.385277535941,,0,
67.0,20.0,0,-274.77008470427245,,0,
68.0,20.0,0,-202.8411481473595,-26.550193,1,176.29095514735948
69.0,20.0,0,-130.35140087129548,,0,
70.0,20.0,0,-66.85608211018553,,0,
71.0,20.0,0,-15.57333555223886,,0,
72.0,20.0,0,21.54396884853486,-16.757271,1,-38.30123984853486
73.0,20.0,0,42.66523438633885,,0,
74.0,20.0,0,45.40452245422057,,0,
75.0,20.0,0,30.903851829643827,,0,
76.0,20.0,0,4.240486501483247,-21.458986,1,-25.699472501483246
77.0,20.0,0,-27.219655825640075,,0,
78.0,20.0,0,-58.248599871149054,,0,
79.0,20.0,0,-86.42446006950922,,0,
80.0,20.0,0,-109.46526080020703,-43.135307,1,66.32995380020704
81.0,20.0,0,-123.94331758993212,,0,
82.0,20.0,0,-127.06014811919886,,0,
83.0,20.0,0,-118.22566544861184,,0,
84.0,20.0,0,-99.35891747099231,136.294499,1,235.6534164709923
85.0,20.0,0,-73.15548186434899,,0,
86.0,20.0,0,-43.91074324201327,,0,
87.0,20.0,0,-16.425946331117302,,0,
88.0,20.0,0,6.394848422612995,-33.735223,1,-40.13007142261299
89.0,20.0,0,23.4690718537895,,0,
90.0,20.0,0,32.98423190086032,,0,
91.0,20.0,0,37.03889364216593,,0,
92.0,20.0,0,39.45156966225477,-57.235932,1,-96.68750166225476
93.0,20.0,0,42.31922786985524,,0,
94.0,20.0,0,46.017295053141424,,0,
95.0,20.0,0,47.52208281477215,,0,
96.0,20.0,0,42.0663537660148,196.450632,1,154.3842782339852
97.0,20.0,0,23.565558997535845,,0,
98.0,20.0,0,-5.189637542236596,,0,
99.0,20.0,0,-42.15458674519323,,0,
100.0,20.0,0,-83.51431899324234,-191.056045,1,-107.54172600675767
101.0,20.0,0,-122.85689425846795,,0,
102.0,20.0,0,-159.86754027425195,,0,
103.0,20.0,0,-195.11342697474174,,0,
104.0,20.0,0,-231.80152085184818,-119.455958,1,112.34556285184819
105.0,20.0,0,-274.9516016949492,,0,
106.0,20.0,0,-327.3643600154901,,0,
107.0,20.0,0,-385.1397265008418,,0,
108.0,20.0,0,-440.58614756711177,-517.345017,1,-76.75886943288822
109.0,20.0,0,-483.727317448589,,0,
110.0,20.0,0,-509.7915125165018,,0,
111.0,20.0,0,-518.8333877052646,,0,
112.0,20.0,0,-513.0888186898082,-582.208668,1,-69.11984931019174
113.0,20.0,0,-496.7472505074693,,0,
114.0,20.0,0,-476.0310497811879,,0,
115.0,20.0,0,-461.236502085696,,0,
116.0,20.0,0,-461.9616568599595,-331.672033,1,130.28962385995948
117.0,20.0,0,-479.9518792484887,,0,
118.0,20.0,0,-512.8230568731669,,0,
119.0,20.0,0,-554.8389921584167,,0,
120.0,20.0,0,-596.4465200893173,-647.693875,1,-51.2473549106827
121.0,20.0,0,-626.3055978177581,,0,
122.0,20.0,0,-638.2591957764234,,0,
123.0,20.0,0,-630.7261317183729,,0,
124.0,20.0,0,-602.592728416028,-758.094359,1,-155.5016305839721
125.0,20.0,0,-549.7271507567493,,0,
126.0,20.0,0,-476.95619955449365,,0,
127.0,20.0,0,-391.857636682922,,0,
128.0,20.0,0,-300.14001406083116,-328.818581,1,-28.67856693916883
129.0,20.0,0,-206.9421959737083,,0,
130.0,20.0,0,-116.8066051498754,,0,
131.0,20.0,0,-33.73176056519151,,0,
132.0,20.0,0,37.15172977652401,412.220442,1,375.068712223476
133.0,20.0,0,83.7331057942938,,0,
134.0,20.0,0,111.98128931503743,,0,
135.0,20.0,0,128.42239962960593,,0,
136.0,20.0,0,138.03278200764908,212.860234,1,74.82745199235092
137.0,20.0,0,142.85442247218452,,0,
138.0,20.0,0,147.6227774991421,,0,
139.0,20.0,0,154.59482495754492,,0,
140.0,20.0,0,161.17143824731465,-200.981663,1,-362.1531012473147
141.0,20.0,0,158.4328970827628,,0,
142.0,20.0,0,139.07830869441386,,0,
143.0,20.0,0,99.54384247027338,,0,
144.0,20.0,0,39.22815010987688,249.101282,1,209.87313189012312
145.0,20.0,0,-38.588122537359595,,0,
146.0,20.0,0,-127.25465485686436,,0,
147.0,20.0,0,-217.7655819063075,,0,
148.0,20.0,0,-299.6118049056968,-257.680696,1,41.93110890569676
149.0,20.0,0,-361.6355138224317,,0,
150.0,20.0,0,-395.71405063639395,,0,
151.0,20.0,0,-400.22214332642034,,0,
152.0,20.0,0,-374.86928100779187,-602.321887,1,-227.45260599220808
153.0,20.0,0,-317.78433987824246,,0,
154.0,20.0,0,-239.8046654331265,,0,
155.0,20.0,0,-147.39979498367757,,0,
156.0,20.0,0,-45.516684587229975,-229.793524,1,-184.27683941277002
157.0,20.0,0,55.560381557326764,,0,
158.0,20.0,0,146.36760582204442,,0,
159.0,20.0,0,220.64832123508677,,0,
160.0,20.0,0,273.2200248821173,336.984048,1,63.76402311788269
161.0,20.0,0,303.3712906923611,,0,
162.0,20.0,0,311.2859255152289,,0,
163.0,20.0,0,298.4171400165651,,0,
164.0,20.0,0,268.4181845879648,263.54637,1,-4.871814587964764
165.0,20.0,0,222.6524715803098,,0,
166.0,20.0,0,163.47960586717818,,0,
167.0,20.0,0,97.73447588877752,,0,
168.0,20.0,0,31.20440682093613,97.768502,1,66.56409517906387
169.0,20.0,0,-33.47270434163511,,0,
170.0,20.0,0,-92.22316183638759,,0,
171.0,20.0,0,-143.59256714582443,,0,
172.0,20.0,0,-186.32544484944083,-297.703244,1,-111.37779915055916
173.0,20.0,0,-217.1402349632699,,0,
174.0,20.0,0,-238.00346399319824,,0,
175.0,20.0,0,-249.46446335222572,,0,
176.0,20.0,0,-252.69587052054703,-429.768281,1,-177.07241047945297
177.0,20.0,0,-250.56236910121515,,0,
178.0,20.0,0,-244.83682104060426,,0,
179.0,20.0,0,-235.40727555798367,,0,
180.0,20.0,0,-219.47281648078933,-511.086055,1,-291.61323851921065
181.0,20.0,0,-189.3937455296982,,0,
182.0,20.0,0,-151.78278117568698,,0,
183.0,20.0,0,-108.22853972902521,,0,
184.0,20.0,0,-56.54006483021658,-127.571805,1,-71.03174016978342
185.0,20.0,0,8.574379819910973,,0,
186.0,20.0,0,93.1516685266979,,0,
187.0,20.0,0,199.39980057487264,,0,
188.0,20.0,0,325.69705356261693,376.778213,1,51.081159437383064
189.0,20.0,0,462.8549697562121,,0,
190.0,20.0,0,600.5512170533184,,0,
191.0,20.0,0,726.5595336467959,,0,
192.0,20.0,0,827.7621859650826,982.292345,1,154.53015903491735
193.0,20.0,0,889.1263575637713,,0,
194.0,20.0,0,904.9252015503589,,0,
195.0,20.0,0,873.0368268121965,,0,
196.0,20.0,0,799.0525479502976,934.863028,1,135.8104800497024
197.0,20.0,0,692.5649051871151,,0,
198.0,20.0,0,572.075277768774,,0,
199.0,20.0,0,455.1925627058372,,0,
0.0,21.0,0,-10.391553599387407,,0,
1.0,21.0,0,-26.54622071236372,,0,
2.0,21.0,0,-43.39078232948668,,0,
3.0,21.0,0,-60.013085439335555,12.585749,1,72.59883443933555
4.0,21.0,0,-77.85975627182052,,0,
5.0,21.0,0,-98.09113992005587,,0,
6.0,21.0,0,-117.61406650801655,,0,
7.0,21.0,0,-133.45811747509288,-170.765211,1,-37.30709352490712
8.0,21.0,0,-143.8291865484789,,0,
9.0,21.0,0,-148.10044734738767,,0,
10.0,21.0,0,-147.16648951452225,,0,
11.0,21.0,0,-143.44440256792586,-123.844407,1,19.59999556792586
12.0,21.0,0,-139.8438099869527,,0,
13.0,21.0,0,-139.53206499642693,,0,
14.0,21.0,0,-146.94503619277384,,0,
15.0,21.0,0,-164.6789707307471,-239.407619,1,-74.72864826925291
16.0,21.0,0,-189.8136321315542,,0,
17.0,21.0,0,-221.60045480029657,,0,
18.0,21.0,0,-257.47666355990805,,0,
19.0,21.0,0,-294.15065622417023,-281.73083,1,12.419826224170208
20.0,21.0,0,-329.39544259000104,,0,
21.0,21.0,0,-361.1466359170154,,0,
22.0,21.0,0,-386.6817314416403,,0,
23.0,21.0,0,-402.11431013041874,-508.632984,1,-106.51867386958128
24.0,21.0,0,-402.4966385900043,,0,
25.0,21.0,0,-389.58630840852857,,0,
26.0,21.0,0,-365.0801744577475,,0,
27.0,21.0,0,-331.0330997892888,-447.308526,1,-116.27542621071115
28.0,21.0,0,-289.462669714354,,0,
29.0,21.0,0,-248.8848966700025,,0,
30.0,21.0,0,-215.0989109511138,,0,
31.0,21.0,0,-191.39431571762543,-118.44251,1,72.95180571762543
32.0,21.0,0,-180.4566123741679,,0,
33.0,21.0,0,-180.31908920104615,,0,
34.0,21.0,0,-189.3471658224007,,0,
35.0,21.0,0,-205.81733140116557,-212.088286,1,-6.270954598834436
36.0,21.0,0,-227.3323136458639,,0,
37.0,21.0,0,-251.51721003418788,,0,
38.0,21.0,0,-277.20403124252334,,0,
39.0,21.0,0,-304.45898044487694,-288.939539,1,15.519441444876918
40.0,21.0,0,-330.58339042775333,,0,
41.0,21.0,0,-351.9295491471421,,0,
42.0,21.0,0,-366.1648331381148,,0,
43.0,21.0,0,-371.8647075067274,-363.004907,1,8.859800506727424
44.0,21.0,0,-370.65879531775136,,0,
45.0,21.0,0,-364.5199996752199,,0,
46.0,21.0,0,-355.2869464587711,,0,
47.0,21.0,0,-344.51355916121975,-380.717103,1,-36.20354383878026
48.0,21.0,0,-333.20962461596355,,0,
49.0,21.0,0,-324.00835911300965,,0,
50.0,21.0,0,-318.94609572406625,,0,
51.0,21.0,0,-319.8815664148424,-364.556441,1,-44.674874585157625
52.0,21.0,0,-327.76425850810483,,0,
53.0,21.0,0,-345.05326635367237,,0,
54.0,21.0,0,-372.9422766045027,,0,
55.0,21.0,0,-410.10822811856633,-370.971557,1,39.13667111856631
56.0,21.0,0,-449.10519996634685,,0,
57.0,21.0,0,-481.6942629131954,,0,
58.0,21.0,0,-505.0940228973632,,0,
59.0,21.0,0,-518.9850724205608,-679.920971,1,-160.93589857943925
60.0,21.0,0,-523.3017960911384,,0,
61.0,21.0,0,-518.177385035553,,0,
62.0,21.0,0,-504.5537733231322,,0,
63.0,21.0,0,-483.0835404880345,-483.194716,1,-0.11117551196554132
64.0,21.0,0,-454.0705413010437,,0,
65.0,21.0,0,-416.70495536655653,,0,
66.0,21.0,0,-368.9945255907951,,0,
67.0,21.0,0,-309.78753022733144,-335.538427,1,-25.75089677266857
68.0,21.0,0,-242.25181768508628,,0,
69.0,21.0,0,-173.8390778962057,,0,
70.0,21.0,0,-111.73639832565095,,0,
71.0,21.0,0,-60.627305515052285,182.928066,1,243.5553715150523
72.0,21.0,0,-23.497038263827562,,0,
73.0,21.0,0,-2.5165371370967478,,0,
74.0,21.0,0,1.4078488766972441,,0,
75.0,21.0,0,-9.550460433005355,-106.920142,1,-97.36968156699464
76.0,21.0,0,-30.54728992463788,,0,
77.0,21.0,0,-56.122879153699614,,0,
78.0,21.0,0,-82.71409122581099,,0,
79.0,21.0,0,-108.49819371214835,-69.921374,1,38.57681971214835
80.0,21.0,0,-131.17157380771823,,0,
81.0,21.0,0,-146.30915485380683,,0,
82.0,21.0,0,-150.9448092384555,,0,
83.0,21.0,0,-144.2806554561248,-76.962729,1,67.31792645612481
84.0,21.0,0,-128.30487353212084,,0,
85.0,21.0,0,-103.1750529280398,,0,
86.0,21.0,0,-71.62218779408431,,0,
87.0,21.0,0,-38.065004071220756,-36.943372,1,1.121632071220759
88.0,21.0,0,-6.606678704847582,,0,
89.0,21.0,0,19.525802988675423,,0,
90.0,21.0,0,37.38334244285943,,0,
91.0,21.0,0,46.56528859655373,-33.502105,1,-80.06739359655373
92.0,21.0,0,50.996479402529076,,0,
93.0,21.0,0,51.10582677985076,,0,
94.0,21.0,0,47.66756055847509,,0,
95.0,21.0,0,40.50398762326222,106.820955,1,66.31696737673778
96.0,21.0,0,27.604507524927612,,0,
97.0,21.0,0,6.806228776462376,,0,
98.0,21.0,0,-20.141510146146175,,0,
99.0,21.0,0,-50.29750629863702,-53.26916,1,-2.971653701362982
100.0,21.0,0,-80.43730080407113,,0,
101.0,21.0,0,-107.27712116029579,,0,
102.0,21.0,0,-131.23229024070315,,0,
103.0,21.0,0,-155.78238021372817,-186.973435,1,-31.19105478627182
104.0,21.0,0,-185.3118376719067,,0,
105.0,21.0,0,-224.82504053556477,,0,
106.0,21.0,0,-275.75061550881946,,0,
107.0,21.0,0,-334.6693328851834,-328.910698,1,5.758634885183369
108.0,21.0,0,-392.98097429875634,,0,
109.0,21.0,0,-441.5076356206555,,0,
110.0,21.0,0,-474.60404247103725,,0,
111.0,21.0,0,-489.93542571458966,-548.878506,1,-58.94308028541036
112.0,21.0,0,-488.06221853842726,,0,
113.0,21.0,0,-474.58546188529,,0,
114.0,21.0,0,-456.5882818006794,,0,
115.0,21.0,0,-444.4693287390983,-217.700355,1,226.76897373909827
116.0,21.0,0,-451.89424595737364,,0,
117.0,21.0,0,-478.3254838134162,,0,
118.0,21.0,0,-521.1967786419555,,0,
119.0,21.0,0,-572.7558810339542,-526.349121,1,46.40676003395424
120.0,21.0,0,-621.3674593074538,,0,
121.0,21.0,0,-655.5484303495614,,0,
122.0,21.0,0,-668.9436964020133,,0,
123.0,21.0,0,-660.8850823134417,-814.699427,1,-153.81434468655834
124.0,21.0,0,-631.841125902487,,0,
125.0,21.0,0,-581.8165758954128,,0,
126.0,21.0,0,-514.5222794286092,,0,
127.0,21.0,0,-434.6290598206688,-560.982134,1,-126.3530741793312
128.0,21.0,0,-343.9634236264974,,0,
129.0,21.0,0,-249.05226556223352,,0,
130.0,21.0,0,-154.34077017591335,,0,
131.0,21.0,0,-64.98765324172564,257.291537,1,322.27919024172564
132.0,21.0,0,11.714318634709343,,0,
133.0,21.0,0,68.46052987268195,,0,
134.0,21.0,0,105.16038770717569,,0,
135.0,21.0,0,123.92412989865988,363.337703,1,239.4135731013401
136.0,21.0,0,130.58879518217873,,0,
137.0,21.0,0,129.39662653615233,,0,
138.0,21.0,0,123.56281988497358,,0,
139.0,21.0,0,115.73316632513888,-110.459385,1,-226.19255132513888
140.0,21.0,0,108.42076214205008,,0,
141.0,21.0,0,91.83834401064087,,0,
142.0,21.0,0,61.84415412135422,,0,
143.0,21.0,0,18.053953377064317,44.646099,1,26.592145622935682
144.0,21.0,0,-41.252673157840036,,0,
145.0,21.0,0,-113.58961529494263,,0,
146.0,21.0,0,-193.2139069585828,,0,
147.0,21.0,0,-272.6751092763152,-208.855722,1,63.81938727631521
148.0,21.0,0,-344.32655303773936,,0,
149.0,21.0,0,-398.38913982128724,,0,
150.0,21.0,0,-428.8271502777934,,0,
151.0,21.0,0,-433.1879713514354,-481.494848,1,-48.30687664856458
152.0,21.0,0,-410.4518429232994,,0,
153.0,21.0,0,-361.40492905071005,,0,
154.0,21.0,0,-292.3440660346532,,0,
155.0,21.0,0,-208.01685154810548,-498.199364,1,-290.1825124518945
156.0,21.0,0,-107.84327956172638,,0,
157.0,21.0,0,-5.765143401687965,,0,
158.0,21.0,0,89.17104134405963,,0,
159.0,21.0,0,170.04180463287048,370.684052,1,200.64224736712953
160.0,21.0,0,228.11018922994845,,0,
161.0,21.0,0,265.6892431345768,,0,
162.0,21.0,0,283.27620146702975,,0,
163.0,21.0,0,281.98731996375136,125.026196,1,-156.96112396375136
164.0,21.0,0,265.3305033100769,,0,
165.0,21.0,0,230.43796193157323,,0,
166.0,21.0,0,180.00727454479784,,0,
167.0,21.0,0,120.83047240041196,0.114409,1,-120.71606340041197
168.0,21.0,0,58.757102534989826,,0,
169.0,21.0,0,-1.080368452705443,,0,
170.0,21.0,0,-54.76331557496451,,0,
171.0,21.0,0,-102.10970093053766,-276.170464,1,-174.06076306946233
172.0,21.0,0,-143.26682714791968,,0,
173.0,21.0,0,-176.87627450725995,,0,
174.0,21.0,0,-202.9877807655139,,0,
175.0,21.0,0,-221.59037344995886,-294.403651,1,-72.81327755004116
176.0,21.0,0,-231.67116620531306,,0,
177.0,21.0,0,-236.1290029855445,,0,
178.0,21.0,0,-236.70945591316558,,0,
179.0,21.0,0,-233.53092594235204,-516.518068,1,-282.98714205764793
180.0,21.0,0,-223.19108142633922,,0,
181.0,21.0,0,-201.69628552626818,,0,
182.0,21.0,0,-170.44992378132883,,0,
183.0,21.0,0,-130.0007644179277,-129.782393,1,0.21837141792769899
184.0,21.0,0,-78.93425354745705,,0,
185.0,21.0,0,-13.783316534012556,,0,
186.0,21.0,0,69.40522764483467,,0,
187.0,21.0,0,173.25863446993753,6.877304,1,-166.38133046993752
188.0,21.0,0,299.2047876401339,,0,
189.0,21.0,0,436.801458473783,,0,
190.0,21.0,0,576.0879106407519,,0,
191.0,21.0,0,705.9787077638321,862.969402,1,156.99069423616788
192.0,21.0,0,813.07392929052,,0,
193.0,21.0,0,882.6350948736072,,0,
194.0,21.0,0,902.3554226376582,,0,
195.0,21.0,0,866.4971306836233,1235.872049,1,369.3749183163768
196.0,21.0,0,786.0950461076573,,0,
197.0,21.0,0,675.7022350472398,,0,
198.0,21.0,0,551.259885226842,,0,
199.0,21.0,0,430.0989856682718,-12.362132,1,-442.46111766827175
0.0,22.0,0,-61.75490964297205,,0,
1.0,22.0,0,-80.69718902232125,,0,
2.0,22.0,0,-100.27215179661289,-171.288132,1,-71.0159802033871
3.0,22.0,0,-117.66012170049362,,0,
4.0,22.0,0,-134.23012898140587,,0,
5.0,22.0,0,-149.8458385048434,,0,
6.0,22.0,0,-162.61780349069159,-139.400793,1,23.217010490691592
7.0,22.0,0,-171.4384225490503,,0,
8.0,22.0,0,-174.64996846858412,,0,
9.0,22.0,0,-171.6671801120974,,0,
10.0,22.0,0,-163.23989950923715,-185.308611,1,-22.068711490762865
11.0,22.0,0,-151.29094300081488,,0,
12.0,22.0,0,-138.49903562967665,,0,
13.0,22.0,0,-128.30720845772885,,0,
14.0,22.0,0,-125.37110843486153,-5.962457,1,119.40865143486153
15.0,22.0,0,-134.92099422425963,,0,
16.0,22.0,0,-154.52833782043308,,0,
17.0,22.0,0,-183.2474426496774,,0,
18.0,22.0,0,-218.97291315661278,-257.638235,1,-38.66532184338723
19.0,22.0,0,-257.9662071673665,,0,
20.0,22.0,0,-298.16460366663523,,0,
21.0,22.0,0,-336.6184464429971,,0,
22.0,22.0,0,-369.46533302310854,-478.955389,1,-109.49005597689148
23.0,22.0,0,-391.48627903708257,,0,
24.0,22.0,0,-398.55987672600895,,0,
25.0,22.0,0,-390.83142923982814,,0,
26.0,22.0,0,-370.1896041103173,-384.926289,1,-14.736684889682692
27.0,22.0,0,-338.8529126739595,,0,
28.0,22.0,0,-301.34823122853413,,0,
29.0,22.0,0,-265.20996324531734,,0,
30.0,22.0,0,-236.52499628689839,-176.071321,1,60.453675286898374
31.0,22.0,0,-217.75016892026179,,0,
32.0,22.0,0,-209.96388737298548,,0,
33.0,22.0,0,-211.80835054488853,,0,
34.0,22.0,0,-220.72299220145214,-285.709266,1,-64.98627379854787
35.0,22.0,0,-234.6021815656568,,0,
36.0,22.0,0,-251.58474680583458,,0,
37.0,22.0,0,-270.22822918300517,,0,
38.0,22.0,0,-290.379309307551,-177.226406,1,113.15290330755101
39.0,22.0,0,-313.84424471482635,,0,
40.0,22.0,0,-336.28538118395954,,0,
41.0,22.0,0,-354.6112332358025,,0,
42.0,22.0,0,-366.32569529121974,-474.547705,1,-108.22200970878026
43.0,22.0,0,-368.37397589048487,,0,
44.0,22.0,0,-364.14004398859106,,0,
45.0,22.0,0,-356.22089596337173,,0,
46.0,22.0,0,-346.9987046213064,-387.842463,1,-40.84375837869362
47.0,22.0,0,-338.0735367977177,,0,
48.0,22.0,0,-330.5440072193742,,0,
49.0,22.0,0,-325.63156654592603,,0,
50.0,22.0,0,-324.4604307890404,-454.965795,1,-130.5053642109596
51.0,22.0,0,-328.68923007836565,,0,
52.0,22.0,0,-339.80381776648574,,0,
53.0,22.0,0,-359.29738817643374,,0,
54.0,22.0,0,-388.2713221068261,-232.222104,1,156.04921810682612
55.0,22.0,0,-427.8431331391912,,0,
56.0,22.0,0,-468.9739845737349,,0,
57.0,22.0,0,-504.00811152439564,,0,
58.0,22.0,0,-528.3733858328778,-739.527584,1,-211.15419816712222
59.0,22.0,0,-542.0230840989389,,0,
60.0,22.0,0,-545.7168710294645,,0,
61.0,22.0,0,-540.1384349326836,,0,
62.0,22.0,0,-526.3588135876344,-558.445171,1,-32.0863574123656
63.0,22.0,0,-504.8853596334229,,0,
64.0,22.0,0,-477.06884583155625,,0,
65.0,22.0,0,-442.70683901326265,,0,
66.0,22.0,0,-399.96123880293453,-498.787297,1,-98.82605819706549
67.0,22.0,0,-345.8605433354969,,0,
68.0,22.0,0,-284.138818767271,,0,
69.0,22.0,0,-220.0261987830745,,0,
70.0,22.0,0,-159.80131721530051,96.678144,1,256.4794612153005
71.0,22.0,0,-108.65056045079837,,0,
72.0,22.0,0,-70.78455148241483,,0,
73.0,22.0,0,-49.37539639766328,,0,
74.0,22.0,0,-44.840178073733114,-107.020871,1,-62.180692926266886
75.0,22.0,0,-53.53924720030045,,0,
76.0,22.0,0,-70.48761582450243,,0,
77.0,22.0,0,-91.3846563550178,,0,
78.0,22.0,0,-114.06063485165942,-48.823623,1,65.23701185165942
79.0,22.0,0,-138.39991721854312,,0,
80.0,22.0,0,-160.64062732178718,,0,
81.0,22.0,0,-176.6842420193134,,0,
82.0,22.0,0,-183.2252259128145,-236.183946,1,-52.9587200871855
83.0,22.0,0,-178.7936809900275,,0,
84.0,22.0,0,-163.4681308545405,,0,
85.0,22.0,0,-137.0063432524912,,0,
86.0,22.0,0,-100.63150252022024,-126.96406,1,-26.332557479779766
87.0,22.0,0,-59.237298710271716,,0,
88.0,22.0,0,-18.257001254241914,,0,
89.0,22.0,0,17.533821838034783,,0,
90.0,22.0,0,43.844168451963924,112.13154,1,68.28737154803608
91.0,22.0,0,57.694823728175834,,0,
92.0,22.0,0,61.60486817592755,,0,
93.0,22.0,0,56.76412774377968,,0,
94.0,22.0,0,44.919924146845005,51.952767,1,7.032842853154996
95.0,22.0,0,28.799222840112634,,0,
96.0,22.0,0,9.659276239573956,,0,
97.0,22.0,0,-12.202302538527874,,0,
98.0,22.0,0,-35.378350863815285,-59.312359,1,-23.934008136184715
99.0,22.0,0,-57.212447996018454,,0,
100.0,22.0,0,-76.13470400148071,,0,
101.0,22.0,0,-90.53250631026458,,0,
102.0,22.0,0,-101.02343963706517,-263.648415,1,-162.62497536293483
103.0,22.0,0,-113.98474404006265,,0,
104.0,22.0,0,-136.61220450914698,,0,
105.0,22.0,0,-173.5039797439822,,0,
106.0,22.0,0,-224.2836633862462,-125.882794,1,98.40086938624619
107.0,22.0,0,-285.75753930053907,,0,
108.0,22.0,0,-347.90502170525724,,0,
109.0,22.0,0,-402.1116933081066,,0,
110.0,22.0,0,-442.04572990434826,-506.267047,1,-64.22131709565173
111.0,22.0,0,-463.13066494395025,,0,
112.0,22.0,0,-466.7616885089665,,0,
113.0,22.0,0,-457.5027041253052,,0,
114.0,22.0,0,-443.0818108204403,-260.496428,1,182.58538282044032
115.0,22.0,0,-434.4165715574636,,0,
116.0,22.0,0,-442.70332126831636,,0,
117.0,22.0,0,-472.91190046130214,,0,
118.0,22.0,0,-523.9508895719191,-320.506909,1,203.4439805719191
119.0,22.0,0,-584.3904987766873,,0,
120.0,22.0,0,-639.8778894546558,,0,
121.0,22.0,0,-677.3703690161929,,0,
122.0,22.0,0,-689.448664128664,-952.961119,1,-263.5124548713361
123.0,22.0,0,-678.7938249150757,,0,
124.0,22.0,0,-649.0120879441965,,0,
125.0,22.0,0,-602.1146047561197,,0,
126.0,22.0,0,-540.4708238235908,-665.44132,1,-124.97049617640926
127.0,22.0,0,-466.7336282718461,,0,
128.0,22.0,0,-383.27160609688144,,0,
129.0,22.0,0,-293.4204896131996,,0,
130.0,22.0,0,-200.33081755717285,-275.089996,1,-74.75917844282714
131.0,22.0,0,-110.91847724595573,,0,
132.0,22.0,0,-31.85392668429995,,0,
133.0,22.0,0,32.57820101256948,,0,
134.0,22.0,0,79.40433639183175,359.26963,1,279.86529360816826
135.0,22.0,0,103.36747510777786,,0,
136.0,22.0,0,113.3211079419707,,0,
137.0,22.0,0,113.19175240164623,,0,
138.0,22.0,0,104.91400101443287,57.786058,1,-47.12794301443287
139.0,22.0,0,91.39221793739125,,0,
140.0,22.0,0,72.31613895320334,,0,
141.0,22.0,0,43.34881341923028,,0,
142.0,22.0,0,2.6417886212584563,-188.894494,1,-191.53628262125847
143.0,22.0,0,-45.943611982045695,,0,
144.0,22.0,0,-106.05657656746916,,0,
145.0,22.0,0,-175.8737766200211,,0,
146.0,22.0,0,-250.09499691647943,-227.703077,1,22.391919916479424
147.0,22.0,0,-322.19814277114347,,0,
148.0,22.0,0,-384.43084917450324,,0,
149.0,22.0,0,-430.0874754439574,,0,
150.0,22.0,0,-455.13069026661105,-286.909391,1,168.22129926661103
151.0,22.0,0,-457.09131362685,,0,
152.0,22.0,0,-435.50673798436765,,0,
153.0,22.0,0,-392.0658065264579,,0,
154.0,22.0,0,-329.984471924603,-564.117493,1,-234.13302107539698
155.0,22.0,0,-251.63599403435364,,0,
156.0,22.0,0,-159.61657836195081,,0,
157.0,22.0,0,-62.64422312169336,,0,
158.0,22.0,0,30.710945466300473,13.72172,1,-16.989225466300475
159.0,22.0,0,113.56989076710306,,0,
160.0,22.0,0,179.78929159906693,,0,
161.0,22.0,0,228.5441234910395,,0,
162.0,22.0,0,259.8892076439224,209.045475,1,-50.84373264392241
163.0,22.0,0,274.6330785600003,,0,
164.0,22.0,0,271.3145278900629,,0,
165.0,22.0,0,247.72157256351784,,0,
166.0,22.0,0,205.96636218496133,101.765276,1,-104.20108618496133
167.0,22.0,0,154.03044479480013,,0,
168.0,22.0,0,97.38514141680207,,0,
169.0,22.0,0,44.13998116995208,,0,
170.0,22.0,0,-0.7269804747775197,-110.741259,1,-110.01427852522248
171.0,22.0,0,-41.31750472378917,,0,
172.0,22.0,0,-80.35770525899716,,0,
173.0,22.0,0,-116.6468318933621,,0,
174.0,22.0,0,-148.15475290559698,-200.883367,1,-52.728614094403014
175.0,22.0,0,-173.68388538388535,,0,
176.0,22.0,0,-192.19347943295725,,0,
177.0,22.0,0,-204.42987112514675,,0,
178.0,22.0,0,-211.66489242040552,-155.98672,1,55.67817242040553
179.0,22.0,0,-215.03421756951138,,0,
180.0,22.0,0,-211.9265919975005,,0,
181.0,22.0,0,-200.45361876417883,,0,
182.0,22.0,0,-179.4781278760638,-242.10101,1,-62.62288212393619
183.0,22.0,0,-146.7560042226687,,0,
184.0,22.0,0,-101.90560278494377,,0,
185.0,22.0,0,-42.32938286336139,,0,
186.0,22.0,0,35.36872069654055,47.888302,1,12.519581303459454
187.0,22.0,0,133.94141751155257,,0,
188.0,22.0,0,253.01721342187375,,0,
189.0,22.0,0,385.57453036354855,,0,
190.0,22.0,0,522.2572297430597,605.533421,1,83.27619125694025
191.0,22.0,0,652.3775291820057,,0,
192.0,22.0,0,763.3601877986221,,0,
193.0,22.0,0,839.9223334253766,,0,
194.0,22.0,0,865.3962080576457,1463.026223,1,597.6300149423544
195.0,22.0,0,826.3502467405051,,0,
196.0,22.0,0,744.864657455124,,0,
197.0,22.0,0,636.7107999003492,,0,
198.0,22.0,0,516.7575776877347,277.860814,1,-238.89676368773473
199.0,22.0,0,401.30933466972783,,0,
0.0,23.0,0,-112.62957713752985,,0,
1.0,23.0,0,-133.7918466096744,-162.720194,1,-28.928347390325598
2.0,23.0,0,-155.26772039523348,,0,
3.0,23.0,0,-174.06905190681573,,0,
4.0,23.0,0,-189.63162802229635,,0,
5.0,23.0,0,-201.63242312869988,-250.226322,1,-48.59389887130013
6.0,23.0,0,-208.3607882190263,,0,
7.0,23.0,0,-209.99669719301164,,0,
8.0,23.0,0,-205.6008960371837,,0,
9.0,23.0,0,-194.5564813236706,-270.222946,1,-75.66646467632938
10.0,23.0,0,-177.5301416304428,,0,
11.0,23.0,0,-156.34462914487813,,0,
12.0,23.0,0,-133.67041347851045,,0,
13.0,23.0,0,-113.21179954474792,-50.02165,1,63.19014954474792
14.0,23.0,0,-100.37626865145285,,0,
15.0,23.0,0,-99.791804118664,,0,
16.0,23.0,0,-112.44485215842724,,0,
17.0,23.0,0,-138.05544062005356,-142.274027,1,-4.21858637994643
18.0,23.0,0,-173.77343648450915,,0,
19.0,23.0,0,-216.27022951864637,,0,
20.0,23.0,0,-262.6864704543259,,0,
21.0,23.0,0,-308.8984791308176,-269.352742,1,39.5457371308176
22.0,23.0,0,-350.24757833010517,,0,
23.0,23.0,0,-380.17595662135864,,0,
24.0,23.0,0,-394.4915675446391,,0,
25.0,23.0,0,-392.60012272326276,-519.258586,1,-126.65846327673728
26.0,23.0,0,-376.1926696966402,,0,
27.0,23.0,0,-348.40302782680374,,0,
28.0,23.0,0,-315.04609379032627,,0,
29.0,23.0,0,-283.98419270082377,-200.194125,1,83.79006770082376
30.0,23.0,0,-261.2215372773353,,0,
31.0,23.0,0,-246.95551350165624,,0,
32.0,23.0,0,-241.7914984873496,,0,
33.0,23.0,0,-245.0739553468302,-270.921568,1,-25.84761265316979
34.0,23.0,0,-253.1963903704891,,0,
35.0,23.0,0,-264.11209259938914,,0,
36.0,23.0,0,-276.5775435519172,,0,
37.0,23.0,0,-290.1000330846291,-103.12224,1,186.9777930846291
38.0,23.0,0,-305.23299080808647,,0,
39.0,23.0,0,-322.47162892553024,,0,
40.0,23.0,0,-339.4053262413945,,0,
41.0,23.0,0,-353.00196981150657,-400.107251,1,-47.10528118849345
42.0,23.0,0,-360.57979261281434,,0,
43.0,23.0,0,-360.5292335282429,,0,
44.0,23.0,0,-354.4220277342247,,0,
45.0,23.0,0,-344.86692692211363,-316.1755,1,28.691426922113635
46.0,23.0,0,-335.3478794647963,,0,
47.0,23.0,0,-327.8026694144355,,0,
48.0,23.0,0,-323.51840313733555,,0,
49.0,23.0,0,-322.4224265613593,-356.27327,1,-33.85084343864071
50.0,23.0,0,-324.0675275317626,,0,
51.0,23.0,0,-330.74043355241884,,0,
52.0,23.0,0,-344.5420884883497,,0,
53.0,23.0,0,-366.6827510879375,-198.789751,1,167.8930000879375
54.0,23.0,0,-397.8984652343788,,0,
55.0,23.0,0,-437.1594224392611,,0,
56.0,23.0,0,-478.5011535207741,,0,
57.0,23.0,0,-514.8072380737867,-641.753426,1,-126.94618792621327
58.0,23.0,0,-539.0236175587634,,0,
59.0,23.0,0,-552.4390063123428,,0,
60.0,23.0,0,-555.7942608487792,,0,
61.0,23.0,0,-549.7506066849455,-622.803919,1,-73.05331231505443
62.0,23.0,0,-536.093719721539,,0,
63.0,23.0,0,-516.242669047846,,0,
64.0,23.0,0,-491.3830197858624,,0,
65.0,23.0,0,-461.6150269587524,-586.270883,1,-124.6558560412476
66.0,23.0,0,-424.9181767767295,,0,
67.0,23.0,0,-379.3452565528569,,0,
68.0,23.0,0,-325.7168539312552,,0,
69.0,23.0,0,-266.8266294519417,-233.867069,1,32.95956045194171
70.0,23.0,0,-209.46386888081906,,0,
71.0,23.0,0,-158.88781052426202,,0,
72.0,23.0,0,-120.44844675506465,,0,
73.0,23.0,0,-98.8413790880004,-18.654912,1,80.1864670880004
74.0,23.0,0,-94.43117369059473,,0,
75.0,23.0,0,-101.61550041058217,,0,
76.0,23.0,0,-115.57163276191568,,0,
77.0,23.0,0,-132.59222536871675,-123.765742,1,8.826483368716751
78.0,23.0,0,-152.18881070322823,,0,
79.0,23.0,0,-174.19075486517977,,0,
80.0,23.0,0,-195.74820517143235,,0,
81.0,23.0,0,-212.54663447116036,-214.169297,1,-1.6226625288396406
82.0,23.0,0,-220.47275227610953,,0,
83.0,23.0,0,-216.767663575185,,0,
84.0,23.0,0,-200.26606089586858,,0,
85.0,23.0,0,-170.65070006554015,-277.23251,1,-106.58180993445984
86.0,23.0,0,-127.419073877536,,0,
87.0,23.0,0,-77.1435941082309,,0,
88.0,23.0,0,-26.273163415142335,,0,
89.0,23.0,0,18.91867709887447,128.06273,1,109.14405290112552
90.0,23.0,0,52.14392974114162,,0,
91.0,23.0,0,69.72885371692246,,0,
92.0,23.0,0,71.95430085720727,,0,
93.0,23.0,0,60.52081161364913,116.110986,1,55.59017438635087
94.0,23.0,0,39.24963503619074,,0,
95.0,23.0,0,14.798293380066752,,0,
96.0,23.0,0,-8.95471195236314,,0,
97.0,23.0,0,-30.55533008868224,-76.869613,1,-46.31428291131776
98.0,23.0,0,-48.82775677746395,,0,
99.0,23.0,0,-62.06413191446336,,0,
100.0,23.0,0,-69.65906693108263,,0,
101.0,23.0,0,-72.19445402629208,-262.529347,1,-190.3348929737079
102.0,23.0,0,-69.37416507108719,,0,
103.0,23.0,0,-71.74891468905844,,0,
104.0,23.0,0,-88.55210062366677,,0,
105.0,23.0,0,-125.8875199846807,160.396108,1,286.2836279846807
106.0,23.0,0,-179.9327610100445,,0,
107.0,23.0,0,-244.20911796792643,,0,
108.0,23.0,0,-310.3250645820226,,0,
109.0,23.0,0,-369.5343689044239,-422.358918,1,-52.82454909557612
110.0,23.0,0,-414.8939408965234,,0,
111.0,23.0,0,-442.40973503002897,,0,
112.0,23.0,0,-452.0509002645849,,0,
113.0,23.0,0,-447.13095411658287,-451.897855,1,-4.766900883417122
114.0,23.0,0,-435.75358244165545,,0,
115.0,23.0,0,-428.37292547000106,,0,
116.0,23.0,0,-435.6155732249608,,0,
117.0,23.0,0,-465.98041570105124,-156.840883,1,309.1395327010513
118.0,23.0,0,-522.7249088960234,,0,
119.0,23.0,0,-588.7554935399676,,0,
120.0,23.0,0,-648.4713335962151,,0,
121.0,23.0,0,-687.2038186659338,-990.278059,1,-303.0742403340662
122.0,23.0,0,-695.4496592208743,,0,
123.0,23.0,0,-682.354224988143,,0,
124.0,23.0,0,-652.7918058309588,,0,
125.0,23.0,0,-609.4494833928766,-622.956836,1,-13.50735260712338
126.0,23.0,0,-553.5107806360465,,0,
127.0,23.0,0,-486.93702413118444,,0,
128.0,23.0,0,-412.16098652483197,,0,
129.0,23.0,0,-331.320420379634,-547.381162,1,-216.060741620366
130.0,23.0,0,-243.7272251836257,,0,
131.0,23.0,0,-159.12260548968334,,0,
132.0,23.0,0,-82.52333746664226,,0,
133.0,23.0,0,-16.215987875242718,-12.341728,1,3.8742598752427178
134.0,23.0,0,35.444175801589154,,0,
135.0,23.0,0,69.35701582720503,,0,
136.0,23.0,0,88.78482249891385,,0,
137.0,23.0,0,96.21324200439267,236.090952,1,139.87770999560732
138.0,23.0,0,92.14869098016061,,0,
139.0,23.0,0,77.24357769987546,,0,
140.0,23.0,0,51.57964603358414,,0,
141.0,23.0,0,14.51900477707386,-231.47771,1,-245.99671477707386
142.0,23.0,0,-33.101676611287985,,0,
143.0,23.0,0,-88.84418528457172,,0,
144.0,23.0,0,-152.6520165511174,,0,
145.0,23.0,0,-223.19576070317999,-357.803963,1,-134.60820229682002
146.0,23.0,0,-295.9315672046505,,0,
147.0,23.0,0,-363.65034601744264,,0,
148.0,23.0,0,-418.65851313399617,,0,
149.0,23.0,0,-456.3852730281651,-396.137605,1,60.247668028165094
150.0,23.0,0,-475.7069695732789,,0,
151.0,23.0,0,-474.1823915312998,,0,
152.0,23.0,0,-452.3289375815075,,0,
153.0,23.0,0,-412.47822556155734,-411.485538,1,0.9926875615573181
154.0,23.0,0,-355.85951196961105,,0,
155.0,23.0,0,-284.19625637098216,,0,
156.0,23.0,0,-200.94743290683255,,0,
157.0,23.0,0,-111.65451346850023,-215.919289,1,-104.26477553149977
158.0,23.0,0,-22.41169345495291,,0,
159.0,23.0,0,61.23682606057264,,0,
160.0,23.0,0,135.1019067254383,,0,
161.0,23.0,0,197.2140751730185,299.090352,1,101.8762768269815
162.0,23.0,0,245.49242671066895,,0,
163.0,23.0,0,277.7984650202561,,0,
164.0,23.0,0,290.56196841876954,,0,
165.0,23.0,0,280.6528806677088,244.522554,1,-36.1303266677088
166.0,23.0,0,250.3421877808869,,0,
167.0,23.0,0,205.81322616664693,,0,
168.0,23.0,0,155.3796276447829,,0,
169.0,23.0,0,109.8548505906947,-255.470906,1,-365.3257565906947
170.0,23.0,0,75.88228820404038,,0,
171.0,23.0,0,41.156243291450664,,0,
172.0,23.0,0,2.5000911022070795,,0,
173.0,23.0,0,-37.99084492214024,-106.253674,1,-68.26282907785976
174.0,23.0,0,-76.28121172089595,,0,
175.0,23.0,0,-110.80274621210992,,0,
176.0,23.0,0,-139.27037302858662,,0,
177.0,23.0,0,-161.10548319201916,70.044453,1,231.14993619201917
178.0,23.0,0,-176.9891602844,,0,
179.0,23.0,0,-187.4648769441992,,0,
180.0,23.0,0,-192.28891879180446,,0,
181.0,23.0,0,-191.15714890207164,-150.476901,1,40.68024790207164
182.0,23.0,0,-181.29125804302748,,0,
183.0,23.0,0,-159.98619190230966,,0,
184.0,23.0,0,-125.83441542240325,,0,
185.0,23.0,0,-76.43144881399348,12.592775,1,89.02422381399349
186.0,23.0,0,-8.46978638973087,,0,
187.0,23.0,0,80.53844475513324,,0,
188.0,23.0,0,189.62638055207208,,0,
189.0,23.0,0,312.96353192673996,285.995803,1,-26.967728926739937
190.0,23.0,0,442.4647417651722,,0,
191.0,23.0,0,567.8564021931961,,0,
192.0,23.0,0,677.4962449517334,,0,
193.0,23.0,0,755.3391676195897,1104.977525,1,349.6383573804103
194.0,23.0,0,778.5870766104199,,0,
195.0,23.0,0,747.4103843499906,,0,
196.0,23.0,0,674.6845065592788,,0,
197.0,23.0,0,575.3786549046636,653.861346,1,78.48269109533646
198.0,23.0,0,465.23151794611476,,0,
199.0,23.0,0,358.63734569586813,,0,
0.0,24.0,0,-163.67331328243017,-45.332914,1,118.34039928243017
1.0,24.0,0,-186.59111983515322,,0,
2.0,24.0,0,-209.30002929852344,,0,
3.0,24.0,0,-228.53619955293834,,0,
4.0,24.0,0,-242.35302422125824,-320.102806,1,-77.74978177874175
5.0,24.0,0,-250.48530189041048,,0,
6.0,24.0,0,-252.44563042768277,,0,
7.0,24.0,0,-247.96234628523234,,0,
8.0,24.0,0,-236.42830537585542,-244.100113,1,-7.671807624144577
9.0,24.0,0,-217.2471577511169,,0,
10.0,24.0,0,-191.18273079802748,,0,
11.0,24.0,0,-160.18101354828104,,0,
12.0,24.0,0,-127.20580197731033,-162.663153,1,-35.457351022689664
13.0,24.0,0,-95.96120433649048,,0,
14.0,24.0,0,-72.83911010390148,,0,
15.0,24.0,0,-62.7787584871985,,0,
16.0,24.0,0,-68.19702435238287,34.65889,1,102.85591435238287
17.0,24.0,0,-90.94441038649529,,0,
18.0,24.0,0,-126.74082477414049,,0,
19.0,24.0,0,-172.84955011622515,,0,
20.0,24.0,0,-226.7347530189436,-100.969429,1,125.76532401894359
21.0,24.0,0,-282.2882206547074,,0,
22.0,24.0,0,-332.85801165158045,,0,
23.0,24.0,0,-371.65487749606837,,0,
24.0,24.0,0,-393.5421468266286,-580.906993,1,-187.36484617337146
25.0,24.0,0,-398.0869870502502,,0,
26.0,24.0,0,-387.15274035779294,,0,
27.0,24.0,0,-364.14848755591083,,0,
28.0,24.0,0,-335.2227487202035,-198.925577,1,136.29717172020352
29.0,24.0,0,-310.10906666959636,,0,
30.0,24.0,0,-291.44761411013315,,0,
31.0,24.0,0,-280.40682061965344,,0,
32.0,24.0,0,-276.8528108515311,-182.01855,1,94.8342608515311
33.0,24.0,0,-280.88682792917825,,0,
34.0,24.0,0,-287.7356266307179,,0,
35.0,24.0,0,-295.2036271991674,,0,
36.0,24.0,0,-302.8405443232332,-241.941625,1,60.8989193232332
37.0,24.0,0,-310.9665841651149,,0,
38.0,24.0,0,-320.27010899898596,,0,
39.0,24.0,0,-330.984372664243,,0,
40.0,24.0,0,-341.8041986065218,-295.953888,1,45.850310606521816
41.0,24.0,0,-350.154142890824,,0,
42.0,24.0,0,-353.77172578684986,,0,
43.0,24.0,0,-351.706529755611,,0,
44.0,24.0,0,-344.6773019360844,-370.986461,1,-26.309159063915615
45.0,24.0,0,-334.3136991219362,,0,
46.0,24.0,0,-324.2044691639021,,0,
47.0,24.0,0,-317.56453779968433,,0,
48.0,24.0,0,-316.22843949793605,-209.105981,1,107.12245849793604
49.0,24.0,0,-317.939376803115,,0,
50.0,24.0,0,-321.44082385115325,,0,
51.0,24.0,0,-329.0521993198199,,0,
52.0,24.0,0,-344.101467721106,-204.256212,1,139.845255721106
53.0,24.0,0,-367.3609581615892,,0,
54.0,24.0,0,-398.72220787522383,,0,
55.0,24.0,0,-436.2969329925254,,0,
56.0,24.0,0,-475.30888484284515,-578.666934,1,-103.35804915715482
57.0,24.0,0,-509.9572112872265,,0,
58.0,24.0,0,-534.6675363191171,,0,
59.0,24.0,0,-548.0783701490145,,0,
60.0,24.0,0,-551.3906081694295,-618.346415,1,-66.95580683057051
61.0,24.0,0,-545.2539777274942,,0,
62.0,24.0,0,-532.9978685886599,,0,
63.0,24.0,0,-516.2961163436994,,0,
64.0,24.0,0,-496.0552114051534,-457.813035,1,38.24217640515337
65.0,24.0,0,-472.75032643042505,,0,
66.0,24.0,0,-444.0052557790186,,0,
67.0,24.0,0,-408.21856812830083,,0,
68.0,24.0,0,-364.85595637504593,-513.110485,1,-148.2545286249541
69.0,24.0,0,-313.0356969044078,,0,
70.0,24.0,0,-260.3984843650833,,0,
71.0,24.0,0,-212.36037997470703,,0,
72.0,24.0,0,-174.45456802414265,6.449456,1,180.90402402414264
73.0,24.0,0,-154.30403120676056,,0,
74.0,24.0,0,-148.55258970579598,,0,
75.0,24.0,0,-153.11512198136188,,0,
76.0,24.0,0,-163.9344304605038,-262.014607,1,-98.08017653949622
77.0,24.0,0,-176.67342180327978,,0,
78.0,24.0,0,-192.81508439045865,,0,
79.0,24.0,0,-212.35514497256372,,0,
80.0,24.0,0,-233.12116212121327,-174.049806,1,59.071356121213284
81.0,24.0,0,-250.2466279468499,,0,
82.0,24.0,0,-258.49061885185074,,0,
83.0,24.0,0,-253.58887542923912,,0,
84.0,24.0,0,-233.23944574143388,-311.601691,1,-78.36224525856613
85.0,24.0,0,-197.68560653348686,,0,
86.0,24.0,0,-147.82011143048294,,0,
87.0,24.0,0,-88.40940608381061,,0,
88.0,24.0,0,-27.544351187360007,-73.728484,1,-46.18413281263999
89.0,24.0,0,26.681174855708377,,0,
90.0,24.0,0,65.29239600739675,,0,
91.0,24.0,0,83.64574128086679,,0,
92.0,24.0,0,82.0460267226299,203.163289,1,121.11726227737009
93.0,24.0,0,61.91533194424119,,0,
94.0,24.0,0,31.77481938607525,,0,
95.0,24.0,0,0.13240579707780853,,0,
96.0,24.0,0,-26.43026359938085,-125.870372,1,-99.44010840061915
97.0,24.0,0,-46.48451341554755,,0,
98.0,24.0,0,-59.50236566893,,0,
99.0,24.0,0,-63.91536440339405,,0,
100.0,24.0,0,-58.9698402917129,-198.288471,1,-139.3186307082871
101.0,24.0,0,-48.336687961709686,,0,
102.0,24.0,0,-37.111834422743414,,0,
103.0,24.0,0,-33.748721531257615,,0,
104.0,24.0,0,-47.23594645471894,315.367912,1,362.60385845471893
105.0,24.0,0,-88.22044119413476,,0,
106.0,24.0,0,-146.16742616143893,,0,
107.0,24.0,0,-213.87496963399462,,0,
108.0,24.0,0,-284.27360306328046,-206.539296,1,77.73430706328045
109.0,24.0,0,-347.93048427277245,,0,
110.0,24.0,0,-397.63862343429355,,0,
111.0,24.0,0,-430.0662740500411,,0,
112.0,24.0,0,-444.8444624845288,-556.917214,1,-112.07275151547117
113.0,24.0,0,-443.07260365900584,,0,
114.0,24.0,0,-434.0678286115872,,0,
115.0,24.0,0,-427.4004241821822,,0,
116.0,24.0,0,-433.5829374222085,-197.959892,1,235.6230454222085
117.0,24.0,0,-465.39991693093907,,0,
118.0,24.0,0,-518.9622690247488,,0,
119.0,24.0,0,-582.4603213149821,,0,
120.0,24.0,0,-640.4812911157496,-950.939812,1,-310.45852088425033
121.0,24.0,0,-673.7321675728308,,0,
122.0,24.0,0,-681.95584921923,,0,
123.0,24.0,0,-669.8330047705676,,0,
124.0,24.0,0,-642.200057431648,-584.272112,1,57.92794543164803
125.0,24.0,0,-603.0753274322487,,0,
126.0,24.0,0,-552.971603754966,,0,
127.0,24.0,0,-493.23995694029145,,0,
128.0,24.0,0,-425.61601115355734,-567.846981,1,-142.2309698464427
129.0,24.0,0,-352.1556834317744,,0,
130.0,24.0,0,-274.9604823057889,,0,
131.0,24.0,0,-199.80021321144886,,0,
132.0,24.0,0,-130.57365239289356,-261.592948,1,-131.01929560710641
133.0,24.0,0,-66.76164263579994,,0,
134.0,24.0,0,-13.049914775067009,,0,
135.0,24.0,0,29.103460256243125,,0,
136.0,24.0,0,59.954617244540714,331.683793,1,271.72917575545927
137.0,24.0,0,78.51888229011092,,0,
138.0,24.0,0,82.18877577700187,,0,
139.0,24.0,0,69.28785998839885,,0,
140.0,24.0,0,41.373324854823295,46.844714,1,5.471389145176708
141.0,24.0,0,0.5619274855125695,,0,
142.0,24.0,0,-51.53231794189196,,0,
143.0,24.0,0,-112.71581779699773,,0,
144.0,24.0,0,-180.2929726904258,-490.005829,1,-309.7128563095742
145.0,24.0,0,-253.04166722344235,,0,
146.0,24.0,0,-327.0818389316555,,0,
147.0,24.0,0,-393.9535609257873,,0,
148.0,24.0,0,-444.3353671866935,-656.276102,1,-211.94073481330656
149.0,24.0,0,-476.41295829205774,,0,
150.0,24.0,0,-490.2959882512223,,0,
151.0,24.0,0,-485.2506674528122,,0,
152.0,24.0,0,-462.34049537056126,-352.696009,1,109.64448637056125
153.0,24.0,0,-425.3763698604889,,0,
154.0,24.0,0,-373.3552210247144,,0,
155.0,24.0,0,-308.0363107849844,,0,
156.0,24.0,0,-232.99917037179694,-416.154755,1,-183.1555846282031
157.0,24.0,0,-151.36304853809997,,0,
158.0,24.0,0,-66.49009864253458,,0,
159.0,24.0,0,17.939772793790326,,0,
160.0,24.0,0,98.61010283045471,24.155265,1,-74.45483783045471
161.0,24.0,0,173.9172124469187,,0,
162.0,24.0,0,239.01566082471982,,0,
163.0,24.0,0,289.76926019601524,,0,
164.0,24.0,0,321.2351541541284,426.621214,1,105.38605984587161
165.0,24.0,0,327.7934282219503,,0,
166.0,24.0,0,312.2755196003709,,0,
167.0,24.0,0,279.8079186347313,,0,
168.0,24.0,0,239.4457206102088,-202.860804,1,-442.30652461020884
169.0,24.0,0,207.9998684367165,,0,
170.0,24.0,0,178.92824420100078,,0,
171.0,24.0,0,145.02826697891578,,0,
172.0,24.0,0,103.73078852810431,59.424629,1,-44.30615952810431
173.0,24.0,0,57.51366837788373,,0,
174.0,24.0,0,8.967101343441755,,0,
175.0,24.0,0,-37.78543489333242,,0,
176.0,24.0,0,-78.0953048185911,-90.691855,1,-12.596550181408901
177.0,24.0,0,-111.23940675146878,,0,
178.0,24.0,0,-137.49444949626923,,0,
179.0,24.0,0,-156.9340232803952,,0,
180.0,24.0,0,-170.27395101217553,-33.678497,1,136.59545401217554
181.0,24.0,0,-179.9917649193667,,0,
182.0,24.0,0,-181.51415257295594,,0,
183.0,24.0,0,-172.4827758166939,,0,
184.0,24.0,0,-151.41061737854034,-226.305464,1,-74.89484662145966
185.0,24.0,0,-115.41698312480003,,0,
186.0,24.0,0,-60.84233808796853,,0,
187.0,24.0,0,15.335135331843048,,0,
188.0,24.0,0,112.62644135369919,-90.906847,1,-203.5332883536992
189.0,24.0,0,224.43314302153885,,0,
190.0,24.0,0,342.3616553938482,,0,
191.0,24.0,0,457.61789472959936,,0,
192.0,24.0,0,559.5869711607229,626.784468,1,67.19749683927705
193.0,24.0,0,631.8109028083272,,0,
194.0,24.0,0,658.5076427545864,,0,
195.0,24.0,0,638.0595968882553,,0,
196.0,24.0,0,578.9788460284472,695.298118,1,116.3192719715529
197.0,24.0,0,492.0725743114017,,0,
198.0,24.0,0,394.45853628916666,,0,
199.0,24.0,0,299.36547137610614,,0,
0.0,25.0,0,-217.45348064531572,,0,
1.0,25.0,0,-239.85485535801854,,0,
2.0,25.0,0,-261.93592827860266,,0,
3.0,25.0,0,-280.4326879866421,-357.613892,1,-77.1812040133579
4.0,25.0,0,-291.6957092258381,,0,
5.0,25.0,0,-296.3673393218778,,0,
6.0,25.0,0,-294.18322794511914,,0,
7.0,25.0,0,-284.5425081355497,-324.58624,1,-40.04373186445025
8.0,25.0,0,-266.6328141990816,,0,
9.0,25.0,0,-239.8550283492077,,0,
10.0,25.0,0,-204.7825992857106,,0,
11.0,25.0,0,-163.5857051864732,-76.832725,1,86.75298018647321
12.0,25.0,0,-119.63264519034419,,0,
13.0,25.0,0,-77.61170389677864,,0,
14.0,25.0,0,-44.4243414751254,,0,
15.0,25.0,0,-26.674658087082207,29.751246,1,56.4259040870822
16.0,25.0,0,-27.099112915922888,,0,
17.0,25.0,0,-46.50880239577964,,0,
18.0,25.0,0,-82.46363841975108,,0,
19.0,25.0,0,-131.89773099240847,27.156749,1,159.05447999240846
20.0,25.0,0,-193.67449446531828,,0,
21.0,25.0,0,-258.219974733307,,0,
22.0,25.0,0,-318.0337860840373,,0,
23.0,25.0,0,-366.38696228247136,-477.075569,1,-110.68860671752861
24.0,25.0,0,-396.31794164841995,,0,
25.0,25.0,0,-408.52973633108195,,0,
26.0,25.0,0,-404.6535037497524,,0,
27.0,25.0,0,-388.28733181091957,-343.099261,1,45.188070810919555
28.0,25.0,0,-365.5731350637798,,0,
29.0,25.0,0,-343.70616266987054,,0,
30.0,25.0,0,-327.38652336993255,,0,
31.0,25.0,0,-319.30712770763785,-126.940464,1,192.36666370763783
32.0,25.0,0,-317.8474616499152,,0,
33.0,25.0,0,-320.69507728435565,,0,
34.0,25.0,0,-324.6443125635851,,0,
35.0,25.0,0,-327.5776686654426,-328.182416,1,-0.6047473345573735
36.0,25.0,0,-329.71825311903376,,0,
37.0,25.0,0,-331.9211520780809,,0,
38.0,25.0,0,-335.01985482126474,,0,
39.0,25.0,0,-339.48990002064966,-314.151231,1,25.33866902064966
40.0,25.0,0,-344.75682688190136,,0,
41.0,25.0,0,-348.38232465146575,,0,
42.0,25.0,0,-348.6251810132526,,0,
43.0,25.0,0,-344.83786802436225,-474.508002,1,-129.67013397563773
44.0,25.0,0,-337.41015229717596,,0,
45.0,25.0,0,-327.628688795201,,0,
46.0,25.0,0,-318.2092348760925,,0,
47.0,25.0,0,-312.75651038531214,-133.036066,1,179.72044438531213
48.0,25.0,0,-314.68607816117583,,0,
49.0,25.0,0,-318.1695839849417,,0,
50.0,25.0,0,-321.6985109606758,,0,
51.0,25.0,0,-327.60770621011034,-207.068134,1,120.53957221011035
52.0,25.0,0,-341.17530423615244,,0,
53.0,25.0,0,-361.876455016376,,0,
54.0,25.0,0,-389.968417289434,,0,
55.0,25.0,0,-423.7686518689152,-477.746118,1,-53.97746613108484
56.0,25.0,0,-458.6011312592891,,0,
57.0,25.0,0,-490.91946661722613,,0,
58.0,25.0,0,-515.186915695318,,0,
59.0,25.0,0,-527.2704681250034,-650.733743,1,-123.46327487499661
60.0,25.0,0,-529.5898621864326,,0,
61.0,25.0,0,-525.0889458392339,,0,
62.0,25.0,0,-516.3192730713636,,0,
63.0,25.0,0,-504.86866890336387,-447.898795,1,56.96987390336386
64.0,25.0,0,-491.60052966082003,,0,
65.0,25.0,0,-476.22129776963266,,0,
66.0,25.0,0,-456.6424379920354,,0,
67.0,25.0,0,-430.6712579166051,-606.847408,1,-176.17615008339487
68.0,25.0,0,-397.07945451742853,,0,
69.0,25.0,0,-356.0212102885125,,0,
70.0,25.0,0,-311.81870536284987,,0,
71.0,25.0,0,-269.8713168008253,-150.466189,1,119.40512780082528
72.0,25.0,0,-235.98421794120804,,0,
73.0,25.0,0,-215.07139659661334,,0,
74.0,25.0,0,-206.30453278892674,,0,
75.0,25.0,0,-206.32206493394915,-198.532857,1,7.789207933949143
76.0,25.0,0,-211.7619840145926,,0,
77.0,25.0,0,-220.58203987963498,,0,
78.0,25.0,0,-233.36940151406452,,0,
79.0,25.0,0,-250.15437694400316,-184.403224,1,65.75115294400317
80.0,25.0,0,-269.77710279246094,,0,
81.0,25.0,0,-286.14710969498265,,0,
82.0,25.0,0,-293.01819361926755,,0,
83.0,25.0,0,-284.78158357797656,-378.584769,1,-93.80318542202343
84.0,25.0,0,-258.2844123895775,,0,
85.0,25.0,0,-216.27616450143978,,0,
86.0,25.0,0,-159.35230931267142,,0,
87.0,25.0,0,-89.75022689288016,-244.789979,1,-155.03975210711982
88.0,25.0,0,-18.32752436233568,,0,
89.0,25.0,0,43.51444359208108,,0,
90.0,25.0,0,85.38560266236891,,0,
91.0,25.0,0,100.41134795651305,369.82213,1,269.41078204348696
92.0,25.0,0,91.11981082671264,,0,
93.0,25.0,0,63.336233512323815,,0,
94.0,25.0,0,25.724949783529155,,0,
95.0,25.0,0,-12.111621459043818,-179.204488,1,-167.09286654095618
96.0,25.0,0,-39.95160702519934,,0,
97.0,25.0,0,-57.8451337890001,,0,
98.0,25.0,0,-65.23849047886324,,0,
99.0,25.0,0,-61.48182215052657,-257.575622,1,-196.09379984947344
100.0,25.0,0,-44.59241439370089,,0,
101.0,25.0,0,-23.880944557255134,,0,
102.0,25.0,0,-7.975622508791275,,0,
103.0,25.0,0,-5.8152192795678275,320.783674,1,326.59889327956785
104.0,25.0,0,-24.32011843373766,,0,
105.0,25.0,0,-66.95139183790889,,0,
106.0,25.0,0,-127.5349797005183,,0,
107.0,25.0,0,-198.5826051486656,-66.167331,1,132.41527414866562
108.0,25.0,0,-273.52919536846457,,0,
109.0,25.0,0,-340.37021195841953,,0,
110.0,25.0,0,-392.21987724181963,,0,
111.0,25.0,0,-426.4211932111066,-505.14048,1,-78.71928678889344
112.0,25.0,0,-442.8432895320002,,0,
113.0,25.0,0,-444.01500356709585,,0,
114.0,25.0,0,-437.20599269197555,,0,
115.0,25.0,0,-431.725304359803,-210.173241,1,221.552063359803
116.0,25.0,0,-437.8810967341997,,0,
117.0,25.0,0,-464.05046349042095,,0,
118.0,25.0,0,-508.5417861190799,,0,
119.0,25.0,0,-561.9477892862051,-754.847915,1,-192.90012571379486
120.0,25.0,0,-610.5944467770169,,0,
121.0,25.0,0,-641.4906508148415,,0,
122.0,25.0,0,-651.5109254815034,,0,
123.0,25.0,0,-642.7760997203877,-545.332307,1,97.4437927203877
124.0,25.0,0,-619.1163670748356,,0,
125.0,25.0,0,-583.8445330621907,,0,
126.0,25.0,0,-538.5831836962025,,0,
127.0,25.0,0,-484.8084547937615,-549.896956,1,-65.08850120623856
128.0,25.0,0,-423.3854847123148,,0,
129.0,25.0,0,-357.99417229706887,,0,
130.0,25.0,0,-291.4338126111543,,0,
131.0,25.0,0,-226.91647629928775,-314.828407,1,-87.91193070071228
132.0,25.0,0,-166.3523929954972,,0,
133.0,25.0,0,-109.94513119896874,,0,
134.0,25.0,0,-58.48571927467128,,0,
135.0,25.0,0,-11.679449666058645,-38.07467,1,-26.395220333941353
136.0,25.0,0,28.755703416769393,,0,
137.0,25.0,0,58.775821761693805,,0,
138.0,25.0,0,72.01078897935804,,0,
139.0,25.0,0,62.4993782119127,593.758863,1,531.2594847880873
140.0,25.0,0,35.380279921519104,,0,
141.0,25.0,0,-4.571113207610324,,0,
142.0,25.0,0,-56.66016144922469,,0,
143.0,25.0,0,-120.10257409140468,-267.173672,1,-147.07109790859533
144.0,25.0,0,-188.89027106249705,,0,
145.0,25.0,0,-263.0987827137578,,0,
146.0,25.0,0,-338.93568101816345,,0,
147.0,25.0,0,-407.7214403026737,-713.405737,1,-305.6842966973263
148.0,25.0,0,-455.5475313187344,,0,
149.0,25.0,0,-484.90089239925146,,0,
150.0,25.0,0,-495.8642128886422,,0,
151.0,25.0,0,-489.15448405081406,-472.605277,1,16.54920705081406
152.0,25.0,0,-467.0076410800684,,0,
153.0,25.0,0,-431.6340109084267,,0,
154.0,25.0,0,-383.2055954656098,,0,
155.0,25.0,0,-323.16089646471664,-246.635095,1,76.52580146471664
156.0,25.0,0,-255.45238279586192,,0,
157.0,25.0,0,-180.60327534540556,,0,
158.0,25.0,0,-99.72359262942336,,0,
159.0,25.0,0,-14.15483531425707,-202.694513,1,-188.53967768574293
160.0,25.0,0,73.09384884661995,,0,
161.0,25.0,0,158.8799253127072,,0,
162.0,25.0,0,238.52833767049015,,0,
163.0,25.0,0,306.5350166175049,481.564259,1,175.0292423824951
164.0,25.0,0,356.47532615507953,,0,
165.0,25.0,0,382.65118856634945,,0,
166.0,25.0,0,385.49237613601144,,0,
167.0,25.0,0,371.28126211627387,460.349489,1,89.06822688372614
168.0,25.0,0,349.224272813648,,0,
169.0,25.0,0,326.1461161400657,,0,
170.0,25.0,0,298.2540302358102,,0,
171.0,25.0,0,261.8922529395204,-16.125153,1,-278.0174059395204
172.0,25.0,0,216.35007931862492,,0,
173.0,25.0,0,162.36969529092312,,0,
174.0,25.0,0,102.08550606435165,,0,
175.0,25.0,0,40.73790837661363,-133.863362,1,-174.60127037661363
176.0,25.0,0,-12.971577798947692,,0,
177.0,25.0,0,-59.51645282190293,,0,
178.0,25.0,0,-98.1306533284951,,0,
179.0,25.0,0,-128.90055113611743,-177.241247,1,-48.34069586388256
180.0,25.0,0,-153.23393772123381,,0,
181.0,25.0,0,-172.22286519221961,,0,
182.0,25.0,0,-183.88891565147787,,0,
183.0,25.0,0,-186.38671735906973,-145.006827,1,41.37989035906975
184.0,25.0,0,-178.7233921077568,,0,
185.0,25.0,0,-157.24808469507843,,0,
186.0,25.0,0,-117.72271962673403,,0,
187.0,25.0,0,-56.09835188603029,-199.95098,1,-143.8526281139697
188.0,25.0,0,28.35491001943592,,0,
189.0,25.0,0,126.50575729599223,,0,
190.0,25.0,0,230.31111468700692,,0,
191.0,25.0,0,332.1204050327651,204.250803,1,-127.86960203276513
192.0,25.0,0,424.44485445087776,,0,
193.0,25.0,0,491.72784974845126,,0,
194.0,25.0,0,521.8159903348424,,0,
195.0,25.0,0,510.6259464244358,579.500685,1,68.87473857556415
196.0,25.0,0,463.6672076161485,,0,
197.0,25.0,0,391.1394277806394,,0,
198.0,25.0,0,307.607367181452,,0,
199.0,25.0,0,226.37348460964859,-29.519423,1,-255.89290760964857
0.0,26.0,0,-270.340182577027,,0,
1.0,26.0,0,-291.5765522001311,,0,
2.0,26.0,0,-311.4800753747113,-337.599935,1,-26.11985962528871
3.0,26.0,0,-327.4848035289906,,0,
4.0,26.0,0,-336.9449130342109,,0,
5.0,26.0,0,-339.05657654366223,,0,
6.0,26.0,0,-333.41008266434073,-327.309704,1,6.100378664340724
7.0,26.0,0,-319.38380081485957,,0,
8.0,26.0,0,-295.95624694786966,,0,
9.0,26.0,0,-262.2768678542925,,0,
10.0,26.0,0,-218.498079394456,-72.498732,1,145.99934739445598
11.0,26.0,0,-167.3861901536584,,0,
12.0,26.0,0,-112.97453553261585,,0,
13.0,26.0,0,-60.49914842855651,,0,
14.0,26.0,0,-17.404303188435733,114.365107,1,131.76941018843573
15.0,26.0,0,6.989721062127501,,0,
16.0,26.0,0,11.29187614179682,,0,
17.0,26.0,0,-5.901064723439049,,0,
18.0,26.0,0,-43.78398915193975,76.948188,1,120.73217715193975
19.0,26.0,0,-98.61121243797243,,0,
20.0,26.0,0,-165.7775985088083,,0,
21.0,26.0,0,-237.24137476523174,,0,
22.0,26.0,0,-304.73672704352066,-343.832834,1,-39.09610695647933
23.0,26.0,0,-361.3888962967321,,0,
24.0,26.0,0,-401.4606239469722,,0,
25.0,26.0,0,-423.1118152999552,,0,
26.0,26.0,0,-427.42111148126423,-429.623055,1,-2.2019435187357885
27.0,26.0,0,-418.3805832741782,,0,
28.0,26.0,0,-401.56674799026223,,0,
29.0,26.0,0,-382.8646703438135,,0,
30.0,26.0,0,-367.83605757332407,-187.799109,1,180.03694857332408
31.0,26.0,0,-362.4890524642542,,0,
32.0,26.0,0,-361.7180720884353,,0,
33.0,26.0,0,-362.18510323553346,,0,
34.0,26.0,0,-361.9997691223398,-414.159746,1,-52.1599768776602
35.0,26.0,0,-359.4162099973764,,0,
36.0,26.0,0,-355.81374906911515,,0,
37.0,26.0,0,-352.1585090206936,,0,
38.0,26.0,0,-349.38177298381925,-321.558509,1,27.82326398381923
39.0,26.0,0,-348.5846363801975,,0,
40.0,26.0,0,-348.8270423200447,,0,
41.0,26.0,0,-348.52465097006643,,0,
42.0,26.0,0,-346.29356487083714,-495.039773,1,-148.74620812916288
43.0,26.0,0,-341.76159229059704,,0,
44.0,26.0,0,-335.45779149391456,,0,
45.0,26.0,0,-328.3884904595907,,0,
46.0,26.0,0,-322.28802377101965,-213.47975,1,108.80827377101966
47.0,26.0,0,-321.3300503878854,,0,
48.0,26.0,0,-324.07568136870395,,0,
49.0,26.0,0,-327.18390895437915,,0,
50.0,26.0,0,-329.1972526671598,-318.278025,1,10.91922766715976
51.0,26.0,0,-332.10379685496446,,0,
52.0,26.0,0,-339.03890990896616,,0,
53.0,26.0,0,-352.0418239660794,,0,
54.0,26.0,0,-372.6660041627474,-340.835274,1,31.830730162747386
55.0,26.0,0,-399.0996242207475,,0,
56.0,26.0,0,-428.0388550473144,,0,
57.0,26.0,0,-456.45530996250454,,0,
58.0,26.0,0,-479.44464228802826,-743.607536,1,-264.1628937119717
59.0,26.0,0,-488.8450899743475,,0,
60.0,26.0,0,-490.9940613054787,,0,
61.0,26.0,0,-489.2622741324594,,0,
62.0,26.0,0,-485.7492987033911,-506.890195,1,-21.1408962966089
63.0,26.0,0,-481.4403353948146,,0,
64.0,26.0,0,-477.0294501762255,,0,
65.0,26.0,0,-471.5204578836565,,0,
66.0,26.0,0,-462.6202337507857,-493.718125,1,-31.097891249214285
67.0,26.0,0,-447.4817198860692,,0,
68.0,26.0,0,-425.379357326834,,0,
69.0,26.0,0,-396.40884575701784,,0,
70.0,26.0,0,-362.7429229549598,-377.298477,1,-14.555554045040196
71.0,26.0,0,-328.7082875224296,,0,
72.0,26.0,0,-299.1869366316532,,0,
73.0,26.0,0,-278.08084189059446,,0,
74.0,26.0,0,-266.2701152493246,-124.497241,1,141.7728742493246
75.0,26.0,0,-261.19908151146956,,0,
76.0,26.0,0,-260.50652236075257,,0,
77.0,26.0,0,-264.0407221969799,,0,
78.0,26.0,0,-273.1096859439276,-255.791175,1,17.318510943927606
79.0,26.0,0,-287.0950111739803,,0,
80.0,26.0,0,-303.5038548196899,,0,
81.0,26.0,0,-316.8058994313469,,0,
82.0,26.0,0,-319.8158713426965,-427.265625,1,-107.44975365730352
83.0,26.0,0,-304.5746645217296,,0,
84.0,26.0,0,-270.9867193220998,,0,
85.0,26.0,0,-221.5186241173651,,0,
86.0,26.0,0,-157.66047698969487,-504.026637,1,-346.3661600103051
87.0,26.0,0,-77.35777410567971,,0,
88.0,26.0,0,2.253097401553532,,0,
89.0,26.0,0,68.75492708644015,,0,
90.0,26.0,0,111.8187486140232,400.759827,1,288.94107838597677
91.0,26.0,0,120.60694974462967,,0,
92.0,26.0,0,103.19300001450756,,0,
93.0,26.0,0,67.91511819942389,,0,
94.0,26.0,0,24.82284061505925,-205.022598,1,-229.84543861505924
95.0,26.0,0,-16.137666188529693,,0,
96.0,26.0,0,-46.67410082969582,,0,
97.0,26.0,0,-63.129879474581685,,0,
98.0,26.0,0,-63.95188491931185,-313.220927,1,-249.26904208068817
99.0,26.0,0,-50.75638148654252,,0,
100.0,26.0,0,-26.87625456348178,,0,
101.0,26.0,0,-0.9174497473286465,,0,
102.0,26.0,0,16.343838294036686,135.562641,1,119.21880270596333
103.0,26.0,0,13.408371935365722,,0,
104.0,26.0,0,-12.546045249153394,,0,
105.0,26.0,0,-60.80906514660455,,0,
106.0,26.0,0,-126.14097730722278,-19.622176,1,106.51880130722279
107.0,26.0,0,-202.96195939555764,,0,
108.0,26.0,0,-280.3181533951429,,0,
109.0,26.0,0,-347.7109738684958,,0,
110.0,26.0,0,-398.81218941818224,-448.782342,1,-49.970152581817786
111.0,26.0,0,-431.9328444826533,,0,
112.0,26.0,0,-447.7870475657983,,0,
113.0,26.0,0,-449.3982706805691,,0,
114.0,26.0,0,-442.8146906387992,-232.040552,1,210.77413863879923
115.0,26.0,0,-436.2941691458691,,0,
116.0,26.0,0,-438.50647840849706,,0,
117.0,26.0,0,-455.90405890054535,,0,
118.0,26.0,0,-488.88391841878183,-479.46352,1,9.420398418781815
119.0,26.0,0,-530.3093630704097,,0,
120.0,26.0,0,-569.629490430525,,0,
121.0,26.0,0,-597.4688771071378,,0,
122.0,26.0,0,-609.142097793927,-645.102655,1,-35.96055720607308
123.0,26.0,0,-603.7453547783662,,0,
124.0,26.0,0,-584.0982448685681,,0,
125.0,26.0,0,-552.5523588964716,,0,
126.0,26.0,0,-510.7896285534953,-506.557792,1,4.23183655349527
127.0,26.0,0,-461.19080725556705,,0,
128.0,26.0,0,-406.423871582374,,0,
129.0,26.0,0,-349.74616227997467,,0,
130.0,26.0,0,-293.5183692294522,-341.880347,1,-48.36197777054775
131.0,26.0,0,-239.81037552957423,,0,
132.0,26.0,0,-189.42905301053543,,0,
133.0,26.0,0,-142.07421445450746,,0,
134.0,26.0,0,-96.68851504242048,-272.801582,1,-176.11306695757952
135.0,26.0,0,-49.37962711020373,,0,
136.0,26.0,0,-5.1123555599479005,,0,
137.0,26.0,0,31.95029750384856,,0,
138.0,26.0,0,54.588192844064906,575.407049,1,520.8188561559351
139.0,26.0,0,48.47964003891684,,0,
140.0,26.0,0,26.34028639184544,,0,
141.0,26.0,0,-7.21469824295491,,0,
142.0,26.0,0,-52.660915993270464,77.59303,1,130.25394599327046
143.0,26.0,0,-112.04881791002117,,0,
144.0,26.0,0,-179.8236867148662,,0,
145.0,26.0,0,-253.43754392594565,,0,
146.0,26.0,0,-328.3298052226892,-465.663136,1,-137.33333077731083
147.0,26.0,0,-395.82684042234905,,0,
148.0,26.0,0,-446.63629484549165,,0,
149.0,26.0,0,-477.76959683629684,,0,
150.0,26.0,0,-488.14178746927064,-640.837281,1,-152.69549353072932
151.0,26.0,0,-481.2370050000027,,0,
152.0,26.0,0,-460.6582341848407,,0,
153.0,26.0,0,-427.94047550065443,,0,
154.0,26.0,0,-383.51007283013314,-364.77283,1,18.73724283013314
155.0,26.0,0,-328.99880186631344,,0,
156.0,26.0,0,-266.5686500512529,,0,
157.0,26.0,0,-196.95777221699245,,0,
158.0,26.0,0,-120.07144399685785,-228.946269,1,-108.87482500314215
159.0,26.0,0,-34.25068114325404,,0,
160.0,26.0,0,56.82801190414466,,0,
161.0,26.0,0,150.12629874120466,,0,
162.0,26.0,0,241.0745370448567,389.079593,1,148.0050559551433
163.0,26.0,0,323.93223278597,,0,
164.0,26.0,0,391.5702208263101,,0,
165.0,26.0,0,436.4470713760238,,0,
166.0,26.0,0,456.37182985409163,905.939149,1,449.5673191459084
167.0,26.0,0,460.3295276167337,,0,
168.0,26.0,0,455.82342017279007,,0,
169.0,26.0,0,442.0747451861389,,0,
170.0,26.0,0,414.0871481555514,457.993147,1,43.90599884444862
171.0,26.0,0,374.9887070762925,,0,
172.0,26.0,0,325.9975634352304,,0,
173.0,26.0,0,265.50492720725015,,0,
174.0,26.0,0,195.04154521564487,178.747652,1,-16.293893215644886
175.0,26.0,0,121.19920753035694,,0,
176.0,26.0,0,51.21730213612318,,0,
177.0,26.0,0,-11.080400143517181,,0,
178.0,26.0,0,-63.07415979122743,-212.342187,1,-149.26802720877257
179.0,26.0,0,-105.75592617853545,,0,
180.0,26.0,0,-140.90073549759109,,0,
181.0,26.0,0,-169.14480886096135,,0,
182.0,26.0,0,-189.98861922638025,-175.068993,1,14.919626226380245
183.0,26.0,0,-203.00088647659868,,0,
184.0,26.0,0,-206.7694043572992,,0,
185.0,26.0,0,-198.33708642004058,,0,
186.0,26.0,0,-173.12238220032305,-329.704338,1,-156.58195579967696
187.0,26.0,0,-124.47981969313696,,0,
188.0,26.0,0,-55.82071924011689,,0,
189.0,26.0,0,26.46804350009188,,0,
190.0,26.0,0,115.42200067732483,-106.685388,1,-222.10738867732482
191.0,26.0,0,204.39776744507253,,0,
192.0,26.0,0,285.55190321733244,,0,
193.0,26.0,0,347.62163665378466,,0,
194.0,26.0,0,380.2954462051857,516.561115,1,136.26566879481425
195.0,26.0,0,376.4837726354599,,0,
196.0,26.0,0,341.213788716821,,0,
197.0,26.0,0,282.4822463975288,,0,
198.0,26.0,0,212.55302814010065,33.06621,1,-179.48681814010064
199.0,26.0,0,146.24711230397224,,0,
0.0,27.0,0,-320.59721629763953,,0,
1.0,27.0,0,-340.23004070832394,-321.987268,1,18.24277270832397
2.0,27.0,0,-357.55653612175956,,0,
3.0,27.0,0,-371.0774236707948,,0,
4.0,27.0,0,-378.65303024978493,,0,
5.0,27.0,0,-378.5747028121259,-395.655544,1,-17.080841187874114
6.0,27.0,0,-369.97372500924394,,0,
7.0,27.0,0,-351.9253198374063,,0,
8.0,27.0,0,-323.3631200271193,,0,
9.0,27.0,0,-283.4491944431793,-350.167985,1,-66.7187905568207
10.0,27.0,0,-231.39883695356548,,0,
11.0,27.0,0,-171.2602879977785,,0,
12.0,27.0,0,-107.58338627626654,,0,
13.0,27.0,0,-46.069154487224296,31.446462,1,77.51561648722429
14.0,27.0,0,4.799730101134628,,0,
15.0,27.0,0,37.00718054594472,,0,
16.0,27.0,0,46.56412099755835,,0,
17.0,27.0,0,31.04705643292982,123.320982,1,92.27392556707018
18.0,27.0,0,-9.668920087162405,,0,
19.0,27.0,0,-69.1470929896459,,0,
20.0,27.0,0,-141.10675661126152,,0,
21.0,27.0,0,-218.34690176753793,-260.585709,1,-42.23880723246208
22.0,27.0,0,-292.58916810760275,,0,
23.0,27.0,0,-357.82266029296443,,0,
24.0,27.0,0,-408.16922308679204,,0,
25.0,27.0,0,-439.73132259526756,-493.09412,1,-53.36279740473242
26.0,27.0,0,-452.3839915972203,,0,
27.0,27.0,0,-450.68365175579675,,0,
28.0,27.0,0,-439.577854130941,,0,
29.0,27.0,0,-424.9103084211238,-269.597374,1,155.31293442112377
30.0,27.0,0,-412.87273006606847,,0,
31.0,27.0,0,-407.30884846812114,,0,
32.0,27.0,0,-405.00619086576626,,0,
33.0,27.0,0,-401.2632208224386,-542.031159,1,-140.7679381775614
34.0,27.0,0,-395.49137817835435,,0,
35.0,27.0,0,-387.8550817342475,,0,
36.0,27.0,0,-379.16108096065,,0,
37.0,27.0,0,-370.3808048805222,-364.991091,1,5.3897138805222085
38.0,27.0,0,-362.71221720520407,,0,
39.0,27.0,0,-357.05023013893515,,0,
40.0,27.0,0,-353.1466050063609,,0,
41.0,27.0,0,-350.0959118477185,-362.576537,1,-12.480625152281448
42.0,27.0,0,-346.68685338343494,,0,
43.0,27.0,0,-342.8409661866026,,0,
44.0,27.0,0,-339.43826914342935,,0,
45.0,27.0,0,-337.822562629357,-232.93662,1,104.88594262935698
46.0,27.0,0,-337.9938796337228,,0,
47.0,27.0,0,-340.31711599230766,,0,
48.0,27.0,0,-343.3124670299003,,0,
49.0,27.0,0,-344.8553878638195,-391.072484,1,-46.21709613618049
50.0,27.0,0,-343.94550947926473,,0,
51.0,27.0,0,-341.3402920481749,,0,
52.0,27.0,0,-339.10213069908787,,0,
53.0,27.0,0,-340.51147556770593,-222.564247,1,117.94722856770593
54.0,27.0,0,-350.2461079421919,,0,
55.0,27.0,0,-365.95140341552906,,0,
56.0,27.0,0,-385.505185836344,,0,
57.0,27.0,0,-405.9879001437221,-665.659874,1,-259.6719738562779
58.0,27.0,0,-422.8466073474847,,0,
59.0,27.0,0,-432.2734457172919,,0,
60.0,27.0,0,-436.6074380899081,,0,
61.0,27.0,0,-438.802364195697,-510.326999,1,-71.52463480430299
62.0,27.0,0,-441.62153243878856,,0,
63.0,27.0,0,-446.37439704616554,,0,
64.0,27.0,0,-452.7682626316091,,0,
65.0,27.0,0,-458.8837006413378,-378.211205,1,80.67249564133778
66.0,27.0,0,-461.94348672032356,,0,
67.0,27.0,0,-459.53282503329683,,0,
68.0,27.0,0,-450.56685682569514,,0,
69.0,27.0,0,-434.6723629904445,-466.521131,1,-31.8487680095555
70.0,27.0,0,-412.2681777884718,,0,
71.0,27.0,0,-386.78316265903413,,0,
72.0,27.0,0,-362.0549101039942,,0,
73.0,27.0,0,-341.6281145226094,-263.24218,1,78.38593452260938
74.0,27.0,0,-327.88225718715694,,0,
75.0,27.0,0,-318.0385261543561,,0,
76.0,27.0,0,-310.88103116321145,,0,
77.0,27.0,0,-307.5540089829592,-210.981507,1,96.57250198295921
78.0,27.0,0,-311.4319295602618,,0,
79.0,27.0,0,-320.59245580178685,,0,
80.0,27.0,0,-332.1674041201768,,0,
81.0,27.0,0,-340.0439506939729,-468.414485,1,-128.37053430602714
82.0,27.0,0,-336.0254666087567,,0,
83.0,27.0,0,-313.17204389488325,,0,
84.0,27.0,0,-270.1312609454326,,0,
85.0,27.0,0,-209.40808153280523,-637.179516,1,-427.7714344671948
86.0,27.0,0,-133.69715928973164,,0,
87.0,27.0,0,-47.75098743324634,,0,
88.0,27.0,0,34.79226373950951,,0,
89.0,27.0,0,100.42174670327222,412.043417,1,311.62167029672776
90.0,27.0,0,138.52209569053957,,0,
91.0,27.0,0,143.22609760588966,,0,
92.0,27.0,0,119.4204122639494,,0,
93.0,27.0,0,76.74512983812019,13.779019,1,-62.966110838120194
94.0,27.0,0,28.792854058439843,,0,
95.0,27.0,0,-14.886841889907373,,0,
96.0,27.0,0,-46.930532063066494,,0,
97.0,27.0,0,-62.270930532424245,-220.867857,1,-158.59692646757574
98.0,27.0,0,-57.04210174124455,,0,
99.0,27.0,0,-37.11430005799048,,0,
100.0,27.0,0,-8.683734468562761,,0,
101.0,27.0,0,19.03040075872559,-31.393574,1,-50.42397475872559
102.0,27.0,0,34.28791835124139,,0,
103.0,27.0,0,26.30552304245066,,0,
104.0,27.0,0,-8.54568680911325,,0,
105.0,27.0,0,-66.58367751084734,117.287824,1,183.87150151084734
106.0,27.0,0,-140.65358603664208,,0,
107.0,27.0,0,-222.5901191730518,,0,
108.0,27.0,0,-301.57632342050783,,0,
109.0,27.0,0,-367.3757949377177,-402.086822,1,-34.711027062282255
110.0,27.0,0,-415.1687673663255,,0,
111.0,27.0,0,-445.0443354746094,,0,
112.0,27.0,0,-458.16350963624427,,0,
113.0,27.0,0,-457.3773092633928,-468.792058,1,-11.41474873660718
114.0,27.0,0,-447.9066143177042,,0,
115.0,27.0,0,-436.9924673009664,,0,
116.0,27.0,0,-431.9700726623123,,0,
117.0,27.0,0,-438.8743243200006,-362.211376,1,76.66294832000062
118.0,27.0,0,-460.5567540820921,,0,
119.0,27.0,0,-491.0936350476695,,0,
120.0,27.0,0,-522.4647916059475,,0,
121.0,27.0,0,-546.7504826292861,-772.466448,1,-225.7159653707139
122.0,27.0,0,-558.4960393177462,,0,
123.0,27.0,0,-555.6713937153108,,0,
124.0,27.0,0,-539.2927231007488,,0,
125.0,27.0,0,-511.06393121904694,-561.825007,1,-50.76107578095309
126.0,27.0,0,-472.0038329025265,,0,
127.0,27.0,0,-425.9394764305325,,0,
128.0,27.0,0,-376.8615610593697,,0,
129.0,27.0,0,-328.5892245162977,-369.257,1,-40.667775483702314
130.0,27.0,0,-282.0849472525879,,0,
131.0,27.0,0,-239.19757170893718,,0,
132.0,27.0,0,-199.58090109471232,,0,
133.0,27.0,0,-161.24076128355227,-389.695417,1,-228.45465571644775
134.0,27.0,0,-122.74725464865332,,0,
135.0,27.0,0,-82.33807563455775,,0,
136.0,27.0,0,-42.21756668924354,,0,
137.0,27.0,0,-7.137247844133526,182.002364,1,189.13961184413353
138.0,27.0,0,15.608773933374323,,0,
139.0,27.0,0,19.52709710947238,,0,
140.0,27.0,0,8.835738308785949,,0,
141.0,27.0,0,-13.350929474458098,476.565281,1,489.9162104744581
142.0,27.0,0,-48.38482550054323,,0,
143.0,27.0,0,-97.71030699065886,,0,
144.0,27.0,0,-159.02831201080699,,0,
145.0,27.0,0,-228.79810093378183,-238.507086,1,-9.708985066218162
146.0,27.0,0,-300.5778226442635,,0,
147.0,27.0,0,-366.3624064878095,,0,
148.0,27.0,0,-418.7949357558973,,0,
149.0,27.0,0,-452.81465192558244,-689.787718,1,-236.9730660744176
150.0,27.0,0,-462.8623963308637,,0,
151.0,27.0,0,-456.6668212588411,,0,
152.0,27.0,0,-438.3942796443589,,0,
153.0,27.0,0,-409.3385868286714,-457.57561,1,-48.23702317132859
154.0,27.0,0,-369.446302114171,,0,
155.0,27.0,0,-320.25774933979847,,0,
156.0,27.0,0,-262.4647241286002,,0,
157.0,27.0,0,-196.80198062304407,-419.125855,1,-222.32387437695593
158.0,27.0,0,-123.12155913177412,,0,
159.0,27.0,0,-40.72449811571278,,0,
160.0,27.0,0,49.48586710705422,,0,
161.0,27.0,0,145.92819763789885,172.834913,1,26.906715362101153
162.0,27.0,0,243.24771558702923,,0,
163.0,27.0,0,336.1344197653234,,0,
164.0,27.0,0,416.78740868670866,,0,
165.0,27.0,0,475.61609553638846,871.917634,1,396.30153846361156
166.0,27.0,0,506.3642553219106,,0,
167.0,27.0,0,524.4066239092499,,0,
168.0,27.0,0,534.1824309634976,,0,
169.0,27.0,0,530.1071302359924,1066.328752,1,536.2216217640075
170.0,27.0,0,501.87499630544335,,0,
171.0,27.0,0,463.7086921255104,,0,
172.0,27.0,0,415.66760910477024,,0,
173.0,27.0,0,351.8566780597903,445.993626,1,94.13694794020972
174.0,27.0,0,273.97114892082755,,0,
175.0,27.0,0,189.9907409576699,,0,
176.0,27.0,0,105.94047868810594,,0,
177.0,27.0,0,28.314262319123372,-117.9248,1,-146.23906231912338
178.0,27.0,0,-35.946850878186524,,0,
179.0,27.0,0,-89.69934991444461,,0,
180.0,27.0,0,-134.71296938392334,,0,
181.0,27.0,0,-171.4265968957916,-143.984193,1,27.442403895791585
182.0,27.0,0,-200.05933427077252,,0,
183.0,27.0,0,-221.07019170979038,,0,
184.0,27.0,0,-233.8602306440007,,0,
185.0,27.0,0,-235.6227528937161,-471.801828,1,-236.1790751062839
186.0,27.0,0,-221.68652126099914,,0,
187.0,27.0,0,-188.05056066671386,,0,
188.0,27.0,0,-136.1577755024191,,0,
189.0,27.0,0,-70.5057099875994,-125.747662,1,-55.2419520124006
190.0,27.0,0,3.2766019586706534,,0,
191.0,27.0,0,79.19382775714621,,0,
192.0,27.0,0,149.91998321795836,,0,
193.0,27.0,0,206.1569054410793,441.01528,1,234.85837455892073
194.0,27.0,0,239.20235695154406,,0,
195.0,27.0,0,243.81305659003556,,0,
196.0,27.0,0,221.00275383330882,,0,
197.0,27.0,0,176.08907068008557,116.394018,1,-59.69505268008557
198.0,27.0,0,120.68369386368431,,0,
199.0,27.0,0,66.55989498319104,,0,
0.0,28.0,0,-367.65018059441354,-392.40633,1,-24.756149405586484
1.0,28.0,0,-385.40917194401845,,0,
2.0,28.0,0,-400.2358950825874,,0,
3.0,28.0,0,-411.5415721926838,,0,
4.0,28.0,0,-417.2680431040353,-440.617674,1,-23.349630895964708
5.0,28.0,0,-414.871117016417,,0,
6.0,28.0,0,-403.38298653485253,,0,
7.0,28.0,0,-381.3771901750006,,0,
8.0,28.0,0,-347.32040530163795,-456.665856,1,-109.34545069836207
9.0,28.0,0,-300.68930064339656,,0,
10.0,28.0,0,-241.61471976852044,,0,
11.0,28.0,0,-173.21825412707403,,0,
12.0,28.0,0,-101.22030070447363,-178.493893,1,-77.27359229552638
13.0,28.0,0,-31.500863742432557,,0,
14.0,28.0,0,26.197263326961547,,0,
15.0,28.0,0,64.50411322526634,,0,
16.0,28.0,0,78.35525645909365,181.870975,1,103.51571854090633
17.0,28.0,0,63.03405310236849,,0,
18.0,28.0,0,21.162305334117264,,0,
19.0,28.0,0,-41.43592729512602,,0,
20.0,28.0,0,-117.13050594180822,-255.001717,1,-137.8712110581918
21.0,28.0,0,-199.1411072963383,,0,
22.0,28.0,0,-280.3623432694003,,0,
23.0,28.0,0,-354.2048312947154,,0,
24.0,28.0,0,-414.3209547525039,-513.703897,1,-99.38294224749609
25.0,28.0,0,-454.45629008323886,,0,
26.0,28.0,0,-475.9007211769931,,0,
27.0,28.0,0,-481.5446820729412,,0,
28.0,28.0,0,-475.3646611516888,-400.715639,1,74.64902215168877
29.0,28.0,0,-463.76519665995147,,0,
30.0,28.0,0,-453.0386050613597,,0,
31.0,28.0,0,-446.51548885088414,,0,
32.0,28.0,0,-442.1992991390289,-616.112077,1,-173.91277786097112
33.0,28.0,0,-433.4837054468808,,0,
34.0,28.0,0,-422.70452115521766,,0,
35.0,28.0,0,-410.53563722316176,,0,
36.0,28.0,0,-397.5405738881964,-414.772394,1,-17.231820111803643
37.0,28.0,0,-384.3924259762862,,0,
38.0,28.0,0,-372.57015130808577,,0,
39.0,28.0,0,-362.9962547617033,,0,
40.0,28.0,0,-355.9853593959706,-347.412999,1,8.572360395970577
41.0,28.0,0,-351.43783746717963,,0,
42.0,28.0,0,-348.6389163279673,,0,
43.0,28.0,0,-347.34371722029755,,0,
44.0,28.0,0,-348.15768090984784,-234.535526,1,113.62215490984784
45.0,28.0,0,-353.3935512572061,,0,
46.0,28.0,0,-359.68960871652234,,0,
47.0,28.0,0,-365.1486712760525,,0,
48.0,28.0,0,-368.2475082257297,-428.572625,1,-60.32511677427033
49.0,28.0,0,-367.9097057370236,,0,
50.0,28.0,0,-363.28372711053817,,0,
51.0,28.0,0,-354.1604269617237,,0,
52.0,28.0,0,-342.08617810625583,-300.0129,1,42.07327810625583
53.0,28.0,0,-331.4809962057043,,0,
54.0,28.0,0,-326.60622413107194,,0,
55.0,28.0,0,-328.3028694886016,,0,
56.0,28.0,0,-335.73278608429246,-416.322832,1,-80.59004591570755
57.0,28.0,0,-345.7808311000699,,0,
58.0,28.0,0,-355.25129680137616,,0,
59.0,28.0,0,-362.7920736563683,,0,
60.0,28.0,0,-369.4555460624397,-455.910095,1,-86.45454893756033
61.0,28.0,0,-376.0498229647055,,0,
62.0,28.0,0,-386.526579167461,,0,
63.0,28.0,0,-401.86064585566055,,0,
64.0,28.0,0,-420.8673402965069,-336.07521,1,84.79213029650685
65.0,28.0,0,-440.2136731748469,,0,
66.0,28.0,0,-456.5318997212453,,0,
67.0,28.0,0,-467.67682534386404,,0,
68.0,28.0,0,-472.53538166033104,-426.439242,1,46.09613966033106
69.0,28.0,0,-469.89039848931134,,0,
70.0,28.0,0,-459.52541167655727,,0,
71.0,28.0,0,-443.2949133781367,,0,
72.0,28.0,0,-424.3123651377391,-385.858369,1,38.453996137739125
73.0,28.0,0,-406.3845971048577,,0,
74.0,28.0,0,-390.5339386540145,,0,
75.0,28.0,0,-376.01951305160765,,0,
76.0,28.0,0,-362.62411603250075,-350.724626,1,11.89949003250075
77.0,28.0,0,-352.59752493933775,,0,
78.0,28.0,0,-348.32157801196445,,0,
79.0,28.0,0,-349.8983981012716,,0,
80.0,28.0,0,-355.3893347880221,-259.560976,1,95.82835878802211
81.0,28.0,0,-356.82746293011587,,0,
82.0,28.0,0,-345.0099362469773,,0,
83.0,28.0,0,-312.85775366425514,,0,
84.0,28.0,0,-258.0081671216758,-566.630295,1,-308.62212787832425
85.0,28.0,0,-184.2457965867361,,0,
86.0,28.0,0,-96.95644402151811,,0,
87.0,28.0,0,-4.72282153274864,,0,
88.0,28.0,0,78.65993387508206,401.006275,1,322.34634112491796
89.0,28.0,0,140.7378293442307,,0,
90.0,28.0,0,172.2935575303709,,0,
91.0,28.0,0,170.1262875853572,,0,
92.0,28.0,0,139.50974634941667,270.343507,1,130.83376065058332
93.0,28.0,0,89.38857256670599,,0,
94.0,28.0,0,36.06448470748728,,0,
95.0,28.0,0,-9.493637176521588,,0,
96.0,28.0,0,-40.91747546460829,-102.316813,1,-61.39933753539171
97.0,28.0,0,-53.068506204290316,,0,
98.0,28.0,0,-45.629731067601824,,0,
99.0,28.0,0,-22.783224882674403,,0,
100.0,28.0,0,8.007210974406917,-47.916253,1,-55.923463974406914
101.0,28.0,0,36.04609459236963,,0,
102.0,28.0,0,49.05598907789681,,0,
103.0,28.0,0,35.29800259589683,,0,
104.0,28.0,0,-10.583232691627927,285.546438,1,296.12967069162795
105.0,28.0,0,-80.69763065781444,,0,
106.0,28.0,0,-164.12650245107943,,0,
107.0,28.0,0,-250.93255208840128,,0,
108.0,28.0,0,-331.0100228904048,-478.002442,1,-146.99241910959518
109.0,28.0,0,-393.3327603848884,,0,
110.0,28.0,0,-436.8652525317739,,0,
111.0,28.0,0,-462.0377469062805,,0,
112.0,28.0,0,-470.41226394986734,-498.025267,1,-27.613003050132647
113.0,28.0,0,-464.49404009466525,,0,
114.0,28.0,0,-449.51814740442205,,0,
115.0,28.0,0,-431.5834740996361,,0,
116.0,28.0,0,-417.52404588263016,-409.95332,1,7.570725882630143
117.0,28.0,0,-414.2952237217105,,0,
118.0,28.0,0,-424.9193183349562,,0,
119.0,28.0,0,-446.1698228425812,,0,
120.0,28.0,0,-471.5299781773356,-620.142484,1,-148.6125058226644
121.0,28.0,0,-492.872232692549,,0,
122.0,28.0,0,-504.03828491433524,,0,
123.0,28.0,0,-502.3403092409717,,0,
124.0,28.0,0,-487.7985297870473,-495.861006,1,-8.062476212952674
125.0,28.0,0,-461.6613824790111,,0,
126.0,28.0,0,-425.69922083301935,,0,
127.0,28.0,0,-383.17220934526995,,0,
128.0,28.0,0,-338.380648429913,-243.029195,1,95.351453429913
129.0,28.0,0,-296.79366512747947,,0,
130.0,28.0,0,-258.8138149252045,,0,
131.0,28.0,0,-225.8469813442789,,0,
132.0,28.0,0,-197.09829545789398,-311.869102,1,-114.77080654210602
133.0,28.0,0,-168.3263272184413,,0,
134.0,28.0,0,-140.00545636669267,,0,
135.0,28.0,0,-110.52608642249834,,0,
136.0,28.0,0,-79.69488606182858,-161.362267,1,-81.66738093817142
137.0,28.0,0,-51.90206217567902,,0,
138.0,28.0,0,-31.280372645298485,,0,
139.0,28.0,0,-19.587270082207397,,0,
140.0,28.0,0,-16.865873134171125,430.52681,1,447.39268313417114
141.0,28.0,0,-24.46668085595593,,0,
142.0,28.0,0,-45.54388612380717,,0,
143.0,28.0,0,-82.27886662329547,,0,
144.0,28.0,0,-133.38074170739856,-57.230335,1,76.15040670739856
145.0,28.0,0,-196.26215910888277,,0,
146.0,28.0,0,-263.0430697443662,,0,
147.0,28.0,0,-325.32019921625033,,0,
148.0,28.0,0,-375.1401380371535,-461.053166,1,-85.91302796284646
149.0,28.0,0,-406.86949407076463,,0,
150.0,28.0,0,-418.00986131094396,,0,
151.0,28.0,0,-413.07260742690414,,0,
152.0,28.0,0,-396.88286929018795,-441.487354,1,-44.60448470981203
153.0,28.0,0,-370.8860899966676,,0,
154.0,28.0,0,-336.4614510543179,,0,
155.0,28.0,0,-293.0860574489925,,0,
156.0,28.0,0,-239.65296235284768,-490.380786,1,-250.72782364715232
157.0,28.0,0,-178.0129545610398,,0,
158.0,28.0,0,-108.7858579994645,,0,
159.0,28.0,0,-31.587110359221697,,0,
160.0,28.0,0,53.27162620378658,-109.146025,1,-162.4176512037866
161.0,28.0,0,147.08967686002143,,0,
162.0,28.0,0,243.4571185754612,,0,
163.0,28.0,0,337.78089173929766,,0,
164.0,28.0,0,421.91677430435084,737.439177,1,315.52240269564913
165.0,28.0,0,481.46648957184516,,0,
166.0,28.0,0,520.6650926391594,,0,
167.0,28.0,0,548.0140334735624,,0,
168.0,28.0,0,565.3917982082348,894.756966,1,329.3651677917652
169.0,28.0,0,561.7915310836397,,0,
170.0,28.0,0,540.5690506327664,,0,
171.0,28.0,0,509.1822909791954,,0,
172.0,28.0,0,467.4808802988846,915.749845,1,448.26896470111546
173.0,28.0,0,402.96166253695264,,0,
174.0,28.0,0,324.27311749896035,,0,
175.0,28.0,0,235.70277248416096,,0,
176.0,28.0,0,142.13052666024305,208.111794,1,65.98126733975695
177.0,28.0,0,54.114541658665985,,0,
178.0,28.0,0,-21.139985714340582,,0,
179.0,28.0,0,-84.29848619317636,,0,
180.0,28.0,0,-137.41924136609305,-113.090516,1,24.328725366093053
181.0,28.0,0,-180.5222481447272,,0,
182.0,28.0,0,-214.15928706806153,,0,
183.0,28.0,0,-240.14555886108428,,0,
184.0,28.0,0,-259.60455574351363,-359.114581,1,-99.51002525648636
185.0,28.0,0,-269.7047614878975,,0,
186.0,28.0,0,-266.2761351966765,,0,
187.0,28.0,0,-246.43021124694496,,0,
188.0,28.0,0,-210.32877965981606,-228.000316,1,-17.671536340183934
189.0,28.0,0,-160.42715305741876,,0,
190.0,28.0,0,-101.35958329541609,,0,
191.0,28.0,0,-38.045366178732365,,0,
192.0,28.0,0,23.597907916409895,45.973174,1,22.375266083590105
193.0,28.0,0,74.63150676339865,,0,
194.0,28.0,0,108.01927889697254,,0,
195.0,28.0,0,119.65654417593032,,0,
196.0,28.0,0,108.80943020794075,269.694491,1,160.88506079205928
197.0,28.0,0,76.31139874365181,,0,
198.0,28.0,0,33.806636952096596,,0,
199.0,28.0,0,-8.653453283477575,,0,
0.0,29.0,0,-411.2685469025746,,0,
1.0,29.0,0,-427.4790356038138,,0,
2.0,29.0,0,-439.9596951538697,,0,
3.0,29.0,0,-449.3311273448053,-369.321563,1,80.00956434480526
4.0,29.0,0,-452.89356131479144,,0,
5.0,29.0,0,-447.9897921541706,,0,
6.0,29.0,0,-433.26881299028173,,0,
7.0,29.0,0,-407.05758022668306,-459.049162,1,-51.991581773316966
8.0,29.0,0,-367.0667453291826,,0,
9.0,29.0,0,-314.09346667607315,,0,
10.0,29.0,0,-248.13016054593027,,0,
11.0,29.0,0,-170.72284247924108,-355.887907,1,-185.1650645207589
12.0,29.0,0,-89.62935217050835,,0,
13.0,29.0,0,-13.417465959209949,,0,
14.0,29.0,0,49.232380986912176,,0,
15.0,29.0,0,90.98887521214783,99.366416,1,8.377540787852169
16.0,29.0,0,106.57760977512226,,0,
17.0,29.0,0,92.91821661475115,,0,
18.0,29.0,0,51.19324670662172,,0,
19.0,29.0,0,-13.870191468857229,-111.101095,1,-97.23090353114277
20.0,29.0,0,-92.67138779116794,,0,
21.0,29.0,0,-179.5700668860227,,0,
22.0,29.0,0,-267.4746185927652,,0,
23.0,29.0,0,-348.94171005592216,-383.405769,1,-34.46405894407786
24.0,29.0,0,-416.83096269948874,,0,
25.0,29.0,0,-465.7858293708414,,0,
26.0,29.0,0,-495.26810048450716,,0,
27.0,29.0,0,-507.4611112191342,-595.744075,1,-88.28296378086577
28.0,29.0,0,-504.6567161590792,,0,
29.0,29.0,0,-494.3289563222788,,0,
30.0,29.0,0,-482.807349465671,,0,
31.0,29.0,0,-473.7663814824191,-612.649401,1,-138.88301951758092
32.0,29.0,0,-465.5478179093916,,0,
33.0,29.0,0,-454.6769068692811,,0,
34.0,29.0,0,-441.12533212816925,,0,
35.0,29.0,0,-425.4306668913923,-517.340681,1,-91.9100141086077
36.0,29.0,0,-408.69630271033384,,0,
37.0,29.0,0,-392.1225963793695,,0,
38.0,29.0,0,-377.00604046788067,,0,
39.0,29.0,0,-364.48694701713976,-383.396739,1,-18.90979198286027
40.0,29.0,0,-355.5254702044185,,0,
41.0,29.0,0,-350.65950528136455,,0,
42.0,29.0,0,-349.94955344399204,,0,
43.0,29.0,0,-353.3192981395405,-283.553981,1,69.76531713954046
44.0,29.0,0,-360.62451332528144,,0,
45.0,29.0,0,-371.42989133507945,,0,
46.0,29.0,0,-382.6096199847525,,0,
47.0,29.0,0,-390.75338475126773,-423.027989,1,-32.27460424873226
48.0,29.0,0,-393.87728139641695,,0,
49.0,29.0,0,-391.8399077417562,,0,
50.0,29.0,0,-383.54049498558743,,0,
51.0,29.0,0,-367.9129828795849,-438.586661,1,-70.6736781204151
52.0,29.0,0,-345.9058447354473,,0,
53.0,29.0,0,-323.0781415977981,,0,
54.0,29.0,0,-303.65355712140445,,0,
55.0,29.0,0,-290.4011139344657,-194.733667,1,95.66744693446569
56.0,29.0,0,-284.7519906774396,,0,
57.0,29.0,0,-283.0511427912861,,0,
58.0,29.0,0,-283.701692665054,,0,
59.0,29.0,0,-286.5846398806316,-273.72749,1,12.857149880631596
60.0,29.0,0,-292.8823715732433,,0,
61.0,29.0,0,-304.717921536183,,0,
62.0,29.0,0,-324.4583398757968,,0,
63.0,29.0,0,-351.68041993887164,-290.8807,1,60.79971993887165
64.0,29.0,0,-384.60412369889673,,0,
65.0,29.0,0,-418.0016292805085,,0,
66.0,29.0,0,-448.0823183748289,,0,
67.0,29.0,0,-472.80077017945587,-430.5804,1,42.22037017945587
68.0,29.0,0,-491.5364239735063,,0,
69.0,29.0,0,-502.0760443948675,,0,
70.0,29.0,0,-503.61724795453483,,0,
71.0,29.0,0,-496.8903585107182,-469.76195,1,27.128408510718202
72.0,29.0,0,-484.40358006197494,,0,
73.0,29.0,0,-468.6814502911875,,0,
74.0,29.0,0,-450.9625913664204,,0,
75.0,29.0,0,-432.0945818145992,-486.705623,1,-54.61104118540078
76.0,29.0,0,-412.5669100978412,,0,
77.0,29.0,0,-395.80679716635495,,0,
78.0,29.0,0,-383.5212491809507,,0,
79.0,29.0,0,-375.990259127575,-161.160383,1,214.82987612757498
80.0,29.0,0,-374.5278681225609,,0,
81.0,29.0,0,-368.0089999483898,,0,
82.0,29.0,0,-347.044286233664,,0,
83.0,29.0,0,-304.078545076889,-445.489821,1,-141.41127592311102
84.0,29.0,0,-235.92969857272692,,0,
85.0,29.0,0,-149.8570016445592,,0,
86.0,29.0,0,-52.382712196500506,,0,
87.0,29.0,0,47.22595494921552,161.002135,1,113.77618005078449
88.0,29.0,0,131.50571360468166,,0,
89.0,29.0,0,189.73677983006928,,0,
90.0,29.0,0,213.69132149110374,,0,
91.0,29.0,0,200.55146557604894,374.473564,1,173.92209842395107
92.0,29.0,0,159.05927273724228,,0,
93.0,29.0,0,101.89548493089387,,0,
94.0,29.0,0,44.36957772547612,,0,
95.0,29.0,0,-0.8518379860615823,-144.408024,1,-143.55618601393843
96.0,29.0,0,-29.450599591233185,,0,
97.0,29.0,0,-39.77036624273751,,0,
98.0,29.0,0,-31.87854331874405,,0,
99.0,29.0,0,-8.55004759435542,-60.150653,1,-51.60060540564458
100.0,29.0,0,22.507766872644424,,0,
101.0,29.0,0,49.064144315358135,,0,
102.0,29.0,0,58.59132280739141,,0,
103.0,29.0,0,38.51455988403177,410.506155,1,371.9915951159682
104.0,29.0,0,-20.01749205883243,,0,
105.0,29.0,0,-101.51550337835215,,0,
106.0,29.0,0,-192.8469277297554,,0,
107.0,29.0,0,-282.33300533960573,-485.064234,1,-202.73122866039427
108.0,29.0,0,-360.83303168870043,,0,
109.0,29.0,0,-420.7581522539258,,0,
110.0,29.0,0,-459.72213002393255,,0,
111.0,29.0,0,-478.7839941190323,-560.655951,1,-81.87195688096767
112.0,29.0,0,-480.22090435851715,,0,
113.0,29.0,0,-467.30034695356153,,0,
114.0,29.0,0,-444.63177715806523,,0,
115.0,29.0,0,-417.58725851844065,-480.542882,1,-62.95562348155937
116.0,29.0,0,-393.1052758904407,,0,
117.0,29.0,0,-380.1570008065901,,0,
118.0,29.0,0,-382.2983959572157,,0,
119.0,29.0,0,-397.0355921158334,-324.341236,1,72.69435611583344
120.0,29.0,0,-419.07125199830625,,0,
121.0,29.0,0,-438.6540007011499,,0,
122.0,29.0,0,-448.96333600289654,,0,
123.0,29.0,0,-447.2837738930248,-455.472682,1,-8.188908106975248
124.0,29.0,0,-433.53954917169176,,0,
125.0,29.0,0,-409.1948689771816,,0,
126.0,29.0,0,-376.2915822418872,,0,
127.0,29.0,0,-337.776576723787,-329.610403,1,8.166173723786983
128.0,29.0,0,-297.62338432192337,,0,
129.0,29.0,0,-259.9615667066537,,0,
130.0,29.0,0,-227.40599955047946,,0,
131.0,29.0,0,-201.9131021660287,-267.172542,1,-65.25943983397133
132.0,29.0,0,-181.77727815066464,,0,
133.0,29.0,0,-164.12836807884742,,0,
134.0,29.0,0,-147.9846031330526,,0,
135.0,29.0,0,-131.53187190939207,-302.433719,1,-170.90184709060793
136.0,29.0,0,-111.89747205295134,,0,
137.0,29.0,0,-94.40259035734925,,0,
138.0,29.0,0,-78.88926947797881,,0,
139.0,29.0,0,-62.62390914349817,-96.341187,1,-33.71727785650184
140.0,29.0,0,-48.2407506898744,,0,
141.0,29.0,0,-41.08195945294574,,0,
142.0,29.0,0,-46.911043052212335,,0,
143.0,29.0,0,-70.85743712610565,442.713852,1,513.5712891261056
144.0,29.0,0,-110.82912982162088,,0,
145.0,29.0,0,-163.32007738458924,,0,
146.0,29.0,0,-222.38799896772252,,0,
147.0,29.0,0,-278.9237597209867,-340.72922,1,-61.80546027901329
148.0,29.0,0,-323.0451339199208,,0,
149.0,29.0,0,-350.1277570601087,,0,
150.0,29.0,0,-358.69456357322633,,0,
151.0,29.0,0,-352.2029255570378,-262.118304,1,90.08462155703779
152.0,29.0,0,-335.5786998672411,,0,
153.0,29.0,0,-311.85513420728967,,0,
154.0,29.0,0,-282.0400964958826,,0,
155.0,29.0,0,-244.40550015307963,-436.973531,1,-192.56803084692035
156.0,29.0,0,-194.93900211830623,,0,
157.0,29.0,0,-138.54485590965487,,0,
158.0,29.0,0,-75.23121119081043,,0,
159.0,29.0,0,-3.334191668080166,-402.747272,1,-399.41308033191984
160.0,29.0,0,75.42218013235833,,0,
161.0,29.0,0,159.17683148942888,,0,
162.0,29.0,0,245.2454222064698,,0,
163.0,29.0,0,330.66824867390096,327.993982,1,-2.674266673900945
164.0,29.0,0,405.87802351778373,,0,
165.0,29.0,0,462.5441142418422,,0,
166.0,29.0,0,502.9306287574582,,0,
167.0,29.0,0,531.2497269357555,434.563341,1,-96.68638593575548
168.0,29.0,0,546.8313965015113,,0,
169.0,29.0,0,545.7459614581894,,0,
170.0,29.0,0,530.3254927211674,,0,
171.0,29.0,0,504.10555025795475,932.182334,1,428.0767837420452
172.0,29.0,0,465.2753241014434,,0,
173.0,29.0,0,408.8383032605052,,0,
174.0,29.0,0,336.0933906796854,,0,
175.0,29.0,0,247.93068759515882,529.27462,1,281.3439324048412
176.0,29.0,0,148.47669691918418,,0,
177.0,29.0,0,54.88339373888448,,0,
178.0,29.0,0,-25.98942745232489,,0,
179.0,29.0,0,-94.49082781607285,-8.201907,1,86.28892081607285
180.0,29.0,0,-152.46150276064873,,0,
181.0,29.0,0,-198.4039901434444,,0,
182.0,29.0,0,-233.57239434681833,,0,
183.0,29.0,0,-260.95432020444423,-141.891378,1,119.06294220444423
184.0,29.0,0,-284.5682332450524,,0,
185.0,29.0,0,-300.87849185429513,,0,
186.0,29.0,0,-306.38566673046444,,0,
187.0,29.0,0,-297.94268181268126,-395.746352,1,-97.80367018731874
188.0,29.0,0,-275.00639331317507,,0,
189.0,29.0,0,-238.82154006324708,,0,
190.0,29.0,0,-192.46704294579104,,0,
191.0,29.0,0,-140.41895520687103,-252.344288,1,-111.92533279312897
192.0,29.0,0,-86.4826053478755,,0,
193.0,29.0,0,-39.74036546424031,,0,
194.0,29.0,0,-6.343975973082706,,0,
195.0,29.0,0,9.717007100582123,270.145814,1,260.42880689941785
196.0,29.0,0,7.010673809796572,,0,
197.0,29.0,0,-12.787366633769125,,0,
198.0,29.0,0,-42.64693598868325,,0,
199.0,29.0,0,-74.10635263286531,-241.046478,1,-166.9401253671347
0.0,30.0,0,-452.85401250212453,,0,
1.0,30.0,0,-468.3194431324955,,0,
2.0,30.0,0,-478.6642386998283,-342.909769,1,135.7544696998283
3.0,30.0,0,-486.5647478858009,,0,
4.0,30.0,0,-487.43406704673544,,0,
5.0,30.0,0,-478.9537407006137,,0,
6.0,30.0,0,-459.9581379587762,-411.261338,1,48.69679995877618
7.0,30.0,0,-428.10252892621793,,0,
8.0,30.0,0,-381.7792245266028,,0,
9.0,30.0,0,-321.8116176093463,,0,
10.0,30.0,0,-248.9416369724786,-491.170975,1,-242.2293380275214
11.0,30.0,0,-161.80123204679694,,0,
12.0,30.0,0,-72.71259659714997,,0,
13.0,30.0,0,8.843941952567548,,0,
14.0,30.0,0,74.89737260970287,89.952036,1,15.054663390297137
15.0,30.0,0,118.4278272211086,,0,
16.0,30.0,0,134.9147479541134,,0,
17.0,30.0,0,122.2819073710125,,0,
18.0,30.0,0,81.50280055822805,185.82603,1,104.32322944177196
19.0,30.0,0,15.175133533775806,,0,
20.0,30.0,0,-67.64076584670693,,0,
21.0,30.0,0,-160.16852999478579,,0,
22.0,30.0,0,-254.6867314268602,-245.575755,1,9.11097642686022
23.0,30.0,0,-343.0202967739315,,0,
24.0,30.0,0,-417.7934184233891,,0,
25.0,30.0,0,-473.71628204127774,,0,
26.0,30.0,0,-508.64081594644813,-653.214176,1,-144.57336005355182
27.0,30.0,0,-524.5591297021019,,0,
28.0,30.0,0,-524.787028957624,,0,
29.0,30.0,0,-514.874945634976,,0,
30.0,30.0,0,-501.1979883760214,-423.623501,1,77.57448737602141
31.0,30.0,0,-489.2422823814559,,0,
32.0,30.0,0,-477.6755167127121,,0,
33.0,30.0,0,-464.7750862608664,,0,
34.0,30.0,0,-449.63771405100124,-502.971284,1,-53.333569948998786
35.0,30.0,0,-431.30756420106627,,0,
36.0,30.0,0,-411.7370533798821,,0,
37.0,30.0,0,-392.3566283311229,,0,
38.0,30.0,0,-374.51396264880896,-383.061052,1,-8.547089351191062
39.0,30.0,0,-359.57200389448553,,0,
40.0,30.0,0,-349.2841165950522,,0,
41.0,30.0,0,-344.9065719859209,,0,
42.0,30.0,0,-347.0499508147477,-323.229335,1,23.820615814747725
43.0,30.0,0,-355.8683773432276,,0,
44.0,30.0,0,-369.53900458291173,,0,
45.0,30.0,0,-385.7550478093326,,0,
46.0,30.0,0,-401.2224916367559,-465.078977,1,-63.85648536324413
47.0,30.0,0,-411.32748788024765,,0,
48.0,30.0,0,-415.0714312233031,,0,
49.0,30.0,0,-411.7674327120185,,0,
50.0,30.0,0,-400.19515007943846,-495.163356,1,-94.96820592056156
51.0,30.0,0,-377.88250121776946,,0,
52.0,30.0,0,-348.1843907216098,,0,
53.0,30.0,0,-315.3799441503361,,0,
54.0,30.0,0,-283.7274214949575,-206.048109,1,77.67931249495751
55.0,30.0,0,-257.96689792812685,,0,
56.0,30.0,0,-238.10278665204532,,0,
57.0,30.0,0,-223.43341966567095,,0,
58.0,30.0,0,-214.17968833463965,-167.054703,1,47.12498533463966
59.0,30.0,0,-210.67399452536483,,0,
60.0,30.0,0,-214.95821329252794,,0,
61.0,30.0,0,-230.9077424069401,,0,
62.0,30.0,0,-260.8794350521057,-208.460709,1,52.41872605210568
63.0,30.0,0,-301.2106838989421,,0,
64.0,30.0,0,-347.2664423015667,,0,
65.0,30.0,0,-394.0558576885378,,0,
66.0,30.0,0,-437.4069191091694,-450.097283,1,-12.69036389083061
67.0,30.0,0,-475.5288388170302,,0,
68.0,30.0,0,-506.95219713263214,,0,
69.0,30.0,0,-529.5598343303427,,0,
70.0,30.0,0,-542.198637205729,-583.74419,1,-41.545552794270975
71.0,30.0,0,-544.3164263170911,,0,
72.0,30.0,0,-538.0436087995768,,0,
73.0,30.0,0,-524.6749495025724,,0,
74.0,30.0,0,-504.9768515312753,-628.60885,1,-123.63199846872465
75.0,30.0,0,-481.55660053360043,,0,
76.0,30.0,0,-457.13774097920395,,0,
77.0,30.0,0,-434.9941517855041,,0,
78.0,30.0,0,-417.14017519768095,-232.127087,1,185.01308819768096
79.0,30.0,0,-402.98889267418417,,0,
80.0,30.0,0,-390.40557663567597,,0,
81.0,30.0,0,-372.10257059067953,,0,
82.0,30.0,0,-339.32528540589556,-504.452286,1,-165.12700059410446
83.0,30.0,0,-282.37906754383584,,0,
84.0,30.0,0,-202.62899276649114,,0,
85.0,30.0,0,-105.85625029657967,,0,
86.0,30.0,0,-0.5729674883186817,-232.083888,1,-231.51092051168132
87.0,30.0,0,105.0061757011863,,0,
88.0,30.0,0,190.17678774386877,,0,
89.0,30.0,0,242.91269868751988,,0,
90.0,30.0,0,257.9718953200354,581.501785,1,323.52988967996464
91.0,30.0,0,231.1676696917275,,0,
92.0,30.0,0,178.6772762144683,,0,
93.0,30.0,0,114.77465164370369,,0,
94.0,30.0,0,53.7256652622018,-179.27334,1,-232.9990052622018
95.0,30.0,0,10.71339973420254,,0,
96.0,30.0,0,-14.75958390760934,,0,
97.0,30.0,0,-23.31860013672849,,0,
98.0,30.0,0,-15.87388863551314,-178.034567,1,-162.16067836448687
99.0,30.0,0,7.058932771091349,,0,
100.0,30.0,0,34.628049019083846,,0,
101.0,30.0,0,55.61921678757062,,0,
102.0,30.0,0,57.7783782047336,284.447179,1,226.6688007952664
103.0,30.0,0,25.885421827842947,,0,
104.0,30.0,0,-39.42434134648647,,0,
105.0,30.0,0,-127.6121140824398,,0,
106.0,30.0,0,-224.25999329666956,-347.121263,1,-122.86126970333044
107.0,30.0,0,-314.28622674639337,,0,
108.0,30.0,0,-390.77828811865766,,0,
109.0,30.0,0,-447.3318034123513,,0,
110.0,30.0,0,-480.413440516626,-625.48861,1,-145.075169483374
111.0,30.0,0,-491.8832637408632,,0,
112.0,30.0,0,-484.6983318293642,,0,
113.0,30.0,0,-462.39769552461803,,0,
114.0,30.0,0,-429.9425407650124,-544.436339,1,-114.4937982349876
115.0,30.0,0,-391.530537475599,,0,
116.0,30.0,0,-357.1997198219178,,0,
117.0,30.0,0,-336.1722611893201,,0,
118.0,30.0,0,-333.66240115329856,-116.504594,1,217.15780715329856
119.0,30.0,0,-346.30533129611285,,0,
120.0,30.0,0,-366.99986125028227,,0,
121.0,30.0,0,-386.0726472530514,,0,
122.0,30.0,0,-395.3134924887563,-416.897358,1,-21.583865511243687
123.0,30.0,0,-392.86428989318665,,0,
124.0,30.0,0,-379.5757079817122,,0,
125.0,30.0,0,-357.0412651899969,,0,
126.0,30.0,0,-327.28083719394635,-397.709377,1,-70.42853980605366
127.0,30.0,0,-292.9121553042205,,0,
128.0,30.0,0,-257.0399754443788,,0,
129.0,30.0,0,-222.79622841987293,,0,
130.0,30.0,0,-193.50525164802093,-75.499398,1,118.00585364802093
131.0,30.0,0,-173.59379385062493,,0,
132.0,30.0,0,-160.3446940864087,,0,
133.0,30.0,0,-151.70107516262215,,0,
134.0,30.0,0,-146.00981955463067,-224.037681,1,-78.02786144536933
135.0,30.0,0,-140.0478286766447,,0,
136.0,30.0,0,-134.08562140678987,,0,
137.0,30.0,0,-129.20903517282568,,0,
138.0,30.0,0,-122.51208803651389,-445.351261,1,-322.83917296348613
139.0,30.0,0,-104.88288503955118,,0,
140.0,30.0,0,-84.36634511651937,,0,
141.0,30.0,0,-66.67262006457895,,0,
142.0,30.0,0,-58.38180866080802,261.523356,1,319.905164660808
143.0,30.0,0,-70.32394455105532,,0,
144.0,30.0,0,-96.77336794929579,,0,
145.0,30.0,0,-136.17756894184276,,0,
146.0,30.0,0,-185.28095356503036,-119.479585,1,65.80136856503036
147.0,30.0,0,-233.12118082866073,,0,
148.0,30.0,0,-269.8657458765665,,0,
149.0,30.0,0,-290.0650653911289,,0,
150.0,30.0,0,-291.622708932613,-281.743282,1,9.879426932613
151.0,30.0,0,-279.16661179438233,,0,
152.0,30.0,0,-258.80209401762113,,0,
153.0,30.0,0,-234.3832888547331,,0,
154.0,30.0,0,-206.14375253370963,-280.667557,1,-74.52380446629036
155.0,30.0,0,-170.41844482021406,,0,
156.0,30.0,0,-126.7492384982761,,0,
157.0,30.0,0,-76.97454342548735,,0,
158.0,30.0,0,-20.81894529564306,-212.118904,1,-191.29995870435692
159.0,30.0,0,45.759824498789385,,0,
160.0,30.0,0,116.7115008776309,,0,
161.0,30.0,0,188.14054314931855,,0,
162.0,30.0,0,258.31725480488967,-16.82969,1,-275.1469448048897
163.0,30.0,0,329.3641834342852,,0,
164.0,30.0,0,389.7481466571335,,0,
165.0,30.0,0,435.49355888273567,,0,
166.0,30.0,0,469.3682658299804,324.596155,1,-144.77211082998036
167.0,30.0,0,491.84040489722975,,0,
168.0,30.0,0,501.9343551620841,,0,
169.0,30.0,0,499.2354366197251,,0,
170.0,30.0,0,485.36981865996495,614.39478,1,129.02496134003502
171.0,30.0,0,460.6268173903227,,0,
172.0,30.0,0,423.4446224811254,,0,
173.0,30.0,0,372.1685208042618,,0,
174.0,30.0,0,305.2292067653034,733.465461,1,428.2362542346966
175.0,30.0,0,215.38372670859098,,0,
176.0,30.0,0,117.55500798276626,,0,
177.0,30.0,0,25.066735078580678,,0,
178.0,30.0,0,-55.43300944217481,72.533258,1,127.96626744217481
179.0,30.0,0,-125.09298225259408,,0,
180.0,30.0,0,-181.7629927387461,,0,
181.0,30.0,0,-225.48493067454547,,0,
182.0,30.0,0,-258.6590900302399,-227.233359,1,31.425731030239888
183.0,30.0,0,-285.26169485459104,,0,
184.0,30.0,0,-308.37429767800495,,0,
185.0,30.0,0,-327.2175670042634,,0,
186.0,30.0,0,-339.21095956710633,-405.271496,1,-66.06053643289368
187.0,30.0,0,-339.22490199748427,,0,
188.0,30.0,0,-326.6160866388818,,0,
189.0,30.0,0,-301.07897926541045,,0,
190.0,30.0,0,-263.48699374101125,-395.029998,1,-131.54300425898873
191.0,30.0,0,-218.7232725545764,,0,
192.0,30.0,0,-172.2679279264994,,0,
193.0,30.0,0,-130.16382519202307,,0,
194.0,30.0,0,-97.18686115299352,-67.698577,1,29.488284152993515
195.0,30.0,0,-78.26220484497026,,0,
196.0,30.0,0,-74.27535678376444,,0,
197.0,30.0,0,-83.34168628510088,,0,
198.0,30.0,0,-101.02993246517144,-245.80797,1,-144.77803753482857
199.0,30.0,0,-120.83749456796795,,0,
0.0,31.0,0,-492.71283789677545,,0,
1.0,31.0,0,-509.37287068227306,-481.197433,1,28.17543768227307
2.0,31.0,0,-520.0564096495509,,0,
3.0,31.0,0,-525.3344354800647,,0,
4.0,31.0,0,-522.5899744499475,,0,
5.0,31.0,0,-509.52442773943767,-440.661083,1,68.86334473943765
6.0,31.0,0,-485.55028791050427,,0,
7.0,31.0,0,-447.0093305691844,,0,
8.0,31.0,0,-392.4133661361411,,0,
9.0,31.0,0,-322.60238256072626,-513.513075,1,-190.9106924392737
10.0,31.0,0,-239.1054827455373,,0,
11.0,31.0,0,-145.29489546024706,,0,
12.0,31.0,0,-50.85468503693119,,0,
13.0,31.0,0,34.4013465619646,139.146194,1,104.7448474380354
14.0,31.0,0,102.48826025391463,,0,
15.0,31.0,0,146.94378463266185,,0,
16.0,31.0,0,163.3609137190506,,0,
17.0,31.0,0,149.74758678581566,284.20484,1,134.45725321418433
18.0,31.0,0,107.69751047610771,,0,
19.0,31.0,0,40.96859220118495,,0,
20.0,31.0,0,-44.59557393472642,,0,
21.0,31.0,0,-142.81850684294477,-99.29755,1,43.52095684294477
22.0,31.0,0,-243.67457934771664,,0,
23.0,31.0,0,-337.49063544371165,,0,
24.0,31.0,0,-417.09230167558417,,0,
25.0,31.0,0,-477.6544111080002,-587.266501,1,-109.61208989199974
26.0,31.0,0,-515.3291665117722,,0,
27.0,31.0,0,-533.6472426964901,,0,
28.0,31.0,0,-535.7708965952042,,0,
29.0,31.0,0,-525.7277972931042,-402.731512,1,122.99628529310422
30.0,31.0,0,-510.2642827097443,,0,
31.0,31.0,0,-494.7009206361836,,0,
32.0,31.0,0,-479.9032026329078,,0,
33.0,31.0,0,-464.66374568035826,-430.0357,1,34.62804568035824
34.0,31.0,0,-447.5732584686484,,0,
35.0,31.0,0,-427.8455099926214,,0,
36.0,31.0,0,-406.36279965005815,,0,
37.0,31.0,0,-384.5359729679767,-373.613183,1,10.922789967976712
38.0,31.0,0,-363.94473823159933,,0,
39.0,31.0,0,-346.56672531267395,,0,
40.0,31.0,0,-334.8581037648255,,0,
41.0,31.0,0,-331.0301877693273,-361.304877,1,-30.274689230672664
42.0,31.0,0,-336.17097375699086,,0,
43.0,31.0,0,-349.8863273243769,,0,
44.0,31.0,0,-369.3639064549934,,0,
45.0,31.0,0,-390.4130611317232,-493.251852,1,-102.83879086827676
46.0,31.0,0,-409.60552755586104,,0,
47.0,31.0,0,-423.05025054555153,,0,
48.0,31.0,0,-428.22676077880897,,0,
49.0,31.0,0,-423.9383459466044,-566.158889,1,-142.22054305339566
50.0,31.0,0,-409.0829898477532,,0,
51.0,31.0,0,-383.0949762846576,,0,
52.0,31.0,0,-348.463474286953,,0,
53.0,31.0,0,-309.02560686902143,-265.731753,1,43.293853869021405
54.0,31.0,0,-268.8039578810567,,0,
55.0,31.0,0,-231.50464009714779,,0,
56.0,31.0,0,-198.62575015460607,,0,
57.0,31.0,0,-171.31525939679705,-93.944609,1,77.37065039679705
58.0,31.0,0,-152.41878831677604,,0,
59.0,31.0,0,-141.98243848548736,,0,
60.0,31.0,0,-143.32738628191873,,0,
61.0,31.0,0,-161.96561697730795,58.955735,1,220.92135197730795
62.0,31.0,0,-201.5634879998397,,0,
63.0,31.0,0,-252.88094792462653,,0,
64.0,31.0,0,-309.9767322083935,,0,
65.0,31.0,0,-368.27049110329244,-431.297552,1,-63.02706089670755
66.0,31.0,0,-423.0288335387886,,0,
67.0,31.0,0,-473.1845637544757,,0,
68.0,31.0,0,-516.2708089887165,,0,
69.0,31.0,0,-549.2184412050992,-639.07064,1,-89.8521987949008
70.0,31.0,0,-571.2219466520473,,0,
71.0,31.0,0,-581.7151511874981,,0,
72.0,31.0,0,-581.1092490657466,,0,
73.0,31.0,0,-570.4556380517315,-688.573537,1,-118.11789894826848
74.0,31.0,0,-549.2943549107586,,0,
75.0,31.0,0,-522.8408051346778,,0,
76.0,31.0,0,-494.81817501736805,,0,
77.0,31.0,0,-468.54903450480197,-380.406202,1,88.14283250480196
78.0,31.0,0,-446.3561264410964,,0,
79.0,31.0,0,-424.6685725769785,,0,
80.0,31.0,0,-399.75715492491145,,0,
81.0,31.0,0,-366.4508328451775,-665.880988,1,-299.4301551548225
82.0,31.0,0,-318.1650301770569,,0,
83.0,31.0,0,-249.24417176313,,0,
84.0,31.0,0,-158.9665195766138,,0,
85.0,31.0,0,-50.90040983381914,-435.329626,1,-384.4292161661809
86.0,31.0,0,63.623213227430824,,0,
87.0,31.0,0,171.0153007247136,,0,
88.0,31.0,0,252.78904144460103,,0,
89.0,31.0,0,294.11122266727034,775.228127,1,481.11690433272963
90.0,31.0,0,293.9330958862265,,0,
91.0,31.0,0,256.9015538026579,,0,
92.0,31.0,0,196.65449122106656,,0,
93.0,31.0,0,129.05404535200796,-216.383351,1,-345.43739635200797
94.0,31.0,0,68.37688113935292,,0,
95.0,31.0,0,25.662074373685755,,0,
96.0,31.0,0,2.680364744970575,,0,
97.0,31.0,0,-3.101485198829323,-187.442442,1,-184.34095680117068
98.0,31.0,0,5.434494562912732,,0,
99.0,31.0,0,24.28583276551217,,0,
100.0,31.0,0,44.536538445041515,,0,
101.0,31.0,0,55.411284514309955,75.653752,1,20.242467485690042
102.0,31.0,0,45.56566681328695,,0,
103.0,31.0,0,5.766384627844673,,0,
104.0,31.0,0,-63.880573650385486,,0,
105.0,31.0,0,-155.4365789537551,-84.563075,1,70.87350395375509
106.0,31.0,0,-253.75676454562927,,0,
107.0,31.0,0,-344.03010399849154,,0,
108.0,31.0,0,-417.6837393756141,,0,
109.0,31.0,0,-469.59189845246146,-619.74293,1,-150.15103154753854
110.0,31.0,0,-494.88381968199974,,0,
111.0,31.0,0,-497.87415102741215,,0,
112.0,31.0,0,-481.06684580014553,,0,
113.0,31.0,0,-446.9759869254194,-636.280712,1,-189.30472507458057
114.0,31.0,0,-402.24891814930015,,0,
115.0,31.0,0,-354.28363191033714,,0,
116.0,31.0,0,-312.13864889286924,,0,
117.0,31.0,0,-284.9309920304222,-74.247851,1,210.6831410304222
118.0,31.0,0,-280.98535605269717,,0,
119.0,31.0,0,-293.61968376033474,,0,
120.0,31.0,0,-315.11453881219495,,0,
121.0,31.0,0,-335.4422398536699,-489.363424,1,-153.92118414633012
122.0,31.0,0,-343.742077041592,,0,
123.0,31.0,0,-340.68981172703207,,0,
124.0,31.0,0,-327.8854089715169,,0,
125.0,31.0,0,-307.3830981417559,-313.106685,1,-5.7235868582441185
126.0,31.0,0,-281.0380738648819,,0,
127.0,31.0,0,-251.14910976972897,,0,
128.0,31.0,0,-220.0742047970998,,0,
129.0,31.0,0,-190.2591004204005,86.337888,1,276.5969884204005
130.0,31.0,0,-165.01577295543393,,0,
131.0,31.0,0,-147.96714832261205,,0,
132.0,31.0,0,-139.23177810449852,,0,
133.0,31.0,0,-136.5733073198935,123.060522,1,259.6338293198935
134.0,31.0,0,-137.8654197496362,,0,
135.0,31.0,0,-142.00218372023664,,0,
136.0,31.0,0,-148.70841257995926,,0,
137.0,31.0,0,-155.35393198160455,-213.335339,1,-57.98140701839546
138.0,31.0,0,-156.04317585076205,,0,
139.0,31.0,0,-145.32013846887276,,0,
140.0,31.0,0,-126.479297608661,,0,
141.0,31.0,0,-105.92675689700991,-194.274888,1,-88.3481311029901
142.0,31.0,0,-91.0460375980474,,0,
143.0,31.0,0,-88.5027093612589,,0,
144.0,31.0,0,-98.88560548890382,,0,
145.0,31.0,0,-123.10258496715687,173.59388,1,296.6964649671569
146.0,31.0,0,-160.8797574377968,,0,
147.0,31.0,0,-196.43449558177963,,0,
148.0,31.0,0,-221.44806258450262,,0,
149.0,31.0,0,-231.6747122691013,-425.363403,1,-193.6886907308987
150.0,31.0,0,-222.09768338804133,,0,
151.0,31.0,0,-200.16659763106145,,0,
152.0,31.0,0,-172.7382496445207,,0,
153.0,31.0,0,-144.5570967795793,48.998346,1,193.5554427795793
154.0,31.0,0,-114.63712777104229,,0,
155.0,31.0,0,-80.33447904209606,,0,
156.0,31.0,0,-40.91276582190767,,0,
157.0,31.0,0,3.9916893620975316,68.269005,1,64.27731563790248
158.0,31.0,0,55.82481711637229,,0,
159.0,31.0,0,115.40080614993349,,0,
160.0,31.0,0,178.3312466336647,,0,
161.0,31.0,0,239.54862359771505,-209.50633,1,-449.05495359771504
162.0,31.0,0,296.7628301391378,,0,
163.0,31.0,0,348.95577672077343,,0,
164.0,31.0,0,390.5185129683232,,0,
165.0,31.0,0,418.80908487085253,173.655246,1,-245.15383887085252
166.0,31.0,0,439.87331042275764,,0,
167.0,31.0,0,450.72815790749155,,0,
168.0,31.0,0,451.4753876859322,,0,
169.0,31.0,0,442.08397805690765,338.073046,1,-104.01093205690768
170.0,31.0,0,424.6275305552408,,0,
171.0,31.0,0,396.8042733068578,,0,
172.0,31.0,0,356.8899925047299,,0,
173.0,31.0,0,303.17562776687555,538.819358,1,235.64373023312442
174.0,31.0,0,233.70180642721243,,0,
175.0,31.0,0,148.05150358658284,,0,
176.0,31.0,0,56.111988173564896,,0,
177.0,31.0,0,-31.268096600892022,12.694395,1,43.96249160089202
178.0,31.0,0,-108.0603180846665,,0,
179.0,31.0,0,-172.09760758606717,,0,
180.0,31.0,0,-221.7780961554963,,0,
181.0,31.0,0,-258.26996316900477,-259.731123,1,-1.461159830995257
182.0,31.0,0,-285.3122177300975,,0,
183.0,31.0,0,-307.5382514258381,,0,
184.0,31.0,0,-327.8506705358159,,0,
185.0,31.0,0,-345.89797891350463,-231.56954,1,114.32843891350464
186.0,31.0,0,-360.75011386105325,,0,
187.0,31.0,0,-366.2256550276652,,0,
188.0,31.0,0,-360.3540926417336,,0,
189.0,31.0,0,-342.20329527324066,-505.545712,1,-163.34241672675932
190.0,31.0,0,-309.53976981691085,,0,
191.0,31.0,0,-269.6073979777284,,0,
192.0,31.0,0,-228.28005452477373,,0,
193.0,31.0,0,-190.32664673775434,-307.306166,1,-116.97951926224567
194.0,31.0,0,-157.96697325259447,,0,
195.0,31.0,0,-136.97243800200522,,0,
196.0,31.0,0,-127.85972348670475,,0,
197.0,31.0,0,-128.54736668802798,-302.128836,1,-173.581469311972
198.0,31.0,0,-136.9613305781968,,0,
199.0,31.0,0,-148.4843235942535,,0,
0.0,32.0,0,-529.009428076446,-565.507908,1,-36.49847992355399
1.0,32.0,0,-548.0440212739632,,0,
2.0,32.0,0,-559.8964569957752,,0,
3.0,32.0,0,-563.9461350063793,,0,
4.0,32.0,0,-558.4103006906807,-550.483778,1,7.926522690680713
5.0,32.0,0,-541.643376308959,,0,
6.0,32.0,0,-511.78740159759764,,0,
7.0,32.0,0,-465.7820919424994,,0,
8.0,32.0,0,-401.6784512491431,-484.9931,1,-83.31464875085692
9.0,32.0,0,-320.89211029652506,,0,
10.0,32.0,0,-226.8228155776742,,0,
11.0,32.0,0,-125.67664211121155,,0,
12.0,32.0,0,-26.81297085620463,95.36221,1,122.17518085620463
13.0,32.0,0,61.169950775802135,,0,
14.0,32.0,0,130.42628223553766,,0,
15.0,32.0,0,174.57360355195124,,0,
16.0,32.0,0,189.7948901169002,269.983508,1,80.18861788309977
17.0,32.0,0,173.5471745035611,,0,
18.0,32.0,0,129.04104899370577,,0,
19.0,32.0,0,60.44566068961285,,0,
20.0,32.0,0,-27.15611539874226,180.754841,1,207.91095639874226
21.0,32.0,0,-130.47903089458123,,0,
22.0,32.0,0,-235.72103825118393,,0,
23.0,32.0,0,-332.5071004766505,,0,
24.0,32.0,0,-413.34129658085294,-489.287168,1,-75.94587141914707
25.0,32.0,0,-474.51864612544887,,0,
26.0,32.0,0,-514.0961639200686,,0,
27.0,32.0,0,-533.7778562607127,,0,
28.0,32.0,0,-536.9050196665339,-650.552379,1,-113.64735933346606
29.0,32.0,0,-525.8602915615775,,0,
30.0,32.0,0,-508.57816570741124,,0,
31.0,32.0,0,-490.25169070553966,,0,
32.0,32.0,0,-473.03743607760407,-313.541591,1,159.4958450776041
33.0,32.0,0,-455.8895418655593,,0,
34.0,32.0,0,-437.25763818321866,,0,
35.0,32.0,0,-416.3005601592595,,0,
36.0,32.0,0,-393.1602972126566,-396.628896,1,-3.46859878734341
37.0,32.0,0,-368.85993905505165,,0,
38.0,32.0,0,-345.13654170470545,,0,
39.0,32.0,0,-324.5220364500419,,0,
40.0,32.0,0,-310.33009504084475,-295.742309,1,14.587786040844776
41.0,32.0,0,-305.9690940885339,,0,
42.0,32.0,0,-312.8792100629071,,0,
43.0,32.0,0,-330.5204450719757,,0,
44.0,32.0,0,-355.49380671512336,-454.296265,1,-98.80245828487665
45.0,32.0,0,-381.2859146138653,,0,
46.0,32.0,0,-405.43527957156766,,0,
47.0,32.0,0,-423.498891951167,,0,
48.0,32.0,0,-431.174741488212,-554.423327,1,-123.24858551178795
49.0,32.0,0,-427.160318880924,,0,
50.0,32.0,0,-411.09152585221455,,0,
51.0,32.0,0,-383.45398153201677,,0,
52.0,32.0,0,-346.34202823298983,-335.66973,1,10.672298232989817
53.0,32.0,0,-302.9702158952714,,0,
54.0,32.0,0,-256.5160441955086,,0,
55.0,32.0,0,-210.37660348508507,,0,
56.0,32.0,0,-167.4311505468504,-172.724682,1,-5.293531453149598
57.0,32.0,0,-130.48141765315086,,0,
58.0,32.0,0,-102.7014136929065,,0,
59.0,32.0,0,-86.18578682723455,,0,
60.0,32.0,0,-85.0963902961812,114.424379,1,199.5207692961812
61.0,32.0,0,-107.93804000422824,,0,
62.0,32.0,0,-151.55201216647401,,0,
63.0,32.0,0,-208.82174537272658,,0,
64.0,32.0,0,-272.7399766226008,-376.807708,1,-104.06773137739918
65.0,32.0,0,-338.6300775775453,,0,
66.0,32.0,0,-402.71912031434476,,0,
67.0,32.0,0,-462.81741027056705,,0,
68.0,32.0,0,-516.127240418602,-635.850393,1,-119.72315258139804
69.0,32.0,0,-557.6815833056462,,0,
70.0,32.0,0,-588.3412589123473,,0,
71.0,32.0,0,-606.4608845645562,,0,
72.0,32.0,0,-610.0734804352251,-744.446876,1,-134.3733955647749
73.0,32.0,0,-600.9657462242758,,0,
74.0,32.0,0,-581.2560633791145,,0,
75.0,32.0,0,-554.6704226188594,,0,
76.0,32.0,0,-525.1588401408517,-462.459819,1,62.6990211408517
77.0,32.0,0,-496.80989630677504,,0,
78.0,32.0,0,-469.1101917945198,,0,
79.0,32.0,0,-438.6055134420749,,0,
80.0,32.0,0,-400.61634521868837,-643.011949,1,-242.3956037813116
81.0,32.0,0,-351.587849317817,,0,
82.0,32.0,0,-287.6233398434706,,0,
83.0,32.0,0,-205.922231296252,,0,
84.0,32.0,0,-106.04059906143812,-412.935691,1,-306.8950919385619
85.0,32.0,0,12.738010146160377,,0,
86.0,32.0,0,132.62507652054774,,0,
87.0,32.0,0,238.2761610451853,,0,
88.0,32.0,0,313.6983592258912,760.641459,1,446.9430997741089
89.0,32.0,0,339.7753072431078,,0,
90.0,32.0,0,324.9518493396463,,0,
91.0,32.0,0,277.6625349384849,,0,
92.0,32.0,0,211.0292775502603,169.309036,1,-41.72024155026031
93.0,32.0,0,141.25600143976044,,0,
94.0,32.0,0,81.23969813151052,,0,
95.0,32.0,0,40.451946520013735,,0,
96.0,32.0,0,21.210295002296334,-77.179007,1,-98.38930200229633
97.0,32.0,0,18.972241580486298,,0,
98.0,32.0,0,27.97824249661062,,0,
99.0,32.0,0,42.14673610124737,,0,
100.0,32.0,0,53.66819301684154,-31.59234,1,-85.26053301684155
101.0,32.0,0,53.273864217917435,,0,
102.0,32.0,0,31.954534465272445,,0,
103.0,32.0,0,-15.794146639527753,,0,
104.0,32.0,0,-89.1892544706061,88.016141,1,177.2053954706061
105.0,32.0,0,-183.6749465194298,,0,
106.0,32.0,0,-282.31537429551827,,0,
107.0,32.0,0,-370.31919649618794,,0,
108.0,32.0,0,-437.75462814141065,-613.3938,1,-175.6391718585894
109.0,32.0,0,-481.1394844399183,,0,
110.0,32.0,0,-498.84932139492594,,0,
111.0,32.0,0,-493.04327472881414,,0,
112.0,32.0,0,-466.5975949614076,-656.443505,1,-189.84591003859236
113.0,32.0,0,-420.11151402886026,,0,
114.0,32.0,0,-364.33952207746916,,0,
115.0,32.0,0,-308.433068179409,,0,
116.0,32.0,0,-261.80015260051005,-192.912803,1,68.88734960051005
117.0,32.0,0,-233.35404960875167,,0,
118.0,32.0,0,-227.67352394550107,,0,
119.0,32.0,0,-240.57452947692946,,0,
120.0,32.0,0,-263.8349244033452,-355.041056,1,-91.20613159665481
121.0,32.0,0,-284.98284682049416,,0,
122.0,32.0,0,-294.6336081873742,,0,
123.0,32.0,0,-292.0215397310676,,0,
124.0,32.0,0,-279.91302423679736,-254.164333,1,25.748691236797356
125.0,32.0,0,-261.69365472870413,,0,
126.0,32.0,0,-239.27726797107607,,0,
127.0,32.0,0,-214.7225496560568,,0,
128.0,32.0,0,-189.71841258835047,-134.972342,1,54.74607058835048
129.0,32.0,0,-165.5890377429314,,0,
130.0,32.0,0,-144.39570436667418,,0,
131.0,32.0,0,-129.9769302197965,,0,
132.0,32.0,0,-125.41343776741996,334.794424,1,460.20786176741996
133.0,32.0,0,-127.32917473709676,,0,
134.0,32.0,0,-133.5775836489629,,0,
135.0,32.0,0,-145.59849430376198,,0,
136.0,32.0,0,-163.75154055916937,-70.809208,1,92.94233255916937
137.0,32.0,0,-181.29327757027932,,0,
138.0,32.0,0,-191.11108108301414,,0,
139.0,32.0,0,-189.04448079294525,,0,
140.0,32.0,0,-175.6726711500669,-369.488349,1,-193.81567784993314
141.0,32.0,0,-156.82209363405127,,0,
142.0,32.0,0,-138.8512602431001,,0,
143.0,32.0,0,-126.40433719428256,,0,
144.0,32.0,0,-123.29798804834718,137.119795,1,260.4177830483472
145.0,32.0,0,-136.37653832044452,,0,
146.0,32.0,0,-157.25912168633658,,0,
147.0,32.0,0,-174.8500208845362,,0,
148.0,32.0,0,-182.1284061728511,-119.058951,1,63.06945517285111
149.0,32.0,0,-176.59837307943963,,0,
150.0,32.0,0,-155.52465863258112,,0,
151.0,32.0,0,-123.32786434306763,,0,
152.0,32.0,0,-86.76179984828923,75.535657,1,162.29745684828924
153.0,32.0,0,-53.28035759855993,,0,
154.0,32.0,0,-19.99403160600923,,0,
155.0,32.0,0,14.852141701150686,,0,
156.0,32.0,0,52.09320303378627,209.413191,1,157.31998796621374
157.0,32.0,0,94.28988000540994,,0,
158.0,32.0,0,143.42302663077135,,0,
159.0,32.0,0,199.01478207460605,,0,
160.0,32.0,0,257.05770947015844,19.477016,1,-237.58069347015845
161.0,32.0,0,311.50081202946603,,0,
162.0,32.0,0,357.80816257104743,,0,
163.0,32.0,0,394.1108370383736,,0,
164.0,32.0,0,419.18782718642615,186.977434,1,-232.21039318642616
165.0,32.0,0,430.96346522215754,,0,
166.0,32.0,0,431.9152392304968,,0,
167.0,32.0,0,425.20597204426304,,0,
168.0,32.0,0,413.8329732316779,-56.110098,1,-469.9430712316779
169.0,32.0,0,394.6372068156488,,0,
170.0,32.0,0,366.9199393740855,,0,
171.0,32.0,0,330.5484068694059,,0,
172.0,32.0,0,283.3449781856034,322.196347,1,38.85136881439661
173.0,32.0,0,222.73975817952305,,0,
174.0,32.0,0,149.3862293646671,,0,
175.0,32.0,0,66.22863586223684,,0,
176.0,32.0,0,-19.41048601118382,46.27464,1,65.68512601118383
177.0,32.0,0,-100.06402855878696,,0,
178.0,32.0,0,-170.08414488472044,,0,
179.0,32.0,0,-225.52821930591017,,0,
180.0,32.0,0,-264.4115343329031,-310.882977,1,-46.47144266709688
181.0,32.0,0,-290.0487122251652,,0,
182.0,32.0,0,-307.6052548515145,,0,
183.0,32.0,0,-322.77962660137564,,0,
184.0,32.0,0,-339.7447912765201,-72.855534,1,266.8892572765201
185.0,32.0,0,-356.6965071456507,,0,
186.0,32.0,0,-370.25791728310287,,0,
187.0,32.0,0,-376.19622929859906,,0,
188.0,32.0,0,-371.8889224047307,-436.461204,1,-64.57228159526932
189.0,32.0,0,-355.5733510158025,,0,
190.0,32.0,0,-326.78433056594804,,0,
191.0,32.0,0,-289.92709891917184,,0,
192.0,32.0,0,-250.4777760207653,-347.888445,1,-97.41066897923469
193.0,32.0,0,-213.1866274047643,,0,
194.0,32.0,0,-181.90175907418597,,0,
195.0,32.0,0,-160.07882063509896,,0,
196.0,32.0,0,-147.69600025285035,-280.159372,1,-132.46337174714967
197.0,32.0,0,-142.76115790056065,,0,
198.0,32.0,0,-146.7565688949544,,0,
199.0,32.0,0,-154.9435190265067,,0,
0.0,33.0,0,-558.4045323487953,,0,
1.0,33.0,0,-580.9130142084323,,0,
2.0,33.0,0,-595.0405378341675,,0,
3.0,33.0,0,-599.4370687212795,-561.503917,1,37.9331517212795
4.0,33.0,0,-592.4772446530405,,0,
5.0,33.0,0,-572.513731853338,,0,
6.0,33.0,0,-537.5142102313694,,0,
7.0,33.0,0,-484.7363133551553,-550.808397,1,-66.07208364484472
8.0,33.0,0,-411.5473512386088,,0,
9.0,33.0,0,-320.8526156943408,,0,
10.0,33.0,0,-217.2520340704359,,0,
11.0,33.0,0,-108.34103841846809,-17.434687,1,90.90635141846809
12.0,33.0,0,-5.06318901584018,,0,
13.0,33.0,0,85.71821207995526,,0,
14.0,33.0,0,155.87287148553878,,0,
15.0,33.0,0,198.1258769822307,293.923152,1,95.79727501776932
16.0,33.0,0,210.13498258776963,,0,
17.0,33.0,0,191.50910065381322,,0,
18.0,33.0,0,144.07132764952257,,0,
19.0,33.0,0,71.25839287461713,328.384836,1,257.1264431253829
20.0,33.0,0,-20.931700002984144,,0,
21.0,33.0,0,-125.20424041431397,,0,
22.0,33.0,0,-230.56709322240204,,0,
23.0,33.0,0,-327.0755986745935,-446.138506,1,-119.06290732540651
24.0,33.0,0,-405.9189057776821,,0,
25.0,33.0,0,-465.9138788987766,,0,
26.0,33.0,0,-505.3359213597141,,0,
27.0,33.0,0,-523.9560407034587,-733.076771,1,-209.1207302965413
28.0,33.0,0,-525.5953708017478,,0,
29.0,33.0,0,-514.7045967738377,,0,
30.0,33.0,0,-496.96863672323525,,0,
31.0,33.0,0,-477.0825501331128,-400.523842,1,76.55870813311282
32.0,33.0,0,-458.66392974575865,,0,
33.0,33.0,0,-440.1284457409056,,0,
34.0,33.0,0,-420.2692335897591,,0,
35.0,33.0,0,-398.0995332612656,-399.337732,1,-1.238198738734411
36.0,33.0,0,-373.11635430628667,,0,
37.0,33.0,0,-345.9229501039954,,0,
38.0,33.0,0,-318.28854849678464,,0,
39.0,33.0,0,-293.1431536136661,-190.684296,1,102.45885761366608
40.0,33.0,0,-274.8379243352392,,0,
41.0,33.0,0,-267.7926431845408,,0,
42.0,33.0,0,-274.49376509780996,,0,
43.0,33.0,0,-294.23452861234546,-295.80049,1,-1.5659613876545677
44.0,33.0,0,-323.01371221325826,,0,
45.0,33.0,0,-354.9581804681802,,0,
46.0,33.0,0,-385.4767672820017,,0,
47.0,33.0,0,-409.7643192836549,-517.978362,1,-108.21404271634503
48.0,33.0,0,-421.37601060350426,,0,
49.0,33.0,0,-419.8669237026479,,0,
50.0,33.0,0,-404.9134648158215,,0,
51.0,33.0,0,-377.79868406103924,-420.82311,1,-43.024425938960746
52.0,33.0,0,-340.69545650988584,,0,
53.0,33.0,0,-295.7405502946349,,0,
54.0,33.0,0,-245.42849778966047,,0,
55.0,33.0,0,-193.31090191646945,-271.076777,1,-77.76587508353055
56.0,33.0,0,-143.25517813145416,,0,
57.0,33.0,0,-99.234513835283,,0,
58.0,33.0,0,-65.33342903014272,,0,
59.0,33.0,0,-45.32122452184558,46.988736,1,92.30996052184558
60.0,33.0,0,-44.01309901342029,,0,
61.0,33.0,0,-66.05671722471016,,0,
62.0,33.0,0,-109.6963112213416,,0,
63.0,33.0,0,-168.85724106093403,-235.673731,1,-66.81648993906597
64.0,33.0,0,-235.74380976089742,,0,
65.0,33.0,0,-306.2239303330425,,0,
66.0,33.0,0,-376.1946762029547,,0,
67.0,33.0,0,-442.6371813097503,-673.591762,1,-230.9545806902497
68.0,33.0,0,-502.3873475821456,,0,
69.0,33.0,0,-552.0667689852708,,0,
70.0,33.0,0,-590.6453544426477,,0,
71.0,33.0,0,-616.1479216383304,-811.012098,1,-194.8641763616696
72.0,33.0,0,-623.4332943321788,,0,
73.0,33.0,0,-617.3702448061667,,0,
74.0,33.0,0,-600.7207673562225,,0,
75.0,33.0,0,-576.3680144839454,-558.27766,1,18.090354483945475
76.0,33.0,0,-547.5760941772605,,0,
77.0,33.0,0,-516.6332403027627,,0,
78.0,33.0,0,-482.9894095163909,,0,
79.0,33.0,0,-443.5424595018849,-536.096621,1,-92.55416149811515
80.0,33.0,0,-392.4684993609553,,0,
81.0,33.0,0,-328.57240554958116,,0,
82.0,33.0,0,-249.37322394782677,,0,
83.0,33.0,0,-152.87909920793027,-453.616428,1,-300.7373287920697
84.0,33.0,0,-40.44283322514093,,0,
85.0,33.0,0,82.69561101892032,,0,
86.0,33.0,0,201.30643684754614,,0,
87.0,33.0,0,298.01440074515995,564.492056,1,266.4776552548401
88.0,33.0,0,358.85969611251494,,0,
89.0,33.0,0,374.52951849793317,,0,
90.0,33.0,0,349.21625721175224,,0,
91.0,33.0,0,292.66753298486583,449.630512,1,156.96297901513418
92.0,33.0,0,220.67472991454997,,0,
93.0,33.0,0,148.9774790952215,,0,
94.0,33.0,0,90.19937382236822,,0,
95.0,33.0,0,53.47089054319076,-62.611766,1,-116.08265654319077
96.0,33.0,0,40.23791447599069,,0,
97.0,33.0,0,42.04701471736189,,0,
98.0,33.0,0,51.24313937057741,,0,
99.0,33.0,0,60.71019468008308,44.682694,1,-16.02750068008308
100.0,33.0,0,63.647814578784164,,0,
101.0,33.0,0,52.61028637952404,,0,
102.0,33.0,0,20.571941695117857,,0,
103.0,33.0,0,-36.78496120579075,65.899111,1,102.68407220579076
104.0,33.0,0,-116.54656549307401,,0,
105.0,33.0,0,-211.34529015480075,,0,
106.0,33.0,0,-307.6760649869684,,0,
107.0,33.0,0,-390.8502815004613,-582.047465,1,-191.1971834995387
108.0,33.0,0,-449.1830210373737,,0,
109.0,33.0,0,-483.30704683138174,,0,
110.0,33.0,0,-492.095357553073,,0,
111.0,33.0,0,-475.5249161012471,-705.210228,1,-229.68531189875296
112.0,33.0,0,-437.04830876906635,,0,
113.0,33.0,0,-381.470769051346,,0,
114.0,33.0,0,-317.64369572448777,,0,
115.0,33.0,0,-255.4810459727305,-249.418637,1,6.062408972730509
116.0,33.0,0,-206.15887664275942,,0,
117.0,33.0,0,-178.60745520656928,,0,
118.0,33.0,0,-175.28028041441576,,0,
119.0,33.0,0,-190.87682712241076,4.725839,1,195.60266612241077
120.0,33.0,0,-218.25865517469356,,0,
121.0,33.0,0,-241.04478378244676,,0,
122.0,33.0,0,-250.9512795167393,,0,
123.0,33.0,0,-248.26719513512217,-116.826297,1,131.44089813512215
124.0,33.0,0,-236.98388358240481,,0,
125.0,33.0,0,-221.00625794869848,,0,
126.0,33.0,0,-203.0399612513138,,0,
127.0,33.0,0,-185.08809792634565,-171.302118,1,13.785979926345647
128.0,33.0,0,-168.05873805243755,,0,
129.0,33.0,0,-151.85444979090244,,0,
130.0,33.0,0,-136.95443000190426,,0,
131.0,33.0,0,-126.18966492963955,178.009749,1,304.19941392963955
132.0,33.0,0,-127.48690068372525,,0,
133.0,33.0,0,-133.4565879215952,,0,
134.0,33.0,0,-143.34388312592637,,0,
135.0,33.0,0,-161.13313878898043,128.167526,1,289.30066478898044
136.0,33.0,0,-189.41351761482656,,0,
137.0,33.0,0,-215.60748768621124,,0,
138.0,33.0,0,-233.17610113916453,,0,
139.0,33.0,0,-238.83207594091073,-356.223698,1,-117.39162205908929
140.0,33.0,0,-230.71257052954752,,0,
141.0,33.0,0,-215.21180853748228,,0,
142.0,33.0,0,-197.25294296210632,,0,
143.0,33.0,0,-180.4557038731873,-17.537001,1,162.9187028731873
144.0,33.0,0,-170.14176363067236,,0,
145.0,33.0,0,-169.58962635928765,,0,
146.0,33.0,0,-172.63252692227252,,0,
147.0,33.0,0,-170.0832843768876,-213.834701,1,-43.75141662311239
148.0,33.0,0,-157.86489329184406,,0,
149.0,33.0,0,-134.59601384657435,,0,
150.0,33.0,0,-100.19757212023251,,0,
151.0,33.0,0,-58.11608202941716,-75.434997,1,-17.31891497058284
152.0,33.0,0,-13.626157049788162,,0,
153.0,33.0,0,27.88977351412177,,0,
154.0,33.0,0,66.10848593327682,,0,
155.0,33.0,0,103.391287679784,223.79346,1,120.40217232021601
156.0,33.0,0,140.35506181931123,,0,
157.0,33.0,0,182.38654289906844,,0,
158.0,33.0,0,231.74731108697597,,0,
159.0,33.0,0,287.75637359241955,250.404484,1,-37.35188959241955
160.0,33.0,0,346.15752578515094,,0,
161.0,33.0,0,398.9584552226588,,0,
162.0,33.0,0,439.480165029061,,0,
163.0,33.0,0,464.91485626949,234.60832,1,-230.30653626948998
164.0,33.0,0,478.2592213116586,,0,
165.0,33.0,0,474.2878714494873,,0,
166.0,33.0,0,455.51924439542927,,0,
167.0,33.0,0,429.3162902626209,10.397572,1,-418.91871826262087
168.0,33.0,0,404.73469345038757,,0,
169.0,33.0,0,370.82310283882543,,0,
170.0,33.0,0,327.6095603914,,0,
171.0,33.0,0,278.90190639719367,106.04325,1,-172.85865639719367
172.0,33.0,0,220.85440472955815,,0,
173.0,33.0,0,151.70659389556386,,0,
174.0,33.0,0,74.04852110287175,,0,
175.0,33.0,0,-8.708988836267963,-101.243098,1,-92.53410916373204
176.0,33.0,0,-89.74705593299586,,0,
177.0,33.0,0,-164.07390800630674,,0,
178.0,33.0,0,-225.95304823922925,,0,
179.0,33.0,0,-271.9313147799112,-443.101021,1,-171.1697062200888
180.0,33.0,0,-298.59555766778067,,0,
181.0,33.0,0,-312.7017081438098,,0,
182.0,33.0,0,-320.04913750034757,,0,
183.0,33.0,0,-326.7185448759701,-120.314542,1,206.4040028759701
184.0,33.0,0,-339.9158252326306,,0,
185.0,33.0,0,-353.8247118536383,,0,
186.0,33.0,0,-363.80472714465577,,0,
187.0,33.0,0,-366.53219150099903,-404.754253,1,-38.22206149900097
188.0,33.0,0,-360.3137321185786,,0,
189.0,33.0,0,-343.40059904335067,,0,
190.0,33.0,0,-315.3210166178178,,0,
191.0,33.0,0,-279.0233516250737,-302.700418,1,-23.677066374926312
192.0,33.0,0,-238.6868089835625,,0,
193.0,33.0,0,-199.59386920090765,,0,
194.0,33.0,0,-166.72906385944225,,0,
195.0,33.0,0,-143.32523086247966,-315.955037,1,-172.62980613752035
196.0,33.0,0,-127.22777330270037,,0,
197.0,33.0,0,-121.73058007052168,,0,
198.0,33.0,0,-126.71781723480672,,0,
199.0,33.0,0,-137.12232906278223,-370.973771,1,-233.85144193721777
0.0,34.0,0,-579.336546843173,,0,
1.0,34.0,0,-605.660831969406,,0,
2.0,34.0,0,-622.9546895334497,-632.221237,1,-9.266547466550264
3.0,34.0,0,-628.9180041803047,,0,
4.0,34.0,0,-621.6711872396991,,0,
5.0,34.0,0,-599.5174231531564,,0,
6.0,34.0,0,-560.5419508165214,-573.148517,1,-12.606566183478549
7.0,34.0,0,-501.86849232949317,,0,
8.0,34.0,0,-422.1326720811194,,0,
9.0,34.0,0,-323.9635651097633,,0,
10.0,34.0,0,-212.8971072989516,-131.903923,1,80.9931842989516
11.0,34.0,0,-97.96358720492572,,0,
12.0,34.0,0,10.349008029676042,,0,
13.0,34.0,0,103.80417475511786,,0,
14.0,34.0,0,174.95192194893025,353.171007,1,178.21908505106973
15.0,34.0,0,214.6700609822292,,0,
16.0,34.0,0,223.7776954419678,,0,
17.0,34.0,0,202.46744356362615,,0,
18.0,34.0,0,152.2176195513457,265.347288,1,113.12966844865429
19.0,34.0,0,74.93479081382975,,0,
20.0,34.0,0,-20.395413224352524,,0,
21.0,34.0,0,-124.14116130326875,,0,
22.0,34.0,0,-225.72638168628328,-364.348339,1,-138.62195731371673
23.0,34.0,0,-317.53984381840564,,0,
24.0,34.0,0,-393.5492862780811,,0,
25.0,34.0,0,-451.21098005212843,,0,
26.0,34.0,0,-489.22596312640235,-645.339269,1,-156.1133058735976
27.0,34.0,0,-505.18724742205814,,0,
28.0,34.0,0,-505.4417061167769,,0,
29.0,34.0,0,-494.9534694182221,,0,
30.0,34.0,0,-478.29998379247263,-414.074375,1,64.22560879247266
31.0,34.0,0,-458.8407101589255,,0,
32.0,34.0,0,-438.91501184465596,,0,
33.0,34.0,0,-418.72235580632696,,0,
34.0,34.0,0,-397.6454918521922,-402.868735,1,-5.223243147807807
35.0,34.0,0,-374.21111033996567,,0,
36.0,34.0,0,-347.0708492511185,,0,
37.0,34.0,0,-316.23082315479405,,0,
38.0,34.0,0,-283.7065490214154,-312.905135,1,-29.19858597858456
39.0,34.0,0,-252.5524474515114,,0,
40.0,34.0,0,-228.13794645870803,,0,
41.0,34.0,0,-216.12884772522375,,0,
42.0,34.0,0,-220.75273653236218,-169.915472,1,50.837264532362184
43.0,34.0,0,-241.14254370471463,,0,
44.0,34.0,0,-273.22688744898187,,0,
45.0,34.0,0,-310.7850902543869,,0,
46.0,34.0,0,-347.10044052638113,-517.004587,1,-169.90414647361888
47.0,34.0,0,-377.1125834195409,,0,
48.0,34.0,0,-395.6576567639713,,0,
49.0,34.0,0,-399.4555726099061,,0,
50.0,34.0,0,-387.5531678888947,-526.271202,1,-138.71803411110534
51.0,34.0,0,-363.1865422169212,,0,
52.0,34.0,0,-328.91850419848925,,0,
53.0,34.0,0,-285.43890534952516,,0,
54.0,34.0,0,-234.0241731790593,-261.315348,1,-27.291174820940682
55.0,34.0,0,-179.02418385620695,,0,
56.0,34.0,0,-124.8771191968699,,0,
57.0,34.0,0,-76.1912551674177,,0,
58.0,34.0,0,-38.449147001840174,95.715714,1,134.16486100184017
59.0,34.0,0,-16.082688978640363,,0,
60.0,34.0,0,-13.112847238196991,,0,
61.0,34.0,0,-32.358052999537904,,0,
62.0,34.0,0,-73.207729421556,-129.698228,1,-56.490498578444004
63.0,34.0,0,-130.73045941081364,,0,
64.0,34.0,0,-198.75184212825843,,0,
65.0,34.0,0,-271.7853123835812,,0,
66.0,34.0,0,-344.59029189683497,-540.966799,1,-196.37650710316507
67.0,34.0,0,-414.372839596821,,0,
68.0,34.0,0,-478.3861581152305,,0,
69.0,34.0,0,-533.4586812471971,,0,
70.0,34.0,0,-577.0496626349632,-681.593535,1,-104.5438723650368
71.0,34.0,0,-606.7306044261204,,0,
72.0,34.0,0,-620.424675534392,,0,
73.0,34.0,0,-620.0444727394497,,0,
74.0,34.0,0,-607.8810082933633,-762.151139,1,-154.27013070663668
75.0,34.0,0,-586.8619466110831,,0,
76.0,34.0,0,-559.4664492789307,,0,
77.0,34.0,0,-526.4607798260404,,0,
78.0,34.0,0,-486.70362355478574,-450.310841,1,36.392782554785754
79.0,34.0,0,-437.7853692283388,,0,
80.0,34.0,0,-375.34540029100026,,0,
81.0,34.0,0,-298.0989044496673,,0,
82.0,34.0,0,-205.2596467982512,-319.863605,1,-114.60395820174881
83.0,34.0,0,-95.05704033334041,,0,
84.0,34.0,0,26.79189679637784,,0,
85.0,34.0,0,151.97260074462974,,0,
86.0,34.0,0,266.0140181876486,415.458045,1,149.4440268123514
87.0,34.0,0,350.20468718989287,,0,
88.0,34.0,0,395.5365495286824,,0,
89.0,34.0,0,398.037187464186,,0,
90.0,34.0,0,362.83614708913956,613.725678,1,250.88953091086046
91.0,34.0,0,297.52506266901037,,0,
92.0,34.0,0,222.4998670484929,,0,
93.0,34.0,0,152.1536776345456,,0,
94.0,34.0,0,97.27677728384151,-136.202993,1,-233.4797702838415
95.0,34.0,0,68.6351414549863,,0,
96.0,34.0,0,61.16825870220782,,0,
97.0,34.0,0,66.86789189348929,,0,
98.0,34.0,0,76.30619464057963,198.410264,1,122.10406935942038
99.0,34.0,0,81.15532237864682,,0,
100.0,34.0,0,75.04964909964474,,0,
101.0,34.0,0,53.15849287153105,,0,
102.0,34.0,0,11.161867034883471,201.418043,1,190.25617596511654
103.0,34.0,0,-55.860320433974266,,0,
104.0,34.0,0,-140.34324018209008,,0,
105.0,34.0,0,-233.93162846623454,,0,
106.0,34.0,0,-325.20159886823967,-461.570258,1,-136.36865913176035
107.0,34.0,0,-399.25082577657304,,0,
108.0,34.0,0,-450.0605882728123,,0,
109.0,34.0,0,-476.04197676538024,,0,
110.0,34.0,0,-476.0989327939169,-604.883488,1,-128.78455520608316
111.0,34.0,0,-448.16986098885536,,0,
112.0,34.0,0,-398.62234006560175,,0,
113.0,34.0,0,-334.4877647649264,,0,
114.0,34.0,0,-264.328742415295,-350.292623,1,-85.96388058470501
115.0,34.0,0,-196.96728215832263,,0,
116.0,34.0,0,-145.87023513868917,,0,
117.0,34.0,0,-121.4374258039752,,0,
118.0,34.0,0,-126.28990241762949,218.119791,1,344.40969341762946
119.0,34.0,0,-151.03486628900282,,0,
120.0,34.0,0,-182.5681616680231,,0,
121.0,34.0,0,-205.9701438959455,,0,
122.0,34.0,0,-213.52434207711485,-190.48326,1,23.04108207711485
123.0,34.0,0,-208.94680760835763,,0,
124.0,34.0,0,-198.06186515023,,0,
125.0,34.0,0,-184.958038499346,,0,
126.0,34.0,0,-172.415620963322,-132.462298,1,39.953322963321995
127.0,34.0,0,-162.76541580958292,,0,
128.0,34.0,0,-155.54588683956536,,0,
129.0,34.0,0,-150.19114850694314,,0,
130.0,34.0,0,-146.55253821465885,-191.075415,1,-44.52287678534114
131.0,34.0,0,-145.90842427662574,,0,
132.0,34.0,0,-151.96762750088237,,0,
133.0,34.0,0,-162.0665627589915,,0,
134.0,34.0,0,-176.1571217137971,108.857798,1,285.0149197137971
135.0,34.0,0,-202.1217491531279,,0,
136.0,34.0,0,-233.55939011124428,,0,
137.0,34.0,0,-262.35714194271713,,0,
138.0,34.0,0,-282.93808562203776,-461.14557,1,-178.20748437796226
139.0,34.0,0,-291.8438367671333,,0,
140.0,34.0,0,-288.28723542008083,,0,
141.0,34.0,0,-276.11258839047514,,0,
142.0,34.0,0,-259.58933713275474,-362.78967,1,-103.20033286724527
143.0,34.0,0,-240.4470874266699,,0,
144.0,34.0,0,-224.10146272240672,,0,
145.0,34.0,0,-211.75618782965466,,0,
146.0,34.0,0,-199.31840342050418,-356.602261,1,-157.28385757949582
147.0,34.0,0,-178.1699036839418,,0,
148.0,34.0,0,-148.2390698848758,,0,
149.0,34.0,0,-109.15016583167017,,0,
150.0,34.0,0,-61.90338220621925,3.427094,1,65.33047620621925
151.0,34.0,0,-10.483605481218547,,0,
152.0,34.0,0,42.48694331385195,,0,
153.0,34.0,0,91.82359383325092,,0,
154.0,34.0,0,133.82604100520257,294.352214,1,160.52617299479743
155.0,34.0,0,172.73725991579704,,0,
156.0,34.0,0,212.88334016816225,,0,
157.0,34.0,0,258.3382953663822,,0,
158.0,34.0,0,311.52537468925584,249.011473,1,-62.513901689255846
159.0,34.0,0,372.7972603086382,,0,
160.0,34.0,0,436.3897707328433,,0,
161.0,34.0,0,493.93304227036424,,0,
162.0,34.0,0,536.7045726556098,511.007683,1,-25.696889655609823
163.0,34.0,0,560.7648949651048,,0,
164.0,34.0,0,565.2302049668506,,0,
165.0,34.0,0,548.8159410252701,,0,
166.0,34.0,0,515.7524375112262,288.365395,1,-227.38704251122618
167.0,34.0,0,478.0546975210309,,0,
168.0,34.0,0,435.68533035740256,,0,
169.0,34.0,0,383.36504101520404,,0,
170.0,34.0,0,321.1284389256034,-111.977593,1,-433.1060319256034
171.0,34.0,0,258.9700056281872,,0,
172.0,34.0,0,187.12829212867655,,0,
173.0,34.0,0,106.87087702658027,,0,
174.0,34.0,0,25.125617402605712,-198.714854,1,-223.84047140260571
175.0,34.0,0,-57.180649881018326,,0,
176.0,34.0,0,-137.02349521534052,,0,
177.0,34.0,0,-207.37252471828833,,0,
178.0,34.0,0,-260.1914301390061,-586.046125,1,-325.85469486099385
179.0,34.0,0,-295.0209570606239,,0,
180.0,34.0,0,-312.64932651957497,,0,
181.0,34.0,0,-317.6062563515734,,0,
182.0,34.0,0,-316.8926083797123,-199.089849,1,117.80275937971234
183.0,34.0,0,-317.5724530040752,,0,
184.0,34.0,0,-323.82343655405566,,0,
185.0,34.0,0,-331.9723380608484,,0,
186.0,34.0,0,-336.2432994353585,-398.333355,1,-62.09005556464149
187.0,34.0,0,-333.5808685189113,,0,
188.0,34.0,0,-324.1997528746724,,0,
189.0,34.0,0,-305.66868299944326,,0,
190.0,34.0,0,-275.75371799292043,-450.344771,1,-174.59105300707955
191.0,34.0,0,-237.63733524968848,,0,
192.0,34.0,0,-195.0414154813625,,0,
193.0,34.0,0,-151.99912009947002,,0,
194.0,34.0,0,-114.2190146818757,-391.298806,1,-277.0797913181243
195.0,34.0,0,-86.29944992391393,,0,
196.0,34.0,0,-70.2963702310808,,0,
197.0,34.0,0,-68.0128804477863,,0,
198.0,34.0,0,-77.17251321137883,-94.431819,1,-17.259305788621177
199.0,34.0,0,-91.36800125334412,,0,
0.0,35.0,0,-589.7299229810014,,0,
1.0,35.0,0,-619.923016861314,-695.269003,1,-75.34598613868604
2.0,35.0,0,-640.8655069908127,,0,
3.0,35.0,0,-649.5540216960944,,0,
4.0,35.0,0,-643.3153870255919,,0,
5.0,35.0,0,-620.4370921140071,-578.864373,1,41.5727191140071
6.0,35.0,0,-579.5912350001745,,0,
7.0,35.0,0,-517.233661415521,,0,
8.0,35.0,0,-432.64695486589335,,0,
9.0,35.0,0,-329.2284756965237,-380.842233,1,-51.61375730347635
10.0,35.0,0,-212.64343526633456,,0,
11.0,35.0,0,-93.01597634516656,,0,
12.0,35.0,0,18.66695263888687,,0,
13.0,35.0,0,112.29661198391113,272.429434,1,160.13282201608888
14.0,35.0,0,181.6798237345647,,0,
15.0,35.0,0,221.52352479915135,,0,
16.0,35.0,0,229.74083738215268,,0,
17.0,35.0,0,205.6783347077435,240.698022,1,35.01968729225652
18.0,35.0,0,151.9729069857858,,0,
19.0,35.0,0,73.30362691357732,,0,
20.0,35.0,0,-22.06567323463969,,0,
21.0,35.0,0,-123.80919213499874,-283.690069,1,-159.88087686500126
22.0,35.0,0,-219.55307878903113,,0,
23.0,35.0,0,-305.64477944164537,,0,
24.0,35.0,0,-377.11207154917065,,0,
25.0,35.0,0,-430.0794241714175,-550.574174,1,-120.49474982858248
26.0,35.0,0,-463.80254251137376,,0,
27.0,35.0,0,-478.91455297358334,,0,
28.0,35.0,0,-479.5109858592041,,0,
29.0,35.0,0,-470.0630237174919,-412.87163,1,57.191393717491906
30.0,35.0,0,-455.08929885574616,,0,
31.0,35.0,0,-436.06583037995733,,0,
32.0,35.0,0,-414.83923076064093,,0,
33.0,35.0,0,-392.6557376207784,-353.124996,1,39.53074162077837
34.0,35.0,0,-370.1005610569846,,0,
35.0,35.0,0,-345.1022719643079,,0,
36.0,35.0,0,-315.48483475280227,,0,
37.0,35.0,0,-279.98397797951475,-341.638516,1,-61.654538020485234
38.0,35.0,0,-241.45151178864762,,0,
39.0,35.0,0,-203.87131112045608,,0,
40.0,35.0,0,-172.29751546581974,,0,
41.0,35.0,0,-153.21031448140275,-27.663546,1,125.54676848140275
42.0,35.0,0,-153.94797768816352,,0,
43.0,35.0,0,-172.99832852906547,,0,
44.0,35.0,0,-206.987653928285,,0,
45.0,35.0,0,-249.19399014592636,-358.641357,1,-109.44736685407366
46.0,35.0,0,-290.1324288258329,,0,
47.0,35.0,0,-326.1170046282932,,0,
48.0,35.0,0,-351.94184652908007,,0,
49.0,35.0,0,-362.303733865323,-541.065089,1,-178.76135513467693
50.0,35.0,0,-354.60670192865655,,0,
51.0,35.0,0,-335.70593751058914,,0,
52.0,35.0,0,-307.53758358367486,,0,
53.0,35.0,0,-269.1002061228064,-395.749253,1,-126.6490468771936
54.0,35.0,0,-219.96298972622026,,0,
55.0,35.0,0,-166.39360201521777,,0,
56.0,35.0,0,-112.13816150458297,,0,
57.0,35.0,0,-61.17195555064245,8.9124,1,70.08435555064246
58.0,35.0,0,-21.173124425811693,,0,
59.0,35.0,0,3.379518046276644,,0,
60.0,35.0,0,8.81546363059897,,0,
61.0,35.0,0,-6.41271090839291,64.217531,1,70.6302419083929
62.0,35.0,0,-42.788678891956806,,0,
63.0,35.0,0,-96.18248836277053,,0,
64.0,35.0,0,-162.44178218921297,,0,
65.0,35.0,0,-235.9906181404367,-353.396451,1,-117.4058328595633
66.0,35.0,0,-309.1754760751501,,0,
67.0,35.0,0,-380.5047196801752,,0,
68.0,35.0,0,-447.0426596390316,,0,
69.0,35.0,0,-505.29225691920146,-534.100272,1,-28.808015080798555
70.0,35.0,0,-551.7791507426882,,0,
71.0,35.0,0,-584.9617536227452,,0,
72.0,35.0,0,-604.1957586461212,,0,
73.0,35.0,0,-610.2506105971406,-674.585619,1,-64.33500840285933
74.0,35.0,0,-603.0538691317197,,0,
75.0,35.0,0,-585.9485212992877,,0,
76.0,35.0,0,-560.7724367199698,,0,
77.0,35.0,0,-527.0390801783651,-374.864282,1,152.1747981783651
78.0,35.0,0,-482.759940801363,,0,
79.0,35.0,0,-425.2295848408248,,0,
80.0,35.0,0,-351.7284200980721,,0,
81.0,35.0,0,-261.6071028835722,-387.747686,1,-126.14058311642776
82.0,35.0,0,-155.65554658079054,,0,
83.0,35.0,0,-36.171943020191975,,0,
84.0,35.0,0,90.64689524238929,,0,
85.0,35.0,0,215.13810731531703,277.612316,1,62.47420868468299
86.0,35.0,0,321.5963251593639,,0,
87.0,35.0,0,394.47618576162495,,0,
88.0,35.0,0,424.3886205518793,,0,
89.0,35.0,0,408.6946222030092,754.206852,1,345.5122297969908
90.0,35.0,0,358.1288953938056,,0,
91.0,35.0,0,287.6157895879587,,0,
92.0,35.0,0,214.46791599699645,,0,
93.0,35.0,0,151.4409766048193,-120.835083,1,-272.2760596048193
94.0,35.0,0,106.87666018307209,,0,
95.0,35.0,0,85.34640121844131,,0,
96.0,35.0,0,83.49251189897768,,0,
97.0,35.0,0,93.76582189381588,113.962898,1,20.197076106184113
98.0,35.0,0,103.85952014871873,,0,
99.0,35.0,0,103.74547665484715,,0,
100.0,35.0,0,87.5070978065487,,0,
101.0,35.0,0,53.01646493154112,248.217014,1,195.20054906845888
102.0,35.0,0,-0.7968842921545729,,0,
103.0,35.0,0,-73.66146948863752,,0,
104.0,35.0,0,-159.36042518896284,,0,
105.0,35.0,0,-249.10404641088098,-248.511585,1,0.5924614108809863
106.0,35.0,0,-332.6340897465125,,0,
107.0,35.0,0,-399.2417712085298,,0,
108.0,35.0,0,-442.8010361591587,,0,
109.0,35.0,0,-460.72195678338176,-530.716614,1,-69.9946572166183
110.0,35.0,0,-451.3692465746426,,0,
111.0,35.0,0,-414.6710481289774,,0,
112.0,35.0,0,-355.8959874664142,,0,
113.0,35.0,0,-283.48717032407876,-503.933456,1,-220.44628567592122
114.0,35.0,0,-206.96850055659888,,0,
115.0,35.0,0,-136.67033694701968,,0,
116.0,35.0,0,-85.69390334328637,,0,
117.0,35.0,0,-66.17187783139525,243.646419,1,309.8182968313953
118.0,35.0,0,-82.2172382765566,,0,
119.0,35.0,0,-116.66763166431338,,0,
120.0,35.0,0,-153.08451826800592,,0,
121.0,35.0,0,-175.7670522405533,-407.327937,1,-231.5608847594467
122.0,35.0,0,-178.35893626284087,,0,
123.0,35.0,0,-171.24084475729614,,0,
124.0,35.0,0,-161.22152194433147,,0,
125.0,35.0,0,-152.24212770408485,76.824764,1,229.06689170408487
126.0,35.0,0,-146.77250647975598,,0,
127.0,35.0,0,-146.16100672935136,,0,
128.0,35.0,0,-150.03412834886694,,0,
129.0,35.0,0,-157.35683614457957,-345.818799,1,-188.46196285542044
130.0,35.0,0,-167.16928950347938,,0,
131.0,35.0,0,-179.21183499577455,,0,
132.0,35.0,0,-194.1706968023209,,0,
133.0,35.0,0,-212.1268595326692,-319.557335,1,-107.43047546733084
134.0,35.0,0,-234.485626576934,,0,
135.0,35.0,0,-263.22414138237946,,0,
136.0,35.0,0,-293.8772204425768,,0,
137.0,35.0,0,-320.6136711977888,-276.115696,1,44.497975197788776
138.0,35.0,0,-340.0652475761599,,0,
139.0,35.0,0,-348.79136366955936,,0,
140.0,35.0,0,-346.23474052606616,,0,
141.0,35.0,0,-334.51190748391673,-392.145626,1,-57.63371851608326
142.0,35.0,0,-317.18559515092056,,0,
143.0,35.0,0,-296.9338790810434,,0,
144.0,35.0,0,-275.8272526373039,,0,
145.0,35.0,0,-253.2219814285636,-380.391994,1,-127.17001257143642
146.0,35.0,0,-227.12053802551236,,0,
147.0,35.0,0,-193.4211441844236,,0,
148.0,35.0,0,-150.84105522115715,,0,
149.0,35.0,0,-100.27506219083443,-81.975663,1,18.299399190834436
150.0,35.0,0,-43.87799840455409,,0,
151.0,35.0,0,15.338219973025844,,0,
152.0,35.0,0,75.07980370544828,,0,
153.0,35.0,0,131.3798737791367,486.663784,1,355.28391022086333
154.0,35.0,0,175.60511617886368,,0,
155.0,35.0,0,217.5900469822809,,0,
156.0,35.0,0,262.5203873977298,,0,
157.0,35.0,0,313.8767376940232,272.841764,1,-41.034973694023165
158.0,35.0,0,373.92504290142097,,0,
159.0,35.0,0,442.140706948936,,0,
160.0,35.0,0,514.0100346332183,,0,
161.0,35.0,0,581.9495368585922,716.609784,1,134.6602471414078
162.0,35.0,0,634.122996643302,,0,
163.0,35.0,0,664.1371195465326,,0,
164.0,35.0,0,667.1190680027939,,0,
165.0,35.0,0,645.2147423501592,785.433116,1,140.21837364984083
166.0,35.0,0,606.107858452946,,0,
167.0,35.0,0,557.9428783566691,,0,
168.0,35.0,0,501.87686623760965,,0,
169.0,35.0,0,435.93368283845484,204.11796,1,-231.81572283845483
170.0,35.0,0,361.71340639621485,,0,
171.0,35.0,0,282.50783612043597,,0,
172.0,35.0,0,194.88653821288608,,0,
173.0,35.0,0,101.31617316836491,-332.164282,1,-433.4804551683649
174.0,35.0,0,15.756002618931234,,0,
175.0,35.0,0,-67.53422686946578,,0,
176.0,35.0,0,-146.92732974130195,,0,
177.0,35.0,0,-215.65213011950254,-627.490375,1,-411.8382448804974
178.0,35.0,0,-260.29577708942816,,0,
179.0,35.0,0,-287.5925247017294,,0,
180.0,35.0,0,-298.7605110257864,,0,
181.0,35.0,0,-296.3511485790368,-405.170193,1,-108.81904442096317
182.0,35.0,0,-288.9216953867581,,0,
183.0,35.0,0,-283.7104871952906,,0,
184.0,35.0,0,-283.3359257808188,,0,
185.0,35.0,0,-284.99584751576185,-427.22277,1,-142.22692248423817
186.0,35.0,0,-281.5846005792264,,0,
187.0,35.0,0,-273.50884522357956,,0,
188.0,35.0,0,-260.62456850358285,,0,
189.0,35.0,0,-240.49164823442698,-458.236386,1,-217.744737765573
190.0,35.0,0,-207.5445672099013,,0,
191.0,35.0,0,-167.83738029608503,,0,
192.0,35.0,0,-123.41215381934308,,0,
193.0,35.0,0,-75.59073390765116,-351.680055,1,-276.0893210923488
194.0,35.0,0,-32.23529483866878,,0,
195.0,35.0,0,-0.9175814175978303,,0,
196.0,35.0,0,13.317461490863934,,0,
197.0,35.0,0,9.01257912768051,236.008321,1,226.99574187231948
198.0,35.0,0,-7.6526079007890075,,0,
199.0,35.0,0,-29.284702667500824,,0,
0.0,36.0,0,-587.2369922230719,-536.624651,1,50.612341223071894
1.0,36.0,0,-620.9734498100006,,0,
2.0,36.0,0,-645.8152068005875,,0,
3.0,36.0,0,-658.0436660470441,,0,
4.0,36.0,0,-653.9467584890081,-692.446868,1,-38.50010951099193
5.0,36.0,0,-632.5615733764134,,0,
6.0,36.0,0,-591.9855967387557,,0,
7.0,36.0,0,-528.2771674641408,,0,
8.0,36.0,0,-440.22123527445365,-573.710665,1,-133.4894297255463
9.0,36.0,0,-333.0763749522157,,0,
10.0,36.0,0,-214.25827026553452,,0,
11.0,36.0,0,-92.91107902256772,,0,
12.0,36.0,0,20.10302084486466,206.270598,1,186.16757715513535
13.0,36.0,0,111.7695402483223,,0,
14.0,36.0,0,179.45173325226642,,0,
15.0,36.0,0,219.31833988334984,,0,
16.0,36.0,0,227.95051221968606,362.574886,1,134.62437378031393
17.0,36.0,0,201.96236538363155,,0,
18.0,36.0,0,146.7072187839076,,0,
19.0,36.0,0,68.47102155722678,,0,
20.0,36.0,0,-23.90244262944907,-114.786115,1,-90.88367237055093
21.0,36.0,0,-120.20580863556825,,0,
22.0,36.0,0,-211.13532404741272,,0,
23.0,36.0,0,-291.8799095363356,,0,
24.0,36.0,0,-358.35434353433084,-466.926097,1,-108.57175346566919
25.0,36.0,0,-405.54799996793736,,0,
26.0,36.0,0,-435.21768354903907,,0,
27.0,36.0,0,-449.45378563553095,,0,
28.0,36.0,0,-451.5450564881321,-420.805513,1,30.739543488132085
29.0,36.0,0,-444.2423096705461,,0,
30.0,36.0,0,-429.9983404374216,,0,
31.0,36.0,0,-410.44304461288266,,0,
32.0,36.0,0,-387.56316773878643,-376.984278,1,10.578889738786415
33.0,36.0,0,-363.3210735229659,,0,
34.0,36.0,0,-337.8952339566313,,0,
35.0,36.0,0,-309.97584496741183,,0,
36.0,36.0,0,-277.531597312307,-437.964499,1,-160.432901687693
37.0,36.0,0,-236.8623233505059,,0,
38.0,36.0,0,-192.90826516994275,,0,
39.0,36.0,0,-149.290323860012,,0,
40.0,36.0,0,-110.79147351812571,2.836777,1,113.62825051812571
41.0,36.0,0,-84.8008983497275,,0,
42.0,36.0,0,-78.11185280350037,,0,
43.0,36.0,0,-92.72953108139336,,0,
44.0,36.0,0,-126.24265290511539,-77.05552,1,49.18713290511539
45.0,36.0,0,-170.25308145734016,,0,
46.0,36.0,0,-215.46553828858305,,0,
47.0,36.0,0,-256.28896785958204,,0,
48.0,36.0,0,-287.8673763415136,-485.093592,1,-197.2262156584864
49.0,36.0,0,-302.301018312166,,0,
50.0,36.0,0,-302.4801212612074,,0,
51.0,36.0,0,-292.44862364954315,,0,
52.0,36.0,0,-273.4349335996667,-404.684165,1,-131.24923140033331
53.0,36.0,0,-242.10730774741387,,0,
54.0,36.0,0,-201.3356022463122,,0,
55.0,36.0,0,-154.83962622191757,,0,
56.0,36.0,0,-105.5894654369913,-195.57796,1,-89.98849456300869
57.0,36.0,0,-56.03279152628966,,0,
58.0,36.0,0,-14.614941021427512,,0,
59.0,36.0,0,11.886002925864886,,0,
60.0,36.0,0,19.0688732835697,148.565363,1,129.4964897164303
61.0,36.0,0,7.548237505485304,,0,
62.0,36.0,0,-21.67452937894268,,0,
63.0,36.0,0,-67.5890413923189,,0,
64.0,36.0,0,-128.52476494433358,-137.965651,1,-9.440886055666425
65.0,36.0,0,-198.7713876758935,,0,
66.0,36.0,0,-271.8435345936159,,0,
67.0,36.0,0,-343.9154404216679,,0,
68.0,36.0,0,-411.4948860160075,-412.026209,1,-0.5313229839924816
69.0,36.0,0,-471.0086176942568,,0,
70.0,36.0,0,-519.5516730310919,,0,
71.0,36.0,0,-555.5465713890735,,0,
72.0,36.0,0,-578.5909020851832,-530.107349,1,48.48355308518319
73.0,36.0,0,-589.546126733534,,0,
74.0,36.0,0,-587.590374112362,,0,
75.0,36.0,0,-574.7124792576069,,0,
76.0,36.0,0,-552.7386047727196,-304.096047,1,248.64255777271956
77.0,36.0,0,-519.6506568372715,,0,
78.0,36.0,0,-472.3995598043766,,0,
79.0,36.0,0,-408.0473542456166,,0,
80.0,36.0,0,-324.42986018781085,-409.248538,1,-84.81867781218915
81.0,36.0,0,-222.48029002454132,,0,
82.0,36.0,0,-105.32542418219964,,0,
83.0,36.0,0,21.573830423440086,,0,
84.0,36.0,0,150.49274986423552,3.585826,1,-146.90692386423552
85.0,36.0,0,272.7700699607376,,0,
86.0,36.0,0,370.07586539884505,,0,
87.0,36.0,0,428.73557597008767,,0,
88.0,36.0,0,442.2239872367354,865.143946,1,422.9199587632646
89.0,36.0,0,405.41811596386833,,0,
90.0,36.0,0,339.57609289258835,,0,
91.0,36.0,0,264.18332987712347,,0,
92.0,36.0,0,196.33246709854575,-65.601056,1,-261.9335230985457
93.0,36.0,0,144.55074372678064,,0,
94.0,36.0,0,112.90585530590033,,0,
95.0,36.0,0,101.58826103317551,,0,
96.0,36.0,0,106.5351677244762,-84.4204,1,-190.9555677244762
97.0,36.0,0,122.68267349517555,,0,
98.0,36.0,0,133.87152562348638,,0,
99.0,36.0,0,128.260179014178,,0,
100.0,36.0,0,100.43806529056747,164.886159,1,64.44809370943253
101.0,36.0,0,52.66776559106074,,0,
102.0,36.0,0,-11.750245476941927,,0,
103.0,36.0,0,-89.39340718253516,,0,
104.0,36.0,0,-174.51285377622116,-188.43921,1,-13.92635622377884
105.0,36.0,0,-259.2907523222966,,0,
106.0,36.0,0,-335.6419074849109,,0,
107.0,36.0,0,-395.2525190060842,,0,
108.0,36.0,0,-431.7246498706518,-542.72636,1,-111.00171012934823
109.0,36.0,0,-442.1307828222634,,0,
110.0,36.0,0,-424.93744844337925,,0,
111.0,36.0,0,-380.4732433366589,,0,
112.0,36.0,0,-313.4731647328008,-445.754186,1,-132.2810212671992
113.0,36.0,0,-233.7613091095991,,0,
114.0,36.0,0,-152.95365868334193,,0,
115.0,36.0,0,-82.51008239737712,,0,
116.0,36.0,0,-34.44603352510603,321.705667,1,356.15170052510604
117.0,36.0,0,-24.33811811299529,,0,
118.0,36.0,0,-45.113408461242216,,0,
119.0,36.0,0,-83.37390898133162,,0,
120.0,36.0,0,-121.96384042495629,-538.513736,1,-416.5498955750437
121.0,36.0,0,-139.2459640436573,,0,
122.0,36.0,0,-139.80786109674955,,0,
123.0,36.0,0,-132.2668117719004,,0,
124.0,36.0,0,-124.59327146981377,69.097127,1,193.69039846981377
125.0,36.0,0,-120.88003039103933,,0,
126.0,36.0,0,-123.20489734027069,,0,
127.0,36.0,0,-132.32920234976336,,0,
128.0,36.0,0,-147.79944949160563,-266.953169,1,-119.15371950839437
129.0,36.0,0,-168.283181470586,,0,
130.0,36.0,0,-192.1683467424009,,0,
131.0,36.0,0,-217.65599309676327,,0,
132.0,36.0,0,-243.686462408863,-416.006337,1,-172.31987459113697
133.0,36.0,0,-271.5612735291943,,0,
134.0,36.0,0,-301.9598340317607,,0,
135.0,36.0,0,-333.48224828368984,,0,
136.0,36.0,0,-362.5959254532936,-186.516214,1,176.0797114532936
137.0,36.0,0,-386.06762237730436,,0,
138.0,36.0,0,-401.4615866584936,,0,
139.0,36.0,0,-406.8479013390606,,0,
140.0,36.0,0,-401.9517598300008,-456.755565,1,-54.80380516999918
141.0,36.0,0,-387.5914218086982,,0,
142.0,36.0,0,-367.8202955069719,,0,
143.0,36.0,0,-345.2459062268026,,0,
144.0,36.0,0,-320.3338817624608,-470.427199,1,-150.09331723753917
145.0,36.0,0,-289.63126587844454,,0,
146.0,36.0,0,-254.82129923754837,,0,
147.0,36.0,0,-213.42146391258575,,0,
148.0,36.0,0,-162.98686753655784,-196.108344,1,-33.12147646344215
149.0,36.0,0,-105.48136879387312,,0,
150.0,36.0,0,-43.93415590596851,,0,
151.0,36.0,0,18.599105167901143,,0,
152.0,36.0,0,79.26451410877053,370.383209,1,291.1186948912295
153.0,36.0,0,135.73483758117072,,0,
154.0,36.0,0,185.78748191625345,,0,
155.0,36.0,0,233.7276973039843,,0,
156.0,36.0,0,284.10509413154796,258.497636,1,-25.607458131547958
157.0,36.0,0,341.29178937897086,,0,
158.0,36.0,0,407.8762761524413,,0,
159.0,36.0,0,482.9326273777988,,0,
160.0,36.0,0,562.6224400831852,673.548848,1,110.92640791681481
161.0,36.0,0,642.1038974619005,,0,
162.0,36.0,0,711.2647032055538,,0,
163.0,36.0,0,755.6286802161485,,0,
164.0,36.0,0,763.3271082665306,1537.329998,1,774.0028897334694
165.0,36.0,0,742.1856507060584,,0,
166.0,36.0,0,702.4159190664068,,0,
167.0,36.0,0,650.0884093819186,,0,
168.0,36.0,0,587.5323053757893,611.932223,1,24.39991762421073
169.0,36.0,0,514.6645667415578,,0,
170.0,36.0,0,433.0698264746461,,0,
171.0,36.0,0,343.6056190833915,,0,
172.0,36.0,0,246.124160829233,-121.797238,1,-367.921398829233
173.0,36.0,0,146.1965331993997,,0,
174.0,36.0,0,52.180453585111536,,0,
175.0,36.0,0,-34.398303714580834,,0,
176.0,36.0,0,-110.8553694577422,-525.174489,1,-414.3191195422578
177.0,36.0,0,-173.3005310902372,,0,
178.0,36.0,0,-216.7310284411069,,0,
179.0,36.0,0,-242.16488072439097,,0,
180.0,36.0,0,-249.92601197748445,-478.55348,1,-228.62746802251553
181.0,36.0,0,-241.37667141808197,,0,
182.0,36.0,0,-229.15304708865006,,0,
183.0,36.0,0,-219.36483450653031,,0,
184.0,36.0,0,-213.2471658407012,-380.10328,1,-166.85611415929878
185.0,36.0,0,-207.99215179448947,,0,
186.0,36.0,0,-199.3288777533453,,0,
187.0,36.0,0,-186.40595622966066,,0,
188.0,36.0,0,-168.91666178242303,-283.221882,1,-114.30522021757696
189.0,36.0,0,-144.53143423656002,,0,
190.0,36.0,0,-111.03549537714571,,0,
191.0,36.0,0,-71.40350154927,,0,
192.0,36.0,0,-27.524508704198524,-333.619033,1,-306.0945242958015
193.0,36.0,0,23.638464115094393,,0,
194.0,36.0,0,69.22224839171395,,0,
195.0,36.0,0,100.18398533342406,,0,
196.0,36.0,0,109.8741644427646,352.227622,1,242.3534575572354
197.0,36.0,0,95.7023209859617,,0,
198.0,36.0,0,69.5674320445396,,0,
199.0,36.0,0,38.96585786482319,,0,
0.0,37.0,0,-569.5987936407328,,0,
1.0,37.0,0,-605.7772492757067,,0,
2.0,37.0,0,-633.5896464765538,,0,
3.0,37.0,0,-649.359955684049,-788.480629,1,-139.12067331595097
4.0,37.0,0,-647.4931183720473,,0,
5.0,37.0,0,-629.1443529925309,,0,
6.0,37.0,0,-591.487587667245,,0,
7.0,37.0,0,-529.2062191220466,-701.457457,1,-172.25123787795337
8.0,37.0,0,-440.00831688474864,,0,
9.0,37.0,0,-332.8535761469975,,0,
10.0,37.0,0,-215.6265102091711,,0,
11.0,37.0,0,-96.99478777172044,4.047727,1,101.04251477172043
12.0,37.0,0,12.718216286273673,,0,
13.0,37.0,0,103.52307913801633,,0,
14.0,37.0,0,170.32254651066614,,0,
15.0,37.0,0,209.39595850661863,375.293924,1,165.89796549338138
16.0,37.0,0,217.0797185273841,,0,
17.0,37.0,0,191.83660058584064,,0,
18.0,37.0,0,137.36933938693255,,0,
19.0,37.0,0,60.47867472539656,33.171201,1,-27.307473725396555
20.0,37.0,0,-28.019485799595714,,0,
21.0,37.0,0,-118.51309975911863,,0,
22.0,37.0,0,-203.43155288905837,,0,
23.0,37.0,0,-277.8799932904076,-382.757425,1,-104.87743170959243
24.0,37.0,0,-337.9300730144605,,0,
25.0,37.0,0,-380.9815426636487,,0,
26.0,37.0,0,-407.9909314887482,,0,
27.0,37.0,0,-421.34792548790574,-351.600968,1,69.74695748790572
28.0,37.0,0,-424.8398074558936,,0,
29.0,37.0,0,-419.01473003439605,,0,
30.0,37.0,0,-404.84830017515924,,0,
31.0,37.0,0,-383.53334857011214,-406.014384,1,-22.481035429887868
32.0,37.0,0,-357.9800659432076,,0,
33.0,37.0,0,-330.51471016043797,,0,
34.0,37.0,0,-301.0206325511681,,0,
35.0,37.0,0,-267.8608215721324,-407.446934,1,-139.5861124278676
36.0,37.0,0,-229.94280257890932,,0,
37.0,37.0,0,-186.3889136291109,,0,
38.0,37.0,0,-139.07800542528275,,0,
39.0,37.0,0,-90.47511395765468,-143.616319,1,-53.14120504234532
40.0,37.0,0,-45.35251859109849,,0,
41.0,37.0,0,-11.990732007659972,,0,
42.0,37.0,0,2.662308412604034,,0,
43.0,37.0,0,-5.895746444555698,144.841732,1,150.7374784445557
44.0,37.0,0,-37.40616025275085,,0,
45.0,37.0,0,-81.15781171945855,,0,
46.0,37.0,0,-127.73440152753028,,0,
47.0,37.0,0,-169.64349476777716,-373.887661,1,-204.24416623222282
48.0,37.0,0,-203.1443616738543,,0,
49.0,37.0,0,-224.58140530297533,,0,
50.0,37.0,0,-234.45788681821432,,0,
51.0,37.0,0,-235.03792852605693,-237.845079,1,-2.807150473943068
52.0,37.0,0,-226.70863523997832,,0,
53.0,37.0,0,-208.2598132258281,,0,
54.0,37.0,0,-180.72430845396593,,0,
55.0,37.0,0,-145.72162653133273,-282.144579,1,-136.4229524686673
56.0,37.0,0,-104.78616446163505,,0,
57.0,37.0,0,-60.97036269423552,,0,
58.0,37.0,0,-21.34943606320303,,0,
59.0,37.0,0,5.747310044476762,211.018873,1,205.27156295552325
60.0,37.0,0,13.607701840810478,,0,
61.0,37.0,0,6.832103505264968,,0,
62.0,37.0,0,-13.69467308971798,,0,
63.0,37.0,0,-49.23906636395259,94.019502,1,143.25856836395258
64.0,37.0,0,-102.22171564749442,,0,
65.0,37.0,0,-166.7369403691264,,0,
66.0,37.0,0,-237.45320742652984,,0,
67.0,37.0,0,-308.79788900725543,-261.837431,1,46.960458007255454
68.0,37.0,0,-375.80387556983624,,0,
69.0,37.0,0,-434.98994401597884,,0,
70.0,37.0,0,-484.16330789602944,,0,
71.0,37.0,0,-521.9887403359171,-427.142278,1,94.84646233591712
72.0,37.0,0,-548.0451411528047,,0,
73.0,37.0,0,-562.425354921259,,0,
74.0,37.0,0,-564.6911661229678,,0,
75.0,37.0,0,-555.5003302471887,-435.971512,1,119.52881824718867
76.0,37.0,0,-537.3483147351071,,0,
77.0,37.0,0,-505.4565131434938,,0,
78.0,37.0,0,-456.14745820600365,,0,
79.0,37.0,0,-386.7403752169339,-463.035939,1,-76.29556378306609
80.0,37.0,0,-294.6936030216748,,0,
81.0,37.0,0,-182.94901411433239,,0,
82.0,37.0,0,-56.25322841235902,,0,
83.0,37.0,0,77.3756752727204,-98.976752,1,-176.3524272727204
84.0,37.0,0,208.33123028103728,,0,
85.0,37.0,0,325.3216464978177,,0,
86.0,37.0,0,410.83444658450026,,0,
87.0,37.0,0,449.10575369140133,889.577249,1,440.4714953085987
88.0,37.0,0,439.33843829180114,,0,
89.0,37.0,0,387.3761938906973,,0,
90.0,37.0,0,311.0119392647175,,0,
91.0,37.0,0,232.07819219428347,-40.087006,1,-272.16519819428345
92.0,37.0,0,171.19895961374277,,0,
93.0,37.0,0,131.33174731128383,,0,
94.0,37.0,0,114.23842551000416,,0,
95.0,37.0,0,116.8676279373467,-272.542204,1,-389.4098319373467
96.0,37.0,0,132.78652153804433,,0,
97.0,37.0,0,153.28496393750538,,0,
98.0,37.0,0,164.0208491482772,,0,
99.0,37.0,0,151.65191114941263,354.463651,1,202.8117398505874
100.0,37.0,0,110.98569041892188,,0,
101.0,37.0,0,50.98008850333281,,0,
102.0,37.0,0,-22.201850277007907,,0,
103.0,37.0,0,-103.46804639906622,-162.865852,1,-59.397805600933765
104.0,37.0,0,-187.15401124907658,,0,
105.0,37.0,0,-266.97107041074196,,0,
106.0,37.0,0,-336.68747778149555,,0,
107.0,37.0,0,-389.90134580951417,-460.286773,1,-70.38542719048581
108.0,37.0,0,-419.6937567613495,,0,
109.0,37.0,0,-423.9321489362046,,0,
110.0,37.0,0,-400.61848710413324,,0,
111.0,37.0,0,-349.4771891551791,-425.122359,1,-75.64516984482094
112.0,37.0,0,-274.95064601907507,,0,
113.0,37.0,0,-189.2734043173259,,0,
114.0,37.0,0,-106.41724375641206,,0,
115.0,37.0,0,-40.27970558672678,246.490291,1,286.7699965867268
116.0,37.0,0,-0.35739154028124176,,0,
117.0,37.0,0,7.1216991590335965,,0,
118.0,37.0,0,-12.660962082823971,,0,
119.0,37.0,0,-47.5804260042496,-304.517491,1,-256.9370649957504
120.0,37.0,0,-80.92563584982418,,0,
121.0,37.0,0,-98.07840763509739,,0,
122.0,37.0,0,-99.22033939894754,,0,
123.0,37.0,0,-92.61899150302634,-10.280429,1,82.33856250302634
124.0,37.0,0,-88.25808809307637,,0,
125.0,37.0,0,-90.0483338291524,,0,
126.0,37.0,0,-100.23463809955865,,0,
127.0,37.0,0,-118.81625214731321,-101.931554,1,16.884698147313202
128.0,37.0,0,-145.03909093502443,,0,
129.0,37.0,0,-177.3619318380952,,0,
130.0,37.0,0,-213.9645082517527,,0,
131.0,37.0,0,-252.1037844181992,-377.572685,1,-125.46890058180077
132.0,37.0,0,-288.8191613376839,,0,
133.0,37.0,0,-327.02548947231844,,0,
134.0,37.0,0,-365.76040855579777,,0,
135.0,37.0,0,-401.2135534756817,-451.133211,1,-49.919657524318325
136.0,37.0,0,-429.8237676877179,,0,
137.0,37.0,0,-450.37123348598834,,0,
138.0,37.0,0,-461.21832089009695,,0,
139.0,37.0,0,-461.3928324653534,-451.890087,1,9.502745465353428
140.0,37.0,0,-451.4217102691764,,0,
141.0,37.0,0,-433.20832225179765,,0,
142.0,37.0,0,-409.88538087089546,,0,
143.0,37.0,0,-383.2814255103003,-367.385306,1,15.89611951030031
144.0,37.0,0,-353.17245826264843,,0,
145.0,37.0,0,-318.522253054427,,0,
146.0,37.0,0,-279.8873593303142,,0,
147.0,37.0,0,-235.56551483971998,-385.755681,1,-150.19016616028
148.0,37.0,0,-181.25816600432154,,0,
149.0,37.0,0,-121.43971321568824,,0,
150.0,37.0,0,-59.311875167884864,,0,
151.0,37.0,0,2.204824071144685,109.412543,1,107.20771892885531
152.0,37.0,0,59.4625034830533,,0,
153.0,37.0,0,114.34986585122533,,0,
154.0,37.0,0,167.71092205448076,,0,
155.0,37.0,0,220.92917158803903,317.057113,1,96.12794141196099
156.0,37.0,0,274.98122824099846,,0,
157.0,37.0,0,335.50386960897595,,0,
158.0,37.0,0,405.3478601692477,,0,
159.0,37.0,0,484.1666679242626,657.886577,1,173.7199090757374
160.0,37.0,0,568.3555934671313,,0,
161.0,37.0,0,658.7198576345108,,0,
162.0,37.0,0,745.762913642684,,0,
163.0,37.0,0,810.3812320849393,1643.280504,1,832.8992719150608
164.0,37.0,0,827.6007733818842,,0,
165.0,37.0,0,816.2659853389487,,0,
166.0,37.0,0,783.9624802987091,,0,
167.0,37.0,0,735.4306825427338,1024.967199,1,289.5365164572661
168.0,37.0,0,674.1065791804576,,0,
169.0,37.0,0,601.305654840311,,0,
170.0,37.0,0,518.3221550823655,,0,
171.0,37.0,0,426.4206361162942,533.336884,1,106.91624788370586
172.0,37.0,0,325.75244211638346,,0,
173.0,37.0,0,223.39149316679686,,0,
174.0,37.0,0,125.60228160070255,,0,
175.0,37.0,0,37.30946913920343,-166.107671,1,-203.41714013920344
176.0,37.0,0,-34.16239847021643,,0,
177.0,37.0,0,-90.67076030001044,,0,
178.0,37.0,0,-131.49770630523562,,0,
179.0,37.0,0,-155.5764002634678,-418.626019,1,-263.0496187365322
180.0,37.0,0,-158.32035841187462,,0,
181.0,37.0,0,-148.9299468549434,,0,
182.0,37.0,0,-136.37790911237244,,0,
183.0,37.0,0,-125.15301497513428,-308.83103,1,-183.67801502486572
184.0,37.0,0,-116.20183792617172,,0,
185.0,37.0,0,-107.08690792694688,,0,
186.0,37.0,0,-94.52858752943575,,0,
187.0,37.0,0,-77.58958472451195,-73.389442,1,4.200142724511949
188.0,37.0,0,-56.105549791129306,,0,
189.0,37.0,0,-28.571790531743318,,0,
190.0,37.0,0,6.070960800163448,,0,
191.0,37.0,0,46.54167072707787,-166.050596,1,-212.59226672707788
192.0,37.0,0,91.33314896095544,,0,
193.0,37.0,0,138.20480588730425,,0,
194.0,37.0,0,178.3676947497297,,0,
195.0,37.0,0,202.63191813556477,439.073607,1,236.4416888644352
196.0,37.0,0,200.9344991487451,,0,
197.0,37.0,0,178.3620264963247,,0,
198.0,37.0,0,143.8563376502134,,0,
199.0,37.0,0,104.96280870679766,129.05934,1,24.096531293202332
0.0,38.0,0,-535.1501275748014,,0,
1.0,38.0,0,-572.0072569167241,,0,
2.0,38.0,0,-600.3313878893387,-693.659574,1,-93.32818611066136
3.0,38.0,0,-616.6701372475363,,0,
4.0,38.0,0,-617.8291437036823,,0,
5.0,38.0,0,-603.2588527943008,,0,
6.0,38.0,0,-570.1023403629661,-788.577151,1,-218.4748106370339
7.0,38.0,0,-509.9779814002686,,0,
8.0,38.0,0,-426.1308640432544,,0,
9.0,38.0,0,-324.59049441758543,,0,
10.0,38.0,0,-213.21010494185612,-301.722892,1,-88.51278705814389
11.0,38.0,0,-100.65462884574663,,0,
12.0,38.0,0,3.9444657750427723,,0,
13.0,38.0,0,92.06314679631032,,0,
14.0,38.0,0,157.3181298802374,266.949605,1,109.63147511976263
15.0,38.0,0,195.14888635184616,,0,
16.0,38.0,0,201.87534859636799,,0,
17.0,38.0,0,176.67322902102023,,0,
18.0,38.0,0,123.40720041783061,242.387796,1,118.9805955821694
19.0,38.0,0,47.810346997575834,,0,
20.0,38.0,0,-37.30880440399051,,0,
21.0,38.0,0,-122.17077001556754,,0,
22.0,38.0,0,-200.35595902364003,-180.980207,1,19.37575202364002
23.0,38.0,0,-267.98870500642806,,0,
24.0,38.0,0,-321.8041680334136,,0,
25.0,38.0,0,-360.80580499442294,,0,
26.0,38.0,0,-386.13394505216274,-241.979423,1,144.15452205216275
27.0,38.0,0,-399.27725657168776,,0,
28.0,38.0,0,-402.33552488835994,,0,
29.0,38.0,0,-396.2614246956073,,0,
30.0,38.0,0,-381.11779492453206,-459.181746,1,-78.06395107546791
31.0,38.0,0,-356.52052398223896,,0,
32.0,38.0,0,-326.9360788585618,,0,
33.0,38.0,0,-295.15094352466986,,0,
34.0,38.0,0,-260.8797815790749,-344.649181,1,-83.76939942092508
35.0,38.0,0,-221.389219875884,,0,
36.0,38.0,0,-178.0024643081706,,0,
37.0,38.0,0,-131.20904912240803,,0,
38.0,38.0,0,-81.47779871933744,-215.828422,1,-134.35062328066255
39.0,38.0,0,-28.23296858021058,,0,
40.0,38.0,0,21.35072819958441,,0,
41.0,38.0,0,60.261230886448175,,0,
42.0,38.0,0,81.5573249590816,256.005983,1,174.44865804091842
43.0,38.0,0,77.36789770261385,,0,
44.0,38.0,0,51.799089531297795,,0,
45.0,38.0,0,12.252987643703818,,0,
46.0,38.0,0,-32.75877630250761,-232.765981,1,-200.0072046974924
47.0,38.0,0,-73.09608690161258,,0,
48.0,38.0,0,-109.05512444744818,,0,
49.0,38.0,0,-138.09399322443642,,0,
50.0,38.0,0,-158.38537718373118,-282.667237,1,-124.28185981626882
51.0,38.0,0,-171.0929975208128,,0,
52.0,38.0,0,-176.61170197301544,,0,
53.0,38.0,0,-174.22827173036058,,0,
54.0,38.0,0,-163.5821965703508,-253.168275,1,-89.5860784296492
55.0,38.0,0,-143.65414759272244,,0,
56.0,38.0,0,-114.77142436383292,,0,
57.0,38.0,0,-79.99047718266957,,0,
58.0,38.0,0,-45.82409652171191,111.99127,1,157.8153665217119
59.0,38.0,0,-22.55512466741493,,0,
60.0,38.0,0,-11.530973342130892,,0,
61.0,38.0,0,-11.518682446680032,,0,
62.0,38.0,0,-22.634134483145317,9.230123,1,31.864257483145316
63.0,38.0,0,-47.80087709042709,,0,
64.0,38.0,0,-88.80993682635017,,0,
65.0,38.0,0,-144.52179680461995,,0,
66.0,38.0,0,-210.99828513828106,-93.668721,1,117.32956413828106
67.0,38.0,0,-279.69192231143825,,0,
68.0,38.0,0,-343.81172028242145,,0,
69.0,38.0,0,-400.261472905986,,0,
70.0,38.0,0,-447.93578324285045,-421.000978,1,26.934805242850473
71.0,38.0,0,-485.70125084358733,,0,
72.0,38.0,0,-513.0011500860564,,0,
73.0,38.0,0,-529.8001178641571,,0,
74.0,38.0,0,-536.0287366599077,-562.265714,1,-26.236977340092267
75.0,38.0,0,-531.4115029531531,,0,
76.0,38.0,0,-515.8047239079606,,0,
77.0,38.0,0,-484.7631750701694,,0,
78.0,38.0,0,-433.4670795255952,-521.565276,1,-88.09819647440486
79.0,38.0,0,-359.4855235052528,,0,
80.0,38.0,0,-262.1021602010587,,0,
81.0,38.0,0,-143.49903174850624,,0,
82.0,38.0,0,-9.041907183840522,-277.022313,1,-267.9804058161595
83.0,38.0,0,129.10207834129687,,0,
84.0,38.0,0,258.21766223886516,,0,
85.0,38.0,0,366.65811261732597,,0,
86.0,38.0,0,439.395923842123,998.949621,1,559.553697157877
87.0,38.0,0,455.21329243358923,,0,
88.0,38.0,0,425.5763228025753,,0,
89.0,38.0,0,361.12979246117175,,0,
90.0,38.0,0,278.87932003918104,165.783498,1,-113.09582203918103
91.0,38.0,0,201.65992562050815,,0,
92.0,38.0,0,144.23048948973883,,0,
93.0,38.0,0,113.79940614104271,,0,
94.0,38.0,0,111.67281045245181,-299.188174,1,-410.8609844524518
95.0,38.0,0,129.32490493298974,,0,
96.0,38.0,0,155.71201748691965,,0,
97.0,38.0,0,179.69860247668112,,0,
98.0,38.0,0,188.12375737697585,485.665283,1,297.54152562302414
99.0,38.0,0,165.0848991702369,,0,
100.0,38.0,0,114.72961520956596,,0,
101.0,38.0,0,45.45024771091994,,0,
102.0,38.0,0,-34.32655403876561,-96.427644,1,-62.10108996123439
103.0,38.0,0,-117.89416575012729,,0,
104.0,38.0,0,-199.49575390084647,,0,
105.0,38.0,0,-274.02075694609084,,0,
106.0,38.0,0,-336.8039873215894,-317.0875,1,19.716487321589398
107.0,38.0,0,-383.2248308105336,,0,
108.0,38.0,0,-407.8576809465885,,0,
109.0,38.0,0,-407.43938837677706,,0,
110.0,38.0,0,-379.4235567062278,-479.173639,1,-99.75008229377215
111.0,38.0,0,-321.8710636179894,,0,
112.0,38.0,0,-242.23841414792696,,0,
113.0,38.0,0,-152.67052852496272,,0,
114.0,38.0,0,-68.5400052528712,160.802792,1,229.3427972528712
115.0,38.0,0,-7.72492442233488,,0,
116.0,38.0,0,26.347690911003156,,0,
117.0,38.0,0,32.55345029907767,,0,
118.0,38.0,0,15.81521406743559,78.946262,1,63.131047932564414
119.0,38.0,0,-14.303737050620839,,0,
120.0,38.0,0,-43.216478124726564,,0,
121.0,38.0,0,-59.879675057774875,,0,
122.0,38.0,0,-61.757245490909554,-63.352492,1,-1.595246509090444
123.0,38.0,0,-56.74511609657202,,0,
124.0,38.0,0,-54.35859731369419,,0,
125.0,38.0,0,-60.612764600198716,,0,
126.0,38.0,0,-78.19809167511994,209.668409,1,287.86650067511994
127.0,38.0,0,-104.94364858814515,,0,
128.0,38.0,0,-138.87729516089894,,0,
129.0,38.0,0,-179.23658482567407,,0,
130.0,38.0,0,-224.74119130382314,-316.451248,1,-91.71005669617688
131.0,38.0,0,-271.42227097181603,,0,
132.0,38.0,0,-318.9255524800392,,0,
133.0,38.0,0,-367.3674815399572,,0,
134.0,38.0,0,-414.9006532627973,-548.807537,1,-133.90688373720275
135.0,38.0,0,-455.0793289130088,,0,
136.0,38.0,0,-486.15155337168835,,0,
137.0,38.0,0,-505.7645878449548,,0,
138.0,38.0,0,-513.2884885380045,-539.397372,1,-26.10888346199556
139.0,38.0,0,-508.67664946697187,,0,
140.0,38.0,0,-493.5998800682137,,0,
141.0,38.0,0,-470.9065087796189,,0,
142.0,38.0,0,-443.9936449562665,-382.607761,1,61.385883956266525
143.0,38.0,0,-413.43645720672794,,0,
144.0,38.0,0,-379.1113248652546,,0,
145.0,38.0,0,-341.6048171832226,,0,
146.0,38.0,0,-301.263126836624,-501.627721,1,-200.364594163376
147.0,38.0,0,-255.46533197676763,,0,
148.0,38.0,0,-202.40076508093625,,0,
149.0,38.0,0,-144.96209056163207,,0,
150.0,38.0,0,-86.60078460141085,-64.382337,1,22.218447601410844
151.0,38.0,0,-30.471000011544675,,0,
152.0,38.0,0,22.51735271292273,,0,
153.0,38.0,0,74.63639611937106,,0,
154.0,38.0,0,128.05526887928136,192.62295,1,64.56768112071865
155.0,38.0,0,182.0082162960898,,0,
156.0,38.0,0,236.95629435847513,,0,
157.0,38.0,0,296.4781107341405,,0,
158.0,38.0,0,363.4228851032676,443.890781,1,80.46789589673239
159.0,38.0,0,437.740842084866,,0,
160.0,38.0,0,522.5787568511441,,0,
161.0,38.0,0,619.0675329952501,,0,
162.0,38.0,0,717.2967318627052,1029.284353,1,311.9876211372948
163.0,38.0,0,792.7729226511437,,0,
164.0,38.0,0,836.2042786857346,,0,
165.0,38.0,0,849.6720685758628,,0,
166.0,38.0,0,834.4899657535134,1685.667824,1,851.1778582464867
167.0,38.0,0,798.0584832532331,,0,
168.0,38.0,0,746.0661191490944,,0,
169.0,38.0,0,680.1712517514825,,0,
170.0,38.0,0,601.2582636973821,1003.470911,1,402.21264730261794
171.0,38.0,0,512.0993581842631,,0,
172.0,38.0,0,415.4838470784016,,0,
173.0,38.0,0,316.6158557292074,,0,
174.0,38.0,0,222.07864464761224,121.342562,1,-100.73608264761224
175.0,38.0,0,138.72433017427102,,0,
176.0,38.0,0,71.79864572617225,,0,
177.0,38.0,0,21.312577513977885,,0,
178.0,38.0,0,-13.375799750443548,-83.229452,1,-69.85365224955645
179.0,38.0,0,-31.550862656207755,,0,
180.0,38.0,0,-33.17514925543219,,0,
181.0,38.0,0,-25.31167080369778,,0,
182.0,38.0,0,-15.773787384619936,-89.737349,1,-73.96356161538006
183.0,38.0,0,-6.2834576619789,,0,
184.0,38.0,0,1.5968173290602863,,0,
185.0,38.0,0,10.799748544115573,,0,
186.0,38.0,0,25.469720103777945,-145.612339,1,-171.08205910377794
187.0,38.0,0,44.97418838227168,,0,
188.0,38.0,0,68.43510614312254,,0,
189.0,38.0,0,97.05314942495897,,0,
190.0,38.0,0,132.1347312873695,115.848864,1,-16.2858672873695
191.0,38.0,0,172.41163395019248,,0,
192.0,38.0,0,214.8180664726533,,0,
193.0,38.0,0,254.2359730214812,,0,
194.0,38.0,0,282.46470212750137,530.54232,1,248.07761787249865
195.0,38.0,0,293.0118444194086,,0,
196.0,38.0,0,281.21037374972366,,0,
197.0,38.0,0,250.3146699196659,,0,
198.0,38.0,0,208.16014878475107,613.557916,1,405.3977672152489
199.0,38.0,0,162.01160717383027,,0,
0.0,39.0,0,-483.14997165091336,,0,
1.0,39.0,0,-519.013241852168,-553.379658,1,-34.366416147831956
2.0,39.0,0,-546.1074876368511,,0,
3.0,39.0,0,-561.8508616890758,,0,
4.0,39.0,0,-563.9649973008782,,0,
5.0,39.0,0,-551.3925126011018,-658.440099,1,-107.04758639889826
6.0,39.0,0,-521.4471555032069,,0,
7.0,39.0,0,-469.88975159963593,,0,
8.0,39.0,0,-396.7833187277429,,0,
9.0,39.0,0,-305.30049252836034,-533.523441,1,-228.2229484716397
10.0,39.0,0,-203.38965314929374,,0,
11.0,39.0,0,-99.65974624897353,,0,
12.0,39.0,0,-2.174872392322868,,0,
13.0,39.0,0,81.10564647661522,99.364607,1,18.258960523384786
14.0,39.0,0,143.07038910221308,,0,
15.0,39.0,0,178.93737523199525,,0,
16.0,39.0,0,184.17170718126,,0,
17.0,39.0,0,156.59016048489138,367.131119,1,210.54095851510863
18.0,39.0,0,101.84062862908468,,0,
19.0,39.0,0,28.19919146411121,,0,
20.0,39.0,0,-53.34670213679783,,0,
21.0,39.0,0,-132.64824407570995,-182.391574,1,-49.74332992429004
22.0,39.0,0,-204.41764924439485,,0,
23.0,39.0,0,-265.43593312159646,,0,
24.0,39.0,0,-313.5109891728498,,0,
25.0,39.0,0,-348.46527866553515,-282.848982,1,65.61629666553517
26.0,39.0,0,-372.2005244069733,,0,
27.0,39.0,0,-384.2676891637966,,0,
28.0,39.0,0,-385.84388228703756,,0,
29.0,39.0,0,-378.04885208792984,-396.508781,1,-18.459928912070154
30.0,39.0,0,-360.02077646084945,,0,
31.0,39.0,0,-331.82147454161895,,0,
32.0,39.0,0,-297.2525910269469,,0,
33.0,39.0,0,-260.18275724118575,-155.638654,1,104.54410324118575
34.0,39.0,0,-219.69903519225772,,0,
35.0,39.0,0,-174.62542680616025,,0,
36.0,39.0,0,-126.23514518537559,,0,
37.0,39.0,0,-75.34087977535091,-225.620654,1,-150.2797742246491
38.0,39.0,0,-21.944379005988594,,0,
39.0,39.0,0,32.9335104112979,,0,
40.0,39.0,0,84.23613174748607,,0,
41.0,39.0,0,125.59736377070658,254.189281,1,128.59191722929341
42.0,39.0,0,150.32574251526967,,0,
43.0,39.0,0,153.25858949893154,,0,
44.0,39.0,0,136.112915975973,,0,
45.0,39.0,0,104.7183243855834,112.110772,1,7.3924476144165965
46.0,39.0,0,66.04194435407408,,0,
47.0,39.0,0,25.83250827365555,,0,
48.0,39.0,0,-14.350259824190289,,0,
49.0,39.0,0,-51.83846858353354,-149.148354,1,-97.30988541646647
50.0,39.0,0,-82.69443082995713,,0,
51.0,39.0,0,-109.12332762789447,,0,
52.0,39.0,0,-131.21405098272953,,0,
53.0,39.0,0,-147.089862080873,-64.386221,1,82.70364108087298
54.0,39.0,0,-155.6663113985851,,0,
55.0,39.0,0,-152.83963316079462,,0,
56.0,39.0,0,-138.15408697188832,,0,
57.0,39.0,0,-115.06399012589827,-90.90407,1,24.159920125898267
58.0,39.0,0,-89.80736725521274,,0,
59.0,39.0,0,-68.75871838693274,,0,
60.0,39.0,0,-54.10416975652333,,0,
61.0,39.0,0,-46.76612957310863,-42.874084,1,3.892045573108625
62.0,39.0,0,-48.44062599670724,,0,
63.0,39.0,0,-61.8406546365004,,0,
64.0,39.0,0,-90.14713047118858,,0,
65.0,39.0,0,-135.6943755466491,88.540592,1,224.2349675466491
66.0,39.0,0,-196.91871876112418,,0,
67.0,39.0,0,-260.2001059643226,,0,
68.0,39.0,0,-318.2148602840025,,0,
69.0,39.0,0,-368.56621798232663,-314.73466,1,53.831557982326615
70.0,39.0,0,-411.79030768587836,,0,
71.0,39.0,0,-446.58885608962737,,0,
72.0,39.0,0,-472.63178788207006,,0,
73.0,39.0,0,-489.878336981521,-548.60049,1,-58.72215301847905
74.0,39.0,0,-498.55178151020664,,0,
75.0,39.0,0,-497.9256964568631,,0,
76.0,39.0,0,-485.45989258610643,,0,
77.0,39.0,0,-455.96691130066756,-526.952996,1,-70.98608469933242
78.0,39.0,0,-403.64080452904454,,0,
79.0,39.0,0,-326.86330875055864,,0,
80.0,39.0,0,-225.39394283411093,,0,
81.0,39.0,0,-102.3923421165673,-340.396524,1,-238.0041818834327
82.0,39.0,0,37.979127509956015,,0,
83.0,39.0,0,176.69391734112287,,0,
84.0,39.0,0,298.20934837142704,,0,
85.0,39.0,0,390.9142495604465,1029.974526,1,639.0602764395535
86.0,39.0,0,442.8912753104669,,0,
87.0,39.0,0,445.13578290492296,,0,
88.0,39.0,0,403.76591466204263,,0,
89.0,39.0,0,330.9461236568168,371.594136,1,40.64801234318321
90.0,39.0,0,246.51997749361908,,0,
91.0,39.0,0,170.80559816252207,,0,
92.0,39.0,0,117.61772154070786,,0,
93.0,39.0,0,95.57036712986883,-216.824286,1,-312.39465312986886
94.0,39.0,0,108.2167638160463,,0,
95.0,39.0,0,138.95547720754985,,0,
96.0,39.0,0,173.3973460198613,,0,
97.0,39.0,0,197.74609353151754,366.544565,1,168.79847146848243
98.0,39.0,0,199.62424323454616,,0,
99.0,39.0,0,170.08683189711883,,0,
100.0,39.0,0,112.18767010825104,,0,
101.0,39.0,0,35.416678042151034,12.626755,1,-22.789923042151035
102.0,39.0,0,-49.503040395939024,,0,
103.0,39.0,0,-134.3594622828532,,0,
104.0,39.0,0,-213.13583011453738,,0,
105.0,39.0,0,-282.0187364812882,-274.336347,1,7.682389481288226
106.0,39.0,0,-338.0346491978271,,0,
107.0,39.0,0,-377.97226278751623,,0,
108.0,39.0,0,-397.85668893912225,,0,
109.0,39.0,0,-393.4808708464261,-437.869992,1,-44.38912115357391
110.0,39.0,0,-361.10820272768615,,0,
111.0,39.0,0,-299.89727922983,,0,
112.0,39.0,0,-216.75796600675676,,0,
113.0,39.0,0,-125.34353069670033,-101.814177,1,23.529353696700326
114.0,39.0,0,-42.36561761389021,,0,
115.0,39.0,0,17.441207301220857,,0,
116.0,39.0,0,48.85112741292687,,0,
117.0,39.0,0,53.581642118282616,373.189577,1,319.60793488171737
118.0,39.0,0,37.991324103146326,,0,
119.0,39.0,0,12.011958889313973,,0,
120.0,39.0,0,-12.944704914989416,,0,
121.0,39.0,0,-28.5224484744831,-235.037922,1,-206.5154735255169
122.0,39.0,0,-29.55967148160562,,0,
123.0,39.0,0,-25.754474661545828,,0,
124.0,39.0,0,-25.601637125597335,,0,
125.0,39.0,0,-35.620584505843,143.778213,1,179.398797505843
126.0,39.0,0,-59.58243960223626,,0,
127.0,39.0,0,-91.09983598673716,,0,
128.0,39.0,0,-127.93467995617539,,0,
129.0,39.0,0,-170.55912779725622,-120.553274,1,50.00585379725622
130.0,39.0,0,-219.18888231832534,,0,
131.0,39.0,0,-272.44944599375594,,0,
132.0,39.0,0,-328.52964207931655,,0,
133.0,39.0,0,-384.7644748541061,-530.651386,1,-145.88691114589392
134.0,39.0,0,-439.14737426972715,,0,
135.0,39.0,0,-487.4903215318918,,0,
136.0,39.0,0,-524.6288802304771,,0,
137.0,39.0,0,-545.4571290209424,-845.288068,1,-299.8309389790576
138.0,39.0,0,-551.8128498699516,,0,
139.0,39.0,0,-545.5120966024697,,0,
140.0,39.0,0,-527.7124423439382,,0,
141.0,39.0,0,-501.58741496200673,-381.433572,1,120.1538429620067
142.0,39.0,0,-472.51781603624113,,0,
143.0,39.0,0,-439.25758991390467,,0,
144.0,39.0,0,-402.2450184421614,,0,
145.0,39.0,0,-363.0780531466007,-256.998433,1,106.07962014660075
146.0,39.0,0,-322.83168229542207,,0,
147.0,39.0,0,-277.35837995121256,,0,
148.0,39.0,0,-226.5143540292047,,0,
149.0,39.0,0,-173.39413437014446,-101.990222,1,71.40391237014445
150.0,39.0,0,-120.53064787812764,,0,
151.0,39.0,0,-70.06122228666209,,0,
152.0,39.0,0,-22.07615076820366,,0,
153.0,39.0,0,26.020848121726885,-121.428521,1,-147.44936912172687
154.0,39.0,0,77.10612811218016,,0,
155.0,39.0,0,127.67629648302682,,0,
156.0,39.0,0,178.2890082289232,,0,
157.0,39.0,0,231.10779488715343,155.490332,1,-75.61746288715344
158.0,39.0,0,288.28541289281566,,0,
159.0,39.0,0,352.4988258848898,,0,
160.0,39.0,0,429.9531359593384,,0,
161.0,39.0,0,524.7088214659598,520.624394,1,-4.08442746595972
162.0,39.0,0,625.5147524960339,,0,
163.0,39.0,0,715.6798078408465,,0,
164.0,39.0,0,786.6957960301079,,0,
165.0,39.0,0,832.8049503206275,1365.053674,1,532.2487236793725
166.0,39.0,0,841.4176087892847,,0,
167.0,39.0,0,825.629664787557,,0,
168.0,39.0,0,790.4266660214635,,0,
169.0,39.0,0,737.9156138745602,866.291826,1,128.3762121254398
170.0,39.0,0,668.4087902405299,,0,
171.0,39.0,0,588.191232199315,,0,
172.0,39.0,0,500.97606476489455,,0,
173.0,39.0,0,410.49864180362783,429.259389,1,18.760747196372165
174.0,39.0,0,324.10782307665795,,0,
175.0,39.0,0,249.37814078386873,,0,
176.0,39.0,0,190.43038356420584,,0,
177.0,39.0,0,147.9636371540837,138.395854,1,-9.567783154083685
178.0,39.0,0,121.25839247484691,,0,
179.0,39.0,0,109.07336680102162,,0,
180.0,39.0,0,109.22607189742848,,0,
181.0,39.0,0,116.33697237959132,218.526864,1,102.18989162040867
182.0,39.0,0,123.00348110985942,,0,
183.0,39.0,0,128.60990910464898,,0,
184.0,39.0,0,132.6963654392166,,0,
185.0,39.0,0,138.53004139941186,-62.374858,1,-200.90489939941187
186.0,39.0,0,153.32611035509035,,0,
187.0,39.0,0,172.9244335689582,,0,
188.0,39.0,0,195.67621928523295,,0,
189.0,39.0,0,222.62721691420302,132.067428,1,-90.55978891420301
190.0,39.0,0,256.01835487037897,,0,
191.0,39.0,0,292.38748608203605,,0,
192.0,39.0,0,328.30030494963285,,0,
193.0,39.0,0,358.30179220438004,543.868113,1,185.56632079561996
194.0,39.0,0,372.54398091323674,,0,
195.0,39.0,0,369.73720501502976,,0,
196.0,39.0,0,347.57408941653557,,0,
197.0,39.0,0,307.9188122455962,586.754516,1,278.83570375440377
198.0,39.0,0,258.45415493589826,,0,
199.0,39.0,0,206.62420679442585,,0,
0.0,40.0,0,-413.92057653097436,-300.158539,1,113.76203753097434
1.0,40.0,0,-446.91266731359065,,0,
2.0,40.0,0,-472.2382311945548,,0,
3.0,40.0,0,-486.70494921458885,,0,
4.0,40.0,0,-488.00439629890025,-552.567673,1,-64.56327670109977
5.0,40.0,0,-476.5603108005598,,0,
6.0,40.0,0,-451.548187102424,,0,
7.0,40.0,0,-410.5083554571611,,0,
8.0,40.0,0,-351.4323093453422,-529.798624,1,-178.3663146546578
9.0,40.0,0,-272.6968721803278,,0,
10.0,40.0,0,-183.6236488133436,,0,
11.0,40.0,0,-91.72408605064265,,0,
12.0,40.0,0,-3.8023996900301427,-16.830683,1,-13.028283309969858
13.0,40.0,0,72.010776106501,,0,
14.0,40.0,0,128.32620089899865,,0,
15.0,40.0,0,160.0097687598318,,0,
16.0,40.0,0,162.89366077585146,428.97902,1,266.08535922414853
17.0,40.0,0,131.37408698536456,,0,
18.0,40.0,0,75.5922417177353,,0,
19.0,40.0,0,3.99743525107624,,0,
20.0,40.0,0,-74.2619835215155,-202.125448,1,-127.8634644784845
21.0,40.0,0,-148.2945028860122,,0,
22.0,40.0,0,-214.80228239286225,,0,
23.0,40.0,0,-270.54869886214146,,0,
24.0,40.0,0,-314.15344827994704,-296.950198,1,17.203250279947042
25.0,40.0,0,-346.37909679999575,,0,
26.0,40.0,0,-367.8037392483093,,0,
27.0,40.0,0,-378.1994394477224,,0,
28.0,40.0,0,-377.8168430859223,-298.042735,1,79.77410808592231
29.0,40.0,0,-368.2713205628097,,0,
30.0,40.0,0,-347.36870701477164,,0,
31.0,40.0,0,-315.1912928847596,,0,
32.0,40.0,0,-274.88052888563834,-106.93191,1,167.94861888563833
33.0,40.0,0,-232.4669720651582,,0,
34.0,40.0,0,-185.1874651631224,,0,
35.0,40.0,0,-133.65026309061795,,0,
36.0,40.0,0,-80.39352191938087,-127.353834,1,-46.96031208061913
37.0,40.0,0,-25.623929595574737,,0,
38.0,40.0,0,30.52975021331804,,0,
39.0,40.0,0,86.26537596865091,,0,
40.0,40.0,0,137.78912175213918,226.191295,1,88.40217324786082
41.0,40.0,0,180.24125899909995,,0,
42.0,40.0,0,208.2922006250592,,0,
43.0,40.0,0,217.83483847643947,,0,
44.0,40.0,0,208.90221711655613,359.000621,1,150.0984038834439
45.0,40.0,0,186.2446013239678,,0,
46.0,40.0,0,154.41981718648458,,0,
47.0,40.0,0,115.50874308799393,,0,
48.0,40.0,0,71.04679063381627,169.44252,1,98.39572936618373
49.0,40.0,0,26.258281315444037,,0,
50.0,40.0,0,-15.791111621132586,,0,
51.0,40.0,0,-56.879647365407436,,0,
52.0,40.0,0,-97.5161032177275,74.739001,1,172.2551042177275
53.0,40.0,0,-133.63282339065336,,0,
54.0,40.0,0,-160.84222672638134,,0,
55.0,40.0,0,-174.60199720214587,,0,
56.0,40.0,0,-173.46853817696683,-253.741038,1,-80.27249982303317
57.0,40.0,0,-161.71021901094355,,0,
58.0,40.0,0,-144.70524564379593,,0,
59.0,40.0,0,-126.12565528700361,,0,
60.0,40.0,0,-108.12461189171881,-155.470372,1,-47.34576010828118
61.0,40.0,0,-94.15066903817933,,0,
62.0,40.0,0,-87.21760016307235,,0,
63.0,40.0,0,-90.10335961310193,,0,
64.0,40.0,0,-107.25723499245942,134.17839,1,241.43562499245942
65.0,40.0,0,-145.82717014371883,,0,
66.0,40.0,0,-197.38853215775453,,0,
67.0,40.0,0,-250.93114702310413,,0,
68.0,40.0,0,-299.1985597801104,-229.894259,1,69.30430078011037
69.0,40.0,0,-340.4971254398115,,0,
70.0,40.0,0,-375.13519652048126,,0,
71.0,40.0,0,-403.2351663769223,,0,
72.0,40.0,0,-425.0808669629623,-465.639014,1,-40.558147037037656
73.0,40.0,0,-440.319960724446,,0,
74.0,40.0,0,-449.72552576090675,,0,
75.0,40.0,0,-451.8908197041601,,0,
76.0,40.0,0,-442.74745835046633,-512.709245,1,-69.96178664953368
77.0,40.0,0,-415.15954322443577,,0,
78.0,40.0,0,-364.93737908103503,,0,
79.0,40.0,0,-288.11010435177013,,0,
80.0,40.0,0,-182.6029617053282,-442.332976,1,-259.7300142946718
81.0,40.0,0,-54.176144912838936,,0,
82.0,40.0,0,86.8974621736561,,0,
83.0,40.0,0,221.7926344438456,,0,
84.0,40.0,0,330.9704123992451,861.326616,1,530.3562036007548
85.0,40.0,0,404.50463989400305,,0,
86.0,40.0,0,435.9881532173604,,0,
87.0,40.0,0,423.8963486918947,,0,
88.0,40.0,0,374.15815410457435,642.157464,1,267.99930989542565
89.0,40.0,0,294.96655499204644,,0,
90.0,40.0,0,210.65124545336585,,0,
91.0,40.0,0,139.95869975653477,,0,
92.0,40.0,0,94.9028813263867,-116.486773,1,-211.3896543263867
93.0,40.0,0,85.87943372409791,,0,
94.0,40.0,0,107.53993580525275,,0,
95.0,40.0,0,146.44977461741655,,0,
96.0,40.0,0,186.55212625014246,307.570948,1,121.01882174985752
97.0,40.0,0,210.4545456043561,,0,
98.0,40.0,0,207.6536021469219,,0,
99.0,40.0,0,171.65213526645675,,0,
100.0,40.0,0,106.29539355117595,114.688867,1,8.393473448824054
101.0,40.0,0,22.30962317122612,,0,
102.0,40.0,0,-67.72346952953376,,0,
103.0,40.0,0,-153.35010812312248,,0,
104.0,40.0,0,-228.43132937676273,-311.867361,1,-83.43603162323728
105.0,40.0,0,-291.37986595428083,,0,
106.0,40.0,0,-340.8708636681549,,0,
107.0,40.0,0,-374.95467359607574,,0,
108.0,40.0,0,-390.9542253141408,-291.369732,1,99.58449331414079
109.0,40.0,0,-383.81036644708365,,0,
110.0,40.0,0,-348.84102842991706,,0,
111.0,40.0,0,-284.6217353323591,,0,
112.0,40.0,0,-197.3946717377985,-362.654427,1,-165.2597552622015
113.0,40.0,0,-103.54069986945251,,0,
114.0,40.0,0,-20.2448888362851,,0,
115.0,40.0,0,39.20286006142851,,0,
116.0,40.0,0,68.29190581882722,407.647908,1,339.35600218117276
117.0,40.0,0,70.63231426407583,,0,
118.0,40.0,0,54.3992159969639,,0,
119.0,40.0,0,30.577954472973943,,0,
120.0,40.0,0,10.375512762984727,-285.862392,1,-296.2379047629847
121.0,40.0,0,-1.0146252883714624,,0,
122.0,40.0,0,-3.2513522826484405,,0,
123.0,40.0,0,-2.572462677489966,,0,
124.0,40.0,0,-6.2884380571777,142.209417,1,148.4978550571777
125.0,40.0,0,-22.111787356669083,,0,
126.0,40.0,0,-47.88593188114464,,0,
127.0,40.0,0,-78.80630444805138,,0,
128.0,40.0,0,-112.5924709282699,123.244613,1,235.83708392826992
129.0,40.0,0,-151.53789372253232,,0,
130.0,40.0,0,-198.32583500561304,,0,
131.0,40.0,0,-253.71052911691368,,0,
132.0,40.0,0,-315.1857266612351,-468.429154,1,-153.2434273387649
133.0,40.0,0,-376.2496338293422,,0,
134.0,40.0,0,-436.6231270583812,,0,
135.0,40.0,0,-492.73693358083256,,0,
136.0,40.0,0,-538.3604797379812,-898.960824,1,-360.6003442620188
137.0,40.0,0,-562.4227683682693,,0,
138.0,40.0,0,-572.1812429915299,,0,
139.0,40.0,0,-569.0474404273555,,0,
140.0,40.0,0,-552.7555847491603,-544.2006,1,8.554984749160326
141.0,40.0,0,-527.3455857485533,,0,
142.0,40.0,0,-497.16460640955484,,0,
143.0,40.0,0,-462.9896019976586,,0,
144.0,40.0,0,-425.6704703832511,-332.042656,1,93.62781438325106
145.0,40.0,0,-388.1681657816516,,0,
146.0,40.0,0,-348.29146413493436,,0,
147.0,40.0,0,-303.46267348038964,,0,
148.0,40.0,0,-254.14105859218398,-161.311639,1,92.82941959218397
149.0,40.0,0,-204.62026153854094,,0,
150.0,40.0,0,-155.48144981148653,,0,
151.0,40.0,0,-108.50462792580947,,0,
152.0,40.0,0,-64.0608676765114,-215.80671,1,-151.7458423234886
153.0,40.0,0,-18.362683966523036,,0,
154.0,40.0,0,26.111666980432346,,0,
155.0,40.0,0,68.42710070079193,,0,
156.0,40.0,0,110.19685714400839,198.110899,1,87.9140418559916
157.0,40.0,0,152.04683157219552,,0,
158.0,40.0,0,195.81500809302088,,0,
159.0,40.0,0,245.49087770679034,,0,
160.0,40.0,0,308.30819339235313,-101.207106,1,-409.51529939235314
161.0,40.0,0,395.7230096212588,,0,
162.0,40.0,0,494.6285782214254,,0,
163.0,40.0,0,594.4458025845233,,0,
164.0,40.0,0,685.5230349979829,996.984621,1,311.46158600201704
165.0,40.0,0,756.5695051411167,,0,
166.0,40.0,0,798.291968008969,,0,
167.0,40.0,0,811.8423732360825,,0,
168.0,40.0,0,798.449568729382,1008.262287,1,209.812718270618
169.0,40.0,0,762.6096980925649,,0,
170.0,40.0,0,708.6270452358294,,0,
171.0,40.0,0,642.4067711974494,,0,
172.0,40.0,0,568.89680466149,744.06993,1,175.17312533850998
173.0,40.0,0,489.8165761823766,,0,
174.0,40.0,0,415.4630715227686,,0,
175.0,40.0,0,352.80762344924733,,0,
176.0,40.0,0,305.2951972580049,296.567931,1,-8.727266258004931
177.0,40.0,0,273.4290425044019,,0,
178.0,40.0,0,255.62515018647537,,0,
179.0,40.0,0,249.32540575996973,,0,
180.0,40.0,0,251.62829701427836,260.704233,1,9.075935985721628
181.0,40.0,0,258.05133475363255,,0,
182.0,40.0,0,263.76000596792437,,0,
183.0,40.0,0,266.71143915550783,,0,
184.0,40.0,0,266.9242200059816,318.360042,1,51.4358219940184
185.0,40.0,0,269.5713531044312,,0,
186.0,40.0,0,279.8164916038513,,0,
187.0,40.0,0,296.00652468251064,,0,
188.0,40.0,0,315.34428738988936,301.017617,1,-14.326670389889387
189.0,40.0,0,339.0341017078608,,0,
190.0,40.0,0,366.9000670228852,,0,
191.0,40.0,0,395.14155616238713,,0,
192.0,40.0,0,420.13550299266353,696.640635,1,276.50513200733644
193.0,40.0,0,437.0063866293058,,0,
194.0,40.0,0,439.8834276732523,,0,
195.0,40.0,0,426.3584367688745,,0,
196.0,40.0,0,394.9118610282894,532.462688,1,137.55082697171053
197.0,40.0,0,346.87545684119686,,0,
198.0,40.0,0,291.7962311706506,,0,
199.0,40.0,0,236.5985224219039,,0,
0.0,41.0,0,-329.3265517327236,,0,
1.0,41.0,0,-358.02024104073644,,0,
2.0,41.0,0,-380.28616139292717,,0,
3.0,41.0,0,-392.7154491962865,-524.282069,1,-131.56661980371348
4.0,41.0,0,-392.19029713852797,,0,
5.0,41.0,0,-382.41357924568,,0,
6.0,41.0,0,-363.6439545908943,,0,
7.0,41.0,0,-333.2785422867164,-363.24868,1,-29.970137713283577
8.0,41.0,0,-287.45047515339684,,0,
9.0,41.0,0,-225.57672870182432,,0,
10.0,41.0,0,-152.6792400558479,,0,
11.0,41.0,0,-75.51643357193097,-152.993381,1,-77.47694742806902
12.0,41.0,0,0.40345882417750545,,0,
13.0,41.0,0,66.01656884944532,,0,
14.0,41.0,0,113.51338956179097,,0,
15.0,41.0,0,136.69935505464673,345.133857,1,208.43450194535325
16.0,41.0,0,132.5545757022919,,0,
17.0,41.0,0,100.39207026571967,,0,
18.0,41.0,0,46.555689187021926,,0,
19.0,41.0,0,-21.02102943067439,80.24066,1,101.2616894306744
20.0,41.0,0,-94.32756739738397,,0,
21.0,41.0,0,-165.489094598277,,0,
22.0,41.0,0,-229.17055610241368,,0,
23.0,41.0,0,-281.3169530685991,-348.165756,1,-66.84880293140088
24.0,41.0,0,-321.95640482532326,,0,
25.0,41.0,0,-352.125798442401,,0,
26.0,41.0,0,-372.1681224084459,,0,
27.0,41.0,0,-382.019329538336,-278.183901,1,103.83542853833603
28.0,41.0,0,-381.26920477632666,,0,
29.0,41.0,0,-369.76246968389023,,0,
30.0,41.0,0,-346.4607113113161,,0,
31.0,41.0,0,-311.6239571417682,-134.71087,1,176.9130871417682
32.0,41.0,0,-267.94633061857894,,0,
33.0,41.0,0,-218.63089324976318,,0,
34.0,41.0,0,-163.72102345735766,,0,
35.0,41.0,0,-104.78033485240303,23.589005,1,128.36933985240302
36.0,41.0,0,-46.82329065690283,,0,
37.0,41.0,0,11.486502383835614,,0,
38.0,41.0,0,69.6486369590275,,0,
39.0,41.0,0,125.65456734434702,142.251657,1,16.59708965565298
40.0,41.0,0,176.64220888144337,,0,
41.0,41.0,0,219.53313929983415,,0,
42.0,41.0,0,250.09628159203567,,0,
43.0,41.0,0,264.39634394762106,368.894488,1,104.49814405237896
44.0,41.0,0,261.111111357779,,0,
45.0,41.0,0,245.51999638718553,,0,
46.0,41.0,0,219.50647989241406,,0,
47.0,41.0,0,182.02941037528217,387.613852,1,205.58444162471784
48.0,41.0,0,133.16306869551772,,0,
49.0,41.0,0,82.39297270096722,,0,
50.0,41.0,0,31.49141728610266,,0,
51.0,41.0,0,-22.690383388660848,132.219705,1,154.91008838866085
52.0,41.0,0,-80.88186193967704,,0,
53.0,41.0,0,-134.86788937204983,,0,
54.0,41.0,0,-178.51445046253502,,0,
55.0,41.0,0,-206.43666552426293,-340.071178,1,-133.63451247573704
56.0,41.0,0,-215.9573209991213,,0,
57.0,41.0,0,-213.45859197562095,,0,
58.0,41.0,0,-203.13633761252277,,0,
59.0,41.0,0,-186.94364159961697,-309.464671,1,-122.52102940038304
60.0,41.0,0,-166.0083727373276,,0,
61.0,41.0,0,-146.9826268455945,,0,
62.0,41.0,0,-133.50457236287184,,0,
63.0,41.0,0,-128.62051807064563,-58.650057,1,69.97046107064563
64.0,41.0,0,-138.31664272164926,,0,
65.0,41.0,0,-166.39508894615574,,0,
66.0,41.0,0,-206.19657506840304,,0,
67.0,41.0,0,-247.01517787529156,-316.003772,1,-68.98859412470847
68.0,41.0,0,-282.49164099930204,,0,
69.0,41.0,0,-312.0259140802664,,0,
70.0,41.0,0,-335.2258626515977,,0,
71.0,41.0,0,-353.2494979822077,-469.260622,1,-116.01112401779233
72.0,41.0,0,-367.64333679844276,,0,
73.0,41.0,0,-379.1903888154193,,0,
74.0,41.0,0,-387.98028017865727,,0,
75.0,41.0,0,-391.81364174187183,-439.878787,1,-48.065145258128155
76.0,41.0,0,-385.48858690373163,,0,
77.0,41.0,0,-361.90371173090534,,0,
78.0,41.0,0,-315.5144465563353,,0,
79.0,41.0,0,-241.8149544937769,-531.807038,1,-289.99208350622314
80.0,41.0,0,-134.6839186619618,,0,
81.0,41.0,0,-5.650190936925355,,0,
82.0,41.0,0,132.8644359280588,,0,
83.0,41.0,0,262.2662813103525,604.002579,1,341.7362976896475
84.0,41.0,0,357.47193964857433,,0,
85.0,41.0,0,413.0830708834692,,0,
86.0,41.0,0,424.7764841178432,,0,
87.0,41.0,0,395.4719232993084,786.537826,1,391.0659027006916
88.0,41.0,0,333.85271295229904,,0,
89.0,41.0,0,252.35531590637402,,0,
90.0,41.0,0,171.62461193476338,,0,
91.0,41.0,0,111.05830422684085,-190.416693,1,-301.47499722684086
92.0,41.0,0,78.89174628574983,,0,
93.0,41.0,0,79.0245528195519,,0,
94.0,41.0,0,106.90325568953995,,0,
95.0,41.0,0,150.2124983673566,10.006867,1,-140.2056313673566
96.0,41.0,0,192.98555704459432,,0,
97.0,41.0,0,219.11369938164717,,0,
98.0,41.0,0,214.9657467950601,,0,
99.0,41.0,0,172.16374507371802,492.086455,1,319.922709926282
100.0,41.0,0,98.47424562936067,,0,
101.0,41.0,0,7.145007797633298,,0,
102.0,41.0,0,-87.71318280731793,,0,
103.0,41.0,0,-173.2692809227301,-282.734842,1,-109.46556107726991
104.0,41.0,0,-243.8743872687919,,0,
105.0,41.0,0,-301.56478089722805,,0,
106.0,41.0,0,-345.7061498873518,,0,
107.0,41.0,0,-374.6065273688873,-270.719715,1,103.88681236888732
108.0,41.0,0,-387.4888027307461,,0,
109.0,41.0,0,-378.04680869623553,,0,
110.0,41.0,0,-340.88179953419603,,0,
111.0,41.0,0,-273.1405448143196,-514.469583,1,-241.32903818568036
112.0,41.0,0,-180.09450919087976,,0,
113.0,41.0,0,-83.66719960689079,,0,
114.0,41.0,0,-0.5845338237704709,,0,
115.0,41.0,0,57.943250892916694,269.401767,1,211.4585161070833
116.0,41.0,0,83.44875831040554,,0,
117.0,41.0,0,82.95787834341172,,0,
118.0,41.0,0,64.95802054513479,,0,
119.0,41.0,0,40.965236991411075,-153.262062,1,-194.22729899141106
120.0,41.0,0,24.706510470074136,,0,
121.0,41.0,0,16.353708652197383,,0,
122.0,41.0,0,13.211077795829624,,0,
123.0,41.0,0,9.306615696055815,148.680196,1,139.37358030394418
124.0,41.0,0,-0.05963808897649869,,0,
125.0,41.0,0,-18.09839926683344,,0,
126.0,41.0,0,-42.45365671586478,,0,
127.0,41.0,0,-68.29528394015506,-164.314796,1,-96.01951205984494
128.0,41.0,0,-93.68470143398736,,0,
129.0,41.0,0,-123.87301550467964,,0,
130.0,41.0,0,-163.5741102634347,,0,
131.0,41.0,0,-215.58390449290164,-391.573885,1,-175.98998050709838
132.0,41.0,0,-276.65890653349925,,0,
133.0,41.0,0,-341.55703609692864,,0,
134.0,41.0,0,-406.7285429908661,,0,
135.0,41.0,0,-467.2045260516461,-802.662118,1,-335.45759194835387
136.0,41.0,0,-517.2347152858274,,0,
137.0,41.0,0,-551.1439465859439,,0,
138.0,41.0,0,-570.3885420479346,,0,
139.0,41.0,0,-575.7782004412729,-729.352589,1,-153.57438855872704
140.0,41.0,0,-564.7500024281908,,0,
141.0,41.0,0,-543.3646368463524,,0,
142.0,41.0,0,-515.7092203677748,,0,
143.0,41.0,0,-483.8918925607577,-500.38643,1,-16.494537439242322
144.0,41.0,0,-449.69059788272716,,0,
145.0,41.0,0,-414.4593414787669,,0,
146.0,41.0,0,-376.39340729406103,,0,
147.0,41.0,0,-333.11239474080503,-324.308177,1,8.80421774080503
148.0,41.0,0,-285.80053142196266,,0,
149.0,41.0,0,-237.1374111289624,,0,
150.0,41.0,0,-188.38224896020256,,0,
151.0,41.0,0,-141.0135202622041,-127.490091,1,13.523429262204104
152.0,41.0,0,-96.14302195783239,,0,
153.0,41.0,0,-54.31018002098426,,0,
154.0,41.0,0,-17.86641879507806,,0,
155.0,41.0,0,13.238518374040723,-144.12644,1,-157.36495837404073
156.0,41.0,0,43.67031376855448,,0,
157.0,41.0,0,71.82802472822368,,0,
158.0,41.0,0,100.40508465236053,,0,
159.0,41.0,0,135.37810921575874,-148.278593,1,-283.65670221575874
160.0,41.0,0,184.69832347426564,,0,
161.0,41.0,0,255.15576661378145,,0,
162.0,41.0,0,344.2704127051402,,0,
163.0,41.0,0,446.9306775033474,402.685219,1,-44.24545850334738
164.0,41.0,0,550.9192315666005,,0,
165.0,41.0,0,642.199486755766,,0,
166.0,41.0,0,712.3529454343952,,0,
167.0,41.0,0,756.7403345669154,1106.994474,1,350.2541394330847
168.0,41.0,0,767.2658840133809,,0,
169.0,41.0,0,752.3594755497761,,0,
170.0,41.0,0,716.4982754727826,,0,
171.0,41.0,0,665.7654645687435,872.586696,1,206.82123143125648
172.0,41.0,0,606.2985714169918,,0,
173.0,41.0,0,543.220568889752,,0,
174.0,41.0,0,484.4453251482919,,0,
175.0,41.0,0,436.6202253745869,433.740313,1,-2.8799123745868656
176.0,41.0,0,402.85759261227213,,0,
177.0,41.0,0,383.34842237550765,,0,
178.0,41.0,0,375.4738494215999,,0,
179.0,41.0,0,375.1731956463773,451.356465,1,76.18326935362273
180.0,41.0,0,380.2503643796081,,0,
181.0,41.0,0,387.0652178302407,,0,
182.0,41.0,0,391.7019987087697,,0,
183.0,41.0,0,392.5754773039371,547.270923,1,154.69544569606296
184.0,41.0,0,388.11731974757276,,0,
185.0,41.0,0,385.5962501298636,,0,
186.0,41.0,0,389.5854642188642,,0,
187.0,41.0,0,400.23694182094187,568.777686,1,168.54074417905815
188.0,41.0,0,413.4043146886397,,0,
189.0,41.0,0,432.1574572129175,,0,
190.0,41.0,0,453.5312832738273,,0,
191.0,41.0,0,471.1709991567768,940.026151,1,468.8551518432232
192.0,41.0,0,483.5248119116295,,0,
193.0,41.0,0,487.34330957755446,,0,
194.0,41.0,0,478.38020299118944,,0,
195.0,41.0,0,455.13509860355407,643.948042,1,188.81294339644592
196.0,41.0,0,414.5970521334093,,0,
197.0,41.0,0,363.11945777991787,,0,
198.0,41.0,0,307.0646920837462,,0,
199.0,41.0,0,251.91234274720773,137.306186,1,-114.60615674720773
0.0,42.0,0,-232.18979449314065,,0,
1.0,42.0,0,-254.83084296132438,,0,
2.0,42.0,0,-272.1600888951216,-359.699612,1,-87.53952310487841
3.0,42.0,0,-280.1229437873699,,0,
4.0,42.0,0,-279.503519531223,,0,
5.0,42.0,0,-272.9839085409185,,0,
6.0,42.0,0,-261.79638736043125,-153.598323,1,108.19806436043126
7.0,42.0,0,-242.65127253439277,,0,
8.0,42.0,0,-211.74555068009067,,0,
9.0,42.0,0,-167.4632921939483,,0,
10.0,42.0,0,-111.44051602017134,-227.132212,1,-115.69169597982867
11.0,42.0,0,-49.814589615445584,,0,
12.0,42.0,0,10.762864729273133,,0,
13.0,42.0,0,62.91840195527766,,0,
14.0,42.0,0,99.18340568197891,231.963892,1,132.78048631802108
15.0,42.0,0,111.63075108919293,,0,
16.0,42.0,0,100.61731111665722,,0,
17.0,42.0,0,67.5449115014635,,0,
18.0,42.0,0,16.964748315047473,96.196483,1,79.23173468495253
19.0,42.0,0,-45.378171159885824,,0,
20.0,42.0,0,-113.47908721223939,,0,
21.0,42.0,0,-181.53872589580715,,0,
22.0,42.0,0,-243.91602525953203,-405.25245,1,-161.33642474046798
23.0,42.0,0,-293.7019582921639,,0,
24.0,42.0,0,-333.16203531320207,,0,
25.0,42.0,0,-362.9883476435207,,0,
26.0,42.0,0,-383.1358604670968,-343.488689,1,39.64717146709677
27.0,42.0,0,-393.845307999989,,0,
28.0,42.0,0,-393.5071660145186,,0,
29.0,42.0,0,-381.24226459901547,,0,
30.0,42.0,0,-356.5102965007536,-229.743822,1,126.76647450075362
31.0,42.0,0,-320.0067686997354,,0,
32.0,42.0,0,-273.60452592908405,,0,
33.0,42.0,0,-219.2118019888876,,0,
34.0,42.0,0,-158.20566172676627,-67.776323,1,90.42933872676626
35.0,42.0,0,-93.70260936394334,,0,
36.0,42.0,0,-29.871106083126506,,0,
37.0,42.0,0,31.986697675893083,,0,
38.0,42.0,0,91.40680936235003,125.144061,1,33.73725163764996
39.0,42.0,0,146.56802927609533,,0,
40.0,42.0,0,196.19801020633895,,0,
41.0,42.0,0,238.045171574282,,0,
42.0,42.0,0,268.831856921548,372.990769,1,104.15891207845198
43.0,42.0,0,283.7045565682929,,0,
44.0,42.0,0,284.10931054950925,,0,
45.0,42.0,0,272.73709501401754,,0,
46.0,42.0,0,249.8506801063195,490.1185,1,240.2678198936805
47.0,42.0,0,209.94687562528998,,0,
48.0,42.0,0,159.49670724070165,,0,
49.0,42.0,0,105.15542975493008,,0,
50.0,42.0,0,48.44091145787388,309.033565,1,260.59265354212613
51.0,42.0,0,-17.105353167513385,,0,
52.0,42.0,0,-85.66127356595825,,0,
53.0,42.0,0,-150.94128001958597,,0,
54.0,42.0,0,-205.8112572163809,-328.320538,1,-122.50928078361909
55.0,42.0,0,-242.04430188355036,,0,
56.0,42.0,0,-260.2928424833226,,0,
57.0,42.0,0,-264.63470758055337,,0,
58.0,42.0,0,-258.56575027806684,-356.52655,1,-97.96079972193314
59.0,42.0,0,-242.32246597739868,,0,
60.0,42.0,0,-220.3756280032685,,0,
61.0,42.0,0,-198.0193890237715,,0,
62.0,42.0,0,-179.49159541493282,-284.920405,1,-105.4288095850672
63.0,42.0,0,-167.08682106551714,,0,
64.0,42.0,0,-168.14219365187455,,0,
65.0,42.0,0,-185.22419453941984,,0,
66.0,42.0,0,-212.8122431425145,-411.069148,1,-198.2569048574855
67.0,42.0,0,-238.82849589688703,,0,
68.0,42.0,0,-261.70649681253417,,0,
69.0,42.0,0,-279.10075709345983,,0,
70.0,42.0,0,-289.08556922967546,-416.452965,1,-127.36739577032455
71.0,42.0,0,-294.97467632056214,,0,
72.0,42.0,0,-300.1954531126539,,0,
73.0,42.0,0,-306.3744361752033,,0,
74.0,42.0,0,-313.5324683042709,-425.978422,1,-112.44595369572914
75.0,42.0,0,-318.70861850318033,,0,
76.0,42.0,0,-316.0784167708771,,0,
77.0,42.0,0,-297.3123120882083,,0,
78.0,42.0,0,-254.16399758076295,-592.177737,1,-338.013739419237
79.0,42.0,0,-182.59801264491398,,0,
80.0,42.0,0,-81.83285775058903,,0,
81.0,42.0,0,40.207834818487754,,0,
82.0,42.0,0,170.5478793613729,256.197671,1,85.64979163862711
83.0,42.0,0,289.11686519009527,,0,
84.0,42.0,0,375.60964677973243,,0,
85.0,42.0,0,418.3362646345049,,0,
86.0,42.0,0,411.55192245112266,832.691287,1,421.1393645488773
87.0,42.0,0,365.06838999164756,,0,
88.0,42.0,0,293.4182922715554,,0,
89.0,42.0,0,211.15243843384087,,0,
90.0,42.0,0,135.0849601382506,-239.457338,1,-374.5422981382506
91.0,42.0,0,86.31787486141548,,0,
92.0,42.0,0,64.48645291590947,,0,
93.0,42.0,0,71.06693458859809,,0,
94.0,42.0,0,103.45516590215266,-99.768684,1,-203.22384990215266
95.0,42.0,0,149.60081576713128,,0,
96.0,42.0,0,193.78275154548464,,0,
97.0,42.0,0,221.07799854598125,,0,
98.0,42.0,0,217.69598367260187,709.401203,1,491.70521932739814
99.0,42.0,0,168.24548138596583,,0,
100.0,42.0,0,88.46792901809386,,0,
101.0,42.0,0,-7.745196746313013,,0,
102.0,42.0,0,-105.95066606579348,-399.017798,1,-293.06713193420654
103.0,42.0,0,-188.81422609064612,,0,
104.0,42.0,0,-257.0332215419621,,0,
105.0,42.0,0,-311.81298730912386,,0,
106.0,42.0,0,-353.0188672011427,-327.18629,1,25.832577201142726
107.0,42.0,0,-378.73823343391996,,0,
108.0,42.0,0,-386.75119851352065,,0,
109.0,42.0,0,-372.90592382394243,,0,
110.0,42.0,0,-331.91950575605733,-638.716236,1,-306.79673024394265
111.0,42.0,0,-256.64988561091013,,0,
112.0,42.0,0,-161.0833448659978,,0,
113.0,42.0,0,-64.91402729280526,,0,
114.0,42.0,0,14.040509986516554,241.092724,1,227.05221401348345
115.0,42.0,0,67.12431396532338,,0,
116.0,42.0,0,90.64660153840668,,0,
117.0,42.0,0,88.24627274903469,,0,
118.0,42.0,0,68.34553149872227,185.98298,1,117.63744850127773
119.0,42.0,0,44.41726059559733,,0,
120.0,42.0,0,27.594146633520722,,0,
121.0,42.0,0,19.478379676002078,,0,
122.0,42.0,0,15.902870119956788,178.338218,1,162.43534788004322
123.0,42.0,0,8.496488195611164,,0,
124.0,42.0,0,-3.4906010744161904,,0,
125.0,42.0,0,-21.045686835423112,,0,
126.0,42.0,0,-41.241427358065266,-172.917852,1,-131.67642464193474
127.0,42.0,0,-57.70025644428097,,0,
128.0,42.0,0,-72.81714396970347,,0,
129.0,42.0,0,-91.51613437489141,,0,
130.0,42.0,0,-119.75555049109971,43.637685,1,163.39323549109972
131.0,42.0,0,-164.14495043247007,,0,
132.0,42.0,0,-220.57876907853642,,0,
133.0,42.0,0,-285.17943786107935,,0,
134.0,42.0,0,-353.0298456797027,-476.159349,1,-123.12950332029732
135.0,42.0,0,-416.1789358599344,,0,
136.0,42.0,0,-471.76411570073105,,0,
137.0,42.0,0,-515.9384427412879,,0,
138.0,42.0,0,-546.5963498214842,-573.413528,1,-26.81717817851586
139.0,42.0,0,-561.8845643475652,,0,
140.0,42.0,0,-560.769751855114,,0,
141.0,42.0,0,-546.9545816113241,,0,
142.0,42.0,0,-524.9815665961942,-516.596544,1,8.385022596194176
143.0,42.0,0,-498.00831683911383,,0,
144.0,42.0,0,-468.29469213064294,,0,
145.0,42.0,0,-436.89061057404615,,0,
146.0,42.0,0,-402.5159946786007,-491.154819,1,-88.63882432139928
147.0,42.0,0,-361.8303569762502,,0,
148.0,42.0,0,-316.71493790630484,,0,
149.0,42.0,0,-268.5689468027558,,0,
150.0,42.0,0,-218.46906743571162,-122.24809,1,96.22097743571162
151.0,42.0,0,-168.46283752913587,,0,
152.0,42.0,0,-121.60497854021378,,0,
153.0,42.0,0,-81.7049624051433,,0,
154.0,42.0,0,-51.69423846132122,-391.011053,1,-339.3168145386788
155.0,42.0,0,-29.981658815173432,,0,
156.0,42.0,0,-13.360173527384177,,0,
157.0,42.0,0,-0.6707489567343146,,0,
158.0,42.0,0,11.523968923720531,-49.102159,1,-60.62612792372053
159.0,42.0,0,30.88217965583317,,0,
160.0,42.0,0,64.20358595391735,,0,
161.0,42.0,0,117.18774802959524,,0,
162.0,42.0,0,191.85266094724648,-236.900741,1,-428.7534019472465
163.0,42.0,0,292.8111069679726,,0,
164.0,42.0,0,401.6973062349716,,0,
165.0,42.0,0,504.9138376316987,,0,
166.0,42.0,0,593.0720241550589,927.233107,1,334.1610828449411
167.0,42.0,0,659.1030169953592,,0,
168.0,42.0,0,697.3540805089287,,0,
169.0,42.0,0,707.5994925526902,,0,
170.0,42.0,0,690.8094577195588,1068.919359,1,378.10990128044114
171.0,42.0,0,656.1461397837847,,0,
172.0,42.0,0,612.4765686874744,,0,
173.0,42.0,0,566.2555375341326,,0,
174.0,42.0,0,524.2361347473925,509.71599,1,-14.520144747392521
175.0,42.0,0,492.2831254657358,,0,
176.0,42.0,0,472.77020013099536,,0,
177.0,42.0,0,465.6038445571903,,0,
178.0,42.0,0,468.0110152096022,628.225402,1,160.21438679039784
179.0,42.0,0,473.52465485339053,,0,
180.0,42.0,0,482.5132967988029,,0,
181.0,42.0,0,490.78451874293387,,0,
182.0,42.0,0,492.8915241973009,589.96285,1,97.0713258026991
183.0,42.0,0,489.39623751165345,,0,
184.0,42.0,0,481.5103290709667,,0,
185.0,42.0,0,473.1011959388852,,0,
186.0,42.0,0,468.72844328917563,637.036175,1,168.30773171082433
187.0,42.0,0,470.12680224049836,,0,
188.0,42.0,0,476.8450917128939,,0,
189.0,42.0,0,489.65755138453096,,0,
190.0,42.0,0,504.80894307862036,836.323951,1,331.5150079213796
191.0,42.0,0,511.05519949411973,,0,
192.0,42.0,0,512.462807838805,,0,
193.0,42.0,0,505.2675622710958,,0,
194.0,42.0,0,483.464818243403,819.649741,1,336.18492275659696
195.0,42.0,0,449.59107991307974,,0,
196.0,42.0,0,406.1908003126737,,0,
197.0,42.0,0,356.9367718999274,,0,
198.0,42.0,0,305.67266319529153,185.064822,1,-120.60784119529154
199.0,42.0,0,255.92880745511502,,0,
0.0,43.0,0,-126.60870374599472,,0,
1.0,43.0,0,-141.61611124954652,-243.108096,1,-101.49198475045347
2.0,43.0,0,-152.2388884301763,,0,
3.0,43.0,0,-157.25637263339013,,0,
4.0,43.0,0,-157.68763705389574,,0,
5.0,43.0,0,-155.38385772064794,-28.582233,1,126.80162472064794
6.0,43.0,0,-152.89679987961426,,0,
7.0,43.0,0,-145.2592275883071,,0,
8.0,43.0,0,-129.0647710741032,,0,
9.0,43.0,0,-102.16212387755513,-249.760326,1,-147.59820212244486
10.0,43.0,0,-62.6060750184115,,0,
11.0,43.0,0,-17.865431473124772,,0,
12.0,43.0,0,25.57299708458595,,0,
13.0,43.0,0,61.50713240914047,287.802433,1,226.29530059085954
14.0,43.0,0,83.58673818456009,,0,
15.0,43.0,0,86.79141483781859,,0,
16.0,43.0,0,70.46977937500924,,0,
17.0,43.0,0,36.40796601655893,-0.556205,1,-36.96417101655893
18.0,43.0,0,-10.852254061959684,,0,
19.0,43.0,0,-67.73210008768365,,0,
20.0,43.0,0,-130.1339472118998,,0,
21.0,43.0,0,-193.67869459529174,-250.097918,1,-56.41922340470825
22.0,43.0,0,-253.18689626222476,,0,
23.0,43.0,0,-303.7715848167427,,0,
24.0,43.0,0,-344.71530919428915,,0,
25.0,43.0,0,-376.3926483003888,-442.604863,1,-66.2122146996112
26.0,43.0,0,-398.6784072725568,,0,
27.0,43.0,0,-410.8154804809019,,0,
28.0,43.0,0,-411.3014349684818,,0,
29.0,43.0,0,-399.2737760771997,-423.568834,1,-24.295057922800254
30.0,43.0,0,-374.12874470930547,,0,
31.0,43.0,0,-336.8302442082204,,0,
32.0,43.0,0,-288.71592795685865,,0,
33.0,43.0,0,-231.43402072583558,-262.366151,1,-30.93213027416442
34.0,43.0,0,-166.36699352657888,,0,
35.0,43.0,0,-97.3047822106164,,0,
36.0,43.0,0,-28.961373847501818,,0,
37.0,43.0,0,34.84617002529558,167.458971,1,132.6128009747044
38.0,43.0,0,93.80064868927002,,0,
39.0,43.0,0,147.42359433625825,,0,
40.0,43.0,0,194.41047007078305,,0,
41.0,43.0,0,232.72465396445477,331.857173,1,99.13251903554522
42.0,43.0,0,260.07979793753475,,0,
43.0,43.0,0,274.2033704763744,,0,
44.0,43.0,0,275.13228243851336,,0,
45.0,43.0,0,263.42689015797805,430.695804,1,167.26891384202196
46.0,43.0,0,238.62716733128764,,0,
47.0,43.0,0,198.92004790669307,,0,
48.0,43.0,0,147.65567042736802,,0,
49.0,43.0,0,89.96960824844427,468.644807,1,378.67519875155574
50.0,43.0,0,27.572971768211573,,0,
51.0,43.0,0,-40.60982988588512,,0,
52.0,43.0,0,-111.70466783927986,,0,
53.0,43.0,0,-181.06190008670092,-135.484693,1,45.57720708670092
54.0,43.0,0,-240.37197794322856,,0,
55.0,43.0,0,-282.1710054646246,,0,
56.0,43.0,0,-305.2285906452453,,0,
57.0,43.0,0,-312.46871947019827,-402.853778,1,-90.38505852980171
58.0,43.0,0,-307.04724834125955,,0,
59.0,43.0,0,-291.13702707807533,,0,
60.0,43.0,0,-268.2148869006196,,0,
61.0,43.0,0,-242.22258893051185,-285.358144,1,-43.135555069488134
62.0,43.0,0,-217.3629508195445,,0,
63.0,43.0,0,-197.67005248577334,,0,
64.0,43.0,0,-188.91057177440962,,0,
65.0,43.0,0,-193.9676178671798,-228.79253,1,-34.8249121328202
66.0,43.0,0,-207.3635614856612,,0,
67.0,43.0,0,-221.04721206997056,,0,
68.0,43.0,0,-231.9679496006138,,0,
69.0,43.0,0,-237.87554499757243,-466.167013,1,-228.29146800242756
70.0,43.0,0,-233.90755861322396,,0,
71.0,43.0,0,-227.6736995294923,,0,
72.0,43.0,0,-223.55155287322123,,0,
73.0,43.0,0,-223.5263087732601,-185.69944,1,37.82686877326009
74.0,43.0,0,-228.35575187567156,,0,
75.0,43.0,0,-234.53731910896022,,0,
76.0,43.0,0,-235.95443325898668,,0,
77.0,43.0,0,-223.32532336725853,-411.049728,1,-187.72440463274148
78.0,43.0,0,-184.52501398546156,,0,
79.0,43.0,0,-118.61884175625164,,0,
80.0,43.0,0,-26.75407757764333,,0,
81.0,43.0,0,84.03844418458175,-83.507575,1,-167.54601918458175
82.0,43.0,0,203.37984779977705,,0,
83.0,43.0,0,309.678879750194,,0,
84.0,43.0,0,385.4846638866002,,0,
85.0,43.0,0,418.39191124774516,969.127735,1,550.7358237522549
86.0,43.0,0,395.0139295728877,,0,
87.0,43.0,0,335.5679630957311,,0,
88.0,43.0,0,258.2106551513134,,0,
89.0,43.0,0,180.1296622462687,-198.824713,1,-378.9543752462687
90.0,43.0,0,113.7193210828118,,0,
91.0,43.0,0,70.44976221164688,,0,
92.0,43.0,0,53.30614362776396,,0,
93.0,43.0,0,62.37586544663645,-118.674318,1,-181.05018344663645
94.0,43.0,0,97.51717183797155,,0,
95.0,43.0,0,144.75587105518207,,0,
96.0,43.0,0,188.20379431376932,,0,
97.0,43.0,0,211.92043048559572,687.18861,1,475.2681795144043
98.0,43.0,0,203.31994151405524,,0,
99.0,43.0,0,154.827075580135,,0,
100.0,43.0,0,74.97280016419245,,0,
101.0,43.0,0,-20.96149086416699,-333.129818,1,-312.168327135833
102.0,43.0,0,-117.05362262018025,,0,
103.0,43.0,0,-200.5140791182348,,0,
104.0,43.0,0,-268.67273792866035,,0,
105.0,43.0,0,-322.40417714894284,-258.845853,1,63.55832414894286
106.0,43.0,0,-362.1702546457527,,0,
107.0,43.0,0,-384.5994466992561,,0,
108.0,43.0,0,-386.9441089332104,,0,
109.0,43.0,0,-365.94596700079273,-563.29842,1,-197.35245299920723
110.0,43.0,0,-317.27334919333225,,0,
111.0,43.0,0,-239.75353289191844,,0,
112.0,43.0,0,-144.68368552060565,,0,
113.0,43.0,0,-50.71125252870843,210.726602,1,261.43785452870844
114.0,43.0,0,21.343997783900704,,0,
115.0,43.0,0,68.17019085481297,,0,
116.0,43.0,0,87.9140621603583,,0,
117.0,43.0,0,82.50728332053404,246.044365,1,163.53708167946596
118.0,43.0,0,58.71312619309174,,0,
119.0,43.0,0,32.90036357345525,,0,
120.0,43.0,0,14.750654603238218,,0,
121.0,43.0,0,5.260296500520781,40.315874,1,35.05557749947922
122.0,43.0,0,-0.0924603344174102,,0,
123.0,43.0,0,-6.765979762421921,,0,
124.0,43.0,0,-17.005463256820804,,0,
125.0,43.0,0,-31.139138596132398,191.172886,1,222.3120245961324
126.0,43.0,0,-43.95244154747343,,0,
127.0,43.0,0,-50.99539907113649,,0,
128.0,43.0,0,-54.500588061288,,0,
129.0,43.0,0,-60.45457467541564,101.449609,1,161.90418367541565
130.0,43.0,0,-76.10238039202522,,0,
131.0,43.0,0,-107.23364186019171,,0,
132.0,43.0,0,-153.89780490490375,,0,
133.0,43.0,0,-213.46097628842108,-173.275425,1,40.18555128842107
134.0,43.0,0,-280.10650470270775,,0,
135.0,43.0,0,-346.9390926846536,,0,
136.0,43.0,0,-409.5259483864065,,0,
137.0,43.0,0,-464.03603810968343,-454.86646,1,9.169578109683414
138.0,43.0,0,-506.64430232311133,,0,
139.0,43.0,0,-533.4995386885712,,0,
140.0,43.0,0,-543.0715116588399,,0,
141.0,43.0,0,-538.0820957561955,-528.219235,1,9.86286075619546
142.0,43.0,0,-523.219680676586,,0,
143.0,43.0,0,-502.12464192230254,,0,
144.0,43.0,0,-477.5210495234933,,0,
145.0,43.0,0,-450.6839980975492,-560.123059,1,-109.43906090245082
146.0,43.0,0,-420.63185875082854,,0,
147.0,43.0,0,-385.1001682935748,,0,
148.0,43.0,0,-343.7777665484464,,0,
149.0,43.0,0,-297.34203438367695,-319.104104,1,-21.76206961632306
150.0,43.0,0,-246.35161327884998,,0,
151.0,43.0,0,-193.5217041533906,,0,
152.0,43.0,0,-143.84901176090352,,0,
153.0,43.0,0,-103.97398426639847,12.101665,1,116.07564926639847
154.0,43.0,0,-78.55058968253434,,0,
155.0,43.0,0,-64.60307896649465,,0,
156.0,43.0,0,-59.78357267996762,,0,
157.0,43.0,0,-61.29493339173496,-57.306756,1,3.9881773917349577
158.0,43.0,0,-64.46088279981632,,0,
159.0,43.0,0,-62.19861508300528,,0,
160.0,43.0,0,-45.67563756206073,,0,
161.0,43.0,0,-6.450985637260601,-482.44245,1,-475.9914643627394
162.0,43.0,0,57.641514274990186,,0,
163.0,43.0,0,146.77329837158322,,0,
164.0,43.0,0,251.1409870275529,,0,
165.0,43.0,0,357.37656539911404,390.530876,1,33.154310600885935
166.0,43.0,0,454.26271615177393,,0,
167.0,43.0,0,535.2581209861673,,0,
168.0,43.0,0,595.4737301669084,,0,
169.0,43.0,0,630.1738187717274,1062.879268,1,432.7054492282725
170.0,43.0,0,631.0725352521986,,0,
171.0,43.0,0,613.6163658627775,,0,
172.0,43.0,0,587.1025043932023,,0,
173.0,43.0,0,557.5989010017365,446.256027,1,-111.3428740017365
174.0,43.0,0,531.8449465552112,,0,
175.0,43.0,0,514.9594860458747,,0,
176.0,43.0,0,508.51949094305746,,0,
177.0,43.0,0,511.3776207813062,620.757567,1,109.37994621869382
178.0,43.0,0,520.9832487574313,,0,
179.0,43.0,0,533.2682056410704,,0,
180.0,43.0,0,546.4173509774264,,0,
181.0,43.0,0,557.123123950325,876.181153,1,319.05802904967504
182.0,43.0,0,556.3818146970589,,0,
183.0,43.0,0,550.3375298199244,,0,
184.0,43.0,0,539.7601023111492,,0,
185.0,43.0,0,525.1411994434893,617.021619,1,91.88041955651067
186.0,43.0,0,511.86108273337595,,0,
187.0,43.0,0,503.6072336630896,,0,
188.0,43.0,0,501.49156014993787,,0,
189.0,43.0,0,505.13860515132546,631.425125,1,126.28651984867452
190.0,43.0,0,509.45751061092597,,0,
191.0,43.0,0,508.17871043412015,,0,
192.0,43.0,0,501.5043634339236,,0,
193.0,43.0,0,486.80060997698456,930.051556,1,443.25094602301544
194.0,43.0,0,453.66062071407214,,0,
195.0,43.0,0,414.174484109506,,0,
196.0,43.0,0,373.0945795956068,,0,
197.0,43.0,0,331.21583390189335,344.852493,1,13.636659098106634
198.0,43.0,0,289.05716028111055,,0,
199.0,43.0,0,247.71255930000916,,0,
0.0,44.0,0,-18.134090147912502,-78.864175,1,-60.7300848520875
1.0,44.0,0,-25.6115427298937,,0,
2.0,44.0,0,-30.268101734342054,,0,
3.0,44.0,0,-33.033950347453356,,0,
4.0,44.0,0,-36.103573961765505,175.361555,1,211.46512896176552
5.0,44.0,0,-39.93686961242929,,0,
6.0,44.0,0,-44.48876061756164,,0,
7.0,44.0,0,-46.754139584023505,,0,
8.0,44.0,0,-43.080911892117,-159.536648,1,-116.45573610788301
9.0,44.0,0,-30.641699668951333,,0,
10.0,44.0,0,-8.810677544679493,,0,
11.0,44.0,0,17.860264850780368,,0,
12.0,44.0,0,43.41592905833386,210.375402,1,166.95947294166615
13.0,44.0,0,62.49028683209326,,0,
14.0,44.0,0,70.3883191915229,,0,
15.0,44.0,0,64.1709431107156,,0,
16.0,44.0,0,43.348591025103815,90.104124,1,46.755532974896184
17.0,44.0,0,8.811290091602132,,0,
18.0,44.0,0,-35.48418841790408,,0,
19.0,44.0,0,-86.9317372974474,,0,
20.0,44.0,0,-143.2831822989392,-181.99757,1,-38.71438770106079
21.0,44.0,0,-202.03200313972775,,0,
22.0,44.0,0,-259.50378763722256,,0,
23.0,44.0,0,-311.3876661476679,,0,
24.0,44.0,0,-354.8482734586578,-478.272696,1,-123.42442254134221
25.0,44.0,0,-389.4304439651314,,0,
26.0,44.0,0,-414.7644953490235,,0,
27.0,44.0,0,-429.2317660043482,,0,
28.0,44.0,0,-430.73794034909224,-602.356191,1,-171.61825065090773
29.0,44.0,0,-419.3028250428033,,0,
30.0,44.0,0,-395.06677449913695,,0,
31.0,44.0,0,-358.1862718597986,,0,
32.0,44.0,0,-309.5111348365899,-367.815686,1,-58.30455116341011
33.0,44.0,0,-251.15547007118585,,0,
34.0,44.0,0,-184.88592781918123,,0,
35.0,44.0,0,-113.55912892264314,,0,
36.0,44.0,0,-42.50414882565383,102.996096,1,145.50024482565382
37.0,44.0,0,21.025225715711713,,0,
38.0,44.0,0,78.31098511232994,,0,
39.0,44.0,0,129.1440501192119,,0,
40.0,44.0,0,172.18626239337027,209.897782,1,37.711519606629736
41.0,44.0,0,205.16395835537696,,0,
42.0,44.0,0,227.4296479728073,,0,
43.0,44.0,0,238.0912718726322,,0,
44.0,44.0,0,236.64160784252454,308.047784,1,71.40617615747544
45.0,44.0,0,221.83792502817232,,0,
46.0,44.0,0,194.97251211246476,,0,
47.0,44.0,0,155.16863167006522,,0,
48.0,44.0,0,102.82239284587558,360.901087,1,258.07869415412443
49.0,44.0,0,42.589459089620505,,0,
50.0,44.0,0,-21.950236892327666,,0,
51.0,44.0,0,-89.05852682515979,,0,
52.0,44.0,0,-157.20351497930824,5.273075,1,162.47658997930824
53.0,44.0,0,-225.83918732154416,,0,
54.0,44.0,0,-285.24773791222833,,0,
55.0,44.0,0,-328.15825763810426,,0,
56.0,44.0,0,-351.35960022645304,-549.910307,1,-198.55070677354695
57.0,44.0,0,-357.647258419398,,0,
58.0,44.0,0,-350.8066872456111,,0,
59.0,44.0,0,-333.78573201585095,,0,
60.0,44.0,0,-309.2104448696773,-365.052685,1,-55.84224013032269
61.0,44.0,0,-279.05541229754454,,0,
62.0,44.0,0,-248.0821960621979,,0,
63.0,44.0,0,-220.49026921903715,,0,
64.0,44.0,0,-200.95135138730984,-55.963138,1,144.98821338730983
65.0,44.0,0,-194.15019970905269,,0,
66.0,44.0,0,-194.01007534275413,,0,
67.0,44.0,0,-194.59409660263918,,0,
68.0,44.0,0,-191.88970417529345,-386.172116,1,-194.28241182470657
69.0,44.0,0,-183.65681723935995,,0,
70.0,44.0,0,-168.98851900722366,,0,
71.0,44.0,0,-152.8388406673912,,0,
72.0,44.0,0,-140.58338651340455,-23.524787,1,117.05859951340454
73.0,44.0,0,-134.70308039989322,,0,
74.0,44.0,0,-136.12591997532581,,0,
75.0,44.0,0,-142.58360237954184,,0,
76.0,44.0,0,-147.28714867681265,-259.565474,1,-112.27832532318735
77.0,44.0,0,-139.67385242681485,,0,
78.0,44.0,0,-109.86713640886592,,0,
79.0,44.0,0,-53.59942704287823,,0,
80.0,44.0,0,29.0804997762898,-278.624794,1,-307.7052937762898
81.0,44.0,0,129.63873495196458,,0,
82.0,44.0,0,234.9968061776308,,0,
83.0,44.0,0,326.3399324423517,,0,
84.0,44.0,0,385.6290226671845,718.431034,1,332.8020113328155
85.0,44.0,0,402.5224841051968,,0,
86.0,44.0,0,373.17199506622273,,0,
87.0,44.0,0,309.94669640631764,,0,
88.0,44.0,0,231.55000636377372,-120.37166,1,-351.92166636377374
89.0,44.0,0,160.63844210992102,,0,
90.0,44.0,0,101.5527675649646,,0,
91.0,44.0,0,61.97111946134828,,0,
92.0,44.0,0,47.15701608674135,-57.726906,1,-104.88392208674135
93.0,44.0,0,57.522145334864035,,0,
94.0,44.0,0,90.39118847576901,,0,
95.0,44.0,0,135.45118975819787,,0,
96.0,44.0,0,176.6521199711715,340.531901,1,163.87978102882852
97.0,44.0,0,195.1615326505853,,0,
98.0,44.0,0,183.06136438189424,,0,
99.0,44.0,0,135.6287988066906,,0,
100.0,44.0,0,57.002649418311194,27.225051,1,-29.777598418311193
101.0,44.0,0,-37.07299917578348,,0,
102.0,44.0,0,-130.60903726055403,,0,
103.0,44.0,0,-213.35848532340606,,0,
104.0,44.0,0,-281.6145274292794,-251.931944,1,29.68258342927942
105.0,44.0,0,-335.39029133762233,,0,
106.0,44.0,0,-373.05966338075814,,0,
107.0,44.0,0,-391.59555338532664,,0,
108.0,44.0,0,-388.35883841163013,-440.544848,1,-52.18600958836987
109.0,44.0,0,-361.17220699272,,0,
110.0,44.0,0,-307.7666068015387,,0,
111.0,44.0,0,-229.81680675712414,,0,
112.0,44.0,0,-137.9216967387183,-108.983232,1,28.93846473871831
113.0,44.0,0,-49.8868618614506,,0,
114.0,44.0,0,17.98770699457964,,0,
115.0,44.0,0,58.91323515260592,,0,
116.0,44.0,0,72.50093195430236,222.706714,1,150.20578204569765
117.0,44.0,0,59.6951827678713,,0,
118.0,44.0,0,32.15237608947791,,0,
119.0,44.0,0,4.219212381984107,,0,
120.0,44.0,0,-14.260445993451867,-206.164023,1,-191.90357700654812
121.0,44.0,0,-24.385490068001673,,0,
122.0,44.0,0,-30.79917027160991,,0,
123.0,44.0,0,-36.79509418341331,,0,
124.0,44.0,0,-43.675025710021146,173.77059,1,217.44561571002114
125.0,44.0,0,-53.706524186069146,,0,
126.0,44.0,0,-58.1319719015155,,0,
127.0,44.0,0,-53.86698631593026,,0,
128.0,44.0,0,-43.6920245582005,-30.637028,1,13.0549965582005
129.0,44.0,0,-34.48768280504737,,0,
130.0,44.0,0,-34.42910393350758,,0,
131.0,44.0,0,-50.16164673748426,,0,
132.0,44.0,0,-83.7614799287403,0.157152,1,83.9186319287403
133.0,44.0,0,-135.2938231084263,,0,
134.0,44.0,0,-198.8039458669955,,0,
135.0,44.0,0,-267.99826439330354,,0,
136.0,44.0,0,-337.1824796854635,-319.45184,1,17.730639685463473
137.0,44.0,0,-401.60769723018166,,0,
138.0,44.0,0,-455.99093293759506,,0,
139.0,44.0,0,-494.82763324072585,,0,
140.0,44.0,0,-514.3803002182394,-558.43468,1,-44.05437978176053
141.0,44.0,0,-517.8411649891641,,0,
142.0,44.0,0,-510.0259242608445,,0,
143.0,44.0,0,-494.87181748007424,,0,
144.0,44.0,0,-475.567899358226,-458.985853,1,16.582046358225966
145.0,44.0,0,-454.06799415824935,,0,
146.0,44.0,0,-430.1012318613939,,0,
147.0,44.0,0,-401.28765840502456,,0,
148.0,44.0,0,-365.2908583058743,-535.660592,1,-170.36973369412567
149.0,44.0,0,-322.43128953292035,,0,
150.0,44.0,0,-273.10145751107484,,0,
151.0,44.0,0,-219.26032351702452,,0,
152.0,44.0,0,-167.31042214413173,-8.650995,1,158.65942714413174
153.0,44.0,0,-128.0247327242978,,0,
154.0,44.0,0,-103.47677584865596,,0,
155.0,44.0,0,-93.94664175366051,,0,
156.0,44.0,0,-97.72301322338171,-137.515192,1,-39.7921787766183
157.0,44.0,0,-110.34061375888996,,0,
158.0,44.0,0,-126.2995471144095,,0,
159.0,44.0,0,-138.74326982256025,,0,
160.0,44.0,0,-138.10416515544057,-464.575933,1,-326.47176784455945
161.0,44.0,0,-110.66640942986123,,0,
162.0,44.0,0,-60.142168039805256,,0,
163.0,44.0,0,13.772890183143318,,0,
164.0,44.0,0,108.5031898812158,-324.016767,1,-432.5199568812158
165.0,44.0,0,210.81578808277845,,0,
166.0,44.0,0,309.2412291523069,,0,
167.0,44.0,0,397.5358019059058,,0,
168.0,44.0,0,469.9352980761323,739.766087,1,269.83078892386766
169.0,44.0,0,518.5434428844601,,0,
170.0,44.0,0,539.2698734985897,,0,
171.0,44.0,0,540.4953800798394,,0,
172.0,44.0,0,531.4425897767069,612.62156,1,81.17897022329316
173.0,44.0,0,517.4527862891555,,0,
174.0,44.0,0,506.40475595765747,,0,
175.0,44.0,0,502.9129861542024,,0,
176.0,44.0,0,507.75853680144064,576.23706,1,68.4785231985594
177.0,44.0,0,518.339785216609,,0,
178.0,44.0,0,533.8001186277252,,0,
179.0,44.0,0,550.4961048206314,,0,
180.0,44.0,0,564.1932953044306,941.740773,1,377.54747769556934
181.0,44.0,0,573.0210086056031,,0,
182.0,44.0,0,574.2194078131579,,0,
183.0,44.0,0,569.3443538076244,,0,
184.0,44.0,0,558.3625830498058,801.79388,1,243.4312969501941
185.0,44.0,0,538.3392776949331,,0,
186.0,44.0,0,518.345620942302,,0,
187.0,44.0,0,502.25127480132505,,0,
188.0,44.0,0,491.04601752455346,414.562949,1,-76.48306852455346
189.0,44.0,0,484.977962996345,,0,
190.0,44.0,0,478.7904145109933,,0,
191.0,44.0,0,468.38510511349887,,0,
192.0,44.0,0,451.87436534347944,715.053142,1,263.17877665652054
193.0,44.0,0,426.50282589672133,,0,
194.0,44.0,0,390.9154647780815,,0,
195.0,44.0,0,353.7843068847433,,0,
196.0,44.0,0,321.0734711649129,309.721608,1,-11.351863164912913
197.0,44.0,0,290.73788288934156,,0,
198.0,44.0,0,260.356231381651,,0,
199.0,44.0,0,229.2218437222764,,0,
0.0,45.0,0,87.42214198014699,,0,
1.0,45.0,0,85.95195450121537,,0,
2.0,45.0,0,85.40371077228338,,0,
3.0,45.0,0,84.27876685420051,236.396677,1,152.1179101457995
4.0,45.0,0,78.18313368642703,,0,
5.0,45.0,0,69.4233572371304,,0,
6.0,45.0,0,58.55509594385512,,0,
7.0,45.0,0,47.57339286059141,-23.873754,1,-71.44714686059142
8.0,45.0,0,40.220695852302015,,0,
9.0,45.0,0,39.25149546796456,,0,
10.0,45.0,0,44.94357158441562,,0,
11.0,45.0,0,54.43623779620975,68.485754,1,14.049516203790247
12.0,45.0,0,62.92603849153966,,0,
13.0,45.0,0,66.07488728687167,,0,
14.0,45.0,0,60.360314507968724,,0,
15.0,45.0,0,44.32749174151104,130.442974,1,86.11548225848895
16.0,45.0,0,18.285374278202653,,0,
17.0,45.0,0,-16.23747241171077,,0,
18.0,45.0,0,-56.87420667218976,,0,
19.0,45.0,0,-102.52059606381226,-124.322521,1,-21.80192493618773
20.0,45.0,0,-152.59178960230201,,0,
21.0,45.0,0,-206.93397911032662,,0,
22.0,45.0,0,-263.1914189928211,,0,
23.0,45.0,0,-316.68343712977367,-373.227223,1,-56.543785870226316
24.0,45.0,0,-362.36018208647147,,0,
25.0,45.0,0,-399.63796140486374,,0,
26.0,45.0,0,-427.8244653924485,,0,
27.0,45.0,0,-445.0408660811372,-553.979815,1,-108.93894891886282
28.0,45.0,0,-447.62061612214893,,0,
29.0,45.0,0,-437.53448094427586,,0,
30.0,45.0,0,-415.0247924523428,,0,
31.0,45.0,0,-379.5735546462238,-449.392431,1,-69.8188763537762
32.0,45.0,0,-331.6121489657089,,0,
33.0,45.0,0,-274.8674466353841,,0,
34.0,45.0,0,-210.59283969935495,,0,
35.0,45.0,0,-140.24664794281125,-148.34287,1,-8.096222057188754
36.0,45.0,0,-70.40268845064566,,0,
37.0,45.0,0,-7.334866734221578,,0,
38.0,45.0,0,47.70191709912615,,0,
39.0,45.0,0,94.48968306923052,124.355219,1,29.865535930769482
40.0,45.0,0,132.00740469130687,,0,
41.0,45.0,0,159.0107455458492,,0,
42.0,45.0,0,175.0375242663431,,0,
43.0,45.0,0,179.72080177249154,183.420557,1,3.6997552275084615
44.0,45.0,0,172.68267429154366,,0,
45.0,45.0,0,154.08370874030516,,0,
46.0,45.0,0,125.17196958308341,,0,
47.0,45.0,0,85.42434477194911,255.02348,1,169.5991352280509
48.0,45.0,0,31.895587356528267,,0,
49.0,45.0,0,-28.988282992737368,,0,
50.0,45.0,0,-92.95601788835484,,0,
51.0,45.0,0,-157.31364388362272,-13.864125,1,143.44951888362272
52.0,45.0,0,-221.41778703872114,,0,
53.0,45.0,0,-283.8095644686837,,0,
54.0,45.0,0,-338.46064233157085,,0,
55.0,45.0,0,-378.5091869243188,-534.816226,1,-156.30703907568125
56.0,45.0,0,-397.7031396345701,,0,
57.0,45.0,0,-400.4497237558244,,0,
58.0,45.0,0,-390.47117867707857,,0,
59.0,45.0,0,-370.7007336305105,-321.044755,1,49.6559786305105
60.0,45.0,0,-343.02534454804845,,0,
61.0,45.0,0,-309.34922294924036,,0,
62.0,45.0,0,-273.1593630928546,,0,
63.0,45.0,0,-238.58904282416916,-222.377774,1,16.211268824169167
64.0,45.0,0,-209.969937578775,,0,
65.0,45.0,0,-190.00067534833215,,0,
66.0,45.0,0,-176.00497452856507,,0,
67.0,45.0,0,-163.1562066024635,-229.655022,1,-66.4988153975365
68.0,45.0,0,-146.48180090170354,,0,
69.0,45.0,0,-125.4601368777221,,0,
70.0,45.0,0,-100.65784518537112,,0,
71.0,45.0,0,-75.7475903214654,-14.286813,1,61.46077732146539
72.0,45.0,0,-56.472674195771106,,0,
73.0,45.0,0,-44.64010928012431,,0,
74.0,45.0,0,-42.215438441664446,,0,
75.0,45.0,0,-49.04397623980185,-9.300563,1,39.74341323980185
76.0,45.0,0,-57.258953200653195,,0,
77.0,45.0,0,-55.187385962344706,,0,
78.0,45.0,0,-34.22669266775483,,0,
79.0,45.0,0,10.711836261674762,-245.139316,1,-255.85115226167477
80.0,45.0,0,83.7841849263641,,0,
81.0,45.0,0,172.22863279702142,,0,
82.0,45.0,0,262.7940691673357,,0,
83.0,45.0,0,338.98837394756265,595.01126,1,256.02288605243734
84.0,45.0,0,380.9249415989034,,0,
85.0,45.0,0,385.45775947370566,,0,
86.0,45.0,0,353.26273595070234,,0,
87.0,45.0,0,293.3239745340834,68.882889,1,-224.44108553408338
88.0,45.0,0,221.3388811724726,,0,
89.0,45.0,0,153.35509023198392,,0,
90.0,45.0,0,97.07620507871616,,0,
91.0,45.0,0,58.62701333663426,-47.848893,1,-106.47590633663427
92.0,45.0,0,44.397707270924,,0,
93.0,45.0,0,52.690571356914006,,0,
94.0,45.0,0,80.71207125057117,,0,
95.0,45.0,0,121.22822924182401,58.545746,1,-62.68248324182401
96.0,45.0,0,157.84665379454964,,0,
97.0,45.0,0,173.48554170154966,,0,
98.0,45.0,0,159.13018023467157,,0,
99.0,45.0,0,112.10375781799667,398.705811,1,286.6020531820033
100.0,45.0,0,32.59674409148283,,0,
101.0,45.0,0,-59.83072185399942,,0,
102.0,45.0,0,-150.0357492135372,,0,
103.0,45.0,0,-230.00665038981242,-471.052718,1,-241.0460676101876
104.0,45.0,0,-296.75665133984876,,0,
105.0,45.0,0,-349.03248010145035,,0,
106.0,45.0,0,-384.2209070219542,,0,
107.0,45.0,0,-398.7383510777727,-426.639707,1,-27.90135592222731
108.0,45.0,0,-390.9742005612934,,0,
109.0,45.0,0,-360.68766920862254,,0,
110.0,45.0,0,-306.3861390496604,,0,
111.0,45.0,0,-229.525929217285,-479.868337,1,-250.342407782715
112.0,45.0,0,-141.4920692855958,,0,
113.0,45.0,0,-57.99683242547326,,0,
114.0,45.0,0,5.500951149238972,,0,
115.0,45.0,0,38.60402755229734,344.916927,1,306.31289944770265
116.0,45.0,0,43.01043051434681,,0,
117.0,45.0,0,24.422219712927472,,0,
118.0,45.0,0,-6.5430853181751445,,0,
119.0,45.0,0,-36.54472513613291,-285.549879,1,-249.00515386386706
120.0,45.0,0,-54.08864914253354,,0,
121.0,45.0,0,-64.67506562860217,,0,
122.0,45.0,0,-72.76949140580837,,0,
123.0,45.0,0,-81.09117680601776,11.306019,1,92.39719580601775
124.0,45.0,0,-88.71399881190155,,0,
125.0,45.0,0,-92.77787120977882,,0,
126.0,45.0,0,-87.290082687221,,0,
127.0,45.0,0,-70.15607793279923,-27.084985,1,43.07109293279923
128.0,45.0,0,-44.62440861604409,,0,
129.0,45.0,0,-17.651351844659075,,0,
130.0,45.0,0,0.6820945143699646,,0,
131.0,45.0,0,0.7633638593833894,376.874922,1,376.11155814061664
132.0,45.0,0,-19.135832951113116,,0,
133.0,45.0,0,-59.311951551702805,,0,
134.0,45.0,0,-117.43451954878401,,0,
135.0,45.0,0,-187.14217826363165,-170.063469,1,17.07870926363165
136.0,45.0,0,-261.1098697190173,,0,
137.0,45.0,0,-332.92821203521453,,0,
138.0,45.0,0,-396.7860331196571,,0,
139.0,45.0,0,-446.7320837136358,-679.8789,1,-233.14681628636424
140.0,45.0,0,-474.90497256367235,,0,
141.0,45.0,0,-486.6378465287853,,0,
142.0,45.0,0,-485.64857992413454,,0,
143.0,45.0,0,-476.0850754987914,-490.257885,1,-14.172809501208576
144.0,45.0,0,-461.9392090525944,,0,
145.0,45.0,0,-446.28353173378855,,0,
146.0,45.0,0,-429.4403339109849,,0,
147.0,45.0,0,-408.7851536963135,-533.373294,1,-124.58814030368649
148.0,45.0,0,-379.4403618236538,,0,
149.0,45.0,0,-343.0921372829471,,0,
150.0,45.0,0,-298.97481900523417,,0,
151.0,45.0,0,-247.20014751376584,-270.460739,1,-23.260591486234148
152.0,45.0,0,-196.11317080864683,,0,
153.0,45.0,0,-155.16940677445382,,0,
154.0,45.0,0,-129.41628959111404,,0,
155.0,45.0,0,-121.84011468780227,-25.043601,1,96.79651368780227
156.0,45.0,0,-131.08097766013816,,0,
157.0,45.0,0,-150.5371240025852,,0,
158.0,45.0,0,-174.84468078007922,,0,
159.0,45.0,0,-196.26956975692883,-226.456206,1,-30.186636243071177
160.0,45.0,0,-204.58178249781486,,0,
161.0,45.0,0,-191.23240392911248,,0,
162.0,45.0,0,-156.32394407084212,,0,
163.0,45.0,0,-99.61268395325169,-525.661152,1,-426.0484680467483
164.0,45.0,0,-15.783879776368849,,0,
165.0,45.0,0,77.49177355202846,,0,
166.0,45.0,0,170.74001253815368,,0,
167.0,45.0,0,259.7045981083065,168.997472,1,-90.70712610830654
168.0,45.0,0,337.4749169948045,,0,
169.0,45.0,0,394.39791714656167,,0,
170.0,45.0,0,428.31431443581823,,0,
171.0,45.0,0,444.2753764782101,683.379804,1,239.10442752178994
172.0,45.0,0,449.21557504101656,,0,
173.0,45.0,0,449.2575954156928,,0,
174.0,45.0,0,450.8200583711732,,0,
175.0,45.0,0,458.18948081787676,405.896565,1,-52.29291581787675
176.0,45.0,0,471.14009569748305,,0,
177.0,45.0,0,487.6804388281889,,0,
178.0,45.0,0,506.7380347180879,,0,
179.0,45.0,0,525.783585714642,753.706375,1,227.92278928535802
180.0,45.0,0,537.7921503501711,,0,
181.0,45.0,0,545.6522633647546,,0,
182.0,45.0,0,548.5854768194258,,0,
183.0,45.0,0,545.2567678948399,633.028646,1,87.77187810516011
184.0,45.0,0,532.6645837102551,,0,
185.0,45.0,0,512.7486870121211,,0,
186.0,45.0,0,491.03201708372217,,0,
187.0,45.0,0,471.10727144312114,469.226644,1,-1.8806274431211136
188.0,45.0,0,454.03064634406473,,0,
189.0,45.0,0,439.2280606068671,,0,
190.0,45.0,0,423.67875441885553,,0,
191.0,45.0,0,404.2819668650627,539.622943,1,135.34097613493725
192.0,45.0,0,378.7525822708849,,0,
193.0,45.0,0,346.06236116215587,,0,
194.0,45.0,0,309.95583843952045,,0,
195.0,45.0,0,279.4668790088035,87.998501,1,-191.4683780088035
196.0,45.0,0,259.31742957769893,,0,
197.0,45.0,0,242.25239557912573,,0,
198.0,45.0,0,224.42332843877375,,0,
199.0,45.0,0,203.93423101259395,316.994117,1,113.05988598740606
0.0,46.0,0,185.08959330013022,,0,
1.0,46.0,0,187.53700500633568,,0,
2.0,46.0,0,188.00741762155667,290.576616,1,102.56919837844333
3.0,46.0,0,185.62021892995108,,0,
4.0,46.0,0,178.90141704306006,,0,
5.0,46.0,0,167.6571589652449,,0,
6.0,46.0,0,151.5770408048993,201.119632,1,49.5425911951007
7.0,46.0,0,132.71213013259694,,0,
8.0,46.0,0,115.63400415005162,,0,
9.0,46.0,0,102.69064331566915,,0,
10.0,46.0,0,94.31999150977936,53.407925,1,-40.91206650977936
11.0,46.0,0,88.63685371808242,,0,
12.0,46.0,0,82.26810665987432,,0,
13.0,46.0,0,71.39131488092244,,0,
14.0,46.0,0,52.99678951711394,104.889561,1,51.89277148288606
15.0,46.0,0,27.44575609045569,,0,
16.0,46.0,0,-3.7697544370312244,,0,
17.0,46.0,0,-38.58172917412594,,0,
18.0,46.0,0,-74.99067640310386,-130.406475,1,-55.41579859689614
19.0,46.0,0,-114.26164616557071,,0,
20.0,46.0,0,-158.31743982899934,,0,
21.0,46.0,0,-208.73583490867168,,0,
22.0,46.0,0,-264.44199203210883,-171.487699,1,92.95429303210884
23.0,46.0,0,-319.00979065254796,,0,
24.0,46.0,0,-366.77702647657134,,0,
25.0,46.0,0,-405.8609707595315,,0,
26.0,46.0,0,-435.4294223515317,-428.32879,1,7.100632351531658
27.0,46.0,0,-453.62631651526317,,0,
28.0,46.0,0,-458.41941211000085,,0,
29.0,46.0,0,-450.3040727842599,,0,
30.0,46.0,0,-429.75953086063964,-518.826279,1,-89.06674813936036
31.0,46.0,0,-395.3689200738445,,0,
32.0,46.0,0,-350.2441657653544,,0,
33.0,46.0,0,-297.41726934863254,,0,
34.0,46.0,0,-238.10269567044452,-424.767933,1,-186.6652373295555
35.0,46.0,0,-170.91671404184308,,0,
36.0,46.0,0,-104.61757968878374,,0,
37.0,46.0,0,-44.72679572994821,,0,
38.0,46.0,0,6.409241111949086,26.291162,1,19.881920888050914
39.0,46.0,0,48.025066659320146,,0,
40.0,46.0,0,79.2798489970155,,0,
41.0,46.0,0,99.4694008314982,,0,
42.0,46.0,0,108.50049619490164,35.137927,1,-73.36256919490165
43.0,46.0,0,106.03822503885021,,0,
44.0,46.0,0,92.08325579180382,,0,
45.0,46.0,0,67.95466013904661,,0,
46.0,46.0,0,35.55248344747815,62.675549,1,27.123065552521844
47.0,46.0,0,-6.077429401571862,,0,
48.0,46.0,0,-57.8259700613562,,0,
49.0,46.0,0,-116.31196369812824,,0,
50.0,46.0,0,-177.39043967111502,-243.811982,1,-66.42154232888498
51.0,46.0,0,-236.9107898575021,,0,
52.0,46.0,0,-294.56753588467836,,0,
53.0,46.0,0,-348.58753234660253,,0,
54.0,46.0,0,-394.8216472902568,-364.730595,1,30.091052290256812
55.0,46.0,0,-427.34067524422426,,0,
56.0,46.0,0,-441.9866712791845,,0,
57.0,46.0,0,-440.47040714579634,,0,
58.0,46.0,0,-426.3415258965106,-397.142728,1,29.198797896510598
59.0,46.0,0,-403.0044361598557,,0,
60.0,46.0,0,-371.86376635404304,,0,
61.0,46.0,0,-334.557910294272,,0,
62.0,46.0,0,-293.51123392308364,-341.779573,1,-48.26833907691639
63.0,46.0,0,-252.44315812329296,,0,
64.0,46.0,0,-214.8563163896324,,0,
65.0,46.0,0,-182.77353205089457,,0,
66.0,46.0,0,-155.50987427507062,-114.146582,1,41.36329227507062
67.0,46.0,0,-129.3988713589497,,0,
68.0,46.0,0,-101.0857264501974,,0,
69.0,46.0,0,-69.78856139048003,,0,
70.0,46.0,0,-36.32654703914886,-72.550591,1,-36.224043960851134
71.0,46.0,0,-4.203686519002076,,0,
72.0,46.0,0,21.680163174285553,,0,
73.0,46.0,0,38.53682254976593,,0,
74.0,46.0,0,44.785333901658305,322.488424,1,277.7030900983417
75.0,46.0,0,36.70121380221099,,0,
76.0,46.0,0,26.28032587026246,,0,
77.0,46.0,0,24.150458585936576,,0,
78.0,46.0,0,39.350756982923485,-210.483799,1,-249.8345559829235
79.0,46.0,0,76.61055053590098,,0,
80.0,46.0,0,136.21812577696983,,0,
81.0,46.0,0,209.39187478553504,,0,
82.0,46.0,0,283.37908871519903,499.100448,1,215.72135928480094
83.0,46.0,0,342.9864164778264,,0,
84.0,46.0,0,373.8826868912438,,0,
85.0,46.0,0,371.44399707973935,,0,
86.0,46.0,0,338.58063652191777,340.845253,1,2.264616478082246
87.0,46.0,0,283.4816888140631,,0,
88.0,46.0,0,217.80390378716402,,0,
89.0,46.0,0,153.1264544595033,,0,
90.0,46.0,0,98.3666442719259,42.592962,1,-55.77368227192591
91.0,46.0,0,60.62522822781466,,0,
92.0,46.0,0,44.36259316140786,,0,
93.0,46.0,0,48.519686716696015,,0,
94.0,46.0,0,69.91919278222485,-161.877989,1,-231.79718178222487
95.0,46.0,0,105.62952647556085,,0,
96.0,46.0,0,137.69594724086346,,0,
97.0,46.0,0,149.77586833841633,,0,
98.0,46.0,0,130.54338724236004,426.117305,1,295.57391775763995
99.0,46.0,0,79.12628245574888,,0,
100.0,46.0,0,0.7944331471808255,,0,
101.0,46.0,0,-88.8410167740949,,0,
102.0,46.0,0,-173.70461446105037,-500.039918,1,-326.33530353894963
103.0,46.0,0,-248.4206680392963,,0,
104.0,46.0,0,-311.19452855031705,,0,
105.0,46.0,0,-360.1950225168839,,0,
106.0,46.0,0,-392.47830093922676,-518.211877,1,-125.7335760607732
107.0,46.0,0,-402.8019840461202,,0,
108.0,46.0,0,-392.37907800800167,,0,
109.0,46.0,0,-361.5593527871242,,0,
110.0,46.0,0,-309.79861659015296,-544.699357,1,-234.900740409847
111.0,46.0,0,-235.58103468304034,,0,
112.0,46.0,0,-152.83755001565441,,0,
113.0,46.0,0,-74.89261010184418,,0,
114.0,46.0,0,-15.709015876142075,366.429149,1,382.13816487614207
115.0,46.0,0,8.576736242510378,,0,
116.0,46.0,0,5.880367423873395,,0,
117.0,46.0,0,-16.538223995652515,,0,
118.0,46.0,0,-48.88499356916873,-173.483826,1,-124.59883243083127
119.0,46.0,0,-77.51576875906903,,0,
120.0,46.0,0,-97.50640204665251,,0,
121.0,46.0,0,-110.88542876171414,,0,
122.0,46.0,0,-121.79529212106718,5.075902,1,126.87119412106718
123.0,46.0,0,-134.372966527706,,0,
124.0,46.0,0,-143.89204809220973,,0,
125.0,46.0,0,-144.236997240223,,0,
126.0,46.0,0,-129.36986902169883,-209.170536,1,-79.80066697830117
127.0,46.0,0,-99.77267824846786,,0,
128.0,46.0,0,-59.46955841645831,,0,
129.0,46.0,0,-15.25138597667683,,0,
130.0,46.0,0,22.179278833500575,348.69142,1,326.5121411664994
131.0,46.0,0,37.72586372238584,,0,
132.0,46.0,0,33.95619189122226,,0,
133.0,46.0,0,8.002926543354988,,0,
134.0,46.0,0,-43.009566409513354,67.269776,1,110.27934240951335
135.0,46.0,0,-110.96397585910745,,0,
136.0,46.0,0,-186.4945196530316,,0,
137.0,46.0,0,-261.91912809130736,,0,
138.0,46.0,0,-330.2472994303098,-657.743082,1,-327.49578256969016
139.0,46.0,0,-385.90093605662696,,0,
140.0,46.0,0,-424.39816303981934,,0,
141.0,46.0,0,-445.7493665528018,,0,
142.0,46.0,0,-451.27076717827003,-434.565051,1,16.705716178270052
143.0,46.0,0,-446.594668974285,,0,
144.0,46.0,0,-437.51876458118204,,0,
145.0,46.0,0,-427.8306395120453,,0,
146.0,46.0,0,-418.0253304300131,-397.924216,1,20.101114430013126
147.0,46.0,0,-404.6228156799916,,0,
148.0,46.0,0,-384.0767651416827,,0,
149.0,46.0,0,-356.31466777576134,,0,
150.0,46.0,0,-320.6291565729771,-598.694236,1,-278.06507942702297
151.0,46.0,0,-273.138542419998,,0,
152.0,46.0,0,-225.6081566850189,,0,
153.0,46.0,0,-185.98918791254982,,0,
154.0,46.0,0,-160.02437841927167,88.020216,1,248.04459441927168
155.0,46.0,0,-155.19665958336554,,0,
156.0,46.0,0,-165.27290783741046,,0,
157.0,46.0,0,-186.2934092769865,,0,
158.0,46.0,0,-214.88866442325525,38.09872,1,252.98738442325526
159.0,46.0,0,-241.29211576282978,,0,
160.0,46.0,0,-255.43650386366062,,0,
161.0,46.0,0,-251.27493447693996,,0,
162.0,46.0,0,-227.013285610592,-445.255315,1,-218.242029389408
163.0,46.0,0,-180.84154813736677,,0,
164.0,46.0,0,-112.6745449078735,,0,
165.0,46.0,0,-32.62285049748607,,0,
166.0,46.0,0,50.818070438690484,-237.930458,1,-288.74852843869047
167.0,46.0,0,137.18760591675527,,0,
168.0,46.0,0,213.56501318200026,,0,
169.0,46.0,0,272.25848032487556,,0,
170.0,46.0,0,311.8275425324682,289.051328,1,-22.776214532468202
171.0,46.0,0,336.2141290791333,,0,
172.0,46.0,0,350.83173531352077,,0,
173.0,46.0,0,361.3996634753421,,0,
174.0,46.0,0,372.4671536749229,291.637277,1,-80.8298766749229
175.0,46.0,0,387.9340304341167,,0,
176.0,46.0,0,406.0411355465185,,0,
177.0,46.0,0,424.879491196014,,0,
178.0,46.0,0,442.963528181077,555.194551,1,112.23102281892307
179.0,46.0,0,459.6434580013156,,0,
180.0,46.0,0,472.8559790975414,,0,
181.0,46.0,0,482.5584031594917,,0,
182.0,46.0,0,487.56563915568404,420.534918,1,-67.03072115568403
183.0,46.0,0,485.4301188888494,,0,
184.0,46.0,0,474.3969515482895,,0,
185.0,46.0,0,456.73845929000527,,0,
186.0,46.0,0,436.90330906235613,355.162839,1,-81.74047006235611
187.0,46.0,0,416.6684145522304,,0,
188.0,46.0,0,396.4762352798134,,0,
189.0,46.0,0,375.9830113472417,,0,
190.0,46.0,0,353.7697983891703,341.355668,1,-12.414130389170339
191.0,46.0,0,328.3369109798223,,0,
192.0,46.0,0,298.1164475211408,,0,
193.0,46.0,0,263.2415498336777,,0,
194.0,46.0,0,228.91121638647746,-135.703412,1,-364.6146283864774
195.0,46.0,0,208.88526522135362,,0,
196.0,46.0,0,198.45405236643273,,0,
197.0,46.0,0,192.44225849909708,,0,
198.0,46.0,0,185.98604105319828,206.909506,1,20.923464946801715
199.0,46.0,0,175.2622089991346,,0,
0.0,47.0,0,270.80838400521316,,0,
1.0,47.0,0,275.3067129459232,402.263727,1,126.95701405407681
2.0,47.0,0,274.68289834680036,,0,
3.0,47.0,0,270.5760007125791,,0,
4.0,47.0,0,262.79188821511343,,0,
5.0,47.0,0,250.06375561840832,407.513569,1,157.4498133815917
6.0,47.0,0,229.04391725442838,,0,
7.0,47.0,0,204.63247307331767,,0,
8.0,47.0,0,180.1564797325991,,0,
9.0,47.0,0,157.2731393885333,139.524814,1,-17.748325388533317
10.0,47.0,0,137.1577753085876,,0,
11.0,47.0,0,118.643957450171,,0,
12.0,47.0,0,99.52827895898372,,0,
13.0,47.0,0,76.88945648772642,180.495706,1,103.60624951227359
14.0,47.0,0,47.196336639812216,,0,
15.0,47.0,0,13.607970448909327,,0,
16.0,47.0,0,-21.638970320345834,,0,
17.0,47.0,0,-56.97614806657657,-197.634753,1,-140.65860493342342
18.0,47.0,0,-89.43351046345197,,0,
19.0,47.0,0,-123.53272029291838,,0,
20.0,47.0,0,-162.7557846903801,,0,
21.0,47.0,0,-210.12543007079512,-30.908693,1,179.21673707079512
22.0,47.0,0,-266.3052896554582,,0,
23.0,47.0,0,-321.3821979499189,,0,
24.0,47.0,0,-369.53833301900886,,0,
25.0,47.0,0,-408.74315397185273,-399.543791,1,9.199362971852736
26.0,47.0,0,-438.37456304143416,,0,
27.0,47.0,0,-457.00631143298233,,0,
28.0,47.0,0,-463.124840346165,,0,
29.0,47.0,0,-456.09307802608237,-480.09656,1,-24.003481973917644
30.0,47.0,0,-436.42296392831486,,0,
31.0,47.0,0,-404.7503537032753,,0,
32.0,47.0,0,-363.4332671465818,,0,
33.0,47.0,0,-314.7901560079772,-474.877723,1,-160.0875669920228
34.0,47.0,0,-259.78993329862715,,0,
35.0,47.0,0,-199.78876879438758,,0,
36.0,47.0,0,-140.33583846595138,,0,
37.0,47.0,0,-86.45060090534389,-64.135718,1,22.314882905343893
38.0,47.0,0,-41.23354683758225,,0,
39.0,47.0,0,-5.653730780410115,,0,
40.0,47.0,0,19.104508455377072,,0,
41.0,47.0,0,32.132733857259154,1.846255,1,-30.286478857259155
42.0,47.0,0,34.16015055144089,,0,
43.0,47.0,0,24.673881536291447,,0,
44.0,47.0,0,3.8358788061887026,,0,
45.0,47.0,0,-26.69230631645769,-133.285481,1,-106.59317468354232
46.0,47.0,0,-62.999462921521626,,0,
47.0,47.0,0,-106.21470563369803,,0,
48.0,47.0,0,-155.68758167675696,,0,
49.0,47.0,0,-209.69552773609757,-357.574955,1,-147.87942726390241
50.0,47.0,0,-265.4234183448716,,0,
51.0,47.0,0,-319.3873081720667,,0,
52.0,47.0,0,-369.55621282500215,,0,
53.0,47.0,0,-414.428326981375,-390.676551,1,23.751775981374976
54.0,47.0,0,-451.4897583911661,,0,
55.0,47.0,0,-475.79260563402204,,0,
56.0,47.0,0,-484.20712936040945,,0,
57.0,47.0,0,-477.6172938855598,-617.976157,1,-140.35886311444017
58.0,47.0,0,-459.0453616484301,,0,
59.0,47.0,0,-431.3587336501805,,0,
60.0,47.0,0,-396.32983352732845,,0,
61.0,47.0,0,-355.340705078328,-399.444909,1,-44.10420392167197
62.0,47.0,0,-309.5424045000691,,0,
63.0,47.0,0,-262.5392456369009,,0,
64.0,47.0,0,-216.95919903356116,,0,
65.0,47.0,0,-174.42760586400982,-112.149139,1,62.278466864009815
66.0,47.0,0,-136.00675899728958,,0,
67.0,47.0,0,-98.56297206191812,,0,
68.0,47.0,0,-60.336349091958255,,0,
69.0,47.0,0,-21.124097166815773,-52.535688,1,-31.411590833184228
70.0,47.0,0,19.257082538853865,,0,
71.0,47.0,0,57.51857319525152,,0,
72.0,47.0,0,88.29731949738925,,0,
73.0,47.0,0,106.68517421232536,493.358548,1,386.6733737876746
74.0,47.0,0,112.709657576459,,0,
75.0,47.0,0,107.8376615846064,,0,
76.0,47.0,0,98.84880345780402,,0,
77.0,47.0,0,94.26689822669141,-33.919356,1,-128.1862542266914
78.0,47.0,0,105.50822106178384,,0,
79.0,47.0,0,135.1144861271896,,0,
80.0,47.0,0,182.14976774994284,,0,
81.0,47.0,0,240.00981900526676,225.003391,1,-15.00642800526677
82.0,47.0,0,298.31326735224866,,0,
83.0,47.0,0,344.5015607960522,,0,
84.0,47.0,0,367.01270909945015,,0,
85.0,47.0,0,359.8273762514,593.573665,1,233.74628874860002
86.0,47.0,0,326.9307681826758,,0,
87.0,47.0,0,276.159564602538,,0,
88.0,47.0,0,215.8928150315769,,0,
89.0,47.0,0,154.46022911428008,161.566808,1,7.106578885719927
90.0,47.0,0,100.87563896676875,,0,
91.0,47.0,0,63.11859005980659,,0,
92.0,47.0,0,45.396599603584036,,0,
93.0,47.0,0,46.79745380138047,-166.972975,1,-213.77042880138046
94.0,47.0,0,64.01979539575404,,0,
95.0,47.0,0,91.46912919834722,,0,
96.0,47.0,0,116.63189281261293,,0,
97.0,47.0,0,124.65139023191296,437.349426,1,312.69803576808704
98.0,47.0,0,99.63712413437315,,0,
99.0,47.0,0,45.790063177002594,,0,
100.0,47.0,0,-31.00090434390586,,0,
101.0,47.0,0,-117.92477366625099,-440.785123,1,-322.860349333749
102.0,47.0,0,-195.86004467314342,,0,
103.0,47.0,0,-264.54333247756585,,0,
104.0,47.0,0,-321.960179153888,,0,
105.0,47.0,0,-365.8367072014371,-490.943497,1,-125.10678979856289
106.0,47.0,0,-393.4220723385515,,0,
107.0,47.0,0,-401.775248906808,,0,
108.0,47.0,0,-390.5068894070573,,0,
109.0,47.0,0,-359.7275045620336,-477.17432,1,-117.44681543796645
110.0,47.0,0,-309.9136680953379,,0,
111.0,47.0,0,-243.4794809129089,,0,
112.0,47.0,0,-170.11619170207996,,0,
113.0,47.0,0,-101.99848163558636,166.046702,1,268.04518363558634
114.0,47.0,0,-52.13185258329031,,0,
115.0,47.0,0,-30.77847471483983,,0,
116.0,47.0,0,-35.63153298094403,,0,
117.0,47.0,0,-58.70890925324056,-156.573703,1,-97.86479374675943
118.0,47.0,0,-90.00392187206307,,0,
119.0,47.0,0,-119.35729461209849,,0,
120.0,47.0,0,-142.20350781426532,,0,
121.0,47.0,0,-159.56236618501134,68.596133,1,228.15849918501135
122.0,47.0,0,-174.77745149325347,,0,
123.0,47.0,0,-189.68095422303304,,0,
124.0,47.0,0,-200.30520673817955,,0,
125.0,47.0,0,-199.03998822486028,-436.331855,1,-237.29186677513974
126.0,47.0,0,-177.14287816453725,,0,
127.0,47.0,0,-138.70819981652312,,0,
128.0,47.0,0,-87.20112836855697,,0,
129.0,47.0,0,-30.397491109906696,-71.863958,1,-41.4664668900933
130.0,47.0,0,19.923052625032142,,0,
131.0,47.0,0,53.13789111725055,,0,
132.0,47.0,0,67.00068818579894,,0,
133.0,47.0,0,58.01093346660491,515.007199,1,456.9962655333951
134.0,47.0,0,15.691817119251937,,0,
135.0,47.0,0,-46.171770476852544,,0,
136.0,47.0,0,-118.68989035882987,,0,
137.0,47.0,0,-193.6326203061035,-270.083928,1,-76.45130769389652
138.0,47.0,0,-262.1417610364733,,0,
139.0,47.0,0,-320.80258267116733,,0,
140.0,47.0,0,-366.8074539961526,,0,
141.0,47.0,0,-397.5563083898742,-616.387448,1,-218.83113961012577
142.0,47.0,0,-408.95826248731464,,0,
143.0,47.0,0,-409.47589983791113,,0,
144.0,47.0,0,-405.7013552286662,,0,
145.0,47.0,0,-402.33482582727447,-330.92556,1,71.40926582727445
146.0,47.0,0,-399.8801473916974,,0,
147.0,47.0,0,-393.65043867425993,,0,
148.0,47.0,0,-380.73629008763237,,0,
149.0,47.0,0,-359.964195078006,-579.78206,1,-219.817864921994
150.0,47.0,0,-330.4826032140991,,0,
151.0,47.0,0,-292.7077174100559,,0,
152.0,47.0,0,-253.80826460244134,,0,
153.0,47.0,0,-221.18778052553535,-217.87875,1,3.3090305255353485
154.0,47.0,0,-200.7650847870391,,0,
155.0,47.0,0,-196.27221329743043,,0,
156.0,47.0,0,-204.7172247421695,,0,
157.0,47.0,0,-223.39020637911744,59.094369,1,282.4845753791175
158.0,47.0,0,-253.68331672949716,,0,
159.0,47.0,0,-281.705217825016,,0,
160.0,47.0,0,-298.06339357059915,,0,
161.0,47.0,0,-297.97317004180513,-274.781234,1,23.19193604180515
162.0,47.0,0,-279.7646896542283,,0,
163.0,47.0,0,-241.94497128902003,,0,
164.0,47.0,0,-185.79895630502142,,0,
165.0,47.0,0,-116.80789924436249,-342.396381,1,-225.58848175563753
166.0,47.0,0,-41.09201908390969,,0,
167.0,47.0,0,35.994675311027095,,0,
168.0,47.0,0,105.05264006182551,,0,
169.0,47.0,0,159.81486680335365,-36.195062,1,-196.00992880335366
170.0,47.0,0,199.29254542605486,,0,
171.0,47.0,0,226.154510805849,,0,
172.0,47.0,0,245.6679134380538,,0,
173.0,47.0,0,263.6822386002168,245.162288,1,-18.519950600216816
174.0,47.0,0,281.97355381189846,,0,
175.0,47.0,0,301.26587400469,,0,
176.0,47.0,0,320.6681784708053,,0,
177.0,47.0,0,338.461926716147,447.887362,1,109.425435283853
178.0,47.0,0,352.2943239638116,,0,
179.0,47.0,0,366.0295780263841,,0,
180.0,47.0,0,380.7946550503839,,0,
181.0,47.0,0,394.2740816809237,366.690849,1,-27.583232680923686
182.0,47.0,0,402.9380497636739,,0,
183.0,47.0,0,403.9666882818565,,0,
184.0,47.0,0,396.2767787782941,,0,
185.0,47.0,0,381.80681265331805,266.313243,1,-115.49356965331805
186.0,47.0,0,365.5985695673153,,0,
187.0,47.0,0,346.8149366043508,,0,
188.0,47.0,0,325.7051113850903,,0,
189.0,47.0,0,302.6065350365825,242.583011,1,-60.0235240365825
190.0,47.0,0,277.2572909540031,,0,
191.0,47.0,0,249.60833244863898,,0,
192.0,47.0,0,219.88500347477384,,0,
193.0,47.0,0,189.352468455676,-135.705455,1,-325.057923455676
194.0,47.0,0,163.0842245153617,,0,
195.0,47.0,0,147.8780383206904,,0,
196.0,47.0,0,143.07810662966222,,0,
197.0,47.0,0,145.23478367179632,-30.673048,1,-175.90783167179632
198.0,47.0,0,147.98723480268382,,0,
199.0,47.0,0,145.67942539788783,,0,
0.0,48.0,0,342.2056923243217,464.415032,1,122.20933967567828
1.0,48.0,0,345.5515526505187,,0,
2.0,48.0,0,344.38165818876587,,0,
3.0,48.0,0,338.731768101803,,0,
4.0,48.0,0,328.5769202695228,378.115722,1,49.53880173047719
5.0,48.0,0,312.54962403001264,,0,
6.0,48.0,0,289.4908160106279,,0,
7.0,48.0,0,261.9680466589052,,0,
8.0,48.0,0,232.64607328432612,277.33629,1,44.6902167156739
9.0,48.0,0,202.29818824259564,,0,
10.0,48.0,0,172.74054904014338,,0,
11.0,48.0,0,143.65922998567112,,0,
12.0,48.0,0,113.51334145758301,246.709181,1,133.195839542417
13.0,48.0,0,80.12721113907173,,0,
14.0,48.0,0,42.305477008223534,,0,
15.0,48.0,0,3.068231969489716,,0,
16.0,48.0,0,-33.77334094163962,-242.662783,1,-208.88944205836037
17.0,48.0,0,-67.92103442270309,,0,
18.0,48.0,0,-99.74145705730189,,0,
19.0,48.0,0,-132.20446132135112,,0,
20.0,48.0,0,-169.48480880446732,-13.043619,1,156.4411898044673
21.0,48.0,0,-217.42313171178102,,0,
22.0,48.0,0,-271.9040526683675,,0,
23.0,48.0,0,-325.43553206091747,,0,
24.0,48.0,0,-371.7393157919869,-444.691815,1,-72.95249920801314
25.0,48.0,0,-409.3229857701808,,0,
26.0,48.0,0,-437.80851501453435,,0,
27.0,48.0,0,-456.14670116535854,,0,
28.0,48.0,0,-462.92302884394303,-515.853774,1,-52.930745156057014
29.0,48.0,0,-456.4173992937431,,0,
30.0,48.0,0,-438.09413795440923,,0,
31.0,48.0,0,-409.4492014378775,,0,
32.0,48.0,0,-372.4895322395023,-499.843996,1,-127.35446376049771
33.0,48.0,0,-328.6711124924477,,0,
34.0,48.0,0,-279.3446908313199,,0,
35.0,48.0,0,-227.13113219634397,,0,
36.0,48.0,0,-176.34923594119027,-146.346743,1,30.00249294119027
37.0,48.0,0,-130.5640249287244,,0,
38.0,48.0,0,-92.33541760605294,,0,
39.0,48.0,0,-63.21476297167828,,0,
40.0,48.0,0,-44.57239056401886,-0.108934,1,44.46345656401886
41.0,48.0,0,-38.00366685492918,,0,
42.0,48.0,0,-42.49266892572632,,0,
43.0,48.0,0,-57.930214980384335,,0,
44.0,48.0,0,-83.94050779053941,-81.125966,1,2.8145417905394083
45.0,48.0,0,-118.83266727486625,,0,
46.0,48.0,0,-159.90205042180605,,0,
47.0,48.0,0,-205.0785981384688,,0,
48.0,48.0,0,-251.85692909918725,-343.256931,1,-91.40000190081275
49.0,48.0,0,-300.7122874769848,,0,
50.0,48.0,0,-350.8269342085114,,0,
51.0,48.0,0,-398.79091423773207,,0,
52.0,48.0,0,-441.0782685764134,-470.462818,1,-29.384549423586634
53.0,48.0,0,-477.1537606837228,,0,
54.0,48.0,0,-505.5452622891171,,0,
55.0,48.0,0,-522.1238847074565,,0,
56.0,48.0,0,-523.3737432940397,-699.312458,1,-175.93871470596025
57.0,48.0,0,-510.82354596920777,,0,
58.0,48.0,0,-487.38027674675686,,0,
59.0,48.0,0,-455.28373840561835,,0,
60.0,48.0,0,-416.1163817679044,-450.485172,1,-34.36879023209559
61.0,48.0,0,-371.09339932748117,,0,
62.0,48.0,0,-321.5912568409112,,0,
63.0,48.0,0,-269.99828999012243,,0,
64.0,48.0,0,-218.48870493390132,-225.67198,1,-7.183275066098673
65.0,48.0,0,-168.50707366806455,,0,
66.0,48.0,0,-120.82764473653515,,0,
67.0,48.0,0,-74.20137725834502,,0,
68.0,48.0,0,-27.77370796795003,30.934331,1,58.70803896795003
69.0,48.0,0,17.49051464756485,,0,
70.0,48.0,0,62.3639304265962,,0,
71.0,48.0,0,104.61073820351157,,0,
72.0,48.0,0,139.05961604919867,386.85877,1,247.79915395080133
73.0,48.0,0,157.17829600628465,,0,
74.0,48.0,0,164.0139714970719,,0,
75.0,48.0,0,163.02723610040266,,0,
76.0,48.0,0,158.40286499325885,299.625611,1,141.22274600674115
77.0,48.0,0,154.16634225059533,,0,
78.0,48.0,0,160.84624398988672,,0,
79.0,48.0,0,182.56780635844916,,0,
80.0,48.0,0,218.85725260827166,86.839123,1,-132.01812960827166
81.0,48.0,0,263.65070660295896,,0,
82.0,48.0,0,308.22578360233456,,0,
83.0,48.0,0,343.16140435199486,,0,
84.0,48.0,0,359.17524830247567,579.837364,1,220.6621156975243
85.0,48.0,0,347.51659997942625,,0,
86.0,48.0,0,314.9287382030161,,0,
87.0,48.0,0,267.9920752212638,,0,
88.0,48.0,0,212.7456567412737,301.261519,1,88.51586225872632
89.0,48.0,0,154.15228942851536,,0,
90.0,48.0,0,101.65691555151716,,0,
91.0,48.0,0,63.67652802844532,,0,
92.0,48.0,0,45.656014092528494,-107.091989,1,-152.7480030925285
93.0,48.0,0,45.206286709639244,,0,
94.0,48.0,0,57.47475032877992,,0,
95.0,48.0,0,76.15823767147958,,0,
96.0,48.0,0,91.63220716090291,377.179722,1,285.5475148390971
97.0,48.0,0,91.82455256418325,,0,
98.0,48.0,0,66.7719271578826,,0,
99.0,48.0,0,15.998591286712326,,0,
100.0,48.0,0,-55.72133662266424,-117.764629,1,-62.04329237733576
101.0,48.0,0,-135.73706486166338,,0,
102.0,48.0,0,-210.58894841035362,,0,
103.0,48.0,0,-275.42695655697025,,0,
104.0,48.0,0,-327.63706068633473,-442.858519,1,-115.22145831366527
105.0,48.0,0,-366.1464280767832,,0,
106.0,48.0,0,-389.6102021832485,,0,
107.0,48.0,0,-396.38825002571684,,0,
108.0,48.0,0,-385.53401704662247,-442.574048,1,-57.04003095337754
109.0,48.0,0,-356.09790068899747,,0,
110.0,48.0,0,-310.6980192314368,,0,
111.0,48.0,0,-253.27716291043907,,0,
112.0,48.0,0,-191.14280097946175,-103.720429,1,87.42237197946176
113.0,48.0,0,-134.1135836909525,,0,
114.0,48.0,0,-92.30809314158978,,0,
115.0,48.0,0,-73.47312231903197,,0,
116.0,48.0,0,-78.85497615521308,-43.919851,1,34.93512515521308
117.0,48.0,0,-101.37677529244684,,0,
118.0,48.0,0,-131.85117965366226,,0,
119.0,48.0,0,-161.8207088247873,,0,
120.0,48.0,0,-186.1065474533243,-71.168987,1,114.93756045332431
121.0,48.0,0,-205.70044081495143,,0,
122.0,48.0,0,-223.00289607129525,,0,
123.0,48.0,0,-238.35698961652815,,0,
124.0,48.0,0,-248.00404171296395,-375.589996,1,-127.58595428703603
125.0,48.0,0,-243.14947086037137,,0,
126.0,48.0,0,-220.90922742005205,,0,
127.0,48.0,0,-180.26841207779944,,0,
128.0,48.0,0,-121.7909292713739,-464.615534,1,-342.8246047286261
129.0,48.0,0,-56.41692274087109,,0,
130.0,48.0,0,3.42143282428151,,0,
131.0,48.0,0,48.89039989677258,,0,
132.0,48.0,0,74.91748128132895,713.355803,1,638.4383217186711
133.0,48.0,0,76.80966668797191,,0,
134.0,48.0,0,50.644903051434085,,0,
135.0,48.0,0,1.8071540547534823,,0,
136.0,48.0,0,-62.81485897814855,233.721778,1,296.5366369781485
137.0,48.0,0,-132.7147004485596,,0,
138.0,48.0,0,-198.89353106415365,,0,
139.0,48.0,0,-257.61306102992967,,0,
140.0,48.0,0,-306.9297306779772,-573.487191,1,-266.55746032202285
141.0,48.0,0,-342.6382583535742,,0,
142.0,48.0,0,-362.20984172658063,,0,
143.0,48.0,0,-370.01095110946335,,0,
144.0,48.0,0,-372.47564836917445,-213.19792,1,159.27772836917444
145.0,48.0,0,-376.8600332078058,,0,
146.0,48.0,0,-380.4395825859974,,0,
147.0,48.0,0,-380.05977365747094,,0,
148.0,48.0,0,-373.3084684862988,-399.665976,1,-26.357507513701194
149.0,48.0,0,-358.48382295737974,,0,
150.0,48.0,0,-336.07806073327083,,0,
151.0,48.0,0,-308.3255181105342,,0,
152.0,48.0,0,-280.3462779120309,-466.972014,1,-186.62573608796907
153.0,48.0,0,-257.47746643517166,,0,
154.0,48.0,0,-244.10125442431308,,0,
155.0,48.0,0,-242.24264132557437,,0,
156.0,48.0,0,-250.89240116020665,108.647152,1,359.53955316020665
157.0,48.0,0,-269.5026263925247,,0,
158.0,48.0,0,-296.2731882359367,,0,
159.0,48.0,0,-321.8201553286053,,0,
160.0,48.0,0,-336.88633792765904,-223.552578,1,113.33375992765903
161.0,48.0,0,-337.6205950083677,,0,
162.0,48.0,0,-322.4970789856743,,0,
163.0,48.0,0,-290.68639636505395,,0,
164.0,48.0,0,-243.11458240658976,-271.775104,1,-28.660521593410238
165.0,48.0,0,-182.64507248648442,,0,
166.0,48.0,0,-114.99732361594215,,0,
167.0,48.0,0,-47.478211749345064,,0,
168.0,48.0,0,11.597107417997904,-54.368912,1,-65.9660194179979
169.0,48.0,0,59.1843094099313,,0,
170.0,48.0,0,95.22768566384912,,0,
171.0,48.0,0,121.36251530051231,,0,
172.0,48.0,0,141.8698382358998,-56.413436,1,-198.2832742358998
173.0,48.0,0,164.3857885352336,,0,
174.0,48.0,0,186.0730751096271,,0,
175.0,48.0,0,206.01875503361225,,0,
176.0,48.0,0,223.4170919957105,49.398508,1,-174.01858399571051
177.0,48.0,0,236.8847108199261,,0,
178.0,48.0,0,246.3713296095375,,0,
179.0,48.0,0,257.26652984367684,,0,
180.0,48.0,0,274.70804967638105,17.846489,1,-256.86156067638103
181.0,48.0,0,293.1446914987173,,0,
182.0,48.0,0,306.5218435775023,,0,
183.0,48.0,0,312.05434199096635,,0,
184.0,48.0,0,309.21938735991716,241.696085,1,-67.52330235991715
185.0,48.0,0,299.77896240353584,,0,
186.0,48.0,0,286.3805643466767,,0,
187.0,48.0,0,269.3448207550682,,0,
188.0,48.0,0,248.78912063222378,229.493421,1,-19.295699632223773
189.0,48.0,0,225.54791796999052,,0,
190.0,48.0,0,199.82545091351494,,0,
191.0,48.0,0,173.12023026077077,,0,
192.0,48.0,0,147.6520934770815,0.768177,1,-146.8839164770815
193.0,48.0,0,124.37215846730396,,0,
194.0,48.0,0,105.92044887156226,,0,
195.0,48.0,0,95.46810345957056,,0,
196.0,48.0,0,94.0592221133411,-67.405957,1,-161.4651791133411
197.0,48.0,0,102.47879933193326,,0,
198.0,48.0,0,112.22563788038678,,0,
199.0,48.0,0,116.3777275425382,,0,
0.0,49.0,0,400.8749802852981,,0,
1.0,49.0,0,402.27143528469605,,0,
2.0,49.0,0,399.55594500433654,,0,
3.0,49.0,0,392.02452309895307,423.515224,1,31.49070090104692
4.0,49.0,0,379.23849215800874,,0,
5.0,49.0,0,360.47356271906756,,0,
6.0,49.0,0,335.5600453307852,,0,
7.0,49.0,0,305.7812060073484,502.494479,1,196.71327299265164
8.0,49.0,0,272.73524282767903,,0,
9.0,49.0,0,237.51731297792867,,0,
10.0,49.0,0,201.29385973652825,,0,
11.0,49.0,0,164.2909028455615,162.548774,1,-1.7421288455614956
12.0,49.0,0,125.77219587052241,,0,
13.0,49.0,0,84.66482874855865,,0,
14.0,49.0,0,40.93981301225722,,0,
15.0,49.0,0,-2.604762509930879,-177.537435,1,-174.9326724900691
16.0,49.0,0,-39.915006291354075,,0,
17.0,49.0,0,-74.20429101161426,,0,
18.0,49.0,0,-107.25129970628768,,0,
19.0,49.0,0,-141.42913038702682,-142.062237,1,-0.6331066129731937
20.0,49.0,0,-180.3864740715362,,0,
21.0,49.0,0,-226.98075217276346,,0,
22.0,49.0,0,-278.64479618309997,,0,
23.0,49.0,0,-329.46508453181013,-448.46085,1,-118.99576546818986
24.0,49.0,0,-372.2603842978424,,0,
25.0,49.0,0,-407.307649172144,,0,
26.0,49.0,0,-434.0914993081242,,0,
27.0,49.0,0,-451.4870021007955,-515.573388,1,-64.08638589920452
28.0,49.0,0,-458.13851402979344,,0,
29.0,49.0,0,-453.1089798557223,,0,
30.0,49.0,0,-437.17427767568734,,0,
31.0,49.0,0,-411.9947307310067,-374.551051,1,37.44367973100674
32.0,49.0,0,-379.98646978422767,,0,
33.0,49.0,0,-341.84635746775893,,0,
34.0,49.0,0,-299.1280753221363,,0,
35.0,49.0,0,-254.6604313077405,-202.175263,1,52.48516830774051
36.0,49.0,0,-212.82942315936089,,0,
37.0,49.0,0,-175.4899590422865,,0,
38.0,49.0,0,-144.74487979756668,,0,
39.0,49.0,0,-122.3916755777318,-197.46218,1,-75.07050442226819
40.0,49.0,0,-109.97042215510737,,0,
41.0,49.0,0,-108.54710049298592,,0,
42.0,49.0,0,-117.89689688780345,,0,
43.0,49.0,0,-137.56107724574395,-160.901576,1,-23.34049875425606
44.0,49.0,0,-166.85801444709068,,0,
45.0,49.0,0,-204.38608273107093,,0,
46.0,49.0,0,-248.11430789879523,,0,
47.0,49.0,0,-294.80640251003206,-508.590155,1,-213.78375248996792
48.0,49.0,0,-338.09997003979515,,0,
49.0,49.0,0,-382.08412950503407,,0,
50.0,49.0,0,-426.84131732210517,,0,
51.0,49.0,0,-469.2264227208216,-617.469228,1,-148.24280527917847
52.0,49.0,0,-503.49760175147094,,0,
53.0,49.0,0,-531.4523515994078,,0,
54.0,49.0,0,-552.1888207285665,,0,
55.0,49.0,0,-562.271458374802,-715.105944,1,-152.834485625198
56.0,49.0,0,-556.3752733231522,,0,
57.0,49.0,0,-538.2389101402368,,0,
58.0,49.0,0,-510.36217649746686,,0,
59.0,49.0,0,-474.3997207186185,-477.737957,1,-3.338236281381512
60.0,49.0,0,-431.6157923962455,,0,
61.0,49.0,0,-383.2732222080522,,0,
62.0,49.0,0,-330.75440206204075,,0,
63.0,49.0,0,-275.7911207207944,-360.123386,1,-84.33226527920556
64.0,49.0,0,-220.0748805050971,,0,
65.0,49.0,0,-164.88792670989642,,0,
66.0,49.0,0,-110.91253006388433,,0,
67.0,49.0,0,-58.06992643466219,-103.126666,1,-45.05673956533781
68.0,49.0,0,-6.460195209016092,,0,
69.0,49.0,0,43.2720796072972,,0,
70.0,49.0,0,90.67878036794718,,0,
71.0,49.0,0,133.71911598416045,86.808738,1,-46.91037798416045
72.0,49.0,0,167.87091883430548,,0,
73.0,49.0,0,188.90287161502056,,0,
74.0,49.0,0,198.94630074803717,,0,
75.0,49.0,0,201.69444356719032,634.981284,1,433.28684043280964
76.0,49.0,0,200.38050139541156,,0,
77.0,49.0,0,198.9461318749236,,0,
78.0,49.0,0,203.6268296900671,,0,
79.0,49.0,0,218.77700502541848,107.833507,1,-110.94349802541848
80.0,49.0,0,246.44096021621954,,0,
81.0,49.0,0,280.00043738324894,,0,
82.0,49.0,0,312.36950972815976,,0,
83.0,49.0,0,336.21079004066996,406.479964,1,70.26917395933003
84.0,49.0,0,344.0614550031896,,0,
85.0,49.0,0,331.11446960255853,,0,
86.0,49.0,0,300.31180271931225,,0,
87.0,49.0,0,256.9375879104482,129.148498,1,-127.78908991044821
88.0,49.0,0,205.75181715244253,,0,
89.0,49.0,0,151.68203341111075,,0,
90.0,49.0,0,101.67543805157766,,0,
91.0,49.0,0,63.52315148198977,-170.015163,1,-233.53831448198977
92.0,49.0,0,45.92579791479511,,0,
93.0,49.0,0,42.83078549540369,,0,
94.0,49.0,0,49.10122781503014,,0,
95.0,49.0,0,59.00281679071486,60.23371,1,1.2308932092851421
96.0,49.0,0,64.96544648861163,,0,
97.0,49.0,0,58.65985333593562,,0,
98.0,49.0,0,33.95111695770174,,0,
99.0,49.0,0,-11.113546262291493,178.803527,1,189.9170732622915
100.0,49.0,0,-76.42593690851936,,0,
101.0,49.0,0,-149.1685355945956,,0,
102.0,49.0,0,-219.31143405486364,,0,
103.0,49.0,0,-280.6892979062395,-393.136975,1,-112.44767709376049
104.0,49.0,0,-327.9523575900239,,0,
105.0,49.0,0,-362.04525373189244,,0,
106.0,49.0,0,-382.4072667385917,,0,
107.0,49.0,0,-387.9344568524102,-370.906589,1,17.027867852410225
108.0,49.0,0,-377.7846391244675,,0,
109.0,49.0,0,-352.0232529514469,,0,
110.0,49.0,0,-313.0760547023092,,0,
111.0,49.0,0,-265.11220058531035,-276.207346,1,-11.095145414689625
112.0,49.0,0,-213.9562716736691,,0,
113.0,49.0,0,-167.30689325754065,,0,
114.0,49.0,0,-132.6210379912518,,0,
115.0,49.0,0,-116.09309164929437,55.881303,1,171.97439464929437
116.0,49.0,0,-122.37981544231297,,0,
117.0,49.0,0,-143.64272857212927,,0,
118.0,49.0,0,-172.53863869135967,,0,
119.0,49.0,0,-202.16375614411663,-344.498598,1,-142.33484185588338
120.0,49.0,0,-225.54251920612296,,0,
121.0,49.0,0,-245.0545129692182,,0,
122.0,49.0,0,-261.84366146923276,,0,
123.0,49.0,0,-275.03246651787776,-358.732362,1,-83.69989548212226
124.0,49.0,0,-281.01213022181764,,0,
125.0,49.0,0,-274.6834787215339,,0,
126.0,49.0,0,-253.74839068349684,,0,
127.0,49.0,0,-215.67534598778002,-651.737136,1,-436.06179001221994
128.0,49.0,0,-153.50706547824666,,0,
129.0,49.0,0,-84.41678378428333,,0,
130.0,49.0,0,-20.087508014810737,,0,
131.0,49.0,0,31.607630494399928,67.635811,1,36.028180505600076
132.0,49.0,0,64.50615154590923,,0,
133.0,49.0,0,75.52973113430198,,0,
134.0,49.0,0,63.44822862156434,,0,
135.0,49.0,0,29.8682736675255,289.695138,1,259.8268643324745
136.0,49.0,0,-24.813128666661214,,0,
137.0,49.0,0,-86.84810230974108,,0,
138.0,49.0,0,-147.61927198711783,,0,
139.0,49.0,0,-203.23048899020068,-87.683001,1,115.54748799020068
140.0,49.0,0,-253.2445685727289,,0,
141.0,49.0,0,-292.23832055495586,,0,
142.0,49.0,0,-318.49185524578206,,0,
143.0,49.0,0,-334.48687390750274,-151.75652,1,182.73035390750275
144.0,49.0,0,-345.16528991877567,,0,
145.0,49.0,0,-354.80531601817347,,0,
146.0,49.0,0,-362.7630127139855,,0,
147.0,49.0,0,-366.766158509301,-235.641523,1,131.12463550930102
148.0,49.0,0,-364.9427592412103,,0,
149.0,49.0,0,-356.28617583797313,,0,
150.0,49.0,0,-341.4763750961283,,0,
151.0,49.0,0,-323.03643471118994,-281.646391,1,41.390043711189946
152.0,49.0,0,-305.5628433576785,,0,
153.0,49.0,0,-292.1530265954789,,0,
154.0,49.0,0,-285.8506241522264,,0,
155.0,49.0,0,-288.11673035263084,-335.689805,1,-47.57307464736914
156.0,49.0,0,-298.02704838244244,,0,
157.0,49.0,0,-315.8420319943689,,0,
158.0,49.0,0,-338.9940052597085,,0,
159.0,49.0,0,-360.8536387181375,-464.410883,1,-103.5572442818625
160.0,49.0,0,-372.6503428311553,,0,
161.0,49.0,0,-372.5906516883988,,0,
162.0,49.0,0,-359.2048167878529,,0,
163.0,49.0,0,-331.7198609954212,-225.233354,1,106.4865069954212
164.0,49.0,0,-290.6842777763959,,0,
165.0,49.0,0,-238.36927899438888,,0,
166.0,49.0,0,-179.27168298442848,,0,
167.0,49.0,0,-120.31609364412725,77.38673,1,197.70282364412725
168.0,49.0,0,-71.39415276132058,,0,
169.0,49.0,0,-31.106765198521316,,0,
170.0,49.0,0,1.0704055209644139,,0,
171.0,49.0,0,26.386958034709096,-121.15814,1,-147.5450980347091
172.0,49.0,0,48.200529645895585,,0,
173.0,49.0,0,70.10871734237298,,0,
174.0,49.0,0,91.11456931196153,,0,
175.0,49.0,0,109.47039326187223,-332.143303,1,-441.61369626187224
176.0,49.0,0,124.01987589104101,,0,
177.0,49.0,0,133.9405865976587,,0,
178.0,49.0,0,139.984621347161,,0,
179.0,49.0,0,147.57672965759411,-302.773351,1,-450.3500806575941
180.0,49.0,0,168.64718367136084,,0,
181.0,49.0,0,190.8523099455051,,0,
182.0,49.0,0,207.91631271201186,,0,
183.0,49.0,0,217.54394359258004,-152.121354,1,-369.66529759258003
184.0,49.0,0,219.39339953754097,,0,
185.0,49.0,0,214.54036340443417,,0,
186.0,49.0,0,204.4450685486663,,0,
187.0,49.0,0,189.89518951857463,-41.007676,1,-230.90286551857463
188.0,49.0,0,171.44498814851977,,0,
189.0,49.0,0,149.86456653755158,,0,
190.0,49.0,0,126.01093982858583,,0,
191.0,49.0,0,102.0521429348737,-20.843439,1,-122.8955819348737
192.0,49.0,0,82.55416363314725,,0,
193.0,49.0,0,66.42137285228819,,0,
194.0,49.0,0,54.91616502671968,,0,
195.0,49.0,0,50.02292241109535,-274.330593,1,-324.3535154110954
196.0,49.0,0,53.15872217062861,,0,
197.0,49.0,0,63.858125074766576,,0,
198.0,49.0,0,76.89621521951631,,0,
199.0,49.0,0,85.4397018183954,304.586849,1,219.14714718160457
