x,y,cluster,trend,value,set,residual
0.0,0.0,0,499.79358178470284,474.224075,1,-25.56950678470281
1.0,0.0,0,499.0961440708488,,0,
2.0,0.0,0,494.55832108901814,,0,
3.0,0.0,0,483.60529643297195,,0,
4.0,0.0,0,463.4069122867659,,0,
5.0,0.0,0,430.9552497006953,,0,
6.0,0.0,0,383.79058630764484,,0,
7.0,0.0,0,321.71646833373234,,0,
8.0,0.0,0,247.80043684970587,543.684405,1,295.8839681502941
9.0,0.0,0,166.5843237612862,,0,
10.0,0.0,0,82.5464676162228,,0,
11.0,0.0,0,-0.1092913975007832,,0,
12.0,0.0,0,-77.50838060025126,,0,
13.0,0.0,0,-146.4878173058387,,0,
14.0,0.0,0,-205.1035664177034,,0,
15.0,0.0,0,-252.42302226787433,,0,
16.0,0.0,0,-288.76083420356736,-295.860241,1,-7.099406796432618
17.0,0.0,0,-317.38712930621114,,0,
18.0,0.0,0,-341.5129811158404,,0,
19.0,0.0,0,-363.2022960437462,,0,
20.0,0.0,0,-383.7799722990021,,0,
21.0,0.0,0,-404.1043108997401,,0,
22.0,0.0,0,-424.65429296705406,,0,
23.0,0.0,0,-445.12083118595183,,0,
24.0,0.0,0,-463.79961303435266,-512.422377,1,-48.62276396564732
25.0,0.0,0,-477.91571028437465,,0,
26.0,0.0,0,-487.45600349339657,,0,
27.0,0.0,0,-492.01376860029995,,0,
28.0,0.0,0,-491.0800498924218,,0,
29.0,0.0,0,-484.48240047247964,,0,
30.0,0.0,0,-472.8567194226198,,0,
31.0,0.0,0,-458.0171394844074,,0,
32.0,0.0,0,-442.3106721499935,-306.832567,1,135.4781051499935
33.0,0.0,0,-427.2071553085698,,0,
34.0,0.0,0,-414.15726973558776,,0,
35.0,0.0,0,-404.87509648455307,,0,
36.0,0.0,0,-400.9787950976752,,0,
37.0,0.0,0,-403.63844861474354,,0,
38.0,0.0,0,-413.49660262209363,,0,
39.0,0.0,0,-431.255283893086,,0,
40.0,0.0,0,-459.0548319949303,-277.807808,1,181.24702399493026
41.0,0.0,0,-501.2111660116352,,0,
42.0,0.0,0,-551.7385646908078,,0,
43.0,0.0,0,-606.4865168235265,,0,
44.0,0.0,0,-662.1719506522641,,0,
45.0,0.0,0,-715.2899419098394,,0,
46.0,0.0,0,-761.7831721656257,,0,
47.0,0.0,0,-797.6207291057799,,0,
48.0,0.0,0,-821.017264645081,-834.016074,1,-12.99880935491899
49.0,0.0,0,-834.3322010944248,,0,
50.0,0.0,0,-839.867741084192,,0,
51.0,0.0,0,-838.6454434962943,,0,
52.0,0.0,0,-831.1509624721948,,0,
53.0,0.0,0,-817.8132238381077,,0,
54.0,0.0,0,-799.0043264962733,,0,
55.0,0.0,0,-774.6134239549283,,0,
56.0,0.0,0,-744.4256113904994,-767.857072,1,-23.43146060950062
57.0,0.0,0,-709.5011206894414,,0,
58.0,0.0,0,-670.7705015969696,,0,
59.0,0.0,0,-628.5046359009575,,0,
60.0,0.0,0,-582.5572831599275,,0,
61.0,0.0,0,-532.5266280235373,,0,
62.0,0.0,0,-477.86623489891645,,0,
63.0,0.0,0,-418.01660381944384,,0,
64.0,0.0,0,-352.17253668466583,-440.568104,1,-88.39556731533418
65.0,0.0,0,-278.72918539249804,,0,
66.0,0.0,0,-201.0988232360687,,0,
67.0,0.0,0,-121.73365106643178,,0,
68.0,0.0,0,-42.56846281385515,,0,
69.0,0.0,0,34.477975163114024,,0,
70.0,0.0,3,107.22734294540714,,0,
71.0,0.0,3,172.87640415108763,,0,
72.0,0.0,3,227.0098884504987,410.148254,1,183.13836554950132
73.0,0.0,3,262.6842548821005,,0,
74.0,0.0,3,282.78646625351394,,0,
75.0,0.0,3,287.79274756787345,,0,
76.0,0.0,3,276.97639456379693,,0,
77.0,0.0,3,249.94781351473648,,0,
78.0,0.0,3,207.57343173911795,,0,
79.0,0.0,3,152.01910588727333,,0,
80.0,0.0,3,86.53949842310976,37.125652,1,-49.41384642310976
81.0,0.0,3,16.00245013856329,,0,
82.0,0.0,3,-55.007738440617686,,0,
83.0,0.0,3,-122.88733060227241,,0,
84.0,0.0,3,-184.8616553096217,,0,
85.0,0.0,3,-239.02932359642,,0,
86.0,0.0,3,-284.64451101474697,,0,
87.0,0.0,3,-322.1599177252501,,0,
88.0,0.0,3,-352.5288117127493,-372.073892,1,-19.5450802872507
89.0,0.0,3,-376.3923536852817,,0,
90.0,0.0,3,-395.0702791925287,,0,
91.0,0.0,3,-409.2304556799354,,0,
92.0,0.0,3,-419.1465754840174,,0,
93.0,0.0,3,-425.0726022119925,,0,
94.0,0.0,3,-427.5426413054811,,0,
95.0,0.0,3,-427.4437062611105,,0,
96.0,0.0,3,-425.863615881477,-258.137721,1,167.72589488147702
97.0,0.0,3,-423.93592212881777,,0,
98.0,0.0,3,-422.58998504558986,,0,
99.0,0.0,3,-422.41784357093275,,0,
100.0,0.0,3,-423.6181941207906,,0,
101.0,0.0,3,-425.9649033640744,,0,
102.0,0.0,3,-428.86443882790627,,0,
103.0,0.0,3,-431.67589663143735,,0,
104.0,0.0,3,-434.08510070390184,-418.693301,1,15.391799703901825
105.0,0.0,3,-435.9625061165134,,0,
106.0,0.0,3,-436.12785084656207,,0,
107.0,0.0,3,-433.4678463061573,,0,
108.0,0.0,3,-427.0493563411728,,0,
109.0,0.0,3,-416.3089707652107,,0,
110.0,0.0,3,-401.4139878845308,,0,
111.0,0.0,3,-383.6460369001725,,0,
112.0,0.0,3,-366.25986958229623,-149.963232,1,216.29663758229623
113.0,0.0,3,-355.28414551189053,,0,
114.0,0.0,3,-344.9259827447386,,0,
115.0,0.0,3,-332.32357872626744,,0,
116.0,0.0,3,-316.71064429693797,,0,
117.0,0.0,3,-298.46404465282103,,0,
118.0,0.0,3,-278.82367527630413,,0,
119.0,0.0,3,-259.7220548527548,,0,
120.0,0.0,3,-242.79766844901314,-40.037057,1,202.76061144901314
121.0,0.0,3,-227.6619020748185,,0,
122.0,0.0,3,-213.73230388306547,,0,
123.0,0.0,3,-200.8849460950005,,0,
124.0,0.0,3,-189.01866431595408,,0,
125.0,0.0,3,-177.56496152360342,,0,
126.0,0.0,3,-164.98372019443195,,0,
127.0,0.0,3,-148.22866303584306,,0,
128.0,0.0,3,-124.83696252090158,-536.922796,1,-412.08583347909837
129.0,0.0,3,-97.77214788243873,,0,
130.0,0.0,3,-70.68296865929733,,0,
131.0,0.0,3,-46.00486270792317,,0,
132.0,0.0,1,-25.495849675440695,,0,
133.0,0.0,1,-10.429503644467331,,0,
134.0,0.0,1,-1.8359451147262007,,0,
135.0,0.0,1,-1.1382156613981351,,0,
136.0,0.0,1,-9.049546043796,194.130635,1,203.180181043796
137.0,0.0,1,-22.29777751455549,,0,
138.0,0.0,1,-37.21008733171038,,0,
139.0,0.0,1,-51.227079302538186,,0,
140.0,0.0,1,-62.61000118183438,,0,
141.0,0.0,1,-70.2678670368623,,0,
142.0,0.0,1,-73.70649958786089,,0,
143.0,0.0,1,-73.73037214158103,,0,
144.0,0.0,1,-73.65711602679221,54.862272,1,128.5193880267922
145.0,0.0,1,-79.00961403141264,,0,
146.0,0.0,1,-87.99649748945376,,0,
147.0,0.0,1,-100.12995863927063,,0,
148.0,0.0,1,-115.81374922476243,,0,
149.0,0.0,1,-135.94732345605735,,0,
150.0,0.0,1,-161.80300630506827,,0,
151.0,0.0,1,-194.3426605355926,,0,
152.0,0.0,1,-233.81868986965856,-154.18491,1,79.63377986965855
153.0,0.0,1,-280.71714795118896,,0,
154.0,0.0,1,-331.0288629902061,,0,
155.0,0.0,1,-381.7098273097072,,0,
156.0,0.0,1,-430.23884007980814,,0,
157.0,0.0,1,-474.13906900864094,,0,
158.0,0.0,1,-511.0138297874946,,0,
159.0,0.0,1,-539.6343907630071,,0,
160.0,0.0,1,-561.4787424389506,-445.432528,1,116.04621443895059
161.0,0.0,1,-580.279336394975,,0,
162.0,0.0,1,-593.2131995114032,,0,
163.0,0.0,1,-598.718194056768,,0,
164.0,0.0,1,-596.2456910934998,,0,
165.0,0.0,1,-586.1494742590003,,0,
166.0,0.0,1,-570.1706383671844,,0,
167.0,0.0,1,-551.9809564143652,,0,
168.0,0.0,1,-535.4698241342558,-78.945016,1,456.52480813425575
169.0,0.0,1,-520.8356353587587,,0,
170.0,0.0,2,-507.82004513416905,,0,
171.0,0.0,2,-496.91755152412225,,0,
172.0,0.0,2,-488.7127242789138,,0,
173.0,0.0,2,-483.4043896731455,,0,
174.0,0.0,2,-480.5896182321012,,0,
175.0,0.0,2,-479.4991055317223,,0,
176.0,0.0,2,-478.8736519989325,-592.861293,1,-113.98764100106757
177.0,0.0,2,-476.03992966999067,,0,
178.0,0.0,2,-474.0663154893555,,0,
179.0,0.0,2,-473.80624682852067,,0,
180.0,0.0,2,-474.3993431342533,,0,
181.0,0.0,2,-474.2793908294989,,0,
182.0,0.0,2,-472.40137507219333,,0,
183.0,0.0,2,-469.14209112827666,,0,
184.0,0.0,2,-466.2052399790846,-394.644113,1,71.56112697908458
185.0,0.0,2,-466.11749750119634,,0,
186.0,0.0,2,-467.01698181731626,,0,
187.0,0.0,2,-467.416953911772,,0,
188.0,0.0,2,-465.8272240294609,,0,
189.0,0.0,2,-460.3173111291253,,0,
190.0,0.0,2,-448.6489797527902,,0,
191.0,0.0,2,-429.62319628801197,,0,
192.0,0.0,2,-404.089495993685,-159.284279,1,244.80521699368498
193.0,0.0,2,-373.2008409863338,,0,
194.0,0.0,2,-337.78940100432374,,0,
195.0,0.0,2,-298.38294397620484,,0,
196.0,0.0,2,-255.28400955046527,,0,
197.0,0.0,2,-209.05743747064844,,0,
198.0,0.0,2,-161.60024266620167,,0,
199.0,0.0,2,-117.38031626469456,,0,
0.0,1.0,0,498.7181897740811,,0,
1.0,1.0,0,501.6737310967874,,0,
2.0,1.0,0,501.4435070399195,,0,
3.0,1.0,0,495.2629568646662,,0,
4.0,1.0,0,479.86298685660586,,0,
5.0,1.0,0,451.3467675501015,,0,
6.0,1.0,0,405.6267946239095,,0,
7.0,1.0,0,341.3415330075659,682.988364,1,341.64683099243416
8.0,1.0,0,263.6565664242953,,0,
9.0,1.0,0,178.4778157521505,,0,
10.0,1.0,0,90.58462074492127,,0,
11.0,1.0,0,4.495627970900387,,0,
12.0,1.0,0,-75.26736568333581,,0,
13.0,1.0,0,-144.73753465828486,,0,
14.0,1.0,0,-201.8989466095809,,0,
15.0,1.0,0,-246.80460908962414,-363.506878,1,-116.70226891037584
16.0,1.0,0,-279.1223979364149,,0,
17.0,1.0,0,-304.4497519058641,,0,
18.0,1.0,0,-326.22764721000567,,0,
19.0,1.0,0,-346.41806641733274,,0,
20.0,1.0,0,-366.19124356796965,,0,
21.0,1.0,0,-386.2506366094458,,0,
22.0,1.0,0,-407.24362344830297,,0,
23.0,1.0,0,-429.1859032858629,-368.544611,1,60.6412922858629
24.0,1.0,0,-449.6682482773904,,0,
25.0,1.0,0,-466.09921884397045,,0,
26.0,1.0,0,-477.5141138967592,,0,
27.0,1.0,0,-483.29560296982527,,0,
28.0,1.0,0,-482.69445920875296,,0,
29.0,1.0,0,-475.1116284276359,,0,
30.0,1.0,0,-460.903106755577,,0,
31.0,1.0,0,-442.2719007995911,-395.289621,1,46.98227979959108
32.0,1.0,0,-422.7895081276074,,0,
33.0,1.0,0,-403.54937799600884,,0,
34.0,1.0,0,-386.29300763248466,,0,
35.0,1.0,0,-373.2117132109124,,0,
36.0,1.0,0,-366.47380806994624,,0,
37.0,1.0,0,-367.57636779284803,,0,
38.0,1.0,0,-376.90544069116004,,0,
39.0,1.0,0,-394.69250495452434,-453.353661,1,-58.66115604547565
40.0,1.0,0,-423.07961642788723,,0,
41.0,1.0,0,-463.75948290666565,,0,
42.0,1.0,0,-513.5336206896463,,0,
43.0,1.0,0,-568.4043853788171,,0,
44.0,1.0,0,-625.0603138119914,,0,
45.0,1.0,0,-679.9802501120139,,0,
46.0,1.0,0,-728.3643061640905,,0,
47.0,1.0,0,-764.8581462155562,-902.332336,1,-137.47418978444387
48.0,1.0,0,-786.8942932896316,,0,
49.0,1.0,0,-799.7656152787386,,0,
50.0,1.0,0,-805.7279009219492,,0,
51.0,1.0,0,-805.2976028241683,,0,
52.0,1.0,0,-798.5157755145337,,0,
53.0,1.0,0,-785.7764728749316,,0,
54.0,1.0,0,-767.8655275797937,,0,
55.0,1.0,0,-744.9026232506149,-807.936082,1,-63.033458749385204
56.0,1.0,0,-715.7972140819766,,0,
57.0,1.0,0,-682.5882378295064,,0,
58.0,1.0,0,-646.1826847379562,,0,
59.0,1.0,0,-606.6583480210975,,0,
60.0,1.0,0,-563.6402111685602,,0,
61.0,1.0,0,-516.4892916618846,,0,
62.0,1.0,0,-464.3534423239762,,0,
63.0,1.0,0,-406.32337193377316,-538.058448,1,-131.73507606622684
64.0,1.0,0,-341.7633497538045,,0,
65.0,1.0,0,-270.5098607753753,,0,
66.0,1.0,0,-194.64242070016917,,0,
67.0,1.0,0,-116.58579440694302,,0,
68.0,1.0,0,-38.34260371886194,,0,
69.0,1.0,0,38.18631511280546,,0,
70.0,1.0,3,110.84051280922722,,0,
71.0,1.0,3,176.7024466266157,201.262991,1,24.56054437338429
72.0,1.0,3,231.40426073980052,,0,
73.0,1.0,3,270.64047624650993,,0,
74.0,1.0,3,294.19154896843247,,0,
75.0,1.0,3,301.8499006240163,,0,
76.0,1.0,3,292.1285057826899,,0,
77.0,1.0,3,263.7683170255623,,0,
78.0,1.0,3,217.60727498697815,,0,
79.0,1.0,3,156.96740489359945,221.533581,1,64.56617610640055
80.0,1.0,3,85.42048058588989,,0,
81.0,1.0,3,9.565931636025198,,0,
82.0,1.0,3,-65.60272936371621,,0,
83.0,1.0,3,-136.33772467949893,,0,
84.0,1.0,3,-199.71934738149866,,0,
85.0,1.0,3,-253.55796797430958,,0,
86.0,1.0,3,-297.1037051901221,,0,
87.0,1.0,3,-331.6684979372658,-401.30109,1,-69.6325920627342
88.0,1.0,3,-359.1620678709005,,0,
89.0,1.0,3,-380.9695017414342,,0,
90.0,1.0,3,-398.17979385421495,,0,
91.0,1.0,3,-411.2721510315314,,0,
92.0,1.0,3,-420.19377394294133,,0,
93.0,1.0,3,-424.8621060316218,,0,
94.0,1.0,3,-425.7420297531062,,0,
95.0,1.0,3,-424.0056195615325,-428.033593,1,-4.027973438467484
96.0,1.0,3,-421.0408391333185,,0,
97.0,1.0,3,-418.316152204643,,0,
98.0,1.0,3,-416.96784936235053,,0,
99.0,1.0,3,-417.7304639611393,,0,
100.0,1.0,3,-420.87370539299445,,0,
101.0,1.0,3,-426.1403223836969,,0,
102.0,1.0,3,-432.6638406527927,,0,
103.0,1.0,3,-439.4152619714732,-471.260221,1,-31.844959028526773
104.0,1.0,3,-446.25027432557545,,0,
105.0,1.0,3,-452.8465372090868,,0,
106.0,1.0,3,-458.0512672761688,,0,
107.0,1.0,3,-460.48056451871525,,0,
108.0,1.0,3,-458.88297638474614,,0,
109.0,1.0,3,-452.3498405479186,,0,
110.0,1.0,3,-440.90361642400967,,0,
111.0,1.0,3,-426.18760210630717,-435.581146,1,-9.393543893692822
112.0,1.0,3,-411.5467237702542,,0,
113.0,1.0,3,-399.6672211426776,,0,
114.0,1.0,3,-387.84717695368454,,0,
115.0,1.0,3,-373.14092875336064,,0,
116.0,1.0,3,-354.57984187169495,,0,
117.0,1.0,3,-332.66495465216576,,0,
118.0,1.0,3,-308.94528555695433,,0,
119.0,1.0,3,-285.74963929736987,-207.56239,1,78.18724929736987
120.0,1.0,3,-265.900235688503,,0,
121.0,1.0,3,-247.74701118958183,,0,
122.0,1.0,3,-230.68733855776372,,0,
123.0,1.0,3,-214.84983374772128,,0,
124.0,1.0,3,-200.5255784789042,,0,
125.0,1.0,3,-187.45752690752852,,0,
126.0,1.0,3,-174.1504028859199,,0,
127.0,1.0,3,-157.15549447655212,-369.46331,1,-212.30781552344786
128.0,1.0,3,-130.66017774221837,,0,
129.0,1.0,3,-100.86867518781219,,0,
130.0,1.0,3,-71.6181779903709,,0,
131.0,1.0,3,-45.337896968005225,,0,
132.0,1.0,1,-23.928500260139117,,0,
133.0,1.0,1,-8.692631862679264,,0,
134.0,1.0,1,-0.34983182698488235,,0,
135.0,1.0,1,-0.09547345846658573,154.75282,1,154.8482934584666
136.0,1.0,1,-10.774939576978795,,0,
137.0,1.0,1,-26.58645851086476,,0,
138.0,1.0,1,-43.55077881907346,,0,
139.0,1.0,1,-58.98541176132858,,0,
140.0,1.0,1,-71.14034853834892,,0,
141.0,1.0,1,-79.10535312013235,,0,
142.0,1.0,1,-82.1395105564734,,0,
143.0,1.0,1,-80.50859609706094,-24.745336,1,55.76326009706094
144.0,1.0,1,-78.56978546932805,,0,
145.0,1.0,1,-80.6096945971949,,0,
146.0,1.0,1,-86.84883693791926,,0,
147.0,1.0,1,-96.7622883633012,,0,
148.0,1.0,1,-110.51573960494716,,0,
149.0,1.0,1,-128.9839202093426,,0,
150.0,1.0,1,-154.07829584099818,,0,
151.0,1.0,1,-187.730234722374,-178.126555,1,9.603679722374011
152.0,1.0,1,-229.48058138560737,,0,
153.0,1.0,1,-278.0778814913356,,0,
154.0,1.0,1,-330.6249743361259,,0,
155.0,1.0,1,-384.0821011054795,,0,
156.0,1.0,1,-435.8626312586712,,0,
157.0,1.0,1,-483.39289068011567,,0,
158.0,1.0,1,-523.4629930461524,,0,
159.0,1.0,1,-553.6833898563636,-584.719363,1,-31.035973143636397
160.0,1.0,1,-576.521157951327,,0,
161.0,1.0,1,-594.5828635781072,,0,
162.0,1.0,1,-606.6504801453557,,0,
163.0,1.0,1,-610.8635350473924,,0,
164.0,1.0,1,-606.1033800357254,,0,
165.0,1.0,1,-592.1364664628636,,0,
166.0,1.0,1,-570.403186932439,,0,
167.0,1.0,1,-545.0999233898474,-389.302605,1,155.79731838984736
168.0,1.0,1,-523.0458966284059,,0,
169.0,1.0,1,-502.4370135474601,,0,
170.0,1.0,2,-483.22781438275706,,0,
171.0,1.0,2,-466.3738112889696,,0,
172.0,1.0,2,-452.88932171300985,,0,
173.0,1.0,2,-443.20726756367367,,0,
174.0,1.0,2,-436.6334223622689,,0,
175.0,1.0,2,-431.8629548182944,-600.402824,1,-168.53986918170563
176.0,1.0,2,-428.2161759438459,,0,
177.0,1.0,2,-425.30855846824124,,0,
178.0,1.0,2,-424.79237124719657,,0,
179.0,1.0,2,-427.52850865595974,,0,
180.0,1.0,2,-432.2452938137576,,0,
181.0,1.0,2,-436.13369851972675,,0,
182.0,1.0,2,-437.13646354014054,,0,
183.0,1.0,2,-436.1952502259519,-588.105178,1,-151.90992777404813
184.0,1.0,2,-435.86238906614017,,0,
185.0,1.0,2,-437.91813490062486,,0,
186.0,1.0,2,-441.6106703513069,,0,
187.0,1.0,2,-445.45896265585907,,0,
188.0,1.0,2,-447.91124826320447,,0,
189.0,1.0,2,-446.8157697923016,,0,
190.0,1.0,2,-438.75837154954206,,0,
191.0,1.0,2,-421.0389030750375,-393.093982,1,27.94492107503754
192.0,1.0,2,-396.24237302248366,,0,
193.0,1.0,2,-366.158978313033,,0,
194.0,1.0,2,-331.84536203788593,,0,
195.0,1.0,2,-293.80324801406823,,0,
196.0,1.0,2,-251.92849927477073,,0,
197.0,1.0,2,-205.86761663400102,,0,
198.0,1.0,2,-156.69119373476133,,0,
199.0,1.0,2,-109.42821796191856,140.971135,1,250.39935296191857
0.0,2.0,0,491.9488063296303,,0,
1.0,2.0,0,498.11309780250303,,0,
2.0,2.0,0,501.6851540328935,,0,
3.0,2.0,0,499.8548079878092,,0,
4.0,2.0,0,489.11595323635265,,0,
5.0,2.0,0,464.75192359415814,,0,
6.0,2.0,0,421.2843050309457,636.819659,1,215.5353539690543
7.0,2.0,0,355.21290705446154,,0,
8.0,2.0,0,275.7396747879684,,0,
9.0,2.0,0,188.85339790745638,,0,
10.0,2.0,0,99.08100388245657,,0,
11.0,2.0,0,11.076817363034934,,0,
12.0,2.0,0,-69.84888572851196,,0,
13.0,2.0,0,-138.24018031457672,,0,
14.0,2.0,0,-191.22633749712259,-339.793805,1,-148.56746750287743
15.0,2.0,0,-231.1522237919271,,0,
16.0,2.0,0,-260.8569249440916,,0,
17.0,2.0,0,-284.3852261141874,,0,
18.0,2.0,0,-305.0878777145408,,0,
19.0,2.0,0,-324.9504416678101,,0,
20.0,2.0,0,-345.030398049159,,0,
21.0,2.0,0,-365.7445330211194,,0,
22.0,2.0,0,-387.5211249459535,-308.543502,1,78.9776229459535
23.0,2.0,0,-411.41562877455726,,0,
24.0,2.0,0,-433.93313997611403,,0,
25.0,2.0,0,-452.6754796272144,,0,
26.0,2.0,0,-466.2655196536798,,0,
27.0,2.0,0,-473.7175081477035,,0,
28.0,2.0,0,-474.10028893174604,,0,
29.0,2.0,0,-466.2897044358833,,0,
30.0,2.0,0,-449.96433295938186,-489.537949,1,-39.57361604061816
31.0,2.0,0,-428.1882042749785,,0,
32.0,2.0,0,-404.4389114836231,,0,
33.0,2.0,0,-380.6566464663483,,0,
34.0,2.0,0,-358.7743120145751,,0,
35.0,2.0,0,-341.3902840828523,,0,
36.0,2.0,0,-331.4850749517791,,0,
37.0,2.0,0,-331.197308228584,,0,
38.0,2.0,0,-340.5632511806907,-385.471731,1,-44.908479819309264
39.0,2.0,0,-358.4308258127421,,0,
40.0,2.0,0,-386.4262981074862,,0,
41.0,2.0,0,-424.90671451273374,,0,
42.0,2.0,0,-471.9232093032915,,0,
43.0,2.0,0,-524.4070685259067,,0,
44.0,2.0,0,-579.2440008721314,,0,
45.0,2.0,0,-633.116955449892,,0,
46.0,2.0,0,-681.1514069002587,-866.284542,1,-185.13313509974125
47.0,2.0,0,-715.3347549214959,,0,
48.0,2.0,0,-738.0194197122473,,0,
49.0,2.0,0,-752.4150122902938,,0,
50.0,2.0,0,-760.3551332337665,,0,
51.0,2.0,0,-761.9650915039238,,0,
52.0,2.0,0,-756.5533060766757,,0,
53.0,2.0,0,-744.3011126974015,,0,
54.0,2.0,0,-726.9384649374988,-642.391992,1,84.54647293749883
55.0,2.0,0,-704.945658876095,,0,
56.0,2.0,0,-678.2499850434251,,0,
57.0,2.0,0,-647.9893400116125,,0,
58.0,2.0,0,-614.9896737881936,,0,
59.0,2.0,0,-579.2081190261524,,0,
60.0,2.0,0,-540.0085867358139,,0,
61.0,2.0,0,-496.49530032138864,,0,
62.0,2.0,0,-447.6738683633739,-474.525323,1,-26.8514546366261
63.0,2.0,0,-392.2217220499879,,0,
64.0,2.0,0,-330.29018085927237,,0,
65.0,2.0,0,-262.31221509643365,,0,
66.0,2.0,0,-189.74635903007584,,0,
67.0,2.0,0,-114.6633159564808,,0,
68.0,2.0,0,-39.08460462791845,,0,
69.0,2.0,0,35.13637955422746,,0,
70.0,2.0,3,105.94793129345635,109.882826,1,3.934894706543645
71.0,2.0,3,170.57921547011938,,0,
72.0,2.0,3,225.55381078959908,,0,
73.0,2.0,3,267.7577887563966,,0,
74.0,2.0,3,295.4338515116833,,0,
75.0,2.0,3,306.90279870084487,,0,
76.0,2.0,3,299.44255282799713,,0,
77.0,2.0,3,270.2239317097119,,0,
78.0,2.0,3,219.51427656342275,314.957705,1,95.44342843657722
79.0,2.0,3,153.13177819550037,,0,
80.0,2.0,3,77.25353287742473,,0,
81.0,2.0,3,-2.0128451238269918,,0,
82.0,2.0,3,-79.47576817322988,,0,
83.0,2.0,3,-151.24443616659846,,0,
84.0,2.0,3,-214.45713722286746,,0,
85.0,2.0,3,-266.54396814934444,,0,
86.0,2.0,3,-306.11787682713475,-386.825535,1,-80.70765817286525
87.0,2.0,3,-336.2698788786074,,0,
88.0,2.0,3,-360.2094354328583,,0,
89.0,2.0,3,-379.6801536331186,,0,
90.0,2.0,3,-395.55736376473214,,0,
91.0,2.0,3,-407.94601766054984,,0,
92.0,2.0,3,-416.26289719279157,,0,
93.0,2.0,3,-419.82958328106906,,0,
94.0,2.0,3,-418.92861657292815,-465.607626,1,-46.67900942707183
95.0,2.0,3,-415.3199055591831,,0,
96.0,2.0,3,-410.8990695620887,,0,
97.0,2.0,3,-407.3209591138875,,0,
98.0,2.0,3,-405.9403738967085,,0,
99.0,2.0,3,-407.67209737410303,,0,
100.0,2.0,3,-412.8731234623119,,0,
101.0,2.0,3,-421.29827451813617,,0,
102.0,2.0,3,-431.9920178061584,-475.231743,1,-43.23972519384159
103.0,2.0,3,-443.1735227742465,,0,
104.0,2.0,3,-455.16775149680325,,0,
105.0,2.0,3,-467.3987692236551,,0,
106.0,2.0,3,-478.5458118194365,,0,
107.0,2.0,3,-487.007040456112,,0,
108.0,2.0,3,-491.31241050941753,,0,
109.0,2.0,3,-490.193335430522,,0,
110.0,2.0,3,-483.2462122652214,-616.895036,1,-133.6488237347786
111.0,2.0,3,-472.6325029315776,,0,
112.0,2.0,3,-460.93065185600426,,0,
113.0,2.0,3,-449.11142734784517,,0,
114.0,2.0,3,-435.66345144613297,,0,
115.0,2.0,3,-418.3937884933548,,0,
116.0,2.0,3,-396.40167107131856,,0,
117.0,2.0,3,-370.5467682873714,,0,
118.0,2.0,3,-342.936564790376,-326.686436,1,16.25012879037598
119.0,2.0,3,-316.3993599911337,,0,
120.0,2.0,3,-292.3374217353121,,0,
121.0,2.0,3,-270.10136265296023,,0,
122.0,2.0,3,-248.92477958637755,,0,
123.0,2.0,3,-228.90810357278679,,0,
124.0,2.0,3,-210.8076725525898,,0,
125.0,2.0,3,-194.74498063288047,,0,
126.0,2.0,3,-178.6881251645973,-184.351821,1,-5.663695835402706
127.0,2.0,3,-158.6942313479958,,0,
128.0,2.0,3,-132.10931615394657,,0,
129.0,2.0,3,-101.95457996075856,,0,
130.0,2.0,3,-72.05697476980276,,0,
131.0,2.0,3,-45.22080513741821,,0,
132.0,2.0,1,-23.879317908606026,,0,
133.0,2.0,1,-9.750352254050085,,0,
134.0,2.0,1,-3.3735110758570954,-111.579532,1,-108.2060209241429
135.0,2.0,1,-5.429712154320441,,0,
136.0,2.0,1,-16.32964886818081,,0,
137.0,2.0,1,-32.660553493653424,,0,
138.0,2.0,1,-50.314985371311195,,0,
139.0,2.0,1,-66.01093954453245,,0,
140.0,2.0,1,-77.7406524841208,,0,
141.0,2.0,1,-85.10978833923582,,0,
142.0,2.0,1,-87.97025812079664,-222.124311,1,-134.15405287920336
143.0,2.0,1,-84.82018148980569,,0,
144.0,2.0,1,-81.44642883230699,,0,
145.0,2.0,1,-81.22738929258776,,0,
146.0,2.0,1,-85.1455430543283,,0,
147.0,2.0,1,-93.21157663373742,,0,
148.0,2.0,1,-105.44397827569628,,0,
149.0,2.0,1,-122.4895043350989,,0,
150.0,2.0,1,-146.48039938724833,-38.13988,1,108.34051938724832
151.0,2.0,1,-181.19294788490515,,0,
152.0,2.0,1,-224.24553655297495,,0,
153.0,2.0,1,-273.78387458989164,,0,
154.0,2.0,1,-327.4800900975242,,0,
155.0,2.0,1,-382.5972602214897,,0,
156.0,2.0,1,-436.5807711483794,,0,
157.0,2.0,1,-487.0705020284513,,0,
158.0,2.0,1,-530.8747971707489,-698.9366,1,-168.06180282925106
159.0,2.0,1,-562.9316615210846,,0,
160.0,2.0,1,-587.4862197886687,,0,
161.0,2.0,1,-606.1472575175576,,0,
162.0,2.0,1,-618.1414786548121,,0,
163.0,2.0,1,-621.8959293876542,,0,
164.0,2.0,1,-615.9447065208806,,0,
165.0,2.0,1,-599.3670903026359,,0,
166.0,2.0,1,-573.2510309084319,-450.623618,1,122.62741290843184
167.0,2.0,1,-542.6793551791925,,0,
168.0,2.0,1,-512.7502292960417,,0,
169.0,2.0,1,-484.20846496522427,,0,
170.0,2.0,2,-457.22487930499483,,0,
171.0,2.0,2,-432.89610786526464,,0,
172.0,2.0,2,-412.67283129051793,,0,
173.0,2.0,2,-397.3582740275888,,0,
174.0,2.0,2,-386.01600606762804,-444.925951,1,-58.90994493237196
175.0,2.0,2,-376.26394918526057,,0,
176.0,2.0,2,-368.99213821988087,,0,
177.0,2.0,2,-365.0531367158983,,0,
178.0,2.0,2,-365.79859852720983,,0,
179.0,2.0,2,-371.94526575296186,,0,
180.0,2.0,2,-382.03024339012336,,0,
181.0,2.0,2,-391.4593236426008,,0,
182.0,2.0,2,-395.68380824499764,-672.883836,1,-277.20002775500234
183.0,2.0,2,-397.41903988528065,,0,
184.0,2.0,2,-400.1433441507397,,0,
185.0,2.0,2,-405.0987802356831,,0,
186.0,2.0,2,-411.79292630869895,,0,
187.0,2.0,2,-418.94824097910896,,0,
188.0,2.0,2,-425.1317065821495,,0,
189.0,2.0,2,-428.3374662094284,,0,
190.0,2.0,2,-424.7462704188656,-613.131666,1,-188.3853955811344
191.0,2.0,2,-408.49584118113853,,0,
192.0,2.0,2,-384.6538540907204,,0,
193.0,2.0,2,-355.8127713537542,,0,
194.0,2.0,2,-323.26374551816843,,0,
195.0,2.0,2,-287.70480577624403,,0,
196.0,2.0,2,-248.95065407140646,,0,
197.0,2.0,2,-205.60182388988324,,0,
198.0,2.0,2,-157.38546332274564,-260.520963,1,-103.13549967725436
199.0,2.0,2,-110.53979023336433,,0,
0.0,3.0,0,478.468660664279,,0,
1.0,3.0,0,487.10872046044096,,0,
2.0,3.0,0,493.6681720970664,,0,
3.0,3.0,0,495.05624296469614,,0,
4.0,3.0,0,487.5031697116792,,0,
5.0,3.0,0,465.97677560162265,637.964308,1,171.9875323983773
6.0,3.0,0,422.5226845210418,,0,
7.0,3.0,0,359.48314159270376,,0,
8.0,3.0,0,282.7369512608275,,0,
9.0,3.0,0,197.8605764688691,,0,
10.0,3.0,0,109.34200618672185,,0,
11.0,3.0,0,21.901850105728954,,0,
12.0,3.0,0,-58.20928957965225,,0,
13.0,3.0,0,-123.9201001698384,-318.828084,1,-194.90798383016158
14.0,3.0,0,-171.0142631714698,,0,
15.0,3.0,0,-206.51938206143677,,0,
16.0,3.0,0,-234.33955341065302,,0,
17.0,3.0,0,-257.4672647526022,,0,
18.0,3.0,0,-278.53191912639886,,0,
19.0,3.0,0,-299.4559834324755,,0,
20.0,3.0,0,-321.29977413918823,,0,
21.0,3.0,0,-344.2584549379535,-283.500679,1,60.75777593795351
22.0,3.0,0,-368.43801701511256,,0,
23.0,3.0,0,-393.62922674487345,,0,
24.0,3.0,0,-417.6598528227769,,0,
25.0,3.0,0,-438.2390930701513,,0,
26.0,3.0,0,-453.6757725663483,,0,
27.0,3.0,0,-462.5617012907751,,0,
28.0,3.0,0,-463.7816876885481,,0,
29.0,3.0,0,-456.2449920254294,-570.988468,1,-114.74347597457063
30.0,3.0,0,-438.02106708381325,,0,
31.0,3.0,0,-413.7294842652045,,0,
32.0,3.0,0,-386.5428570052609,,0,
33.0,3.0,0,-358.6127980944002,,0,
34.0,3.0,0,-332.127666054992,,0,
35.0,3.0,0,-309.98614249774255,,0,
36.0,3.0,0,-296.23037409503013,,0,
37.0,3.0,0,-294.30133413214935,-165.224073,1,129.07726113214935
38.0,3.0,0,-302.9817761925515,,0,
39.0,3.0,0,-320.5859306547791,,0,
40.0,3.0,0,-347.24739789473824,,0,
41.0,3.0,0,-382.8402100526728,,0,
42.0,3.0,0,-425.9059023311129,,0,
43.0,3.0,0,-473.9649400457274,,0,
44.0,3.0,0,-524.1378836811054,,0,
45.0,3.0,0,-573.2355089151533,-662.601625,1,-89.36611608484668
46.0,3.0,0,-616.8356895672623,,0,
47.0,3.0,0,-650.5996004610788,,0,
48.0,3.0,0,-675.0642676113639,,0,
49.0,3.0,0,-692.298291320214,,0,
50.0,3.0,0,-703.4853217090713,,0,
51.0,3.0,0,-708.5156591874547,,0,
52.0,3.0,0,-705.6577633565757,,0,
53.0,3.0,0,-693.7527606729273,-630.204898,1,63.547862672927295
54.0,3.0,0,-677.0338089336874,,0,
55.0,3.0,0,-656.4403011209797,,0,
56.0,3.0,0,-632.5179670087527,,0,
57.0,3.0,0,-606.0149529173505,,0,
58.0,3.0,0,-577.376812915667,,0,
59.0,3.0,0,-546.3437943714671,,0,
60.0,3.0,0,-511.92014471185394,,0,
61.0,3.0,0,-472.7765413466841,-468.440649,1,4.335892346684091
62.0,3.0,0,-427.9818279815372,,0,
63.0,3.0,0,-376.7521711587906,,0,
64.0,3.0,0,-319.0424468134297,,0,
65.0,3.0,0,-255.41758768481668,,0,
66.0,3.0,0,-187.1561468668515,,0,
67.0,3.0,0,-116.2243671361357,,0,
68.0,3.0,0,-44.68052688159514,,0,
69.0,3.0,0,25.855210794281447,22.475374,1,-3.3798367942814487
70.0,3.0,3,93.72596611117478,,0,
71.0,3.0,3,156.4987478199182,,0,
72.0,3.0,3,211.30846381362062,,0,
73.0,3.0,3,255.38423017039895,,0,
74.0,3.0,3,286.3332116228994,,0,
75.0,3.0,3,301.49075269699097,,0,
76.0,3.0,3,296.53404402465094,,0,
77.0,3.0,3,266.6381409665337,452.382242,1,185.74410103346634
78.0,3.0,3,211.22122767881956,,0,
79.0,3.0,3,140.7858053665841,,0,
80.0,3.0,3,62.48360078420956,,0,
81.0,3.0,3,-17.916689740348374,,0,
82.0,3.0,3,-95.26620308402926,,0,
83.0,3.0,3,-165.4203524478944,,0,
84.0,3.0,3,-225.7576405807049,,0,
85.0,3.0,3,-274.44913752534194,-453.617325,1,-179.16818747465805
86.0,3.0,3,-308.2739789416082,,0,
87.0,3.0,3,-333.60003197100013,,0,
88.0,3.0,3,-354.026469139033,,0,
89.0,3.0,3,-371.26260027918033,,0,
90.0,3.0,3,-386.03164543333696,,0,
91.0,3.0,3,-398.1395868968684,,0,
92.0,3.0,3,-406.3033890929073,,0,
93.0,3.0,3,-408.96289511802024,-449.170623,1,-40.207727881979736
94.0,3.0,3,-406.2263613420073,,0,
95.0,3.0,3,-400.8992313509807,,0,
96.0,3.0,3,-395.1015829900862,,0,
97.0,3.0,3,-390.6589321048232,,0,
98.0,3.0,3,-389.19651420332957,,0,
99.0,3.0,3,-391.87354158237576,,0,
100.0,3.0,3,-399.1047303567466,,0,
101.0,3.0,3,-410.5258262855932,-505.862818,1,-95.33699171440679
102.0,3.0,3,-425.0985295524588,,0,
103.0,3.0,3,-441.6040647738264,,0,
104.0,3.0,3,-459.5682977695833,,0,
105.0,3.0,3,-478.20417543360963,,0,
106.0,3.0,3,-495.98431290303415,,0,
107.0,3.0,3,-510.93830723594874,,0,
108.0,3.0,3,-521.3656137597718,,0,
109.0,3.0,3,-526.1368241031305,-609.627525,1,-83.4907008968695
110.0,3.0,3,-523.7946612335509,,0,
111.0,3.0,3,-517.5137479898403,,0,
112.0,3.0,3,-509.0297983231285,,0,
113.0,3.0,3,-498.454395682842,,0,
114.0,3.0,3,-484.43470310315024,,0,
115.0,3.0,3,-465.01623223372735,,0,
116.0,3.0,3,-439.4803647986482,,0,
117.0,3.0,3,-409.6189232469769,-464.676743,1,-55.05781975302307
118.0,3.0,3,-378.40177686105017,,0,
119.0,3.0,3,-348.35871652676724,,0,
120.0,3.0,3,-320.4955942026718,,0,
121.0,3.0,3,-294.3385469429195,,0,
122.0,3.0,3,-268.9427215147298,,0,
123.0,3.0,3,-244.09031845792197,,0,
124.0,3.0,3,-221.2070073595387,,0,
125.0,3.0,3,-201.6256358337705,48.962097,1,250.5877328337705
126.0,3.0,3,-182.31962448073318,,0,
127.0,3.0,3,-159.77149999828544,,0,
128.0,3.0,3,-132.8318173479056,,0,
129.0,3.0,3,-103.2158840186894,,0,
130.0,3.0,3,-73.75137706421083,,0,
131.0,3.0,3,-47.09853137010941,,0,
132.0,3.0,1,-26.272949281526962,,0,
133.0,3.0,1,-13.94939146086108,-8.445853,1,5.50353846086108
134.0,3.0,1,-9.650734007707797,,0,
135.0,3.0,1,-12.694342067698017,,0,
136.0,3.0,1,-22.746373694739304,,0,
137.0,3.0,1,-37.9537882199802,,0,
138.0,3.0,1,-54.95645809394773,,0,
139.0,3.0,1,-69.58897850092035,,0,
140.0,3.0,1,-78.99126082955627,,0,
141.0,3.0,1,-83.53535990969976,-367.652247,1,-284.1168870903002
142.0,3.0,1,-84.17487037420506,,0,
143.0,3.0,1,-81.43299015209777,,0,
144.0,3.0,1,-78.2957231933251,,0,
145.0,3.0,1,-77.48169718770077,,0,
146.0,3.0,1,-80.4010635066079,,0,
147.0,3.0,1,-87.6784847700037,,0,
148.0,3.0,1,-99.38939315034077,,0,
149.0,3.0,1,-115.95845349458978,166.472395,1,282.4308484945898
150.0,3.0,1,-139.8880120118847,,0,
151.0,3.0,1,-173.54832623782568,,0,
152.0,3.0,1,-216.04002512269653,,0,
153.0,3.0,1,-265.3801819536602,,0,
154.0,3.0,1,-319.23274110857164,,0,
155.0,3.0,1,-374.78107940230984,,0,
156.0,3.0,1,-429.31198133999715,,0,
157.0,3.0,1,-480.57126670808066,-799.88764,1,-319.3163732919194
158.0,3.0,1,-525.6419005948119,,0,
159.0,3.0,1,-561.7598027403001,,0,
160.0,3.0,1,-589.8857875959948,,0,
161.0,3.0,1,-610.8690061123925,,0,
162.0,3.0,1,-624.1115339009557,,0,
163.0,3.0,1,-628.4363678582013,,0,
164.0,3.0,1,-622.30983990198,,0,
165.0,3.0,1,-604.2795075663598,-697.441316,1,-93.1618084336402
166.0,3.0,1,-574.5186337269843,,0,
167.0,3.0,1,-539.1314106630161,,0,
168.0,3.0,1,-502.2080756225623,,0,
169.0,3.0,1,-465.5690974307363,,0,
170.0,3.0,2,-430.2110126914922,,0,
171.0,3.0,2,-397.43711536563933,,0,
172.0,3.0,2,-369.2600511505734,,0,
173.0,3.0,2,-347.25126500974875,-424.878274,1,-77.62700899025123
174.0,3.0,2,-329.80620523227844,,0,
175.0,3.0,2,-315.1502209152095,,0,
176.0,3.0,2,-303.839435019996,,0,
177.0,3.0,2,-297.4841080443002,,0,
178.0,3.0,2,-297.9742893651128,,0,
179.0,3.0,2,-306.3816722451011,,0,
180.0,3.0,2,-321.3274940729607,,0,
181.0,3.0,2,-337.41173806833103,-636.257718,1,-298.8459799316689
182.0,3.0,2,-344.902540266281,,0,
183.0,3.0,2,-350.6234227621462,,0,
184.0,3.0,2,-357.7630529907765,,0,
185.0,3.0,2,-366.9500451373169,,0,
186.0,3.0,2,-377.4920032253722,,0,
187.0,3.0,2,-388.01071876008064,,0,
188.0,3.0,2,-397.19967759004794,,0,
189.0,3.0,2,-403.2825636458583,-524.349584,1,-121.06702035414173
190.0,3.0,2,-401.8190584599506,,0,
191.0,3.0,2,-389.30279602017254,,0,
192.0,3.0,2,-367.932359548402,,0,
193.0,3.0,2,-340.8767245087656,,0,
194.0,3.0,2,-310.3330029833596,,0,
195.0,3.0,2,-277.5650464044884,,0,
196.0,3.0,2,-242.61218062858097,,0,
197.0,3.0,2,-203.81082910555415,-403.096189,1,-199.28535989444583
198.0,3.0,2,-157.5376963620074,,0,
199.0,3.0,2,-111.72529465472326,,0,
0.0,4.0,0,458.03891528584063,,0,
1.0,4.0,0,468.27374903089367,,0,
2.0,4.0,0,476.9386863326654,,0,
3.0,4.0,0,480.29772939672694,,0,
4.0,4.0,0,473.74514173716307,566.006328,1,92.26118626283699
5.0,4.0,0,452.6575398244895,,0,
6.0,4.0,0,412.9565857418347,,0,
7.0,4.0,0,355.8521145922132,,0,
8.0,4.0,0,285.51282767020166,,0,
9.0,4.0,0,206.45460920245387,,0,
10.0,4.0,0,123.01360872900113,,0,
11.0,4.0,0,39.89970222348347,,0,
12.0,4.0,0,-36.28555895201862,-249.533889,1,-213.24833004798137
13.0,4.0,0,-95.35104590357514,,0,
14.0,4.0,0,-139.52542862505652,,0,
15.0,4.0,0,-173.46247785585,,0,
16.0,4.0,0,-201.13103967066854,,0,
17.0,4.0,0,-225.26967673934996,,0,
18.0,4.0,0,-248.00699833163526,,0,
19.0,4.0,0,-271.1752181360498,,0,
20.0,4.0,0,-296.03198689292185,-166.041975,1,129.99001189292184
21.0,4.0,0,-322.16200349782594,,0,
22.0,4.0,0,-348.9547062192578,,0,
23.0,4.0,0,-375.6975309406407,,0,
24.0,4.0,0,-400.91867168201134,,0,
25.0,4.0,0,-422.7862516234163,,0,
26.0,4.0,0,-439.50816447637044,,0,
27.0,4.0,0,-449.16354423272423,,0,
28.0,4.0,0,-449.99123887275346,-560.592405,1,-110.60116612724653
29.0,4.0,0,-441.26055213881773,,0,
30.0,4.0,0,-422.9372790339403,,0,
31.0,4.0,0,-397.6953301005997,,0,
32.0,4.0,0,-368.44363572029397,,0,
33.0,4.0,0,-337.4654537413735,,0,
34.0,4.0,0,-307.18988867593,,0,
35.0,4.0,0,-280.76590909878723,,0,
36.0,4.0,0,-262.6517767487094,-90.977162,1,171.67461474870936
37.0,4.0,0,-259.024088039645,,0,
38.0,4.0,0,-266.0846258463571,,0,
39.0,4.0,0,-281.93542722123675,,0,
40.0,4.0,0,-306.00595362484455,,0,
41.0,4.0,0,-337.7453352966113,,0,
42.0,4.0,0,-375.86405666184146,,0,
43.0,4.0,0,-418.10368781513534,,0,
44.0,4.0,0,-461.69960607076064,-553.552542,1,-91.85293592923938
45.0,4.0,0,-504.20359781064326,,0,
46.0,4.0,0,-542.8398380025756,,0,
47.0,4.0,0,-575.3212898001075,,0,
48.0,4.0,0,-601.2441654836293,,0,
49.0,4.0,0,-621.2182066841633,,0,
50.0,4.0,0,-635.6573953562765,,0,
51.0,4.0,0,-644.3386131508742,,0,
52.0,4.0,0,-645.4710780270398,-845.953879,1,-200.48280097296026
53.0,4.0,0,-634.8987706313492,,0,
54.0,4.0,0,-619.1273230853258,,0,
55.0,4.0,0,-600.5194935179316,,0,
56.0,4.0,0,-579.8132935699541,,0,
57.0,4.0,0,-557.6014174537268,,0,
58.0,4.0,0,-534.0419766883133,,0,
59.0,4.0,0,-508.59385448507965,,0,
60.0,4.0,0,-479.9633834612323,-508.897726,1,-28.93434253876768
61.0,4.0,0,-446.17316400585696,,0,
62.0,4.0,0,-406.72809156472795,,0,
63.0,4.0,0,-361.02089986845385,,0,
64.0,4.0,0,-308.85275045398157,,0,
65.0,4.0,0,-250.63604827714153,,0,
66.0,4.0,0,-187.46256653859746,,0,
67.0,4.0,0,-121.397178736981,,0,
68.0,4.0,0,-54.88318718317896,1.264026,1,56.14721318317896
69.0,4.0,0,11.087892147537787,,0,
70.0,4.0,3,75.34800851892214,,0,
71.0,4.0,3,135.79415729036555,,0,
72.0,4.0,3,189.77479529334232,,0,
73.0,4.0,3,234.43878813605988,,0,
74.0,4.0,3,266.8652410401846,,0,
75.0,4.0,3,283.77307242678944,,0,
76.0,4.0,3,280.05537194397766,534.661096,1,254.60572405602238
77.0,4.0,3,247.00609990599332,,0,
78.0,4.0,3,191.02829482848756,,0,
79.0,4.0,3,120.48101211851463,,0,
80.0,4.0,3,42.710382694378495,,0,
81.0,4.0,3,-36.2698781832878,,0,
82.0,4.0,3,-110.96490702134906,,0,
83.0,4.0,3,-176.49341724370606,,0,
84.0,4.0,3,-229.88328334363177,-386.881418,1,-156.99813465636822
85.0,4.0,3,-270.9511710279621,,0,
86.0,4.0,3,-300.29932246071985,,0,
87.0,4.0,3,-321.9660240247613,,0,
88.0,4.0,3,-339.5925285046105,,0,
89.0,4.0,3,-354.99657502790797,,0,
90.0,4.0,3,-368.86013178975554,,0,
91.0,4.0,3,-380.83642552106176,,0,
92.0,4.0,3,-389.139024168544,-471.466115,1,-82.32709083145602
93.0,4.0,3,-390.5953910041135,,0,
94.0,4.0,3,-387.0264637398068,,0,
95.0,4.0,3,-380.70351458661025,,0,
96.0,4.0,3,-373.83371041947976,,0,
97.0,4.0,3,-368.5500332567608,,0,
98.0,4.0,3,-366.93543561575643,,0,
99.0,4.0,3,-370.55820826103445,,0,
100.0,4.0,3,-379.87051434320165,-516.903612,1,-137.0330976567983
101.0,4.0,3,-394.3060239980405,,0,
102.0,4.0,3,-412.92387463344494,,0,
103.0,4.0,3,-434.7560921564,,0,
104.0,4.0,3,-458.92383456928656,,0,
105.0,4.0,3,-484.267079341138,,0,
106.0,4.0,3,-508.9762513770256,,0,
107.0,4.0,3,-530.4054077343317,,0,
108.0,4.0,3,-546.00535527186,-685.88541,1,-139.88005472813995
109.0,4.0,3,-555.2505564142484,,0,
110.0,4.0,3,-558.3109074755339,,0,
111.0,4.0,3,-556.8481291990611,,0,
112.0,4.0,3,-551.9854250805802,,0,
113.0,4.0,3,-543.4092009714514,,0,
114.0,4.0,3,-529.81064755228,,0,
115.0,4.0,3,-509.02629468403757,,0,
116.0,4.0,3,-479.7999618219401,-635.125215,1,-155.32525317805994
117.0,4.0,3,-445.8961131813703,,0,
118.0,4.0,3,-411.37294110510265,,0,
119.0,4.0,3,-378.54615538346115,,0,
120.0,4.0,3,-348.1796219927637,,0,
121.0,4.0,3,-319.6314948677318,,0,
122.0,4.0,3,-291.4204295608797,,0,
123.0,4.0,3,-262.6357843124424,,0,
124.0,4.0,3,-234.8204400955874,-64.045324,1,170.7751160955874
125.0,4.0,3,-212.22963631243329,,0,
126.0,4.0,3,-189.73366303450894,,0,
127.0,4.0,3,-164.66511482192436,,0,
128.0,4.0,3,-136.76994353474583,,0,
129.0,4.0,3,-107.57872153577046,,0,
130.0,4.0,3,-79.2433502166532,,0,
131.0,4.0,3,-53.63253768498544,,0,
132.0,4.0,1,-33.212867625115905,114.887707,1,148.1005746251159
133.0,4.0,1,-22.46101309036021,,0,
134.0,4.0,1,-18.231149795115925,,0,
135.0,4.0,1,-19.55635421653278,,0,
136.0,4.0,1,-26.482630990853067,,0,
137.0,4.0,1,-38.53112391062314,,0,
138.0,4.0,1,-53.53419999615289,,0,
139.0,4.0,1,-66.19445441046264,,0,
140.0,4.0,1,-71.25681396800792,-490.761051,1,-419.5042370319921
141.0,4.0,1,-71.73778851790121,,0,
142.0,4.0,1,-70.71876591199543,,0,
143.0,4.0,1,-69.01868699409533,,0,
144.0,4.0,1,-67.5148781214375,,0,
145.0,4.0,1,-67.51272295648232,,0,
146.0,4.0,1,-70.54583053116221,,0,
147.0,4.0,1,-77.91715816128999,,0,
148.0,4.0,1,-89.95221873163246,-145.059879,1,-55.10766026836754
149.0,4.0,1,-106.21853351255413,,0,
150.0,4.0,1,-129.58774916251423,,0,
151.0,4.0,1,-161.7564333868213,,0,
152.0,4.0,1,-202.56272234558128,,0,
153.0,4.0,1,-250.59248516743537,,0,
154.0,4.0,1,-303.64814919792116,,0,
155.0,4.0,1,-358.6021759471623,,0,
156.0,4.0,1,-412.20101737283403,-596.03716,1,-183.83614262716594
157.0,4.0,1,-463.00157856277656,,0,
158.0,4.0,1,-509.2888576190453,,0,
159.0,4.0,1,-549.1562458820408,,0,
160.0,4.0,1,-581.6657999072922,,0,
161.0,4.0,1,-606.0597943108878,,0,
162.0,4.0,1,-621.3376614674344,,0,
163.0,4.0,1,-626.6318339413265,,0,
164.0,4.0,1,-620.6722670957679,-706.281823,1,-85.60955590423214
165.0,4.0,1,-600.8298780055484,,0,
166.0,4.0,1,-569.6715234328294,,0,
167.0,4.0,1,-531.2506510467501,,0,
168.0,4.0,1,-489.1421546987258,,0,
169.0,4.0,1,-445.7546780697303,,0,
170.0,4.0,2,-402.8389905124204,,0,
171.0,4.0,2,-362.00928164704237,,0,
172.0,4.0,2,-325.49135661986656,-214.435663,1,111.05569361986656
173.0,4.0,2,-296.69741342560155,,0,
174.0,4.0,2,-272.75428594392724,,0,
175.0,4.0,2,-252.40263443032745,,0,
176.0,4.0,2,-236.1129203006858,,0,
177.0,4.0,2,-225.68270102416864,,0,
178.0,4.0,2,-223.7924533470068,,0,
179.0,4.0,2,-232.27042098669335,,0,
180.0,4.0,2,-249.28675590117928,-419.837416,1,-170.55066009882074
181.0,4.0,2,-268.2132266231347,,0,
182.0,4.0,2,-283.0672236648388,,0,
183.0,4.0,2,-295.84328572184313,,0,
184.0,4.0,2,-309.3863255630713,,0,
185.0,4.0,2,-324.3963951339829,,0,
186.0,4.0,2,-340.07091160374694,,0,
187.0,4.0,2,-354.6837617631536,,0,
188.0,4.0,2,-366.62130573485047,-282.285261,1,84.33604473485047
189.0,4.0,2,-375.2775905529852,,0,
190.0,4.0,2,-375.7797352003399,,0,
191.0,4.0,2,-365.89698561746627,,0,
192.0,4.0,2,-346.7311516944319,,0,
193.0,4.0,2,-321.1043904874241,,0,
194.0,4.0,2,-292.04458260105457,,0,
195.0,4.0,2,-261.472775002243,,0,
196.0,4.0,2,-229.0484897190472,-349.476358,1,-120.4278682809528
197.0,4.0,2,-192.61533719010185,,0,
198.0,4.0,2,-150.9381705429405,,0,
199.0,4.0,2,-107.97022114833817,,0,
0.0,5.0,0,431.2405510796234,,0,
1.0,5.0,0,442.2330051206518,,0,
2.0,5.0,0,452.30251141334884,,0,
3.0,5.0,0,457.18947135005146,511.678097,1,54.48862564994852
4.0,5.0,0,451.3317206399515,,0,
5.0,5.0,0,432.05179121828405,,0,
6.0,5.0,0,397.30848106974736,,0,
7.0,5.0,0,347.63671247754246,,0,
8.0,5.0,0,285.77785573666915,,0,
9.0,5.0,0,215.32518356258515,,0,
10.0,5.0,0,140.33342062076554,,0,
11.0,5.0,0,65.74012348195538,3.77773,1,-61.96239348195538
12.0,5.0,0,-2.009459321387112,,0,
13.0,5.0,0,-57.05306217819452,,0,
14.0,5.0,0,-100.01930453768,,0,
15.0,5.0,0,-134.42559293610975,,0,
16.0,5.0,0,-163.66005586460233,,0,
17.0,5.0,0,-190.30389968818054,,0,
18.0,5.0,0,-216.07351750135422,,0,
19.0,5.0,0,-242.33275212114677,-179.443084,1,62.88966812114677
20.0,5.0,0,-270.9142243724782,,0,
21.0,5.0,0,-300.19647316314513,,0,
22.0,5.0,0,-329.29202564875595,,0,
23.0,5.0,0,-357.4587706157472,,0,
24.0,5.0,0,-383.56693354435265,,0,
25.0,5.0,0,-406.1212860699743,,0,
26.0,5.0,0,-423.4025646673981,,0,
27.0,5.0,0,-433.31784156151116,-491.182171,1,-57.864329438488824
28.0,5.0,0,-433.1931562095415,,0,
29.0,5.0,0,-423.65249819506425,,0,
30.0,5.0,0,-405.3747390615754,,0,
31.0,5.0,0,-380.04489047662355,,0,
32.0,5.0,0,-349.884603892453,,0,
33.0,5.0,0,-317.05193327681627,,0,
34.0,5.0,0,-284.1987851745216,,0,
35.0,5.0,0,-255.25485227792524,-210.014272,1,45.24058027792523
36.0,5.0,0,-235.15944755240344,,0,
37.0,5.0,0,-227.6202693945379,,0,
38.0,5.0,0,-231.28239047364332,,0,
39.0,5.0,0,-243.89082521619275,,0,
40.0,5.0,0,-264.10739873489365,,0,
41.0,5.0,0,-290.9854976806091,,0,
42.0,5.0,0,-323.29796692950185,,0,
43.0,5.0,0,-358.9500917464029,-392.649269,1,-33.6991772535971
44.0,5.0,0,-395.04919748567045,,0,
45.0,5.0,0,-430.48360849241726,,0,
46.0,5.0,0,-463.8636315432377,,0,
47.0,5.0,0,-494.0349949768279,,0,
48.0,5.0,0,-520.3304953104816,,0,
49.0,5.0,0,-542.1330375869293,,0,
50.0,5.0,0,-558.7211551162181,,0,
51.0,5.0,0,-569.3252839834895,-813.100679,1,-243.77539501651052
52.0,5.0,0,-572.1916323897894,,0,
53.0,5.0,0,-565.9274857990822,,0,
54.0,5.0,0,-553.6507308569271,,0,
55.0,5.0,0,-538.3317870015744,,0,
56.0,5.0,0,-521.5217035133392,,0,
57.0,5.0,0,-504.12121164926793,,0,
58.0,5.0,0,-486.219068500679,,0,
59.0,5.0,0,-466.9226478699129,-486.907401,1,-19.984753130087086
60.0,5.0,0,-444.6312155398773,,0,
61.0,5.0,0,-417.6240992959356,,0,
62.0,5.0,0,-384.91376616840716,,0,
63.0,5.0,0,-345.87869648309425,,0,
64.0,5.0,0,-300.28822234319523,,0,
65.0,5.0,0,-248.47236122755567,,0,
66.0,5.0,0,-191.27194987685652,,0,
67.0,5.0,0,-130.47544550849125,-55.504049,1,74.97139650849124
68.0,5.0,0,-69.63207180413883,,0,
69.0,5.0,0,-8.478935938779614,,0,
70.0,5.0,3,52.06448041636031,,0,
71.0,5.0,3,110.02667416201439,,0,
72.0,5.0,3,162.7230904181488,,0,
73.0,5.0,3,206.93684252726962,,0,
74.0,5.0,3,238.97094864444807,,0,
75.0,5.0,3,254.51906430372037,585.508702,1,330.9896376962796
76.0,5.0,3,248.205330517143,,0,
77.0,5.0,3,216.1230310339015,,0,
78.0,5.0,3,162.54882509354502,,0,
79.0,5.0,3,95.0532415441703,,0,
80.0,5.0,3,20.749299333780073,,0,
81.0,5.0,3,-54.20036868122406,,0,
82.0,5.0,3,-123.78617937548552,,0,
83.0,5.0,3,-182.26772886770777,-293.100989,1,-110.83326013229225
84.0,5.0,3,-226.26583014189964,,0,
85.0,5.0,3,-259.1596577189921,,0,
86.0,5.0,3,-283.32801859569736,,0,
87.0,5.0,3,-301.78203896794,,0,
88.0,5.0,3,-317.31785548769403,,0,
89.0,5.0,3,-331.4082301207236,,0,
90.0,5.0,3,-344.52721615848714,,0,
91.0,5.0,3,-356.1990599815035,-390.502309,1,-34.3032490184965
92.0,5.0,3,-363.9987520777504,,0,
93.0,5.0,3,-365.76590747508453,,0,
94.0,5.0,3,-362.28491677332204,,0,
95.0,5.0,3,-355.5931556785945,,0,
96.0,5.0,3,-347.96536398888566,,0,
97.0,5.0,3,-341.8584100987064,,0,
98.0,5.0,3,-339.9938818215742,,0,
99.0,5.0,3,-344.6724700750783,-334.077201,1,10.595269075078306
100.0,5.0,3,-356.19951789508923,,0,
101.0,5.0,3,-373.66991895172396,,0,
102.0,5.0,3,-396.3034790579113,,0,
103.0,5.0,3,-423.23976971331285,,0,
104.0,5.0,3,-453.36830775626004,,0,
105.0,5.0,3,-485.1528531301592,,0,
106.0,5.0,3,-516.4458780646091,,0,
107.0,5.0,3,-544.1394520334434,-634.021944,1,-89.88249196655659
108.0,5.0,3,-564.0969803899934,,0,
109.0,5.0,3,-577.5138512352714,,0,
110.0,5.0,3,-585.2314082155353,,0,
111.0,5.0,3,-588.2174876715872,,0,
112.0,5.0,3,-586.8413456977141,,0,
113.0,5.0,3,-580.1115731677273,,0,
114.0,5.0,3,-566.6015433226712,,0,
115.0,5.0,3,-544.9622392033343,-745.767599,1,-200.8053597966657
116.0,5.0,3,-511.99901580102596,,0,
117.0,5.0,3,-475.0917557908688,,0,
118.0,5.0,3,-438.50210843386594,,0,
119.0,5.0,3,-404.31185287295375,,0,
120.0,5.0,3,-373.2350845685869,,0,
121.0,5.0,3,-344.5866060901899,,0,
122.0,5.0,3,-316.1929040235409,,0,
123.0,5.0,3,-286.1631671630312,-315.1406,1,-28.97743283696883
124.0,5.0,3,-256.59510287593,,0,
125.0,5.0,3,-229.72798379135202,,0,
126.0,5.0,3,-203.35995653638383,,0,
127.0,5.0,3,-175.40004794526612,,0,
128.0,5.0,3,-145.96794602606678,,0,
129.0,5.0,3,-116.94970734760864,,0,
130.0,5.0,3,-90.44053560734028,,0,
131.0,5.0,3,-67.36936482670717,147.828265,1,215.19762982670716
132.0,5.0,1,-48.94598037219839,,0,
133.0,5.0,1,-36.617031644273084,,0,
134.0,5.0,1,-28.98314240248874,,0,
135.0,5.0,1,-25.001271232555155,,0,
136.0,5.0,1,-25.10680827574106,,0,
137.0,5.0,1,-30.244808990246383,,0,
138.0,5.0,1,-40.059072285483126,,0,
139.0,5.0,1,-49.82062312075868,-419.584519,1,-369.7638958792413
140.0,5.0,1,-49.00737728062086,,0,
141.0,5.0,1,-46.61200222995831,,0,
142.0,5.0,1,-46.056833865412045,,0,
143.0,5.0,1,-47.17807142675156,,0,
144.0,5.0,1,-48.8729296925012,,0,
145.0,5.0,1,-50.807905862049665,,0,
146.0,5.0,1,-54.541669093305245,,0,
147.0,5.0,1,-62.31685558031313,-50.263871,1,12.05298458031313
148.0,5.0,1,-74.31596751179313,,0,
149.0,5.0,1,-90.66297735733679,,0,
150.0,5.0,1,-113.18542466277722,,0,
151.0,5.0,1,-143.48382772074547,,0,
152.0,5.0,1,-181.8746386031853,,0,
153.0,5.0,1,-227.4943671320798,,0,
154.0,5.0,1,-278.53249769686954,,0,
155.0,5.0,1,-332.04268789151683,-425.556834,1,-93.51414610848315
156.0,5.0,1,-383.6633935045684,,0,
157.0,5.0,1,-433.80980502202874,,0,
158.0,5.0,1,-481.42842161958106,,0,
159.0,5.0,1,-524.7481407938758,,0,
160.0,5.0,1,-561.7778750743018,,0,
161.0,5.0,1,-590.0863772628945,,0,
162.0,5.0,1,-607.5949842046248,,0,
163.0,5.0,1,-613.6487407991663,-639.474539,1,-25.825798200833788
164.0,5.0,1,-607.5855944913346,,0,
165.0,5.0,1,-588.4871939896839,,0,
166.0,5.0,1,-557.7863943427801,,0,
167.0,5.0,1,-518.2541097898502,,0,
168.0,5.0,1,-472.8774282303639,,0,
169.0,5.0,1,-424.53935777029255,,0,
170.0,5.0,2,-375.7910779095837,,0,
171.0,5.0,2,-328.7882229756797,-58.180375,1,270.60784797567965
172.0,5.0,2,-285.9849085797323,,0,
173.0,5.0,2,-249.46456070517888,,0,
174.0,5.0,2,-218.47521113418043,,0,
175.0,5.0,2,-192.0086202652892,,0,
176.0,5.0,2,-170.1312152768951,,0,
177.0,5.0,2,-154.32837757834932,,0,
178.0,5.0,2,-148.26333104469813,,0,
179.0,5.0,2,-155.48012698662933,-90.068265,1,65.41186198662933
180.0,5.0,2,-173.59585853409953,,0,
181.0,5.0,2,-195.24763639707817,,0,
182.0,5.0,2,-216.33676724974066,,0,
183.0,5.0,2,-236.71000366064254,,0,
184.0,5.0,2,-257.6417748327367,,0,
185.0,5.0,2,-279.64780587214045,,0,
186.0,5.0,2,-301.8129610528704,,0,
187.0,5.0,2,-321.96603389969096,-272.862661,1,49.10337289969095
188.0,5.0,2,-338.05853494443,,0,
189.0,5.0,2,-348.34777336003026,,0,
190.0,5.0,2,-349.9419573256746,,0,
191.0,5.0,2,-341.20890118321404,,0,
192.0,5.0,2,-322.861870496301,,0,
193.0,5.0,2,-297.41471713228384,,0,
194.0,5.0,2,-268.6950735526625,,0,
195.0,5.0,2,-239.84123748424463,-242.1875,1,-2.3462625157553703
196.0,5.0,2,-209.5384473670274,,0,
197.0,5.0,2,-175.6527743579354,,0,
198.0,5.0,2,-137.85233828425407,,0,
199.0,5.0,2,-98.18835825892165,,0,
0.0,6.0,0,399.583696056623,,0,
1.0,6.0,0,410.7708616112359,,0,
2.0,6.0,0,421.74506386416033,329.164381,1,-92.58068286416034
3.0,6.0,0,427.6222993209958,,0,
4.0,6.0,0,423.839531367179,,0,
5.0,6.0,0,407.8860515616834,,0,
6.0,6.0,0,378.7208251252305,,0,
7.0,6.0,0,336.864073805511,,0,
8.0,6.0,0,284.3104261988774,,0,
9.0,6.0,0,223.83511187438853,,0,
10.0,6.0,0,158.87120312359184,157.579066,1,-1.2921371235918286
11.0,6.0,0,94.15946369664744,,0,
12.0,6.0,0,34.70691419066861,,0,
13.0,6.0,0,-16.076618758554105,,0,
14.0,6.0,0,-58.09688119706698,,0,
15.0,6.0,0,-93.57465121895075,,0,
16.0,6.0,0,-125.30310470750555,,0,
17.0,6.0,0,-155.63365315413103,,0,
18.0,6.0,0,-185.8730655099498,-220.181134,1,-34.308068490050175
19.0,6.0,0,-216.56892393296584,,0,
20.0,6.0,0,-248.1323016488459,,0,
21.0,6.0,0,-279.71311641437933,,0,
22.0,6.0,0,-310.3824708883185,,0,
23.0,6.0,0,-339.4182921294123,,0,
24.0,6.0,0,-365.87379970564507,,0,
25.0,6.0,0,-388.40414923254866,,0,
26.0,6.0,0,-405.2873584072804,-409.957431,1,-4.670072592719578
27.0,6.0,0,-414.3860379459802,,0,
28.0,6.0,0,-414.0729977786541,,0,
29.0,6.0,0,-404.40245520405006,,0,
30.0,6.0,0,-386.2131222684402,,0,
31.0,6.0,0,-360.8977567537222,,0,
32.0,6.0,0,-330.36084540747106,,0,
33.0,6.0,0,-296.4632861154387,,0,
34.0,6.0,0,-261.59148588986136,-329.865368,1,-68.27388211013863
35.0,6.0,0,-230.7753832200542,,0,
36.0,6.0,0,-208.84605183219537,,0,
37.0,6.0,0,-198.28324594022706,,0,
38.0,6.0,0,-198.5428854653146,,0,
39.0,6.0,0,-207.54354515112936,,0,
40.0,6.0,0,-223.33203084999695,,0,
41.0,6.0,0,-244.69505760259926,,0,
42.0,6.0,0,-270.59809510444757,-224.588886,1,46.009209104447564
43.0,6.0,0,-298.90901087317616,,0,
44.0,6.0,0,-327.57242661272176,,0,
45.0,6.0,0,-355.82274546386907,,0,
46.0,6.0,0,-383.449144263519,,0,
47.0,6.0,0,-410.3790350377094,,0,
48.0,6.0,0,-436.1117199980654,,0,
49.0,6.0,0,-458.9276860180544,,0,
50.0,6.0,0,-476.60578200389864,-634.546445,1,-157.9406629961013
51.0,6.0,0,-488.3107559243217,,0,
52.0,6.0,0,-493.2345117488876,,0,
53.0,6.0,0,-491.07180554245133,,0,
54.0,6.0,0,-483.30340398300905,,0,
55.0,6.0,0,-472.17523866542615,,0,
56.0,6.0,0,-459.75296804192476,,0,
57.0,6.0,0,-447.5575040637632,,0,
58.0,6.0,0,-435.83497442980297,-407.239214,1,28.595760429802965
59.0,6.0,0,-423.24358396371827,,0,
60.0,6.0,0,-408.01726364612114,,0,
61.0,6.0,0,-388.50508736702614,,0,
62.0,6.0,0,-363.38812563719694,,0,
63.0,6.0,0,-331.7786626620218,,0,
64.0,6.0,0,-293.3898512190208,,0,
65.0,6.0,0,-248.64414382877294,,0,
66.0,6.0,0,-198.47352226963267,-222.920517,1,-24.446994730367322
67.0,6.0,0,-144.18220845167525,,0,
68.0,6.0,0,-88.33582041296177,,0,
69.0,6.0,0,-31.50480277920724,,0,
70.0,6.0,3,25.69252063857857,,0,
71.0,6.0,3,81.48659438756295,,0,
72.0,6.0,3,133.04554820037447,,0,
73.0,6.0,3,176.66698429582175,,0,
74.0,6.0,3,207.84614163037622,443.941701,1,236.0955593696238
75.0,6.0,3,221.5532080864068,,0,
76.0,6.0,3,213.53944109776057,,0,
77.0,6.0,3,182.5051248849486,,0,
78.0,6.0,3,132.050618104171,,0,
79.0,6.0,3,68.97245125449263,,0,
80.0,6.0,3,0.30809476354625076,,0,
81.0,6.0,3,-68.01853552286047,,0,
82.0,6.0,3,-130.19002939938218,-266.075021,1,-135.8849916006178
83.0,6.0,3,-178.7907111553941,,0,
84.0,6.0,3,-214.6744666856248,,0,
85.0,6.0,3,-240.51893521929742,,0,
86.0,6.0,3,-259.49151342274854,,0,
87.0,6.0,3,-274.8286181035219,,0,
88.0,6.0,3,-288.97410775267053,,0,
89.0,6.0,3,-302.6377592900535,,0,
90.0,6.0,3,-315.47642579255626,-260.881717,1,54.594708792556276
91.0,6.0,3,-327.31065410748124,,0,
92.0,6.0,3,-335.05884634761605,,0,
93.0,6.0,3,-337.14679520612117,,0,
94.0,6.0,3,-333.92322727671126,,0,
95.0,6.0,3,-327.045433173771,,0,
96.0,6.0,3,-318.86802418966545,,0,
97.0,6.0,3,-312.14240914356196,,0,
98.0,6.0,3,-309.99752201497904,-241.334675,1,68.66284701497904
99.0,6.0,3,-316.03276064561214,,0,
100.0,6.0,3,-329.50710672687273,,0,
101.0,6.0,3,-349.76356181377196,,0,
102.0,6.0,3,-376.20078815647867,,0,
103.0,6.0,3,-407.99854397110175,,0,
104.0,6.0,3,-443.7792903523805,,0,
105.0,6.0,3,-481.47897393547464,,0,
106.0,6.0,3,-518.3716895937105,-497.185663,1,21.186026593710494
107.0,6.0,3,-550.7353942503687,,0,
108.0,6.0,3,-575.5591947571884,,0,
109.0,6.0,3,-592.952639531577,,0,
110.0,6.0,3,-604.1381246229284,,0,
111.0,6.0,3,-610.275919576874,,0,
112.0,6.0,3,-611.5627093669464,,0,
113.0,6.0,3,-605.8592761816399,,0,
114.0,6.0,3,-590.1877851748723,-824.912947,1,-234.72516182512777
115.0,6.0,3,-564.9997641085647,,0,
116.0,6.0,3,-531.4981846163137,,0,
117.0,6.0,3,-494.32832745902124,,0,
118.0,6.0,3,-457.6693633416435,,0,
119.0,6.0,3,-423.7635223363759,,0,
120.0,6.0,3,-393.5867926083738,,0,
121.0,6.0,3,-366.72089061379666,,0,
122.0,6.0,3,-340.70279732515337,-461.194791,1,-120.49199367484664
123.0,6.0,3,-311.3553235279396,,0,
124.0,6.0,3,-281.5702665398712,,0,
125.0,6.0,3,-252.45243425873923,,0,
126.0,6.0,3,-223.1098946314305,,0,
127.0,6.0,3,-192.55670647224179,,0,
128.0,6.0,3,-161.27755727790645,,0,
129.0,6.0,3,-131.985022382054,,0,
130.0,6.0,3,-107.75377975619631,242.450723,1,350.20450275619635
131.0,6.0,3,-87.47405798453838,,0,
132.0,6.0,1,-69.9868260815274,,0,
133.0,6.0,1,-54.93533449439565,,0,
134.0,6.0,1,-41.42761075677117,,0,
135.0,6.0,1,-28.85084385436494,,0,
136.0,6.0,1,-17.98264428967377,,0,
137.0,6.0,1,-11.189285650209058,,0,
138.0,6.0,1,-10.012748173787259,-181.535378,1,-171.52262982621275
139.0,6.0,1,-10.23220186738763,,0,
140.0,6.0,1,-7.414626899699215,,0,
141.0,6.0,1,-5.713673978927545,,0,
142.0,6.0,1,-8.648710988461971,,0,
143.0,6.0,1,-15.447410313645378,,0,
144.0,6.0,1,-22.755964947864413,,0,
145.0,6.0,1,-28.058566506108036,,0,
146.0,6.0,1,-32.964181280636694,47.90611,1,80.87029128063669
147.0,6.0,1,-41.70860898238607,,0,
148.0,6.0,1,-53.75296775158495,,0,
149.0,6.0,1,-69.52906443818938,,0,
150.0,6.0,1,-90.52551085344749,,0,
151.0,6.0,1,-118.26569441275205,,0,
152.0,6.0,1,-153.38383701641578,,0,
153.0,6.0,1,-195.34389181254664,,0,
154.0,6.0,1,-242.56639610929415,-247.418265,1,-4.851868890705845
155.0,6.0,1,-292.419141537277,,0,
156.0,6.0,1,-342.44882614311064,,0,
157.0,6.0,1,-392.1422238096129,,0,
158.0,6.0,1,-440.90010122198146,,0,
159.0,6.0,1,-487.25892280135304,,0,
160.0,6.0,1,-528.8530971771106,,0,
161.0,6.0,1,-561.6194345232216,,0,
162.0,6.0,1,-581.4333640630939,-809.775653,1,-228.34228893690613
163.0,6.0,1,-588.8687537445221,,0,
164.0,6.0,1,-584.5110777530354,,0,
165.0,6.0,1,-567.9422909042332,,0,
166.0,6.0,1,-539.4959115731763,,0,
167.0,6.0,1,-500.60530591057613,,0,
168.0,6.0,1,-453.6651350137545,,0,
169.0,6.0,2,-402.02680992294336,,0,
170.0,6.0,2,-349.22142090043053,-176.386403,1,172.83501790043053
171.0,6.0,2,-297.56830168911256,,0,
172.0,6.0,2,-249.2537200540537,,0,
173.0,6.0,2,-206.13307851896388,,0,
174.0,6.0,2,-168.80333809368312,,0,
175.0,6.0,2,-137.00779996952042,,0,
176.0,6.0,2,-110.4032283006236,,0,
177.0,6.0,2,-89.74780719162663,,0,
178.0,6.0,2,-78.91630901792087,165.245786,1,244.16209501792088
179.0,6.0,2,-85.50689741061069,,0,
180.0,6.0,2,-103.02980548341293,,0,
181.0,6.0,2,-126.09646864922252,,0,
182.0,6.0,2,-151.53707678464707,,0,
183.0,6.0,2,-178.27558101760224,,0,
184.0,6.0,2,-206.28283584699966,,0,
185.0,6.0,2,-235.5763675205526,,0,
186.0,6.0,2,-265.040975255426,-273.516258,1,-8.475282744573974
187.0,6.0,2,-291.28582686255686,,0,
188.0,6.0,2,-311.3275237248745,,0,
189.0,6.0,2,-323.1516156717553,,0,
190.0,6.0,2,-325.08572873077355,,0,
191.0,6.0,2,-316.34764210740104,,0,
192.0,6.0,2,-297.7111576278694,,0,
193.0,6.0,2,-271.5813404923538,,0,
194.0,6.0,2,-242.0442754497053,-87.196321,1,154.8479544497053
195.0,6.0,2,-214.7560889928136,,0,
196.0,6.0,2,-186.20594063517638,,0,
197.0,6.0,2,-154.54103569942527,,0,
198.0,6.0,2,-119.61808148189448,,0,
199.0,6.0,2,-82.67513187020086,,0,
0.0,7.0,0,365.6566917928867,,0,
1.0,7.0,0,377.083439480979,168.522804,1,-208.560635480979
2.0,7.0,0,389.048210285604,,0,
3.0,7.0,0,396.0818680608645,,0,
4.0,7.0,0,394.47148370184004,,0,
5.0,7.0,0,382.1596641378128,,0,
6.0,7.0,0,358.49195411102846,,0,
7.0,7.0,0,324.05945613095537,,0,
8.0,7.0,0,280.5088768610731,,0,
9.0,7.0,0,230.04667624714784,264.9387,1,34.89202375285214
10.0,7.0,0,175.00153222191148,,0,
11.0,7.0,0,119.77926214504987,,0,
12.0,7.0,0,67.98684294568375,,0,
13.0,7.0,0,21.709942966117524,,0,
14.0,7.0,0,-18.961145318113267,,0,
15.0,7.0,0,-55.43406144762412,,0,
16.0,7.0,0,-89.9108498133719,,0,
17.0,7.0,0,-124.51804269850254,-99.120561,1,25.397481698502546
18.0,7.0,0,-159.72952460101806,,0,
19.0,7.0,0,-194.60299059050158,,0,
20.0,7.0,0,-228.82993034739047,,0,
21.0,7.0,0,-261.92700391699327,,0,
22.0,7.0,0,-293.3047686123755,,0,
23.0,7.0,0,-322.4483887415845,,0,
24.0,7.0,0,-348.61262115323916,,0,
25.0,7.0,0,-370.4969767371658,-314.87759,1,55.619386737165826
26.0,7.0,0,-386.4112654894125,,0,
27.0,7.0,0,-394.61766076041386,,0,
28.0,7.0,0,-393.92050506407395,,0,
29.0,7.0,0,-384.09569789934903,,0,
30.0,7.0,0,-365.71190865989774,,0,
31.0,7.0,0,-339.89167397050187,,0,
32.0,7.0,0,-308.46036809985526,,0,
33.0,7.0,0,-273.6178145183949,-383.464866,1,-109.84705148160509
34.0,7.0,0,-236.60451472713612,,0,
35.0,7.0,0,-204.28352962364443,,0,
36.0,7.0,0,-181.15096978959627,,0,
37.0,7.0,0,-169.09584931115387,,0,
38.0,7.0,0,-167.49905479873996,,0,
39.0,7.0,0,-173.96951758651994,,0,
40.0,7.0,0,-185.8939028584864,,0,
41.0,7.0,0,-201.84173159720376,-160.147101,1,41.69463059720377
42.0,7.0,0,-221.51926701143384,,0,
43.0,7.0,0,-242.55914785037749,,0,
44.0,7.0,0,-263.5699749600608,,0,
45.0,7.0,0,-284.2966759544797,,0,
46.0,7.0,0,-305.3820264629321,,0,
47.0,7.0,0,-327.99610561830923,,0,
48.0,7.0,0,-352.3153295854572,,0,
49.0,7.0,0,-375.7234662332339,-446.61797,1,-70.89450376676609
50.0,7.0,0,-393.8647909312276,,0,
51.0,7.0,0,-406.7485219852533,,0,
52.0,7.0,0,-414.07669444708154,,0,
53.0,7.0,0,-415.7453797831695,,0,
54.0,7.0,0,-412.42868915607687,,0,
55.0,7.0,0,-405.608406572137,,0,
56.0,7.0,0,-397.6046829314437,,0,
57.0,7.0,0,-390.7507033710717,-358.846686,1,31.904017371071745
58.0,7.0,0,-385.4493346005911,,0,
59.0,7.0,0,-379.6699661966413,,0,
60.0,7.0,0,-371.7343729522545,,0,
61.0,7.0,0,-359.99255297216587,,0,
62.0,7.0,0,-342.79875075112795,,0,
63.0,7.0,0,-318.8385641769273,,0,
64.0,7.0,0,-287.65468289132696,,0,
65.0,7.0,0,-249.8401154378662,-256.697075,1,-6.856959562133795
66.0,7.0,0,-206.4718978292076,,0,
67.0,7.0,0,-158.81744339654688,,0,
68.0,7.0,0,-108.31053099397104,,0,
69.0,7.0,0,-55.605552024397184,,0,
70.0,7.0,0,-1.1889085995499045,,0,
71.0,7.0,3,53.29033808060922,,0,
72.0,7.0,3,104.65686014120001,,0,
73.0,7.0,3,148.6460866323905,128.911871,1,-19.734215632390516
74.0,7.0,3,179.90991817315808,,0,
75.0,7.0,3,192.81091099081095,,0,
76.0,7.0,3,184.03560610336717,,0,
77.0,7.0,3,153.52155824014335,,0,
78.0,7.0,3,105.22645519080106,,0,
79.0,7.0,3,46.36895495047793,,0,
80.0,7.0,3,-15.501207810128108,,0,
81.0,7.0,3,-74.98596925026504,-340.790624,1,-265.80465474973494
82.0,7.0,3,-127.27965908398619,,0,
83.0,7.0,3,-168.03255395812448,,0,
84.0,7.0,3,-197.14405654609436,,0,
85.0,7.0,3,-216.9544058937172,,0,
86.0,7.0,3,-230.9431235822849,,0,
87.0,7.0,3,-243.32034388475586,,0,
88.0,7.0,3,-257.01342377543915,,0,
89.0,7.0,3,-271.69482312127366,-90.67008,1,181.02474312127367
90.0,7.0,3,-285.6938540213014,,0,
91.0,7.0,3,-297.50314013985917,,0,
92.0,7.0,3,-305.03573063289514,,0,
93.0,7.0,3,-307.02651019889163,,0,
94.0,7.0,3,-303.652794168971,,0,
95.0,7.0,3,-296.3466581889661,,0,
96.0,7.0,3,-287.6290958393656,,0,
97.0,7.0,3,-280.78051119693555,-239.81664,1,40.96387119693554
98.0,7.0,3,-279.31189993966836,,0,
99.0,7.0,3,-285.9342470318079,,0,
100.0,7.0,3,-300.94047709708684,,0,
101.0,7.0,3,-323.7848267997033,,0,
102.0,7.0,3,-353.8836698202649,,0,
103.0,7.0,3,-390.49917398166144,,0,
104.0,7.0,3,-432.03247823167476,,0,
105.0,7.0,3,-475.49627329417854,-448.198592,1,27.297681294178517
106.0,7.0,3,-517.6446895966365,,0,
107.0,7.0,3,-554.2413299289765,,0,
108.0,7.0,3,-582.7347175582254,,0,
109.0,7.0,3,-602.7589964888175,,0,
110.0,7.0,3,-615.45632771292,,0,
111.0,7.0,3,-622.4864581726142,,0,
112.0,7.0,3,-624.5380037905707,,0,
113.0,7.0,3,-619.1777420505532,-824.361589,1,-205.18384694944677
114.0,7.0,3,-600.2798556141788,,0,
115.0,7.0,3,-572.6345523970667,,0,
116.0,7.0,3,-539.3099282349722,,0,
117.0,7.0,3,-503.60420266859,,0,
118.0,7.0,3,-468.6485949757043,,0,
119.0,7.0,3,-436.45668278826633,,0,
120.0,7.0,3,-408.2364357410552,,0,
121.0,7.0,3,-383.9480425177899,-397.99708,1,-14.04903748221011
122.0,7.0,3,-360.46812476520427,,0,
123.0,7.0,3,-334.704745795927,,0,
124.0,7.0,3,-307.0129050927062,,0,
125.0,7.0,3,-278.05437430541497,,0,
126.0,7.0,3,-247.6819454568904,,0,
127.0,7.0,3,-215.87758509546984,,0,
128.0,7.0,3,-183.54289951352985,,0,
129.0,7.0,3,-153.5380969318794,41.928143,1,195.46623993187941
130.0,7.0,3,-131.58824746258324,,0,
131.0,7.0,3,-112.8079434428364,,0,
132.0,7.0,1,-94.65944432286778,,0,
133.0,7.0,1,-75.79072246490978,,0,
134.0,7.0,1,-55.06885515432805,,0,
135.0,7.0,1,-31.881413877243176,,0,
136.0,7.0,1,-7.174704454722814,,0,
137.0,7.0,1,15.501943623501575,149.361714,1,133.85977037649843
138.0,7.0,1,30.876169887487777,,0,
139.0,7.0,1,41.96257200243417,,0,
140.0,7.0,1,49.29506748262793,,0,
141.0,7.0,1,50.05170737596927,,0,
142.0,7.0,1,41.98782185319578,,0,
143.0,7.0,1,26.753145451191813,,0,
144.0,7.0,1,10.70891838078387,,0,
145.0,7.0,1,0.270490990485996,-224.675826,1,-224.946316990486
146.0,7.0,1,-7.7644363541621715,,0,
147.0,7.0,1,-17.566314766183496,,0,
148.0,7.0,1,-29.64439994021086,,0,
149.0,7.0,1,-44.28547915362287,,0,
150.0,7.0,1,-62.87870296277106,,0,
151.0,7.0,1,-87.17872192966752,,0,
152.0,7.0,1,-118.13485452934401,,0,
153.0,7.0,1,-155.3215460954816,-97.214805,1,58.10674109548161
154.0,7.0,1,-197.41375500097638,,0,
155.0,7.0,1,-242.72998978337273,,0,
156.0,7.0,1,-289.89884775556857,,0,
157.0,7.0,1,-338.22838965966366,,0,
158.0,7.0,1,-387.07059226871934,,0,
159.0,7.0,1,-435.18353726086207,,0,
160.0,7.0,1,-480.3212435012683,,0,
161.0,7.0,1,-518.029917417618,-737.165172,1,-219.135254582382
162.0,7.0,1,-540.5048249771353,,0,
163.0,7.0,1,-551.4056696833577,,0,
164.0,7.0,1,-551.3558249252383,,0,
165.0,7.0,1,-539.5443149248022,,0,
166.0,7.0,1,-515.3555068296846,,0,
167.0,7.0,1,-479.0003702688264,,0,
168.0,7.0,1,-432.20720264839474,,0,
169.0,7.0,2,-378.70266683539376,-325.650114,1,53.05255283539378
170.0,7.0,2,-323.41247791732894,,0,
171.0,7.0,2,-268.1457371758297,,0,
172.0,7.0,2,-215.12787126761395,,0,
173.0,7.0,2,-166.62487337132916,,0,
174.0,7.0,2,-124.34496033319738,,0,
175.0,7.0,2,-88.95505918306299,,0,
176.0,7.0,2,-59.81543005537242,,0,
177.0,7.0,2,-36.876547678723,-26.017899,1,10.858648678723
178.0,7.0,2,-24.543968483339995,,0,
179.0,7.0,2,-27.10852707363665,,0,
180.0,7.0,2,-41.88251907040831,,0,
181.0,7.0,2,-64.73504976206459,,0,
182.0,7.0,2,-92.97355228615925,,0,
183.0,7.0,2,-124.92050321167335,,0,
184.0,7.0,2,-159.4438946711598,,0,
185.0,7.0,2,-195.68947574135382,-108.168893,1,87.52058274135382
186.0,7.0,2,-232.37847202760167,,0,
187.0,7.0,2,-263.7994925107341,,0,
188.0,7.0,2,-286.55899573734496,,0,
189.0,7.0,2,-298.9609485323308,,0,
190.0,7.0,2,-300.275385791203,,0,
191.0,7.0,2,-290.5160413328558,,0,
192.0,7.0,2,-270.84125564969145,,0,
193.0,7.0,2,-244.21409041824518,-145.212145,1,99.00194541824519
194.0,7.0,2,-215.22934416122735,,0,
195.0,7.0,2,-187.34104818548076,,0,
196.0,7.0,2,-159.28546977450605,,0,
197.0,7.0,2,-129.12948774802499,,0,
198.0,7.0,2,-96.28697517630644,,0,
199.0,7.0,2,-61.42469025752507,,0,
0.0,8.0,0,333.9527527256869,100.608673,1,-233.34407972568687
1.0,8.0,0,345.89838324370794,,0,
2.0,8.0,0,358.11769695812836,,0,
3.0,8.0,0,365.55634727841243,,0,
4.0,8.0,0,365.3489473233931,,0,
5.0,8.0,0,355.95326959202066,,0,
6.0,8.0,0,336.9268438939471,,0,
7.0,8.0,0,308.82303352234885,,0,
8.0,8.0,0,273.026964047458,277.826875,1,4.79991095254195
9.0,8.0,0,231.22450121631846,,0,
10.0,8.0,0,185.63189092022367,,0,
11.0,8.0,0,139.17873546946794,,0,
12.0,8.0,0,94.38128626672551,,0,
13.0,8.0,0,52.491910845274106,,0,
14.0,8.0,0,13.246274925302714,,0,
15.0,8.0,0,-24.414453367237,,0,
16.0,8.0,0,-61.68938714452088,23.484405,1,85.17379214452087
17.0,8.0,0,-100.88890362798702,,0,
18.0,8.0,0,-140.05393992830068,,0,
19.0,8.0,0,-178.00055063562468,,0,
20.0,8.0,0,-214.12567998818122,,0,
21.0,8.0,0,-247.98650378081948,,0,
22.0,8.0,0,-279.20778258587234,,0,
23.0,8.0,0,-307.6170220859349,,0,
24.0,8.0,0,-332.88322041602805,-249.076177,1,83.80704341602805
25.0,8.0,0,-353.63241267297417,,0,
26.0,8.0,0,-368.2560619721189,,0,
27.0,8.0,0,-375.3263535827864,,0,
28.0,8.0,0,-373.78070229967125,,0,
29.0,8.0,0,-363.21054645066033,,0,
30.0,8.0,0,-343.9553688345477,,0,
31.0,8.0,0,-316.7127072720323,,0,
32.0,8.0,0,-282.74486629408784,-470.685461,1,-187.94059470591213
33.0,8.0,0,-245.09602439159062,,0,
34.0,8.0,0,-207.2637816030765,,0,
35.0,8.0,0,-174.57176970131695,,0,
36.0,8.0,0,-151.41025005164556,,0,
37.0,8.0,0,-139.60194328334183,,0,
38.0,8.0,0,-138.31183336221147,,0,
39.0,8.0,0,-144.37022992176935,,0,
40.0,8.0,0,-154.02578762709163,-275.106316,1,-121.08052837290836
41.0,8.0,0,-166.05279196507763,,0,
42.0,8.0,0,-179.8622514308663,,0,
43.0,8.0,0,-193.9990936666727,,0,
44.0,8.0,0,-207.53531295480207,,0,
45.0,8.0,0,-220.63731315277983,,0,
46.0,8.0,0,-234.44442308379803,,0,
47.0,8.0,0,-251.47549414052628,,0,
48.0,8.0,0,-273.54319447861053,-213.074032,1,60.46916247861054
49.0,8.0,0,-296.19609652622603,,0,
50.0,8.0,0,-315.005001348909,,0,
51.0,8.0,0,-329.15833817096427,,0,
52.0,8.0,0,-338.88085477170534,,0,
53.0,8.0,0,-344.2692888652382,,0,
54.0,8.0,0,-345.3784032778349,,0,
55.0,8.0,0,-342.87499809172004,,0,
56.0,8.0,0,-339.0232808229048,-256.941192,1,82.08208882290478
57.0,8.0,0,-337.6543857399374,,0,
58.0,8.0,0,-337.73867426411016,,0,
59.0,8.0,0,-337.9635079782456,,0,
60.0,8.0,0,-336.8882423148025,,0,
61.0,8.0,0,-332.746331353148,,0,
62.0,8.0,0,-323.4030045234831,,0,
63.0,8.0,0,-306.85012678802013,,0,
64.0,8.0,0,-282.27129603608046,-202.762603,1,79.50869303608044
65.0,8.0,0,-250.7365263684187,,0,
66.0,8.0,0,-213.5798692284152,,0,
67.0,8.0,0,-171.90748839755543,,0,
68.0,8.0,0,-126.59762609715108,,0,
69.0,8.0,0,-77.88868465123232,,0,
70.0,8.0,0,-25.52892448415514,,0,
71.0,8.0,3,29.24223384668585,,0,
72.0,8.0,3,82.1417932792101,22.571104,1,-59.57068927921011
73.0,8.0,3,128.3351643422211,,0,
74.0,8.0,3,160.58260879851878,,0,
75.0,8.0,3,173.568267969531,,0,
76.0,8.0,3,164.57649471401237,,0,
77.0,8.0,3,134.09197094244882,,0,
78.0,8.0,3,86.44162939593662,,0,
79.0,8.0,3,30.26858629414346,,0,
80.0,8.0,3,-24.871705671888776,-309.258947,1,-284.3872413281112
81.0,8.0,3,-75.61239577498054,,0,
82.0,8.0,3,-119.39765481860377,,0,
83.0,8.0,3,-153.43723081599455,,0,
84.0,8.0,3,-177.0070774621563,,0,
85.0,8.0,3,-191.63257791876094,,0,
86.0,8.0,3,-200.72124868188985,,0,
87.0,8.0,3,-209.9560785810463,,0,
88.0,8.0,3,-224.28463376202853,27.236759,1,251.52139276202854
89.0,8.0,3,-240.96392468517297,,0,
90.0,8.0,3,-256.2962942022132,,0,
91.0,8.0,3,-268.16443946037907,,0,
92.0,8.0,3,-275.106415525137,,0,
93.0,8.0,3,-276.4063407605863,,0,
94.0,8.0,3,-272.2582981593441,,0,
95.0,8.0,3,-263.9461715540383,,0,
96.0,8.0,3,-254.2698138903943,-194.441319,1,59.828494890394296
97.0,8.0,3,-247.26721408159938,,0,
98.0,8.0,3,-246.52333830029238,,0,
99.0,8.0,3,-254.28434790082974,,0,
100.0,8.0,3,-271.2279425537563,,0,
101.0,8.0,3,-297.04864960262785,,0,
102.0,8.0,3,-331.05108974303585,,0,
103.0,8.0,3,-372.6933800478,,0,
104.0,8.0,3,-420.742686299709,-361.868383,1,58.87430329970903
105.0,8.0,3,-470.62354510105797,,0,
106.0,8.0,3,-517.6083713448897,,0,
107.0,8.0,3,-557.7421261218842,,0,
108.0,8.0,3,-588.5129693177005,,0,
109.0,8.0,3,-609.2897318962787,,0,
110.0,8.0,3,-621.0764085687697,,0,
111.0,8.0,3,-626.1029396757949,,0,
112.0,8.0,3,-625.8946350412298,-605.981701,1,19.912934041229732
113.0,8.0,3,-617.5446688035736,,0,
114.0,8.0,3,-598.0856832433492,,0,
115.0,8.0,3,-570.2747554008965,,0,
116.0,8.0,3,-538.0749345868971,,0,
117.0,8.0,3,-504.7959803286358,,0,
118.0,8.0,3,-472.94811841635965,,0,
119.0,8.0,3,-443.93034203955904,,0,
120.0,8.0,3,-418.588692523801,-336.025013,1,82.563679523801
121.0,8.0,3,-397.9751559214201,,0,
122.0,8.0,3,-378.131866364507,,0,
123.0,8.0,3,-356.4871467988705,,0,
124.0,8.0,3,-332.18083266101894,,0,
125.0,8.0,3,-305.04882208048366,,0,
126.0,8.0,3,-275.2737383101485,,0,
127.0,8.0,3,-243.80320049932925,,0,
128.0,8.0,3,-212.4856931809336,-218.931935,1,-6.446241819066415
129.0,8.0,3,-184.24866072909208,,0,
130.0,8.0,3,-161.62599691358628,,0,
131.0,8.0,3,-141.8997425266425,,0,
132.0,8.0,1,-121.47297057678225,,0,
133.0,8.0,1,-97.76115692211897,,0,
134.0,8.0,1,-69.11478974437341,,0,
135.0,8.0,1,-34.69398729893146,,0,
136.0,8.0,1,4.608920089842286,226.690941,1,222.08202091015772
137.0,8.0,1,43.22685965281562,,0,
138.0,8.0,1,75.68733063878608,,0,
139.0,8.0,1,100.4612191132037,,0,
140.0,8.0,1,115.64419573114719,,0,
141.0,8.0,1,117.88008139946032,,0,
142.0,8.0,1,105.50196261546807,,0,
143.0,8.0,1,81.39362985471962,,0,
144.0,8.0,1,54.005196910817176,-327.390846,1,-381.3960429108172
145.0,8.0,1,37.17435995384585,,0,
146.0,8.0,1,23.44877474149689,,0,
147.0,8.0,1,9.934387497138232,,0,
148.0,8.0,1,-3.469903764373157,,0,
149.0,8.0,1,-17.059626087197103,,0,
150.0,8.0,1,-32.57005035202019,,0,
151.0,8.0,1,-52.57385246781632,,0,
152.0,8.0,1,-78.63666831603041,-180.226308,1,-101.58963968396958
153.0,8.0,1,-110.10627345740795,,0,
154.0,8.0,1,-145.9913121634163,,0,
155.0,8.0,1,-185.55464883893728,,0,
156.0,8.0,1,-228.20199904276524,,0,
157.0,8.0,1,-273.4191783290589,,0,
158.0,8.0,1,-320.51721901784185,,0,
159.0,8.0,1,-368.25525105639827,,0,
160.0,8.0,1,-414.2426324109547,-462.960699,1,-48.71806658904529
161.0,8.0,1,-453.9770109517267,,0,
162.0,8.0,1,-482.7262213883223,,0,
163.0,8.0,1,-500.5284930601483,,0,
164.0,8.0,1,-507.61207516654395,,0,
165.0,8.0,1,-502.94090908940416,,0,
166.0,8.0,1,-485.2104033092037,,0,
167.0,8.0,1,-453.47938857309055,,0,
168.0,8.0,1,-408.71250764199067,-315.669913,1,93.04259464199066
169.0,8.0,2,-355.60226661671186,,0,
170.0,8.0,2,-298.8498236895539,,0,
171.0,8.0,2,-241.0270904218778,,0,
172.0,8.0,2,-184.33271850517485,,0,
173.0,8.0,2,-131.419868710218,,0,
174.0,8.0,2,-85.22011070116423,,0,
175.0,8.0,2,-47.62930627516471,,0,
176.0,8.0,2,-17.902927570277825,-131.077243,1,-113.17431542972218
177.0,8.0,2,6.285051625687629,,0,
178.0,8.0,2,20.09004026837647,,0,
179.0,8.0,2,20.76409456669353,,0,
180.0,8.0,2,9.036133874207735,,0,
181.0,8.0,2,-12.856615246389993,,0,
182.0,8.0,2,-43.090049772756174,,0,
183.0,8.0,2,-79.89668242819607,,0,
184.0,8.0,2,-120.8845064744819,-53.499678,1,67.38482847448189
185.0,8.0,2,-164.55643778445665,,0,
186.0,8.0,2,-206.0814737593755,,0,
187.0,8.0,2,-240.23080939380452,,0,
188.0,8.0,2,-263.36199401214253,,0,
189.0,8.0,2,-274.15602288453374,,0,
190.0,8.0,2,-273.0011399645591,,0,
191.0,8.0,2,-260.7516655588988,,0,
192.0,8.0,2,-238.76647417782806,-261.938492,1,-23.172017822171938
193.0,8.0,2,-210.925569393381,,0,
194.0,8.0,2,-182.01361389202066,,0,
195.0,8.0,2,-154.16461194399744,,0,
196.0,8.0,2,-126.7280672378838,,0,
197.0,8.0,2,-98.00364819302922,,0,
198.0,8.0,2,-66.92922901245765,,0,
199.0,8.0,2,-33.77053961134516,,0,
0.0,9.0,0,311.6948409960605,,0,
1.0,9.0,0,321.0289257527329,,0,
2.0,9.0,0,331.0789748362731,,0,
3.0,9.0,0,337.30037649162114,,0,
4.0,9.0,0,337.13651131046936,,0,
5.0,9.0,0,329.3798903066199,,0,
6.0,9.0,0,313.6844665040262,,0,
7.0,9.0,0,290.4261542712338,316.072931,1,25.646776728766156
8.0,9.0,0,260.90497454302385,,0,
9.0,9.0,0,226.6199071428273,,0,
10.0,9.0,0,189.17338273511268,,0,
11.0,9.0,0,150.30791245773435,,0,
12.0,9.0,0,111.5428750924766,,0,
13.0,9.0,0,73.59675199189223,,0,
14.0,9.0,0,35.5919453909155,,0,
15.0,9.0,0,-4.104418902192265,100.276794,1,104.38121290219226
16.0,9.0,0,-45.09818839468062,,0,
17.0,9.0,0,-87.04253293306101,,0,
18.0,9.0,0,-128.52717833581846,,0,
19.0,9.0,0,-168.18781762197614,,0,
20.0,9.0,0,-205.21165728196502,,0,
21.0,9.0,0,-239.0629320818698,,0,
22.0,9.0,0,-269.4055386498803,,0,
23.0,9.0,0,-296.23424087883905,-258.692264,1,37.54197687883902
24.0,9.0,0,-319.9560938575305,,0,
25.0,9.0,0,-338.87629889533855,,0,
26.0,9.0,0,-351.66963344824035,,0,
27.0,9.0,0,-357.14309093891643,,0,
28.0,9.0,0,-354.16089737205766,,0,
29.0,9.0,0,-341.967205935769,,0,
30.0,9.0,0,-320.7391078877263,,0,
31.0,9.0,0,-291.35070384084247,-381.093528,1,-89.74282415915752
32.0,9.0,0,-254.03930344502442,,0,
33.0,9.0,0,-213.85319197329227,,0,
34.0,9.0,0,-175.15906741807703,,0,
35.0,9.0,0,-142.63555342750624,,0,
36.0,9.0,0,-120.45906355232,,0,
37.0,9.0,0,-110.48452853411436,,0,
38.0,9.0,0,-111.48036271543242,,0,
39.0,9.0,0,-119.55562763358466,-212.168723,1,-92.61309536641534
40.0,9.0,0,-128.71557303983718,,0,
41.0,9.0,0,-138.52609346341342,,0,
42.0,9.0,0,-148.14344181481283,,0,
43.0,9.0,0,-156.58674625563435,,0,
44.0,9.0,0,-163.58930172328837,,0,
45.0,9.0,0,-169.99842364306096,,0,
46.0,9.0,0,-177.3052653982304,,0,
47.0,9.0,0,-188.01818568469025,65.564034,1,253.58221968469024
48.0,9.0,0,-207.5691189803183,,0,
49.0,9.0,0,-228.0158191131777,,0,
50.0,9.0,0,-245.60243756434647,,0,
51.0,9.0,0,-259.7692578015849,,0,
52.0,9.0,0,-271.10762766120024,,0,
53.0,9.0,0,-279.94114148197696,,0,
54.0,9.0,0,-285.58629951800685,,0,
55.0,9.0,0,-287.55451205396093,-320.326569,1,-32.77205694603907
56.0,9.0,0,-288.23545869765803,,0,
57.0,9.0,0,-290.4078133535804,,0,
58.0,9.0,0,-294.33033452380914,,0,
59.0,9.0,0,-299.2865666381549,,0,
60.0,9.0,0,-304.1324173406465,,0,
61.0,9.0,0,-306.9517663514707,,0,
62.0,9.0,0,-304.9048335305415,,0,
63.0,9.0,0,-295.03797252255026,-345.54785,1,-50.50987747744972
64.0,9.0,0,-276.0805277308682,,0,
65.0,9.0,0,-250.0830724820844,,0,
66.0,9.0,0,-218.27062860305887,,0,
67.0,9.0,0,-181.49235739500728,,0,
68.0,9.0,0,-140.4399816794321,,0,
69.0,9.0,0,-95.21776829447481,,0,
70.0,9.0,0,-44.23413057276048,,0,
71.0,9.0,3,13.23965289304033,-60.714554,1,-73.95420689304032
72.0,9.0,3,70.27545735728927,,0,
73.0,9.0,3,119.1032807988231,,0,
74.0,9.0,3,152.86427470267517,,0,
75.0,9.0,3,166.51972288894467,,0,
76.0,9.0,3,157.7666051496053,,0,
77.0,9.0,3,127.36345938187151,,0,
78.0,9.0,3,79.71193555695936,,0,
79.0,9.0,3,24.088093614205718,-250.531991,1,-274.6200846142057
80.0,9.0,3,-25.502843218971975,,0,
81.0,9.0,3,-70.16238392898231,,0,
82.0,9.0,3,-108.27712193009211,,0,
83.0,9.0,3,-137.57925313338637,,0,
84.0,9.0,3,-157.1793784556212,,0,
85.0,9.0,3,-168.13158620792092,,0,
86.0,9.0,3,-173.53798624454066,,0,
87.0,9.0,3,-179.34824563039,123.563737,1,302.91198263039
88.0,9.0,3,-195.0661286719842,,0,
89.0,9.0,3,-212.98399912629975,,0,
90.0,9.0,3,-228.6787486122339,,0,
91.0,9.0,3,-239.8684238231508,,0,
92.0,9.0,3,-245.38498578919098,,0,
93.0,9.0,3,-245.0904077651503,,0,
94.0,9.0,3,-239.32276165654184,,0,
95.0,9.0,3,-229.11596781323897,-262.171011,1,-33.055043186761054
96.0,9.0,3,-217.85061536726425,,0,
97.0,9.0,3,-210.70390879394836,,0,
98.0,9.0,3,-211.13710529830132,,0,
99.0,9.0,3,-221.05706921592355,,0,
100.0,9.0,3,-241.11265448934864,,0,
101.0,9.0,3,-271.14973761775764,,0,
102.0,9.0,3,-310.3065083408437,,0,
103.0,9.0,3,-357.46352240949636,-216.205369,1,141.25815340949637
104.0,9.0,3,-412.7552721253014,,0,
105.0,9.0,3,-468.7908732400974,,0,
106.0,9.0,3,-520.2474084491841,,0,
107.0,9.0,3,-563.2441850209143,,0,
108.0,9.0,3,-595.2078018210304,,0,
109.0,9.0,3,-615.3395231111499,,0,
110.0,9.0,3,-624.6078156301519,,0,
111.0,9.0,3,-625.4642796523403,-502.390978,1,123.07330165234032
112.0,9.0,3,-621.6497839562071,,0,
113.0,9.0,3,-609.7804165102716,,0,
114.0,9.0,3,-588.8922633114998,,0,
115.0,9.0,3,-561.2336701701861,,0,
116.0,9.0,3,-530.5404587548474,,0,
117.0,9.0,3,-500.3114236604306,,0,
118.0,9.0,3,-472.77810551412404,,0,
119.0,9.0,3,-448.6596321640536,-238.593391,1,210.06624116405362
120.0,9.0,3,-428.1834669665841,,0,
121.0,9.0,3,-411.0483278685133,,0,
122.0,9.0,3,-394.85196506080683,,0,
123.0,9.0,3,-377.20918910909677,,0,
124.0,9.0,3,-356.579547790112,,0,
125.0,9.0,3,-331.9224793171161,,0,
126.0,9.0,3,-303.29505569685716,,0,
127.0,9.0,3,-272.6414440921508,-320.730143,1,-48.08869890784922
128.0,9.0,3,-242.69958120645606,,0,
129.0,9.0,3,-215.8039629731211,,0,
130.0,9.0,3,-192.6834100780252,,0,
131.0,9.0,3,-171.2515071273083,,0,
132.0,9.0,1,-147.81345920206513,,0,
133.0,9.0,1,-118.55080240085954,,0,
134.0,9.0,1,-81.13266503252089,,0,
135.0,9.0,1,-35.47844568325672,-185.812678,1,-150.33423231674328
136.0,9.0,1,18.612589313532226,,0,
137.0,9.0,1,72.9689552175114,,0,
138.0,9.0,1,121.85470017039916,,0,
139.0,9.0,1,161.34597833827138,,0,
140.0,9.0,1,187.07517932442715,,0,
141.0,9.0,1,193.6677813777933,,0,
142.0,9.0,1,178.9141645943746,,0,
143.0,9.0,1,148.513173076557,-41.236724,1,-189.749897076557
144.0,9.0,1,113.7293899373035,,0,
145.0,9.0,1,84.37752375676064,,0,
146.0,9.0,1,60.06346123153344,,0,
147.0,9.0,1,39.21599971014075,,0,
148.0,9.0,1,22.22900291858241,,0,
149.0,9.0,1,8.967658793670125,,0,
150.0,9.0,1,-3.156899496796541,,0,
151.0,9.0,1,-18.24000321200583,45.589158,1,63.82916121200583
152.0,9.0,1,-38.70436292287195,,0,
153.0,9.0,1,-63.100964978919365,,0,
154.0,9.0,1,-91.23834482394159,,0,
155.0,9.0,1,-123.39330207835883,,0,
156.0,9.0,1,-159.69377211551182,,0,
157.0,9.0,1,-199.87467185326386,,0,
158.0,9.0,1,-243.26271844143048,,0,
159.0,9.0,1,-288.7211715398589,-285.118619,1,3.602552539858891
160.0,9.0,1,-334.1622762029292,,0,
161.0,9.0,1,-376.09808695776155,,0,
162.0,9.0,1,-411.1249463526183,,0,
163.0,9.0,1,-437.31857657502405,,0,
164.0,9.0,1,-453.26805744552985,,0,
165.0,9.0,1,-457.3336338439258,,0,
166.0,9.0,1,-447.6061988689471,,0,
167.0,9.0,1,-422.25303536863066,-536.198665,1,-113.94562963136934
168.0,9.0,1,-381.12829492101446,,0,
169.0,9.0,2,-330.70284314639866,,0,
170.0,9.0,2,-275.1213856473332,,0,
171.0,9.0,2,-216.92317307926714,,0,
172.0,9.0,2,-158.29713986394927,,0,
173.0,9.0,2,-102.02138697396731,,0,
174.0,9.0,2,-52.353311587590724,,0,
175.0,9.0,2,-13.070457304362208,51.810974,1,64.88143130436221
176.0,9.0,2,17.781683452543803,,0,
177.0,9.0,2,41.87319603108335,,0,
178.0,9.0,2,56.58196330931969,,0,
179.0,9.0,2,59.31472133169882,,0,
180.0,9.0,2,49.688599493703805,,0,
181.0,9.0,2,28.71978541876888,,0,
182.0,9.0,2,-3.041323683806695,,0,
183.0,9.0,2,-44.93219177250285,52.004187,1,96.93637877250285
184.0,9.0,2,-92.55011267471127,,0,
185.0,9.0,2,-141.21274329471635,,0,
186.0,9.0,2,-185.4613432197366,,0,
187.0,9.0,2,-219.75128947850317,,0,
188.0,9.0,2,-240.19087823166046,,0,
189.0,9.0,2,-245.90234029776184,,0,
190.0,9.0,2,-238.91581608727574,,0,
191.0,9.0,2,-221.85923487856053,-345.000624,1,-123.14138912143949
192.0,9.0,2,-195.46146821731236,,0,
193.0,9.0,2,-166.0947138197953,,0,
194.0,9.0,2,-137.5715704190079,,0,
195.0,9.0,2,-111.00152166280895,,0,
196.0,9.0,2,-85.42444831260946,,0,
197.0,9.0,2,-58.91426589444745,,0,
198.0,9.0,2,-29.89738155575469,,0,
199.0,9.0,2,1.5799793382175267,137.082898,1,135.50291866178247
0.0,10.0,0,292.9763180925511,,0,
1.0,10.0,0,300.1491433258634,,0,
2.0,10.0,0,307.14581717015244,,0,
3.0,10.0,0,310.858250989113,,0,
4.0,10.0,0,309.28736566891894,,0,
5.0,10.0,0,301.6397601767676,,0,
6.0,10.0,0,287.8184652943164,311.535675,1,23.717209705683615
7.0,10.0,0,267.8927606754005,,0,
8.0,10.0,0,243.369413619861,,0,
9.0,10.0,0,215.38418275292497,,0,
10.0,10.0,0,184.7327227476053,,0,
11.0,10.0,0,152.01628903206438,,0,
12.0,10.0,0,117.83146734628826,,0,
13.0,10.0,0,82.67159333627205,,0,
14.0,10.0,0,45.76748262136243,181.35802,1,135.59053737863758
15.0,10.0,0,3.878363383002579,,0,
16.0,10.0,0,-39.620350325945765,,0,
17.0,10.0,0,-83.18192344577983,,0,
18.0,10.0,0,-125.64205803652294,,0,
19.0,10.0,0,-165.82784374477342,,0,
20.0,10.0,0,-202.8268821684178,,0,
21.0,10.0,0,-236.00257422745926,,0,
22.0,10.0,0,-265.0197752446402,-261.426785,1,3.592990244640191
23.0,10.0,0,-289.9786259760149,,0,
24.0,10.0,0,-310.85157234082,,0,
25.0,10.0,0,-326.8305606418289,,0,
26.0,10.0,0,-336.9748855100479,,0,
27.0,10.0,0,-340.2549913604744,,0,
28.0,10.0,0,-335.2880561845377,,0,
29.0,10.0,0,-320.6236356428126,,0,
30.0,10.0,0,-295.9299125538673,-314.085994,1,-18.156081446132703
31.0,10.0,0,-262.9318405203521,,0,
32.0,10.0,0,-223.79637546208687,,0,
33.0,10.0,0,-182.47295864718035,,0,
34.0,10.0,0,-143.38442262075841,,0,
35.0,10.0,0,-111.20247746258974,,0,
36.0,10.0,0,-90.68703402183019,,0,
37.0,10.0,0,-84.08672309014946,,0,
38.0,10.0,0,-88.77684450615197,-61.734775,1,27.042069506151975
39.0,10.0,0,-99.7282363108825,,0,
40.0,10.0,0,-111.20006929850206,,0,
41.0,10.0,0,-121.08134556771256,,0,
42.0,10.0,0,-128.53618752921466,,0,
43.0,10.0,0,-133.05184573167935,,0,
44.0,10.0,0,-135.0127123480197,,0,
45.0,10.0,0,-136.43904316751286,,0,
46.0,10.0,0,-140.26280021760613,-11.781059,1,128.48174121760613
47.0,10.0,0,-148.20499882427976,,0,
48.0,10.0,0,-161.50870369840413,,0,
49.0,10.0,0,-176.52444603084587,,0,
50.0,10.0,0,-190.17832974670455,,0,
51.0,10.0,0,-202.10391854844056,,0,
52.0,10.0,0,-213.4078662537504,,0,
53.0,10.0,0,-224.78993263219309,,0,
54.0,10.0,0,-234.7948472930584,-320.486537,1,-85.69168970694159
55.0,10.0,0,-240.59896859293804,,0,
56.0,10.0,0,-244.91918955626898,,0,
57.0,10.0,0,-249.80579444696195,,0,
58.0,10.0,0,-256.25315672828583,,0,
59.0,10.0,0,-264.55415894882753,,0,
60.0,10.0,0,-274.03485823224764,,0,
61.0,10.0,0,-282.56656667857897,,0,
62.0,10.0,0,-286.6505664399592,-367.889711,1,-81.23914456004076
63.0,10.0,0,-281.675270600128,,0,
64.0,10.0,0,-268.12165947887115,,0,
65.0,10.0,0,-247.1288303452311,,0,
66.0,10.0,0,-219.59620364545844,,0,
67.0,10.0,0,-186.09378038684372,,0,
68.0,10.0,0,-147.19981098535936,,0,
69.0,10.0,0,-103.36475730934762,,0,
70.0,10.0,0,-53.1214474424487,-372.342077,1,-319.2206295575513
71.0,10.0,3,8.777599343680777,,0,
72.0,10.0,3,69.92132251767907,,0,
73.0,10.0,3,121.52977813172038,,0,
74.0,10.0,3,156.97154005151242,,0,
75.0,10.0,3,171.45732353290077,,0,
76.0,10.0,3,163.14736126363277,,0,
77.0,10.0,3,133.29347705986584,,0,
78.0,10.0,3,86.62083485320909,-34.196202,1,-120.81703685320909
79.0,10.0,3,33.45684860192705,,0,
80.0,10.0,3,-15.952232264447957,,0,
81.0,10.0,3,-58.99257958185626,,0,
82.0,10.0,3,-94.66041902679717,,0,
83.0,10.0,3,-121.53693649114575,,0,
84.0,10.0,3,-139.00716130126966,,0,
85.0,10.0,3,-148.23413094479474,,0,
86.0,10.0,3,-152.95097817020724,84.961263,1,237.91224117020724
87.0,10.0,3,-159.45495711930562,,0,
88.0,10.0,3,-172.65484699315857,,0,
89.0,10.0,3,-188.9895694712177,,0,
90.0,10.0,3,-203.4129920576961,,0,
91.0,10.0,3,-212.6448062339332,,0,
92.0,10.0,3,-215.25111202016706,,0,
93.0,10.0,3,-211.7113310523273,,0,
94.0,10.0,3,-203.14396396436496,-308.700144,1,-105.55618003563507
95.0,10.0,3,-189.67970970936585,,0,
96.0,10.0,3,-177.22598597808974,,0,
97.0,10.0,3,-170.68738729759934,,0,
98.0,10.0,3,-173.36091924551874,,0,
99.0,10.0,3,-186.87794043129543,,0,
100.0,10.0,3,-211.58872767846333,,0,
101.0,10.0,3,-247.502083917032,,0,
102.0,10.0,3,-294.2165431373869,-142.912271,1,151.3042721373869
103.0,10.0,3,-349.4494458368281,,0,
104.0,10.0,3,-410.31066954716516,,0,
105.0,10.0,3,-471.1165059921914,,0,
106.0,10.0,3,-526.2879669863905,,0,
107.0,10.0,3,-571.6014729389572,,0,
108.0,10.0,3,-604.0915307618707,,0,
109.0,10.0,3,-622.8282545327966,,0,
110.0,10.0,3,-629.4561065768648,-556.044899,1,73.41120757686485
111.0,10.0,3,-626.9054404851631,,0,
112.0,10.0,3,-617.6448905272118,,0,
113.0,10.0,3,-601.2197726668674,,0,
114.0,10.0,3,-577.7025397917023,,0,
115.0,10.0,3,-549.3176607901114,,0,
116.0,10.0,3,-519.7271009193792,,0,
117.0,10.0,3,-492.6885630728211,,0,
118.0,10.0,3,-470.25097575993277,-292.999819,1,177.25115675993277
119.0,10.0,3,-451.7791118565365,,0,
120.0,10.0,3,-436.34982962139475,,0,
121.0,10.0,3,-423.034333490883,,0,
122.0,10.0,3,-410.22043240681523,,0,
123.0,10.0,3,-396.06606816791464,,0,
124.0,10.0,3,-378.839086224878,,0,
125.0,10.0,3,-356.5535457866208,,0,
126.0,10.0,3,-328.37459790467983,-426.69356,1,-98.31896209532016
127.0,10.0,3,-297.87335792265367,,0,
128.0,10.0,3,-268.6754955565848,,0,
129.0,10.0,3,-242.52753705496434,,0,
130.0,10.0,3,-219.17711612262065,,0,
131.0,10.0,3,-196.28505914181005,,0,
132.0,10.0,1,-170.03558619250543,,0,
133.0,10.0,1,-135.25978913233848,,0,
134.0,10.0,1,-87.67725982202683,-343.547661,1,-255.87040117797318
135.0,10.0,1,-29.32968272047583,,0,
136.0,10.0,1,36.37100221286528,,0,
137.0,10.0,1,103.56060451493249,,0,
138.0,10.0,1,166.32918784531648,,0,
139.0,10.0,1,219.42503419448622,,0,
140.0,10.0,1,256.93811231967993,,0,
141.0,10.0,1,270.29859453981044,,0,
142.0,10.0,1,253.54163615388097,596.903475,1,343.361838846119
143.0,10.0,1,217.3207595042768,,0,
144.0,10.0,1,174.72241933783516,,0,
145.0,10.0,1,133.74972444173181,,0,
146.0,10.0,1,97.28404373396188,,0,
147.0,10.0,1,66.60230047389632,,0,
148.0,10.0,1,43.76085723581491,,0,
149.0,10.0,1,29.620063359674532,,0,
150.0,10.0,1,20.75562411348801,137.357404,1,116.60177988651199
151.0,10.0,1,10.157660973141901,,0,
152.0,10.0,1,-2.636637689138297,,0,
153.0,10.0,1,-17.80444946762873,,0,
154.0,10.0,1,-36.167841347225476,,0,
155.0,10.0,1,-58.96308360458352,,0,
156.0,10.0,1,-87.04331731563434,,0,
157.0,10.0,1,-120.3631123257801,,0,
158.0,10.0,1,-158.2371900813887,-193.070535,1,-34.83334491861132
159.0,10.0,1,-200.0238332307199,,0,
160.0,10.0,1,-244.24823974235915,,0,
161.0,10.0,1,-288.30582863040036,,0,
162.0,10.0,1,-329.1429315416608,,0,
163.0,10.0,1,-363.7158200133126,,0,
164.0,10.0,1,-388.8314641909674,,0,
165.0,10.0,1,-401.68538864690345,,0,
166.0,10.0,1,-400.1799321612343,-514.508664,1,-114.32873183876563
167.0,10.0,1,-380.9920081986347,,0,
168.0,10.0,1,-347.21756590681616,,0,
169.0,10.0,2,-303.1144016660983,,0,
170.0,10.0,2,-252.18392478389433,,0,
171.0,10.0,2,-196.8453740940895,,0,
172.0,10.0,2,-139.23286795057356,,0,
173.0,10.0,2,-81.97755562164821,,0,
174.0,10.0,2,-29.602917010895908,196.803173,1,226.4060900108959
175.0,10.0,2,10.359262446989305,,0,
176.0,10.0,2,42.518553555360995,,0,
177.0,10.0,2,67.70532322814688,,0,
178.0,10.0,2,83.72032891446725,,0,
179.0,10.0,2,87.9301206592936,,0,
180.0,10.0,2,79.24516932223924,,0,
181.0,10.0,2,58.377398234733846,,0,
182.0,10.0,2,25.812588759465143,213.645849,1,187.83326024053486
183.0,10.0,2,-20.348405697150156,,0,
184.0,10.0,2,-72.0509774176171,,0,
185.0,10.0,2,-123.23665944760432,,0,
186.0,10.0,2,-167.9974152293289,,0,
187.0,10.0,2,-200.06526243081316,,0,
188.0,10.0,2,-214.51431739982218,,0,
189.0,10.0,2,-210.69013308204012,,0,
190.0,10.0,2,-193.02664844389074,-502.208585,1,-309.1819365561093
191.0,10.0,2,-166.82518801046535,,0,
192.0,10.0,2,-136.11265953676775,,0,
193.0,10.0,2,-105.71285277849529,,0,
194.0,10.0,2,-78.52525086700916,,0,
195.0,10.0,2,-54.60430597211234,,0,
196.0,10.0,2,-32.29651096963789,,0,
197.0,10.0,2,-9.113017386058345,,0,
198.0,10.0,2,17.209541394142434,-33.032438,1,-50.24197939414243
199.0,10.0,2,46.52664462896064,,0,
0.0,11.0,0,274.4774777791463,,0,
1.0,11.0,0,280.0689991582185,,0,
2.0,11.0,0,284.22299315268174,,0,
3.0,11.0,0,284.77981475694105,,0,
4.0,11.0,0,280.5742128621787,,0,
5.0,11.0,0,271.4582458238583,281.233881,1,9.77563517614169
6.0,11.0,0,257.7735086954199,,0,
7.0,11.0,0,240.10095394263044,,0,
8.0,11.0,0,219.4971505086869,,0,
9.0,11.0,0,196.7238975209184,,0,
10.0,11.0,0,171.7848673791159,,0,
11.0,11.0,0,143.95667581632733,,0,
12.0,11.0,0,112.67870377842337,,0,
13.0,11.0,0,78.2972181228688,260.539865,1,182.24264687713122
14.0,11.0,0,40.58069815905765,,0,
15.0,11.0,0,-1.1406352873891592,,0,
16.0,11.0,0,-44.90702432533726,,0,
17.0,11.0,0,-88.66494769859128,,0,
18.0,11.0,0,-131.02343390963506,,0,
19.0,11.0,0,-170.8122146432288,,0,
20.0,11.0,0,-207.04866387997754,,0,
21.0,11.0,0,-238.97614814154804,-249.504338,1,-10.528189858451952
22.0,11.0,0,-266.13206723646726,,0,
23.0,11.0,0,-288.35993782337755,,0,
24.0,11.0,0,-305.56550594605505,,0,
25.0,11.0,0,-317.5563681763597,,0,
26.0,11.0,0,-324.068092447822,,0,
27.0,11.0,0,-324.43184587173164,,0,
28.0,11.0,0,-316.9376650683116,,0,
29.0,11.0,0,-299.3462988662068,-379.001514,1,-79.6552151337932
30.0,11.0,0,-270.7529708892107,,0,
31.0,11.0,0,-235.0260091579985,,0,
32.0,11.0,0,-195.11473374674097,,0,
33.0,11.0,0,-154.22380824701395,,0,
34.0,11.0,0,-115.97656952007674,,0,
35.0,11.0,0,-84.59594914899208,,0,
36.0,11.0,0,-66.11960044922307,,0,
37.0,11.0,0,-65.03103364002891,200.201811,1,265.23284464002893
38.0,11.0,0,-75.52726997632999,,0,
39.0,11.0,0,-90.42901113885455,,0,
40.0,11.0,0,-104.79438517522067,,0,
41.0,11.0,0,-115.9894663557643,,0,
42.0,11.0,0,-122.90715886710677,,0,
43.0,11.0,0,-125.33421456394717,,0,
44.0,11.0,0,-124.11427997308783,,0,
45.0,11.0,0,-121.85697847107076,8.143198,1,130.00017647107077
46.0,11.0,0,-123.66676955751609,,0,
47.0,11.0,0,-128.2641729884781,,0,
48.0,11.0,0,-135.3263188607525,,0,
49.0,11.0,0,-143.49035093048587,,0,
50.0,11.0,0,-151.35666331689572,,0,
51.0,11.0,0,-158.95889321900904,,0,
52.0,11.0,0,-168.17790787736885,,0,
53.0,11.0,0,-180.69753890112042,-185.875895,1,-5.17835609887959
54.0,11.0,0,-193.31898437050404,,0,
55.0,11.0,0,-203.03155360231176,,0,
56.0,11.0,0,-210.49425435054582,,0,
57.0,11.0,0,-217.33044225507183,,0,
58.0,11.0,0,-225.07045532076154,,0,
59.0,11.0,0,-235.25667309691198,,0,
60.0,11.0,0,-248.04914494464174,,0,
61.0,11.0,0,-260.60700902286044,-225.881762,1,34.72524702286043
62.0,11.0,0,-268.5288189703133,,0,
63.0,11.0,0,-268.2609833292663,,0,
64.0,11.0,0,-259.29539155052043,,0,
65.0,11.0,0,-242.29813774925424,,0,
66.0,11.0,0,-217.73263687232975,,0,
67.0,11.0,0,-185.61941632675007,,0,
68.0,11.0,0,-146.0507853507297,,0,
69.0,11.0,0,-99.45846471461118,-483.330042,1,-383.8715772853888
70.0,11.0,0,-44.95192521705758,,0,
71.0,11.0,3,17.556397899403237,,0,
72.0,11.0,3,80.11977787676733,,0,
73.0,11.0,3,133.5648696293938,,0,
74.0,11.0,3,170.40515124663943,,0,
75.0,11.0,3,185.16571522003505,,0,
76.0,11.0,3,176.28866342280526,,0,
77.0,11.0,3,146.5460742774303,261.096309,1,114.55023472256971
78.0,11.0,3,100.1394330416806,,0,
79.0,11.0,3,48.13254364649765,,0,
80.0,11.0,3,-1.3923431580187753,,0,
81.0,11.0,3,-44.500194411026314,,0,
82.0,11.0,3,-79.43929356630542,,0,
83.0,11.0,3,-105.27553123165853,,0,
84.0,11.0,3,-121.71197504119482,,0,
85.0,11.0,3,-129.8961073057726,-141.917772,1,-12.021664694227411
86.0,11.0,3,-134.49256345111644,,0,
87.0,11.0,3,-141.18153019505553,,0,
88.0,11.0,3,-152.63208877440775,,0,
89.0,11.0,3,-166.88899283407954,,0,
90.0,11.0,3,-179.45424019318307,,0,
91.0,11.0,3,-185.8681426597759,,0,
92.0,11.0,3,-183.91419948468683,,0,
93.0,11.0,3,-174.84839410390123,-263.42849,1,-88.58009589609878
94.0,11.0,3,-161.11212550266646,,0,
95.0,11.0,3,-145.36673926084768,,0,
96.0,11.0,3,-132.5780470019672,,0,
97.0,11.0,3,-127.65105471105198,,0,
98.0,11.0,3,-133.9419158926903,,0,
99.0,11.0,3,-152.88119009684306,,0,
100.0,11.0,3,-184.16340721704182,,0,
101.0,11.0,3,-227.2059966303932,-123.261502,1,103.94449463039321
102.0,11.0,3,-282.6401550960145,,0,
103.0,11.0,3,-345.5975112852175,,0,
104.0,11.0,3,-411.90605635137763,,0,
105.0,11.0,3,-476.6975072512869,,0,
106.0,11.0,3,-534.8474260710645,,0,
107.0,11.0,3,-582.0425640111789,,0,
108.0,11.0,3,-614.7912754854551,,0,
109.0,11.0,3,-631.4501830552181,-613.618847,1,17.831336055218117
110.0,11.0,3,-635.1710247632582,,0,
111.0,11.0,3,-628.9617247272399,,0,
112.0,11.0,3,-614.8848172266735,,0,
113.0,11.0,3,-593.9825949998049,,0,
114.0,11.0,3,-567.4932366575813,,0,
115.0,11.0,3,-537.8547870908515,,0,
116.0,11.0,3,-508.9738935731657,,0,
117.0,11.0,3,-485.08827172004385,-409.850543,1,75.23772872004383
118.0,11.0,3,-467.9567725514062,,0,
119.0,11.0,3,-454.6387281163479,,0,
120.0,11.0,3,-443.57486814241565,,0,
121.0,11.0,3,-433.61699170194333,,0,
122.0,11.0,3,-423.42010649386793,,0,
123.0,11.0,3,-411.50922589260153,,0,
124.0,11.0,3,-396.26407739703427,,0,
125.0,11.0,3,-375.49290358726284,-546.408553,1,-170.91564941273714
126.0,11.0,3,-346.3273801256437,,0,
127.0,11.0,3,-315.40497447981033,,0,
128.0,11.0,3,-286.46310282475315,,0,
129.0,11.0,3,-260.7052245942177,,0,
130.0,11.0,3,-237.14032876188867,,0,
131.0,11.0,3,-212.68330489314394,,0,
132.0,11.0,1,-183.2639162366977,,0,
133.0,11.0,1,-143.9583211055724,-423.26022,1,-279.3018988944276
134.0,11.0,1,-86.81690153380623,,0,
135.0,11.0,1,-18.946622678718995,,0,
136.0,11.0,1,55.25080696924124,,0,
137.0,11.0,1,131.39092998660635,,0,
138.0,11.0,1,204.09281722147716,,0,
139.0,11.0,1,267.0625457506394,,0,
140.0,11.0,1,313.51026688399725,,0,
141.0,11.0,1,334.54129477613606,964.67218,1,630.130885223864
142.0,11.0,1,315.03585487871896,,0,
143.0,11.0,1,274.9872477223398,,0,
144.0,11.0,1,226.68342130281962,,0,
145.0,11.0,1,176.95471960186842,,0,
146.0,11.0,1,129.84255219518673,,0,
147.0,11.0,1,88.6317915704567,,0,
148.0,11.0,1,58.1014407920884,,0,
149.0,11.0,1,41.88295475352788,-78.689705,1,-120.57265975352789
150.0,11.0,1,34.8122149851406,,0,
151.0,11.0,1,30.51719841954764,,0,
152.0,11.0,1,26.87005718657747,,0,
153.0,11.0,1,22.7158285115147,,0,
154.0,11.0,1,16.123753585852683,,0,
155.0,11.0,1,4.707161454716697,,0,
156.0,11.0,1,-13.25837744656019,,0,
157.0,11.0,1,-37.98248730483465,-68.698402,1,-30.715914695165353
158.0,11.0,1,-68.56384698289912,,0,
159.0,11.0,1,-105.34686840197537,,0,
160.0,11.0,1,-147.51511954225134,,0,
161.0,11.0,1,-193.03275132976705,,0,
162.0,11.0,1,-238.93903260672232,,0,
163.0,11.0,1,-281.44893797452096,,0,
164.0,11.0,1,-315.45167999272235,,0,
165.0,11.0,1,-335.89587481162744,-409.501858,1,-73.60598318837259
166.0,11.0,1,-341.51508054090664,,0,
167.0,11.0,1,-331.6941701649921,,0,
168.0,11.0,2,-308.1289172790712,,0,
169.0,11.0,2,-273.61507063469617,,0,
170.0,11.0,2,-230.7393534508301,,0,
171.0,11.0,2,-181.74686811154243,,0,
172.0,11.0,2,-128.8318000115687,,0,
173.0,11.0,2,-74.81666823121486,25.805214,1,100.62188223121487
174.0,11.0,2,-24.347268127370626,,0,
175.0,11.0,2,18.127703953534365,,0,
176.0,11.0,2,53.215743761276826,,0,
177.0,11.0,2,81.13875687855761,,0,
178.0,11.0,2,99.67027092003264,,0,
179.0,11.0,2,105.5261420821771,,0,
180.0,11.0,2,96.78201278601773,,0,
181.0,11.0,2,74.42003475286765,371.19723,1,296.77719524713234
182.0,11.0,2,39.74105998198502,,0,
183.0,11.0,2,-5.932438607444055,,0,
184.0,11.0,2,-57.043013914022595,,0,
185.0,11.0,2,-107.18314237275627,,0,
186.0,11.0,2,-149.80774972494692,,0,
187.0,11.0,2,-177.3763785790652,,0,
188.0,11.0,2,-182.74916756991297,,0,
189.0,11.0,2,-164.61970491480315,-525.179272,1,-360.5595670851968
190.0,11.0,2,-132.33803362865,,0,
191.0,11.0,2,-95.10712635098025,,0,
192.0,11.0,2,-58.84145405923482,,0,
193.0,11.0,2,-27.580784992082044,,0,
194.0,11.0,2,-2.770140974316746,,0,
195.0,11.0,2,17.27690751105547,,0,
196.0,11.0,2,35.53730101429392,,0,
197.0,11.0,2,54.53187770029763,-68.087054,1,-122.61893170029762
198.0,11.0,2,77.89397416030988,,0,
199.0,11.0,2,102.81931099435315,,0,
0.0,12.0,0,254.33061564015225,,0,
1.0,12.0,0,258.76660479977727,,0,
2.0,12.0,0,260.42153214570135,,0,
3.0,12.0,0,257.4344972781837,,0,
4.0,12.0,0,249.65393724432215,252.049256,1,2.395318755677863
5.0,12.0,0,237.90799958904972,,0,
6.0,12.0,0,223.21670677768998,,0,
7.0,12.0,0,206.5112433717586,,0,
8.0,12.0,0,188.64617847604677,,0,
9.0,12.0,0,170.03307788143866,,0,
10.0,12.0,0,150.06983276992105,,0,
11.0,12.0,0,126.49579242197797,,0,
12.0,12.0,0,96.89694683393463,230.129088,1,133.23214116606536
13.0,12.0,0,62.47061658464372,,0,
14.0,12.0,0,24.422903616679832,,0,
15.0,12.0,0,-16.662092609796673,,0,
16.0,12.0,0,-59.44842948298901,,0,
17.0,12.0,0,-102.26519633014686,,0,
18.0,12.0,0,-143.66031673643738,,0,
19.0,12.0,0,-182.38839947851375,,0,
20.0,12.0,0,-217.35440710443072,-215.514907,1,1.8395001044307264
21.0,12.0,0,-247.60092853556853,,0,
22.0,12.0,0,-272.3845716684591,,0,
23.0,12.0,0,-291.2542023432907,,0,
24.0,12.0,0,-304.07836070656776,,0,
25.0,12.0,0,-311.0922896391712,,0,
26.0,12.0,0,-312.81541147152893,,0,
27.0,12.0,0,-309.2301269075833,,0,
28.0,12.0,0,-298.49969592364505,-390.223825,1,-91.72412907635493
29.0,12.0,0,-276.88795436010696,,0,
30.0,12.0,0,-246.2772866799496,,0,
31.0,12.0,0,-209.878104403615,,0,
32.0,12.0,0,-170.9682135314215,,0,
33.0,12.0,0,-132.61511755094398,,0,
34.0,12.0,0,-97.78550528828055,,0,
35.0,12.0,0,-69.67014930397272,,0,
36.0,12.0,0,-53.77448574104346,345.067705,1,398.84219074104345
37.0,12.0,0,-60.062961732415715,,0,
38.0,12.0,0,-76.25774126395117,,0,
39.0,12.0,0,-94.9140132998582,,0,
40.0,12.0,0,-111.83634455525316,,0,
41.0,12.0,0,-124.55314539337996,,0,
42.0,12.0,0,-131.84206156001892,,0,
43.0,12.0,0,-133.6456685445737,,0,
44.0,12.0,0,-131.38045448623598,4.330302,1,135.71075648623597
45.0,12.0,0,-127.92533867619932,,0,
46.0,12.0,0,-126.21865546621848,,0,
47.0,12.0,0,-126.1912413095124,,0,
48.0,12.0,0,-127.15294088702649,,0,
49.0,12.0,0,-128.63121744361706,,0,
50.0,12.0,0,-130.52267656312324,,0,
51.0,12.0,0,-133.39846234675497,,0,
52.0,12.0,0,-139.14926117286086,57.309256,1,196.45851717286087
53.0,12.0,0,-152.11808601106168,,0,
54.0,12.0,0,-166.13390832196455,,0,
55.0,12.0,0,-178.1915518352762,,0,
56.0,12.0,0,-187.88654933532234,,0,
57.0,12.0,0,-195.9217463665409,,0,
58.0,12.0,0,-203.705755088944,,0,
59.0,12.0,0,-214.1628130406607,,0,
60.0,12.0,0,-229.46974821039476,-45.298145,1,184.17160321039475
61.0,12.0,0,-244.95165657089092,,0,
62.0,12.0,0,-255.37129140575416,,0,
63.0,12.0,0,-257.869310639333,,0,
64.0,12.0,0,-251.63859048276208,,0,
65.0,12.0,0,-236.9077899500844,,0,
66.0,12.0,0,-213.8263840485597,,0,
67.0,12.0,0,-181.63534117501695,,0,
68.0,12.0,0,-139.43013340444304,-354.772481,1,-215.342347595557
69.0,12.0,0,-88.58967915686662,,0,
70.0,12.0,0,-30.378799025435,,0,
71.0,12.0,0,32.99232928373385,,0,
72.0,12.0,3,95.81956864672247,,0,
73.0,12.0,3,150.25814821504173,,0,
74.0,12.0,3,188.0750328968279,,0,
75.0,12.0,3,202.09271587256808,,0,
76.0,12.0,3,190.01046774699353,393.438981,1,203.42851325300649
77.0,12.0,3,157.57379704358755,,0,
78.0,12.0,3,111.9667055363534,,0,
79.0,12.0,3,61.473553375690244,,0,
80.0,12.0,3,12.894368798937649,,0,
81.0,12.0,3,-29.560963506664848,,0,
82.0,12.0,3,-63.37308221514104,,0,
83.0,12.0,3,-87.55778597306926,,0,
84.0,12.0,3,-102.60356774792308,-218.623771,1,-116.02020325207693
85.0,12.0,3,-108.76611515594414,,0,
86.0,12.0,3,-112.72566850419389,,0,
87.0,12.0,3,-119.14856081979815,,0,
88.0,12.0,3,-129.75450727820862,,0,
89.0,12.0,3,-142.94106235078652,,0,
90.0,12.0,3,-154.42072300244763,,0,
91.0,12.0,3,-158.31031688652,,0,
92.0,12.0,3,-150.7024088500766,-347.477927,1,-196.7755181499234
93.0,12.0,3,-135.14480119239306,,0,
94.0,12.0,3,-116.31078562600305,,0,
95.0,12.0,3,-98.23153997096233,,0,
96.0,12.0,3,-85.5644140211225,,0,
97.0,12.0,3,-82.97633790661348,,0,
98.0,12.0,3,-94.10552700964035,,0,
99.0,12.0,3,-120.3615096960566,,0,
100.0,12.0,3,-160.4157312111347,-168.424107,1,-8.008375788865294
101.0,12.0,3,-212.53582987489062,,0,
102.0,12.0,3,-275.0666682878509,,0,
103.0,12.0,3,-344.067797652795,,0,
104.0,12.0,3,-415.0218486578233,,0,
105.0,12.0,3,-483.17850316961994,,0,
106.0,12.0,3,-543.4341841284768,,0,
107.0,12.0,3,-591.488982263254,,0,
108.0,12.0,3,-624.3716690434958,-776.85928,1,-152.48761095650423
109.0,12.0,3,-638.7081734176609,,0,
110.0,12.0,3,-639.7508156080439,,0,
111.0,12.0,3,-630.5241213813424,,0,
112.0,12.0,3,-612.9026849126967,,0,
113.0,12.0,3,-588.6431524716318,,0,
114.0,12.0,3,-559.9768049218692,,0,
115.0,12.0,3,-529.7966481411131,,0,
116.0,12.0,3,-501.96280034969095,-368.121004,1,133.84179634969092
117.0,12.0,3,-482.2276421850547,,0,
118.0,12.0,3,-468.65926497254986,,0,
119.0,12.0,3,-458.87014211912174,,0,
120.0,12.0,3,-450.92338868635125,,0,
121.0,12.0,3,-443.255143074668,,0,
122.0,12.0,3,-434.3328442766215,,0,
123.0,12.0,3,-422.64198248367757,,0,
124.0,12.0,3,-406.4884869295347,-448.695112,1,-42.20662507046529
125.0,12.0,3,-383.3538901938009,,0,
126.0,12.0,3,-354.0014043445117,,0,
127.0,12.0,3,-322.8994803271489,,0,
128.0,12.0,3,-293.8687688013306,,0,
129.0,12.0,3,-268.10737931891344,,0,
130.0,12.0,3,-244.22080028650817,,0,
131.0,12.0,3,-217.88631352654193,,0,
132.0,12.0,1,-183.42606846499257,-434.476408,1,-251.05033953500742
133.0,12.0,1,-137.38089375651907,,0,
134.0,12.0,1,-77.12333568709437,,0,
135.0,12.0,1,-5.9451547071221285,,0,
136.0,12.0,1,71.8241721757222,,0,
137.0,12.0,1,152.21151749009732,,0,
138.0,12.0,1,230.14478408440482,,0,
139.0,12.0,1,297.7623603278771,,0,
140.0,12.0,1,345.18031251826324,1050.849331,1,705.6690184817367
141.0,12.0,1,364.5984142969828,,0,
142.0,12.0,1,350.8692576364847,,0,
143.0,12.0,1,313.65820669097593,,0,
144.0,12.0,1,264.1408627516357,,0,
145.0,12.0,1,209.5437194588012,,0,
146.0,12.0,1,154.93756933161058,,0,
147.0,12.0,1,104.89941510220524,,0,
148.0,12.0,1,65.94190983660519,-242.577485,1,-308.5193948366052
149.0,12.0,1,47.66480825981125,,0,
150.0,12.0,1,41.55588646349497,,0,
151.0,12.0,1,42.439268999849446,,0,
152.0,12.0,1,47.772666761418805,,0,
153.0,12.0,1,55.356138381001074,,0,
154.0,12.0,1,62.02671320363879,,0,
155.0,12.0,1,63.82185341324657,,0,
156.0,12.0,1,57.79737543791998,32.610099,1,-25.187276437919984
157.0,12.0,1,43.90869987034239,,0,
158.0,12.0,1,22.214603698812425,,0,
159.0,12.0,1,-8.085143085336313,,0,
160.0,12.0,1,-46.94749781501014,,0,
161.0,12.0,1,-92.74448536796262,,0,
162.0,12.0,1,-142.39198423724156,,0,
163.0,12.0,1,-191.57632213656325,,0,
164.0,12.0,1,-234.25381893385202,-422.569633,1,-188.315814066148
165.0,12.0,1,-261.90471524430905,,0,
166.0,12.0,1,-276.31779054622166,,0,
167.0,12.0,1,-277.6618750410853,,0,
168.0,12.0,2,-266.3929816924501,,0,
169.0,12.0,2,-243.8147301111021,,0,
170.0,12.0,2,-211.62925338820787,,0,
171.0,12.0,2,-171.81991064467002,,0,
172.0,12.0,2,-126.61382005375344,-139.495573,1,-12.881752946246564
173.0,12.0,2,-78.57035314105451,,0,
174.0,12.0,2,-31.47360338550061,,0,
175.0,12.0,2,11.632700966438279,,0,
176.0,12.0,2,49.414959644083865,,0,
177.0,12.0,2,80.62308282556478,,0,
178.0,12.0,2,102.67636484256946,,0,
179.0,12.0,2,111.06863928271923,,0,
180.0,12.0,2,101.97428007377312,460.602057,1,358.6277769262269
181.0,12.0,2,78.56020445364993,,0,
182.0,12.0,2,44.39991737855598,,0,
183.0,12.0,2,2.1839627944864333,,0,
184.0,12.0,2,-43.93026312929578,,0,
185.0,12.0,2,-88.55203997640638,,0,
186.0,12.0,2,-125.25225180923007,,0,
187.0,12.0,2,-144.99355018348433,,0,
188.0,12.0,2,-138.03323138540145,-486.987334,1,-348.9541026145985
189.0,12.0,2,-101.62106865568785,,0,
190.0,12.0,2,-53.68190393492114,,0,
191.0,12.0,2,-5.210231646196917,,0,
192.0,12.0,2,37.09609615651425,,0,
193.0,12.0,2,69.19888884125976,,0,
194.0,12.0,2,90.5482067654375,,0,
195.0,12.0,2,105.34343055961654,,0,
196.0,12.0,2,119.68119812407531,-111.261807,1,-230.9430051240753
197.0,12.0,2,135.0178474750719,,0,
198.0,12.0,2,152.12146723573096,,0,
199.0,12.0,2,169.9494527829811,,0,
0.0,13.0,0,230.9169827932492,,0,
1.0,13.0,0,234.502940551145,,0,
2.0,13.0,0,234.10543708922341,,0,
3.0,13.0,0,227.1763951284811,191.439574,1,-35.7368211284811
4.0,13.0,0,215.1785868005827,,0,
5.0,13.0,0,200.2336003840901,,0,
6.0,13.0,0,183.81583893718198,,0,
7.0,13.0,0,167.06069770129398,,0,
8.0,13.0,0,150.73912813747302,,0,
9.0,13.0,0,135.03555588726886,,0,
10.0,13.0,0,119.01647849008441,,0,
11.0,13.0,0,99.59780434332788,266.120158,1,166.52235365667212
12.0,13.0,0,71.21813297364861,,0,
13.0,13.0,0,37.49794693273725,,0,
14.0,13.0,0,0.20465859910473228,,0,
15.0,13.0,0,-39.65362999541685,,0,
16.0,13.0,0,-80.86342727113515,,0,
17.0,13.0,0,-122.07343586580828,,0,
18.0,13.0,0,-161.96631487784907,,0,
19.0,13.0,0,-199.266244889237,-198.576444,1,0.6898008892369774
20.0,13.0,0,-232.7640279957559,,0,
21.0,13.0,0,-261.2243672576733,,0,
22.0,13.0,0,-283.52389507263433,,0,
23.0,13.0,0,-298.8474833914079,,0,
24.0,13.0,0,-306.90648333728313,,0,
25.0,13.0,0,-308.1422688392922,,0,
26.0,13.0,0,-303.9288541479036,,0,
27.0,13.0,0,-295.3106370270252,-311.761432,1,-16.45079497297479
28.0,13.0,0,-280.0938276259694,,0,
29.0,13.0,0,-256.1315051362617,,0,
30.0,13.0,0,-224.84456141502596,,0,
31.0,13.0,0,-189.39808548800647,,0,
32.0,13.0,0,-153.2936724689789,,0,
33.0,13.0,0,-119.85904201027006,,0,
34.0,13.0,0,-91.91356245696079,,0,
35.0,13.0,0,-72.22214025794528,150.625904,1,222.84804425794528
36.0,13.0,0,-65.30957216070965,,0,
37.0,13.0,0,-74.47378798597492,,0,
38.0,13.0,0,-93.09067950386088,,0,
39.0,13.0,0,-113.77161837485619,,0,
40.0,13.0,0,-132.1846344792284,,0,
41.0,13.0,0,-145.98575474740937,,0,
42.0,13.0,0,-153.87567520642187,,0,
43.0,13.0,0,-155.58763067494147,-154.090801,1,1.4968296749414662
44.0,13.0,0,-153.06148424302228,,0,
45.0,13.0,0,-148.69704414816806,,0,
46.0,13.0,0,-144.12583042308688,,0,
47.0,13.0,0,-139.65045516076498,,0,
48.0,13.0,0,-135.0857999320142,,0,
49.0,13.0,0,-130.66281107102986,,0,
50.0,13.0,0,-127.51437336148228,,0,
51.0,13.0,0,-127.44800605531782,63.050051,1,190.49805705531782
52.0,13.0,0,-132.08290950674564,,0,
53.0,13.0,0,-142.56351578433532,,0,
54.0,13.0,0,-155.7663468903629,,0,
55.0,13.0,0,-168.63007653388195,,0,
56.0,13.0,0,-179.84531394427177,,0,
57.0,13.0,0,-189.1102458233945,,0,
58.0,13.0,0,-197.02504096366465,,0,
59.0,13.0,0,-206.4171319650486,70.561762,1,276.9788939650486
60.0,13.0,0,-223.66862658434547,,0,
61.0,13.0,0,-240.07642893402954,,0,
62.0,13.0,0,-250.70231570047326,,0,
63.0,13.0,0,-253.3329101653071,,0,
64.0,13.0,0,-247.23297523334622,,0,
65.0,13.0,0,-232.42827053630026,,0,
66.0,13.0,0,-208.93149576842552,,0,
67.0,13.0,0,-175.79307861695997,-294.772831,1,-118.97975238304002
68.0,13.0,0,-130.36091699812096,,0,
69.0,13.0,0,-76.31619443610543,,0,
70.0,13.0,0,-16.096535929013044,,0,
71.0,13.0,0,47.472288130549714,,0,
72.0,13.0,3,109.74252563540358,,0,
73.0,13.0,3,164.16859410342295,,0,
74.0,13.0,3,201.97351610648911,,0,
75.0,13.0,3,214.09103929356206,459.640893,1,245.54985370643794
76.0,13.0,3,197.02417283214163,,0,
77.0,13.0,3,162.3786540436122,,0,
78.0,13.0,3,117.98069860425312,,0,
79.0,13.0,3,70.17827958287671,,0,
80.0,13.0,3,24.252266927156597,,0,
81.0,13.0,3,-15.91213945375057,,0,
82.0,13.0,3,-47.008667571033584,,0,
83.0,13.0,3,-66.955970604904,-199.544617,1,-132.588646395096
84.0,13.0,3,-77.62906071683392,,0,
85.0,13.0,3,-82.03559074070654,,0,
86.0,13.0,3,-85.13892296544509,,0,
87.0,13.0,3,-91.0270968497498,,0,
88.0,13.0,3,-101.0814873764757,,0,
89.0,13.0,3,-113.72759184910683,,0,
90.0,13.0,3,-124.55744530068478,,0,
91.0,13.0,3,-126.93330606666859,-389.739494,1,-262.8061879333314
92.0,13.0,3,-113.68842815473909,,0,
93.0,13.0,3,-93.10068482303177,,0,
94.0,13.0,3,-70.6570718716248,,0,
95.0,13.0,3,-50.94307596923318,,0,
96.0,13.0,3,-38.89581180119421,,0,
97.0,13.0,3,-39.14726006571436,,0,
98.0,13.0,3,-55.731924626772525,,0,
99.0,13.0,3,-90.70051091886126,-99.486229,1,-8.78571808113874
100.0,13.0,3,-140.28987530435552,,0,
101.0,13.0,3,-200.8426457948808,,0,
102.0,13.0,3,-269.5274909392174,,0,
103.0,13.0,3,-342.92485808738274,,0,
104.0,13.0,3,-417.0881584912131,,0,
105.0,13.0,3,-487.61388299631653,,0,
106.0,13.0,3,-548.9442205255618,,0,
107.0,13.0,3,-595.7007166164112,-778.771369,1,-183.07065238358882
108.0,13.0,3,-626.3977035990683,,0,
109.0,13.0,3,-640.7027379659121,,0,
110.0,13.0,3,-641.2377586964285,,0,
111.0,13.0,3,-630.741936363047,,0,
112.0,13.0,3,-611.244790100638,,0,
113.0,13.0,3,-585.061486440798,,0,
114.0,13.0,3,-555.5248307545698,,0,
115.0,13.0,3,-526.6461910687503,-388.721744,1,137.92444706875034
116.0,13.0,3,-501.94423597505374,,0,
117.0,13.0,3,-484.2985303744208,,0,
118.0,13.0,3,-472.8547406622092,,0,
119.0,13.0,3,-465.3059848722769,,0,
120.0,13.0,3,-459.4183264255116,,0,
121.0,13.0,3,-453.0693714739755,,0,
122.0,13.0,3,-444.18865881860256,,0,
123.0,13.0,3,-430.8513247905066,-336.20684,1,94.64448479050662
124.0,13.0,3,-411.3826959365688,,0,
125.0,13.0,3,-384.98939934029477,,0,
126.0,13.0,3,-353.5658353334293,,0,
127.0,13.0,3,-321.06283448828617,,0,
128.0,13.0,3,-290.92820486519486,,0,
129.0,13.0,3,-264.2343742181838,,0,
130.0,13.0,3,-239.34308538099867,,0,
131.0,13.0,1,-211.51707052555867,-395.556497,1,-184.0394264744413
132.0,13.0,1,-172.390198548208,,0,
133.0,13.0,1,-122.85598123495583,,0,
134.0,13.0,1,-62.587643479928374,,0,
135.0,13.0,1,7.077239924867172,,0,
136.0,13.0,1,83.35207745811203,,0,
137.0,13.0,1,162.7576223872602,,0,
138.0,13.0,1,240.70219594804803,,0,
139.0,13.0,1,309.29558990255464,556.869722,1,247.57413209744539
140.0,13.0,1,354.0697732256958,,0,
141.0,13.0,1,373.03365187713644,,0,
142.0,13.0,1,364.66789886786137,,0,
143.0,13.0,1,333.00720424437895,,0,
144.0,13.0,1,285.4603044488467,,0,
145.0,13.0,1,229.2992731493141,,0,
146.0,13.0,1,170.74157623996143,,0,
147.0,13.0,1,115.81264429504517,-219.104109,1,-334.91675329504517
148.0,13.0,1,72.96205240837298,,0,
149.0,13.0,1,48.77457505505299,,0,
150.0,13.0,1,40.67135017050896,,0,
151.0,13.0,1,44.4472550698556,,0,
152.0,13.0,1,57.255929510167334,,0,
153.0,13.0,1,76.14713380340254,,0,
154.0,13.0,1,96.58918747724965,,0,
155.0,13.0,1,112.78573440236505,213.670026,1,100.88429159763496
156.0,13.0,1,120.18084693630226,,0,
157.0,13.0,1,119.54365363065153,,0,
158.0,13.0,1,109.39586793014314,,0,
159.0,13.0,1,87.68815750570502,,0,
160.0,13.0,1,53.74001494189724,,0,
161.0,13.0,1,9.093708513479214,,0,
162.0,13.0,1,-42.60596195521066,,0,
163.0,13.0,1,-96.01334899070207,-284.281275,1,-188.26792600929792
164.0,13.0,1,-144.44697817938868,,0,
165.0,13.0,1,-181.98611221730243,,0,
166.0,13.0,1,-207.73721442418173,,0,
167.0,13.0,1,-221.87776765145827,,0,
168.0,13.0,2,-224.3092421144247,,0,
169.0,13.0,2,-215.21168609970482,,0,
170.0,13.0,2,-195.39872877136804,,0,
171.0,13.0,2,-166.56355537788477,31.066062,1,197.62961737788476
172.0,13.0,2,-130.83135727560148,,0,
173.0,13.0,2,-90.53791716351407,,0,
174.0,13.0,2,-48.39139445009641,,0,
175.0,13.0,2,-6.881172399269417,,0,
176.0,13.0,2,31.810035831760615,,0,
177.0,13.0,2,65.0884591297363,,0,
178.0,13.0,2,89.8377960913349,,0,
179.0,13.0,2,101.71716458327137,399.421852,1,297.70468741672863
180.0,13.0,2,92.94670201046392,,0,
181.0,13.0,2,71.65069562999997,,0,
182.0,13.0,2,42.12599195470102,,0,
183.0,13.0,2,7.217381675960496,,0,
184.0,13.0,2,-29.443264289642684,,0,
185.0,13.0,2,-63.073435821628664,,0,
186.0,13.0,2,-87.72392250178382,,0,
187.0,13.0,2,-94.24432140821591,-523.092757,1,-428.8484355917841
188.0,13.0,2,-67.14364030526485,,0,
189.0,13.0,2,-16.35518942406634,,0,
190.0,13.0,2,44.13284930330701,,0,
191.0,13.0,2,102.50189408101141,,0,
192.0,13.0,2,150.74308455281425,,0,
193.0,13.0,2,183.9414162854664,,0,
194.0,13.0,2,201.4776771219913,,0,
195.0,13.0,2,209.2382324335631,-49.110243,1,-258.34847543356307
196.0,13.0,2,218.79039450513665,,0,
197.0,13.0,2,227.88670969731174,,0,
198.0,13.0,2,236.62457535392605,,0,
199.0,13.0,2,245.24919392820448,,0,
0.0,14.0,0,202.69435560097918,,0,
1.0,14.0,0,205.00197509094141,,0,
2.0,14.0,0,202.97777274483815,361.815164,1,158.83739125516183
3.0,14.0,0,191.92410266585648,,0,
4.0,14.0,0,176.09415889997035,,0,
5.0,14.0,0,158.12688044307288,,0,
6.0,14.0,0,139.7887949431315,,0,
7.0,14.0,0,122.45432200981304,,0,
8.0,14.0,0,106.82094167545438,,0,
9.0,14.0,0,92.79910667147487,,0,
10.0,14.0,0,79.06421065353788,133.221358,1,54.157147346462125
11.0,14.0,0,61.62215523933992,,0,
12.0,14.0,0,36.83592727314681,,0,
13.0,14.0,0,5.782733430620283,,0,
14.0,14.0,0,-29.491659643128514,,0,
15.0,14.0,0,-67.39993211533874,,0,
16.0,14.0,0,-106.52806493453681,,0,
17.0,14.0,0,-145.7052965145558,,0,
18.0,14.0,0,-183.84660058375448,-187.352807,1,-3.506206416245533
19.0,14.0,0,-219.67909537721425,,0,
20.0,14.0,0,-251.8820930228103,,0,
21.0,14.0,0,-278.8974224923877,,0,
22.0,14.0,0,-299.13419945561327,,0,
23.0,14.0,0,-311.313772178255,,0,
24.0,14.0,0,-314.9193924407009,,0,
25.0,14.0,0,-310.48980914009735,,0,
26.0,14.0,0,-299.8544639957836,-188.721345,1,111.13311899578358
27.0,14.0,0,-286.25685291038826,,0,
28.0,14.0,0,-266.7949031316675,,0,
29.0,14.0,0,-240.58279350900557,,0,
30.0,14.0,0,-209.07888012228068,,0,
31.0,14.0,0,-175.2962176941801,,0,
32.0,14.0,0,-143.05036977678537,,0,
33.0,14.0,0,-116.15158366016112,,0,
34.0,14.0,0,-97.33244194975123,-58.99555,1,38.33689194975123
35.0,14.0,0,-88.06675374181941,,0,
36.0,14.0,0,-90.05745942215435,,0,
37.0,14.0,0,-103.25729868747294,,0,
38.0,14.0,0,-123.40091153746471,,0,
39.0,14.0,0,-144.7769858711399,,0,
40.0,14.0,0,-163.32792753726244,,0,
41.0,14.0,0,-177.12894905079156,,0,
42.0,14.0,0,-185.29253019252792,-250.721655,1,-65.42912480747208
43.0,14.0,0,-186.76818958087824,,0,
44.0,14.0,0,-184.2564615176525,,0,
45.0,14.0,0,-179.46635378041537,,0,
46.0,14.0,0,-173.14489251258783,,0,
47.0,14.0,0,-165.4172412394546,,0,
48.0,14.0,0,-156.50311033148319,,0,
49.0,14.0,0,-147.37767278053798,,0,
50.0,14.0,0,-140.1047354976181,-74.466875,1,65.63786049761809
51.0,14.0,0,-138.03586014173925,,0,
52.0,14.0,0,-141.18162153032608,,0,
53.0,14.0,0,-149.45886454223364,,0,
54.0,14.0,0,-161.26339571271092,,0,
55.0,14.0,0,-174.4069167773705,,0,
56.0,14.0,0,-187.2320037756581,,0,
57.0,14.0,0,-198.7331817872473,,0,
58.0,14.0,0,-208.99906392255798,-70.873942,1,138.12512192255798
59.0,14.0,0,-220.40756570035592,,0,
60.0,14.0,0,-235.05837929912377,,0,
61.0,14.0,0,-248.57680839276873,,0,
62.0,14.0,0,-256.42435559781734,,0,
63.0,14.0,0,-256.4118053097045,,0,
64.0,14.0,0,-247.79860480537172,,0,
65.0,14.0,0,-230.47154035011772,,0,
66.0,14.0,0,-204.16400035325205,-203.821156,1,0.34284435325204754
67.0,14.0,0,-167.93017642456107,,0,
68.0,14.0,0,-121.13532595906872,,0,
69.0,14.0,0,-66.17148667303263,,0,
70.0,14.0,0,-6.113397533539683,,0,
71.0,14.0,0,55.775685654371046,,0,
72.0,14.0,3,115.2895510008093,,0,
73.0,14.0,3,166.9020902644843,,0,
74.0,14.0,3,202.26499475518358,516.500093,1,314.2350982448164
75.0,14.0,3,208.23027192649897,,0,
76.0,14.0,3,190.30737176071852,,0,
77.0,14.0,3,157.01102707814425,,0,
78.0,14.0,3,115.89534222148359,,0,
79.0,14.0,3,72.66693399182986,,0,
80.0,14.0,3,31.697165657533333,,0,
81.0,14.0,3,-3.7382468210998923,,0,
82.0,14.0,3,-30.416255512391217,-187.821058,1,-157.40480248760878
83.0,14.0,3,-44.00611497380305,,0,
84.0,14.0,3,-49.45873000525171,,0,
85.0,14.0,3,-50.802949626900954,,0,
86.0,14.0,3,-52.13590296625625,,0,
87.0,14.0,3,-56.85897288448177,,0,
88.0,14.0,3,-66.02478459116537,,0,
89.0,14.0,3,-77.66063320837566,,0,
90.0,14.0,3,-86.77356020538718,-184.819651,1,-98.04609079461281
91.0,14.0,3,-85.24386887834407,,0,
92.0,14.0,3,-71.45645554485964,,0,
93.0,14.0,3,-49.9658548393636,,0,
94.0,14.0,3,-26.486252926493762,,0,
95.0,14.0,3,-6.523195725574624,,0,
96.0,14.0,3,3.795408229896566,,0,
97.0,14.0,3,-0.660056001652265,,0,
98.0,14.0,3,-22.89846113405656,196.606753,1,219.50521413405656
99.0,14.0,3,-66.81579056446208,,0,
100.0,14.0,3,-124.5264764042222,,0,
101.0,14.0,3,-191.42531447488,,0,
102.0,14.0,3,-264.37018795253243,,0,
103.0,14.0,3,-340.14050845016027,,0,
104.0,14.0,3,-415.326955705561,,0,
105.0,14.0,3,-486.27080955554266,,0,
106.0,14.0,3,-547.8836547208339,-733.725519,1,-185.8418642791661
107.0,14.0,3,-592.3879507982056,,0,
108.0,14.0,3,-621.9192320832517,,0,
109.0,14.0,3,-637.0621648292581,,0,
110.0,14.0,3,-638.8508928960946,,0,
111.0,14.0,3,-628.9831694151508,,0,
112.0,14.0,3,-609.3696346354336,,0,
113.0,14.0,3,-582.6855529862223,,0,
114.0,14.0,3,-553.1853423754219,-493.644052,1,59.54129037542191
115.0,14.0,3,-526.44443274691,,0,
116.0,14.0,3,-504.5743785815721,,0,
117.0,14.0,3,-489.1021669502079,,0,
118.0,14.0,3,-479.585927334032,,0,
119.0,14.0,3,-474.0319960198831,,0,
120.0,14.0,3,-469.9420673868008,,0,
121.0,14.0,3,-464.65550528554013,,0,
122.0,14.0,3,-455.4147451945464,-456.461701,1,-1.0469558054535923
123.0,14.0,3,-439.77631242666394,,0,
124.0,14.0,3,-416.258664855035,,0,
125.0,14.0,3,-385.1124104333576,,0,
126.0,14.0,3,-349.13031153043266,,0,
127.0,14.0,3,-312.87034625781234,,0,
128.0,14.0,3,-280.00106830726145,,0,
129.0,14.0,3,-251.06447396607837,,0,
130.0,14.0,3,-223.54150011215825,-346.803889,1,-123.26238888784178
131.0,14.0,1,-192.53481311979704,,0,
132.0,14.0,1,-153.00638507521944,,0,
133.0,14.0,1,-104.3539488138631,,0,
134.0,14.0,1,-47.18658519955352,,0,
135.0,14.0,1,17.605996432714164,,0,
136.0,14.0,1,88.45245958212763,,0,
137.0,14.0,1,162.53111280984012,,0,
138.0,14.0,1,235.03185916424263,149.858698,1,-85.17316116424263
139.0,14.0,1,299.36390346172266,,0,
140.0,14.0,1,344.2304814180825,,0,
141.0,14.0,1,365.5743041753303,,0,
142.0,14.0,1,362.40546612237813,,0,
143.0,14.0,1,336.0199092795374,,0,
144.0,14.0,1,290.9313019175315,,0,
145.0,14.0,1,234.23026890284382,,0,
146.0,14.0,1,173.53580690640956,250.813006,1,77.27719909359044
147.0,14.0,1,115.17925570695661,,0,
148.0,14.0,1,68.66618345468305,,0,
149.0,14.0,1,39.63267821876798,,0,
150.0,14.0,1,28.58510595234111,,0,
151.0,14.0,1,33.45034302736167,,0,
152.0,14.0,1,51.73890200117603,,0,
153.0,14.0,1,80.27658545726445,,0,
154.0,14.0,1,113.68675886833807,245.314339,1,131.62758013166192
155.0,14.0,1,143.37791134777945,,0,
156.0,14.0,1,167.32507256488316,,0,
157.0,14.0,1,183.37033516471274,,0,
158.0,14.0,1,187.95789395016618,,0,
159.0,14.0,1,177.24314916098956,,0,
160.0,14.0,1,149.72885215620045,,0,
161.0,14.0,1,107.39294148457702,,0,
162.0,14.0,1,54.799728782032616,139.066291,1,84.26656221796739
163.0,14.0,1,-1.5175506516825408,,0,
164.0,14.0,1,-55.238490246236324,,0,
165.0,14.0,1,-101.8322497982299,,0,
166.0,14.0,1,-139.27902221586555,,0,
167.0,14.0,1,-166.77203400991857,,0,
168.0,14.0,2,-183.5563180592144,,0,
169.0,14.0,2,-188.75167822110234,,0,
170.0,14.0,2,-182.08788521023234,12.204299,1,194.29218421023234
171.0,14.0,2,-165.2597235783469,,0,
172.0,14.0,2,-140.3215605581645,,0,
173.0,14.0,2,-109.16060661838856,,0,
174.0,14.0,2,-73.71350544074085,,0,
175.0,14.0,2,-35.98619743576273,,0,
176.0,14.0,2,1.50841856142506,,0,
177.0,14.0,2,34.724845685472246,,0,
178.0,14.0,2,58.81295564409811,127.180657,1,68.36770135590189
179.0,14.0,2,70.55364342639223,,0,
180.0,14.0,2,67.58657668041997,,0,
181.0,14.0,2,53.800461624749005,,0,
182.0,14.0,2,33.55116034601815,,0,
183.0,14.0,2,10.06267403520178,,0,
184.0,14.0,2,-12.892701989621855,,0,
185.0,14.0,2,-30.23775603552349,,0,
186.0,14.0,2,-35.44760154024698,-357.465114,1,-322.01751245975305
187.0,14.0,2,-20.177181396167725,,0,
188.0,14.0,2,22.232448133989237,,0,
189.0,14.0,2,85.15004311146913,,0,
190.0,14.0,2,156.06475589284673,,0,
191.0,14.0,2,223.05805832752958,,0,
192.0,14.0,2,277.07192441646475,,0,
193.0,14.0,2,312.11623458727263,,0,
194.0,14.0,2,326.7812446388416,383.074577,1,56.29333236115838
195.0,14.0,2,329.4735193583183,,0,
196.0,14.0,2,329.4767662839731,,0,
197.0,14.0,2,328.5198941886192,,0,
198.0,14.0,2,326.7626752827782,,0,
199.0,14.0,2,324.7966039602179,,0,
0.0,15.0,0,169.02118424512446,,0,
1.0,15.0,0,168.63513568905182,447.600719,1,278.9655833109482
2.0,15.0,0,163.1432524959091,,0,
3.0,15.0,0,150.39634754415601,,0,
4.0,15.0,0,132.4749491289258,,0,
5.0,15.0,0,112.31376903643832,,0,
6.0,15.0,0,92.32876216201112,,0,
7.0,15.0,0,74.51375445025042,,0,
8.0,15.0,0,59.660890192724764,,0,
9.0,15.0,0,46.998445256613195,-14.257122,1,-61.2555672566132
10.0,15.0,0,35.39858475746587,,0,
11.0,15.0,0,20.273187583312392,,0,
12.0,15.0,0,-1.1015927544794977,,0,
13.0,15.0,0,-28.813251636282075,,0,
14.0,15.0,0,-61.42729675536975,,0,
15.0,15.0,0,-96.9550148891285,,0,
16.0,15.0,0,-133.59589572856203,,0,
17.0,15.0,0,-170.43144078180194,-236.944458,1,-66.51301721819806
18.0,15.0,0,-206.75478715007193,,0,
19.0,15.0,0,-241.41916835680604,,0,
20.0,15.0,0,-272.874113437254,,0,
21.0,15.0,0,-299.2093334514648,,0,
22.0,15.0,0,-318.3096406967379,,0,
23.0,15.0,0,-328.2849013316445,,0,
24.0,15.0,0,-328.37194843241014,,0,
25.0,15.0,0,-319.6148975667311,-261.395185,1,58.21971256673106
26.0,15.0,0,-304.4362855356885,,0,
27.0,15.0,0,-285.04679694911465,,0,
28.0,15.0,0,-261.08262230362743,,0,
29.0,15.0,0,-232.4937865160755,,0,
30.0,15.0,0,-200.81258523464203,,0,
31.0,15.0,0,-168.85009004967287,,0,
32.0,15.0,0,-140.72141027031466,,0,
33.0,15.0,0,-120.86957632284611,-71.775119,1,49.09445732284611
34.0,15.0,0,-111.51010929059703,,0,
35.0,15.0,0,-111.85210803174414,,0,
36.0,15.0,0,-121.7622038628906,,0,
37.0,15.0,0,-139.80943265603855,,0,
38.0,15.0,0,-162.15178324072622,,0,
39.0,15.0,0,-183.8157223770395,,0,
40.0,15.0,0,-201.22586094751023,,0,
41.0,15.0,0,-213.38871464785188,-225.914996,1,-12.526281352148118
42.0,15.0,0,-220.30141454329714,,0,
43.0,15.0,0,-222.15071843168698,,0,
44.0,15.0,0,-220.3849936982151,,0,
45.0,15.0,0,-216.0837886664085,,0,
46.0,15.0,0,-209.32191600452643,,0,
47.0,15.0,0,-199.7589695972856,,0,
48.0,15.0,0,-187.81409408035688,,0,
49.0,15.0,0,-175.4537391270278,-81.394956,1,94.05878312702781
50.0,15.0,0,-165.61552695342107,,0,
51.0,15.0,0,-160.95109768374823,,0,
52.0,15.0,0,-162.11000889958814,,0,
53.0,15.0,0,-168.727671059547,,0,
54.0,15.0,0,-179.70936790423002,,0,
55.0,15.0,0,-193.5053044075612,,0,
56.0,15.0,0,-208.48212395177688,,0,
57.0,15.0,0,-223.04316844488494,-234.624518,1,-11.581349555115054
58.0,15.0,0,-236.24681394151412,,0,
59.0,15.0,0,-248.8186145068612,,0,
60.0,15.0,0,-260.747916482389,,0,
61.0,15.0,0,-269.68091190233827,,0,
62.0,15.0,0,-272.6621365074534,,0,
63.0,15.0,0,-267.8513212306425,,0,
64.0,15.0,0,-254.66106776183005,,0,
65.0,15.0,0,-233.1091930664261,-191.489585,1,41.61960806642608
66.0,15.0,0,-202.80828047764953,,0,
67.0,15.0,0,-163.42367482115515,,0,
68.0,15.0,0,-115.48578573437408,,0,
69.0,15.0,0,-61.00987676906516,,0,
70.0,15.0,0,-2.947306383459363,,0,
71.0,15.0,0,55.180759795359336,,0,
72.0,15.0,0,109.14495279989205,,0,
73.0,15.0,3,153.68627402826678,409.952075,1,256.2658009717332
74.0,15.0,3,181.4234334094217,,0,
75.0,15.0,3,185.79802404122893,,0,
76.0,15.0,3,169.78469444275834,,0,
77.0,15.0,3,140.48561911814613,,0,
78.0,15.0,3,104.76895541988779,,0,
79.0,15.0,3,68.14630917191971,,0,
80.0,15.0,3,34.55757776682731,,0,
81.0,15.0,3,6.946832458750578,-183.110743,1,-190.0575754587506
82.0,15.0,3,-11.803873157099588,,0,
83.0,15.0,3,-20.000979642383754,,0,
84.0,15.0,3,-20.63215412007412,,0,
85.0,15.0,3,-18.021817698841915,,0,
86.0,15.0,3,-16.351632729929406,,0,
87.0,15.0,3,-19.06693018367514,,0,
88.0,15.0,3,-27.000011629541405,,0,
89.0,15.0,3,-37.12657954273163,127.639495,1,164.76607454273164
90.0,15.0,3,-43.83621230366407,,0,
91.0,15.0,3,-41.61588111857418,,0,
92.0,15.0,3,-29.33212292927783,,0,
93.0,15.0,3,-9.823005948448554,,0,
94.0,15.0,3,12.24414059886476,,0,
95.0,15.0,3,31.080390078539494,,0,
96.0,15.0,3,38.62656850670464,,0,
97.0,15.0,3,27.140764252690133,442.29487,1,415.15410574730987
98.0,15.0,3,-3.6752093814866384,,0,
99.0,15.0,3,-52.45987708866596,,0,
100.0,15.0,3,-114.24862394019146,,0,
101.0,15.0,3,-184.1894039826002,,0,
102.0,15.0,3,-258.6719937485759,,0,
103.0,15.0,3,-334.26556828338653,,0,
104.0,15.0,3,-407.6909673077316,,0,
105.0,15.0,3,-475.8950659810798,-647.266898,1,-171.37183201892014
106.0,15.0,3,-534.6734526537475,,0,
107.0,15.0,3,-579.634207996598,,0,
108.0,15.0,3,-610.5672778460867,,0,
109.0,15.0,3,-628.008703088708,,0,
110.0,15.0,3,-632.3217630143045,,0,
111.0,15.0,3,-624.5253331394051,,0,
112.0,15.0,3,-606.2837405275859,,0,
113.0,15.0,3,-580.3338556384551,-658.073518,1,-77.7396623615449
114.0,15.0,3,-552.1091255348874,,0,
115.0,15.0,3,-526.9081436393899,,0,
116.0,15.0,3,-507.41109822348517,,0,
117.0,15.0,3,-494.59740072407294,,0,
118.0,15.0,3,-487.83609411036014,,0,
119.0,15.0,3,-485.01200931338826,,0,
120.0,15.0,3,-483.33788104506675,,0,
121.0,15.0,3,-479.7718060798361,-489.884843,1,-10.113036920163893
122.0,15.0,3,-470.7376761039486,,0,
123.0,15.0,3,-453.21283466997556,,0,
124.0,15.0,3,-425.5625154575391,,0,
125.0,15.0,3,-388.33155317546334,,0,
126.0,15.0,3,-345.18579208350275,,0,
127.0,15.0,3,-302.5465826728032,,0,
128.0,15.0,3,-265.5210542799032,,0,
129.0,15.0,3,-233.61957051540958,-233.578651,1,0.04091951540956984
130.0,15.0,3,-203.06247999175685,,0,
131.0,15.0,1,-169.75146006175783,,0,
132.0,15.0,1,-130.6804037708789,,0,
133.0,15.0,1,-84.96476882585557,,0,
134.0,15.0,1,-32.97676947276341,,0,
135.0,15.0,1,24.64272573357448,,0,
136.0,15.0,1,87.49264690902783,,0,
137.0,15.0,1,154.28491841623327,198.666504,1,44.381585583766736
138.0,15.0,1,219.95186897716485,,0,
139.0,15.0,1,277.9805749033112,,0,
140.0,15.0,1,321.2134152922081,,0,
141.0,15.0,1,345.06100041262107,,0,
142.0,15.0,1,346.9242839042563,,0,
143.0,15.0,1,325.0456933187088,,0,
144.0,15.0,1,281.04454918933334,,0,
145.0,15.0,1,222.3736491049931,470.54225,1,248.16860089500693
146.0,15.0,1,158.38056187474285,,0,
147.0,15.0,1,97.42714799253736,,0,
148.0,15.0,1,47.784511074482,,0,
149.0,15.0,1,15.210687405546196,,0,
150.0,15.0,1,1.7655842503299937,,0,
151.0,15.0,1,6.8397743209498,,0,
152.0,15.0,1,28.66493384493515,,0,
153.0,15.0,1,64.32761833362747,280.221248,1,215.89362966637253
154.0,15.0,1,107.96817423845641,,0,
155.0,15.0,1,152.9123006784357,,0,
156.0,15.0,1,195.18916343629826,,0,
157.0,15.0,1,230.57619093736866,,0,
158.0,15.0,1,252.86156699550338,,0,
159.0,15.0,1,255.22539042285644,,0,
160.0,15.0,1,234.7560777401086,,0,
161.0,15.0,1,195.24257202778244,252.400096,1,57.15752397221755
162.0,15.0,1,142.56773852265906,,0,
163.0,15.0,1,84.6428052377887,,0,
164.0,15.0,1,27.017364866216667,,0,
165.0,15.0,1,-26.714441560441628,,0,
166.0,15.0,1,-74.3446313040331,,0,
167.0,15.0,2,-114.26929334248416,,0,
168.0,15.0,2,-144.86720375344157,,0,
169.0,15.0,2,-164.32506298378576,-231.171224,1,-66.84616101621424
170.0,15.0,2,-170.8393453884637,,0,
171.0,15.0,2,-166.68189029791392,,0,
172.0,15.0,2,-153.49566201702692,,0,
173.0,15.0,2,-132.66790019813925,,0,
174.0,15.0,2,-105.62499190401286,,0,
175.0,15.0,2,-73.8958459396381,,0,
176.0,15.0,2,-39.86054799472913,,0,
177.0,15.0,2,-8.24286649550777,140.205052,1,148.44791849550776
178.0,15.0,2,13.609375886619091,,0,
179.0,15.0,2,26.361413292121142,,0,
180.0,15.0,2,30.17594671610277,,0,
181.0,15.0,2,26.892548240488395,,0,
182.0,15.0,2,19.22455486212857,,0,
183.0,15.0,2,10.113872735761106,,0,
184.0,15.0,2,3.5596597557887435,,0,
185.0,15.0,2,5.01079468842363,-28.503191,1,-33.51398568842363
186.0,15.0,2,21.264857599744573,,0,
187.0,15.0,2,57.37584193283692,,0,
188.0,15.0,2,115.44635375542566,,0,
189.0,15.0,2,190.48143799364334,,0,
190.0,15.0,2,271.8061647959985,,0,
191.0,15.0,2,346.7730561704375,,0,
192.0,15.0,2,405.29845258651767,,0,
193.0,15.0,2,442.3106635528966,712.019164,1,269.70850044710346
194.0,15.0,2,453.6624158829218,,0,
195.0,15.0,2,451.09021095512435,,0,
196.0,15.0,2,442.1815284048207,,0,
197.0,15.0,2,430.2959505284671,,0,
198.0,15.0,2,417.14628167496994,,0,
199.0,15.0,2,404.04174842336215,,0,
0.0,16.0,0,130.97615470271558,343.430565,1,212.45441029728443
1.0,16.0,0,127.7889256356284,,0,
2.0,16.0,0,119.62693320703693,,0,
3.0,16.0,0,105.4832771634683,,0,
4.0,16.0,0,86.42456618696451,,0,
5.0,16.0,0,64.86122931353748,,0,
6.0,16.0,0,43.680450674612075,,0,
7.0,16.0,0,25.89802070474252,,0,
8.0,16.0,0,13.076042097061872,-2.621592,1,-15.697634097061872
9.0,16.0,0,3.1953222694573924,,0,
10.0,16.0,0,-6.451636626850814,,0,
11.0,16.0,0,-19.18921611458063,,0,
12.0,16.0,0,-37.43223655875772,,0,
13.0,16.0,0,-61.885597134241834,,0,
14.0,16.0,0,-91.82398502714932,,0,
15.0,16.0,0,-125.03849363466725,,0,
16.0,16.0,0,-158.9002527333796,-329.206281,1,-170.3060282666204
17.0,16.0,0,-193.29153727879748,,0,
18.0,16.0,0,-228.07085900148377,,0,
19.0,16.0,0,-262.0732094901614,,0,
20.0,16.0,0,-293.513696849579,,0,
21.0,16.0,0,-320.1446947410004,,0,
22.0,16.0,0,-339.331824000692,,0,
23.0,16.0,0,-348.34596230182797,,0,
24.0,16.0,0,-345.82506441138685,-398.480932,1,-52.65586758861315
25.0,16.0,0,-333.7381154911127,,0,
26.0,16.0,0,-314.7477597236866,,0,
27.0,16.0,0,-290.7770135975443,,0,
28.0,16.0,0,-262.8950674792286,,0,
29.0,16.0,0,-232.27738174260594,,0,
30.0,16.0,0,-200.82356732850894,,0,
31.0,16.0,0,-171.12711869669147,,0,
32.0,16.0,0,-147.0457318618428,-24.507013,1,122.5387188618428
33.0,16.0,0,-134.45736959204078,,0,
34.0,16.0,0,-132.44448518939316,,0,
35.0,16.0,0,-140.10497478442267,,0,
36.0,16.0,0,-156.39829056779854,,0,
37.0,16.0,0,-179.11082710517803,,0,
38.0,16.0,0,-204.11654616566375,,0,
39.0,16.0,0,-226.04383898247033,,0,
40.0,16.0,0,-241.19374263868667,-237.826716,1,3.367026638686667
41.0,16.0,0,-250.66618992143776,,0,
42.0,16.0,0,-255.99217734881677,,0,
43.0,16.0,0,-257.94286164664663,,0,
44.0,16.0,0,-257.27995212189853,,0,
45.0,16.0,0,-254.31650430429727,,0,
46.0,16.0,0,-248.39230090915225,,0,
47.0,16.0,0,-238.3075262159109,,0,
48.0,16.0,0,-224.23389154835604,-226.508564,1,-2.2746724516439656
49.0,16.0,0,-209.571168969851,,0,
50.0,16.0,0,-197.83361691003665,,0,
51.0,16.0,0,-191.31233908608556,,0,
52.0,16.0,0,-190.97920617787167,,0,
53.0,16.0,0,-196.7621911602182,,0,
54.0,16.0,0,-207.81629504240118,,0,
55.0,16.0,0,-222.95029449951835,,0,
56.0,16.0,0,-240.68138999305665,-157.064434,1,83.61695599305665
57.0,16.0,0,-258.4358364288928,,0,
58.0,16.0,0,-274.2322743020486,,0,
59.0,16.0,0,-287.2500544078648,,0,
60.0,16.0,0,-296.65109627658967,,0,
61.0,16.0,0,-300.88879174838075,,0,
62.0,16.0,0,-298.2421509755077,,0,
63.0,16.0,0,-287.5844214109238,,0,
64.0,16.0,0,-268.6745581055293,-241.085285,1,27.589273105529287
65.0,16.0,0,-242.1325747363735,,0,
66.0,16.0,0,-207.47201494016917,,0,
67.0,16.0,0,-165.03029951418284,,0,
68.0,16.0,0,-116.063632472069,,0,
69.0,16.0,0,-62.68976493216178,,0,
70.0,16.0,0,-7.672486066818237,,0,
71.0,16.0,0,45.46459926501848,,0,
72.0,16.0,0,92.43287189782131,366.225847,1,273.7929751021787
73.0,16.0,3,128.87692229595268,,0,
74.0,16.0,3,150.03267174807843,,0,
75.0,16.0,3,152.91395978967194,,0,
76.0,16.0,3,139.29907909838948,,0,
77.0,16.0,3,114.5449580597633,,0,
78.0,16.0,3,85.06034835020546,,0,
79.0,16.0,3,56.27575799799524,,0,
80.0,16.0,3,31.494361147633754,-69.379117,1,-100.87347814763375
81.0,16.0,3,12.965187652094755,,0,
82.0,16.0,3,2.4981111511879135,,0,
83.0,16.0,3,0.4981064808089286,,0,
84.0,16.0,3,4.916475056670606,,0,
85.0,16.0,3,12.103289178601699,,0,
86.0,16.0,3,17.79234075237764,,0,
87.0,16.0,3,17.775708666304126,,0,
88.0,16.0,3,10.623108109110035,232.973074,1,222.34996589088996
89.0,16.0,3,1.1949693004135042,,0,
90.0,16.0,3,-4.720592389872763,,0,
91.0,16.0,3,-3.3042165755759925,,0,
92.0,16.0,3,6.326464999525342,,0,
93.0,16.0,3,22.246891021321062,,0,
94.0,16.0,3,40.66714234184474,,0,
95.0,16.0,3,56.325009101012256,,0,
96.0,16.0,3,61.00445202772971,409.802418,1,348.7979659722703
97.0,16.0,3,41.825297792238416,,0,
98.0,16.0,3,4.991472656620317,,0,
99.0,16.0,3,-46.27932179765776,,0,
100.0,16.0,3,-108.65352219052147,,0,
101.0,16.0,3,-178.2220105866145,,0,
102.0,16.0,3,-251.36601168115158,,0,
103.0,16.0,3,-324.3477973677218,,0,
104.0,16.0,3,-393.5717879614531,-429.410116,1,-35.83832803854693
105.0,16.0,3,-457.3495786714484,,0,
106.0,16.0,3,-513.352255730133,,0,
107.0,16.0,3,-558.8566353461938,,0,
108.0,16.0,3,-592.4510185609543,,0,
109.0,16.0,3,-613.4211530357425,,0,
110.0,16.0,3,-621.1070036539459,,0,
111.0,16.0,3,-615.8761553204968,,0,
112.0,16.0,3,-599.7950105192867,-689.123028,1,-89.32801748071324
113.0,16.0,3,-575.033987922885,,0,
114.0,16.0,3,-548.5931390538171,,0,
115.0,16.0,3,-525.5604392690584,,0,
116.0,16.0,3,-508.88586918431974,,0,
117.0,16.0,3,-499.66965027642436,,0,
118.0,16.0,3,-497.09324267230113,,0,
119.0,16.0,3,-498.53741276235087,,0,
120.0,16.0,3,-500.57390934047,-467.803058,1,32.77085134046996
121.0,16.0,3,-500.0590321495547,,0,
122.0,16.0,3,-492.4323298117379,,0,
123.0,16.0,3,-474.210559497762,,0,
124.0,16.0,3,-443.2786938533245,,0,
125.0,16.0,3,-399.6935088352184,,0,
126.0,16.0,3,-347.2903430435108,,0,
127.0,16.0,3,-295.49818196706474,,0,
128.0,16.0,3,-253.77871610352304,24.135069,1,277.913785103523
129.0,16.0,3,-218.64476674771868,,0,
130.0,16.0,3,-184.69105439895066,,0,
131.0,16.0,1,-149.03866289986763,,0,
132.0,16.0,1,-110.11782202642644,,0,
133.0,16.0,1,-67.36873189441394,,0,
134.0,16.0,1,-20.920711926184595,,0,
135.0,16.0,1,28.890616887714714,,0,
136.0,16.0,1,82.33374840638135,-50.713558,1,-133.04730640638135
137.0,16.0,1,140.86867334676208,,0,
138.0,16.0,1,198.12215126812225,,0,
139.0,16.0,1,248.74037267983658,,0,
140.0,16.0,1,288.0786657081917,,0,
141.0,16.0,1,312.4971471365425,,0,
142.0,16.0,1,318.5886133838212,,0,
143.0,16.0,1,300.77325576078147,,0,
144.0,16.0,1,255.5504683686886,845.07847,1,589.5280016313114
145.0,16.0,1,193.24478938782704,,0,
146.0,16.0,1,125.74039744466427,,0,
147.0,16.0,1,61.96251817489974,,0,
148.0,16.0,1,9.542145283718128,,0,
149.0,16.0,1,-25.664374997431878,,0,
150.0,16.0,1,-40.68703441042453,,0,
151.0,16.0,1,-35.47686847858131,,0,
152.0,16.0,1,-11.4991345963208,-71.960354,1,-60.461219403679195
153.0,16.0,1,29.56831473397324,,0,
154.0,16.0,1,82.02645589853637,,0,
155.0,16.0,1,140.64954596734606,,0,
156.0,16.0,1,200.6859696592437,,0,
157.0,16.0,1,256.12674131972017,,0,
158.0,16.0,1,298.10470664931927,,0,
159.0,16.0,1,315.23275217833,,0,
160.0,16.0,1,300.88866748835426,679.61685,1,378.72818251164574
161.0,16.0,1,263.75757582008373,,0,
162.0,16.0,1,213.50018364627613,,0,
163.0,16.0,1,156.82565505127423,,0,
164.0,16.0,1,98.11547682341188,,0,
165.0,16.0,1,40.02473355078837,,0,
166.0,16.0,1,-15.372415308025666,,0,
167.0,16.0,2,-65.73882280965336,,0,
168.0,16.0,2,-108.36003667744808,-128.300592,1,-19.940555322551916
169.0,16.0,2,-140.26429875579197,,0,
170.0,16.0,2,-160.3031942844391,,0,
171.0,16.0,2,-169.2270811102353,,0,
172.0,16.0,2,-168.19605628913268,,0,
173.0,16.0,2,-158.31384668836836,,0,
174.0,16.0,2,-140.88472067052498,,0,
175.0,16.0,2,-117.12009014713112,,0,
176.0,16.0,2,-88.9557389098918,66.314358,1,155.2700969098918
177.0,16.0,2,-61.88759083044715,,0,
178.0,16.0,2,-40.803735710447654,,0,
179.0,16.0,2,-25.5930394732859,,0,
180.0,16.0,2,-14.666714382125065,,0,
181.0,16.0,2,-6.597072592936456,,0,
182.0,16.0,2,-0.324184573139064,,0,
183.0,16.0,2,5.91360230720602,,0,
184.0,16.0,2,16.24066585197579,146.680197,1,130.4395311480242
185.0,16.0,2,36.342074258369394,,0,
186.0,16.0,2,71.74747522501275,,0,
187.0,16.0,2,125.9065202230122,,0,
188.0,16.0,2,198.9845499008661,,0,
189.0,16.0,2,286.4492191664758,,0,
190.0,16.0,2,378.8563341055997,,0,
191.0,16.0,2,461.8390434703324,,0,
192.0,16.0,2,521.6027246940648,999.249399,1,477.6466743059352
193.0,16.0,2,556.5201735146693,,0,
194.0,16.0,2,568.2301383471349,,0,
195.0,16.0,2,563.1630637396593,,0,
196.0,16.0,2,547.6906478732126,,0,
197.0,16.0,2,526.1631735279225,,0,
198.0,16.0,2,502.11952765868045,,0,
199.0,16.0,2,478.3019177883398,,0,
0.0,17.0,0,90.25049607874826,,0,
1.0,17.0,0,85.13074644142762,,0,
2.0,17.0,0,75.42104031378403,,0,
3.0,17.0,0,60.44873827835545,,0,
4.0,17.0,0,40.88408807152882,,0,
5.0,17.0,0,18.734450882999226,,0,
6.0,17.0,0,-2.8026106106117368,,0,
7.0,17.0,0,-19.892729844432324,-146.866818,1,-126.97408815556767
8.0,17.0,0,-29.600203413516283,,0,
9.0,17.0,0,-36.527822045842186,,0,
10.0,17.0,0,-43.75684286491014,,0,
11.0,17.0,0,-53.84166934015229,,0,
12.0,17.0,0,-68.81404850492254,,0,
13.0,17.0,0,-89.71845184685662,,0,
14.0,17.0,0,-116.58200568845496,,0,
15.0,17.0,0,-147.74872818449512,-270.10623,1,-122.35750181550486
16.0,17.0,0,-178.73730123322457,,0,
17.0,17.0,0,-211.24414885696024,,0,
18.0,17.0,0,-245.18542539910413,,0,
19.0,17.0,0,-279.21981368679553,,0,
20.0,17.0,0,-311.35443895938806,,0,
21.0,17.0,0,-339.09480435051955,,0,
22.0,17.0,0,-359.3214617448393,,0,
23.0,17.0,0,-368.57140428433195,-468.849574,1,-100.27816971566807
24.0,17.0,0,-364.31826833775267,,0,
25.0,17.0,0,-350.2123345597647,,0,
26.0,17.0,0,-328.7082393527962,,0,
27.0,17.0,0,-301.6600283491425,,0,
28.0,17.0,0,-270.9635097843129,,0,
29.0,17.0,0,-239.0162039976567,,0,
30.0,17.0,0,-208.52939797157887,,0,
31.0,17.0,0,-182.11066200584173,63.109971,1,245.22063300584173
32.0,17.0,0,-163.07992617390119,,0,
33.0,17.0,0,-154.76600859116297,,0,
34.0,17.0,0,-157.28704135504086,,0,
35.0,17.0,0,-169.56649067485705,,0,
36.0,17.0,0,-190.125293093035,,0,
37.0,17.0,0,-216.3273978998477,,0,
38.0,17.0,0,-243.46787464723457,,0,
39.0,17.0,0,-265.4130774496589,-427.995171,1,-162.58209355034114
40.0,17.0,0,-277.5220438251272,,0,
41.0,17.0,0,-284.55644989409484,,0,
42.0,17.0,0,-288.6263517449843,,0,
43.0,17.0,0,-290.5793862226419,,0,
44.0,17.0,0,-290.9326703050174,,0,
45.0,17.0,0,-289.6239508202998,,0,
46.0,17.0,0,-285.23388742282987,,0,
47.0,17.0,0,-275.52000693650916,-384.867924,1,-109.34791706349085
48.0,17.0,0,-259.9784696914721,,0,
49.0,17.0,0,-244.29456288274378,,0,
50.0,17.0,0,-231.878648353857,,0,
51.0,17.0,0,-224.74754843232222,,0,
52.0,17.0,0,-224.08894874039106,,0,
53.0,17.0,0,-230.28598968566803,,0,
54.0,17.0,0,-242.71497826010454,,0,
55.0,17.0,0,-260.0156364325667,-200.484025,1,59.53161143256668
56.0,17.0,0,-281.1415275085019,,0,
57.0,17.0,0,-302.0179146202281,,0,
58.0,17.0,0,-319.839298047591,,0,
59.0,17.0,0,-332.8384140660055,,0,
60.0,17.0,0,-339.7456520952983,,0,
61.0,17.0,0,-339.46796170127345,,0,
62.0,17.0,0,-331.1924807939213,,0,
63.0,17.0,0,-314.67057266656775,-328.887371,1,-14.216798333432223
64.0,17.0,0,-290.18477559241,,0,
65.0,17.0,0,-258.22462804225506,,0,
66.0,17.0,0,-219.04942004941404,,0,
67.0,17.0,0,-173.57070140051655,,0,
68.0,17.0,0,-123.67247215565294,,0,
69.0,17.0,0,-71.76601093601494,,0,
70.0,17.0,0,-20.329544644686393,,0,
71.0,17.0,0,27.650315580889583,65.530738,1,37.88042241911042
72.0,17.0,0,67.80366627441254,,0,
73.0,17.0,3,97.3731072427181,,0,
74.0,17.0,3,113.51911052747164,,0,
75.0,17.0,3,114.89190493267961,,0,
76.0,17.0,3,102.98906850127969,,0,
77.0,17.0,3,82.01554859135649,,0,
78.0,17.0,3,58.17286894022254,,0,
79.0,17.0,3,37.404338870663196,44.849656,1,7.445317129336807
80.0,17.0,3,21.454254217387643,,0,
81.0,17.0,3,11.527630816592136,,0,
82.0,17.0,3,8.717287611507345,,0,
83.0,17.0,3,12.942070994526148,,0,
84.0,17.0,3,22.447601594147272,,0,
85.0,17.0,3,34.16400831201463,,0,
86.0,17.0,3,43.86654521286255,,0,
87.0,17.0,3,46.71619498857763,238.744912,1,192.02871701142237
88.0,17.0,3,39.58212014345918,,0,
89.0,17.0,3,30.64374892084743,,0,
90.0,17.0,3,24.94903423616779,,0,
91.0,17.0,3,25.12221399054397,,0,
92.0,17.0,3,31.68554801843129,,0,
93.0,17.0,3,43.06189911975525,,0,
94.0,17.0,3,55.889497554017,,0,
95.0,17.0,3,65.03634914994473,213.76812,1,148.73177085005528
96.0,17.0,3,62.784919086348964,,0,
97.0,17.0,3,42.081818737555295,,0,
98.0,17.0,3,4.733980560209602,,0,
99.0,17.0,3,-45.55092301260447,,0,
100.0,17.0,3,-105.52816352681839,,0,
101.0,17.0,3,-171.6202676894609,,0,
102.0,17.0,3,-240.4336688966141,,0,
103.0,17.0,3,-308.778914294031,-418.622973,1,-109.84405870596902
104.0,17.0,3,-372.18634303528233,,0,
105.0,17.0,3,-431.439315811469,,0,
106.0,17.0,3,-485.241147030727,,0,
107.0,17.0,3,-531.3927594480338,,0,
108.0,17.0,3,-567.9179820114805,,0,
109.0,17.0,3,-593.0711749207694,,0,
110.0,17.0,3,-604.6415428545442,,0,
111.0,17.0,3,-601.3012389438227,-679.414957,1,-78.11371805617728
112.0,17.0,3,-586.3757270686328,,0,
113.0,17.0,3,-564.32144056377,,0,
114.0,17.0,3,-540.857978020329,,0,
115.0,17.0,3,-521.042966031353,,0,
116.0,17.0,3,-508.18628035648726,,0,
117.0,17.0,3,-503.8542469670938,,0,
118.0,17.0,3,-507.2954123893869,,0,
119.0,17.0,3,-515.0770682781003,-393.538533,1,121.53853527810037
120.0,17.0,3,-522.8174895000993,,0,
121.0,17.0,3,-526.3735654916964,,0,
122.0,17.0,3,-521.4432983321603,,0,
123.0,17.0,3,-504.297229617252,,0,
124.0,17.0,3,-472.21102119152783,,0,
125.0,17.0,3,-424.21628675455577,,0,
126.0,17.0,3,-363.3772935967427,,0,
127.0,17.0,3,-300.3229546600487,225.64141,1,525.9643646600487
128.0,17.0,3,-253.706703426491,,0,
129.0,17.0,3,-212.95438068918884,,0,
130.0,17.0,3,-173.44642402383033,,0,
131.0,17.0,1,-133.9937284264015,,0,
132.0,17.0,1,-94.13694424764253,,0,
133.0,17.0,1,-53.48881328187417,,0,
134.0,17.0,1,-11.751852091168985,,0,
135.0,17.0,1,31.35488763853209,-264.751278,1,-296.1061656385321
136.0,17.0,1,76.77008593757637,,0,
137.0,17.0,1,124.63762753093033,,0,
138.0,17.0,1,171.35219106357545,,0,
139.0,17.0,1,212.72405477473512,,0,
140.0,17.0,1,245.4281604490825,,0,
141.0,17.0,1,266.84440190985333,,0,
142.0,17.0,1,273.91246504243463,,0,
143.0,17.0,1,259.7158977246145,798.670796,1,538.9548982753855
144.0,17.0,1,211.31827791489195,,0,
145.0,17.0,1,146.4344619315816,,0,
146.0,17.0,1,76.8604504003888,,0,
147.0,17.0,1,10.927633967250586,,0,
148.0,17.0,1,-43.93673895485699,,0,
149.0,17.0,1,-81.19259702280397,,0,
150.0,17.0,1,-96.89189157274086,,0,
151.0,17.0,1,-90.98791847517714,-547.992295,1,-457.0043765248229
152.0,17.0,1,-65.12139165191911,,0,
153.0,17.0,1,-21.257096579531208,,0,
154.0,17.0,1,37.1250110125402,,0,
155.0,17.0,1,106.00105388299562,,0,
156.0,17.0,1,180.59635147405788,,0,
157.0,17.0,1,253.85149271215778,,0,
158.0,17.0,1,314.33625630429015,,0,
159.0,17.0,1,346.81990270887036,915.677785,1,568.8578822911296
160.0,17.0,1,337.9242128288606,,0,
161.0,17.0,1,306.5467618778348,,0,
162.0,17.0,1,262.6550254885806,,0,
163.0,17.0,1,211.2991167800501,,0,
164.0,17.0,1,155.38597272045445,,0,
165.0,17.0,1,96.3853015730856,,0,
166.0,17.0,1,35.97923569614068,,0,
167.0,17.0,2,-22.451037103892304,250.408843,1,272.8598801038923
168.0,17.0,2,-74.85618845501449,,0,
169.0,17.0,2,-117.95038936921628,,0,
170.0,17.0,2,-150.15684807510115,,0,
171.0,17.0,2,-171.3017116773408,,0,
172.0,17.0,2,-181.7835203971481,,0,
173.0,17.0,2,-182.25249707815237,,0,
174.0,17.0,2,-174.08076330006588,,0,
175.0,17.0,2,-159.05186558398418,-285.423732,1,-126.37186641601579
176.0,17.0,2,-137.59935712139122,,0,
177.0,17.0,2,-116.18407004699111,,0,
178.0,17.0,2,-97.64802200859413,,0,
179.0,17.0,2,-81.09954658220522,,0,
180.0,17.0,2,-64.09532759501599,,0,
181.0,17.0,2,-45.08410694357008,,0,
182.0,17.0,2,-24.92330105928704,,0,
183.0,17.0,2,-4.471694864798337,250.401819,1,254.87351386479833
184.0,17.0,2,20.977979621617123,,0,
185.0,17.0,2,57.23572433798108,,0,
186.0,17.0,2,108.69524480344262,,0,
187.0,17.0,2,177.6496391799301,,0,
188.0,17.0,2,263.34719757479616,,0,
189.0,17.0,2,361.3252758841263,,0,
190.0,17.0,2,463.1941892026225,,0,
191.0,17.0,2,554.9067855931353,1077.52362,1,522.6168344068647
192.0,17.0,2,614.9804581720382,,0,
193.0,17.0,2,650.6155203941162,,0,
194.0,17.0,2,664.593440935947,,0,
195.0,17.0,2,659.7393677930813,,0,
196.0,17.0,2,640.17511539103,,0,
197.0,17.0,2,610.6460600514547,,0,
198.0,17.0,2,576.7062173909508,,0,
199.0,17.0,2,543.3497703990433,294.880268,1,-248.46950239904334
0.0,18.0,0,48.02094630431384,,0,
1.0,18.0,0,42.021498297574,,0,
2.0,18.0,0,31.94114762498066,,0,
3.0,18.0,0,17.13758915802464,,0,
4.0,18.0,0,-1.911064524203539,,0,
5.0,18.0,0,-23.313352796947584,,0,
6.0,18.0,0,-43.63317080656998,-133.073325,1,-89.44015419343003
7.0,18.0,0,-57.63085825368762,,0,
8.0,18.0,0,-65.65597391221672,,0,
9.0,18.0,0,-70.5431922855787,,0,
10.0,18.0,0,-75.2905682506971,,0,
11.0,18.0,0,-82.32066725427285,,0,
12.0,18.0,0,-93.57574238814414,,0,
13.0,18.0,0,-110.27148279169342,,0,
14.0,18.0,0,-132.75459512672387,-101.432407,1,31.322188126723873
15.0,18.0,0,-160.29202132252976,,0,
16.0,18.0,0,-190.0616673170589,,0,
17.0,18.0,0,-222.0241052211495,,0,
18.0,18.0,0,-256.07320975419134,,0,
19.0,18.0,0,-290.85956349177286,,0,
20.0,18.0,0,-324.1933635773603,,0,
21.0,18.0,0,-353.3417146974243,,0,
22.0,18.0,0,-374.8849160991376,-448.729964,1,-73.84504790086237
23.0,18.0,0,-384.1099116518162,,0,
24.0,18.0,0,-380.907214341918,,0,
25.0,18.0,0,-367.1761772923637,,0,
26.0,18.0,0,-345.0512778023258,,0,
27.0,18.0,0,-316.4894652622752,,0,
28.0,18.0,0,-283.96018144953996,,0,
29.0,18.0,0,-251.1281823432946,,0,
30.0,18.0,0,-222.0425785286352,-74.801839,1,147.2407395286352
31.0,18.0,0,-198.78293783264235,,0,
32.0,18.0,0,-183.4225592580624,,0,
33.0,18.0,0,-177.9219848846551,,0,
34.0,18.0,0,-182.75936327409,,0,
35.0,18.0,0,-197.1593693003524,,0,
36.0,18.0,0,-219.46062730881386,,0,
37.0,18.0,0,-246.80643227125984,,0,
38.0,18.0,0,-274.1905808780575,-425.047238,1,-150.85665712194248
39.0,18.0,0,-293.4199522093404,,0,
40.0,18.0,0,-304.9182134408038,,0,
41.0,18.0,0,-311.3782455099281,,0,
42.0,18.0,0,-315.0135077452287,,0,
43.0,18.0,0,-316.94655104051344,,0,
44.0,18.0,0,-317.7589142366778,,0,
45.0,18.0,0,-317.3913016091974,,0,
46.0,18.0,0,-314.2210829734104,-450.968551,1,-136.74746802658962
47.0,18.0,0,-303.9563268246129,,0,
48.0,18.0,0,-289.7667039302178,,0,
49.0,18.0,0,-275.5581618130673,,0,
50.0,18.0,0,-264.32822797296103,,0,
51.0,18.0,0,-258.067471756367,,0,
52.0,18.0,0,-258.3469098547939,,0,
53.0,18.0,0,-266.29161153547466,,0,
54.0,18.0,0,-281.80309344024863,-277.798044,1,4.0050494402486265
55.0,18.0,0,-302.92187441675924,,0,
56.0,18.0,0,-327.1184309703531,,0,
57.0,18.0,0,-350.6756829470396,,0,
58.0,18.0,0,-370.0511078950949,,0,
59.0,18.0,0,-382.65327945677564,,0,
60.0,18.0,0,-386.97083031386137,,0,
61.0,18.0,0,-382.3573435510916,,0,
62.0,18.0,0,-368.7188809758518,-385.820124,1,-17.101243024148232
63.0,18.0,0,-346.77680609107483,,0,
64.0,18.0,0,-317.2271496816538,,0,
65.0,18.0,0,-280.5215184997069,,0,
66.0,18.0,0,-237.2369152114261,,0,
67.0,18.0,0,-188.82105883629993,,0,
68.0,18.0,0,-137.98116997047327,,0,
69.0,18.0,0,-87.74400637377403,,0,
70.0,18.0,0,-40.244692485779524,-57.523175,1,-17.278482514220478
71.0,18.0,0,2.5589795706328005,,0,
72.0,18.0,0,37.36461984179914,,0,
73.0,18.0,3,61.833870058937464,,0,
74.0,18.0,3,74.39551895961631,,0,
75.0,18.0,3,74.68744925246574,,0,
76.0,18.0,3,64.22715992864687,,0,
77.0,18.0,3,46.45807616352977,,0,
78.0,18.0,3,26.88225142157171,-127.999721,1,-154.8819724215717
79.0,18.0,3,13.202897273702547,,0,
80.0,18.0,3,4.501301620271988,,0,
81.0,18.0,3,1.4314035325369332,,0,
82.0,18.0,3,4.8238187382230535,,0,
83.0,18.0,3,14.313179356628098,,0,
84.0,18.0,3,27.926587772963103,,0,
85.0,18.0,3,42.70374562431243,,0,
86.0,18.0,3,54.82916603831109,204.405835,1,149.5766689616889
87.0,18.0,3,57.816032165894285,,0,
88.0,18.0,3,53.68209429446142,,0,
89.0,18.0,3,47.24097811934189,,0,
90.0,18.0,3,42.60306388605386,,0,
91.0,18.0,3,41.944291438907385,,0,
92.0,18.0,3,45.697175529494416,,0,
93.0,18.0,3,52.49509328711429,,0,
94.0,18.0,3,59.34847584617091,57.26082,1,-2.087655846170911
95.0,18.0,3,61.863407015800476,,0,
96.0,18.0,3,54.615893424197566,,0,
97.0,18.0,3,33.65621528826887,,0,
98.0,18.0,3,-1.067355898587266,,0,
99.0,18.0,3,-47.334110678872094,,0,
100.0,18.0,3,-102.30696914135478,,0,
101.0,18.0,3,-162.31728826501057,,0,
102.0,18.0,3,-223.56144449693966,-452.787145,1,-229.22570050306035
103.0,18.0,3,-284.18976980342995,,0,
104.0,18.0,3,-342.4794464659353,,0,
105.0,18.0,3,-398.19598256837344,,0,
106.0,18.0,3,-450.5629994290066,,0,
107.0,18.0,3,-497.6404090229771,,0,
108.0,18.0,3,-536.9528729708691,,0,
109.0,18.0,3,-566.017164734425,,0,
110.0,18.0,3,-581.9619898154051,-769.786967,1,-187.8249771845949
111.0,18.0,3,-580.3590424235445,,0,
112.0,18.0,3,-567.6530949322478,,0,
113.0,18.0,3,-548.9751365201955,,0,
114.0,18.0,3,-529.4120710212155,,0,
115.0,18.0,3,-513.8566666173865,,0,
116.0,18.0,3,-505.86052413361904,,0,
117.0,18.0,3,-507.56955080936314,,0,
118.0,18.0,3,-518.896852983511,-363.067225,1,155.82962798351105
119.0,18.0,3,-534.6488548436319,,0,
120.0,18.0,3,-549.1139460482082,,0,
121.0,18.0,3,-557.7443055726471,,0,
122.0,18.0,3,-556.6013527631294,,0,
123.0,18.0,3,-542.2652523283614,,0,
124.0,18.0,3,-511.7875375667354,,0,
125.0,18.0,3,-463.0962548321986,,0,
126.0,18.0,3,-398.58385315327905,-294.827303,1,103.75655015327908
127.0,18.0,3,-330.87745488237124,,0,
128.0,18.0,3,-272.1136005122389,,0,
129.0,18.0,3,-220.26000641836436,,0,
130.0,18.0,3,-171.81467378963134,,0,
131.0,18.0,1,-126.43371959938668,,0,
132.0,18.0,1,-84.35991299839225,,0,
133.0,18.0,1,-44.91432261792943,,0,
134.0,18.0,1,-6.935335303540342,10.48074,1,17.416075303540342
135.0,18.0,1,30.286141831660643,,0,
136.0,18.0,1,67.82796530419728,,0,
137.0,18.0,1,105.377813434985,,0,
138.0,18.0,1,140.8621454887325,,0,
139.0,18.0,1,171.5533762590494,,0,
140.0,18.0,1,194.92884225421585,,0,
141.0,18.0,1,208.92623647017172,,0,
142.0,18.0,1,210.5222694564145,429.231959,1,218.7096895435855
143.0,18.0,1,191.6595727717504,,0,
144.0,18.0,1,146.4724427559413,,0,
145.0,18.0,1,83.95833396381931,,0,
146.0,18.0,1,15.273965076805325,,0,
147.0,18.0,1,-51.16840181441512,,0,
148.0,18.0,1,-107.88161775813205,,0,
149.0,18.0,1,-146.9925090034376,,0,
150.0,18.0,1,-162.49146263598232,-671.204306,1,-508.71284336401766
151.0,18.0,1,-155.90903329156572,,0,
152.0,18.0,1,-129.84334178926656,,0,
153.0,18.0,1,-85.74261074420065,,0,
154.0,18.0,1,-25.208329741843045,,0,
155.0,18.0,1,49.27674827410374,,0,
156.0,18.0,1,133.17818624828942,,0,
157.0,18.0,1,218.49459975288482,,0,
158.0,18.0,1,291.72210306767374,655.641096,1,363.9189929323262
159.0,18.0,1,331.26446363143623,,0,
160.0,18.0,1,337.2732912875945,,0,
161.0,18.0,1,319.8237078136299,,0,
162.0,18.0,1,287.9640294208075,,0,
163.0,18.0,1,246.4468278582208,,0,
164.0,18.0,1,197.5102873595897,,0,
165.0,18.0,1,141.3398307421594,,0,
166.0,18.0,1,78.44047898170538,469.937551,1,391.4970720182946
167.0,18.0,2,14.2042648649076,,0,
168.0,18.0,2,-45.75490989140235,,0,
169.0,18.0,2,-97.72484131995589,,0,
170.0,18.0,2,-139.7039209806826,,0,
171.0,18.0,2,-170.95169607317075,,0,
172.0,18.0,2,-191.20021597389132,,0,
173.0,18.0,2,-200.23304648068734,,0,
174.0,18.0,2,-198.9084331197664,-391.52475,1,-192.61631688023357
175.0,18.0,2,-190.3368873463478,,0,
176.0,18.0,2,-177.34613690664992,,0,
177.0,18.0,2,-163.6410917910398,,0,
178.0,18.0,2,-150.57601361570414,,0,
179.0,18.0,2,-135.95671001030132,,0,
180.0,18.0,2,-115.87675293534994,,0,
181.0,18.0,2,-88.18848680902738,,0,
182.0,18.0,2,-55.3831170409685,153.350431,1,208.7335480409685
183.0,18.0,2,-23.310327849234454,,0,
184.0,18.0,2,14.79962967382744,,0,
185.0,18.0,2,64.06097409740323,,0,
186.0,18.0,2,127.9634324577637,,0,
187.0,18.0,2,208.10310726077296,,0,
188.0,18.0,2,303.05807794455905,,0,
189.0,18.0,2,407.8274654917186,,0,
190.0,18.0,2,513.8266254039481,795.986743,1,282.1601175960519
191.0,18.0,2,607.734351253137,,0,
192.0,18.0,2,676.4432395789772,,0,
193.0,18.0,2,719.6471760993591,,0,
194.0,18.0,2,739.5512516706949,,0,
195.0,18.0,2,737.4832913065329,,0,
196.0,18.0,2,716.0169176000636,,0,
197.0,18.0,2,680.1421201792546,,0,
198.0,18.0,2,637.3361029445659,532.358155,1,-104.97794794456593
199.0,18.0,2,595.9841130825225,,0,
0.0,19.0,0,4.735922211315483,,0,
1.0,19.0,0,-1.1873889937996864,,0,
2.0,19.0,0,-10.494830777868629,,0,
3.0,19.0,0,-24.011606330052018,,0,
4.0,19.0,0,-41.44375793170184,,0,
5.0,19.0,0,-60.55914091161685,-42.262399,1,18.29674191161685
6.0,19.0,0,-77.6999647859484,,0,
7.0,19.0,0,-89.518065799959,,0,
8.0,19.0,0,-95.93736484181136,,0,
9.0,19.0,0,-98.92554460791871,,0,
10.0,19.0,0,-100.94948905427009,,0,
11.0,19.0,0,-104.40796997584403,,0,
12.0,19.0,0,-111.41029060259461,,0,
13.0,19.0,0,-123.49116393877193,-108.605716,1,14.885447938771932
14.0,19.0,0,-141.44491343805566,,0,
15.0,19.0,0,-165.06186061445624,,0,
16.0,19.0,0,-193.14659921452403,,0,
17.0,19.0,0,-224.94716246891767,,0,
18.0,19.0,0,-259.70511690620333,,0,
19.0,19.0,0,-295.8339541614987,,0,
20.0,19.0,0,-330.7904540814925,,0,
21.0,19.0,0,-361.352565944253,-392.258132,1,-30.905566055746988
22.0,19.0,0,-384.0844341944903,,0,
23.0,19.0,0,-395.70742764906026,,0,
24.0,19.0,0,-395.385035877116,,0,
25.0,19.0,0,-383.99344390642364,,0,
26.0,19.0,0,-363.0735044819303,,0,
27.0,19.0,0,-334.5544856679626,,0,
28.0,19.0,0,-301.21040250360966,,0,
29.0,19.0,0,-267.53115478134714,-167.037849,1,100.49330578134715
30.0,19.0,0,-239.7275383073138,,0,
31.0,19.0,0,-218.41116914711893,,0,
32.0,19.0,0,-205.0328195958864,,0,
33.0,19.0,0,-200.92318403581157,,0,
34.0,19.0,0,-206.44269097037613,,0,
35.0,19.0,0,-220.93461227160878,,0,
36.0,19.0,0,-242.63526496803388,,0,
37.0,19.0,0,-268.2776194069593,-391.557246,1,-123.27962659304075
38.0,19.0,0,-292.84613911341876,,0,
39.0,19.0,0,-311.3194999953266,,0,
40.0,19.0,0,-323.1631450066343,,0,
41.0,19.0,0,-330.0583598484518,,0,
42.0,19.0,0,-333.7289739276748,,0,
43.0,19.0,0,-335.42032414581627,,0,
44.0,19.0,0,-335.82185379834846,,0,
45.0,19.0,0,-334.8430833608145,-383.291304,1,-48.448220639185536
46.0,19.0,0,-331.07834153447766,,0,
47.0,19.0,0,-322.90293161198497,,0,
48.0,19.0,0,-312.0969746725168,,0,
49.0,19.0,0,-301.475751456921,,0,
50.0,19.0,0,-293.2541110656457,,0,
51.0,19.0,0,-289.26249333051965,,0,
52.0,19.0,0,-291.5803670617752,,0,
53.0,19.0,0,-302.2260816942144,-244.784903,1,57.44117869421436
54.0,19.0,0,-321.77407050249167,,0,
55.0,19.0,0,-346.8637545485981,,0,
56.0,19.0,0,-374.3328713766532,,0,
57.0,19.0,0,-400.47053362143924,,0,
58.0,19.0,0,-421.2262437440222,,0,
59.0,19.0,0,-433.1257516986225,,0,
60.0,19.0,0,-434.48777426127344,,0,
61.0,19.0,0,-425.6510301203234,-460.046369,1,-34.395338879676615
62.0,19.0,0,-407.1511010689428,,0,
63.0,19.0,0,-380.83808847516775,,0,
64.0,19.0,0,-347.5439346693456,,0,
65.0,19.0,0,-307.5481301837135,,0,
66.0,19.0,0,-261.2705491450033,,0,
67.0,19.0,0,-210.27214527968317,,0,
68.0,19.0,0,-158.30239193537273,,0,
69.0,19.0,0,-109.77964522328693,174.823929,1,284.60357422328696
70.0,19.0,0,-65.79195370781235,,0,
71.0,19.0,0,-27.41047604137566,,0,
72.0,19.0,0,3.1161418783012778,,0,
73.0,19.0,3,23.893761048908345,,0,
74.0,19.0,3,34.02103249609354,,0,
75.0,19.0,3,33.801063625724055,,0,
76.0,19.0,3,24.977105771773495,,0,
77.0,19.0,3,10.822568703268189,-94.268046,1,-105.09061470326819
78.0,19.0,3,-3.819568259292282,,0,
79.0,19.0,3,-14.10078166401945,,0,
80.0,19.0,3,-18.91044244193472,,0,
81.0,19.0,3,-17.830613038735464,,0,
82.0,19.0,3,-10.37001034192508,,0,
83.0,19.0,3,2.876803786843084,,0,
84.0,19.0,3,19.226127058267593,,0,
85.0,19.0,3,34.72476029230165,272.057965,1,237.33320470769837
86.0,19.0,3,46.79994282434927,,0,
87.0,19.0,3,52.742624232545495,,0,
88.0,19.0,3,53.252120172954164,,0,
89.0,19.0,3,50.98207927373005,,0,
90.0,19.0,3,48.552401634835405,,0,
91.0,19.0,3,47.87752209522296,,0,
92.0,19.0,3,49.61935467622243,,0,
93.0,19.0,3,52.69083703364595,-68.078241,1,-120.76907803364595
94.0,19.0,3,54.66801731599844,,0,
95.0,19.0,3,52.34877775039058,,0,
96.0,19.0,3,42.3351879271504,,0,
97.0,19.0,3,22.2445836776169,,0,
98.0,19.0,3,-8.39131677156547,,0,
99.0,19.0,3,-48.5068609501468,,0,
100.0,19.0,3,-96.19200607089442,,0,
101.0,19.0,3,-148.41968189476756,-265.663422,1,-117.24374010523246
102.0,19.0,3,-200.30936100071995,,0,
103.0,19.0,3,-252.9099673902383,,0,
104.0,19.0,3,-305.84987130534137,,0,
105.0,19.0,3,-358.5391597288253,,0,
106.0,19.0,3,-410.0597502780729,,0,
107.0,19.0,3,-458.42098054412054,,0,
108.0,19.0,3,-500.31389045651304,,0,
109.0,19.0,3,-531.9237341826374,-710.306773,1,-178.3830388173626
110.0,19.0,3,-550.2062066579238,,0,
111.0,19.0,3,-553.5183933614753,,0,
112.0,19.0,3,-545.4945036590652,,0,
113.0,19.0,3,-531.316613010189,,0,
114.0,19.0,3,-516.3237721287878,,0,
115.0,19.0,3,-506.0524551519193,,0,
116.0,19.0,3,-504.5005955275701,,0,
117.0,19.0,3,-513.1722813983215,-335.409044,1,177.7632373983215
118.0,19.0,3,-533.6459498759359,,0,
119.0,19.0,3,-557.4394174711779,,0,
120.0,19.0,3,-578.3971671985055,,0,
121.0,19.0,3,-591.9736626725353,,0,
122.0,19.0,3,-594.609100679867,,0,
123.0,19.0,3,-583.5286921919324,,0,
124.0,19.0,3,-555.8963109015604,,0,
125.0,19.0,3,-508.93199558279593,-743.133884,1,-234.20188841720403
126.0,19.0,3,-442.4950871496694,,0,
127.0,19.0,3,-370.8472007312812,,0,
128.0,19.0,3,-302.40489297918975,,0,
129.0,19.0,3,-238.67669447872322,,0,
130.0,19.0,3,-179.49155765853357,,0,
131.0,19.0,1,-126.60200522077503,,0,
132.0,19.0,1,-81.61038711381843,,0,
133.0,19.0,1,-43.00559777021408,350.083181,1,393.0887787702141
134.0,19.0,1,-8.23763396916911,,0,
135.0,19.0,1,24.180647002067417,,0,
136.0,19.0,1,54.86915701220278,,0,
137.0,19.0,1,83.37454613571754,,0,
138.0,19.0,1,108.37059764994774,,0,
139.0,19.0,1,128.3653174394858,,0,
140.0,19.0,1,141.59149484313093,,0,
141.0,19.0,1,145.83212387317326,23.629639,1,-122.20248487317326
142.0,19.0,1,139.75277908926364,,0,
143.0,19.0,1,115.8965150762815,,0,
144.0,19.0,1,72.01137989806011,,0,
145.0,19.0,1,13.16434405487962,,0,
146.0,19.0,1,-52.51452962413896,,0,
147.0,19.0,1,-117.35866728518158,,0,
148.0,19.0,1,-174.22939254151424,,0,
149.0,19.0,1,-215.06694456888363,-488.086266,1,-273.0193214311164
150.0,19.0,1,-229.8426925848471,,0,
151.0,19.0,1,-224.2104919150588,,0,
152.0,19.0,1,-200.6391471028328,,0,
153.0,19.0,1,-159.6248608812457,,0,
154.0,19.0,1,-101.15639182756422,,0,
155.0,19.0,1,-25.94329736358486,,0,
156.0,19.0,1,61.86827409197576,,0,
157.0,19.0,1,152.36878940212773,211.19141,1,58.82262059787226
158.0,19.0,1,230.71570896863705,,0,
159.0,19.0,1,282.66590696165804,,0,
160.0,19.0,1,306.32725964672863,,0,
161.0,19.0,1,307.2013629106805,,0,
162.0,19.0,1,291.3853262277553,,0,
163.0,19.0,1,262.9677131215576,,0,
164.0,19.0,1,223.8573410451645,,0,
165.0,19.0,1,173.79846561339218,374.918803,1,201.12033738660784
166.0,19.0,2,110.63581581390463,,0,
167.0,19.0,2,43.528181351488456,,0,
168.0,19.0,2,-21.029574177227914,,0,
169.0,19.0,2,-78.76241280231625,,0,
170.0,19.0,2,-127.21723938290961,,0,
171.0,19.0,2,-165.4199313907884,,0,
172.0,19.0,2,-192.64099920517765,,0,
173.0,19.0,2,-207.8763738583075,-323.891417,1,-116.0150431416925
174.0,19.0,2,-211.16838998766616,,0,
175.0,19.0,2,-208.5745628196746,,0,
176.0,19.0,2,-203.75610947061796,,0,
177.0,19.0,2,-198.9794822455151,,0,
178.0,19.0,2,-194.0891286355909,,0,
179.0,19.0,2,-185.3268078311812,,0,
180.0,19.0,2,-166.45878436637577,,0,
181.0,19.0,2,-134.08507973706583,-166.139101,1,-32.054021262934185
182.0,19.0,2,-93.94804824353196,,0,
183.0,19.0,2,-51.04635030729696,,0,
184.0,19.0,2,-2.514718927908689,,0,
185.0,19.0,2,56.20592284819577,,0,
186.0,19.0,2,128.46732245979365,,0,
187.0,19.0,2,215.94360778620467,,0,
188.0,19.0,2,316.9514250616776,,0,
189.0,19.0,2,425.5410783581319,637.134525,1,211.59344664186813
190.0,19.0,2,533.6309639820829,,0,
191.0,19.0,2,630.9868885730393,,0,
192.0,19.0,2,708.4350991810206,,0,
193.0,19.0,2,761.9569275650429,,0,
194.0,19.0,2,790.4858097615652,,0,
195.0,19.0,2,793.3930803996045,,0,
196.0,19.0,2,771.7147283005761,,0,
197.0,19.0,2,731.1139980483567,669.304862,1,-61.80913604835678
198.0,19.0,2,682.0636821237858,,0,
199.0,19.0,2,633.2227160397451,,0,
0.0,20.0,0,-39.78042054083198,,0,
1.0,20.0,0,-45.02511875121854,,0,
2.0,20.0,0,-52.6881638050545,,0,
3.0,20.0,0,-63.96569043910131,,0,
4.0,20.0,0,-79.26510533457622,151.233428,1,230.49853333457622
5.0,20.0,0,-95.60831451416016,,0,
6.0,20.0,0,-109.4582348454278,,0,
7.0,20.0,0,-118.57458221539855,,0,
8.0,20.0,0,-122.67181009659544,,0,
9.0,20.0,0,-123.01368112722412,,0,
10.0,20.0,0,-121.57226398796774,,0,
11.0,20.0,0,-120.66030034096912,,0,
12.0,20.0,0,-122.71943785436451,-190.32342,1,-67.60398214563548
13.0,20.0,0,-129.7123970882967,,0,
14.0,20.0,0,-142.90349635155872,,0,
15.0,20.0,0,-162.70627841819078,,0,
16.0,20.0,0,-188.7403107471764,,0,
17.0,20.0,0,-220.2147377913352,,0,
18.0,20.0,0,-255.89014325127937,,0,
19.0,20.0,0,-293.7826922261156,,0,
20.0,20.0,0,-331.0081795861479,-355.407094,1,-24.398914413852083
21.0,20.0,0,-363.7669674202334,,0,
22.0,20.0,0,-389.2184799667448,,0,
23.0,20.0,0,-404.60605812072754,,0,
24.0,20.0,0,-408.39248429983854,,0,
25.0,20.0,0,-400.5108885713853,,0,
26.0,20.0,0,-382.0678039811319,,0,
27.0,20.0,0,-354.90606466447935,,0,
28.0,20.0,0,-321.9281962693203,-338.645549,1,-16.717352730679693
29.0,20.0,0,-288.6153906749387,,0,
30.0,20.0,0,-260.3211645092815,,0,
31.0,20.0,0,-239.19082295591943,,0,
32.0,20.0,0,-226.31714848382398,,0,
33.0,20.0,0,-222.40481873729732,,0,
34.0,20.0,0,-227.40611353330314,,0,
35.0,20.0,0,-240.6204618960619,,0,
36.0,20.0,0,-260.42154351761565,-227.288967,1,33.13257651761563
37.0,20.0,0,-283.29838660452515,,0,
38.0,20.0,0,-305.0715774765704,,0,
39.0,20.0,0,-322.47077558608726,,0,
40.0,20.0,0,-334.4436342830304,,0,
41.0,20.0,0,-341.5994608828332,,0,
42.0,20.0,0,-345.10216671728995,,0,
43.0,20.0,0,-346.12960388488136,,0,
44.0,20.0,0,-345.5252409046516,-347.643875,1,-2.1186340953483978
45.0,20.0,0,-343.4908201220678,,0,
46.0,20.0,0,-339.6996007334674,,0,
47.0,20.0,0,-334.00656651798636,,0,
48.0,20.0,0,-327.470441366313,,0,
49.0,20.0,0,-321.6711197987315,,0,
50.0,20.0,0,-317.83649678574875,,0,
51.0,20.0,0,-317.28494254802354,,0,
52.0,20.0,0,-322.4739108851645,-255.792711,1,66.68119988516452
53.0,20.0,0,-336.9110414838651,,0,
54.0,20.0,0,-359.5102690375643,,0,
55.0,20.0,0,-387.6493514799513,,0,
56.0,20.0,0,-418.01227334095165,,0,
57.0,20.0,0,-446.6432211109204,,0,
58.0,20.0,0,-468.8247729825089,,0,
59.0,20.0,0,-479.845912444056,,0,
60.0,20.0,0,-477.49720327788964,-533.694599,1,-56.1973957221104
61.0,20.0,0,-464.1998114099406,,0,
62.0,20.0,0,-442.340036476613,,0,
63.0,20.0,0,-413.53650882525835,,0,
64.0,20.0,0,-378.5794726826716,,0,
65.0,20.0,0,-337.53584698413033,,0,
66.0,20.0,0,-290.3160189499613,,0,
67.0,20.0,0,-238.041927726008,,0,
68.0,20.0,0,-184.90548641735222,-26.550193,1,158.35529341735221
69.0,20.0,0,-138.17612517657108,,0,
70.0,20.0,0,-96.6600657099043,,0,
71.0,20.0,0,-61.209060358349234,,0,
72.0,20.0,0,-33.687453625840135,,0,
73.0,20.0,3,-15.527388678048737,,0,
74.0,20.0,3,-7.055157644674182,,0,
75.0,20.0,3,-7.41929208941292,,0,
76.0,20.0,3,-14.693968221428804,-21.458986,1,-6.765017778571195
77.0,20.0,3,-25.820008952898206,,0,
78.0,20.0,3,-37.25220324349357,,0,
79.0,20.0,3,-45.647997737745754,,0,
80.0,20.0,3,-49.08414987043943,,0,
81.0,20.0,3,-46.526917262235656,,0,
82.0,20.0,3,-37.45175152874435,,0,
83.0,20.0,3,-22.414331816718914,,0,
84.0,20.0,3,-4.161631272523664,136.294499,1,140.45613027252367
85.0,20.0,3,11.443036787502933,,0,
86.0,20.0,3,24.99590958893532,,0,
87.0,20.0,3,35.313177375355735,,0,
88.0,20.0,3,41.75484514143318,,0,
89.0,20.0,3,44.77523252330138,,0,
90.0,20.0,3,45.46182095783297,,0,
91.0,20.0,3,45.51230011729058,,0,
92.0,20.0,3,46.27214393421309,-57.235932,1,-103.50807593421308
93.0,20.0,3,46.777917541214265,,0,
94.0,20.0,3,45.255940453207586,,0,
95.0,20.0,3,39.85326798615279,,0,
96.0,20.0,3,28.774826653359924,,0,
97.0,20.0,3,10.746729179663816,,0,
98.0,20.0,3,-14.656107328657527,,0,
99.0,20.0,3,-47.02538401162019,,0,
100.0,20.0,3,-85.20356204052223,-191.056045,1,-105.85248295947778
101.0,20.0,3,-127.18585328114568,,0,
102.0,20.0,3,-170.8589292881661,,0,
103.0,20.0,3,-216.52401031169575,,0,
104.0,20.0,3,-264.5073646696983,,0,
105.0,20.0,3,-314.42363966006087,,0,
106.0,20.0,3,-365.4431260934798,,0,
107.0,20.0,3,-415.53081923996797,,0,
108.0,20.0,3,-460.5001145846036,-517.345017,1,-56.844902415396405
109.0,20.0,3,-494.81403061540914,,0,
110.0,20.0,3,-516.6475765190553,,0,
111.0,20.0,3,-525.4368364231777,,0,
112.0,20.0,3,-523.3555429857151,,0,
113.0,20.0,3,-514.6092084951524,,0,
114.0,20.0,3,-504.5584408056602,,0,
115.0,20.0,3,-500.14338083949406,,0,
116.0,20.0,3,-507.47573285512044,-331.672033,1,175.80369985512044
117.0,20.0,3,-526.0025668774324,,0,
118.0,20.0,3,-553.1785946774762,,0,
119.0,20.0,3,-582.9393046753248,,0,
120.0,20.0,3,-608.9344992592232,,0,
121.0,20.0,3,-626.122760132479,,0,
122.0,20.0,3,-630.9343822491937,,0,
123.0,20.0,3,-621.3069863416604,,0,
124.0,20.0,3,-594.9632728704892,-758.094359,1,-163.1310861295109
125.0,20.0,3,-547.0692351111793,,0,
126.0,20.0,3,-482.77402875444386,,0,
127.0,20.0,3,-410.7076656468562,,0,
128.0,20.0,3,-337.2092327004357,,0,
129.0,20.0,3,-264.784233293758,,0,
130.0,20.0,3,-195.41827597568044,,0,
131.0,20.0,1,-134.28937385010067,,0,
132.0,20.0,1,-86.75063003052492,412.220442,1,498.9710720305249
133.0,20.0,1,-48.83047378627816,,0,
134.0,20.0,1,-16.066753998340573,,0,
135.0,20.0,1,13.141659108863678,,0,
136.0,20.0,1,38.922211815195624,,0,
137.0,20.0,1,60.499859141069464,,0,
138.0,20.0,1,76.7414683176321,,0,
139.0,20.0,1,87.3407193273888,,0,
140.0,20.0,1,92.24912274390226,-200.981663,1,-293.2307857439023
141.0,20.0,1,88.64421548723476,,0,
142.0,20.0,1,73.7142319456907,,0,
143.0,20.0,1,44.057394434465095,,0,
144.0,20.0,1,-0.8071205206215382,,0,
145.0,20.0,1,-57.18190873664571,,0,
146.0,20.0,1,-119.17493890007609,,0,
147.0,20.0,1,-180.44091670110356,,0,
148.0,20.0,1,-234.29733608063543,-257.680696,1,-23.38335991936458
149.0,20.0,1,-272.7827403055271,,0,
150.0,20.0,1,-290.52340732951416,,0,
151.0,20.0,1,-289.1181510548922,,0,
152.0,20.0,1,-270.8817071580561,,0,
153.0,20.0,1,-236.11816702893702,,0,
154.0,20.0,1,-183.62020245217718,,0,
155.0,20.0,1,-111.73071751312818,,0,
156.0,20.0,1,-22.932817301363684,-229.793524,1,-206.8607066986363
157.0,20.0,1,70.28324114566203,,0,
158.0,20.0,1,153.78111506637651,,0,
159.0,20.0,1,217.45254283887334,,0,
160.0,20.0,1,257.9995042787632,,0,
161.0,20.0,1,277.2602956772316,,0,
162.0,20.0,1,278.55422305647517,,0,
163.0,20.0,1,264.4218088281341,,0,
164.0,20.0,1,235.70658390200697,263.54637,1,27.839786097993056
165.0,20.0,1,191.3664540000027,,0,
166.0,20.0,2,132.79298805259168,,0,
167.0,20.0,2,66.75721967977006,,0,
168.0,20.0,2,0.8110462058102712,,0,
169.0,20.0,2,-59.307711722445674,,0,
170.0,20.0,2,-110.31520329229534,,0,
171.0,20.0,2,-151.30727413971908,,0,
172.0,20.0,2,-181.78245813166723,-297.703244,1,-115.92078586833276
173.0,20.0,2,-199.28117615910014,,0,
174.0,20.0,2,-207.52156836958602,,0,
175.0,20.0,2,-211.14413763931952,,0,
176.0,20.0,2,-213.90918315993622,,0,
177.0,20.0,2,-217.90636546036694,,0,
178.0,20.0,2,-222.40692293690518,,0,
179.0,20.0,2,-221.9445934065152,,0,
180.0,20.0,2,-207.75879744067788,-511.086055,1,-303.3272575593221
181.0,20.0,2,-173.5925631497521,,0,
182.0,20.0,2,-130.3420388320228,,0,
183.0,20.0,2,-82.17245541547891,,0,
184.0,20.0,2,-27.82913062290754,,0,
185.0,20.0,2,35.851407297072,,0,
186.0,20.0,2,111.7972125262022,,0,
187.0,20.0,2,202.26067405333742,,0,
188.0,20.0,2,306.647851588903,376.778213,1,70.130361411097
189.0,20.0,2,417.2043388755992,,0,
190.0,20.0,2,527.3172143858392,,0,
191.0,20.0,2,628.8937123555224,,0,
192.0,20.0,2,714.0429173666053,,0,
193.0,20.0,2,777.0130628570332,,0,
194.0,20.0,2,814.3279306429904,,0,
195.0,20.0,2,822.8830443336628,,0,
196.0,20.0,2,801.2350372010842,934.863028,1,133.6279907989158
197.0,20.0,2,756.5522803586791,,0,
198.0,20.0,2,703.3955161222257,,0,
199.0,20.0,2,650.2676488584839,,0,
0.0,21.0,0,-86.04199987184256,,0,
1.0,21.0,0,-90.64147292869166,,0,
2.0,21.0,0,-96.6736726462841,,0,
3.0,21.0,0,-105.19676266703755,12.585749,1,117.78251166703754
4.0,21.0,0,-118.31940309889615,,0,
5.0,21.0,0,-131.47022179269698,,0,
6.0,21.0,0,-141.60365429823287,,0,
7.0,21.0,0,-147.11967684561387,,0,
8.0,21.0,0,-147.73437994951382,,0,
9.0,21.0,0,-144.3161070465576,,0,
10.0,21.0,0,-138.39435655088164,,0,
11.0,21.0,0,-132.03453412745148,-123.844407,1,8.190127127451476
12.0,21.0,0,-128.25425661867484,,0,
13.0,21.0,0,-129.4717112829676,,0,
14.0,21.0,0,-137.51159643149003,,0,
15.0,21.0,0,-153.39896835014224,,0,
16.0,21.0,0,-177.23803227115422,,0,
17.0,21.0,0,-208.29565867967904,,0,
18.0,21.0,0,-245.01753819035366,,0,
19.0,21.0,0,-284.95690046530217,-281.73083,1,3.2260704653021435
20.0,21.0,0,-324.90347041003406,,0,
21.0,21.0,0,-361.317354968749,,0,
22.0,21.0,0,-391.0882339938544,,0,
23.0,21.0,0,-411.40677879634313,,0,
24.0,21.0,0,-420.0982433685567,,0,
25.0,21.0,0,-416.2065515712602,,0,
26.0,21.0,0,-400.5156101230532,,0,
27.0,21.0,0,-375.2530794092454,-447.308526,1,-72.05544659075457
28.0,21.0,0,-342.797042270191,,0,
29.0,21.0,0,-309.6909638736397,,0,
30.0,21.0,0,-280.90351556171663,,0,
31.0,21.0,0,-259.3040209664032,,0,
32.0,21.0,0,-246.24813071126118,,0,
33.0,21.0,0,-242.03533066494856,,0,
34.0,21.0,0,-246.09707855747547,,0,
35.0,21.0,0,-257.41037918441,-212.088286,1,45.322093184409965
36.0,21.0,0,-274.959833155619,,0,
37.0,21.0,0,-294.89170868034125,,0,
38.0,21.0,0,-313.9002689621411,,0,
39.0,21.0,0,-329.62971762777306,,0,
40.0,21.0,0,-340.93870146549307,,0,
41.0,21.0,0,-347.68695916992147,,0,
42.0,21.0,0,-350.43877131369663,,0,
43.0,21.0,0,-350.3051439623814,-363.004907,1,-12.699763037618595
44.0,21.0,0,-348.39739642990753,,0,
45.0,21.0,0,-345.4644780008239,,0,
46.0,21.0,0,-342.0339596036356,,0,
47.0,21.0,0,-338.735443563899,,0,
48.0,21.0,0,-336.4618637987878,,0,
49.0,21.0,0,-335.98641553346533,,0,
50.0,21.0,0,-337.37410397280473,,0,
51.0,21.0,0,-340.92243105801754,-364.556441,1,-23.63400994198247
52.0,21.0,0,-349.71118233702146,,0,
53.0,21.0,0,-366.55673396235215,,0,
54.0,21.0,0,-391.09777768154163,,0,
55.0,21.0,0,-421.0714074644493,,0,
56.0,21.0,0,-453.2719034602633,,0,
57.0,21.0,0,-483.67451268224977,,0,
58.0,21.0,0,-506.83350810641423,,0,
59.0,21.0,0,-516.7309113915544,-679.920971,1,-163.1900596084456
60.0,21.0,0,-510.39476819499396,,0,
61.0,21.0,0,-494.09610360418446,,0,
62.0,21.0,0,-470.7522815404809,,0,
63.0,21.0,0,-441.64483076299075,,0,
64.0,21.0,0,-407.3793878064025,,0,
65.0,21.0,0,-367.94999073969666,,0,
66.0,21.0,0,-322.61863892438123,,0,
67.0,21.0,0,-271.6043685779441,-335.538427,1,-63.9340584220559
68.0,21.0,0,-219.96767432289198,,0,
69.0,21.0,0,-173.15217234991724,,0,
70.0,21.0,0,-132.29893360566348,,0,
71.0,21.0,0,-98.19069000193849,,0,
72.0,21.0,0,-72.4251604693709,,0,
73.0,21.0,3,-56.10525230123312,,0,
74.0,21.0,3,-48.91322059626691,,0,
75.0,21.0,3,-49.34073466481641,-106.920142,1,-57.57940733518359
76.0,21.0,3,-55.438306006020866,,0,
77.0,21.0,3,-64.75803016591817,,0,
78.0,21.0,3,-74.60786781436764,,0,
79.0,21.0,3,-82.43477547448128,,0,
80.0,21.0,3,-86.17276309366571,,0,
81.0,21.0,3,-84.2460547980154,,0,
82.0,21.0,3,-75.79343368305126,,0,
83.0,21.0,3,-61.33174071938265,-76.962729,1,-15.630988280617345
84.0,21.0,3,-43.34105505107436,,0,
85.0,21.0,3,-25.069717500460683,,0,
86.0,21.0,3,-7.261544844252057,,0,
87.0,21.0,3,9.284335242351517,,0,
88.0,21.0,3,23.10502729640575,,0,
89.0,21.0,3,32.73841022810666,,0,
90.0,21.0,3,37.57440900304937,,0,
91.0,21.0,3,38.91255117987748,-33.502105,1,-72.41465617987748
92.0,21.0,3,39.56518890336156,,0,
93.0,21.0,3,38.19347003972507,,0,
94.0,21.0,3,34.05447103775805,,0,
95.0,21.0,3,26.68101610674057,,0,
96.0,21.0,3,15.61714008077979,,0,
97.0,21.0,3,0.5261743286682758,,0,
98.0,21.0,3,-18.829541599727236,,0,
99.0,21.0,3,-42.64723492565099,-53.26916,1,-10.621925074349008
100.0,21.0,3,-70.60769381208229,,0,
101.0,21.0,3,-102.42152033178718,,0,
102.0,21.0,3,-137.84592123888433,,0,
103.0,21.0,3,-177.33647877792828,,0,
104.0,21.0,3,-221.1733497723617,,0,
105.0,21.0,3,-268.8351839942043,,0,
106.0,21.0,3,-319.6619181414426,,0,
107.0,21.0,3,-372.05190384807065,-328.910698,1,43.141205848070626
108.0,21.0,3,-420.37268189593306,,0,
109.0,21.0,3,-459.14865589665715,,0,
110.0,21.0,3,-486.04302345518954,,0,
111.0,21.0,3,-500.80721753573744,,0,
112.0,21.0,3,-505.12249182408414,,0,
113.0,21.0,3,-502.5835142013966,,0,
114.0,21.0,3,-498.2488759640837,,0,
115.0,21.0,3,-499.19506096321857,-217.700355,1,281.49470596321856
116.0,21.0,3,-515.7168101970747,,0,
117.0,21.0,3,-542.1588956361811,,0,
118.0,21.0,3,-574.6323142146575,,0,
119.0,21.0,3,-608.4618587844307,,0,
120.0,21.0,3,-637.8347483406251,,0,
121.0,21.0,3,-656.8751079360663,,0,
122.0,21.0,3,-661.3704794086225,,0,
123.0,21.0,3,-650.0230897563742,-814.699427,1,-164.67633724362577
124.0,21.0,3,-621.8665509356942,,0,
125.0,21.0,3,-575.8936891479825,,0,
126.0,21.0,3,-515.6698827052023,,0,
127.0,21.0,3,-446.7061241425108,,0,
128.0,21.0,3,-373.10202851428767,,0,
129.0,21.0,3,-296.9621119534131,,0,
130.0,21.0,3,-220.83365211682394,,0,
131.0,21.0,1,-151.73986306326697,257.291537,1,409.031400063267
132.0,21.0,1,-102.55898498278111,,0,
133.0,21.0,1,-63.64718923473265,,0,
134.0,21.0,1,-30.50945625512395,,0,
135.0,21.0,1,-2.0115364750963636,,0,
136.0,21.0,1,21.61478169442853,,0,
137.0,21.0,1,39.36019040399697,,0,
138.0,21.0,1,49.906764085550094,,0,
139.0,21.0,1,53.08964676322648,-110.459385,1,-163.54903176322648
140.0,21.0,1,51.823053978499956,,0,
141.0,21.0,1,40.931236869306304,,0,
142.0,21.0,1,17.831792017037515,,0,
143.0,21.0,1,-18.175055372936185,,0,
144.0,21.0,1,-65.55096200155094,,0,
145.0,21.0,1,-120.66245404613437,,0,
146.0,21.0,1,-179.03888463112526,,0,
147.0,21.0,1,-235.81657979742158,-208.855722,1,26.960857797421596
148.0,21.0,1,-285.4336334253894,,0,
149.0,21.0,1,-322.10477657202864,,0,
150.0,21.0,1,-342.2448998808395,,0,
151.0,21.0,1,-345.71714810311096,,0,
152.0,21.0,1,-333.7585826921277,,0,
153.0,21.0,1,-306.5683385084849,,0,
154.0,21.0,1,-261.79924308438785,,0,
155.0,21.0,1,-195.52147718437482,-498.199364,1,-302.6778868156252
156.0,21.0,1,-106.66417936957441,,0,
157.0,21.0,1,-12.30486447212752,,0,
158.0,21.0,1,75.3694178131991,,0,
159.0,21.0,1,148.51666182803456,,0,
160.0,21.0,1,203.34126360400114,,0,
161.0,21.0,1,239.24082346021896,,0,
162.0,21.0,1,257.0457654441707,,0,
163.0,21.0,1,257.43626224820036,125.026196,1,-132.41006624820037
164.0,21.0,1,239.84030507667921,,0,
165.0,21.0,1,203.68280536524253,,0,
166.0,21.0,2,151.10109029058367,,0,
167.0,21.0,2,88.04988889861852,,0,
168.0,21.0,2,22.72205482062418,,0,
169.0,21.0,2,-37.07146592932986,,0,
170.0,21.0,2,-86.77778611687245,,0,
171.0,21.0,2,-126.06588447105605,-276.170464,1,-150.10457952894393
172.0,21.0,2,-155.53672116820235,,0,
173.0,21.0,2,-175.35913756134687,,0,
174.0,21.0,2,-188.16395201161504,,0,
175.0,21.0,2,-197.48299985809717,,0,
176.0,21.0,2,-206.50459042284638,,0,
177.0,21.0,2,-217.57357658009278,,0,
178.0,21.0,2,-230.17670513037592,,0,
179.0,21.0,2,-237.58674164349213,-516.518068,1,-278.93132635650784
180.0,21.0,2,-226.01704167737626,,0,
181.0,21.0,2,-197.56090173666598,,0,
182.0,21.0,2,-158.1197957235854,,0,
183.0,21.0,2,-111.31038668204565,,0,
184.0,21.0,2,-56.93455368920695,,0,
185.0,21.0,2,6.91479902015999,,0,
186.0,21.0,2,82.22136540198699,,0,
187.0,21.0,2,170.88568895915523,6.877304,1,-164.00838495915522
188.0,21.0,2,274.94266125699505,,0,
189.0,21.0,2,385.8703786949627,,0,
190.0,21.0,2,497.1400471709203,,0,
191.0,21.0,2,602.130944036413,,0,
192.0,21.0,2,693.2753762317589,,0,
193.0,21.0,2,762.9232127005816,,0,
194.0,21.0,2,805.6382098938338,,0,
195.0,21.0,2,818.2534144197125,1235.872049,1,417.61863458028756
196.0,21.0,2,794.1732357321307,,0,
197.0,21.0,2,749.4178387518623,,0,
198.0,21.0,2,696.6102232895792,,0,
199.0,21.0,2,643.6701859293971,,0,
0.0,22.0,0,-134.43255401449278,,0,
1.0,22.0,0,-138.91397152584977,,0,
2.0,22.0,0,-144.44629466161132,-171.288132,1,-26.84183733838867
3.0,22.0,0,-151.76957165822387,,0,
4.0,22.0,0,-161.11297489097342,,0,
5.0,22.0,0,-169.8946944680065,,0,
6.0,22.0,0,-175.47140082367696,,0,
7.0,22.0,0,-176.4060358768329,,0,
8.0,22.0,0,-172.3291595443152,,0,
9.0,22.0,0,-163.87561810901389,,0,
10.0,22.0,0,-152.42246818728745,-185.308611,1,-32.88614281271256
11.0,22.0,0,-139.57355424994603,,0,
12.0,22.0,0,-128.95915069943294,,0,
13.0,22.0,0,-123.60393382469192,,0,
14.0,22.0,0,-125.96453154226765,,0,
15.0,22.0,0,-137.70920183090493,,0,
16.0,22.0,0,-159.3015168858692,,0,
17.0,22.0,0,-189.99683616345283,,0,
18.0,22.0,0,-228.0196252958849,-257.638235,1,-29.6186097041151
19.0,22.0,0,-270.41196966543794,,0,
20.0,22.0,0,-313.7631674653385,,0,
21.0,22.0,0,-354.6378063778393,,0,
22.0,22.0,0,-389.7459215983981,,0,
23.0,22.0,0,-415.9038609289564,,0,
24.0,22.0,0,-430.10957296960987,,0,
25.0,22.0,0,-430.2443157993257,,0,
26.0,22.0,0,-416.50763238349464,-384.926289,1,31.58134338349464
27.0,22.0,0,-392.0347818862647,,0,
28.0,22.0,0,-360.8107145775575,,0,
29.0,22.0,0,-328.2297855698271,,0,
30.0,22.0,0,-299.2661838680506,,0,
31.0,22.0,0,-277.37075086683035,,0,
32.0,22.0,0,-264.26664785970934,,0,
33.0,22.0,0,-260.00685217627324,,0,
34.0,22.0,0,-263.5699434836861,-285.709266,1,-22.13932251631394
35.0,22.0,0,-273.5470822821371,,0,
36.0,22.0,0,-288.23231849307194,,0,
37.0,22.0,0,-304.8512330369558,,0,
38.0,22.0,0,-320.7886503697373,,0,
39.0,22.0,0,-334.2458198638633,,0,
40.0,22.0,0,-344.16706474125385,,0,
41.0,22.0,0,-349.87581435369793,,0,
42.0,22.0,0,-351.2285321520176,-474.547705,1,-123.31917284798243
43.0,22.0,0,-349.5148292160593,,0,
44.0,22.0,0,-346.17944345716387,,0,
45.0,22.0,0,-342.3758777680923,,0,
46.0,22.0,0,-339.22858269920107,,0,
47.0,22.0,0,-337.9128659090493,,0,
48.0,22.0,0,-339.33130604657345,,0,
49.0,22.0,0,-343.69673041591886,,0,
50.0,22.0,0,-350.2765047575813,-454.965795,1,-104.68929024241874
51.0,22.0,0,-357.28823268273845,,0,
52.0,22.0,0,-368.90561454044655,,0,
53.0,22.0,0,-387.4360685804859,,0,
54.0,22.0,0,-412.87124502297956,,0,
55.0,22.0,0,-443.3386004434433,,0,
56.0,22.0,0,-475.59779956482816,,0,
57.0,22.0,0,-505.63489789509913,,0,
58.0,22.0,0,-528.1550666694529,-739.527584,1,-211.3725173305471
59.0,22.0,0,-534.4943782257615,,0,
60.0,22.0,0,-527.6731493450934,,0,
61.0,22.0,0,-511.78101286610763,,0,
62.0,22.0,0,-489.5860545957694,,0,
63.0,22.0,0,-462.3769472921267,,0,
64.0,22.0,0,-430.759547232301,,0,
65.0,22.0,0,-394.8772958946647,,0,
66.0,22.0,0,-353.9730134255369,-498.787297,1,-144.8142835744631
67.0,22.0,0,-305.93168356025126,,0,
68.0,22.0,0,-257.0693619408412,,0,
69.0,22.0,0,-211.5388450922619,,0,
70.0,22.0,0,-171.23945069761248,,0,
71.0,22.0,0,-137.6514429191593,,0,
72.0,22.0,0,-112.79430417332333,,0,
73.0,22.0,3,-97.94929598714225,,0,
74.0,22.0,3,-92.05917561490787,-107.020871,1,-14.961695385092128
75.0,22.0,3,-92.67234718613327,,0,
76.0,22.0,3,-98.07713954581413,,0,
77.0,22.0,3,-106.40680803153373,,0,
78.0,22.0,3,-115.69140428554965,,0,
79.0,22.0,3,-123.95931390265469,,0,
80.0,22.0,3,-129.2129277609056,,0,
81.0,22.0,3,-129.35854590783129,,0,
82.0,22.0,3,-122.8174726543657,-236.183946,1,-113.36647334563429
83.0,22.0,3,-109.78276235307567,,0,
84.0,22.0,3,-91.67201099981321,,0,
85.0,22.0,3,-70.16848801472224,,0,
86.0,22.0,3,-46.477060552861076,,0,
87.0,22.0,3,-21.998463955475017,,0,
88.0,22.0,3,0.9342498378828168,,0,
89.0,22.0,3,18.92244302452309,,0,
90.0,22.0,3,29.255292113986798,112.13154,1,82.8762478860132
91.0,22.0,3,33.337857644073665,,0,
92.0,22.0,3,33.47062757000094,,0,
93.0,22.0,3,30.08351687368122,,0,
94.0,22.0,3,23.540154269256163,,0,
95.0,22.0,3,14.641834163747262,,0,
96.0,22.0,3,4.060593028028961,,0,
97.0,22.0,3,-7.76157681105542,,0,
98.0,22.0,3,-20.72074975311989,-59.312359,1,-38.59160924688011
99.0,22.0,3,-35.92141110787634,,0,
100.0,22.0,3,-54.30026443771203,,0,
101.0,22.0,3,-76.67054809693946,,0,
102.0,22.0,3,-104.17838238802506,,0,
103.0,22.0,3,-138.21498460887233,,0,
104.0,22.0,3,-179.30402743477316,,0,
105.0,22.0,3,-226.2849425432505,,0,
106.0,22.0,3,-277.6536404459621,-125.882794,1,151.7708464459621
107.0,22.0,3,-333.4311932728742,,0,
108.0,22.0,3,-385.62227192723367,,0,
109.0,22.0,3,-429.10065012966515,,0,
110.0,22.0,3,-461.4986359712202,,0,
111.0,22.0,3,-482.4277037883294,,0,
112.0,22.0,3,-493.2311532979438,,0,
113.0,22.0,3,-497.36737831760547,,0,
114.0,22.0,3,-500.42028312834736,-260.496428,1,239.92385512834738
115.0,22.0,3,-509.13385253446177,,0,
116.0,22.0,3,-529.1955121820065,,0,
117.0,22.0,3,-558.7443887169939,,0,
118.0,22.0,3,-593.6943761276198,,0,
119.0,22.0,3,-629.5705031995894,,0,
120.0,22.0,3,-660.8545899199671,,0,
121.0,22.0,3,-680.5120532646542,,0,
122.0,22.0,3,-682.4832584542455,-952.961119,1,-270.47786054575454
123.0,22.0,3,-667.9212142920005,,0,
124.0,22.0,3,-638.5070337590296,,0,
125.0,22.0,3,-595.0789318978786,,0,
126.0,22.0,3,-540.0007102885284,,0,
127.0,22.0,3,-476.5744510592194,,0,
128.0,22.0,3,-407.22375553438906,,0,
129.0,22.0,3,-332.9423341038055,,0,
130.0,22.0,3,-256.21017635572935,-275.089996,1,-18.87981964427064
131.0,22.0,1,-186.14356005354784,,0,
132.0,22.0,1,-130.82067783002276,,0,
133.0,22.0,1,-87.0691884108528,,0,
134.0,22.0,1,-50.61153299518628,,0,
135.0,22.0,1,-20.058040636824444,,0,
136.0,22.0,1,4.38588069844991,,0,
137.0,22.0,1,21.77835332340328,,0,
138.0,22.0,1,30.97795111470623,57.786058,1,26.808106885293768
139.0,22.0,1,31.397659478941932,,0,
140.0,22.0,1,23.87967635935638,,0,
141.0,22.0,1,5.731911296956241,,0,
142.0,22.0,1,-25.071618117159232,,0,
143.0,22.0,1,-67.73331972374581,,0,
144.0,22.0,1,-118.65148813946871,,0,
145.0,22.0,1,-173.26603373125545,,0,
146.0,22.0,1,-228.3932917516213,-227.703077,1,0.6902147516212835
147.0,22.0,1,-281.04676978243515,,0,
148.0,22.0,1,-327.16948127531214,,0,
149.0,22.0,1,-362.4493751010159,,0,
150.0,22.0,1,-383.88664387515746,,0,
151.0,22.0,1,-390.65527709340677,,0,
152.0,22.0,1,-383.3744151995634,,0,
153.0,22.0,1,-362.11311519891024,,0,
154.0,22.0,1,-323.6376056083245,-564.117493,1,-240.47988739167545
155.0,22.0,1,-259.6793741991278,,0,
156.0,22.0,1,-176.39602113410365,,0,
157.0,22.0,1,-85.01409126829822,,0,
158.0,22.0,1,4.170841274084523,,0,
159.0,22.0,1,84.11164076148998,,0,
160.0,22.0,1,150.5329470706638,,0,
161.0,22.0,1,201.13962252024794,,0,
162.0,22.0,1,234.55969494965393,209.045475,1,-25.51421994965392
163.0,22.0,1,249.889121844084,,0,
164.0,22.0,1,244.95601215353236,,0,
165.0,22.0,2,218.76774303830462,,0,
166.0,22.0,2,172.9920901102014,,0,
167.0,22.0,2,113.22366993187461,,0,
168.0,22.0,2,48.86555536277592,,0,
169.0,22.0,2,-9.294346292619593,,0,
170.0,22.0,2,-54.69154654163867,-110.741259,1,-56.04971245836133
171.0,22.0,2,-89.71023449173663,,0,
172.0,22.0,2,-117.2959418031387,,0,
173.0,22.0,2,-138.79117856599623,,0,
174.0,22.0,2,-155.74557674280368,,0,
175.0,22.0,2,-170.01726555638015,,0,
176.0,22.0,2,-183.6118876002729,,0,
177.0,22.0,2,-199.15221471100813,,0,
178.0,22.0,2,-217.09720122790895,-155.98672,1,61.11048122790896
179.0,22.0,2,-229.09285078127868,,0,
180.0,22.0,2,-225.81452975736465,,0,
181.0,22.0,2,-207.0501455606427,,0,
182.0,22.0,2,-176.3826496921247,,0,
183.0,22.0,2,-136.2843696998898,,0,
184.0,22.0,2,-86.89153325243387,,0,
185.0,22.0,2,-26.931214867916424,,0,
186.0,22.0,2,44.91320938710123,47.888302,1,2.97509261289877
187.0,22.0,2,130.03185292659327,,0,
188.0,22.0,2,228.44410006026737,,0,
189.0,22.0,2,335.3061455024872,,0,
190.0,22.0,2,444.7446883083321,,0,
191.0,22.0,2,550.6631361483596,,0,
192.0,22.0,2,645.4399531803792,,0,
193.0,22.0,2,718.5057010622695,,0,
194.0,22.0,2,759.9335132057313,1463.026223,1,703.0927097942688
195.0,22.0,2,769.2932134766597,,0,
196.0,22.0,2,748.8055068434915,,0,
197.0,22.0,2,709.073729946278,,0,
198.0,22.0,2,661.379120469559,,0,
199.0,22.0,2,613.1906237732619,,0,
0.0,23.0,0,-184.9317224738188,,0,
1.0,23.0,0,-189.71002009161748,-162.720194,1,26.989826091617488
2.0,23.0,0,-195.2185076889582,,0,
3.0,23.0,0,-201.148484735284,,0,
4.0,23.0,0,-206.9195663528517,,0,
5.0,23.0,0,-210.94153394468594,,0,
6.0,23.0,0,-211.36183895519935,,0,
7.0,23.0,0,-206.93322441959754,,0,
8.0,23.0,0,-197.1487202574499,,0,
9.0,23.0,0,-182.33385174395517,-270.222946,1,-87.88909425604481
10.0,23.0,0,-163.9008099946659,,0,
11.0,23.0,0,-144.00663655065,,0,
12.0,23.0,0,-125.93526803096756,,0,
13.0,23.0,0,-113.25599398324266,,0,
14.0,23.0,0,-109.31271844683215,,0,
15.0,23.0,0,-116.67576887691393,,0,
16.0,23.0,0,-136.1779998652637,,0,
17.0,23.0,0,-166.6978629352525,-142.274027,1,24.423835935252498
18.0,23.0,0,-206.29732660995796,,0,
19.0,23.0,0,-251.36848549591377,,0,
20.0,23.0,0,-298.4256013932172,,0,
21.0,23.0,0,-344.04744048038265,,0,
22.0,23.0,0,-384.82727789715864,,0,
23.0,23.0,0,-417.2529679366853,,0,
24.0,23.0,0,-437.302913332358,,0,
25.0,23.0,0,-441.3932140043471,-519.258586,1,-77.86537199565294
26.0,23.0,0,-429.20424104086123,,0,
27.0,23.0,0,-405.86509761959314,,0,
28.0,23.0,0,-375.8419433333911,,0,
29.0,23.0,0,-343.91685314592905,,0,
30.0,23.0,0,-314.9395782779902,,0,
31.0,23.0,0,-293.0445603702683,,0,
32.0,23.0,0,-280.48231939040124,,0,
33.0,23.0,0,-276.79107792687137,-270.921568,1,5.8695099268713875
34.0,23.0,0,-280.2789217917016,,0,
35.0,23.0,0,-288.9505293306429,,0,
36.0,23.0,0,-300.8899463380221,,0,
37.0,23.0,0,-314.01835725142155,,0,
38.0,23.0,0,-326.476064564893,,0,
39.0,23.0,0,-337.00402852823026,,0,
40.0,23.0,0,-344.8110956849996,,0,
41.0,23.0,0,-349.05753562494647,-400.107251,1,-51.04971537505355
42.0,23.0,0,-348.5679214252741,,0,
43.0,23.0,0,-345.2551357746124,,0,
44.0,23.0,0,-340.6058444364462,,0,
45.0,23.0,0,-335.9299860378378,,0,
46.0,23.0,0,-332.7279597262386,,0,
47.0,23.0,0,-332.7372430434916,,0,
48.0,23.0,0,-336.9801790656056,,0,
49.0,23.0,0,-344.6829789112089,-356.27327,1,-11.590291088791105
50.0,23.0,0,-354.1235147487605,,0,
51.0,23.0,0,-364.55031116469763,,0,
52.0,23.0,0,-378.26237724069506,,0,
53.0,23.0,0,-397.4789102804207,,0,
54.0,23.0,0,-422.61516412103083,,0,
55.0,23.0,0,-452.14705152390525,,0,
56.0,23.0,0,-482.4936699133832,,0,
57.0,23.0,0,-508.892316759855,-641.753426,1,-132.86110924014497
58.0,23.0,0,-527.1665921072708,,0,
59.0,23.0,0,-533.3926936197095,,0,
60.0,23.0,0,-528.7259051970905,,0,
61.0,23.0,0,-516.0419398245867,,0,
62.0,23.0,0,-497.4093201854266,,0,
63.0,23.0,0,-473.9978474085219,,0,
64.0,23.0,0,-446.3860582855996,,0,
65.0,23.0,0,-414.62578661285806,-586.270883,1,-171.64509638714196
66.0,23.0,0,-377.99593534495216,,0,
67.0,23.0,0,-336.2513280592393,,0,
68.0,23.0,0,-292.7285309374565,,0,
69.0,23.0,0,-250.78274651649554,,0,
70.0,23.0,0,-212.43457797775045,,0,
71.0,23.0,0,-179.53712817281485,,0,
72.0,23.0,0,-155.1507268002024,,0,
73.0,23.0,0,-141.92432702763472,-18.654912,1,123.26941502763472
74.0,23.0,3,-137.31903364582104,,0,
75.0,23.0,3,-138.25078741880134,,0,
76.0,23.0,3,-143.11303763638716,,0,
77.0,23.0,3,-150.70560406526783,,0,
78.0,23.0,3,-159.75744241272332,,0,
79.0,23.0,3,-168.85716620169114,,0,
80.0,23.0,3,-176.17253961018287,,0,
81.0,23.0,3,-179.10158118850086,-214.169297,1,-35.06771581149914
82.0,23.0,3,-174.78470443526749,,0,
83.0,23.0,3,-163.07283710862976,,0,
84.0,23.0,3,-144.241289444617,,0,
85.0,23.0,3,-119.00867629644927,,0,
86.0,23.0,3,-88.64060319890268,,0,
87.0,23.0,3,-55.16385306464508,,0,
88.0,23.0,3,-21.878478055237792,,0,
89.0,23.0,3,6.081367422564654,128.06273,1,121.98136257743533
90.0,23.0,3,22.646667475288268,,0,
91.0,23.0,3,30.067365284310654,,0,
92.0,23.0,3,30.303304635512177,,0,
93.0,23.0,3,24.909206126932986,,0,
94.0,23.0,3,15.780007636320079,,0,
95.0,23.0,3,5.332991603179835,,0,
96.0,23.0,3,-4.546352336037671,,0,
97.0,23.0,3,-13.290539146779338,-76.869613,1,-63.57907385322066
98.0,23.0,3,-20.256824390380643,,0,
99.0,23.0,3,-27.988348574901465,,0,
100.0,23.0,3,-38.08232224197127,,0,
101.0,23.0,3,-52.071838658768684,,0,
102.0,23.0,3,-72.27185726753669,,0,
103.0,23.0,3,-101.76117077528033,,0,
104.0,23.0,3,-142.149590970992,,0,
105.0,23.0,3,-191.41864249648643,160.396108,1,351.81475049648645
106.0,23.0,3,-246.54831974803528,,0,
107.0,23.0,3,-304.5789018390351,,0,
108.0,23.0,3,-359.78006747725885,,0,
109.0,23.0,3,-407.28187137277564,,0,
110.0,23.0,3,-444.6300579683739,,0,
111.0,23.0,3,-471.28100929636275,,0,
112.0,23.0,3,-488.09635643066576,,0,
113.0,23.0,3,-497.93628241249826,-451.897855,1,46.038427412498265
114.0,23.0,3,-507.2393265601713,,0,
115.0,23.0,3,-520.8230094654718,,0,
116.0,23.0,3,-542.2325067968923,,0,
117.0,23.0,3,-571.4684207546525,,0,
118.0,23.0,3,-605.8198975382838,,0,
119.0,23.0,3,-640.9960726345889,,0,
120.0,23.0,3,-671.6844362801639,,0,
121.0,23.0,3,-691.1522927383194,-990.278059,1,-299.1257662616806
122.0,23.0,3,-689.3701190294232,,0,
123.0,23.0,3,-672.6005964914802,,0,
124.0,23.0,3,-643.4888014175522,,0,
125.0,23.0,3,-603.2547648755135,,0,
126.0,23.0,3,-553.6896572039695,,0,
127.0,23.0,3,-496.96085232897894,,0,
128.0,23.0,3,-434.2948522477818,,0,
129.0,23.0,3,-365.6200104865711,-547.381162,1,-181.7611515134289
130.0,23.0,1,-291.44527693936834,,0,
131.0,23.0,1,-222.3835015373188,,0,
132.0,23.0,1,-163.78469312889501,,0,
133.0,23.0,1,-115.09511899098288,,0,
134.0,23.0,1,-73.98884040210396,,0,
135.0,23.0,1,-39.467133994970936,,0,
136.0,23.0,1,-11.904520862386562,,0,
137.0,23.0,1,7.756052566925064,236.090952,1,228.33489943307492
138.0,23.0,1,18.312088855716866,,0,
139.0,23.0,1,18.659747605095617,,0,
140.0,23.0,1,7.890166659897659,,0,
141.0,23.0,1,-15.673331061785575,,0,
142.0,23.0,1,-53.02282853529323,,0,
143.0,23.0,1,-102.38254294032231,,0,
144.0,23.0,1,-157.77057024015812,,0,
145.0,23.0,1,-212.02560501149856,-357.803963,1,-145.77835798850145
146.0,23.0,1,-264.35480739409104,,0,
147.0,23.0,1,-313.94528605160303,,0,
148.0,23.0,1,-357.749790963484,,0,
149.0,23.0,1,-392.0805891935015,,0,
150.0,23.0,1,-413.9130056191934,,0,
151.0,23.0,1,-421.89048357174033,,0,
152.0,23.0,1,-416.4789433325641,,0,
153.0,23.0,1,-397.8173411010066,-411.485538,1,-13.668196898993415
154.0,23.0,1,-361.96951846277807,,0,
155.0,23.0,1,-304.6577654185239,,0,
156.0,23.0,1,-229.315837507369,,0,
157.0,23.0,1,-143.5616533900029,,0,
158.0,23.0,1,-55.23247469350463,,0,
159.0,23.0,1,29.155267924652435,,0,
160.0,23.0,1,104.93114189151675,,0,
161.0,23.0,1,168.79634303535568,299.090352,1,130.29400896464432
162.0,23.0,1,217.43343710689805,,0,
163.0,23.0,1,247.8030018786667,,0,
164.0,23.0,1,256.8250680359779,,0,
165.0,23.0,2,242.3182771418942,,0,
166.0,23.0,2,204.5428437544033,,0,
167.0,23.0,2,148.33855739270803,,0,
168.0,23.0,2,84.9825018219417,,0,
169.0,23.0,2,28.895181964267977,-255.470906,1,-284.366087964268
170.0,23.0,2,-10.635065496258903,,0,
171.0,23.0,2,-41.883939357474446,,0,
172.0,23.0,2,-68.61155560205225,,0,
173.0,23.0,2,-92.33090604119934,,0,
174.0,23.0,2,-113.87354359775782,,0,
175.0,23.0,2,-133.5183691343991,,0,
176.0,23.0,2,-151.59764271997847,,0,
177.0,23.0,2,-170.09231856884435,70.044453,1,240.13677156884435
178.0,23.0,2,-193.12133797898423,,0,
179.0,23.0,2,-210.43297931947745,,0,
180.0,23.0,2,-215.59216494462453,,0,
181.0,23.0,2,-207.37921641371213,,0,
182.0,23.0,2,-187.38549402286299,,0,
183.0,23.0,2,-157.1433754286263,,0,
184.0,23.0,2,-116.42601897602435,,0,
185.0,23.0,2,-63.65672699251445,12.592775,1,76.24950199251445
186.0,23.0,2,1.5920265979366377,,0,
187.0,23.0,2,79.50323860975914,,0,
188.0,23.0,2,169.3640990643762,,0,
189.0,23.0,2,268.2875368480454,,0,
190.0,23.0,2,371.92512204812374,,0,
191.0,23.0,2,474.73445319454186,,0,
192.0,23.0,2,569.1832790635526,,0,
193.0,23.0,2,643.7197669374291,1104.977525,1,461.25775806257093
194.0,23.0,2,680.8656176812947,,0,
195.0,23.0,2,688.8133373577148,,0,
196.0,23.0,2,672.9864688285161,,0,
197.0,23.0,2,640.9059468324413,,0,
198.0,23.0,2,601.5148160906974,,0,
199.0,23.0,2,561.6957894477528,,0,
0.0,24.0,0,-237.02890240820125,-45.332914,1,191.69598840820123
1.0,24.0,0,-242.6289535809774,,0,
2.0,24.0,0,-247.71681279339828,,0,
3.0,24.0,0,-251.92027915408835,,0,
4.0,24.0,0,-254.37465621717274,,0,
5.0,24.0,0,-253.81938896002248,,0,
6.0,24.0,0,-248.90067479922436,,0,
7.0,24.0,0,-238.63651385670528,,0,
8.0,24.0,0,-222.55314928432927,-244.100113,1,-21.546963715670728
9.0,24.0,0,-200.6089380304329,,0,
10.0,24.0,0,-174.62800233066082,,0,
11.0,24.0,0,-146.9778107488528,,0,
12.0,24.0,0,-120.82748329546303,,0,
13.0,24.0,0,-100.08689818973653,,0,
14.0,24.0,0,-89.12293460103683,,0,
15.0,24.0,0,-91.84142243862152,,0,
16.0,24.0,0,-109.71219527162611,34.65889,1,144.3710852716261
17.0,24.0,0,-140.5594453890808,,0,
18.0,24.0,0,-181.41655899013858,,0,
19.0,24.0,0,-228.91865735733882,,0,
20.0,24.0,0,-279.5319997407496,,0,
21.0,24.0,0,-329.6974723705789,,0,
22.0,24.0,0,-375.7834007497877,,0,
23.0,24.0,0,-413.99011448887177,,0,
24.0,24.0,0,-439.7163247419521,-580.906993,1,-141.19066825804794
25.0,24.0,0,-446.8249231900554,,0,
26.0,24.0,0,-438.0176743338816,,0,
27.0,24.0,0,-417.27103991876356,,0,
28.0,24.0,0,-388.99804386589676,,0,
29.0,24.0,0,-357.9455171912268,,0,
30.0,24.0,0,-329.0037209559232,,0,
31.0,24.0,0,-307.18218729272485,,0,
32.0,24.0,0,-295.9905733417254,-182.01855,1,113.97202334172539
33.0,24.0,0,-293.4978027320467,,0,
34.0,24.0,0,-296.88620472094044,,0,
35.0,24.0,0,-304.0789474763442,,0,
36.0,24.0,0,-313.26948536303826,,0,
37.0,24.0,0,-322.80904442141764,,0,
38.0,24.0,0,-331.40493411710486,,0,
39.0,24.0,0,-338.3556662751362,,0,
40.0,24.0,0,-343.24837186094373,-295.953888,1,47.29448386094373
41.0,24.0,0,-345.130819683196,,0,
42.0,24.0,0,-343.39861153333914,,0,
43.0,24.0,0,-339.0814596316777,,0,
44.0,24.0,0,-333.6116108002607,,0,
45.0,24.0,0,-328.35988659149734,,0,
46.0,24.0,0,-324.8838001565309,,0,
47.0,24.0,0,-325.5381934742909,,0,
48.0,24.0,0,-332.16393698961474,-209.105981,1,123.05795598961473
49.0,24.0,0,-342.226987605507,,0,
50.0,24.0,0,-353.2179191290634,,0,
51.0,24.0,0,-364.83390251686797,,0,
52.0,24.0,0,-378.7013391661458,,0,
53.0,24.0,0,-396.821744658635,,0,
54.0,24.0,0,-419.94878317427356,,0,
55.0,24.0,0,-446.86062499671243,,0,
56.0,24.0,0,-474.05336115683895,-578.666934,1,-104.61357284316102
57.0,24.0,0,-495.5702253226773,,0,
58.0,24.0,0,-510.4315357779851,,0,
59.0,24.0,0,-517.1112818779657,,0,
60.0,24.0,0,-515.767967378255,,0,
61.0,24.0,0,-507.78085719348746,,0,
62.0,24.0,0,-494.331320260535,,0,
63.0,24.0,0,-476.1589342467487,,0,
64.0,24.0,0,-453.7967572178459,-457.813035,1,-4.016277782154134
65.0,24.0,0,-427.3577352289576,,0,
66.0,24.0,0,-396.7801705451857,,0,
67.0,24.0,0,-362.4948747586459,,0,
68.0,24.0,0,-326.28157664835453,,0,
69.0,24.0,0,-290.2805609731877,,0,
70.0,24.0,0,-256.1504431727226,,0,
71.0,24.0,0,-225.5631349493051,,0,
72.0,24.0,0,-201.75947190623265,6.449456,1,208.20892790623265
73.0,24.0,0,-190.64016025612364,,0,
74.0,24.0,3,-186.68676233943552,,0,
75.0,24.0,3,-187.10252747603226,,0,
76.0,24.0,3,-190.86140311544295,,0,
77.0,24.0,3,-197.40045562900923,,0,
78.0,24.0,3,-205.97484134021215,,0,
79.0,24.0,3,-215.615171047044,,0,
80.0,24.0,3,-224.7733092100243,-174.049806,1,50.72350321002432
81.0,24.0,3,-229.94189515835023,,0,
82.0,24.0,3,-227.9000381642545,,0,
83.0,24.0,3,-217.15009104378987,,0,
84.0,24.0,3,-196.91316299629398,,0,
85.0,24.0,3,-167.1042551814462,,0,
86.0,24.0,3,-129.15400284633506,,0,
87.0,24.0,3,-85.95151264534798,,0,
88.0,24.0,3,-41.873197251348756,-73.728484,1,-31.85528674865124
89.0,24.0,3,-4.558450375974644,,0,
90.0,24.0,3,20.033056073763873,,0,
91.0,24.0,3,31.666526530054398,,0,
92.0,24.0,3,32.41577251529088,,0,
93.0,24.0,3,24.981710208550794,,0,
94.0,24.0,3,12.758886052411981,,0,
95.0,24.0,3,0.2063985673012212,,0,
96.0,24.0,3,-8.683710010867799,-125.870372,1,-117.1866619891322
97.0,24.0,3,-14.175965571572306,,0,
98.0,24.0,3,-17.330185827901005,,0,
99.0,24.0,3,-19.949456817063037,,0,
100.0,24.0,3,-23.911914698546752,,0,
101.0,24.0,3,-31.218795072374633,,0,
102.0,24.0,3,-44.92386829532916,,0,
103.0,24.0,3,-70.41761553683318,,0,
104.0,24.0,3,-112.20409326860681,315.367912,1,427.5720052686068
105.0,24.0,3,-165.62338874608395,,0,
106.0,24.0,3,-224.95612297032494,,0,
107.0,24.0,3,-285.84442444634624,,0,
108.0,24.0,3,-343.6208158490481,,0,
109.0,24.0,3,-394.2175786328735,,0,
110.0,24.0,3,-435.30458770203404,,0,
111.0,24.0,3,-466.3526003586594,,0,
112.0,24.0,3,-488.08460853085853,-556.917214,1,-68.83260546914141
113.0,24.0,3,-501.9872594750195,,0,
114.0,24.0,3,-514.191711205407,,0,
115.0,24.0,3,-529.0766193319578,,0,
116.0,24.0,3,-549.3566223888483,,0,
117.0,24.0,3,-575.7757423311414,,0,
118.0,24.0,3,-606.8899316441675,,0,
119.0,24.0,3,-638.5436063374509,,0,
120.0,24.0,3,-664.4354488738754,-950.939812,1,-286.50436312612453
121.0,24.0,3,-678.9156093980419,,0,
122.0,24.0,3,-677.3011040989368,,0,
123.0,24.0,3,-661.6693827566341,,0,
124.0,24.0,3,-634.87810431057,,0,
125.0,24.0,3,-598.5450469294738,,0,
126.0,24.0,3,-554.2792768324143,,0,
127.0,24.0,3,-503.79179206234403,,0,
128.0,24.0,3,-447.6633825149329,-567.846981,1,-120.18359848506714
129.0,24.0,3,-383.71277142415056,,0,
130.0,24.0,1,-316.3170330885914,,0,
131.0,24.0,1,-251.79896633065073,,0,
132.0,24.0,1,-193.97680455684895,,0,
133.0,24.0,1,-143.0173881263472,,0,
134.0,24.0,1,-97.92496777279302,,0,
135.0,24.0,1,-58.8039920074516,,0,
136.0,24.0,1,-26.902633369143587,331.683793,1,358.58642636914357
137.0,24.0,1,-3.2834467680368107,,0,
138.0,24.0,1,10.659386336628813,,0,
139.0,24.0,1,13.127211762126535,,0,
140.0,24.0,1,2.242237395257689,,0,
141.0,24.0,1,-23.621655121911317,,0,
142.0,24.0,1,-64.9115648244042,,0,
143.0,24.0,1,-119.3242448749952,,0,
144.0,24.0,1,-179.65073902107542,-490.005829,1,-310.3550899789246
145.0,24.0,1,-233.32058771594893,,0,
146.0,24.0,1,-284.31734145095106,,0,
147.0,24.0,1,-332.5264530022396,,0,
148.0,24.0,1,-375.360812212748,,0,
149.0,24.0,1,-409.44715619122144,,0,
150.0,24.0,1,-431.37209944217466,,0,
151.0,24.0,1,-439.15067078499123,,0,
152.0,24.0,1,-433.5238805228146,-352.696009,1,80.82787152281458
153.0,24.0,1,-416.415519554168,,0,
154.0,24.0,1,-384.0025153285824,,0,
155.0,24.0,1,-333.78692910145037,,0,
156.0,24.0,1,-266.9033331263345,,0,
157.0,24.0,1,-187.47354172496125,,0,
158.0,24.0,1,-101.0759584713378,,0,
159.0,24.0,1,-13.651041632168926,,0,
160.0,24.0,1,69.68877499504015,24.155265,1,-45.53350999504015
161.0,24.0,1,145.38526304304833,,0,
162.0,24.0,1,208.17171105602756,,0,
163.0,24.0,1,253.6222967475187,,0,
164.0,24.0,1,277.68418037041556,,0,
165.0,24.0,2,276.8662129084114,,0,
166.0,24.0,2,249.2886133857537,,0,
167.0,24.0,2,198.2943799304776,,0,
168.0,24.0,2,137.01082387124188,-202.860804,1,-339.8716278712419
169.0,24.0,2,86.82559944211971,,0,
170.0,24.0,2,48.231505360861775,,0,
171.0,24.0,2,16.89586449926719,,0,
172.0,24.0,2,-11.256311292760074,,0,
173.0,24.0,2,-38.63815718574915,,0,
174.0,24.0,2,-66.18547692417633,,0,
175.0,24.0,2,-92.98403946612962,,0,
176.0,24.0,2,-117.84174199565314,-90.691855,1,27.149886995653134
177.0,24.0,2,-142.5610096838791,,0,
178.0,24.0,2,-168.27919892885257,,0,
179.0,24.0,2,-189.76367152051535,,0,
180.0,24.0,2,-202.00750691071153,,0,
181.0,24.0,2,-203.25485505751567,,0,
182.0,24.0,2,-193.79040605784394,,0,
183.0,24.0,2,-174.40054538892582,,0,
184.0,24.0,2,-144.7161788586527,-226.305464,1,-81.58928514134729
185.0,24.0,2,-101.67625310167205,,0,
186.0,24.0,2,-46.234938210225664,,0,
187.0,24.0,2,21.23211756069213,,0,
188.0,24.0,2,99.9309185956372,,0,
189.0,24.0,2,187.9120961779263,,0,
190.0,24.0,2,282.11406962096225,,0,
191.0,24.0,2,377.5413812221959,,0,
192.0,24.0,2,465.7854700507596,626.784468,1,160.99899794924033
193.0,24.0,2,534.8078506834572,,0,
194.0,24.0,2,574.1902591758408,,0,
195.0,24.0,2,586.1910475506447,,0,
196.0,24.0,2,576.8746398834046,,0,
197.0,24.0,2,553.2378880427568,,0,
198.0,24.0,2,523.5572462584823,,0,
199.0,24.0,2,494.5120745266322,,0,
0.0,25.0,0,-289.4339191620238,,0,
1.0,25.0,0,-295.8589935339987,,0,
2.0,25.0,0,-300.56355778872967,,0,
3.0,25.0,0,-303.06802253844216,,0,
4.0,25.0,0,-302.4856625115499,,0,
5.0,25.0,0,-297.67353697819635,,0,
6.0,25.0,0,-287.50212887395173,,0,
7.0,25.0,0,-271.1753738904372,-324.58624,1,-53.41086610956279
8.0,25.0,0,-248.33825506735593,,0,
9.0,25.0,0,-219.34290103940293,,0,
10.0,25.0,0,-185.8028733935207,,0,
11.0,25.0,0,-150.17949589993805,,0,
12.0,25.0,0,-115.65985613455996,,0,
13.0,25.0,0,-86.38688135310076,,0,
14.0,25.0,0,-67.89231796725653,,0,
15.0,25.0,0,-65.78212527558208,29.751246,1,95.53337127558207
16.0,25.0,0,-82.20129523007199,,0,
17.0,25.0,0,-112.81976403528824,,0,
18.0,25.0,0,-154.45638039452024,,0,
19.0,25.0,0,-203.96648467099294,,0,
20.0,25.0,0,-257.7912343349308,,0,
21.0,25.0,0,-312.0954800740583,,0,
22.0,25.0,0,-362.8196872274857,,0,
23.0,25.0,0,-405.5632906819228,-477.075569,1,-71.51227831807716
24.0,25.0,0,-435.3311036559753,,0,
25.0,25.0,0,-448.0470482253004,,0,
26.0,25.0,0,-444.42656353127677,,0,
27.0,25.0,0,-427.6311824750155,,0,
28.0,25.0,0,-401.9015146542806,,0,
29.0,25.0,0,-372.41250182676595,,0,
30.0,25.0,0,-344.34799439040944,,0,
31.0,25.0,0,-322.6144876354374,-126.940464,1,195.67402363543738
32.0,25.0,0,-313.3510179007426,,0,
33.0,25.0,0,-311.510791118606,,0,
34.0,25.0,0,-314.14501673239283,,0,
35.0,25.0,0,-319.4005281315185,,0,
36.0,25.0,0,-325.6405885911081,,0,
37.0,25.0,0,-331.4689417348709,,0,
38.0,25.0,0,-335.9908157399623,,0,
39.0,25.0,0,-338.9871192215942,-314.151231,1,24.83588822159419
40.0,25.0,0,-340.77055621752515,,0,
41.0,25.0,0,-340.36899714393076,,0,
42.0,25.0,0,-337.4894170939224,,0,
43.0,25.0,0,-332.7357098495122,,0,
44.0,25.0,0,-327.2478308849968,,0,
45.0,25.0,0,-322.406603923504,,0,
46.0,25.0,0,-319.56689854932483,,0,
47.0,25.0,0,-320.61521870829165,-133.036066,1,187.57915270829164
48.0,25.0,0,-329.57501694653183,,0,
49.0,25.0,0,-340.67544489505235,,0,
50.0,25.0,0,-351.316691641754,,0,
51.0,25.0,0,-361.46589826000854,,0,
52.0,25.0,0,-372.74336525727995,,0,
53.0,25.0,0,-387.38880730839446,,0,
54.0,25.0,0,-406.50737413566094,,0,
55.0,25.0,0,-428.74285811162554,-477.746118,1,-49.00325988837449
56.0,25.0,0,-450.70603995549027,,0,
57.0,25.0,0,-468.74728647392476,,0,
58.0,25.0,0,-481.6930576201994,,0,
59.0,25.0,0,-489.1895386109827,,0,
60.0,25.0,0,-491.33989059517626,,0,
61.0,25.0,0,-488.6561073892808,,0,
62.0,25.0,0,-481.35977312608156,,0,
63.0,25.0,0,-469.4137191599002,-447.898795,1,21.514924159900204
64.0,25.0,0,-453.4773359440733,,0,
65.0,25.0,0,-433.98460958583746,,0,
66.0,25.0,0,-411.12315611710073,,0,
67.0,25.0,0,-385.3843634315999,,0,
68.0,25.0,0,-357.846608067397,,0,
69.0,25.0,0,-329.84242161086877,,0,
70.0,25.0,0,-302.53865148616023,,0,
71.0,25.0,0,-277.415395907592,-150.466189,1,126.94920690759201
72.0,25.0,0,-257.72942254529335,,0,
73.0,25.0,0,-246.3516517286771,,0,
74.0,25.0,3,-241.09926119173178,,0,
75.0,25.0,3,-239.61804777150974,,0,
76.0,25.0,3,-241.25867880752776,,0,
77.0,25.0,3,-246.15265794582956,,0,
78.0,25.0,3,-253.98325763695175,,0,
79.0,25.0,3,-263.50541861436795,-184.403224,1,79.10219461436796
80.0,25.0,3,-273.8573464274523,,0,
81.0,25.0,3,-280.14067778630124,,0,
82.0,25.0,3,-278.9786999783828,,0,
83.0,25.0,3,-268.0624309252016,,0,
84.0,25.0,3,-245.371296768717,,0,
85.0,25.0,3,-209.48462688579457,,0,
86.0,25.0,3,-161.85491492348956,,0,
87.0,25.0,3,-107.64809331379365,-244.789979,1,-137.14188568620634
88.0,25.0,3,-51.76119095645845,,0,
89.0,25.0,3,-4.978092944948003,,0,
90.0,25.0,3,26.638358053111006,,0,
91.0,25.0,3,41.81424255669117,,0,
92.0,25.0,3,42.52894559991546,,0,
93.0,25.0,3,32.669920563930646,,0,
94.0,25.0,3,17.03622353670653,,0,
95.0,25.0,3,1.27012999355793,-179.204488,1,-180.47461799355793
96.0,25.0,3,-7.266894256696105,,0,
97.0,25.0,3,-11.521430854016216,,0,
98.0,25.0,3,-12.998643350612838,,0,
99.0,25.0,3,-13.093084143591113,,0,
100.0,25.0,3,-13.687586639949586,,0,
101.0,25.0,3,-17.137094267614884,,0,
102.0,25.0,3,-26.754752612905577,,0,
103.0,25.0,3,-48.64421008393401,320.783674,1,369.42788408393403
104.0,25.0,3,-93.2287210210634,,0,
105.0,25.0,3,-150.09419792576227,,0,
106.0,25.0,3,-212.69123377662618,,0,
107.0,25.0,3,-276.29586522409227,,0,
108.0,25.0,3,-336.358952739356,,0,
109.0,25.0,3,-389.086164614273,,0,
110.0,25.0,3,-432.29599883646006,,0,
111.0,25.0,3,-465.45915859396337,-505.14048,1,-39.68132140603666
112.0,25.0,3,-489.15084029806167,,0,
113.0,25.0,3,-505.2831861313316,,0,
114.0,25.0,3,-518.0011014123011,,0,
115.0,25.0,3,-531.275321069581,,0,
116.0,25.0,3,-547.7793502116983,,0,
117.0,25.0,3,-568.758072611643,,0,
118.0,25.0,3,-594.0173716444115,,0,
119.0,25.0,3,-620.5543705559685,-754.847915,1,-134.29354444403145
120.0,25.0,3,-640.0216388082772,,0,
121.0,25.0,3,-650.1746342347469,,0,
122.0,25.0,3,-648.6798702363158,,0,
123.0,25.0,3,-635.5866615278646,,0,
124.0,25.0,3,-612.3321437416307,,0,
125.0,25.0,3,-580.24340420714,,0,
126.0,25.0,3,-540.6493082847446,,0,
127.0,25.0,3,-494.9846811055322,-549.896956,1,-54.91227489446783
128.0,25.0,3,-443.7985768793733,,0,
129.0,25.0,3,-387.265853043471,,0,
130.0,25.0,1,-328.50793759073713,,0,
131.0,25.0,1,-271.43115257751197,,0,
132.0,25.0,1,-218.0473882817896,,0,
133.0,25.0,1,-168.0163202312251,,0,
134.0,25.0,1,-120.68369068030734,,0,
135.0,25.0,1,-77.36088240559911,-38.07467,1,39.286212405599116
136.0,25.0,1,-40.94594484032132,,0,
137.0,25.0,1,-12.42783718771534,,0,
138.0,25.0,1,6.407848333881702,,0,
139.0,25.0,1,13.025651415751781,,0,
140.0,25.0,1,4.685072929423768,,0,
141.0,25.0,1,-20.403542742831632,,0,
142.0,25.0,1,-62.230952469515614,,0,
143.0,25.0,1,-117.83586785709485,-267.173672,1,-149.33780414290516
144.0,25.0,1,-178.40162125061033,,0,
145.0,25.0,1,-235.1985977521108,,0,
146.0,25.0,1,-287.644664983236,,0,
147.0,25.0,1,-336.0271808197722,,0,
148.0,25.0,1,-378.7468246066128,,0,
149.0,25.0,1,-413.1507992921979,,0,
150.0,25.0,1,-435.3910592911998,,0,
151.0,25.0,1,-442.3962776081171,-472.605277,1,-30.208999391882912
152.0,25.0,1,-436.666554931202,,0,
153.0,25.0,1,-420.4043485537404,,0,
154.0,25.0,1,-391.9015746989753,,0,
155.0,25.0,1,-348.82191558764316,,0,
156.0,25.0,1,-290.255985773867,,0,
157.0,25.0,1,-217.15576236334164,,0,
158.0,25.0,1,-132.87323673535138,,0,
159.0,25.0,1,-42.98917892074678,-202.694513,1,-159.70533407925322
160.0,25.0,1,46.89659521577414,,0,
161.0,25.0,1,132.0026296666474,,0,
162.0,25.0,1,207.02630304859485,,0,
163.0,25.0,1,266.5986907023471,,0,
164.0,25.0,2,305.6790405076463,,0,
165.0,25.0,2,319.92671206465457,,0,
166.0,25.0,2,305.0634077625582,,0,
167.0,25.0,2,261.4289372547064,460.349489,1,198.9205517452936
168.0,25.0,2,205.9982507469831,,0,
169.0,25.0,2,156.2520661073504,,0,
170.0,25.0,2,115.83100710215513,,0,
171.0,25.0,2,81.99035620153882,,0,
172.0,25.0,2,50.92316801764537,,0,
173.0,25.0,2,18.944657002575696,,0,
174.0,25.0,2,-15.780006529996172,,0,
175.0,25.0,2,-51.35585373651702,-133.863362,1,-82.50750826348298
176.0,25.0,2,-83.94647272699513,,0,
177.0,25.0,2,-115.06915723741986,,0,
178.0,25.0,2,-144.69692225614563,,0,
179.0,25.0,2,-170.18131429632194,,0,
180.0,25.0,2,-188.44666490342934,,0,
181.0,25.0,2,-197.86132019711658,,0,
182.0,25.0,2,-198.01199748017825,,0,
183.0,25.0,2,-188.82155872310977,-145.006827,1,43.81473172310979
184.0,25.0,2,-170.11464966228232,,0,
185.0,25.0,2,-139.29954411525978,,0,
186.0,25.0,2,-96.19291416625492,,0,
187.0,25.0,2,-41.333064157981426,,0,
188.0,25.0,2,24.4120478060795,,0,
189.0,25.0,2,99.4142716229544,,0,
190.0,25.0,2,181.74556622141972,,0,
191.0,25.0,2,267.8017338246573,204.250803,1,-63.550930824657286
192.0,25.0,2,348.2411103795748,,0,
193.0,25.0,2,412.65240276709665,,0,
194.0,25.0,2,454.21353690396063,,0,
195.0,25.0,2,472.4128588666208,,0,
196.0,25.0,2,470.93553311016876,,0,
197.0,25.0,2,455.7896587616997,,0,
198.0,25.0,2,435.739340740256,,0,
199.0,25.0,2,418.9432763333898,-29.519423,1,-448.4626993333898
0.0,26.0,0,-340.8158866283484,,0,
1.0,26.0,0,-348.05624352768064,,0,
2.0,26.0,0,-352.50342332199216,,0,
3.0,26.0,0,-353.55223817331716,,0,
4.0,26.0,0,-350.31394275277853,,0,
5.0,26.0,0,-341.68094067956554,,0,
6.0,26.0,0,-326.5753026558086,-327.309704,1,-0.734401344191383
7.0,26.0,0,-304.3900788030587,,0,
8.0,26.0,0,-274.99534038314596,,0,
9.0,26.0,0,-238.99367845384404,,0,
10.0,26.0,0,-198.02862101700157,,0,
11.0,26.0,0,-154.66585667803884,,0,
12.0,26.0,0,-112.18624301115051,,0,
13.0,26.0,0,-74.87228558806237,,0,
14.0,26.0,0,-48.99587268778123,114.365107,1,163.36097968778122
15.0,26.0,0,-43.19546054163948,,0,
16.0,26.0,0,-56.03120204107836,,0,
17.0,26.0,0,-84.69019249966368,,0,
18.0,26.0,0,-126.18986208178103,,0,
19.0,26.0,0,-177.27700091945007,,0,
20.0,26.0,0,-234.08161432715133,,0,
21.0,26.0,0,-292.33278708631406,,0,
22.0,26.0,0,-347.5332808867097,-343.832834,1,3.700446886709699
23.0,26.0,0,-394.84664814034477,,0,
24.0,26.0,0,-429.60333047248423,,0,
25.0,26.0,0,-448.5206467851531,,0,
26.0,26.0,0,-451.01537436118815,,0,
27.0,26.0,0,-438.9565352005884,,0,
28.0,26.0,0,-416.261102817487,,0,
29.0,26.0,0,-389.02625168533996,,0,
30.0,26.0,0,-363.9153826808324,-187.799109,1,176.11627368083242
31.0,26.0,0,-345.00842039939016,,0,
32.0,26.0,0,-334.9076408876572,,0,
33.0,26.0,0,-331.54126806533895,,0,
34.0,26.0,0,-332.1418122808682,,0,
35.0,26.0,0,-334.7781782033853,,0,
36.0,26.0,0,-337.77319987211376,,0,
37.0,26.0,0,-339.77625316224294,,0,
38.0,26.0,0,-340.24929622153286,-321.558509,1,18.690787221532844
39.0,26.0,0,-339.5977695144247,,0,
40.0,26.0,0,-338.2056851403322,,0,
41.0,26.0,0,-335.76495774416253,,0,
42.0,26.0,0,-332.10272582934704,,0,
43.0,26.0,0,-327.59150770585984,,0,
44.0,26.0,0,-323.09495589742437,,0,
45.0,26.0,0,-320.13717604405247,,0,
46.0,26.0,0,-320.45624091103673,-213.47975,1,106.97649091103673
47.0,26.0,0,-324.79642283171415,,0,
48.0,26.0,0,-333.48079328029417,,0,
49.0,26.0,0,-343.22811651288066,,0,
50.0,26.0,0,-351.35727542312816,,0,
51.0,26.0,0,-357.6097190640867,,0,
52.0,26.0,0,-363.6446598258335,,0,
53.0,26.0,0,-372.41546312966966,,0,
54.0,26.0,0,-385.9945345883025,-340.835274,1,45.15926058830246
55.0,26.0,0,-402.38243425358087,,0,
56.0,26.0,0,-418.66002612002194,,0,
57.0,26.0,0,-432.7963182164822,,0,
58.0,26.0,0,-444.00801436271286,,0,
59.0,26.0,0,-452.23554345360026,,0,
60.0,26.0,0,-457.60361458943225,,0,
61.0,26.0,0,-460.16758580040187,,0,
62.0,26.0,0,-459.52348194958176,-506.890195,1,-47.36671305041824
63.0,26.0,0,-454.4627850803081,,0,
64.0,26.0,0,-446.13066855899524,,0,
65.0,26.0,0,-434.9429172691889,,0,
66.0,26.0,0,-421.05744085565675,,0,
67.0,26.0,0,-404.8428842788562,,0,
68.0,26.0,0,-387.00278281548526,,0,
69.0,26.0,0,-368.4022806727953,,0,
70.0,26.0,0,-349.78275863896124,-377.298477,1,-27.51571836103875
71.0,26.0,0,-331.7711159985047,,0,
72.0,26.0,0,-316.7901766289724,,0,
73.0,26.0,0,-306.17373732096166,,0,
74.0,26.0,3,-299.29299656348303,,0,
75.0,26.0,3,-295.1385570963612,,0,
76.0,26.0,3,-293.7392963687889,,0,
77.0,26.0,3,-296.2964663960447,,0,
78.0,26.0,3,-303.5407010781346,-255.791175,1,47.74952607813458
79.0,26.0,3,-313.1063436337281,,0,
80.0,26.0,3,-322.1852278971346,,0,
81.0,26.0,3,-327.0250956613745,,0,
82.0,26.0,3,-324.257449666271,,0,
83.0,26.0,3,-311.1073698493419,,0,
84.0,26.0,3,-284.4721337208175,,0,
85.0,26.0,3,-240.67188991687726,,0,
86.0,26.0,3,-179.607449363044,-504.026637,1,-324.419187636956
87.0,26.0,3,-110.89796176063828,,0,
88.0,26.0,3,-44.527115432487335,,0,
89.0,26.0,3,10.109021057985956,,0,
90.0,26.0,3,46.714948046719655,,0,
91.0,26.0,3,63.42734932678286,,0,
92.0,26.0,3,62.4111444746959,,0,
93.0,26.0,3,49.086043823248474,,0,
94.0,26.0,3,30.32090087304823,-205.022598,1,-235.34349887304822
95.0,26.0,3,12.425628315017093,,0,
96.0,26.0,3,0.35305647022323683,,0,
97.0,26.0,3,-6.035285555291921,,0,
98.0,26.0,3,-8.341051891387906,,0,
99.0,26.0,3,-8.284582461928949,,0,
100.0,26.0,3,-8.20224880593014,,0,
101.0,26.0,3,-11.144749270984903,,0,
102.0,26.0,3,-21.28614481992554,135.562641,1,156.84878581992555
103.0,26.0,3,-45.21335382835241,,0,
104.0,26.0,3,-88.0617010381684,,0,
105.0,26.0,3,-144.93376510642702,,0,
106.0,26.0,3,-209.0124713977857,,0,
107.0,26.0,3,-274.65784924762556,,0,
108.0,26.0,3,-336.55606999587326,,0,
109.0,26.0,3,-390.43235961638857,,0,
110.0,26.0,3,-434.18333839360275,-448.782342,1,-14.599003606397275
111.0,26.0,3,-467.47744672663976,,0,
112.0,26.0,3,-490.980818410535,,0,
113.0,26.0,3,-506.51500779477647,,0,
114.0,26.0,3,-517.1638598158024,,0,
115.0,26.0,3,-526.3304599568364,,0,
116.0,26.0,3,-536.774201311142,,0,
117.0,26.0,3,-550.1178884343535,,0,
118.0,26.0,3,-566.780753721483,-479.46352,1,87.31723372148303
119.0,26.0,3,-585.8894282299443,,0,
120.0,26.0,3,-600.7269519339316,,0,
121.0,26.0,3,-608.2714180898329,,0,
122.0,26.0,3,-607.0408505085215,,0,
123.0,26.0,3,-596.4850301779807,,0,
124.0,26.0,3,-577.0095282120747,,0,
125.0,26.0,3,-549.2040299835498,,0,
126.0,26.0,3,-513.8040200077812,-506.557792,1,7.2462280077812125
127.0,26.0,3,-472.561438728997,,0,
128.0,26.0,3,-426.9256151864247,,0,
129.0,26.0,3,-378.2647139217006,,0,
130.0,26.0,1,-328.832855094166,,0,
131.0,26.0,1,-280.8162606175174,,0,
132.0,26.0,1,-234.70633907034062,,0,
133.0,26.0,1,-188.7053223842522,,0,
134.0,26.0,1,-141.2305456835311,-272.801582,1,-131.5710363164689
135.0,26.0,1,-95.4517691571964,,0,
136.0,26.0,1,-54.924959140247665,,0,
137.0,26.0,1,-21.468707177380566,,0,
138.0,26.0,1,2.9581185088609345,,0,
139.0,26.0,1,15.220908099319786,,0,
140.0,26.0,1,11.221981140959542,,0,
141.0,26.0,1,-11.523307097319048,,0,
142.0,26.0,1,-51.63540775323054,77.59303,1,129.22843775323054
143.0,26.0,1,-106.52374718891224,,0,
144.0,26.0,1,-166.19599479821045,,0,
145.0,26.0,1,-223.98443155147834,,0,
146.0,26.0,1,-277.4381507448852,,0,
147.0,26.0,1,-325.6771465726197,,0,
148.0,26.0,1,-367.48673337645596,,0,
149.0,26.0,1,-401.1234166416107,,0,
150.0,26.0,1,-423.4192061764188,-640.837281,1,-217.41807482358115
151.0,26.0,1,-428.63092477584723,,0,
152.0,26.0,1,-422.79402885818854,,0,
153.0,26.0,1,-408.3142563365982,,0,
154.0,26.0,1,-384.42176363040926,,0,
155.0,26.0,1,-348.8463874841109,,0,
156.0,26.0,1,-298.86349578830414,,0,
157.0,26.0,1,-232.28357813623734,,0,
158.0,26.0,1,-150.06537903368007,-228.946269,1,-78.88088996631993
159.0,26.0,1,-58.696440718485974,,0,
160.0,26.0,1,35.50158575177193,,0,
161.0,26.0,1,127.56723502179375,,0,
162.0,26.0,1,212.32198722765315,,0,
163.0,26.0,1,283.75406272301916,,0,
164.0,26.0,2,335.33643212588504,,0,
165.0,26.0,2,361.9960420746356,,0,
166.0,26.0,2,359.96565743815154,905.939149,1,545.9734915618485
167.0,26.0,2,322.15137518860865,,0,
168.0,26.0,2,272.070007137605,,0,
169.0,26.0,2,223.84915168676525,,0,
170.0,26.0,2,181.94072019023588,,0,
171.0,26.0,2,145.50986440153793,,0,
172.0,26.0,2,111.61295218998566,,0,
173.0,26.0,2,75.4867146644392,,0,
174.0,26.0,2,33.37247471779119,178.747652,1,145.3751772822088
175.0,26.0,2,-10.35368958755862,,0,
176.0,26.0,2,-51.18127792060841,,0,
177.0,26.0,2,-88.72348664113088,,0,
178.0,26.0,2,-123.03343491768464,,0,
179.0,26.0,2,-152.90821661159862,,0,
180.0,26.0,2,-176.6332167966757,,0,
181.0,26.0,2,-193.17147247149842,,0,
182.0,26.0,2,-202.21715288655832,-175.068993,1,27.148159886558318
183.0,26.0,2,-203.04781100945547,,0,
184.0,26.0,2,-194.79699778289068,,0,
185.0,26.0,2,-176.01251188165043,,0,
186.0,26.0,2,-145.8626988196047,,0,
187.0,26.0,2,-104.20673172338866,,0,
188.0,26.0,2,-51.54913550824858,,0,
189.0,26.0,2,10.553190781734884,,0,
190.0,26.0,2,80.30220864363946,-106.685388,1,-186.98759664363945
191.0,26.0,2,157.23677036352456,,0,
192.0,26.0,2,230.25218590872828,,0,
193.0,26.0,2,290.9776476122788,,0,
194.0,26.0,2,334.36419260688126,,0,
195.0,26.0,2,358.9119876148179,,0,
196.0,26.0,2,366.099568710546,,0,
197.0,26.0,2,360.0281697798637,,0,
198.0,26.0,2,348.6931548740249,33.06621,1,-315.6269448740249
199.0,26.0,2,344.5169540166389,,0,
0.0,27.0,0,-390.04534967802465,,0,
1.0,27.0,0,-398.13558986084536,,0,
2.0,27.0,0,-402.4678638349287,,0,
3.0,27.0,0,-402.3252434935421,,0,
4.0,27.0,0,-396.81215658131987,,0,
5.0,27.0,0,-384.8668955117464,-395.655544,1,-10.788648488253614
6.0,27.0,0,-365.3189216183964,,0,
7.0,27.0,0,-337.7896593827754,,0,
8.0,27.0,0,-302.2297020237893,,0,
9.0,27.0,0,-259.3510092983488,,0,
10.0,27.0,0,-211.01896120072342,,0,
11.0,27.0,0,-160.22386560030282,,0,
12.0,27.0,0,-110.56752535514534,,0,
13.0,27.0,0,-66.57493998145219,31.446462,1,98.02140198145219
14.0,27.0,0,-35.35062895203009,,0,
15.0,27.0,0,-23.239651827141643,,0,
16.0,27.0,0,-30.848426482640207,,0,
17.0,27.0,0,-56.25893202901352,,0,
18.0,27.0,0,-96.93932303320616,,0,
19.0,27.0,0,-149.4799913391471,,0,
20.0,27.0,0,-209.407326963963,,0,
21.0,27.0,0,-271.7849282710813,-260.585709,1,11.19921927108129
22.0,27.0,0,-331.82003359426744,,0,
23.0,27.0,0,-384.3732514635194,,0,
24.0,27.0,0,-425.0223850302864,,0,
25.0,27.0,0,-450.5755853166338,,0,
26.0,27.0,0,-459.59804591559805,,0,
27.0,27.0,0,-452.7656855697278,,0,
28.0,27.0,0,-433.4466456149239,,0,
29.0,27.0,0,-408.3038462896948,-269.597374,1,138.70647228969477
30.0,27.0,0,-386.57398404949345,,0,
31.0,27.0,0,-369.48147272132337,,0,
32.0,27.0,0,-358.21469803038053,,0,
33.0,27.0,0,-352.1994292201707,,0,
34.0,27.0,0,-349.7433878220618,,0,
35.0,27.0,0,-349.13243669760413,,0,
36.0,27.0,0,-348.58536483231,,0,
37.0,27.0,0,-346.5697169249179,-364.991091,1,-18.4213740750821
38.0,27.0,0,-342.9578774321126,,0,
39.0,27.0,0,-338.9047393531073,,0,
40.0,27.0,0,-334.9319625920616,,0,
41.0,27.0,0,-331.0861605425598,,0,
42.0,27.0,0,-327.3817984679481,,0,
43.0,27.0,0,-324.13655800558627,,0,
44.0,27.0,0,-321.9697405179031,,0,
45.0,27.0,0,-322.05940835821093,-232.93662,1,89.12278835821093
46.0,27.0,0,-326.88353486568667,,0,
47.0,27.0,0,-334.3969015565235,,0,
48.0,27.0,0,-343.09844074281864,,0,
49.0,27.0,0,-350.70023586711613,,0,
50.0,27.0,0,-355.1410736418329,,0,
51.0,27.0,0,-356.07754951668903,,0,
52.0,27.0,0,-355.3220480992459,,0,
53.0,27.0,0,-356.42219394480344,-222.564247,1,133.85794694480344
54.0,27.0,0,-363.45521651557647,,0,
55.0,27.0,0,-372.76912721502595,,0,
56.0,27.0,0,-382.4327033101581,,0,
57.0,27.0,0,-391.6798358540982,,0,
58.0,27.0,0,-400.37232603214215,,0,
59.0,27.0,0,-408.67580430570524,,0,
60.0,27.0,0,-416.6275419082958,,0,
61.0,27.0,0,-423.7912825824751,-510.326999,1,-86.5357164175249
62.0,27.0,0,-429.24234687315766,,0,
63.0,27.0,0,-432.0774694965221,,0,
64.0,27.0,0,-432.4438613776583,,0,
65.0,27.0,0,-430.5560175316059,,0,
66.0,27.0,0,-426.47532403230434,,0,
67.0,27.0,0,-420.4196881959215,,0,
68.0,27.0,0,-412.84612666012254,,0,
69.0,27.0,0,-404.2556889525731,-466.521131,1,-62.265442047426916
70.0,27.0,0,-394.8421730059199,,0,
71.0,27.0,0,-384.8776473328471,,0,
72.0,27.0,0,-375.28239718964323,,0,
73.0,27.0,0,-366.6675173165859,,0,
74.0,27.0,3,-359.02109679672867,,0,
75.0,27.0,3,-352.41558541182894,,0,
76.0,27.0,3,-347.80595793633256,,0,
77.0,27.0,3,-347.26344520039856,-210.981507,1,136.28193820039857
78.0,27.0,3,-353.35042794805486,,0,
79.0,27.0,3,-360.9634432204766,,0,
80.0,27.0,3,-366.54651336505776,,0,
81.0,27.0,3,-366.9235629955656,,0,
82.0,27.0,3,-359.1045146868273,,0,
83.0,27.0,3,-340.3339396036463,,0,
84.0,27.0,3,-306.7796336169122,,0,
85.0,27.0,3,-253.22821631655097,-637.179516,1,-383.95129968344907
86.0,27.0,3,-176.29637823061785,,0,
87.0,27.0,3,-94.08405118156224,,0,
88.0,27.0,3,-18.443573146534618,,0,
89.0,27.0,3,42.04390472819796,,0,
90.0,27.0,3,81.30390717007685,,0,
91.0,27.0,3,97.02280661731493,,0,
92.0,27.0,3,91.76975770294666,,0,
93.0,27.0,3,72.81778889254201,13.779019,1,-59.038769892542014
94.0,27.0,3,49.61304586601909,,0,
95.0,27.0,3,27.645540977828205,,0,
96.0,27.0,3,10.937631533801323,,0,
97.0,27.0,3,0.6612088931433391,,0,
98.0,27.0,3,-4.125375588337192,,0,
99.0,27.0,3,-5.434326497139409,,0,
100.0,27.0,3,-6.258470013039187,,0,
101.0,27.0,3,-10.580340084969066,-31.393574,1,-20.813233915030935
102.0,27.0,3,-22.857290542771807,,0,
103.0,27.0,3,-48.636796078586485,,0,
104.0,27.0,3,-90.67351146126748,,0,
105.0,27.0,3,-146.6320701065415,,0,
106.0,27.0,3,-211.25151014095172,,0,
107.0,27.0,3,-278.55910571449203,,0,
108.0,27.0,3,-342.08608467243175,,0,
109.0,27.0,3,-396.21046129986644,-402.086822,1,-5.876360700133546
110.0,27.0,3,-439.26843218842987,,0,
111.0,27.0,3,-471.32416641153395,,0,
112.0,27.0,3,-492.85332430375274,,0,
113.0,27.0,3,-505.32836842435063,,0,
114.0,27.0,3,-511.3483142743353,,0,
115.0,27.0,3,-514.1351667580311,,0,
116.0,27.0,3,-516.7644091461407,,0,
117.0,27.0,3,-521.5473166396259,-362.211376,1,159.33594063962596
118.0,27.0,3,-529.6954630645341,,0,
119.0,27.0,3,-540.4587537487969,,0,
120.0,27.0,3,-550.1926394161419,,0,
121.0,27.0,3,-555.6691858592094,,0,
122.0,27.0,3,-554.8535222262144,,0,
123.0,27.0,3,-546.5588284046971,,0,
124.0,27.0,3,-530.5177761910018,,0,
125.0,27.0,3,-506.93101061941707,-561.825007,1,-54.89399638058296
126.0,27.0,3,-475.58718817855697,,0,
127.0,27.0,3,-439.17125390138244,,0,
128.0,27.0,3,-399.6220534783788,,0,
129.0,27.0,3,-358.7355400107044,,0,
130.0,27.0,1,-318.46149964196957,,0,
131.0,27.0,1,-280.0229531581281,,0,
132.0,27.0,1,-242.61197226168588,,0,
133.0,27.0,1,-203.1179914844979,-389.695417,1,-186.5774255155021
134.0,27.0,1,-157.3917886330164,,0,
135.0,27.0,1,-111.68651841499377,,0,
136.0,27.0,1,-69.51837016222998,,0,
137.0,27.0,1,-32.809137277363334,,0,
138.0,27.0,1,-3.553677896328736,,0,
139.0,27.0,1,14.89782666170504,,0,
140.0,27.0,1,16.337360359728336,,0,
141.0,27.0,1,-4.74356028623879,476.565281,1,481.3088412862388
142.0,27.0,1,-43.98837480565999,,0,
143.0,27.0,1,-95.2074392006034,,0,
144.0,27.0,1,-151.33761761407368,,0,
145.0,27.0,1,-206.82152069720905,,0,
146.0,27.0,1,-258.5557654259901,,0,
147.0,27.0,1,-304.5174514116952,,0,
148.0,27.0,1,-342.9626165757072,,0,
149.0,27.0,1,-372.3920114848879,-689.787718,1,-317.3957065151121
150.0,27.0,1,-390.48361470457166,,0,
151.0,27.0,1,-395.43358666519634,,0,
152.0,27.0,1,-390.45519808802055,,0,
153.0,27.0,1,-378.40175856038695,,0,
154.0,27.0,1,-359.3950185594149,,0,
155.0,27.0,1,-331.3429226576118,,0,
156.0,27.0,1,-289.91187201079447,,0,
157.0,27.0,1,-230.06419359258143,-419.125855,1,-189.06166140741857
158.0,27.0,1,-150.29083252535202,,0,
159.0,27.0,1,-60.03235887165647,,0,
160.0,27.0,1,34.98308165092021,,0,
161.0,27.0,1,130.51232644513948,,0,
162.0,27.0,1,221.62912099203095,,0,
163.0,27.0,1,301.6652312705992,,0,
164.0,27.0,2,361.40776269929484,,0,
165.0,27.0,2,392.2393092686543,871.917634,1,479.6783247313457
166.0,27.0,2,392.78267384239007,,0,
167.0,27.0,2,365.3267541314708,,0,
168.0,27.0,2,323.59903288888745,,0,
169.0,27.0,2,279.5753854700597,,0,
170.0,27.0,2,237.97532575624064,,0,
171.0,27.0,2,199.2451328758616,,0,
172.0,27.0,2,162.08436700166203,,0,
173.0,27.0,2,122.75890975852963,445.993626,1,323.2347162414704
174.0,27.0,2,73.30123652145267,,0,
175.0,27.0,2,23.012372640427202,,0,
176.0,27.0,2,-23.78632489836309,,0,
177.0,27.0,2,-66.36679747549351,,0,
178.0,27.0,2,-104.92444464145228,,0,
179.0,27.0,2,-139.10725311981514,,0,
180.0,27.0,2,-167.87668984686024,,0,
181.0,27.0,2,-190.47561834659427,-143.984193,1,46.49142534659427
182.0,27.0,2,-207.3152754334733,,0,
183.0,27.0,2,-216.8549842943903,,0,
184.0,27.0,2,-218.20989320101216,,0,
185.0,27.0,2,-210.4658142986009,,0,
186.0,27.0,2,-192.5628507968504,,0,
187.0,27.0,2,-163.40122546372004,,0,
188.0,27.0,2,-122.43372430303134,,0,
189.0,27.0,2,-70.66196143330308,-125.747662,1,-55.08570056669693
190.0,27.0,2,-10.209662100998685,,0,
191.0,27.0,2,56.03086404828355,,0,
192.0,27.0,2,121.02875793166459,,0,
193.0,27.0,2,178.11501035297988,,0,
194.0,27.0,2,223.12454948795494,,0,
195.0,27.0,2,254.10698058013804,,0,
196.0,27.0,2,270.89847102353815,,0,
197.0,27.0,2,275.89850314334035,116.394018,1,-159.50448514334033
198.0,27.0,2,276.4387383903377,,0,
199.0,27.0,2,279.7886914217379,,0,
0.0,28.0,0,-436.08946863375604,,0,
1.0,28.0,0,-445.08925006887875,,0,
2.0,28.0,0,-449.44701304030605,,0,
3.0,28.0,0,-448.3382757701911,,0,
4.0,28.0,0,-440.8334443094209,-440.617674,1,0.2157703094208614
5.0,28.0,0,-425.91290138912154,,0,
6.0,28.0,0,-402.6148535301909,,0,
7.0,28.0,0,-370.3994242968038,,0,
8.0,28.0,0,-329.12948017288,,0,
9.0,28.0,0,-279.4411614105338,,0,
10.0,28.0,0,-223.43224244820885,,0,
11.0,28.0,0,-164.86338854581118,,0,
12.0,28.0,0,-108.22099734889343,-178.493893,1,-70.27289565110658
13.0,28.0,0,-57.5794747392647,,0,
14.0,28.0,0,-20.637237486895174,,0,
15.0,28.0,0,-2.5436613862402737,,0,
16.0,28.0,0,-4.860396882053465,,0,
17.0,28.0,0,-26.82237015082501,,0,
18.0,28.0,0,-66.6623596213758,,0,
19.0,28.0,0,-121.11224909313023,,0,
20.0,28.0,0,-184.74964297027327,-255.001717,1,-70.25207402972674
21.0,28.0,0,-251.7762533443747,,0,
22.0,28.0,0,-316.84237060695887,,0,
23.0,28.0,0,-374.9357961625792,,0,
24.0,28.0,0,-421.79353188932873,,0,
25.0,28.0,0,-454.1701352816308,,0,
26.0,28.0,0,-469.93900545092765,,0,
27.0,28.0,0,-468.6138026942499,,0,
28.0,28.0,0,-453.0819309174549,-400.715639,1,52.36629191745487
29.0,28.0,0,-431.09847202838864,,0,
30.0,28.0,0,-410.1739502802957,,0,
31.0,28.0,0,-392.9364810795523,,0,
32.0,28.0,0,-379.9946066865232,,0,
33.0,28.0,0,-371.0194128600415,,0,
34.0,28.0,0,-364.94016997504514,,0,
35.0,28.0,0,-360.47621983336285,,0,
36.0,28.0,0,-356.0807919339277,-414.772394,1,-58.691602066072335
37.0,28.0,0,-349.6023641305801,,0,
38.0,28.0,0,-342.3549704591278,,0,
39.0,28.0,0,-335.4841116440948,,0,
40.0,28.0,0,-329.6961279336829,,0,
41.0,28.0,0,-325.30130978650413,,0,
42.0,28.0,0,-322.46240152511746,,0,
43.0,28.0,0,-321.61137788463384,,0,
44.0,28.0,0,-323.47784396866336,-234.535526,1,88.94231796866336
45.0,28.0,0,-328.55546906846575,,0,
46.0,28.0,0,-337.0452133005019,,0,
47.0,28.0,0,-347.063465480227,,0,
48.0,28.0,0,-356.1997206406668,,0,
49.0,28.0,0,-362.13782378670294,,0,
50.0,28.0,0,-363.0170423781965,,0,
51.0,28.0,0,-358.56349902483635,,0,
52.0,28.0,0,-351.13295694068074,-300.0129,1,51.12005694068074
53.0,28.0,0,-345.46771244550473,,0,
54.0,28.0,0,-343.24565962527413,,0,
55.0,28.0,0,-343.4233712623827,,0,
56.0,28.0,0,-345.0698501410661,,0,
57.0,28.0,0,-348.27592323406134,,0,
58.0,28.0,0,-353.4498243299895,,0,
59.0,28.0,0,-360.9508855678141,,0,
60.0,28.0,0,-370.8027556774905,-455.910095,1,-85.10733932250952
61.0,28.0,0,-382.00114777928684,,0,
62.0,28.0,0,-393.3564473843435,,0,
63.0,28.0,0,-403.9759410553379,,0,
64.0,28.0,0,-413.36800078186207,,0,
65.0,28.0,0,-421.20291849935893,,0,
66.0,28.0,0,-427.26295201998437,,0,
67.0,28.0,0,-431.5954654570669,,0,
68.0,28.0,0,-434.4609226715984,-426.439242,1,8.021680671598403
69.0,28.0,0,-436.15101097785373,,0,
70.0,28.0,0,-436.33359373244457,,0,
71.0,28.0,0,-434.6985869073542,,0,
72.0,28.0,0,-431.0784086229978,,0,
73.0,28.0,3,-425.39808536774945,,0,
74.0,28.0,3,-417.9246889525093,,0,
75.0,28.0,3,-409.6665038643405,,0,
76.0,28.0,3,-402.6295493595535,-350.724626,1,51.90492335955349
77.0,28.0,3,-400.11423795094015,,0,
78.0,28.0,3,-401.8408786994405,,0,
79.0,28.0,3,-404.334153810516,,0,
80.0,28.0,3,-403.65093956084456,,0,
81.0,28.0,3,-396.36188577095163,,0,
82.0,28.0,3,-379.3212613596115,,0,
83.0,28.0,3,-349.81805913185235,,0,
84.0,28.0,3,-304.1956286217901,-566.630295,1,-262.43466637820995
85.0,28.0,3,-234.28363511046336,,0,
86.0,28.0,3,-147.3910081316135,,0,
87.0,28.0,3,-56.984520602738485,,0,
88.0,28.0,3,24.579766685608774,,0,
89.0,28.0,3,88.30750086298212,,0,
90.0,28.0,3,127.71769279090222,,0,
91.0,28.0,3,139.7052112761885,,0,
92.0,28.0,3,127.29604198475135,270.343507,1,143.04746501524863
93.0,28.0,3,100.91086574626388,,0,
94.0,28.0,3,70.72983233549166,,0,
95.0,28.0,3,42.9341302686953,,0,
96.0,28.0,3,21.147548741893843,,0,
97.0,28.0,3,6.838685865805019,,0,
98.0,28.0,3,-0.6690785426762886,,0,
99.0,28.0,3,-3.612105259206146,,0,
100.0,28.0,3,-5.377789627760649,-47.916253,1,-42.53846337223935
101.0,28.0,3,-10.927856017806334,,0,
102.0,28.0,3,-25.20374470902607,,0,
103.0,28.0,3,-52.450778119207826,,0,
104.0,28.0,3,-94.66037332532869,,0,
105.0,28.0,3,-150.46041156022693,,0,
106.0,28.0,3,-215.65231230961217,,0,
107.0,28.0,3,-284.38523045612965,,0,
108.0,28.0,3,-349.6505537797275,-478.002442,1,-128.35188822027249
109.0,28.0,3,-403.3659317685815,,0,
110.0,28.0,3,-445.4677778588375,,0,
111.0,28.0,3,-475.6178814980667,,0,
112.0,28.0,3,-493.8518744641915,,0,
113.0,28.0,3,-501.29570679261815,,0,
114.0,28.0,3,-500.42500760767143,,0,
115.0,28.0,3,-494.76934365113266,,0,
116.0,28.0,3,-488.0523913768702,-409.95332,1,78.0990713768702
117.0,28.0,3,-483.4803508091136,,0,
118.0,28.0,3,-482.87692093855003,,0,
119.0,28.0,3,-486.0638118830393,,0,
120.0,28.0,3,-490.9129790351435,,0,
121.0,28.0,3,-494.5586296338588,,0,
122.0,28.0,3,-494.29668439447414,,0,
123.0,28.0,3,-488.008214031579,,0,
124.0,28.0,3,-474.6968830769474,-495.861006,1,-21.16412292305256
125.0,28.0,3,-454.5482908174745,,0,
126.0,28.0,3,-428.163441488985,,0,
127.0,28.0,3,-397.38867795909755,,0,
128.0,28.0,3,-364.28213732439326,,0,
129.0,28.0,3,-330.85468575853156,,0,
130.0,28.0,1,-299.1263504921226,,0,
131.0,28.0,1,-269.8943192003062,,0,
132.0,28.0,1,-240.95445047237445,-311.869102,1,-70.91465152762555
133.0,28.0,1,-207.14371156305424,,0,
134.0,28.0,1,-167.809169748798,,0,
135.0,28.0,1,-126.32348024676321,,0,
136.0,28.0,1,-86.1052657290711,,0,
137.0,28.0,1,-49.32534331869101,,0,
138.0,28.0,1,-18.026983606192516,,0,
139.0,28.0,1,4.64184125023894,,0,
140.0,28.0,1,12.105069887533318,430.52681,1,418.4217401124667
141.0,28.0,1,-7.625920310558286,,0,
142.0,28.0,1,-43.50311361590866,,0,
143.0,28.0,1,-88.80676789669087,,0,
144.0,28.0,1,-138.52074239647482,,0,
145.0,28.0,1,-188.41904969862662,,0,
146.0,28.0,1,-235.43002858723048,,0,
147.0,28.0,1,-276.6374901562813,,0,
148.0,28.0,1,-309.08147609012667,-461.053166,1,-151.9716899098733
149.0,28.0,1,-331.83238695707405,,0,
150.0,28.0,1,-344.3228164818138,,0,
151.0,28.0,1,-346.79298439394915,,0,
152.0,28.0,1,-341.52703649224713,,0,
153.0,28.0,1,-330.9835942402715,,0,
154.0,28.0,1,-315.6529523174977,,0,
155.0,28.0,1,-293.43979057646357,,0,
156.0,28.0,1,-259.12208149489015,-490.380786,1,-231.25870450510985
157.0,28.0,1,-203.4394728836487,,0,
158.0,28.0,1,-130.46363133448176,,0,
159.0,28.0,1,-46.03921620128676,,0,
160.0,28.0,1,45.28029962407891,,0,
161.0,28.0,1,139.96838703821413,,0,
162.0,28.0,1,233.16780832014047,,0,
163.0,28.0,1,317.34091558575165,,0,
164.0,28.0,2,381.6032229794655,737.439177,1,355.8359540205345
165.0,28.0,2,411.31375585106434,,0,
166.0,28.0,2,412.8703638322186,,0,
167.0,28.0,2,392.31550195708405,,0,
168.0,28.0,2,358.6262096873252,,0,
169.0,28.0,2,319.98658988578245,,0,
170.0,28.0,2,279.74089743895456,,0,
171.0,28.0,2,238.10109104262665,,0,
172.0,28.0,2,195.0163353488315,915.749845,1,720.7335096511686
173.0,28.0,2,148.6343179846299,,0,
174.0,28.0,2,96.80432524322532,,0,
175.0,28.0,2,44.10577222786378,,0,
176.0,28.0,2,-5.340826763305813,,0,
177.0,28.0,2,-50.52144870441407,,0,
178.0,28.0,2,-91.92908516095486,,0,
179.0,28.0,2,-129.81563254073262,,0,
180.0,28.0,2,-163.20415677898563,-113.090516,1,50.11364077898564
181.0,28.0,2,-191.15666790958494,,0,
182.0,28.0,2,-213.4344934085384,,0,
183.0,28.0,2,-229.39984906918835,,0,
184.0,28.0,2,-238.50978755601682,,0,
185.0,28.0,2,-240.14077991596423,,0,
186.0,28.0,2,-233.06613282545004,,0,
187.0,28.0,2,-215.0291684260592,,0,
188.0,28.0,2,-183.86332071037032,-228.000316,1,-44.13699528962968
189.0,28.0,2,-140.42141081672162,,0,
190.0,28.0,2,-88.5052764947759,,0,
191.0,28.0,2,-31.59929964202456,,0,
192.0,28.0,2,25.777161982492544,,0,
193.0,28.0,2,79.21163181948941,,0,
194.0,28.0,2,125.50545641058125,,0,
195.0,28.0,2,162.5035912389867,,0,
196.0,28.0,2,188.84453965979628,269.694491,1,80.84995134020375
197.0,28.0,2,204.27234959969064,,0,
198.0,28.0,2,214.86707783839665,,0,
199.0,28.0,2,225.10829262365587,,0,
0.0,29.0,0,-477.9535091817379,,0,
1.0,29.0,0,-487.9323152026627,,0,
2.0,29.0,0,-492.4441575037781,,0,
3.0,29.0,0,-490.5596249392256,-369.321563,1,121.23806193922559
4.0,29.0,0,-481.32568981451914,,0,
5.0,29.0,0,-463.80915290047415,,0,
6.0,29.0,0,-437.18582625919953,,0,
7.0,29.0,0,-400.8293134951964,,0,
8.0,29.0,0,-354.3235952220857,,0,
9.0,29.0,0,-297.8303890742827,,0,
10.0,29.0,0,-233.40281577128917,,0,
11.0,29.0,0,-165.81292872689664,-355.887907,1,-190.07497827310334
12.0,29.0,0,-100.76328737288713,,0,
13.0,29.0,0,-43.90141998312902,,0,
14.0,29.0,0,-1.6350567662157118,,0,
15.0,29.0,0,21.289228921290487,,0,
16.0,29.0,0,23.006395834498107,,0,
17.0,29.0,0,3.7824679776094854,,0,
18.0,29.0,0,-35.59421821543947,,0,
19.0,29.0,0,-92.96110060391948,-111.101095,1,-18.139994396080525
20.0,29.0,0,-160.95644175843336,,0,
21.0,29.0,0,-232.79095899616368,,0,
22.0,29.0,0,-302.8085876076948,,0,
23.0,29.0,0,-366.10336561780423,,0,
24.0,29.0,0,-418.6032016633544,,0,
25.0,29.0,0,-457.1595155632822,,0,
26.0,29.0,0,-479.046196724521,,0,
27.0,29.0,0,-482.5774774707388,-595.744075,1,-113.16659752926114
28.0,29.0,0,-469.92625332600437,,0,
29.0,29.0,0,-450.4320242010581,,0,
30.0,29.0,0,-430.29932187707163,,0,
31.0,29.0,0,-412.44170529884286,,0,
32.0,29.0,0,-397.70346738863736,,0,
33.0,29.0,0,-385.7874707117444,,0,
34.0,29.0,0,-375.82725152291823,,0,
35.0,29.0,0,-366.85778542398475,-517.340681,1,-150.48289557601527
36.0,29.0,0,-357.7212290810421,,0,
37.0,29.0,0,-347.55128228338435,,0,
38.0,29.0,0,-337.2139703297289,,0,
39.0,29.0,0,-328.0453242226504,,0,
40.0,29.0,0,-321.0655244051013,,0,
41.0,29.0,0,-316.8905111690983,,0,
42.0,29.0,0,-315.76785342535004,,0,
43.0,29.0,0,-318.0186154029798,-283.553981,1,34.464634402979755
44.0,29.0,0,-324.71911523048766,,0,
45.0,29.0,0,-334.95734048396116,,0,
46.0,29.0,0,-347.49712833215017,,0,
47.0,29.0,0,-360.1490649417974,,0,
48.0,29.0,0,-370.22338408371434,,0,
49.0,29.0,0,-375.31803216564003,,0,
50.0,29.0,0,-373.50933032506146,,0,
51.0,29.0,0,-364.29504782985896,-438.586661,1,-74.29161317014103
52.0,29.0,0,-350.9840125031769,,0,
53.0,29.0,0,-337.54224292217987,,0,
54.0,29.0,0,-325.72726630134275,,0,
55.0,29.0,0,-315.89836192294024,,0,
56.0,29.0,0,-308.536657033721,,0,
57.0,29.0,0,-304.8223164039082,,0,
58.0,29.0,0,-305.8146845785668,,0,
59.0,29.0,0,-311.7269842022797,-273.72749,1,37.99949420227972
60.0,29.0,0,-322.7774456019979,,0,
61.0,29.0,0,-337.2293126718869,,0,
62.0,29.0,0,-353.8676752797328,,0,
63.0,29.0,0,-371.715537412907,,0,
64.0,29.0,0,-389.8296885913005,,0,
65.0,29.0,0,-407.24013128556544,,0,
66.0,29.0,0,-423.2457889660145,,0,
67.0,29.0,0,-437.77440586686134,-430.5804,1,7.194005866861346
68.0,29.0,0,-450.9940808331594,,0,
69.0,29.0,0,-462.8109970492369,,0,
70.0,29.0,0,-472.6043757763691,,0,
71.0,29.0,0,-479.4225643319078,,0,
72.0,29.0,0,-482.15021741960663,,0,
73.0,29.0,3,-479.905041588936,,0,
74.0,29.0,3,-473.0299959346303,,0,
75.0,29.0,3,-463.65455269324593,-486.705623,1,-23.05107030675407
76.0,29.0,3,-454.7481037945254,,0,
77.0,29.0,3,-448.61148325860995,,0,
78.0,29.0,3,-444.72375478426693,,0,
79.0,29.0,3,-440.12458631931804,,0,
80.0,29.0,3,-430.8876591725275,,0,
81.0,29.0,3,-413.2120308035228,,0,
82.0,29.0,3,-383.3524614420312,,0,
83.0,29.0,3,-337.83242945885286,-445.489821,1,-107.65739154114715
84.0,29.0,3,-274.69992842694046,,0,
85.0,29.0,3,-192.80878284860228,,0,
86.0,29.0,3,-98.8813807318802,,0,
87.0,29.0,3,-4.423254877678119,,0,
88.0,29.0,3,79.04372103809146,,0,
89.0,29.0,3,142.4250572421588,,0,
90.0,29.0,3,178.6912801831495,,0,
91.0,29.0,3,183.6501771978801,374.473564,1,190.8233868021199
92.0,29.0,3,161.03550632717088,,0,
93.0,29.0,3,126.15034337231191,,0,
94.0,29.0,3,88.97531040449394,,0,
95.0,29.0,3,55.473365762853064,,0,
96.0,29.0,3,29.162183262582403,,0,
97.0,29.0,3,11.768215834075818,,0,
98.0,29.0,3,2.7223868209694047,,0,
99.0,29.0,3,-1.0580857795430347,-60.150653,1,-59.092567220456964
100.0,29.0,3,-3.0618404895358253,,0,
101.0,29.0,3,-9.56374856189359,,0,
102.0,29.0,3,-25.359318870177958,,0,
103.0,29.0,3,-53.89358208933845,,0,
104.0,29.0,3,-96.83714479234186,,0,
105.0,29.0,3,-153.30006411168142,,0,
106.0,29.0,3,-219.45133467693813,,0,
107.0,29.0,3,-289.03016901458614,-485.064234,1,-196.03406498541386
108.0,29.0,3,-354.53302828161395,,0,
109.0,29.0,3,-409.3836761880375,,0,
110.0,29.0,3,-451.19351346598705,,0,
111.0,29.0,3,-479.1646625579451,,0,
112.0,29.0,3,-493.11512619862333,,0,
113.0,29.0,3,-493.8944111011806,,0,
114.0,29.0,3,-484.0439481224166,,0,
115.0,29.0,3,-468.05486681568436,-480.542882,1,-12.488015184315657
116.0,29.0,3,-450.6394638620841,,0,
117.0,29.0,3,-436.0629039480991,,0,
118.0,29.0,3,-426.7937901391124,,0,
119.0,29.0,3,-423.3002905487665,,0,
120.0,29.0,3,-424.1563704466389,,0,
121.0,29.0,3,-426.6335417008959,,0,
122.0,29.0,3,-427.3368637871463,,0,
123.0,29.0,3,-423.1171715797391,-455.472682,1,-32.35551042026094
124.0,29.0,3,-412.4320661427919,,0,
125.0,29.0,3,-396.1551319723367,,0,
126.0,29.0,3,-375.08673813950736,,0,
127.0,29.0,3,-350.5456492762314,,0,
128.0,29.0,3,-324.240621599165,,0,
129.0,29.0,3,-298.0166570820729,,0,
130.0,29.0,1,-274.15811022158596,,0,
131.0,29.0,1,-253.8394933618256,-267.172542,1,-13.333048638174432
132.0,29.0,1,-233.08536666526925,,0,
133.0,29.0,1,-207.4523874472361,,0,
134.0,29.0,1,-176.2945607099682,,0,
135.0,29.0,1,-141.76885756925913,,0,
136.0,29.0,1,-106.69854610267794,,0,
137.0,29.0,1,-73.35212117416086,,0,
138.0,29.0,1,-43.90419841464609,,0,
139.0,29.0,1,-22.004102012724616,-96.341187,1,-74.33708498727539
140.0,29.0,1,-14.252159850380849,,0,
141.0,29.0,1,-26.378887255035806,,0,
142.0,29.0,1,-53.68845068721566,,0,
143.0,29.0,1,-89.92372521123616,,0,
144.0,29.0,1,-130.57660106441472,,0,
145.0,29.0,1,-171.97401272601564,,0,
146.0,29.0,1,-211.3610837883607,,0,
147.0,29.0,1,-245.8745817054296,-340.72922,1,-94.8546382945704
148.0,29.0,1,-270.3749789231806,,0,
149.0,29.0,1,-285.272639983159,,0,
150.0,29.0,1,-290.9261328027351,,0,
151.0,29.0,1,-288.46120441606035,,0,
152.0,29.0,1,-280.3054042283911,,0,
153.0,29.0,1,-269.0359324569581,,0,
154.0,29.0,1,-255.10902279103175,,0,
155.0,29.0,1,-235.43611708236858,-436.973531,1,-201.5374139176314
156.0,29.0,1,-204.11251676362008,,0,
157.0,29.0,1,-155.8190939220949,,0,
158.0,29.0,1,-92.09818509174511,,0,
159.0,29.0,1,-16.899967607227154,,0,
160.0,29.0,1,66.81585347454529,,0,
161.0,29.0,1,156.78688453545328,,0,
162.0,29.0,1,248.20651398890186,,0,
163.0,29.0,2,331.0552055472508,327.993982,1,-3.0612235472507905
164.0,29.0,2,392.5000035953708,,0,
165.0,29.0,2,423.2077604725491,,0,
166.0,29.0,2,426.09754306077957,,0,
167.0,29.0,2,408.8851818300318,,0,
168.0,29.0,2,380.0611801132327,,0,
169.0,29.0,2,346.0219083830016,,0,
170.0,29.0,2,307.4552942807786,,0,
171.0,29.0,2,262.0030957806157,932.182334,1,670.1792382193843
172.0,29.0,2,212.1389492113376,,0,
173.0,29.0,2,159.7596111720777,,0,
174.0,29.0,2,105.75552641227841,,0,
175.0,29.0,2,52.65504749328829,,0,
176.0,29.0,2,2.970962416147813,,0,
177.0,29.0,2,-42.522120695794,,0,
178.0,29.0,2,-84.9594442108646,,0,
179.0,29.0,2,-125.65072747296654,-8.201907,1,117.44882047296653
180.0,29.0,2,-162.5791160715744,,0,
181.0,29.0,2,-193.99206992023392,,0,
182.0,29.0,2,-219.5317176093813,,0,
183.0,29.0,2,-239.3373521020403,,0,
184.0,29.0,2,-253.64203106600326,,0,
185.0,29.0,2,-262.1813702553627,,0,
186.0,29.0,2,-263.56266839406453,,0,
187.0,29.0,2,-254.8026168225333,-395.746352,1,-140.9437351774667
188.0,29.0,2,-231.02377854846418,,0,
189.0,29.0,2,-195.59258555452107,,0,
190.0,29.0,2,-151.80738917714916,,0,
191.0,29.0,2,-102.8938785274513,,0,
192.0,29.0,2,-52.11987045803107,,0,
193.0,29.0,2,-2.1458503843750805,,0,
194.0,29.0,2,44.98448453459423,,0,
195.0,29.0,2,86.74781212490052,270.145814,1,183.39800187509945
196.0,29.0,2,120.16101879952475,,0,
197.0,29.0,2,144.6306014606962,,0,
198.0,29.0,2,163.37117663398385,,0,
199.0,29.0,2,179.7035404285416,,0,
0.0,30.0,0,-514.6517779724672,,0,
1.0,30.0,0,-525.6784060709178,,0,
2.0,30.0,0,-530.4478997383267,-342.909769,1,187.53813073832669
3.0,30.0,0,-527.9140323624015,,0,
4.0,30.0,0,-517.0982115161605,,0,
5.0,30.0,0,-497.13996114983456,,0,
6.0,30.0,0,-467.33318316331133,,0,
7.0,30.0,0,-427.09242802252993,,0,
8.0,30.0,0,-375.79037048947066,,0,
9.0,30.0,0,-312.67762247426435,,0,
10.0,30.0,0,-238.99727431149222,-491.170975,1,-252.17370068850778
11.0,30.0,0,-161.5996984844096,,0,
12.0,30.0,0,-87.9765106793493,,0,
13.0,30.0,0,-24.646112650167197,,0,
14.0,30.0,0,22.382418477209285,,0,
15.0,30.0,0,48.62585218856111,,0,
16.0,30.0,0,52.219285445287824,,0,
17.0,30.0,0,33.71406717109494,,0,
18.0,30.0,0,-5.861731544602662,185.82603,1,191.68776154460267
19.0,30.0,0,-66.94251497508958,,0,
20.0,30.0,0,-139.23708229348995,,0,
21.0,30.0,0,-215.32266889576567,,0,
22.0,30.0,0,-289.50086258212104,,0,
23.0,30.0,0,-356.87116792378947,,0,
24.0,30.0,0,-413.32740582851693,,0,
25.0,30.0,0,-455.83121177973226,,0,
26.0,30.0,0,-481.82081752992235,-653.214176,1,-171.3933584700776
27.0,30.0,0,-487.25588941015303,,0,
28.0,30.0,0,-478.3207787896972,,0,
29.0,30.0,0,-461.90710767230485,,0,
30.0,30.0,0,-443.27927253441885,,0,
31.0,30.0,0,-425.38009343785234,,0,
32.0,30.0,0,-409.34133674250916,,0,
33.0,30.0,0,-394.93283683340997,,0,
34.0,30.0,0,-381.264421002008,-502.971284,1,-121.706862997992
35.0,30.0,0,-367.85098187602125,,0,
36.0,30.0,0,-354.2312120620627,,0,
37.0,30.0,0,-340.29303129244363,,0,
38.0,30.0,0,-326.89066544466186,,0,
39.0,30.0,0,-315.4907555342652,,0,
40.0,30.0,0,-307.50154746789485,,0,
41.0,30.0,0,-303.8924583113985,,0,
42.0,30.0,0,-305.10034975403687,-323.229335,1,-18.128985245963122
43.0,30.0,0,-311.1031491034664,,0,
44.0,30.0,0,-322.3253698833287,,0,
45.0,30.0,0,-337.52664690325037,,0,
46.0,30.0,0,-354.4729028851725,,0,
47.0,30.0,0,-370.289941750234,,0,
48.0,30.0,0,-381.7579618829768,,0,
49.0,30.0,0,-386.36153084994294,,0,
50.0,30.0,0,-382.7752943292726,-495.163356,1,-112.38806167072744
51.0,30.0,0,-369.3895077428315,,0,
52.0,30.0,0,-350.95830771606416,,0,
53.0,30.0,0,-330.650026006042,,0,
54.0,30.0,0,-310.2197940503247,,0,
55.0,30.0,0,-290.9027945122216,,0,
56.0,30.0,0,-274.35766804253217,,0,
57.0,30.0,0,-263.2686746197287,,0,
58.0,30.0,0,-260.0589930017013,-167.054703,1,93.00429000170132
59.0,30.0,0,-264.2204650314525,,0,
60.0,30.0,0,-274.9760438671801,,0,
61.0,30.0,0,-291.3040656997473,,0,
62.0,30.0,0,-312.10560996155255,,0,
63.0,30.0,0,-336.2448536485899,,0,
64.0,30.0,0,-362.3845152736176,,0,
65.0,30.0,0,-388.8232120621251,,0,
66.0,30.0,0,-414.0372756353463,-450.097283,1,-36.0600073646537
67.0,30.0,0,-438.08232151379343,,0,
68.0,30.0,0,-461.08013727201615,,0,
69.0,30.0,0,-482.572205144701,,0,
70.0,30.0,0,-501.6089314322453,,0,
71.0,30.0,0,-516.7275973975193,,0,
72.0,30.0,0,-525.9062005509622,,0,
73.0,30.0,3,-527.1159942828817,,0,
74.0,30.0,3,-520.3454602911661,-628.60885,1,-108.26338970883387
75.0,30.0,3,-509.3804403031245,,0,
76.0,30.0,3,-497.86297257686965,,0,
77.0,30.0,3,-487.49300643461174,,0,
78.0,30.0,3,-477.62253370374674,,0,
79.0,30.0,3,-465.3575578535674,,0,
80.0,30.0,3,-446.3450455563143,,0,
81.0,30.0,3,-416.4109330396168,,0,
82.0,30.0,3,-372.3013796007144,-504.452286,1,-132.1509063992856
83.0,30.0,3,-309.72185813600663,,0,
84.0,30.0,3,-231.25950098887552,,0,
85.0,30.0,3,-139.48771866159223,,0,
86.0,30.0,3,-40.60962310497416,,0,
87.0,30.0,3,55.30204041907564,,0,
88.0,30.0,3,136.62633175437804,,0,
89.0,30.0,3,194.1611606372462,,0,
90.0,30.0,3,222.58537875644106,581.501785,1,358.916406243559
91.0,30.0,3,214.77716292219702,,0,
92.0,30.0,3,183.99016161775216,,0,
93.0,30.0,3,142.9509093091474,,0,
94.0,30.0,3,100.97214598674327,,0,
95.0,30.0,3,63.78983328200411,,0,
96.0,30.0,3,34.69925397582119,,0,
97.0,30.0,3,15.90051300934283,,0,
98.0,30.0,3,7.74797341163503,-178.034567,1,-185.78254041163504
99.0,30.0,3,5.236382957082242,,0,
100.0,30.0,3,2.764574557862943,,0,
101.0,30.0,3,-5.034216948930407,,0,
102.0,30.0,3,-22.442765791609418,,0,
103.0,30.0,3,-52.375405308790505,,0,
104.0,30.0,3,-96.4861230692768,,0,
105.0,30.0,3,-154.41706745317788,,0,
106.0,30.0,3,-222.40304836674477,-347.121263,1,-124.71821463325523
107.0,30.0,3,-293.20318559691077,,0,
108.0,30.0,3,-359.31237192620756,,0,
109.0,30.0,3,-414.7807853965496,,0,
110.0,30.0,3,-455.9552119023283,,0,
111.0,30.0,3,-481.00574626540765,,0,
112.0,30.0,3,-489.5753557937278,,0,
113.0,30.0,3,-482.30505684617674,,0,
114.0,30.0,3,-461.4238066658727,-544.436339,1,-83.01253233412729
115.0,30.0,3,-433.42172335478244,,0,
116.0,30.0,3,-404.6973028947832,,0,
117.0,30.0,3,-380.04534726560814,,0,
118.0,30.0,3,-362.5822601818363,,0,
119.0,30.0,3,-353.4044723006082,,0,
120.0,30.0,3,-351.3746504453593,,0,
121.0,30.0,3,-353.51151991210645,,0,
122.0,30.0,3,-355.77888764013187,-416.897358,1,-61.11847035986813
123.0,30.0,3,-353.61487543350086,,0,
124.0,30.0,3,-346.63495366805,,0,
125.0,30.0,3,-335.2212791162892,,0,
126.0,30.0,3,-320.10710030811606,,0,
127.0,30.0,3,-302.42708078114083,,0,
128.0,30.0,3,-283.7177015488269,,0,
129.0,30.0,3,-265.48441221297253,,0,
130.0,30.0,1,-249.44802162557608,-75.499398,1,173.9486236255761
131.0,30.0,1,-238.76217963185627,,0,
132.0,30.0,1,-226.8623665511841,,0,
133.0,30.0,1,-210.00658209450194,,0,
134.0,30.0,1,-187.50853167823516,,0,
135.0,30.0,1,-160.9157564821653,,0,
136.0,30.0,1,-132.88112505199388,,0,
137.0,30.0,1,-105.58426656763186,,0,
138.0,30.0,1,-80.55656468684901,-445.351261,1,-364.794696313151
139.0,30.0,1,-61.36296325013973,,0,
140.0,30.0,1,-52.74106431531254,,0,
141.0,30.0,1,-57.570257688639686,,0,
142.0,30.0,1,-74.37573286239058,,0,
143.0,30.0,1,-99.55193823744776,,0,
144.0,30.0,1,-129.43708531412994,,0,
145.0,30.0,1,-160.4630163727561,,0,
146.0,30.0,1,-189.6098556931829,-119.479585,1,70.13027069318291
147.0,30.0,1,-214.8291351455846,,0,
148.0,30.0,1,-231.23389958625194,,0,
149.0,30.0,1,-237.9347402380081,,0,
150.0,30.0,1,-235.74063009850215,,0,
151.0,30.0,1,-226.3449102200102,,0,
152.0,30.0,1,-212.68157760589384,,0,
153.0,30.0,1,-198.21578919998137,,0,
154.0,30.0,1,-183.94378997950116,-280.667557,1,-96.72376702049883
155.0,30.0,1,-165.05868616618682,,0,
156.0,30.0,1,-135.98455742292572,,0,
157.0,30.0,1,-93.61683606711449,,0,
158.0,30.0,1,-38.45848626579391,,0,
159.0,30.0,1,27.143414339749143,,0,
160.0,30.0,1,101.5061504340265,,0,
161.0,30.0,1,184.60252412076807,,0,
162.0,30.0,1,273.329814491095,-16.82969,1,-290.15950449109505
163.0,30.0,2,353.2339719113661,,0,
164.0,30.0,2,410.487191366381,,0,
165.0,30.0,2,438.6293706158176,,0,
166.0,30.0,2,439.6271011005156,,0,
167.0,30.0,2,421.01516153337434,,0,
168.0,30.0,2,392.2342827958055,,0,
169.0,30.0,2,359.9222001673188,,0,
170.0,30.0,2,322.8083148013684,614.39478,1,291.5864651986316
171.0,30.0,2,272.7535812910646,,0,
172.0,30.0,2,217.2344861541642,,0,
173.0,30.0,2,160.26664643455297,,0,
174.0,30.0,2,104.15618285769597,,0,
175.0,30.0,2,50.928495001629926,,0,
176.0,30.0,2,1.8159889851231128,,0,
177.0,30.0,2,-43.071316326677334,,0,
178.0,30.0,2,-84.99855412077159,72.533258,1,157.53181212077158
179.0,30.0,2,-127.45986209402326,,0,
180.0,30.0,2,-165.86973707773723,,0,
181.0,30.0,2,-198.2727035738062,,0,
182.0,30.0,2,-224.51738620735705,,0,
183.0,30.0,2,-245.3572830792982,,0,
184.0,30.0,2,-261.97095463529695,,0,
185.0,30.0,2,-274.6141121672699,,0,
186.0,30.0,2,-281.21397211391013,-405.271496,1,-124.05752388608988
187.0,30.0,2,-277.98752672225237,,0,
188.0,30.0,2,-261.83898646896705,,0,
189.0,30.0,2,-233.99689276248682,,0,
190.0,30.0,2,-197.26472893019672,,0,
191.0,30.0,2,-154.6706542489119,,0,
192.0,30.0,2,-109.15808817488141,,0,
193.0,30.0,2,-62.180315205361694,,0,
194.0,30.0,2,-14.263904989464208,-67.698577,1,-53.43467201053579
195.0,30.0,2,31.215690976707265,,0,
196.0,30.0,2,69.4021068274742,,0,
197.0,30.0,2,99.54911944299238,,0,
198.0,30.0,2,123.70461858832277,,0,
199.0,30.0,2,144.42714487039484,,0,
0.0,31.0,0,-545.1927784848958,,0,
1.0,31.0,0,-557.332534939982,-481.197433,1,76.13510193998201
2.0,31.0,0,-562.4281271742657,,0,
3.0,31.0,0,-559.2775212232955,,0,
4.0,31.0,0,-546.8446346223354,,0,
5.0,31.0,0,-524.2944782406557,,0,
6.0,31.0,0,-491.00238473922946,,0,
7.0,31.0,0,-446.5080172661692,,0,
8.0,31.0,0,-390.1167860296555,,0,
9.0,31.0,0,-320.64327283087187,-513.513075,1,-192.8698021691281
10.0,31.0,0,-237.37088833469898,,0,
11.0,31.0,0,-150.9513553828001,,0,
12.0,31.0,0,-69.58819374721497,,0,
13.0,31.0,0,-0.19830221444135532,,0,
14.0,31.0,0,50.896797980647534,,0,
15.0,31.0,0,78.8114015199244,,0,
16.0,31.0,0,81.5656255222857,,0,
17.0,31.0,0,60.287818029290065,284.20484,1,223.91702197070992
18.0,31.0,0,16.849763434380293,,0,
19.0,31.0,0,-45.9708609636873,,0,
20.0,31.0,0,-120.69480761280283,,0,
21.0,31.0,0,-199.61330219125375,,0,
22.0,31.0,0,-276.51844821101986,,0,
23.0,31.0,0,-346.27368135238066,,0,
24.0,31.0,0,-404.40121311787516,,0,
25.0,31.0,0,-447.2904071409721,-587.266501,1,-139.97609385902786
26.0,31.0,0,-473.3164468422765,,0,
27.0,31.0,0,-481.9267524385359,,0,
28.0,31.0,0,-477.09985657106154,,0,
29.0,31.0,0,-464.21860863268375,,0,
30.0,31.0,0,-447.6544743399136,,0,
31.0,31.0,0,-430.3006270232145,,0,
32.0,31.0,0,-413.55172928073443,,0,
33.0,31.0,0,-397.3674041648628,-430.0357,1,-32.6682958351372
34.0,31.0,0,-380.5436568262521,,0,
35.0,31.0,0,-363.3453478307929,,0,
36.0,31.0,0,-345.711714617908,,0,
37.0,31.0,0,-327.89991465746425,,0,
38.0,31.0,0,-311.0146247699158,,0,
39.0,31.0,0,-296.9238977462519,,0,
40.0,31.0,0,-287.5538853309117,,0,
41.0,31.0,0,-284.15856588003226,-361.304877,1,-77.14631111996772
42.0,31.0,0,-287.27761316485703,,0,
43.0,31.0,0,-296.9488807232119,,0,
44.0,31.0,0,-312.72491618571803,,0,
45.0,31.0,0,-332.85891470254865,,0,
46.0,31.0,0,-354.392476030509,,0,
47.0,31.0,0,-373.8056970653124,,0,
48.0,31.0,0,-387.04998411564156,,0,
49.0,31.0,0,-390.6303076715558,-566.158889,1,-175.52858132844426
50.0,31.0,0,-384.6367103313096,,0,
51.0,31.0,0,-369.8011624191422,,0,
52.0,31.0,0,-348.6613040093798,,0,
53.0,31.0,0,-323.69006765889935,,0,
54.0,31.0,0,-296.67510620190296,,0,
55.0,31.0,0,-269.46360397851095,,0,
56.0,31.0,0,-244.68672389909625,,0,
57.0,31.0,0,-226.19862215715693,-93.944609,1,132.25401315715692
58.0,31.0,0,-218.69025393098127,,0,
59.0,31.0,0,-219.75713313824963,,0,
60.0,31.0,0,-228.7649431026075,,0,
61.0,31.0,0,-245.4467667259305,,0,
62.0,31.0,0,-269.0288194618188,,0,
63.0,31.0,0,-298.15471900696866,,0,
64.0,31.0,0,-331.070429568761,,0,
65.0,31.0,0,-365.6213027514168,-431.297552,1,-65.67624924858319
66.0,31.0,0,-398.9263990421314,,0,
67.0,31.0,0,-431.6722453709226,,0,
68.0,31.0,0,-463.60895271378104,,0,
69.0,31.0,0,-493.8381738527678,,0,
70.0,31.0,0,-521.1105647973018,,0,
71.0,31.0,0,-543.6866708642337,,0,
72.0,31.0,0,-558.6602399464464,,0,
73.0,31.0,3,-562.6888326332555,-688.573537,1,-125.88470436674447
74.0,31.0,3,-555.0406999447732,,0,
75.0,31.0,3,-542.2299257466802,,0,
76.0,31.0,3,-527.8426329430658,,0,
77.0,31.0,3,-513.173040973772,,0,
78.0,31.0,3,-497.4935417669476,,0,
79.0,31.0,3,-477.91536599199753,,0,
80.0,31.0,3,-449.1739544113516,,0,
81.0,31.0,3,-405.7324635575351,-665.880988,1,-260.1485244424649
82.0,31.0,3,-346.2802736524609,,0,
83.0,31.0,3,-270.6074158353731,,0,
84.0,31.0,3,-181.36440501810284,,0,
85.0,31.0,3,-82.90584806283005,,0,
86.0,31.0,3,18.45780467853183,,0,
87.0,31.0,3,113.55672241398133,,0,
88.0,31.0,3,189.37058652058477,,0,
89.0,31.0,3,233.73437631275738,775.228127,1,541.4937506872426
90.0,31.0,3,246.23153540177736,,0,
91.0,31.0,3,229.51638104079757,,0,
92.0,31.0,3,193.4968121855054,,0,
93.0,31.0,3,149.45726273593027,,0,
94.0,31.0,3,105.8992783591384,,0,
95.0,31.0,3,68.40260571445106,,0,
96.0,31.0,3,39.85620574885979,,0,
97.0,31.0,3,21.70178125440725,-187.442442,1,-209.14422325440725
98.0,31.0,3,16.57814220659202,,0,
99.0,31.0,3,15.561770851432811,,0,
100.0,31.0,3,12.428813110367628,,0,
101.0,31.0,3,2.6055283086316194,,0,
102.0,31.0,3,-17.258432550384896,,0,
103.0,31.0,3,-49.29037633957341,,0,
104.0,31.0,3,-95.24111009242188,,0,
105.0,31.0,3,-155.64571393289953,-84.563075,1,71.08263893289953
106.0,31.0,3,-226.43512659019325,,0,
107.0,31.0,3,-298.61924593604635,,0,
108.0,31.0,3,-365.0803123842488,,0,
109.0,31.0,3,-420.17033224579063,,0,
110.0,31.0,3,-459.4831216057646,,0,
111.0,31.0,3,-479.98214282427216,,0,
112.0,31.0,3,-481.04113388333644,,0,
113.0,31.0,3,-464.3756098339509,-636.280712,1,-171.90510216604912
114.0,31.0,3,-431.0113612229761,,0,
115.0,31.0,3,-390.94718291360186,,0,
116.0,31.0,3,-351.27159813999606,,0,
117.0,31.0,3,-317.12313715193886,,0,
118.0,31.0,3,-292.3126955087646,,0,
119.0,31.0,3,-278.7081789224176,,0,
120.0,31.0,3,-275.1999038478825,,0,
121.0,31.0,3,-277.8338413030724,-489.363424,1,-211.5295826969276
122.0,31.0,3,-281.73068084096303,,0,
123.0,31.0,3,-283.0679587640334,,0,
124.0,31.0,3,-280.75981376777054,,0,
125.0,31.0,3,-275.0463401263696,,0,
126.0,31.0,3,-266.5960350963287,,0,
127.0,31.0,3,-256.4879156758543,,0,
128.0,31.0,3,-246.4760504796286,,0,
129.0,31.0,3,-238.4736502642627,86.337888,1,324.8115382642627
130.0,31.0,1,-233.24807073621196,,0,
131.0,31.0,1,-230.71840210427763,,0,
132.0,31.0,1,-227.0154468868277,,0,
133.0,31.0,1,-218.6727346953412,,0,
134.0,31.0,1,-204.6186815741239,,0,
135.0,31.0,1,-185.84118799015414,,0,
136.0,31.0,1,-165.1422959897318,,0,
137.0,31.0,1,-145.26081486669136,-213.335339,1,-68.07452413330864
138.0,31.0,1,-125.43911421089433,,0,
139.0,31.0,1,-108.8859302222263,,0,
140.0,31.0,1,-98.79728421132313,,0,
141.0,31.0,1,-97.06351301254472,,0,
142.0,31.0,1,-103.68778973573353,,0,
143.0,31.0,1,-117.48863010981586,,0,
144.0,31.0,1,-136.35934571467806,,0,
145.0,31.0,1,-156.93574300550972,173.59388,1,330.52962300550973
146.0,31.0,1,-175.87455553398468,,0,
147.0,31.0,1,-190.35232051392086,,0,
148.0,31.0,1,-197.2324589669006,,0,
149.0,31.0,1,-195.14077171549434,,0,
150.0,31.0,1,-184.5286612304626,,0,
151.0,31.0,1,-167.13374403998023,,0,
152.0,31.0,1,-146.4526114074397,,0,
153.0,31.0,1,-126.99631024309201,48.998346,1,175.994656243092
154.0,31.0,1,-111.2045580376871,,0,
155.0,31.0,1,-91.1584304246353,,0,
156.0,31.0,1,-62.190416790079325,,0,
157.0,31.0,1,-22.385154416842852,,0,
158.0,31.0,1,27.908713396522216,,0,
159.0,31.0,1,87.10654025955591,,0,
160.0,31.0,1,154.50828004663344,,0,
161.0,31.0,1,231.4228020873852,-209.50633,1,-440.9291320873852
162.0,31.0,1,319.2546963079367,,0,
163.0,31.0,2,395.4453761918703,,0,
164.0,31.0,2,446.6678585757036,,0,
165.0,31.0,2,468.20056241820566,,0,
166.0,31.0,2,462.4244580323575,,0,
167.0,31.0,2,436.7458272189833,,0,
168.0,31.0,2,401.9732968917815,,0,
169.0,31.0,2,366.74648458033334,338.073046,1,-28.673438580333368
170.0,31.0,2,325.9904769526329,,0,
171.0,31.0,2,273.97626393823884,,0,
172.0,31.0,2,214.737642800319,,0,
173.0,31.0,2,153.9854527839925,,0,
174.0,31.0,2,95.73269635322504,,0,
175.0,31.0,2,42.26900188927539,,0,
176.0,31.0,2,-6.33317944931332,,0,
177.0,31.0,2,-51.425238580442965,12.694395,1,64.11963358044297
178.0,31.0,2,-94.14488248096313,,0,
179.0,31.0,2,-135.23350704321638,,0,
180.0,31.0,2,-172.2455168084707,,0,
181.0,31.0,2,-203.1319308137754,,0,
182.0,31.0,2,-227.63562356017064,,0,
183.0,31.0,2,-246.7812546795467,,0,
184.0,31.0,2,-262.8501193912234,,0,
185.0,31.0,2,-277.4322407694417,-231.56954,1,45.862700769441716
186.0,31.0,2,-287.13213728927076,,0,
187.0,31.0,2,-287.7890263982117,,0,
188.0,31.0,2,-277.05307762895245,,0,
189.0,31.0,2,-254.9121306561865,,0,
190.0,31.0,2,-222.96285598352551,,0,
191.0,31.0,2,-183.8646740685217,,0,
192.0,31.0,2,-140.9039550923044,,0,
193.0,31.0,2,-95.79734346095938,-307.306166,1,-211.50882253904064
194.0,31.0,2,-46.18460654455703,,0,
195.0,31.0,2,0.3923498794902116,,0,
196.0,31.0,2,39.841684141312726,,0,
197.0,31.0,2,71.67807492567226,,0,
198.0,31.0,2,97.78784776758403,,0,
199.0,31.0,2,120.5140650800895,,0,
0.0,32.0,0,-568.5777352191508,-565.507908,1,3.0698272191507385
1.0,32.0,0,-581.895547732478,,0,
2.0,32.0,0,-587.3520367455203,,0,
3.0,32.0,0,-583.5382580962032,,0,
4.0,32.0,0,-569.3159745535813,,0,
5.0,32.0,0,-543.819003245153,,0,
6.0,32.0,0,-506.3569288449362,,0,
7.0,32.0,0,-456.4768636338413,,0,
8.0,32.0,0,-393.56682359427214,-484.9931,1,-91.42627640572789
9.0,32.0,0,-315.4874130956596,,0,
10.0,32.0,0,-226.12427453277633,,0,
11.0,32.0,0,-133.57098807021976,,0,
12.0,32.0,0,-46.31000173604116,,0,
13.0,32.0,0,28.062103141099215,,0,
14.0,32.0,0,82.36836672364734,,0,
15.0,32.0,0,110.54697217838839,,0,
16.0,32.0,0,110.12691252538934,269.983508,1,159.85659547461063
17.0,32.0,0,84.1614735389594,,0,
18.0,32.0,0,36.52341528655961,,0,
19.0,32.0,0,-28.531624587252736,,0,
20.0,32.0,0,-104.81874454580247,,0,
21.0,32.0,0,-185.28050008026185,,0,
22.0,32.0,0,-263.2721814038232,,0,
23.0,32.0,0,-333.33587865694426,,0,
24.0,32.0,0,-391.2515062743332,-489.287168,1,-98.03566172566678
25.0,32.0,0,-432.51296713924967,,0,
26.0,32.0,0,-458.1428438790608,,0,
27.0,32.0,0,-469.057817078894,,0,
28.0,32.0,0,-467.82666474580765,,0,
29.0,32.0,0,-458.19166587875225,,0,
30.0,32.0,0,-443.6997222234495,,0,
31.0,32.0,0,-427.07948790257797,,0,
32.0,32.0,0,-409.8901460287161,-313.541591,1,96.34855502871613
33.0,32.0,0,-392.16996887978166,,0,
34.0,32.0,0,-373.31825693824794,,0,
35.0,32.0,0,-353.27916288468987,,0,
36.0,32.0,0,-332.1637437129393,,0,
37.0,32.0,0,-310.4233773826272,,0,
38.0,32.0,0,-289.4365775156766,,0,
39.0,32.0,0,-271.7638080806937,,0,
40.0,32.0,0,-260.2361821432132,-295.742309,1,-35.50612685678675
41.0,32.0,0,-256.24191177112516,,0,
42.0,32.0,0,-260.4344719607616,,0,
43.0,32.0,0,-272.93524847738445,,0,
44.0,32.0,0,-292.8751117188949,,0,
45.0,32.0,0,-317.8225174918771,,0,
46.0,32.0,0,-343.74126656225417,,0,
47.0,32.0,0,-366.3593348057475,,0,
48.0,32.0,0,-381.8897638595663,-554.423327,1,-172.53356314043367
49.0,32.0,0,-384.89071695611347,,0,
50.0,32.0,0,-378.7024250854738,,0,
51.0,32.0,0,-364.5340189000126,,0,
52.0,32.0,0,-343.3378200782463,,0,
53.0,32.0,0,-316.4059007415199,,0,
54.0,32.0,0,-285.3916320997523,,0,
55.0,32.0,0,-252.69945046689827,,0,
56.0,32.0,0,-221.88727421115618,-172.724682,1,49.16259221115618
57.0,32.0,0,-198.19965076918015,,0,
58.0,32.0,0,-184.13320066884626,,0,
59.0,32.0,0,-179.7730085782241,,0,
60.0,32.0,0,-185.17907400231343,,0,
61.0,32.0,0,-200.65723401500145,,0,
62.0,32.0,0,-225.64317510905676,,0,
63.0,32.0,0,-258.31295801047236,,0,
64.0,32.0,0,-296.14216857159045,-376.807708,1,-80.66553942840955
65.0,32.0,0,-336.62791503971675,,0,
66.0,32.0,0,-377.5889518126496,,0,
67.0,32.0,0,-418.3441042389022,,0,
68.0,32.0,0,-458.15451110794675,,0,
69.0,32.0,0,-495.6696258497468,,0,
70.0,32.0,0,-529.2772302195663,,0,
71.0,32.0,0,-557.1305561903864,,0,
72.0,32.0,0,-576.0633375088219,-744.446876,1,-168.38353849117811
73.0,32.0,3,-580.1776358817006,,0,
74.0,32.0,3,-573.1507311286987,,0,
75.0,32.0,3,-559.5715413965518,,0,
76.0,32.0,3,-542.7302812966518,,0,
77.0,32.0,3,-523.9526388435916,,0,
78.0,32.0,3,-502.6257466993411,,0,
79.0,32.0,3,-476.03784320608247,,0,
80.0,32.0,3,-438.88023403135594,-643.011949,1,-204.13171496864402
81.0,32.0,3,-382.8817263386154,,0,
82.0,32.0,3,-311.1760701519088,,0,
83.0,32.0,3,-225.79076070233714,,0,
84.0,32.0,3,-129.95925864839228,,0,
85.0,32.0,3,-28.838236647919985,,0,
86.0,32.0,3,70.94710652151844,,0,
87.0,32.0,3,161.21218927763402,,0,
88.0,32.0,3,229.74506276549073,760.641459,1,530.8963962345093
89.0,32.0,3,257.67709486189415,,0,
90.0,32.0,3,255.74769334879238,,0,
91.0,32.0,3,230.9900033295853,,0,
92.0,32.0,3,191.64689633372473,,0,
93.0,32.0,3,147.13324452214874,,0,
94.0,32.0,3,105.11560389021179,,0,
95.0,32.0,3,70.96699944499414,,0,
96.0,32.0,3,47.753599437419325,-77.179007,1,-124.93260643741932
97.0,32.0,3,35.13525060249958,,0,
98.0,32.0,3,31.376998775580432,,0,
99.0,32.0,3,30.226597169064917,,0,
100.0,32.0,3,25.335412697371794,,0,
101.0,32.0,3,12.19519455594127,,0,
102.0,32.0,3,-11.911930088652298,,0,
103.0,32.0,3,-48.01750788412755,,0,
104.0,32.0,3,-97.06033566062979,88.016141,1,185.0764766606298
105.0,32.0,3,-161.78581645234954,,0,
106.0,32.0,3,-234.104845319569,,0,
107.0,32.0,3,-306.2462614159449,,0,
108.0,32.0,3,-371.67050909093814,,0,
109.0,32.0,3,-424.8756977041485,,0,
110.0,32.0,3,-460.83684737599106,,0,
111.0,32.0,3,-474.8297590906732,,0,
112.0,32.0,3,-464.87302525891573,-656.443505,1,-191.57047974108423
113.0,32.0,3,-435.30449833668536,,0,
114.0,32.0,3,-391.5929384895135,,0,
115.0,32.0,3,-341.66909796756227,,0,
116.0,32.0,3,-292.7664784250228,,0,
117.0,32.0,3,-250.47941831231583,,0,
118.0,32.0,3,-219.57712792465463,,0,
119.0,32.0,3,-203.1761855489458,,0,
120.0,32.0,3,-200.2153478648397,-355.041056,1,-154.8257081351603
121.0,32.0,3,-204.6840669796511,,0,
122.0,32.0,3,-210.9935252116702,,0,
123.0,32.0,3,-215.93565637490246,,0,
124.0,32.0,3,-218.44192532318993,,0,
125.0,32.0,3,-218.70505046242033,,0,
126.0,32.0,3,-217.40867402066942,,0,
127.0,32.0,3,-215.54143286775798,,0,
128.0,32.0,3,-214.7800015807734,-134.972342,1,79.80765958077339
129.0,32.0,3,-217.9616486079758,,0,
130.0,32.0,1,-223.56101065379335,,0,
131.0,32.0,1,-230.05372506706044,,0,
132.0,32.0,1,-234.755359877483,,0,
133.0,32.0,1,-234.9621409290412,,0,
134.0,32.0,1,-229.3715865497943,,0,
135.0,32.0,1,-218.34950232645497,,0,
136.0,32.0,1,-204.15930819394998,-70.809208,1,133.35010019394997
137.0,32.0,1,-191.0863952979853,,0,
138.0,32.0,1,-176.82455674163066,,0,
139.0,32.0,1,-162.71372680808417,,0,
140.0,32.0,1,-151.08311510708882,,0,
141.0,32.0,1,-143.4450492595206,,0,
142.0,32.0,1,-140.55549794161925,,0,
143.0,32.0,1,-143.3362349430099,,0,
144.0,32.0,1,-151.97988004802028,137.119795,1,289.0996750480203
145.0,32.0,1,-162.69955479330383,,0,
146.0,32.0,1,-171.49366801371798,,0,
147.0,32.0,1,-175.46295904257568,,0,
148.0,32.0,1,-172.40516698826104,,0,
149.0,32.0,1,-161.31825835740892,,0,
150.0,32.0,1,-142.55556418653578,,0,
151.0,32.0,1,-117.67406217526877,,0,
152.0,32.0,1,-90.25134638970485,75.535657,1,165.78700338970486
153.0,32.0,1,-67.11683387041558,,0,
154.0,32.0,1,-45.546077103412244,,0,
155.0,32.0,1,-20.517994232592173,,0,
156.0,32.0,1,11.919920771266334,,0,
157.0,32.0,1,53.52629074564902,,0,
158.0,32.0,1,104.36951846722513,,0,
159.0,32.0,1,163.5257007139735,,0,
160.0,32.0,1,231.07518555619754,19.477016,1,-211.59816955619755
161.0,32.0,1,311.0593168474152,,0,
162.0,32.0,1,394.2317162611289,,0,
163.0,32.0,2,463.873073393479,,0,
164.0,32.0,2,506.80318349506706,,0,
165.0,32.0,2,518.6113242922584,,0,
166.0,32.0,2,502.83389455312863,,0,
167.0,32.0,2,467.3378441116074,,0,
168.0,32.0,2,422.0195196957793,-56.110098,1,-478.1296176957793
169.0,32.0,2,381.40233273175545,,0,
170.0,32.0,2,334.00638010166585,,0,
171.0,32.0,2,276.3224347035866,,0,
172.0,32.0,2,211.8059277505381,,0,
173.0,32.0,2,146.29105607105885,,0,
174.0,32.0,2,85.0980633914005,,0,
175.0,32.0,2,31.072155255707912,,0,
176.0,32.0,2,-16.927905871300027,46.27464,1,63.202545871300025
177.0,32.0,2,-62.41574441170087,,0,
178.0,32.0,2,-105.17402739753015,,0,
179.0,32.0,2,-144.57369976001792,,0,
180.0,32.0,2,-178.92345852858853,,0,
181.0,32.0,2,-206.76176027045585,,0,
182.0,32.0,2,-228.04827302251942,,0,
183.0,32.0,2,-244.0105741468724,,0,
184.0,32.0,2,-257.2548433652846,-72.855534,1,184.3993093652846
185.0,32.0,2,-272.2543785601738,,0,
186.0,32.0,2,-282.90808432665654,,0,
187.0,32.0,2,-285.2742136004381,,0,
188.0,32.0,2,-277.26702518819366,,0,
189.0,32.0,2,-258.1116658166866,,0,
190.0,32.0,2,-227.986441149842,,0,
191.0,32.0,2,-188.6609105190728,,0,
192.0,32.0,2,-143.95124691235833,-347.888445,1,-203.93719808764166
193.0,32.0,2,-96.70617453136947,,0,
194.0,32.0,2,-48.497584808385,,0,
195.0,32.0,2,-4.132952519226819,,0,
196.0,32.0,2,32.836506308754906,,0,
197.0,32.0,2,62.293364701385144,,0,
198.0,32.0,2,86.70518222125247,,0,
199.0,32.0,2,108.85014400817454,,0,
0.0,33.0,0,-583.7890986483544,,0,
1.0,33.0,0,-598.3195155842695,,0,
2.0,33.0,0,-604.1714878943749,,0,
3.0,33.0,0,-599.6244571413845,,0,
4.0,33.0,0,-583.392240263056,,0,
5.0,33.0,0,-554.6431006123894,,0,
6.0,33.0,0,-512.5261416805442,,0,
7.0,33.0,0,-456.20388936111704,-550.808397,1,-94.60450763888298
8.0,33.0,0,-385.74026625882834,,0,
9.0,33.0,0,-301.6943062643986,,0,
10.0,33.0,0,-208.03326301451307,,0,
11.0,33.0,0,-111.68351168138906,,0,
12.0,33.0,0,-20.658835669979453,,0,
13.0,33.0,0,57.06617625977378,,0,
14.0,33.0,0,113.29610040178522,,0,
15.0,33.0,0,140.52224684646353,293.923152,1,153.40090515353648
16.0,33.0,0,135.61379957245663,,0,
17.0,33.0,0,105.30368071887642,,0,
18.0,33.0,0,54.2750662821345,,0,
19.0,33.0,0,-12.87648006202653,,0,
20.0,33.0,0,-90.3710345258005,,0,
21.0,33.0,0,-171.5608916116762,,0,
22.0,33.0,0,-249.32687409291975,,0,
23.0,33.0,0,-317.32547925040126,-446.138506,1,-128.81302674959875
24.0,33.0,0,-372.4744924721308,,0,
25.0,33.0,0,-412.80367159994785,,0,
26.0,33.0,0,-438.6434733540518,,0,
27.0,33.0,0,-451.30141449254006,,0,
28.0,33.0,0,-452.74871791456826,,0,
29.0,33.0,0,-445.6523515020963,,0,
30.0,33.0,0,-432.8422935598064,,0,
31.0,33.0,0,-416.80898063466884,-400.523842,1,16.28513863466884
32.0,33.0,0,-399.37561256205663,,0,
33.0,33.0,0,-380.5975204075221,,0,
34.0,33.0,0,-360.19058325805236,,0,
35.0,33.0,0,-337.9310450858902,,0,
36.0,33.0,0,-313.7849644073285,,0,
37.0,33.0,0,-288.1272353558161,,0,
38.0,33.0,0,-262.455900774803,,0,
39.0,33.0,0,-240.0698643452488,-190.684296,1,49.3855683452488
40.0,33.0,0,-225.3389076604508,,0,
41.0,33.0,0,-219.42941200337373,,0,
42.0,33.0,0,-223.31798175629228,,0,
43.0,33.0,0,-237.3223944583442,,0,
44.0,33.0,0,-260.4657409703359,,0,
45.0,33.0,0,-289.83922825800255,,0,
46.0,33.0,0,-319.79733619175386,,0,
47.0,33.0,0,-343.9449430059176,-517.978362,1,-174.03341899408235
48.0,33.0,0,-360.04935926757753,,0,
49.0,33.0,0,-366.405520413653,,0,
50.0,33.0,0,-363.90034591627773,,0,
51.0,33.0,0,-353.37009940179996,,0,
52.0,33.0,0,-334.8903851483483,,0,
53.0,33.0,0,-308.72376616758993,,0,
54.0,33.0,0,-276.258811613312,,0,
55.0,33.0,0,-240.6094018589938,-271.076777,1,-30.467375141006187
56.0,33.0,0,-206.05607549729757,,0,
57.0,33.0,0,-176.9830501334509,,0,
58.0,33.0,0,-156.12176839075983,,0,
59.0,33.0,0,-145.05642851209268,,0,
60.0,33.0,0,-145.306880452903,,0,
61.0,33.0,0,-158.2009310167632,,0,
62.0,33.0,0,-183.46675638965098,,0,
63.0,33.0,0,-218.497998290346,-235.673731,1,-17.175732709654
64.0,33.0,0,-259.6953390935669,,0,
65.0,33.0,0,-304.72317467979155,,0,
66.0,33.0,0,-351.64623649721034,,0,
67.0,33.0,0,-399.02631870866753,,0,
68.0,33.0,0,-445.31049200636335,,0,
69.0,33.0,0,-488.3813797267503,,0,
70.0,33.0,0,-525.949082573643,,0,
71.0,33.0,0,-555.8740700057242,-811.012098,1,-255.13802799427583
72.0,33.0,0,-575.1705980981933,,0,
73.0,33.0,3,-581.0717944130301,,0,
74.0,33.0,3,-575.4633079644118,,0,
75.0,33.0,3,-561.8376947959187,,0,
76.0,33.0,3,-542.9561805787962,,0,
77.0,33.0,3,-520.3120040892682,,0,
78.0,33.0,3,-493.48068354302086,,0,
79.0,33.0,3,-459.4724186749663,-536.096621,1,-76.6242023250337
80.0,33.0,3,-413.08305011538323,,0,
81.0,33.0,3,-349.72127022076165,,0,
82.0,33.0,3,-270.6462818183936,,0,
83.0,33.0,3,-179.2792894068407,,0,
84.0,33.0,3,-80.25144423241727,,0,
85.0,33.0,3,19.872640056273667,,0,
86.0,33.0,3,113.3982763691456,,0,
87.0,33.0,3,192.2055775708286,564.492056,1,372.28647842917144
88.0,33.0,3,245.6298945795861,,0,
89.0,33.0,3,264.59781754946744,,0,
90.0,33.0,3,254.27628720154462,,0,
91.0,33.0,3,223.76793376891874,,0,
92.0,33.0,3,182.29664762417087,,0,
93.0,33.0,3,139.25819705272443,,0,
94.0,33.0,3,101.74115872726543,,0,
95.0,33.0,3,73.6275949330302,-62.611766,1,-136.23936093303018
96.0,33.0,3,58.392852924531326,,0,
97.0,33.0,3,51.721921457123244,,0,
98.0,33.0,3,49.8597304840805,,0,
99.0,33.0,3,47.81467354443157,,0,
100.0,33.0,3,40.10505814841599,,0,
101.0,33.0,3,22.160720632236917,,0,
102.0,33.0,3,-8.52964415634051,,0,
103.0,33.0,3,-51.86834358732449,65.899111,1,117.7674545873245
104.0,33.0,3,-107.36896172455454,,0,
105.0,33.0,3,-173.98478485562373,,0,
106.0,33.0,3,-245.81080212641973,,0,
107.0,33.0,3,-315.8200338315801,,0,
108.0,33.0,3,-377.98836108268733,,0,
109.0,33.0,3,-427.04449090364506,,0,
110.0,33.0,3,-457.4876417903288,,0,
111.0,33.0,3,-463.42921509908047,-705.210228,1,-241.78101290091956
112.0,33.0,3,-440.61055513835163,,0,
113.0,33.0,3,-399.0529861501127,,0,
114.0,33.0,3,-346.1293346505263,,0,
115.0,33.0,3,-288.7739669876173,,0,
116.0,33.0,3,-233.38858231843915,,0,
117.0,33.0,3,-185.3286609533534,,0,
118.0,33.0,3,-150.35119710239815,,0,
119.0,33.0,3,-133.42209748824826,4.725839,1,138.14793648824826
120.0,33.0,3,-133.14925080683315,,0,
121.0,33.0,3,-139.92630767583614,,0,
122.0,33.0,3,-148.38257619697833,,0,
123.0,33.0,3,-156.13559712207643,,0,
124.0,33.0,3,-162.6828462248668,,0,
125.0,33.0,3,-168.50472285339492,,0,
126.0,33.0,3,-174.3669812909793,,0,
127.0,33.0,3,-181.24961148534203,-171.302118,1,9.947493485342022
128.0,33.0,3,-190.57838440712658,,0,
129.0,33.0,3,-203.57587592693744,,0,
130.0,33.0,1,-219.17152805888327,,0,
131.0,33.0,1,-235.21935357555049,,0,
132.0,33.0,1,-249.09705476544332,,0,
133.0,33.0,1,-258.37627170799533,,0,
134.0,33.0,1,-261.76851597602945,,0,
135.0,33.0,1,-259.4496467933059,128.167526,1,387.6171727933059
136.0,33.0,1,-253.16737987293163,,0,
137.0,33.0,1,-244.95125645847293,,0,
138.0,33.0,1,-234.43549798842287,,0,
139.0,33.0,1,-221.97707876563072,,0,
140.0,33.0,1,-208.92301994364243,,0,
141.0,33.0,1,-196.37004660861567,,0,
142.0,33.0,1,-185.2619805483264,,0,
143.0,33.0,1,-177.6361036868766,-17.537001,1,160.0991026868766
144.0,33.0,1,-177.19625337963225,,0,
145.0,33.0,1,-178.35575416585198,,0,
146.0,33.0,1,-177.23912468389608,,0,
147.0,33.0,1,-171.21882951806765,,0,
148.0,33.0,1,-158.59963060275186,,0,
149.0,33.0,1,-138.93403500248678,,0,
150.0,33.0,1,-112.93397954280954,,0,
151.0,33.0,1,-82.2602707054466,-75.434997,1,6.825273705446605
152.0,33.0,1,-50.14433054474648,,0,
153.0,33.0,1,-19.922375744441524,,0,
154.0,33.0,1,9.829537591314875,,0,
155.0,33.0,1,42.695557205355726,,0,
156.0,33.0,1,81.82075790991075,,0,
157.0,33.0,1,129.19125856773462,,0,
158.0,33.0,1,185.7376546371379,,0,
159.0,33.0,1,251.68121646961663,250.404484,1,-1.2767324696166327
160.0,33.0,1,327.1638213262195,,0,
161.0,33.0,1,410.62347661395324,,0,
162.0,33.0,2,492.0475289056776,,0,
163.0,33.0,2,556.4429158921121,,0,
164.0,33.0,2,591.1864148561144,,0,
165.0,33.0,2,591.9152131679002,,0,
166.0,33.0,2,564.9753768111113,,0,
167.0,33.0,2,522.2084861560725,10.397572,1,-511.81091415607244
168.0,33.0,2,471.1501913696993,,0,
169.0,33.0,2,417.4438231832464,,0,
170.0,33.0,2,357.5317695341073,,0,
171.0,33.0,2,289.3375156617258,,0,
172.0,33.0,2,216.23911304632202,,0,
173.0,33.0,2,143.87548411206808,,0,
174.0,33.0,2,78.2887526039267,,0,
175.0,33.0,2,23.37081574171316,-101.243098,1,-124.61391374171316
176.0,33.0,2,-24.61007482628338,,0,
177.0,33.0,2,-69.65296605846379,,0,
178.0,33.0,2,-111.97174953471404,,0,
179.0,33.0,2,-150.0333383907564,,0,
180.0,33.0,2,-181.79700982407667,,0,
181.0,33.0,2,-206.0734199170838,,0,
182.0,33.0,2,-223.64748624735512,,0,
183.0,33.0,2,-236.76670625712723,-120.314542,1,116.45216425712722
184.0,33.0,2,-248.30262041511014,,0,
185.0,33.0,2,-259.9553206053679,,0,
186.0,33.0,2,-268.3938419666374,,0,
187.0,33.0,2,-269.74268302693963,,0,
188.0,33.0,2,-261.6316629493376,,0,
189.0,33.0,2,-242.80988672561944,,0,
190.0,33.0,2,-211.97690471063834,,0,
191.0,33.0,2,-169.06268610595725,-302.700418,1,-133.63773189404276
192.0,33.0,2,-120.13447682838887,,0,
193.0,33.0,2,-70.65282299683895,,0,
194.0,33.0,2,-24.041693900711834,,0,
195.0,33.0,2,16.29223075765185,,0,
196.0,33.0,2,48.00576038612053,,0,
197.0,33.0,2,71.5116845855955,,0,
198.0,33.0,2,90.63484711688943,,0,
199.0,33.0,2,109.90195904579014,-370.973771,1,-480.87573004579014
0.0,34.0,0,-589.5364498305134,,0,
1.0,34.0,0,-605.3804214650299,,0,
2.0,34.0,0,-611.7633796916343,,0,
3.0,34.0,0,-606.4736732738093,,0,
4.0,34.0,0,-587.9858858012594,,0,
5.0,34.0,0,-555.7433545840904,,0,
6.0,34.0,0,-509.28719052951783,-573.148517,1,-63.86132647048214
7.0,34.0,0,-447.19539530202746,,0,
8.0,34.0,0,-371.29657212551683,,0,
9.0,34.0,0,-283.3977413540706,,0,
10.0,34.0,0,-187.16359658539295,,0,
11.0,34.0,0,-88.77966341329738,,0,
12.0,34.0,0,3.749074877705425,,0,
13.0,34.0,0,82.1282423309749,,0,
14.0,34.0,0,138.1234726922121,353.171007,1,215.04753430778788
15.0,34.0,0,161.42391177499667,,0,
16.0,34.0,0,154.6867597931996,,0,
17.0,34.0,0,122.58311691577546,,0,
18.0,34.0,0,69.85364596429281,,0,
19.0,34.0,0,1.4885807591490448,,0,
20.0,34.0,0,-76.48651558021083,,0,
21.0,34.0,0,-157.4084279787494,,0,
22.0,34.0,0,-234.25498338078614,-364.348339,1,-130.09335561921387
23.0,34.0,0,-299.0296099362895,,0,
24.0,34.0,0,-351.4197843896691,,0,
25.0,34.0,0,-390.650722439168,,0,
26.0,34.0,0,-416.77015026076697,,0,
27.0,34.0,0,-430.75550784287043,,0,
28.0,34.0,0,-434.08025456918404,,0,
29.0,34.0,0,-428.6965140950342,,0,
30.0,34.0,0,-416.9838698885869,-414.074375,1,2.9094948885869485
31.0,34.0,0,-401.33840951207094,,0,
32.0,34.0,0,-383.3866773028858,,0,
33.0,34.0,0,-363.6298449373571,,0,
34.0,34.0,0,-341.85396188218147,,0,
35.0,34.0,0,-317.60137172904797,,0,
36.0,34.0,0,-290.6497738768812,,0,
37.0,34.0,0,-261.1379248993471,,0,
38.0,34.0,0,-230.346798467217,-312.905135,1,-82.55833653278296
39.0,34.0,0,-202.83636552235112,,0,
40.0,34.0,0,-183.17001001164317,,0,
41.0,34.0,0,-173.64566770277452,,0,
42.0,34.0,0,-175.53625829098746,,0,
43.0,34.0,0,-189.3233255399391,,0,
44.0,34.0,0,-214.00997298583388,,0,
45.0,34.0,0,-246.46670901530888,,0,
46.0,34.0,0,-280.444881489384,-517.004587,1,-236.55970551061603
47.0,34.0,0,-305.7411287180148,,0,
48.0,34.0,0,-324.4473295707721,,0,
49.0,34.0,0,-336.13138714048546,,0,
50.0,34.0,0,-340.1654723320389,,0,
51.0,34.0,0,-336.0892221182585,,0,
52.0,34.0,0,-323.04269575490616,,0,
53.0,34.0,0,-300.16291314404225,,0,
54.0,34.0,0,-268.2575317985029,-261.315348,1,6.942183798502924
55.0,34.0,0,-231.54843218065798,,0,
56.0,34.0,0,-194.65523999824654,,0,
57.0,34.0,0,-161.34001010545762,,0,
58.0,34.0,0,-134.49047334608622,,0,
59.0,34.0,0,-116.68055405432824,,0,
60.0,34.0,0,-110.92584611219354,,0,
61.0,34.0,0,-120.25245145603549,,0,
62.0,34.0,0,-145.13183979061432,-129.698228,1,15.433611790614322
63.0,34.0,0,-181.27462902641855,,0,
64.0,34.0,0,-224.48727265244815,,0,
65.0,34.0,0,-272.37932408071356,,0,
66.0,34.0,0,-323.22893484006636,,0,
67.0,34.0,0,-375.3252684958279,,0,
68.0,34.0,0,-426.48782277153805,,0,
69.0,34.0,0,-473.58021079577156,,0,
70.0,34.0,0,-513.2115613321075,-681.593535,1,-168.38197366789245
71.0,34.0,0,-543.5879210503772,,0,
72.0,34.0,0,-562.926212297054,,0,
73.0,34.0,3,-569.967876606097,,0,
74.0,34.0,3,-565.5707453077775,,0,
75.0,34.0,3,-551.9247222867562,,0,
76.0,34.0,3,-531.1589224688942,,0,
77.0,34.0,3,-504.94311024794297,,0,
78.0,34.0,3,-473.4831534581608,-450.310841,1,23.17231245816083
79.0,34.0,3,-433.3023865442956,,0,
80.0,34.0,3,-380.12119215825805,,0,
81.0,34.0,3,-311.45989167207154,,0,
82.0,34.0,3,-228.139825556078,,0,
83.0,34.0,3,-133.67029708530754,,0,
84.0,34.0,3,-33.67655614099931,,0,
85.0,34.0,3,63.49744708240905,,0,
86.0,34.0,3,148.1924250947195,415.458045,1,267.2656199052805
87.0,34.0,3,213.71920040936675,,0,
88.0,34.0,3,253.5862090321025,,0,
89.0,34.0,3,263.8662522295199,,0,
90.0,34.0,3,247.66439510072814,,0,
91.0,34.0,3,213.01447913516313,,0,
92.0,34.0,3,170.0793519365252,,0,
93.0,34.0,3,129.72521913555101,,0,
94.0,34.0,3,99.74050305970013,-136.202993,1,-235.94349605970012
95.0,34.0,3,80.79811750748195,,0,
96.0,34.0,3,71.93900313013,,0,
97.0,34.0,3,69.56436885832227,,0,
98.0,34.0,3,69.09749800057034,,0,
99.0,34.0,3,65.6511603014078,,0,
100.0,34.0,3,54.36914361472009,,0,
101.0,34.0,3,30.631890128046507,,0,
102.0,34.0,3,-8.500866175309056,201.418043,1,209.91890917530907
103.0,34.0,3,-60.42780789925018,,0,
104.0,34.0,3,-122.01966211909894,,0,
105.0,34.0,3,-190.28616712408257,,0,
106.0,34.0,3,-260.3786131737288,,0,
107.0,34.0,3,-326.3745895837201,,0,
108.0,34.0,3,-382.71009572224284,,0,
109.0,34.0,3,-424.47820734683773,,0,
110.0,34.0,3,-446.1867540999665,-604.883488,1,-158.69673390003356
111.0,34.0,3,-439.94032023468753,,0,
112.0,34.0,3,-408.10841223709576,,0,
113.0,34.0,3,-358.1737981873448,,0,
114.0,34.0,3,-298.4415925643698,,0,
115.0,34.0,3,-236.45219458441716,,0,
116.0,34.0,3,-178.46902110424708,,0,
117.0,34.0,3,-129.00868845454534,,0,
118.0,34.0,3,-93.21631733566755,218.119791,1,311.3361083356675
119.0,34.0,3,-80.06658053293359,,0,
120.0,34.0,3,-81.00288152965368,,0,
121.0,34.0,3,-88.3612931187381,,0,
122.0,34.0,3,-97.4034372306196,,0,
123.0,34.0,3,-106.33003637945512,,0,
124.0,34.0,3,-115.41862782667158,,0,
125.0,34.0,3,-125.72375446785009,,0,
126.0,34.0,3,-137.9366349420743,-132.462298,1,5.474336942074302
127.0,34.0,3,-152.79778192582307,,0,
128.0,34.0,3,-171.08190352431848,,0,
129.0,34.0,1,-193.21634797527804,,0,
130.0,34.0,1,-218.3074762360484,,0,
131.0,34.0,1,-244.18188480008394,,0,
132.0,34.0,1,-267.88734866312006,,0,
133.0,34.0,1,-286.7483850804274,,0,
134.0,34.0,1,-299.5281037358218,108.857798,1,408.3859017358218
135.0,34.0,1,-306.24900482670637,,0,
136.0,34.0,1,-307.6063590005506,,0,
137.0,34.0,1,-304.30628248443827,,0,
138.0,34.0,1,-296.599643313617,,0,
139.0,34.0,1,-285.0716624564957,,0,
140.0,34.0,1,-270.82211552211083,,0,
141.0,34.0,1,-254.67284833674785,,0,
142.0,34.0,1,-237.56082188722212,-362.78967,1,-125.22884811277788
143.0,34.0,1,-222.61953821161296,,0,
144.0,34.0,1,-212.138730537612,,0,
145.0,34.0,1,-203.45103178280988,,0,
146.0,34.0,1,-192.89475240238244,,0,
147.0,34.0,1,-177.67423338908702,,0,
148.0,34.0,1,-156.16267670376692,,0,
149.0,34.0,1,-128.4587004070636,,0,
150.0,34.0,1,-95.93219426524593,3.427094,1,99.35928826524592
151.0,34.0,1,-59.89346706250217,,0,
152.0,34.0,1,-22.24137497326592,,0,
153.0,34.0,1,15.527682589483447,,0,
154.0,34.0,1,54.10069099685643,,0,
155.0,34.0,1,95.80806802795269,,0,
156.0,34.0,1,143.2321950250771,,0,
157.0,34.0,1,198.5648460581433,,0,
158.0,34.0,1,263.538328059949,249.011473,1,-14.526855059948986
159.0,34.0,1,339.2339875672478,,0,
160.0,34.0,1,424.50403405353427,,0,
161.0,34.0,1,514.8531255237758,,0,
162.0,34.0,2,599.8111043627723,,0,
163.0,34.0,2,664.3544702399522,,0,
164.0,34.0,2,694.5493720339146,,0,
165.0,34.0,2,685.560492138553,,0,
166.0,34.0,2,646.8429174054181,288.365395,1,-358.47752240541814
167.0,34.0,2,598.0813386627706,,0,
168.0,34.0,2,539.6052156458609,,0,
169.0,34.0,2,473.22383332799654,,0,
170.0,34.0,2,398.92026024102233,,0,
171.0,34.0,2,317.6090516053373,,0,
172.0,34.0,2,234.146919728606,,0,
173.0,34.0,2,154.6632055658847,,0,
174.0,34.0,2,83.93258961173706,-198.714854,1,-282.64744361173706
175.0,34.0,2,28.433692995808087,,0,
176.0,34.0,2,-20.311521311756223,,0,
177.0,34.0,2,-66.01364226988517,,0,
178.0,34.0,2,-108.69844803900924,,0,
179.0,34.0,2,-146.4094210746698,,0,
180.0,34.0,2,-176.23715080600232,,0,
181.0,34.0,2,-196.71691200044006,,0,
182.0,34.0,2,-210.05468392930925,-199.089849,1,10.964834929309262
183.0,34.0,2,-220.01601251447573,,0,
184.0,34.0,2,-228.8301359396428,,0,
185.0,34.0,2,-236.72598717507208,,0,
186.0,34.0,2,-241.36457054899074,,0,
187.0,34.0,2,-239.46165986778215,,0,
188.0,34.0,2,-228.30244293971919,,0,
189.0,34.0,2,-206.49859970185207,,0,
190.0,34.0,2,-173.09751209802926,-450.344771,1,-277.2472589019707
191.0,34.0,2,-124.53868245519698,,0,
192.0,34.0,2,-71.77292184659746,,0,
193.0,34.0,2,-21.30610861867899,,0,
194.0,34.0,2,23.057112964219414,,0,
195.0,34.0,2,58.550063831498846,,0,
196.0,34.0,2,83.60320399294142,,0,
197.0,34.0,2,99.08384328219108,,0,
198.0,34.0,2,109.84961195569485,-94.431819,1,-204.28143095569487
199.0,34.0,2,124.2827946592588,,0,
0.0,35.0,0,-584.4000373040326,,0,
1.0,35.0,0,-601.6118342450354,,0,
2.0,35.0,0,-608.8028564359993,,0,
3.0,35.0,0,-602.9507932923734,,0,
4.0,35.0,0,-582.0003668065183,,0,
5.0,35.0,0,-546.0007413605927,-578.864373,1,-32.863631639407345
6.0,35.0,0,-495.42877765139565,,0,
7.0,35.0,0,-430.4028635332361,,0,
8.0,35.0,0,-352.3058258644305,,0,
9.0,35.0,0,-263.23482959135436,,0,
10.0,35.0,0,-166.5072176863905,,0,
11.0,35.0,0,-67.79079550411552,,0,
12.0,35.0,0,24.20810835296288,,0,
13.0,35.0,0,99.64339892147109,272.429434,1,172.78603507852893
14.0,35.0,0,151.4106910203118,,0,
15.0,35.0,0,173.90568061731756,,0,
16.0,35.0,0,167.5962984985672,,0,
17.0,35.0,0,135.9267984314356,,0,
18.0,35.0,0,83.11975461663678,,0,
19.0,35.0,0,14.448375546373427,,0,
20.0,35.0,0,-63.25779668451287,,0,
21.0,35.0,0,-142.40569125273032,-283.690069,1,-141.28437774726967
22.0,35.0,0,-216.3403577588033,,0,
23.0,35.0,0,-279.5469387047924,,0,
24.0,35.0,0,-330.3535963029135,,0,
25.0,35.0,0,-368.59310020448174,,0,
26.0,35.0,0,-394.66545842809137,,0,
27.0,35.0,0,-409.4604565158952,,0,
28.0,35.0,0,-413.9349683064502,,0,
29.0,35.0,0,-409.3321642510127,-412.87163,1,-3.5394657489872543
30.0,35.0,0,-397.83698803035077,,0,
31.0,35.0,0,-381.77024459885433,,0,
32.0,35.0,0,-362.8620520750992,,0,
33.0,35.0,0,-341.93301622220315,,0,
34.0,35.0,0,-318.7703017431777,,0,
35.0,35.0,0,-292.3584854644723,,0,
36.0,35.0,0,-262.08624327741563,,0,
37.0,35.0,0,-228.51974891728605,-341.638516,1,-113.11876708271393
38.0,35.0,0,-191.94136879150756,,0,
39.0,35.0,0,-158.84966897242703,,0,
40.0,35.0,0,-133.80979658244178,,0,
41.0,35.0,0,-119.62846452824306,,0,
42.0,35.0,0,-118.05611573974602,,0,
43.0,35.0,0,-129.92042434657924,,0,
44.0,35.0,0,-154.24541376903653,,0,
45.0,35.0,0,-187.15746701089665,-358.641357,1,-171.48388998910337
46.0,35.0,0,-222.00697334180586,,0,
47.0,35.0,0,-252.25340030808002,,0,
48.0,35.0,0,-276.980886868434,,0,
49.0,35.0,0,-296.0169225956779,,0,
50.0,35.0,0,-308.29145267570857,,0,
51.0,35.0,0,-312.48237125435844,,0,
52.0,35.0,0,-306.751516236458,,0,
53.0,35.0,0,-289.1206273326243,-395.749253,1,-106.62862566737573
54.0,35.0,0,-259.4536987169413,,0,
55.0,35.0,0,-223.94243544712663,,0,
56.0,35.0,0,-186.89251711289398,,0,
57.0,35.0,0,-151.51843319198815,,0,
58.0,35.0,0,-120.61215538380202,,0,
59.0,35.0,0,-97.19147856743075,,0,
60.0,35.0,0,-85.72903957753442,,0,
61.0,35.0,0,-91.28357038012473,64.217531,1,155.50110138012474
62.0,35.0,0,-115.42599321127636,,0,
63.0,35.0,0,-150.80744498921558,,0,
64.0,35.0,0,-193.60995843308046,,0,
65.0,35.0,0,-241.96509140863782,,0,
66.0,35.0,0,-294.38177510356763,,0,
67.0,35.0,0,-348.99912162753753,,0,
68.0,35.0,0,-403.1816108148778,,0,
69.0,35.0,0,-453.07706874828,-534.100272,1,-81.02320325172002
70.0,35.0,0,-493.5860514320666,,0,
71.0,35.0,0,-524.1523450709647,,0,
72.0,35.0,3,-543.6165808109799,,0,
73.0,35.0,3,-551.2141416487284,,0,
74.0,35.0,3,-547.4290696468379,,0,
75.0,35.0,3,-533.7140462489333,,0,
76.0,35.0,3,-511.5779646531446,,0,
77.0,35.0,3,-482.3029514424561,-374.864282,1,107.4386694424561
78.0,35.0,3,-447.5978627539589,,0,
79.0,35.0,3,-402.8210172674153,,0,
80.0,35.0,3,-344.80697644216707,,0,
81.0,35.0,3,-272.2935222151573,,0,
82.0,35.0,3,-186.32229889399605,,0,
83.0,35.0,3,-90.52984349802136,,0,
84.0,35.0,3,8.97494623286184,,0,
85.0,35.0,3,103.15616096998565,277.612316,1,174.45615503001437
86.0,35.0,3,179.10815050225938,,0,
87.0,35.0,3,233.55029497784562,,0,
88.0,35.0,3,262.6561349608819,,0,
89.0,35.0,3,264.8634539640625,,0,
90.0,35.0,3,243.21009626540763,,0,
91.0,35.0,3,205.00331826985348,,0,
92.0,35.0,3,161.029547922255,,0,
93.0,35.0,3,123.59976179062505,-120.835083,1,-244.43484479062505
94.0,35.0,3,102.03999019420007,,0,
95.0,35.0,3,90.7973807118833,,0,
96.0,35.0,3,86.8806053166627,,0,
97.0,35.0,3,87.02176557356142,,0,
98.0,35.0,3,86.70121110486798,,0,
99.0,35.0,3,80.61709242674988,,0,
100.0,35.0,3,64.14698424862581,,0,
101.0,35.0,3,33.989539702713955,248.217014,1,214.22747429728605
102.0,35.0,3,-14.382944723765831,,0,
103.0,35.0,3,-73.84457304741954,,0,
104.0,35.0,3,-139.95709976827493,,0,
105.0,35.0,3,-209.09662945219316,,0,
106.0,35.0,3,-276.72358442541736,,0,
107.0,35.0,3,-337.38231454073684,,0,
108.0,35.0,3,-385.717085707176,,0,
109.0,35.0,3,-417.17099980809144,-530.716614,1,-113.54561419190861
110.0,35.0,3,-426.9931083355041,,0,
111.0,35.0,3,-411.3198155601276,,0,
112.0,35.0,3,-372.31627369362104,,0,
113.0,35.0,3,-316.4576797709451,,0,
114.0,35.0,3,-252.09410749102244,,0,
115.0,35.0,3,-188.19456361880293,,0,
116.0,35.0,3,-132.02664439835644,,0,
117.0,35.0,3,-87.34021437555202,243.646419,1,330.98663337555206
118.0,35.0,3,-57.57183172943769,,0,
119.0,35.0,3,-45.45542666094843,,0,
120.0,35.0,3,-45.828486082318705,,0,
121.0,35.0,3,-52.031867861631326,,0,
122.0,35.0,3,-59.886709556303686,,0,
123.0,35.0,3,-67.99444506992586,,0,
124.0,35.0,3,-77.59572626950103,,0,
125.0,35.0,3,-90.9007334530761,76.824764,1,167.72549745307612
126.0,35.0,3,-107.95532988407649,,0,
127.0,35.0,3,-128.8647251430084,,0,
128.0,35.0,3,-154.24084094760474,,0,
129.0,35.0,1,-184.3195418790565,,0,
130.0,35.0,1,-218.28689302812563,,0,
131.0,35.0,1,-254.0195998060517,,0,
132.0,35.0,1,-287.99938548507635,,0,
133.0,35.0,1,-316.6002607354312,-319.557335,1,-2.957074264568803
134.0,35.0,1,-338.9014562362572,,0,
135.0,35.0,1,-354.72659105830826,,0,
136.0,35.0,1,-363.66094935667934,,0,
137.0,35.0,1,-365.4326983957435,,0,
138.0,35.0,1,-360.24041924779885,,0,
139.0,35.0,1,-349.08832394948695,,0,
140.0,35.0,1,-333.52434958092635,,0,
141.0,35.0,1,-314.68307918310165,-392.145626,1,-77.46254681689834
142.0,35.0,1,-292.6311837636167,,0,
143.0,35.0,1,-271.386292600655,,0,
144.0,35.0,1,-252.69685009494424,,0,
145.0,35.0,1,-235.41979152575368,,0,
146.0,35.0,1,-216.80745176994242,,0,
147.0,35.0,1,-193.8208701260155,,0,
148.0,35.0,1,-164.49483355513075,,0,
149.0,35.0,1,-129.29498472553678,-81.975663,1,47.31932172553678
150.0,35.0,1,-90.67549969954416,,0,
151.0,35.0,1,-49.00570933811832,,0,
152.0,35.0,1,-5.308874891605228,,0,
153.0,35.0,1,39.66131040581968,,0,
154.0,35.0,1,86.32652469625464,,0,
155.0,35.0,1,136.32164035143796,,0,
156.0,35.0,1,191.83712344721425,,0,
157.0,35.0,1,255.12012106983457,272.841764,1,17.721642930165444
158.0,35.0,1,328.61799638101365,,0,
159.0,35.0,1,413.56792522547767,,0,
160.0,35.0,1,508.54519167449325,,0,
161.0,35.0,1,608.2614800661686,,0,
162.0,35.0,2,701.9175297832116,,0,
163.0,35.0,2,773.1960368580185,,0,
164.0,35.0,2,804.6041141307214,,0,
165.0,35.0,2,789.5842538003926,785.433116,1,-4.151137800392576
166.0,35.0,2,744.3569834905211,,0,
167.0,35.0,2,686.2306688340614,,0,
168.0,35.0,2,619.0363236223347,,0,
169.0,35.0,2,542.388333189243,,0,
170.0,35.0,2,456.03657003556145,,0,
171.0,35.0,2,362.13983722322155,,0,
172.0,35.0,2,268.6133748458233,,0,
173.0,35.0,2,185.36194430175237,-332.164282,1,-517.5262263017523
174.0,35.0,2,113.97037487418856,,0,
175.0,35.0,2,54.362307177856565,,0,
176.0,35.0,2,2.2318709366954863,,0,
177.0,35.0,2,-45.73669279139722,,0,
178.0,35.0,2,-89.8106549156364,,0,
179.0,35.0,2,-128.2522195620695,,0,
180.0,35.0,2,-157.09878270549234,,0,
181.0,35.0,2,-173.19104382093064,-405.170193,1,-231.97914917906934
182.0,35.0,2,-181.80807241564617,,0,
183.0,35.0,2,-188.23652773397043,,0,
184.0,35.0,2,-194.15012620366178,,0,
185.0,35.0,2,-198.67776216566563,,0,
186.0,35.0,2,-199.26255486882292,,0,
187.0,35.0,2,-192.83273841626942,,0,
188.0,35.0,2,-176.19729640241712,,0,
189.0,35.0,2,-146.98876197112259,-458.236386,1,-311.2476240288774
190.0,35.0,2,-106.02254371915478,,0,
191.0,35.0,2,-55.18264227407053,,0,
192.0,35.0,2,-1.7482915999135002,,0,
193.0,35.0,2,47.38218787184451,,0,
194.0,35.0,2,87.95843386952765,,0,
195.0,35.0,2,117.66702038329095,,0,
196.0,35.0,2,135.51053383143153,,0,
197.0,35.0,2,142.6760218575946,236.008321,1,93.33229914240539
198.0,35.0,2,145.77722236327827,,0,
199.0,35.0,2,151.13354442617856,,0,
0.0,36.0,0,-566.8046207148582,,0,
1.0,36.0,0,-585.1200003162958,,0,
2.0,36.0,0,-593.3655697645154,,0,
3.0,36.0,0,-587.499138507992,,0,
4.0,36.0,0,-564.0519025200047,-692.446868,1,-128.39496547999534
5.0,36.0,0,-524.916389413178,,0,
6.0,36.0,0,-472.1630876448471,,0,
7.0,36.0,0,-406.63977112201974,,0,
8.0,36.0,0,-329.4469248810783,,0,
9.0,36.0,0,-242.30179900676012,,0,
10.0,36.0,0,-147.80849094479345,,0,
11.0,36.0,0,-50.85996172996238,,0,
12.0,36.0,0,39.509637848474085,206.270598,1,166.76096015152592
13.0,36.0,0,110.62395496410318,,0,
14.0,36.0,0,159.03352500940673,,0,
15.0,36.0,0,181.19770307233557,,0,
16.0,36.0,0,176.24292998528108,,0,
17.0,36.0,0,146.04211489739828,,0,
18.0,36.0,0,94.06675906723831,,0,
19.0,36.0,0,25.538568763062358,,0,
20.0,36.0,0,-51.91463771904819,-114.786115,1,-62.87147728095181
21.0,36.0,0,-129.09916357893962,,0,
22.0,36.0,0,-200.7422600000864,,0,
23.0,36.0,0,-262.4414364490658,,0,
24.0,36.0,0,-311.97351916809566,,0,
25.0,36.0,0,-349.03531119576655,,0,
26.0,36.0,0,-374.473896240117,,0,
27.0,36.0,0,-389.40352550684474,,0,
28.0,36.0,0,-394.3098754910752,-420.805513,1,-26.4956375089248
29.0,36.0,0,-389.43575860754936,,0,
30.0,36.0,0,-377.05758786480874,,0,
31.0,36.0,0,-359.49817988532595,,0,
32.0,36.0,0,-338.7643878532108,,0,
33.0,36.0,0,-316.09375912253745,,0,
34.0,36.0,0,-291.36446675576735,,0,
35.0,36.0,0,-262.5295749816578,,0,
36.0,36.0,0,-227.43385100527667,-437.964499,1,-210.53064799472332
37.0,36.0,0,-187.86881787341554,,0,
38.0,36.0,0,-146.70933971612249,,0,
39.0,36.0,0,-108.79447508812882,,0,
40.0,36.0,0,-78.69171969685704,,0,
41.0,36.0,0,-59.647740392247215,,0,
42.0,36.0,0,-53.799703755415976,,0,
43.0,36.0,0,-62.55297486297786,,0,
44.0,36.0,0,-85.62077273521572,-77.05552,1,8.565252735215722
45.0,36.0,0,-118.1721516008256,,0,
46.0,36.0,0,-154.19772581662983,,0,
47.0,36.0,0,-189.15659902174957,,0,
48.0,36.0,0,-220.96600585151464,,0,
49.0,36.0,0,-248.37319155258592,,0,
50.0,36.0,0,-269.5256044064881,,0,
51.0,36.0,0,-282.3051021252759,,0,
52.0,36.0,0,-284.4108692537993,-404.684165,1,-120.27329574620069
53.0,36.0,0,-271.9973129830323,,0,
54.0,36.0,0,-248.17250571603654,,0,
55.0,36.0,0,-217.2518549496308,,0,
56.0,36.0,0,-183.047526095761,,0,
57.0,36.0,0,-148.58782270632219,,0,
58.0,36.0,0,-116.69094517978374,,0,
59.0,36.0,0,-90.54979121079668,,0,
60.0,36.0,0,-75.24873430025764,148.565363,1,223.81409730025763
61.0,36.0,0,-79.51954692926665,,0,
62.0,36.0,0,-99.5030370443128,,0,
63.0,36.0,0,-130.55866237729788,,0,
64.0,36.0,0,-169.740941699245,,0,
65.0,36.0,0,-215.7422501401743,,0,
66.0,36.0,0,-267.28362848766847,,0,
67.0,36.0,0,-322.18650404410437,,0,
68.0,36.0,0,-377.2148956179153,-412.026209,1,-34.81131338208468
69.0,36.0,0,-427.6929446377035,,0,
70.0,36.0,0,-469.3168890426168,,0,
71.0,36.0,0,-500.37492863903753,,0,
72.0,36.0,3,-520.0180288950214,,0,
73.0,36.0,3,-527.8197661325103,,0,
74.0,36.0,3,-524.2108578518382,,0,
75.0,36.0,3,-510.5184382761363,,0,
76.0,36.0,3,-488.25986128114164,-304.096047,1,184.16381428114164
77.0,36.0,3,-458.06413454405265,,0,
78.0,36.0,3,-419.78842356899986,,0,
79.0,36.0,3,-370.84095776453614,,0,
80.0,36.0,3,-308.95315613783896,,0,
81.0,36.0,3,-233.53221994207706,,0,
82.0,36.0,3,-145.7091975241492,,0,
83.0,36.0,3,-49.29268064384814,,0,
84.0,36.0,3,48.44011231971672,3.585826,1,-44.85428631971672
85.0,36.0,3,138.2203646930866,,0,
86.0,36.0,3,209.07829861075152,,0,
87.0,36.0,3,256.0671013314277,,0,
88.0,36.0,3,277.1081375187496,,0,
89.0,36.0,3,272.51086600130657,,0,
90.0,36.0,3,246.17867261351785,,0,
91.0,36.0,3,205.52425307466183,,0,
92.0,36.0,3,161.60364395636134,-65.601056,1,-227.20469995636134
93.0,36.0,3,129.7614670584735,,0,
94.0,36.0,3,111.39323520753533,,0,
95.0,36.0,3,103.25443288759561,,0,
96.0,36.0,3,101.3696531697351,,0,
97.0,36.0,3,101.89442068184144,,0,
98.0,36.0,3,100.20114523395023,,0,
99.0,36.0,3,89.97369600227103,,0,
100.0,36.0,3,65.16494334308663,164.886159,1,99.72121565691336
101.0,36.0,3,25.183750298281666,,0,
102.0,36.0,3,-29.12418866029475,,0,
103.0,36.0,3,-92.93584781320533,,0,
104.0,36.0,3,-161.2187543901964,,0,
105.0,36.0,3,-229.8219300324272,,0,
106.0,36.0,3,-294.2629991697031,,0,
107.0,36.0,3,-349.02645607234444,,0,
108.0,36.0,3,-388.44045883203216,-542.72636,1,-154.28590116796784
109.0,36.0,3,-409.12300984186004,,0,
110.0,36.0,3,-408.2613093443215,,0,
111.0,36.0,3,-384.3231436953647,,0,
112.0,36.0,3,-339.3199531564169,,0,
113.0,36.0,3,-278.7886761900445,,0,
114.0,36.0,3,-210.8815105505637,,0,
115.0,36.0,3,-146.43006712093484,,0,
116.0,36.0,3,-95.34019391478796,321.705667,1,417.04586091478797
117.0,36.0,3,-58.46722166589461,,0,
118.0,36.0,3,-35.39966517139692,,0,
119.0,36.0,3,-25.648795026587322,,0,
120.0,36.0,3,-25.59863266434695,,0,
121.0,36.0,3,-30.21407285274472,,0,
122.0,36.0,3,-35.939091229462065,,0,
123.0,36.0,3,-41.885709388472605,,0,
124.0,36.0,3,-49.936444523511454,69.097127,1,119.03357152351145
125.0,36.0,3,-64.47351518197684,,0,
126.0,36.0,3,-83.87435446982272,,0,
127.0,36.0,3,-108.23008690361166,,0,
128.0,36.0,3,-138.33274043141864,,0,
129.0,36.0,1,-174.5139409721014,,0,
130.0,36.0,1,-216.01752514240798,,0,
131.0,36.0,1,-260.7695331481518,,0,
132.0,36.0,1,-305.05541968066245,-416.006337,1,-110.95091731933752
133.0,36.0,1,-343.25722751559806,,0,
134.0,36.0,1,-375.6174578786013,,0,
135.0,36.0,1,-401.07403720356524,,0,
136.0,36.0,1,-417.9795264885179,,0,
137.0,36.0,1,-425.0121404423262,,0,
138.0,36.0,1,-422.04029737220844,,0,
139.0,36.0,1,-410.59418240969535,,0,
140.0,36.0,1,-392.98172200110275,-456.755565,1,-63.77384299889724
141.0,36.0,1,-370.76808927446837,,0,
142.0,36.0,1,-345.2820778010646,,0,
143.0,36.0,1,-319.1972069137846,,0,
144.0,36.0,1,-294.3295038166689,,0,
145.0,36.0,1,-270.56888821485336,,0,
146.0,36.0,1,-246.08757640817203,,0,
147.0,36.0,1,-217.52477007673588,,0,
148.0,36.0,1,-181.95722842187388,-196.108344,1,-14.15111557812611
149.0,36.0,1,-140.7227809149772,,0,
150.0,36.0,1,-96.06824644230073,,0,
151.0,36.0,1,-48.772522901708726,,0,
152.0,36.0,1,0.6881847783224657,,0,
153.0,36.0,1,51.94635077647399,,0,
154.0,36.0,1,105.173478369019,,0,
155.0,36.0,1,161.56628576270305,,0,
156.0,36.0,1,223.3558619520627,258.497636,1,35.141774047937304
157.0,36.0,1,292.5994135548244,,0,
158.0,36.0,1,372.4977721394971,,0,
159.0,36.0,1,464.34887363086455,,0,
160.0,36.0,1,566.8962488698307,,0,
161.0,36.0,1,675.3358019971056,,0,
162.0,36.0,2,779.4702860952821,,0,
163.0,36.0,2,860.8758605287876,,0,
164.0,36.0,2,897.4234659626381,1537.329998,1,639.9065320373618
165.0,36.0,2,878.2513576701167,,0,
166.0,36.0,2,830.9070313889533,,0,
167.0,36.0,2,769.7456421161769,,0,
168.0,36.0,2,698.7982915897155,,0,
169.0,36.0,2,617.6320839479449,,0,
170.0,36.0,2,525.0696704895236,,0,
171.0,36.0,2,422.9238969895523,,0,
172.0,36.0,2,320.7942684944719,-121.797238,1,-442.5915064944719
173.0,36.0,2,236.48100847599562,,0,
174.0,36.0,2,163.81109470315278,,0,
175.0,36.0,2,100.45649247872643,,0,
176.0,36.0,2,44.410486150649376,,0,
177.0,36.0,2,-6.059061690350063,,0,
178.0,36.0,2,-50.95056549040601,,0,
179.0,36.0,2,-89.03121644048952,,0,
180.0,36.0,2,-117.28698070591781,-478.55348,1,-361.26649929408217
181.0,36.0,2,-128.24939111201093,,0,
182.0,36.0,2,-133.21988304052502,,0,
183.0,36.0,2,-137.48382428777404,,0,
184.0,36.0,2,-141.76251226780005,,0,
185.0,36.0,2,-144.04418318235548,,0,
186.0,36.0,2,-140.83043225947767,,0,
187.0,36.0,2,-128.97036145161837,,0,
188.0,36.0,2,-106.01610110083129,-283.221882,1,-177.2057808991687
189.0,36.0,2,-68.06025480723474,,0,
190.0,36.0,2,-20.6469527494628,,0,
191.0,36.0,2,31.834979529259726,,0,
192.0,36.0,2,83.78028825647198,,0,
193.0,36.0,2,129.25726056430722,,0,
194.0,36.0,2,163.80396824411582,,0,
195.0,36.0,2,185.60799609893002,,0,
196.0,36.0,2,195.25675526168197,352.227622,1,156.97086673831802
197.0,36.0,2,193.00533059198642,,0,
198.0,36.0,2,187.55712958890945,,0,
199.0,36.0,2,184.00896853138693,,0,
0.0,37.0,0,-535.2402818175033,,0,
1.0,37.0,0,-553.6257559962105,,0,
2.0,37.0,0,-562.0414463507477,,0,
3.0,37.0,0,-556.7271357225254,-788.480629,1,-231.7534932774746
4.0,37.0,0,-531.1933203577064,,0,
5.0,37.0,0,-491.16547705739504,,0,
6.0,37.0,0,-439.07732332334854,,0,
7.0,37.0,0,-375.75828303489834,,0,
8.0,37.0,0,-302.200745543465,,0,
9.0,37.0,0,-219.97822551825084,,0,
10.0,37.0,0,-130.81744367163628,,0,
11.0,37.0,0,-38.30319721531123,4.047727,1,42.35092421531123
12.0,37.0,0,47.59389793407172,,0,
13.0,37.0,0,116.46093014045618,,0,
14.0,37.0,0,163.35025923559442,,0,
15.0,37.0,0,185.50610089721158,,0,
16.0,37.0,0,181.6929035759531,,0,
17.0,37.0,0,152.91638095281087,,0,
18.0,37.0,0,101.91464222688228,,0,
19.0,37.0,0,33.41228698939085,33.171201,1,-0.24108598939084658
20.0,37.0,0,-43.66190125979483,,0,
21.0,37.0,0,-120.3858008699608,,0,
22.0,37.0,0,-190.90645675105043,,0,
23.0,37.0,0,-251.28773540863767,,0,
24.0,37.0,0,-299.31671848357655,,0,
25.0,37.0,0,-334.6132466553245,,0,
26.0,37.0,0,-358.5250693828566,,0,
27.0,37.0,0,-372.82728082221,-351.600968,1,21.22631282220999
28.0,37.0,0,-377.0756703710649,,0,
29.0,37.0,0,-371.1681627932703,,0,
30.0,37.0,0,-356.8075710996054,,0,
31.0,37.0,0,-336.4446512116119,,0,
32.0,37.0,0,-312.5539620241616,,0,
33.0,37.0,0,-286.9567028884776,,0,
34.0,37.0,0,-259.8181475956226,,0,
35.0,37.0,0,-228.60178041900508,-407.446934,1,-178.84515358099492
36.0,37.0,0,-188.09868875541724,,0,
37.0,37.0,0,-143.25123015372083,,0,
38.0,37.0,0,-97.82110489334445,,0,
39.0,37.0,0,-55.75008999602869,,0,
40.0,37.0,0,-21.187959464034066,,0,
41.0,37.0,0,2.1853675461607054,,0,
42.0,37.0,0,11.869061067816801,,0,
43.0,37.0,0,6.589357225690037,144.841732,1,138.25237477430997
44.0,37.0,0,-15.244613821618259,,0,
45.0,37.0,0,-47.09490382298827,,0,
46.0,37.0,0,-84.0049040998565,,0,
47.0,37.0,0,-122.59099909756333,,0,
48.0,37.0,0,-160.6910265784245,,0,
49.0,37.0,0,-196.2861930297222,,0,
50.0,37.0,0,-226.16356387897395,,0,
51.0,37.0,0,-246.5754003468901,-237.845079,1,8.730321346890094
52.0,37.0,0,-255.4291967335157,,0,
53.0,37.0,0,-251.29893581714714,,0,
54.0,37.0,0,-235.90218925464433,,0,
55.0,37.0,0,-212.3933144584298,,0,
56.0,37.0,0,-183.88499463477638,,0,
57.0,37.0,0,-153.33273860398913,,0,
58.0,37.0,0,-123.83255855197785,,0,
59.0,37.0,0,-99.10526871867478,211.018873,1,310.12414171867476
60.0,37.0,0,-84.360369250644,,0,
61.0,37.0,0,-84.41257217962993,,0,
62.0,37.0,0,-97.96176768478472,,0,
63.0,37.0,0,-121.92182011005934,,0,
64.0,37.0,0,-154.57154894224368,,0,
65.0,37.0,0,-195.65996852959506,,0,
66.0,37.0,0,-244.4662182466709,,0,
67.0,37.0,0,-297.96573447447736,-261.837431,1,36.12830347447738
68.0,37.0,0,-352.3615284746047,,0,
69.0,37.0,0,-402.26272985272226,,0,
70.0,37.0,0,-443.7907574039418,,0,
71.0,37.0,0,-474.7966876839055,,0,
72.0,37.0,3,-494.24267324025277,,0,
73.0,37.0,3,-501.8413632805459,,0,
74.0,37.0,3,-498.08127814740874,,0,
75.0,37.0,3,-484.23777060152497,-435.971512,1,48.26625860152495
76.0,37.0,3,-462.279965764028,,0,
77.0,37.0,3,-431.32270148419775,,0,
78.0,37.0,3,-390.3092262194259,,0,
79.0,37.0,3,-337.6024136201013,,0,
80.0,37.0,3,-272.0899334217538,,0,
81.0,37.0,3,-194.07244093803456,,0,
82.0,37.0,3,-104.57923820754513,,0,
83.0,37.0,3,-6.638046323205344,-98.976752,1,-92.33870567679466
84.0,37.0,3,90.54440299380803,,0,
85.0,37.0,3,176.715826228261,,0,
86.0,37.0,3,243.08785484422697,,0,
87.0,37.0,3,284.4073713970138,,0,
88.0,37.0,3,298.9385815874557,,0,
89.0,37.0,3,288.30991769835236,,0,
90.0,37.0,3,257.88091350549075,,0,
91.0,37.0,3,216.2353573332075,-40.087006,1,-256.3223633332075
92.0,37.0,3,174.53794491378358,,0,
93.0,37.0,3,143.24069742226857,,0,
94.0,37.0,3,124.70484269410372,,0,
95.0,37.0,3,116.24998297641287,,0,
96.0,37.0,3,113.51270437569474,,0,
97.0,37.0,3,111.79776897944976,,0,
98.0,37.0,3,106.39657775009982,,0,
99.0,37.0,3,91.1297881086357,354.463651,1,263.33386289136433
100.0,37.0,3,56.64468738573487,,0,
101.0,37.0,3,8.177651657082606,,0,
102.0,37.0,3,-50.9605242832331,,0,
103.0,37.0,3,-116.90976692340337,,0,
104.0,37.0,3,-185.2305226300523,,0,
105.0,37.0,3,-251.6922317040444,,0,
106.0,37.0,3,-311.9997255578637,,0,
107.0,37.0,3,-360.959635820589,-460.286773,1,-99.32713717941095
108.0,37.0,3,-391.7624734991041,,0,
109.0,37.0,3,-403.2119628659566,,0,
110.0,37.0,3,-393.75858080157195,,0,
111.0,37.0,3,-363.0136360647157,,0,
112.0,37.0,3,-313.20997931495367,,0,
113.0,37.0,3,-249.51028366052196,,0,
114.0,37.0,3,-179.68925270577893,,0,
115.0,37.0,3,-114.81723979045637,246.490291,1,361.3075307904564
116.0,37.0,3,-70.13607171585318,,0,
117.0,37.0,3,-40.2083531517419,,0,
118.0,37.0,3,-22.75937031209469,,0,
119.0,37.0,3,-16.066859861079138,,0,
120.0,37.0,3,-16.7279179628531,,0,
121.0,37.0,3,-20.30289943300886,,0,
122.0,37.0,3,-23.732950015953975,,0,
123.0,37.0,3,-27.315200252225623,-10.280429,1,17.034771252225624
124.0,37.0,3,-33.847404428815935,,0,
125.0,37.0,3,-46.24506508407649,,0,
126.0,37.0,3,-64.73528591264039,,0,
127.0,37.0,3,-89.56753103883239,,0,
128.0,37.0,3,-121.73333927974454,,0,
129.0,37.0,1,-161.7764235326904,,0,
130.0,37.0,1,-208.86387799604563,,0,
131.0,37.0,1,-260.62660032033455,-377.572685,1,-116.94608467966543
132.0,37.0,1,-313.1686638824176,,0,
133.0,37.0,1,-362.2118105388945,,0,
134.0,37.0,1,-405.70131054800004,,0,
135.0,37.0,1,-441.58289270533714,,0,
136.0,37.0,1,-467.14188985998044,,0,
137.0,37.0,1,-479.7794563319476,,0,
138.0,37.0,1,-478.72220293432474,,0,
139.0,37.0,1,-466.43924884928856,-451.890087,1,14.549161849288566
140.0,37.0,1,-446.6724790041335,,0,
141.0,37.0,1,-421.6315332411905,,0,
142.0,37.0,1,-393.19803610036615,,0,
143.0,37.0,1,-363.4038067057263,,0,
144.0,37.0,1,-333.8911506946315,,0,
145.0,37.0,1,-305.3283941099653,,0,
146.0,37.0,1,-276.81943790859077,,0,
147.0,37.0,1,-245.0660025618854,-385.755681,1,-140.68967843811458
148.0,37.0,1,-204.80339220451424,,0,
149.0,37.0,1,-159.17323625570862,,0,
150.0,37.0,1,-110.06745877419598,,0,
151.0,37.0,1,-58.308061503921635,,0,
152.0,37.0,1,-4.305919186095707,,0,
153.0,37.0,1,51.699949110043235,,0,
154.0,37.0,1,109.42356627003755,,0,
155.0,37.0,1,169.24009667395148,317.057113,1,147.81701632604853
156.0,37.0,1,233.93140118627343,,0,
157.0,37.0,1,306.4938019881956,,0,
158.0,37.0,1,389.59902929584496,,0,
159.0,37.0,1,484.48686429543886,,0,
160.0,37.0,1,590.1091236100765,,0,
161.0,37.0,1,702.3684841376962,,0,
162.0,37.0,2,812.2313175454037,,0,
163.0,37.0,2,900.8591564758681,1643.280504,1,742.421347524132
164.0,37.0,2,935.2923296983354,,0,
165.0,37.0,2,925.2161961187958,,0,
166.0,37.0,2,887.1776654098649,,0,
167.0,37.0,2,832.9265520859044,,0,
168.0,37.0,2,766.8146597218001,,0,
169.0,37.0,2,689.3117464184179,,0,
170.0,37.0,2,598.8678378679906,,0,
171.0,37.0,2,496.37986841308884,533.336884,1,36.95701558691121
172.0,37.0,2,394.2747396863997,,0,
173.0,37.0,2,305.18157397105824,,0,
174.0,37.0,2,228.86826712160837,,0,
175.0,37.0,2,162.3741984012304,,0,
176.0,37.0,2,103.89347862685099,,0,
177.0,37.0,2,52.46393476543017,,0,
178.0,37.0,2,9.024768559262156,,0,
179.0,37.0,2,-24.212440020754002,-418.626019,1,-394.413578979246
180.0,37.0,2,-46.28942218562588,,0,
181.0,37.0,2,-56.694361381581984,,0,
182.0,37.0,2,-61.693001160398126,,0,
183.0,37.0,2,-66.36707129527349,,0,
184.0,37.0,2,-71.20668382430449,,0,
185.0,37.0,2,-73.14510625618277,,0,
186.0,37.0,2,-67.02125238988083,,0,
187.0,37.0,2,-48.68608041899279,-73.389442,1,-24.703361581007215
188.0,37.0,2,-17.772157479077578,,0,
189.0,37.0,2,25.07393720629625,,0,
190.0,37.0,2,75.36420438555069,,0,
191.0,37.0,2,127.57217117608525,,0,
192.0,37.0,2,176.26292609004304,,0,
193.0,37.0,2,216.07648333063116,,0,
194.0,37.0,2,242.17455029743724,,0,
195.0,37.0,2,252.46583530772477,439.073607,1,186.6077716922752
196.0,37.0,2,250.37010349449702,,0,
197.0,37.0,2,239.9556588481646,,0,
198.0,37.0,2,227.11519550043158,,0,
199.0,37.0,2,216.23828255711123,,0,
0.0,38.0,0,-488.80693150218576,,0,
1.0,38.0,0,-505.72408011951484,,0,
2.0,38.0,0,-511.6844858753029,-693.659574,1,-181.9750881246971
3.0,38.0,0,-504.03012294042856,,0,
4.0,38.0,0,-480.5463446099311,,0,
5.0,38.0,0,-443.6104408414103,,0,
6.0,38.0,0,-395.4884171488229,,0,
7.0,38.0,0,-336.97102269902825,,0,
8.0,38.0,0,-268.97338497964665,,0,
9.0,38.0,0,-193.3345473119989,,0,
10.0,38.0,0,-111.88465953152627,-301.722892,1,-189.83823246847373
11.0,38.0,0,-25.17040116293356,,0,
12.0,38.0,0,55.16612245514989,,0,
13.0,38.0,0,120.47235089336755,,0,
14.0,38.0,0,165.5577488639392,,0,
15.0,38.0,0,187.20869725057855,,0,
16.0,38.0,0,183.43980094837025,,0,
17.0,38.0,0,154.57541478588246,,0,
18.0,38.0,0,103.73365704645403,242.387796,1,138.65413895354598
19.0,38.0,0,34.23525745095685,,0,
20.0,38.0,0,-42.96361192082986,,0,
21.0,38.0,0,-119.44441054598428,,0,
22.0,38.0,0,-189.2913680410711,,0,
23.0,38.0,0,-248.51549036661163,,0,
24.0,38.0,0,-294.9581414668355,,0,
25.0,38.0,0,-328.2452059483621,,0,
26.0,38.0,0,-349.8198140822351,-241.979423,1,107.8403910822351
27.0,38.0,0,-363.0127729421947,,0,
28.0,38.0,0,-365.6366674446035,,0,
29.0,38.0,0,-357.4479887794005,,0,
30.0,38.0,0,-339.86196246067993,,0,
31.0,38.0,0,-315.30498578958213,,0,
32.0,38.0,0,-286.7504426972009,,0,
33.0,38.0,0,-256.7424137891503,,0,
34.0,38.0,0,-225.52713842247613,-344.649181,1,-119.12204257752387
35.0,38.0,0,-189.72060096776113,,0,
36.0,38.0,0,-146.49210719950497,,0,
37.0,38.0,0,-98.47702805045992,,0,
38.0,38.0,0,-49.76580239646137,,0,
39.0,38.0,0,-4.278361701173708,,0,
40.0,38.0,0,34.022492214338854,,0,
41.0,38.0,0,60.840317715192214,,0,
42.0,38.0,0,72.50543198024388,256.005983,1,183.50055101975613
43.0,38.0,0,68.57375276763923,,0,
44.0,38.0,0,49.80443154531531,,0,
45.0,38.0,0,20.025084599212278,,0,
46.0,38.0,0,-16.67967226379551,,0,
47.0,38.0,0,-57.426021482096985,,0,
48.0,38.0,0,-100.29346333746798,,0,
49.0,38.0,0,-143.0590702687623,,0,
50.0,38.0,0,-181.40702528035035,-282.667237,1,-101.26021171964965
51.0,38.0,0,-209.12300658365712,,0,
52.0,38.0,0,-225.8381630689837,,0,
53.0,38.0,0,-231.03793215187034,,0,
54.0,38.0,0,-225.44434582570102,,0,
55.0,38.0,0,-210.99514630134217,,0,
56.0,38.0,0,-190.1105730367126,,0,
57.0,38.0,0,-165.56266412656987,,0,
58.0,38.0,0,-140.66848271072377,111.99127,1,252.65975271072375
59.0,38.0,0,-119.26358101377264,,0,
60.0,38.0,0,-105.41588165762369,,0,
61.0,38.0,0,-101.96675289882114,,0,
62.0,38.0,0,-108.94470322190318,,0,
63.0,38.0,0,-124.93564171972685,,0,
64.0,38.0,0,-149.25936255371198,,0,
65.0,38.0,0,-183.40550992253702,,0,
66.0,38.0,0,-228.68887223437196,-93.668721,1,135.02015123437195
67.0,38.0,0,-280.1357285043923,,0,
68.0,38.0,0,-332.0740217505954,,0,
69.0,38.0,0,-379.73857358674286,,0,
70.0,38.0,0,-419.53739750327077,,0,
71.0,38.0,3,-449.217442530673,,0,
72.0,38.0,3,-467.5447511058301,,0,
73.0,38.0,3,-474.22598953254055,,0,
74.0,38.0,3,-469.97630076960195,-562.265714,1,-92.28941323039805
75.0,38.0,3,-456.10331659496296,,0,
76.0,38.0,3,-433.54223045764957,,0,
77.0,38.0,3,-401.4779697557533,,0,
78.0,38.0,3,-358.2067804878461,,0,
79.0,38.0,3,-301.95560799061786,,0,
80.0,38.0,3,-232.17176511441357,,0,
81.0,38.0,3,-150.4445914637763,,0,
82.0,38.0,3,-58.95064942687168,-277.022313,1,-218.07166357312832
83.0,38.0,3,41.75231392076239,,0,
84.0,38.0,3,138.76456485898234,,0,
85.0,38.0,3,221.9946563684207,,0,
86.0,38.0,3,283.9229046893306,,0,
87.0,38.0,3,319.78061559284106,,0,
88.0,38.0,3,327.9176520357141,,0,
89.0,38.0,3,310.6796129941358,,0,
90.0,38.0,3,275.18861269322224,165.783498,1,-109.40511469322223
91.0,38.0,3,231.30290269316174,,0,
92.0,38.0,3,189.21181900118245,,0,
93.0,38.0,3,156.7752511901781,,0,
94.0,38.0,3,136.7036554935621,,0,
95.0,38.0,3,126.78681542503182,,0,
96.0,38.0,3,121.73964183896896,,0,
97.0,38.0,3,115.55460967263207,,0,
98.0,38.0,3,103.15262511110632,485.665283,1,382.51265788889367
99.0,38.0,3,79.03840833902359,,0,
100.0,38.0,3,38.7996890838549,,0,
101.0,38.0,3,-14.800949511292856,,0,
102.0,38.0,3,-77.13992474248516,,0,
103.0,38.0,3,-143.88699719315628,,0,
104.0,38.0,3,-210.7972536436573,,0,
105.0,38.0,3,-273.79314570018323,,0,
106.0,38.0,3,-328.72373050346505,-317.0875,1,11.636230503465072
107.0,38.0,3,-370.94549904734595,,0,
108.0,38.0,3,-395.44104934314237,,0,
109.0,38.0,3,-400.13453990471317,,0,
110.0,38.0,3,-384.2682196373353,,0,
111.0,38.0,3,-348.34587567154085,,0,
112.0,38.0,3,-295.0853732044634,,0,
113.0,38.0,3,-229.98191473973566,,0,
114.0,38.0,3,-161.52299841633067,160.802792,1,322.3257904163307
115.0,38.0,3,-100.8666264769272,,0,
116.0,38.0,3,-57.49168263922911,,0,
117.0,38.0,3,-30.586630037345458,,0,
118.0,38.0,3,-16.726835364941508,,0,
119.0,38.0,3,-12.767846868431661,,0,
120.0,38.0,3,-14.88632443487586,,0,
121.0,38.0,3,-18.229648005741183,,0,
122.0,38.0,3,-19.08157501963433,-63.352492,1,-44.27091698036567
123.0,38.0,3,-19.772146387724206,,0,
124.0,38.0,3,-23.770641456649173,,0,
125.0,38.0,3,-33.156225384620484,,0,
126.0,38.0,3,-48.76774573279545,,0,
127.0,38.0,3,-71.51875357865356,,0,
128.0,38.0,3,-103.13248946590465,,0,
129.0,38.0,1,-144.81132052885368,,0,
130.0,38.0,1,-195.53801520325942,-316.451248,1,-120.9132327967406
131.0,38.0,1,-252.6162029110128,,0,
132.0,38.0,1,-312.5187701380928,,0,
133.0,38.0,1,-371.4720177182753,,0,
134.0,38.0,1,-425.9782418065588,,0,
135.0,38.0,1,-472.4271757142851,,0,
136.0,38.0,1,-507.0798675061669,,0,
137.0,38.0,1,-525.8540108982706,,0,
138.0,38.0,1,-526.3320863294066,-539.397372,1,-13.065285670593425
139.0,38.0,1,-513.3434364610584,,0,
140.0,38.0,1,-492.06675062980503,,0,
141.0,38.0,1,-465.3008174756542,,0,
142.0,38.0,1,-434.92945531522855,,0,
143.0,38.0,1,-402.591824741452,,0,
144.0,38.0,1,-369.6830438990146,,0,
145.0,38.0,1,-337.43180473172106,,0,
146.0,38.0,1,-305.84181047196034,-501.627721,1,-195.78591052803966
147.0,38.0,1,-271.1128064941149,,0,
148.0,38.0,1,-229.6458434787346,,0,
149.0,38.0,1,-182.3173146940535,,0,
150.0,38.0,1,-130.94300700066378,,0,
151.0,38.0,1,-76.68122663418762,,0,
152.0,38.0,1,-20.199060277431272,,0,
153.0,38.0,1,38.211820412485395,,0,
154.0,38.0,1,98.10969482897781,192.62295,1,94.5132551710222
155.0,38.0,1,158.2978910395177,,0,
156.0,38.0,1,223.02963519771583,,0,
157.0,38.0,1,295.51630383287556,,0,
158.0,38.0,1,378.0415614754893,,0,
159.0,38.0,1,471.4972839850234,,0,
160.0,38.0,1,574.629937233869,,0,
161.0,38.0,2,683.5705578794586,,0,
162.0,38.0,2,789.6126509688911,1029.284353,1,239.6717020311089
163.0,38.0,2,874.3363819867373,,0,
164.0,38.0,2,918.9708218863234,,0,
165.0,38.0,2,925.9290052499855,,0,
166.0,38.0,2,905.7857942522969,,0,
167.0,38.0,2,866.6541080430616,,0,
168.0,38.0,2,812.4924203199334,,0,
169.0,38.0,2,744.8144393909606,,0,
170.0,38.0,2,663.6338482224382,1003.470911,1,339.83706277756175
171.0,38.0,2,565.9275460871868,,0,
172.0,38.0,2,467.7360802425537,,0,
173.0,38.0,2,378.70966099592624,,0,
174.0,38.0,2,301.1155028922949,,0,
175.0,38.0,2,233.9588862147648,,0,
176.0,38.0,2,176.04178484412841,,0,
177.0,38.0,2,126.75160102476366,,0,
178.0,38.0,2,87.11937689164188,-83.229452,1,-170.34882889164186
179.0,38.0,2,61.28790713963099,,0,
180.0,38.0,2,45.18660439085215,,0,
181.0,38.0,2,36.074490439437795,,0,
182.0,38.0,2,29.895160314044915,,0,
183.0,38.0,2,23.16509561787825,,0,
184.0,38.0,2,15.832265865639783,,0,
185.0,38.0,2,12.254059351806063,,0,
186.0,38.0,2,19.47717377822846,-145.612339,1,-165.08951277822845
187.0,38.0,2,43.05905486922711,,0,
188.0,38.0,2,78.84084740653634,,0,
189.0,38.0,2,123.94984665088123,,0,
190.0,38.0,2,174.00410903152078,,0,
191.0,38.0,2,223.1933319508098,,0,
192.0,38.0,2,266.0062816439895,,0,
193.0,38.0,2,297.5500971060246,,0,
194.0,38.0,2,313.1557121713413,530.54232,1,217.38660782865873
195.0,38.0,2,309.8658304179553,,0,
196.0,38.0,2,296.52482073788997,,0,
197.0,38.0,2,278.41201869986253,,0,
198.0,38.0,2,259.6726405629888,,0,
199.0,38.0,2,243.43703333917074,,0,
0.0,39.0,0,-427.3524038568139,,0,
1.0,39.0,0,-441.7585382538382,-553.379658,1,-111.62111974616175
2.0,39.0,0,-444.2402180253994,,0,
3.0,39.0,0,-435.2915098438971,,0,
4.0,39.0,0,-414.6754034762271,,0,
5.0,39.0,0,-383.1831453181803,,0,
6.0,39.0,0,-341.67016152828,,0,
7.0,39.0,0,-290.0519152600318,,0,
8.0,39.0,0,-228.59242693707347,,0,
9.0,39.0,0,-159.2626416651765,-533.523441,1,-374.26079933482356
10.0,39.0,0,-84.335517532425,,0,
11.0,39.0,0,-6.928954350762069,,0,
12.0,39.0,0,65.19646698934957,,0,
13.0,39.0,0,124.47414870397188,,0,
14.0,39.0,0,165.71889858762734,,0,
15.0,39.0,0,185.33708520280197,,0,
16.0,39.0,0,179.9571615718305,,0,
17.0,39.0,0,147.88477056333795,367.131119,1,219.24634843666206
18.0,39.0,0,93.92363551165909,,0,
19.0,39.0,0,24.409185216296464,,0,
20.0,39.0,0,-52.22377184894867,,0,
21.0,39.0,0,-128.08997545362217,,0,
22.0,39.0,0,-197.14422289538197,,0,
23.0,39.0,0,-255.15313355415128,,0,
24.0,39.0,0,-300.0278230602853,,0,
25.0,39.0,0,-331.82171336223837,-282.848982,1,48.97273136223839
26.0,39.0,0,-352.12933027162217,,0,
27.0,39.0,0,-362.5460865087807,,0,
28.0,39.0,0,-362.2856441887561,,0,
29.0,39.0,0,-350.85223187250085,,0,
30.0,39.0,0,-329.20920503279194,,0,
31.0,39.0,0,-299.5602683587931,,0,
32.0,39.0,0,-265.42854424146935,,0,
33.0,39.0,0,-230.393657626817,-155.638654,1,74.755003626817
34.0,39.0,0,-194.9480229858309,,0,
35.0,39.0,0,-154.85999237606302,,0,
36.0,39.0,0,-108.70004518283531,,0,
37.0,39.0,0,-58.29586819920223,,0,
38.0,39.0,0,-7.222525194752961,,0,
39.0,39.0,0,40.57761508761905,,0,
40.0,39.0,0,81.33358802064322,,0,
41.0,39.0,0,110.9209844362922,254.189281,1,143.2682965637078
42.0,39.0,0,123.63109518378042,,0,
43.0,39.0,0,121.58174109924585,,0,
44.0,39.0,0,105.97730593569577,,0,
45.0,39.0,0,78.86449501360767,,0,
46.0,39.0,0,43.14058726863004,,0,
47.0,39.0,0,1.5429675881750882,,0,
48.0,39.0,0,-44.32222675392404,,0,
49.0,39.0,0,-92.72060058673378,-149.148354,1,-56.42775341326623
50.0,39.0,0,-137.77733373548836,,0,
51.0,39.0,0,-173.95560632203706,,0,
52.0,39.0,0,-199.662605547579,,0,
53.0,39.0,0,-214.6501761212421,,0,
54.0,39.0,0,-219.20091667375527,,0,
55.0,39.0,0,-214.40251645166427,,0,
56.0,39.0,0,-201.98750997916795,,0,
57.0,39.0,0,-184.30688395962352,-90.90407,1,93.40281395962351
58.0,39.0,0,-164.80869819002692,,0,
59.0,39.0,0,-147.11022750823759,,0,
60.0,39.0,0,-134.36501605145168,,0,
61.0,39.0,0,-128.62831242149696,,0,
62.0,39.0,0,-130.4308319821721,,0,
63.0,39.0,0,-139.45416435902007,,0,
64.0,39.0,0,-155.7894558168482,,0,
65.0,39.0,0,-181.68581076024566,88.540592,1,270.22640276024566
66.0,39.0,0,-222.85866430512397,,0,
67.0,39.0,0,-270.1727518355474,,0,
68.0,39.0,0,-317.65735985082574,,0,
69.0,39.0,0,-361.1315851688196,,0,
70.0,39.0,0,-397.34442664310336,,0,
71.0,39.0,3,-424.09491891716607,,0,
72.0,39.0,3,-440.001876524766,,0,
73.0,39.0,3,-444.54807109219837,-548.60049,1,-104.05241890780167
74.0,39.0,3,-438.8551248103031,,0,
75.0,39.0,3,-424.12215927627403,,0,
76.0,39.0,3,-400.6498829117045,,0,
77.0,39.0,3,-367.4731720153359,,0,
78.0,39.0,3,-322.42679401737405,,0,
79.0,39.0,3,-262.7195031532319,,0,
80.0,39.0,3,-187.323055048706,,0,
81.0,39.0,3,-99.10687870852416,-340.396524,1,-241.28964529147584
82.0,39.0,3,-2.0986768605653197,,0,
83.0,39.0,3,98.94762678514235,,0,
84.0,39.0,3,194.20196565397782,,0,
85.0,39.0,3,273.84693166778015,,0,
86.0,39.0,3,330.6522920358111,,0,
87.0,39.0,3,360.3573577331845,,0,
88.0,39.0,3,361.30878178967396,,0,
89.0,39.0,3,335.53318005634355,371.594136,1,36.06095594365644
90.0,39.0,3,292.84418885463674,,0,
91.0,39.0,3,244.37123497051653,,0,
92.0,39.0,3,199.46271202591015,,0,
93.0,39.0,3,164.85746267953073,,0,
94.0,39.0,3,143.25091385509586,,0,
95.0,39.0,3,132.47564266249537,,0,
96.0,39.0,3,125.67492936042254,,0,
97.0,39.0,3,114.5101782916754,366.544565,1,252.03438670832458
98.0,39.0,3,94.64791160420282,,0,
99.0,39.0,3,62.75764236797113,,0,
100.0,39.0,3,17.021512453677133,,0,
101.0,39.0,3,-40.44254410456051,,0,
102.0,39.0,3,-104.99520911386935,,0,
103.0,39.0,3,-171.73402574984357,,0,
104.0,39.0,3,-236.44806447999144,,0,
105.0,39.0,3,-295.4293982204981,-274.336347,1,21.093051220498126
106.0,39.0,3,-344.9559512824344,,0,
107.0,39.0,3,-381.08124735491583,,0,
108.0,39.0,3,-400.08420666550956,,0,
109.0,39.0,3,-399.6169314405415,,0,
110.0,39.0,3,-378.8440017719404,,0,
111.0,39.0,3,-338.8067746226443,,0,
112.0,39.0,3,-282.79363592165464,,0,
113.0,39.0,3,-216.6475531029282,-101.814177,1,114.83337610292821
114.0,39.0,3,-149.8102471586899,,0,
115.0,39.0,3,-92.12325771595351,,0,
116.0,39.0,3,-50.162199016616796,,0,
117.0,39.0,3,-24.82205933620571,,0,
118.0,39.0,3,-13.267096434370615,,0,
119.0,39.0,3,-11.238612417364493,,0,
120.0,39.0,3,-14.28739229569328,,0,
121.0,39.0,3,-17.888626776839374,-235.037922,1,-217.14929522316064
122.0,39.0,3,-15.801819444284774,,0,
123.0,39.0,3,-13.974686477449723,,0,
124.0,39.0,3,-15.687295207724674,,0,
125.0,39.0,3,-22.320131355547346,,0,
126.0,39.0,3,-34.49786287662573,,0,
127.0,39.0,3,-53.372327493852936,,0,
128.0,39.0,3,-81.96921283437405,,0,
129.0,39.0,1,-123.35053041251376,-120.553274,1,2.797256412513761
130.0,39.0,1,-175.80198421358364,,0,
131.0,39.0,1,-236.33894572086865,,0,
132.0,39.0,1,-301.9954332613852,,0,
133.0,39.0,1,-369.2170999009686,,0,
134.0,39.0,1,-433.5177037300309,,0,
135.0,39.0,1,-489.3798999832943,,0,
136.0,39.0,1,-531.7922550246003,,0,
137.0,39.0,1,-556.8874659136636,-845.288068,1,-288.40060208633633
138.0,39.0,1,-558.6907650502981,,0,
139.0,39.0,1,-546.6575133965234,,0,
140.0,39.0,1,-526.057236480352,,0,
141.0,39.0,1,-499.59598540561274,,0,
142.0,39.0,1,-469.1265546004288,,0,
143.0,39.0,1,-436.1169148539193,,0,
144.0,39.0,1,-401.733951535658,,0,
145.0,39.0,1,-367.22299154504435,-256.998433,1,110.22455854504437
146.0,39.0,1,-334.3957235822454,,0,
147.0,39.0,1,-298.5175693234196,,0,
148.0,39.0,1,-256.91530815826263,,0,
149.0,39.0,1,-209.5493994904682,,0,
150.0,39.0,1,-157.71051630645525,,0,
151.0,39.0,1,-102.89603279007133,,0,
152.0,39.0,1,-46.26965675596148,,0,
153.0,39.0,1,11.556878592004068,-121.428521,1,-132.98539959200406
154.0,39.0,1,70.01617336814525,,0,
155.0,39.0,1,129.16793778771535,,0,
156.0,39.0,1,191.77555057487916,,0,
157.0,39.0,1,261.0853714252007,,0,
158.0,39.0,1,339.486454569269,,0,
159.0,39.0,1,427.75743894081097,,0,
160.0,39.0,1,524.2831481799949,,0,
161.0,39.0,2,625.1218558725086,520.624394,1,-104.49746187250855
162.0,39.0,2,724.1515693684341,,0,
163.0,39.0,2,806.6095612053759,,0,
164.0,39.0,2,861.4179894675035,,0,
165.0,39.0,2,886.9710076231277,,0,
166.0,39.0,2,887.4870157185942,,0,
167.0,39.0,2,867.4410104305716,,0,
168.0,39.0,2,828.9654580394272,,0,
169.0,39.0,2,772.551899063983,866.291826,1,93.73992693601701
170.0,39.0,2,700.4079727620119,,0,
171.0,39.0,2,615.5050892212894,,0,
172.0,39.0,2,527.4986407288816,,0,
173.0,39.0,2,444.80176651268266,,0,
174.0,39.0,2,371.13665036915336,,0,
175.0,39.0,2,307.4908262415556,,0,
176.0,39.0,2,254.0904892658582,,0,
177.0,39.0,2,211.27145121939247,138.395854,1,-72.87559721939246
178.0,39.0,2,179.70928363292478,,0,
179.0,39.0,2,159.91340497520287,,0,
180.0,39.0,2,148.54549372405745,,0,
181.0,39.0,2,141.44529302295996,,0,
182.0,39.0,2,134.84553692513146,,0,
183.0,39.0,2,126.0595023172209,,0,
184.0,39.0,2,115.57573580590542,,0,
185.0,39.0,2,109.13562975323293,-62.374858,1,-171.51048775323295
186.0,39.0,2,117.22212333022617,,0,
187.0,39.0,2,140.2339557192754,,0,
188.0,39.0,2,175.54511983622797,,0,
189.0,39.0,2,219.40341891744174,,0,
190.0,39.0,2,266.5473723273026,,0,
191.0,39.0,2,309.76877508079633,,0,
192.0,39.0,2,342.78794678265695,,0,
193.0,39.0,2,362.263661835168,543.868113,1,181.60445116483197
194.0,39.0,2,363.19810642441735,,0,
195.0,39.0,2,349.9815518935211,,0,
196.0,39.0,2,328.9438736286247,,0,
197.0,39.0,2,305.27069520490477,,0,
198.0,39.0,2,282.5186585634947,,0,
199.0,39.0,2,263.0529462888371,,0,
0.0,40.0,0,-352.0253666881472,-300.158539,1,51.86682768814717
1.0,40.0,0,-361.97020078031346,,0,
2.0,40.0,0,-362.663788622478,,0,
3.0,40.0,0,-354.1028619641438,,0,
4.0,40.0,0,-336.97327316505834,,0,
5.0,40.0,0,-311.8395231193863,,0,
6.0,40.0,0,-278.6428831454832,,0,
7.0,40.0,0,-235.7255282443948,,0,
8.0,40.0,0,-181.5539833684452,-529.798624,1,-348.24464063155483
9.0,40.0,0,-119.1766279018484,,0,
10.0,40.0,0,-52.35809041862376,,0,
11.0,40.0,0,14.902351195923984,,0,
12.0,40.0,0,76.92623363994062,,0,
13.0,40.0,0,127.67985926056281,,0,
14.0,40.0,0,162.19518878962845,,0,
15.0,40.0,0,176.88089316431433,,0,
16.0,40.0,0,168.3221157924272,428.97902,1,260.6569042075728
17.0,40.0,0,130.99374274723232,,0,
18.0,40.0,0,74.08894362766296,,0,
19.0,40.0,0,4.536471034400165,,0,
20.0,40.0,0,-71.01391173899174,,0,
21.0,40.0,0,-145.83076644910034,,0,
22.0,40.0,0,-213.82805166672915,,0,
23.0,40.0,0,-270.32359930081293,,0,
24.0,40.0,0,-313.25921008340083,-296.950198,1,16.30901208340083
25.0,40.0,0,-343.4805201620329,,0,
26.0,40.0,0,-362.35282090853434,,0,
27.0,40.0,0,-370.4617785953451,,0,
28.0,40.0,0,-367.3710901483428,,0,
29.0,40.0,0,-352.73211355606327,,0,
30.0,40.0,0,-327.2885986943729,,0,
31.0,40.0,0,-293.05108697526157,,0,
32.0,40.0,0,-253.6740047193598,-106.93191,1,146.74209471935978
33.0,40.0,0,-215.02510146365967,,0,
34.0,40.0,0,-174.56308730924502,,0,
35.0,40.0,0,-129.8623515511863,,0,
36.0,40.0,0,-80.26683264318854,,0,
37.0,40.0,0,-27.378948633442633,,0,
38.0,40.0,0,25.534991497988813,,0,
39.0,40.0,0,74.44458782440051,,0,
40.0,40.0,0,115.54006581264548,226.191295,1,110.65122918735452
41.0,40.0,0,145.493327699136,,0,
42.0,40.0,0,161.19735268712975,,0,
43.0,40.0,0,162.68014192883857,,0,
44.0,40.0,0,150.64822750957683,,0,
45.0,40.0,0,126.05372295243433,,0,
46.0,40.0,0,90.98026400618255,,0,
47.0,40.0,0,48.47444008314051,,0,
48.0,40.0,0,0.7799153188243508,169.44252,1,168.66260468117565
49.0,40.0,0,-52.40142084390391,,0,
50.0,40.0,0,-102.93199486267986,,0,
51.0,40.0,0,-146.10864188242704,,0,
52.0,40.0,0,-180.16248420230113,,0,
53.0,40.0,0,-204.49464425916085,,0,
54.0,40.0,0,-218.74719883524813,,0,
55.0,40.0,0,-223.17504571098834,,0,
56.0,40.0,0,-219.09351993189193,-253.741038,1,-34.64751806810807
57.0,40.0,0,-208.17451624548994,,0,
58.0,40.0,0,-194.14240678527858,,0,
59.0,40.0,0,-180.19347243197262,,0,
60.0,40.0,0,-168.89358597272076,,0,
61.0,40.0,0,-161.97702153415594,,0,
62.0,40.0,0,-160.25548647285905,,0,
63.0,40.0,0,-164.23563830240164,,0,
64.0,40.0,0,-175.1909732518252,134.17839,1,309.36936325182523
65.0,40.0,0,-195.99558712396538,,0,
66.0,40.0,0,-228.62430204381235,,0,
67.0,40.0,0,-268.1232853678521,,0,
68.0,40.0,0,-308.64724500337616,,0,
69.0,40.0,0,-345.89338398416294,,0,
70.0,40.0,0,-376.5428402458201,,0,
71.0,40.0,3,-398.4013617702294,,0,
72.0,40.0,3,-410.3454371272819,-465.639014,1,-55.29357687271806
73.0,40.0,3,-411.2769831957994,,0,
74.0,40.0,3,-403.09762642369606,,0,
75.0,40.0,3,-386.6701424312778,,0,
76.0,40.0,3,-361.8423007574165,,0,
77.0,40.0,3,-327.50652114241893,,0,
78.0,40.0,3,-281.34375843941234,,0,
79.0,40.0,3,-218.92218810785562,,0,
80.0,40.0,3,-136.93372843856923,-442.332976,1,-305.39924756143074
81.0,40.0,3,-41.333281914005056,,0,
82.0,40.0,3,60.549734302359866,,0,
83.0,40.0,3,161.9288972094655,,0,
84.0,40.0,3,254.45400035282364,,0,
85.0,40.0,3,329.4043983948941,,0,
86.0,40.0,3,379.43164207891095,,0,
87.0,40.0,3,400.59980641584843,,0,
88.0,40.0,3,392.92279623413924,642.157464,1,249.23466776586076
89.0,40.0,3,356.49260843204684,,0,
90.0,40.0,3,305.64561112970114,,0,
91.0,40.0,3,251.46294183726422,,0,
92.0,40.0,3,202.4928077168297,,0,
93.0,40.0,3,165.06691282370593,,0,
94.0,40.0,3,142.1792123260675,,0,
95.0,40.0,3,131.6895176693215,,0,
96.0,40.0,3,125.27850637942902,307.570948,1,182.29244162057097
97.0,40.0,3,110.48176765200333,,0,
98.0,40.0,3,85.45890343975043,,0,
99.0,40.0,3,47.87606501101982,,0,
100.0,40.0,3,-3.005646714969771,,0,
101.0,40.0,3,-64.60163676622324,,0,
102.0,40.0,3,-131.5237649048795,,0,
103.0,40.0,3,-198.0520917744143,,0,
104.0,40.0,3,-260.315536490074,-311.867361,1,-51.55182450992601
105.0,40.0,3,-315.35510338738095,,0,
106.0,40.0,3,-359.99142804788426,,0,
107.0,40.0,3,-390.9073849769775,,0,
108.0,40.0,3,-405.11011708021397,,0,
109.0,40.0,3,-400.3166031373257,,0,
110.0,40.0,3,-375.1969524952583,,0,
111.0,40.0,3,-330.7958714917186,,0,
112.0,40.0,3,-271.6265357470984,-362.654427,1,-91.02789125290161
113.0,40.0,3,-203.38856806833064,,0,
114.0,40.0,3,-136.9623796119704,,0,
115.0,40.0,3,-81.02156821999233,,0,
116.0,40.0,3,-40.82921089883894,,0,
117.0,40.0,3,-17.43551766613382,,0,
118.0,40.0,3,-8.160993751429487,,0,
119.0,40.0,3,-7.544378243328538,,0,
120.0,40.0,3,-9.46283865062287,-285.862392,1,-276.39955334937713
121.0,40.0,3,-10.463630991871469,,0,
122.0,40.0,3,-8.477385834732559,,0,
123.0,40.0,3,-6.343577963474672,,0,
124.0,40.0,3,-7.17014795038267,,0,
125.0,40.0,3,-12.215130433731247,,0,
126.0,40.0,3,-21.602495934581384,,0,
127.0,40.0,3,-36.10734236595454,,0,
128.0,40.0,3,-59.54046705173096,123.244613,1,182.78508005173097
129.0,40.0,1,-98.74329446739284,,0,
130.0,40.0,1,-150.05722720964695,,0,
131.0,40.0,1,-211.17778679920593,,0,
132.0,40.0,1,-279.93137511698296,,0,
133.0,40.0,1,-353.0243087665003,,0,
134.0,40.0,1,-425.33696764404885,,0,
135.0,40.0,1,-488.8289371544379,,0,
136.0,40.0,1,-535.1563708119793,-898.960824,1,-363.8044531880207
137.0,40.0,1,-562.3696897999034,,0,
138.0,40.0,1,-570.07575480378,,0,
139.0,40.0,1,-563.1322313225828,,0,
140.0,40.0,1,-546.4073726674542,,0,
141.0,40.0,1,-522.8611629462102,,0,
142.0,40.0,1,-494.61793936707545,,0,
143.0,40.0,1,-463.3659323332831,,0,
144.0,40.0,1,-430.47735237318557,-332.042656,1,98.43469637318555
145.0,40.0,1,-397.2499271472334,,0,
146.0,40.0,1,-364.02484848187305,,0,
147.0,40.0,1,-328.1492315575015,,0,
148.0,40.0,1,-287.2288087386405,,0,
149.0,40.0,1,-240.73575838573743,,0,
150.0,40.0,1,-189.60292764368933,,0,
151.0,40.0,1,-135.65105479641352,,0,
152.0,40.0,1,-80.72362941567553,-215.80671,1,-135.08308058432448
153.0,40.0,1,-25.47211552329827,,0,
154.0,40.0,1,29.81443401053548,,0,
155.0,40.0,1,85.5243898773333,,0,
156.0,40.0,1,143.56444105773699,,0,
157.0,40.0,1,206.8417216897942,,0,
158.0,40.0,1,278.20019100094214,,0,
159.0,40.0,1,358.853213520837,,0,
160.0,40.0,1,447.1392955178162,-101.207106,1,-548.3464015178162
161.0,40.0,2,539.4821686883806,,0,
162.0,40.0,2,630.3663974448573,,0,
163.0,40.0,2,710.9812685002107,,0,
164.0,40.0,2,773.8697034886573,,0,
165.0,40.0,2,815.6660210090922,,0,
166.0,40.0,2,835.7121395941358,,0,
167.0,40.0,2,834.6494842604734,,0,
168.0,40.0,2,813.3565486439038,1008.262287,1,194.9057383560962
169.0,40.0,2,769.7693381818826,,0,
170.0,40.0,2,710.7750441653188,,0,
171.0,40.0,2,641.3156123306835,,0,
172.0,40.0,2,567.6505697236862,,0,
173.0,40.0,2,496.12768944574054,,0,
174.0,40.0,2,431.11297984817065,,0,
175.0,40.0,2,375.08931730443146,,0,
176.0,40.0,2,329.6079711342463,296.567931,1,-33.04004013424634
177.0,40.0,2,296.07231934851734,,0,
178.0,40.0,2,273.73210691823624,,0,
179.0,40.0,2,261.07462022965774,,0,
180.0,40.0,2,254.6748880110681,,0,
181.0,40.0,2,250.19316401495598,,0,
182.0,40.0,2,244.05420436081477,,0,
183.0,40.0,2,233.93821718147956,,0,
184.0,40.0,2,220.45015566819347,318.360042,1,97.90988633180655
185.0,40.0,2,211.46811733418144,,0,
186.0,40.0,2,215.20434749661945,,0,
187.0,40.0,2,233.2058750630822,,0,
188.0,40.0,2,263.42117637454066,,0,
189.0,40.0,2,302.2705022522132,,0,
190.0,40.0,2,344.09439646382816,,0,
191.0,40.0,2,379.2053754667286,,0,
192.0,40.0,2,397.8682271061698,696.640635,1,298.7724078938302
193.0,40.0,2,401.08381187950727,,0,
194.0,40.0,2,390.74399452633224,,0,
195.0,40.0,2,370.5885259876959,,0,
196.0,40.0,2,345.3035723506473,,0,
197.0,40.0,2,318.8629217573325,,0,
198.0,40.0,2,294.40772404149175,,0,
199.0,40.0,2,273.9936320276465,,0,
0.0,41.0,0,-267.1034494014457,,0,
1.0,41.0,0,-272.7158927253913,,0,
2.0,41.0,0,-271.6112394477241,,0,
3.0,41.0,0,-263.8525959760882,,0,
4.0,41.0,0,-250.2728604557924,,0,
5.0,41.0,0,-231.4810264063999,,0,
6.0,41.0,0,-207.00152207142673,,0,
7.0,41.0,0,-174.29498317465186,-363.24868,1,-188.95369682534812
8.0,41.0,0,-128.38605472957715,,0,
9.0,41.0,0,-75.04791348101571,,0,
10.0,41.0,0,-18.41816275054589,,0,
11.0,41.0,0,37.577696779277176,,0,
12.0,41.0,0,88.18141959514469,,0,
13.0,41.0,0,128.34537955286214,,0,
14.0,41.0,0,153.22294601309113,,0,
15.0,41.0,0,158.6748420461081,345.133857,1,186.45901495389188
16.0,41.0,0,142.15434874081984,,0,
17.0,41.0,0,102.5719742665533,,0,
18.0,41.0,0,45.27968485746533,,0,
19.0,41.0,0,-23.162514766678214,,0,
20.0,41.0,0,-96.89826530660503,,0,
21.0,41.0,0,-170.10116516670678,,0,
22.0,41.0,0,-236.60061258717906,,0,
23.0,41.0,0,-290.9488791162148,-348.165756,1,-57.216876883785176
24.0,41.0,0,-331.3114482795354,,0,
25.0,41.0,0,-359.9383137379773,,0,
26.0,41.0,0,-377.7404904142022,,0,
27.0,41.0,0,-384.5879823251162,,0,
28.0,41.0,0,-379.7563078580424,,0,
29.0,41.0,0,-362.8448465411784,,0,
30.0,41.0,0,-334.7429632116109,,0,
31.0,41.0,0,-297.84617607551627,-134.71087,1,163.13530607551627
32.0,41.0,0,-255.90356085821986,,0,
33.0,41.0,0,-212.34002690273337,,0,
34.0,41.0,0,-166.60634923970792,,0,
35.0,41.0,0,-117.30299554090016,,0,
36.0,41.0,0,-64.29521129070781,,0,
37.0,41.0,0,-9.062247878755443,,0,
38.0,41.0,0,45.21492320368998,,0,
39.0,41.0,0,94.35257392702624,142.251657,1,47.89908307297375
40.0,41.0,0,134.76831114152446,,0,
41.0,41.0,0,165.22405207436532,,0,
42.0,41.0,0,183.8443682602374,,0,
43.0,41.0,0,189.47176087182015,,0,
44.0,41.0,0,181.31874814094044,,0,
45.0,41.0,0,158.79973479610635,,0,
46.0,41.0,0,123.0572675934527,,0,
47.0,41.0,0,77.75975563935935,387.613852,1,309.85409636064065
48.0,41.0,0,26.33116591675207,,0,
49.0,41.0,0,-28.586030149366707,,0,
50.0,41.0,0,-81.7914228796144,,0,
51.0,41.0,0,-129.34067374491133,,0,
52.0,41.0,0,-169.6775888542179,,0,
53.0,41.0,0,-202.01090232469141,,0,
54.0,41.0,0,-224.94081468740478,,0,
55.0,41.0,0,-237.23065487924032,-340.071178,1,-102.84052312075966
56.0,41.0,0,-240.13431603368372,,0,
57.0,41.0,0,-235.78570596774807,,0,
58.0,41.0,0,-227.02905980765354,,0,
59.0,41.0,0,-216.65245681838132,,0,
60.0,41.0,0,-206.92525132396258,,0,
61.0,41.0,0,-199.52326756698312,,0,
62.0,41.0,0,-195.4192497282056,,0,
63.0,41.0,0,-195.46819924132433,-58.650057,1,136.81814224132432
64.0,41.0,0,-201.84914494294208,,0,
65.0,41.0,0,-216.86286213010317,,0,
66.0,41.0,0,-240.91688812692882,,0,
67.0,41.0,0,-271.08857481961604,,0,
68.0,41.0,0,-302.9040526357712,,0,
69.0,41.0,0,-332.24649977323133,,0,
70.0,41.0,0,-355.5739947966067,,0,
71.0,41.0,3,-370.2859642421827,-469.260622,1,-98.97465775781734
72.0,41.0,3,-375.9861136135878,,0,
73.0,41.0,3,-372.7841198417009,,0,
74.0,41.0,3,-361.57117490214296,,0,
75.0,41.0,3,-342.78748344013,,0,
76.0,41.0,3,-315.8603385523893,,0,
77.0,41.0,3,-279.4566457214023,,0,
78.0,41.0,3,-231.51933577447198,,0,
79.0,41.0,3,-167.63326875842176,-531.807038,1,-364.17376924157827
80.0,41.0,3,-79.29296995094046,,0,
81.0,41.0,3,21.3564538245555,,0,
82.0,41.0,3,125.65080151654547,,0,
83.0,41.0,3,226.1134516543243,,0,
84.0,41.0,3,314.766734664212,,0,
85.0,41.0,3,383.72428920376115,,0,
86.0,41.0,3,425.06109104998177,,0,
87.0,41.0,3,433.31143777654506,786.537826,1,353.22638822345493
88.0,41.0,3,412.11080641899025,,0,
89.0,41.0,3,367.59624664945295,,0,
90.0,41.0,3,310.50067001360003,,0,
91.0,41.0,3,251.3820558587322,,0,
92.0,41.0,3,198.50309072405798,,0,
93.0,41.0,3,158.2634690644627,,0,
94.0,41.0,3,134.5055904702749,,0,
95.0,41.0,3,125.26345479045995,10.006867,1,-115.25658779045995
96.0,41.0,3,119.41921926027862,,0,
97.0,41.0,3,105.61827532111784,,0,
98.0,41.0,3,79.2125189678045,,0,
99.0,41.0,3,38.33272598963231,,0,
100.0,41.0,3,-16.931365278491285,,0,
101.0,41.0,3,-83.23957477961085,,0,
102.0,41.0,3,-153.5257744480623,,0,
103.0,41.0,3,-219.9592816658551,-282.734842,1,-62.77556033414493
104.0,41.0,3,-279.9839947244909,,0,
105.0,41.0,3,-331.68853736956953,,0,
106.0,41.0,3,-372.16111138940323,,0,
107.0,41.0,3,-398.4831029686029,,0,
108.0,41.0,3,-408.2466099082958,,0,
109.0,41.0,3,-399.5577622879937,,0,
110.0,41.0,3,-370.2241823846125,,0,
111.0,41.0,3,-319.79593163967365,-514.469583,1,-194.6736513603263
112.0,41.0,3,-255.19978340492526,,0,
113.0,41.0,3,-185.01538498484297,,0,
114.0,41.0,3,-118.5947024624038,,0,
115.0,41.0,3,-63.91531380271772,,0,
116.0,41.0,3,-25.747752174545894,,0,
117.0,41.0,3,-4.8615047977655195,,0,
118.0,41.0,3,1.8197749047540128,,0,
119.0,41.0,3,0.5240302142337896,-153.262062,1,-153.78609221423378
120.0,41.0,3,0.050074285973096266,,0,
121.0,41.0,3,0.5420863857725635,,0,
122.0,41.0,3,2.322696908027865,,0,
123.0,41.0,3,3.9168800464249216,,0,
124.0,41.0,3,2.9763365530234296,,0,
125.0,41.0,3,-1.812340886099264,,0,
126.0,41.0,3,-9.856070771696977,,0,
127.0,41.0,3,-20.882108278921805,-164.314796,1,-143.4326877210782
128.0,41.0,3,-40.03166390347178,,0,
129.0,41.0,1,-72.66195872004027,,0,
130.0,41.0,1,-118.68439328946988,,0,
131.0,41.0,1,-176.71978677681182,,0,
132.0,41.0,1,-245.1205570056918,,0,
133.0,41.0,1,-320.6809829293343,,0,
134.0,41.0,1,-397.92271173663903,,0,
135.0,41.0,1,-467.7730357400724,-802.662118,1,-334.8890822599276
136.0,41.0,1,-516.2205075028469,,0,
137.0,41.0,1,-547.253179988591,,0,
138.0,41.0,1,-562.1263832641998,,0,
139.0,41.0,1,-562.9015676368726,,0,
140.0,41.0,1,-552.6587576087913,,0,
141.0,41.0,1,-534.2984755487996,,0,
142.0,41.0,1,-510.36509469756857,,0,
143.0,41.0,1,-483.0030642130878,-500.38643,1,-17.383365786912236
144.0,41.0,1,-453.8592658501002,,0,
145.0,41.0,1,-423.89273893026984,,0,
146.0,41.0,1,-392.80437980627175,,0,
147.0,41.0,1,-358.77128557430115,,0,
148.0,41.0,1,-319.8075485205045,,0,
149.0,41.0,1,-275.18697241006885,,0,
150.0,41.0,1,-225.75683581398334,,0,
151.0,41.0,1,-173.57045513403136,-127.490091,1,46.080364134031356
152.0,41.0,1,-121.4655228391639,,0,
153.0,41.0,1,-69.63783933460945,,0,
154.0,41.0,1,-18.487719892291352,,0,
155.0,41.0,1,32.08876583806705,,0,
156.0,41.0,1,83.42449707409833,,0,
157.0,41.0,1,138.18962860986358,,0,
158.0,41.0,1,200.0773461156059,,0,
159.0,41.0,1,271.6039239000529,-148.278593,1,-419.8825169000529
160.0,41.0,1,350.440569771803,,0,
161.0,41.0,2,433.07672880368773,,0,
162.0,41.0,2,515.7408262029057,,0,
163.0,41.0,2,593.6956111649051,,0,
164.0,41.0,2,662.2441197771113,,0,
165.0,41.0,2,717.3988374284818,,0,
166.0,41.0,2,754.5142256799154,,0,
167.0,41.0,2,769.2576269506244,1106.994474,1,337.7368470493757
168.0,41.0,2,762.6822697140742,,0,
169.0,41.0,2,736.4722690081107,,0,
170.0,41.0,2,695.0874422464985,,0,
171.0,41.0,2,643.3390241196612,,0,
172.0,41.0,2,586.0469033010304,,0,
173.0,41.0,2,528.3786153972615,,0,
174.0,41.0,2,475.0250381384976,,0,
175.0,41.0,2,429.5700980037218,433.740313,1,4.170214996278219
176.0,41.0,2,394.5971731558675,,0,
177.0,41.0,2,371.28600153769366,,0,
178.0,41.0,2,358.6602442811709,,0,
179.0,41.0,2,354.11986346472986,,0,
180.0,41.0,2,353.55317062104587,,0,
181.0,41.0,2,351.90771692665294,,0,
182.0,41.0,2,345.645656034234,,0,
183.0,41.0,2,334.1393424833659,547.270923,1,213.13158051663413
184.0,41.0,2,316.48929853900336,,0,
185.0,41.0,2,303.4231681586243,,0,
186.0,41.0,2,301.3373908228241,,0,
187.0,41.0,2,311.88587147393264,,0,
188.0,41.0,2,333.668965729652,,0,
189.0,41.0,2,363.51874357217457,,0,
190.0,41.0,2,396.3589263600297,,0,
191.0,41.0,2,422.55131094623357,940.026151,1,517.4748400537665
192.0,41.0,2,425.1540312138386,,0,
193.0,41.0,2,414.85841256345157,,0,
194.0,41.0,2,396.3556243898347,,0,
195.0,41.0,2,372.4489266986493,,0,
196.0,41.0,2,346.0062147687422,,0,
197.0,41.0,2,319.5249066092656,,0,
198.0,41.0,2,295.6061735660769,,0,
199.0,41.0,2,276.5524864732288,137.306186,1,-139.24630047322879
0.0,42.0,0,-177.21194974007085,,0,
1.0,42.0,0,-178.89171655965038,,0,
2.0,42.0,0,-175.90816107112914,,0,
3.0,42.0,0,-168.60657290136442,,0,
4.0,42.0,0,-158.0540183982812,,0,
5.0,42.0,0,-144.95910804532468,,0,
6.0,42.0,0,-128.12220244598575,-153.598323,1,-25.476120554014244
7.0,42.0,0,-104.0255793100223,,0,
8.0,42.0,0,-69.98261788068339,,0,
9.0,42.0,0,-28.75541132502258,,0,
10.0,42.0,0,15.585361819015816,,0,
11.0,42.0,0,59.01517380680889,,0,
12.0,42.0,0,96.9411246436648,,0,
13.0,42.0,0,124.75682107405737,,0,
14.0,42.0,0,138.2781413961202,231.963892,1,93.6857506038798
15.0,42.0,0,132.71048335311934,,0,
16.0,42.0,0,108.50631379894912,,0,
17.0,42.0,0,66.5244098098483,,0,
18.0,42.0,0,10.110558026237413,,0,
19.0,42.0,0,-55.884976281784475,,0,
20.0,42.0,0,-126.50107653974555,,0,
21.0,42.0,0,-196.74452444247436,,0,
22.0,42.0,0,-260.85736354859546,-405.25245,1,-144.39508645140455
23.0,42.0,0,-311.52879907004535,,0,
24.0,42.0,0,-350.11041913181543,,0,
25.0,42.0,0,-377.9797981719021,,0,
26.0,42.0,0,-395.63432254327927,,0,
27.0,42.0,0,-402.52173143206164,,0,
28.0,42.0,0,-397.349603632465,,0,
29.0,42.0,0,-379.3068633687217,,0,
30.0,42.0,0,-349.59283187263645,-229.743822,1,119.84900987263646
31.0,42.0,0,-311.2092460577842,,0,
32.0,42.0,0,-267.35792922927067,,0,
33.0,42.0,0,-220.23718297935557,,0,
34.0,42.0,0,-170.3164031561464,,0,
35.0,42.0,0,-117.40679046162404,,0,
36.0,42.0,0,-61.90986011130735,,0,
37.0,42.0,0,-5.287638055742718,,0,
38.0,42.0,0,49.497530293418095,125.144061,1,75.6465307065819
39.0,42.0,0,97.5781073491089,,0,
40.0,42.0,0,137.862242172705,,0,
41.0,42.0,0,169.27656154159922,,0,
42.0,42.0,0,190.47305944841355,,0,
43.0,42.0,0,199.90848733764142,,0,
44.0,42.0,0,195.57952320901677,,0,
45.0,42.0,0,174.76573740202002,,0,
46.0,42.0,0,136.82272181101143,490.1185,1,353.29577818898855
47.0,42.0,0,87.74993821443059,,0,
48.0,42.0,0,33.321034447988495,,0,
49.0,42.0,0,-22.54791266238317,,0,
50.0,42.0,0,-76.24515278195031,,0,
51.0,42.0,0,-125.33505797479302,,0,
52.0,42.0,0,-169.20488675055094,,0,
53.0,42.0,0,-207.461139556719,,0,
54.0,42.0,0,-237.7781981631415,-328.320538,1,-90.5423398368585
55.0,42.0,0,-256.3891406611074,,0,
56.0,42.0,0,-265.32913807115983,,0,
57.0,42.0,0,-266.5609242838691,,0,
58.0,42.0,0,-262.3028543376131,,0,
59.0,42.0,0,-254.88633116194978,,0,
60.0,42.0,0,-246.3264533416368,,0,
61.0,42.0,0,-238.3017284841044,,0,
62.0,42.0,0,-232.1085678829695,-284.920405,1,-52.81183711703051
63.0,42.0,0,-228.2326067580143,,0,
64.0,42.0,0,-229.72428645263426,,0,
65.0,42.0,0,-238.36139728303533,,0,
66.0,42.0,0,-254.14997365808813,,0,
67.0,42.0,0,-275.0055472655222,,0,
68.0,42.0,0,-297.3372728814138,,0,
69.0,42.0,0,-317.4498668688757,,0,
70.0,42.0,3,-332.2638862109743,-416.452965,1,-84.1890787890257
71.0,42.0,3,-338.3868366315728,,0,
72.0,42.0,3,-337.12831303686835,,0,
73.0,42.0,3,-328.9714748604456,,0,
74.0,42.0,3,-314.1801418355317,,0,
75.0,42.0,3,-292.56454452115577,,0,
76.0,42.0,3,-262.84717358020134,,0,
77.0,42.0,3,-222.94499537925003,,0,
78.0,42.0,3,-170.47920289065223,-592.177737,1,-421.69853410934775
79.0,42.0,3,-101.49373558873776,,0,
80.0,42.0,3,-13.328094245749526,,0,
81.0,42.0,3,86.92585815308848,,0,
82.0,42.0,3,189.97450797696365,,0,
83.0,42.0,3,287.0783876928035,,0,
84.0,42.0,3,369.4231674015173,,0,
85.0,42.0,3,429.5243826399528,,0,
86.0,42.0,3,460.91649689432234,832.691287,1,371.77479010567765
87.0,42.0,3,454.30476769490633,,0,
88.0,42.0,3,421.0389517871081,,0,
89.0,42.0,3,369.4222252740292,,0,
90.0,42.0,3,308.09748444368597,,0,
91.0,42.0,3,246.08536868239753,,0,
92.0,42.0,3,191.0766373478109,,0,
93.0,42.0,3,149.65337282948894,,0,
94.0,42.0,3,126.60382530256175,-99.768684,1,-226.37250930256175
95.0,42.0,3,120.95115975115914,,0,
96.0,42.0,3,117.41444537346251,,0,
97.0,42.0,3,105.60584100533742,,0,
98.0,42.0,3,79.84431914263405,,0,
99.0,42.0,3,37.52052140183514,,0,
100.0,42.0,3,-21.06282179846312,,0,
101.0,42.0,3,-91.89669288048754,,0,
102.0,42.0,3,-166.76547832111828,-399.017798,1,-232.25231967888175
103.0,42.0,3,-233.54453182645375,,0,
104.0,42.0,3,-292.7923964968795,,0,
105.0,42.0,3,-342.52906571360654,,0,
106.0,42.0,3,-379.70218983947416,,0,
107.0,42.0,3,-401.63775935646845,,0,
108.0,42.0,3,-406.42813001670584,,0,
109.0,42.0,3,-392.9311942627246,,0,
110.0,42.0,3,-359.50274011678994,-638.716236,1,-279.21349588321004
111.0,42.0,3,-302.0713112388039,,0,
112.0,42.0,3,-232.5400435881893,,0,
113.0,42.0,3,-160.28474171852577,,0,
114.0,42.0,3,-93.68028695933754,,0,
115.0,42.0,3,-40.13515651837224,,0,
116.0,42.0,3,-4.4013162542833015,,0,
117.0,42.0,3,13.241384701948846,,0,
118.0,42.0,3,17.30790489318315,185.98298,1,168.67507510681685
119.0,42.0,3,15.02915535698412,,0,
120.0,42.0,3,12.977053405047627,,0,
121.0,42.0,3,12.864677725505317,,0,
122.0,42.0,3,14.323042954376433,,0,
123.0,42.0,3,15.884416067274287,,0,
124.0,42.0,3,15.203244518197607,,0,
125.0,42.0,3,10.590762984822504,,0,
126.0,42.0,3,2.913839568849653,-172.917852,1,-175.83169156884966
127.0,42.0,3,-4.474792380759027,,0,
128.0,42.0,3,-18.475149255158613,,0,
129.0,42.0,1,-43.58641425980022,,0,
130.0,42.0,1,-81.65886775543913,,0,
131.0,42.0,1,-133.34082941978704,,0,
132.0,42.0,1,-198.02076191373635,,0,
133.0,42.0,1,-272.3816863159009,,0,
134.0,42.0,1,-349.78707079880405,-476.159349,1,-126.37227820119597
135.0,42.0,1,-420.53961155063007,,0,
136.0,42.0,1,-475.6079522630898,,0,
137.0,42.0,1,-514.4459941081877,,0,
138.0,42.0,1,-538.2978602657095,,0,
139.0,42.0,1,-548.1146836841945,,0,
140.0,42.0,1,-545.7199752760353,,0,
141.0,42.0,1,-533.8610740520526,,0,
142.0,42.0,1,-515.5621380336815,-516.596544,1,-1.0344059663184453
143.0,42.0,1,-493.5061424790765,,0,
144.0,42.0,1,-469.60024736315245,,0,
145.0,42.0,1,-444.64198731957003,,0,
146.0,42.0,1,-418.1021809937665,,0,
147.0,42.0,1,-388.224062548019,,0,
148.0,42.0,1,-352.92523995996453,,0,
149.0,42.0,1,-311.3531715574791,,0,
150.0,42.0,1,-264.77338811266236,-122.24809,1,142.52529811266237
151.0,42.0,1,-215.67913743120153,,0,
152.0,42.0,1,-166.43855799047742,,0,
153.0,42.0,1,-118.10334477602737,,0,
154.0,42.0,1,-71.36640109232394,,0,
155.0,42.0,1,-26.593454428133555,,0,
156.0,42.0,1,17.021176189358812,,0,
157.0,42.0,1,62.06052338011796,,0,
158.0,42.0,1,112.75464762956835,-49.102159,1,-161.85680662956835
159.0,42.0,1,174.1068315275479,,0,
160.0,42.0,1,241.65843295049854,,0,
161.0,42.0,2,312.81311578361783,,0,
162.0,42.0,2,385.9732162298169,,0,
163.0,42.0,2,459.47663607785944,,0,
164.0,42.0,2,530.71407082316,,0,
165.0,42.0,2,595.6062546333997,,0,
166.0,42.0,2,647.587515514344,927.233107,1,279.64559148565604
167.0,42.0,2,675.6077232554089,,0,
168.0,42.0,2,684.3529353648191,,0,
169.0,42.0,2,676.4957279263763,,0,
170.0,42.0,2,654.6813848861493,,0,
171.0,42.0,2,621.9616759887431,,0,
172.0,42.0,2,581.7639311000239,,0,
173.0,42.0,2,538.6466683686012,,0,
174.0,42.0,2,497.99483144120313,509.71599,1,11.721158558796844
175.0,42.0,2,464.27658874960616,,0,
176.0,42.0,2,440.7428254253464,,0,
177.0,42.0,2,428.3505719654495,,0,
178.0,42.0,2,425.72787466528825,,0,
179.0,42.0,2,429.60417096619494,,0,
180.0,42.0,2,435.31693692994304,,0,
181.0,42.0,2,436.3402225226164,,0,
182.0,42.0,2,427.12694678246044,589.96285,1,162.83590321753957
183.0,42.0,2,410.4835024686763,,0,
184.0,42.0,2,390.64315056439955,,0,
185.0,42.0,2,374.395402736438,,0,
186.0,42.0,2,366.7918350689579,,0,
187.0,42.0,2,369.230804071296,,0,
188.0,42.0,2,380.5158846054692,,0,
189.0,42.0,2,397.68958664278034,,0,
190.0,42.0,2,415.75149344443344,836.323951,1,420.57245755556653
191.0,42.0,2,425.99878620542586,,0,
192.0,42.0,2,420.4486558714416,,0,
193.0,42.0,2,403.60688523121644,,0,
194.0,42.0,2,381.45640118513256,,0,
195.0,42.0,2,357.29351110290736,,0,
196.0,42.0,2,333.0178729756735,,0,
197.0,42.0,2,309.5581966788159,,0,
198.0,42.0,2,288.1966488624457,185.064822,1,-103.13182686244573
199.0,42.0,2,272.53893976681866,,0,
0.0,43.0,0,-86.2697730269283,,0,
1.0,43.0,0,-84.61612274404615,,0,
2.0,43.0,0,-80.07692403369583,,0,
3.0,43.0,0,-73.07395883277059,,0,
4.0,43.0,0,-65.08284647483379,,0,
5.0,43.0,0,-57.500284052221105,-28.582233,1,28.918051052221106
6.0,43.0,0,-48.27840363769792,,0,
7.0,43.0,0,-33.43567039677873,,0,
8.0,43.0,0,-11.397423855960369,,0,
9.0,43.0,0,16.49383161100559,,0,
10.0,43.0,0,47.30441035423428,,0,
11.0,43.0,0,77.35073628323153,,0,
12.0,43.0,0,101.83542831614614,,0,
13.0,43.0,0,115.74556411465164,287.802433,1,172.05686888534836
14.0,43.0,0,116.22970696445554,,0,
15.0,43.0,0,101.21036091633141,,0,
16.0,43.0,0,70.92132251290604,,0,
17.0,43.0,0,26.900208952254616,,0,
18.0,43.0,0,-28.208462058915757,,0,
19.0,43.0,0,-90.80726603651419,,0,
20.0,43.0,0,-156.88387425453402,,0,
21.0,43.0,0,-222.0652829662431,-250.097918,1,-28.03263503375689
22.0,43.0,0,-281.17020275699906,,0,
23.0,43.0,0,-329.67520801816136,,0,
24.0,43.0,0,-367.31986211729236,,0,
25.0,43.0,0,-395.0844168851618,,0,
26.0,43.0,0,-413.3067363946466,,0,
27.0,43.0,0,-421.3445489646401,,0,
28.0,43.0,0,-417.1485220172908,,0,
29.0,43.0,0,-398.78515542607056,-423.568834,1,-24.78367857392942
30.0,43.0,0,-368.22679873462766,,0,
31.0,43.0,0,-329.36295720771886,,0,
32.0,43.0,0,-284.7525570015423,,0,
33.0,43.0,0,-235.93740884994622,,0,
34.0,43.0,0,-183.73734911670908,,0,
35.0,43.0,0,-128.8709452280309,,0,
36.0,43.0,0,-72.44675106322393,,0,
37.0,43.0,0,-16.159958911128342,167.458971,1,183.61892991112833
38.0,43.0,0,37.28378994169179,,0,
39.0,43.0,0,84.78372536832467,,0,
40.0,43.0,0,124.9583854416851,,0,
41.0,43.0,0,156.96437023975886,,0,
42.0,43.0,0,179.717060361756,,0,
43.0,43.0,0,191.6431801985018,,0,
44.0,43.0,0,189.9073799161706,,0,
45.0,43.0,0,170.30135718811653,430.695804,1,260.3944468118835
46.0,43.0,0,129.12563477572985,,0,
47.0,43.0,0,77.30179194640368,,0,
48.0,43.0,0,21.465954058803618,,0,
49.0,43.0,0,-34.24246909911744,,0,
50.0,43.0,0,-86.84635974711273,,0,
51.0,43.0,0,-134.90157121839002,,0,
52.0,43.0,0,-179.25686188484542,,0,
53.0,43.0,0,-220.9306945638964,-135.484693,1,85.4460015638964
54.0,43.0,0,-255.91271570743993,,0,
55.0,43.0,0,-280.38617824506946,,0,
56.0,43.0,0,-294.550270185573,,0,
57.0,43.0,0,-300.08071455947356,,0,
58.0,43.0,0,-299.00370010745246,,0,
59.0,43.0,0,-293.4528779014945,,0,
60.0,43.0,0,-285.15147145441733,,0,
61.0,43.0,0,-275.4600550412142,-285.358144,1,-9.898088958785763
62.0,43.0,0,-266.0904738117242,,0,
63.0,43.0,0,-258.5906730314018,,0,
64.0,43.0,0,-255.1069836562965,,0,
65.0,43.0,0,-257.13792733009905,,0,
66.0,43.0,0,-264.7771087361034,,0,
67.0,43.0,0,-276.56264033028856,,0,
68.0,43.0,0,-289.2349184056511,,0,
69.0,43.0,0,-298.83548817632254,-466.167013,1,-167.33152482367746
70.0,43.0,3,-303.4166515370016,,0,
71.0,43.0,3,-301.65643421164714,,0,
72.0,43.0,3,-293.8618400046835,,0,
73.0,43.0,3,-280.518394991057,,0,
74.0,43.0,3,-261.74180324404733,,0,
75.0,43.0,3,-237.166894917842,,0,
76.0,43.0,3,-204.79417848633602,,0,
77.0,43.0,3,-161.1568596186953,-411.049728,1,-249.8928683813047
78.0,43.0,3,-104.40207520429976,,0,
79.0,43.0,3,-32.811196563532576,,0,
80.0,43.0,3,53.593454661779106,,0,
81.0,43.0,3,150.11426926072454,,0,
82.0,43.0,3,248.8221920542419,,0,
83.0,43.0,3,340.1824076647172,,0,
84.0,43.0,3,413.4416453890735,,0,
85.0,43.0,3,459.6527611957863,969.127735,1,509.47497380421373
86.0,43.0,3,475.6587068543304,,0,
87.0,43.0,3,460.22092119278386,,0,
88.0,43.0,3,420.2852727328427,,0,
89.0,43.0,3,364.5591278289212,,0,
90.0,43.0,3,301.41877398156794,,0,
91.0,43.0,3,239.57973346591461,,0,
92.0,43.0,3,186.4387871430954,,0,
93.0,43.0,3,147.657282529457,-118.674318,1,-266.331600529457
94.0,43.0,3,130.7222535085748,,0,
95.0,43.0,3,126.85852778190747,,0,
96.0,43.0,3,124.59954826481408,,0,
97.0,43.0,3,114.3382591487607,,0,
98.0,43.0,3,89.73034158916562,,0,
99.0,43.0,3,47.01699527091114,,0,
100.0,43.0,3,-13.93814536993159,,0,
101.0,43.0,3,-87.852821891458,-333.129818,1,-245.276996108542
102.0,43.0,3,-164.99721893697279,,0,
103.0,43.0,3,-235.9341077253339,,0,
104.0,43.0,3,-297.3380280619167,,0,
105.0,43.0,3,-346.868458467623,,0,
106.0,43.0,3,-381.54100063076476,,0,
107.0,43.0,3,-398.97585515643004,,0,
108.0,43.0,3,-397.6618275801666,,0,
109.0,43.0,3,-376.67767771333456,-563.29842,1,-186.6207422866654
110.0,43.0,3,-335.5692122398759,,0,
111.0,43.0,3,-275.26305827050237,,0,
112.0,43.0,3,-203.86146067699883,,0,
113.0,43.0,3,-130.76387183528277,,0,
114.0,43.0,3,-64.31123254369595,,0,
115.0,43.0,3,-12.092982623551507,,0,
116.0,43.0,3,20.42752058311453,,0,
117.0,43.0,3,33.1933922006865,246.044365,1,212.8509727993135
118.0,43.0,3,33.36987528059399,,0,
119.0,43.0,3,28.806645582721103,,0,
120.0,43.0,3,24.827536278928164,,0,
121.0,43.0,3,23.582280726346653,,0,
122.0,43.0,3,24.98111511254683,,0,
123.0,43.0,3,27.594997123698704,,0,
124.0,43.0,3,28.688825731165707,,0,
125.0,43.0,3,25.84498162762611,191.172886,1,165.3279043723739
126.0,43.0,3,20.84009385947138,,0,
127.0,43.0,3,15.337423613120336,,0,
128.0,43.0,3,5.8845963336352725,,0,
129.0,43.0,1,-11.606787398923188,,0,
130.0,43.0,1,-40.30776592501206,,0,
131.0,43.0,1,-83.24062012333889,,0,
132.0,43.0,1,-141.83093367394758,,0,
133.0,43.0,1,-212.8590382929542,-173.275425,1,39.5836132929542
134.0,43.0,1,-288.35044406499946,,0,
135.0,43.0,1,-359.66002859792206,,0,
136.0,43.0,1,-420.38700668659294,,0,
137.0,43.0,1,-468.0057122897124,,0,
138.0,43.0,1,-501.83428564399946,,0,
139.0,43.0,1,-521.2956732398015,,0,
140.0,43.0,1,-526.9785754299955,,0,
141.0,43.0,1,-521.8741368436022,-528.219235,1,-6.345098156397853
142.0,43.0,1,-509.7158187199384,,0,
143.0,43.0,1,-493.7880356548703,,0,
144.0,43.0,1,-476.1746086055646,,0,
145.0,43.0,1,-457.6589564717142,,0,
146.0,43.0,1,-437.6073835361749,,0,
147.0,43.0,1,-414.03743393695913,,0,
148.0,43.0,1,-384.20298109878786,,0,
149.0,43.0,1,-346.6636931071989,-319.104104,1,27.559589107198917
150.0,43.0,1,-303.8089269422926,,0,
151.0,43.0,1,-258.5562952431501,,0,
152.0,43.0,1,-212.94329522136832,,0,
153.0,43.0,1,-168.32078798254952,,0,
154.0,43.0,1,-125.87290450744331,,0,
155.0,43.0,1,-86.72428538836539,,0,
156.0,43.0,1,-50.70569185633212,,0,
157.0,43.0,1,-14.850481720000971,-57.306756,1,-42.45627427999903
158.0,43.0,1,26.130973304156214,,0,
159.0,43.0,1,74.42158137972001,,0,
160.0,43.0,1,128.31459456612356,,0,
161.0,43.0,2,186.04242199810687,,0,
162.0,43.0,2,247.59808362770127,,0,
163.0,43.0,2,314.2418596104253,,0,
164.0,43.0,2,385.3427296470618,,0,
165.0,43.0,2,455.2687879265286,390.530876,1,-64.73791192652862
166.0,43.0,2,516.1363884202437,,0,
167.0,43.0,2,558.9110813745065,,0,
168.0,43.0,2,584.0228688040515,,0,
169.0,43.0,2,594.3537879915093,,0,
170.0,43.0,2,591.9567605569027,,0,
171.0,43.0,2,578.1362854052568,,0,
172.0,43.0,2,554.4030831088312,,0,
173.0,43.0,2,524.7176674923976,446.256027,1,-78.46164049239758
174.0,43.0,2,496.0460285693407,,0,
175.0,43.0,2,474.0859392307466,,0,
176.0,43.0,2,462.06650322908536,,0,
177.0,43.0,2,460.64898376568453,,0,
178.0,43.0,2,467.82550080213696,,0,
179.0,43.0,2,479.2486458129715,,0,
180.0,43.0,2,489.7485207943246,,0,
181.0,43.0,2,493.32315569906496,876.181153,1,382.85799730093504
182.0,43.0,2,479.82634183741175,,0,
183.0,43.0,2,459.4342015822185,,0,
184.0,43.0,2,437.91273242409807,,0,
185.0,43.0,2,419.5837883182103,,0,
186.0,43.0,2,407.51271713129245,,0,
187.0,43.0,2,402.36364850518294,,0,
188.0,43.0,2,402.7612166595645,,0,
189.0,43.0,2,406.0860757206683,631.425125,1,225.33904927933168
190.0,43.0,2,408.4454880626872,,0,
191.0,43.0,2,404.6512014232576,,0,
192.0,43.0,2,391.534236587584,,0,
193.0,43.0,2,371.41054996370804,,0,
194.0,43.0,2,349.01566248119343,,0,
195.0,43.0,2,327.7410767516121,,0,
196.0,43.0,2,308.7596298053395,,0,
197.0,43.0,2,291.7781118201674,344.852493,1,53.074381179832585
198.0,43.0,2,276.18759716139175,,0,
199.0,43.0,2,264.22517026471905,,0,
0.0,44.0,0,2.2897257544100285,,0,
1.0,44.0,0,6.35953078372404,,0,
2.0,44.0,0,11.39305286691524,,0,
3.0,44.0,0,17.163242269773036,,0,
4.0,44.0,0,22.466319071594626,175.361555,1,152.89523592840538
5.0,44.0,0,23.85613811877556,,0,
6.0,44.0,0,26.030217265943065,,0,
7.0,44.0,0,31.987918733153492,,0,
8.0,44.0,0,42.70806466974318,,0,
9.0,44.0,0,57.447436281945556,,0,
10.0,44.0,0,74.36545873456635,,0,
11.0,44.0,0,90.65930508403108,,0,
12.0,44.0,0,101.88479811046273,210.375402,1,108.49060388953728
13.0,44.0,0,101.81986319518182,,0,
14.0,44.0,0,90.31975294440053,,0,
15.0,44.0,0,66.80258805118501,,0,
16.0,44.0,0,31.588244654703885,,0,
17.0,44.0,0,-13.841049689799547,,0,
18.0,44.0,0,-67.24552488978952,,0,
19.0,44.0,0,-125.8925501680933,,0,
20.0,44.0,0,-186.66306468029507,-181.99757,1,4.665494680295069
21.0,44.0,0,-246.05558180704247,,0,
22.0,44.0,0,-300.10654643713497,,0,
23.0,44.0,0,-345.81569842714816,,0,
24.0,44.0,0,-382.24268549098633,,0,
25.0,44.0,0,-409.64501491514966,,0,
26.0,44.0,0,-428.1976678451756,,0,
27.0,44.0,0,-437.3299167547375,,0,
28.0,44.0,0,-434.8913851825055,-602.356191,1,-167.4648058174945
29.0,44.0,0,-416.4288881224347,,0,
30.0,44.0,0,-386.77063418133184,,0,
31.0,44.0,0,-349.22736755316146,,0,
32.0,44.0,0,-305.68901680223644,,0,
33.0,44.0,0,-257.20241219899617,,0,
34.0,44.0,0,-204.65447185211815,,0,
35.0,44.0,0,-149.49802718381397,,0,
36.0,44.0,0,-93.69165535573848,102.996096,1,196.68775135573847
37.0,44.0,0,-39.006867797725135,,0,
38.0,44.0,0,12.44091149349697,,0,
39.0,44.0,0,58.48689532559365,,0,
40.0,44.0,0,97.65800043521449,,0,
41.0,44.0,0,128.94446032110136,,0,
42.0,44.0,0,151.28398842411116,,0,
43.0,44.0,0,163.06154329283163,,0,
44.0,44.0,0,160.91033358685672,308.047784,1,147.13745041314326
45.0,44.0,0,138.27356792788487,,0,
46.0,44.0,0,97.61582738056313,,0,
47.0,44.0,0,46.23554246453568,,0,
48.0,44.0,0,-8.956115518696606,,0,
49.0,44.0,0,-63.245896765613,,0,
50.0,44.0,0,-113.70880912709981,,0,
51.0,44.0,0,-159.34602867462672,,0,
52.0,44.0,0,-201.6504764375277,5.273075,1,206.9235514375277
53.0,44.0,0,-245.0025125326065,,0,
54.0,44.0,0,-282.4846428963356,,0,
55.0,44.0,0,-310.36632131319493,,0,
56.0,44.0,0,-327.8553518302506,,0,
57.0,44.0,0,-335.8377037308528,,0,
58.0,44.0,0,-336.130788260838,,0,
59.0,44.0,0,-330.8747254202608,,0,
60.0,44.0,0,-321.7474282004405,-365.052685,1,-43.305256799559515
61.0,44.0,0,-309.4478477544617,,0,
62.0,44.0,0,-296.56966613489203,,0,
63.0,44.0,0,-284.96697736764327,,0,
64.0,44.0,0,-276.22193830343895,,0,
65.0,44.0,0,-271.41765128733823,,0,
66.0,44.0,0,-270.72210995759815,,0,
67.0,44.0,0,-273.3049233951606,,0,
68.0,44.0,0,-276.6670509482501,-386.172116,1,-109.50506505174991
69.0,44.0,0,-275.57674400625547,,0,
70.0,44.0,3,-270.49937253806274,,0,
71.0,44.0,3,-261.11186504224315,,0,
72.0,44.0,3,-247.23493912548292,,0,
73.0,44.0,3,-228.85447156900773,,0,
74.0,44.0,3,-205.84603182115825,,0,
75.0,44.0,3,-178.13957983907312,,0,
76.0,44.0,3,-144.21252513187937,-259.565474,1,-115.35294886812062
77.0,44.0,3,-98.09943353623385,,0,
78.0,44.0,3,-39.73538622743217,,0,
79.0,44.0,3,31.24547964753583,,0,
80.0,44.0,3,113.9412729969481,,0,
81.0,44.0,3,204.6224195898394,,0,
82.0,44.0,3,296.5844288113876,,0,
83.0,44.0,3,380.0168962851167,,0,
84.0,44.0,3,442.8034514437895,718.431034,1,275.6275825562104
85.0,44.0,3,473.67743234187947,,0,
86.0,44.0,3,477.001924907323,,0,
87.0,44.0,3,455.04287830286194,,0,
88.0,44.0,3,412.462539546832,,0,
89.0,44.0,3,356.1622417316539,,0,
90.0,44.0,3,293.9892627867812,,0,
91.0,44.0,3,235.45589409500826,,0,
92.0,44.0,3,189.6253581251367,-57.726906,1,-247.35226412513668
93.0,44.0,3,159.55609558074502,,0,
94.0,44.0,3,146.07141039037379,,0,
95.0,44.0,3,142.92084877565503,,0,
96.0,44.0,3,140.77062902387115,,0,
97.0,44.0,3,131.13404466262728,,0,
98.0,44.0,3,107.53756052057724,,0,
99.0,44.0,3,64.90772407397162,,0,
100.0,44.0,3,1.385267564910464,27.225051,1,25.839783435089537
101.0,44.0,3,-75.6723179325927,,0,
102.0,44.0,3,-155.57097619777778,,0,
103.0,44.0,3,-230.2669461434707,,0,
104.0,44.0,3,-294.69698450410215,,0,
105.0,44.0,3,-344.990242720698,,0,
106.0,44.0,3,-377.53758053999627,,0,
107.0,44.0,3,-390.09986136254156,,0,
108.0,44.0,3,-382.2322177823298,-440.544848,1,-58.312630217670176
109.0,44.0,3,-353.4429016455251,,0,
110.0,44.0,3,-306.2081994229229,,0,
111.0,44.0,3,-243.79953706043307,,0,
112.0,44.0,3,-172.5354455830966,,0,
113.0,44.0,3,-100.44952086603735,,0,
114.0,44.0,3,-35.460076885996386,,0,
115.0,44.0,3,14.311838178022299,,0,
116.0,44.0,3,42.095489494589856,222.706714,1,180.61122450541015
117.0,44.0,3,47.98853828245774,,0,
118.0,44.0,3,43.6082681393018,,0,
119.0,44.0,3,36.53256111766677,,0,
120.0,44.0,3,31.178602346859407,,0,
121.0,44.0,3,29.459759222489083,,0,
122.0,44.0,3,31.367706012679264,,0,
123.0,44.0,3,35.730189736234024,,0,
124.0,44.0,3,40.02177902922267,173.77059,1,133.74881097077733
125.0,44.0,3,39.64360189877334,,0,
126.0,44.0,3,37.63420359877637,,0,
127.0,44.0,3,34.91622590075713,,0,
128.0,44.0,3,29.85466704785358,,0,
129.0,44.0,1,19.750760693044867,,0,
130.0,44.0,1,1.1938517910894006,,0,
131.0,44.0,1,-31.374672092380933,,0,
132.0,44.0,1,-82.92042480298551,0.157152,1,83.0775768029855
133.0,44.0,1,-149.82354349872912,,0,
134.0,44.0,1,-222.21474900236353,,0,
135.0,44.0,1,-293.0207768914406,,0,
136.0,44.0,1,-357.3579254829092,,0,
137.0,44.0,1,-412.2442052211554,,0,
138.0,44.0,1,-455.5969619503012,,0,
139.0,44.0,1,-484.6410050058621,,0,
140.0,44.0,1,-497.55747904034797,-558.43468,1,-60.87720095965199
141.0,44.0,1,-498.63847959949635,,0,
142.0,44.0,1,-492.797225468501,,0,
143.0,44.0,1,-483.42762758542085,,0,
144.0,44.0,1,-472.70779108494753,,0,
145.0,44.0,1,-461.48752945364686,,0,
146.0,44.0,1,-449.092090398306,,0,
147.0,44.0,1,-433.1539592719637,,0,
148.0,44.0,1,-410.22583230177406,-535.660592,1,-125.43475969822589
149.0,44.0,1,-377.57944445696194,,0,
150.0,44.0,1,-339.8362336016726,,0,
151.0,44.0,1,-299.7361852772301,,0,
152.0,44.0,1,-258.91927657212364,,0,
153.0,44.0,1,-218.66548771999078,,0,
154.0,44.0,1,-180.38274010631721,,0,
155.0,44.0,1,-146.2286162978271,,0,
156.0,44.0,1,-117.42044422961771,-137.515192,1,-20.0947477703823
157.0,44.0,1,-89.97821449814364,,0,
158.0,44.0,1,-59.27275257976726,,0,
159.0,44.0,1,-23.56008603645023,,0,
160.0,44.0,1,16.635783174075186,,0,
161.0,44.0,2,60.49750247661723,,0,
162.0,44.0,2,108.8579509415431,,0,
163.0,44.0,2,166.26550807990134,,0,
164.0,44.0,2,236.38902361656073,-324.016767,1,-560.4057906165608
165.0,44.0,2,309.87508203374455,,0,
166.0,44.0,2,376.36154158436693,,0,
167.0,44.0,2,429.4719452180434,,0,
168.0,44.0,2,468.09825122274924,,0,
169.0,44.0,2,494.1067054763553,,0,
170.0,44.0,2,509.1141726594069,,0,
171.0,44.0,2,512.5226524628233,,0,
172.0,44.0,2,503.1820249212906,612.62156,1,109.43953507870947
173.0,44.0,2,484.74736191821285,,0,
174.0,44.0,2,467.0817649392411,,0,
175.0,44.0,2,456.2012408436276,,0,
176.0,44.0,2,455.0781376668019,,0,
177.0,44.0,2,463.9928466518177,,0,
178.0,44.0,2,480.30650441441685,,0,
179.0,44.0,2,497.816253949306,,0,
180.0,44.0,2,508.93167028645985,941.740773,1,432.80910271354014
181.0,44.0,2,509.8056089041056,,0,
182.0,44.0,2,497.8688145070337,,0,
183.0,44.0,2,478.37852193659637,,0,
184.0,44.0,2,457.2320046434179,,0,
185.0,44.0,2,438.1279732133262,,0,
186.0,44.0,2,423.0387793733971,,0,
187.0,44.0,2,411.7717455138918,,0,
188.0,44.0,2,402.4919209444197,414.562949,1,12.071028055580314
189.0,44.0,2,393.44973277684767,,0,
190.0,44.0,2,382.69874668412376,,0,
191.0,44.0,2,367.73802367178723,,0,
192.0,44.0,2,347.70081823156215,,0,
193.0,44.0,2,324.8749964669114,,0,
194.0,44.0,2,303.7115271585062,,0,
195.0,44.0,2,287.5042191934772,,0,
196.0,44.0,2,275.8876223532716,309.721608,1,33.83398564672842
197.0,44.0,2,266.75430333236,,0,
198.0,44.0,2,258.7553423154168,,0,
199.0,44.0,2,252.11658934503794,,0,
0.0,45.0,0,85.50001627439633,,0,
1.0,45.0,0,90.94030026881956,,0,
2.0,45.0,0,94.86070143477991,,0,
3.0,45.0,0,97.20832089195028,236.396677,1,139.18835610804973
4.0,45.0,0,97.41333563765511,,0,
5.0,45.0,0,94.65851357090287,,0,
6.0,45.0,0,91.29215360502712,,0,
7.0,45.0,0,89.5618477803655,,0,
8.0,45.0,0,90.08384311618283,,0,
9.0,45.0,0,92.37734867818654,,0,
10.0,45.0,0,95.5464681761805,,0,
11.0,45.0,0,97.88606906728819,68.485754,1,-29.40031506728819
12.0,45.0,0,95.32175421761349,,0,
13.0,45.0,0,83.79632267524721,,0,
14.0,45.0,0,62.508066734764725,,0,
15.0,45.0,0,31.79215181991458,,0,
16.0,45.0,0,-7.521022178698331,,0,
17.0,45.0,0,-53.84194209345151,,0,
18.0,45.0,0,-105.20563624647912,,0,
19.0,45.0,0,-159.71406834945083,-124.322521,1,35.39154734945083
20.0,45.0,0,-215.21104872599244,,0,
21.0,45.0,0,-269.02108680200763,,0,
22.0,45.0,0,-318.2308410599362,,0,
23.0,45.0,0,-360.5380650339648,,0,
24.0,45.0,0,-394.84184325509705,,0,
25.0,45.0,0,-420.981763320975,,0,
26.0,45.0,0,-438.8605654228013,,0,
27.0,45.0,0,-447.5800520251505,-553.979815,1,-106.39976297484952
28.0,45.0,0,-444.96846098825336,,0,
29.0,45.0,0,-429.2264972224657,,0,
30.0,45.0,0,-402.790448064683,,0,
31.0,45.0,0,-368.5832259193994,,0,
32.0,45.0,0,-328.1619291154202,,0,
33.0,45.0,0,-282.0539368932368,,0,
34.0,45.0,0,-230.91438406927045,,0,
35.0,45.0,0,-176.82637993455864,-148.34287,1,28.48350993455864
36.0,45.0,0,-122.88978982600383,,0,
37.0,45.0,0,-70.63289153645746,,0,
38.0,45.0,0,-21.839704387355596,,0,
39.0,45.0,0,21.725244471570477,,0,
40.0,45.0,0,58.60351994843222,,0,
41.0,45.0,0,87.5583679130068,,0,
42.0,45.0,0,107.32264020910952,,0,
43.0,45.0,0,116.03900472680107,183.420557,1,67.38155227319893
44.0,45.0,0,110.23816886218265,,0,
45.0,45.0,0,86.68143981331377,,0,
46.0,45.0,0,47.41514412732795,,0,
47.0,45.0,0,-1.9678774545900524,,0,
48.0,45.0,0,-55.27272673835978,,0,
49.0,45.0,0,-107.3295760427136,,0,
50.0,45.0,0,-155.16053717269097,,0,
51.0,45.0,0,-198.69554205751047,-13.864125,1,184.83141705751046
52.0,45.0,0,-240.1270340674091,,0,
53.0,45.0,0,-281.0560332335299,,0,
54.0,45.0,0,-317.8057652855059,,0,
55.0,45.0,0,-346.3979764308315,,0,
56.0,45.0,0,-364.86132229771465,,0,
57.0,45.0,0,-373.09014162037056,,0,
58.0,45.0,0,-372.64165009430144,,0,
59.0,45.0,0,-365.7727708562743,-321.044755,1,44.72801585627428
60.0,45.0,0,-354.18456605495885,,0,
61.0,45.0,0,-339.21040189459745,,0,
62.0,45.0,0,-322.83880722208414,,0,
63.0,45.0,0,-306.8695766357705,,0,
64.0,45.0,0,-292.6108697181335,,0,
65.0,45.0,0,-280.8445694120019,,0,
66.0,45.0,0,-271.650451561145,,0,
67.0,45.0,0,-264.375000346452,-229.655022,1,34.719978346451995
68.0,45.0,0,-257.5689751865575,,0,
69.0,45.0,0,-247.79524480865803,,0,
70.0,45.0,3,-234.66502987314016,,0,
71.0,45.0,3,-218.48635261994787,,0,
72.0,45.0,3,-199.19309765973594,,0,
73.0,45.0,3,-176.42300080915447,,0,
74.0,45.0,3,-149.57290220522555,,0,
75.0,45.0,3,-118.27099345030729,-9.300563,1,108.97043045030729
76.0,45.0,3,-82.64770562527701,,0,
77.0,45.0,3,-37.07948983410097,,0,
78.0,45.0,3,19.671565999276936,,0,
79.0,45.0,3,87.06380934105255,,0,
80.0,45.0,3,163.60818716872018,,0,
81.0,45.0,3,246.02544394525466,,0,
82.0,45.0,3,328.50339807156706,,0,
83.0,45.0,3,401.38944543909747,595.01126,1,193.62181456090252
84.0,45.0,3,450.195264415117,,0,
85.0,45.0,3,471.8055234642525,,0,
86.0,45.0,3,468.366320405039,,0,
87.0,45.0,3,443.41330843698233,,0,
88.0,45.0,3,401.3595326219802,,0,
89.0,45.0,3,347.98233442322817,,0,
90.0,45.0,3,290.0849267379381,,0,
91.0,45.0,3,236.66647286247462,-47.848893,1,-284.5153658624746
92.0,45.0,3,200.38825012143934,,0,
93.0,45.0,3,178.04063204454724,,0,
94.0,45.0,3,167.6440730090835,,0,
95.0,45.0,3,164.70954174629878,,0,
96.0,45.0,3,162.0062379288429,,0,
97.0,45.0,3,151.65550396803883,,0,
98.0,45.0,3,127.34615574064082,,0,
99.0,45.0,3,84.55883811123203,398.705811,1,314.14697288876795
100.0,45.0,3,17.410038350644754,,0,
101.0,45.0,3,-61.67294586193748,,0,
102.0,45.0,3,-143.1432890855358,,0,
103.0,45.0,3,-219.9605126620154,,0,
104.0,45.0,3,-286.50102745136246,,0,
105.0,45.0,3,-337.52985313991667,,0,
106.0,45.0,3,-367.95417547773104,,0,
107.0,45.0,3,-374.95284994115354,-426.639707,1,-51.68685705884644
108.0,45.0,3,-360.32582274737797,,0,
109.0,45.0,3,-326.2883507235092,,0,
110.0,45.0,3,-275.7637994060642,,0,
111.0,45.0,3,-212.81308844516752,,0,
112.0,45.0,3,-143.30156779162644,,0,
113.0,45.0,3,-74.70498888858128,,0,
114.0,45.0,3,-14.424231373122893,,0,
115.0,45.0,3,30.271462564123794,344.916927,1,314.6454644358762
116.0,45.0,3,49.13768753153272,,0,
117.0,45.0,3,50.445864406821784,,0,
118.0,45.0,3,43.39023354748497,,0,
119.0,45.0,3,35.05095756618539,,0,
120.0,45.0,3,29.563929304888006,,0,
121.0,45.0,3,28.5335544461268,,0,
122.0,45.0,3,31.65448711771751,,0,
123.0,45.0,3,37.507586631632876,11.306019,1,-26.201567631632876
124.0,45.0,3,43.946070074656745,,0,
125.0,45.0,3,47.8265732001455,,0,
126.0,45.0,3,49.71859821944963,,0,
127.0,45.0,3,50.404673769837245,,0,
128.0,45.0,3,49.36880727449898,,0,
129.0,45.0,1,45.34503739513457,,0,
130.0,45.0,1,35.71100674569607,,0,
131.0,45.0,1,13.9772273490089,376.874922,1,362.8976946509911
132.0,45.0,1,-31.39834060065914,,0,
133.0,45.0,1,-91.07730379584245,,0,
134.0,45.0,1,-157.52155832597055,,0,
135.0,45.0,1,-225.3711266902974,,0,
136.0,45.0,1,-290.6209404502297,,0,
137.0,45.0,1,-350.0345466014114,,0,
138.0,45.0,1,-400.670136081113,,0,
139.0,45.0,1,-438.57046057260595,-679.8789,1,-241.3084394273941
140.0,45.0,1,-457.45783673331607,,0,
141.0,45.0,1,-464.8406664863578,,0,
142.0,45.0,1,-465.6009808903327,,0,
143.0,45.0,1,-462.9722649358446,,0,
144.0,45.0,1,-459.2817862306256,,0,
145.0,45.0,1,-455.51725076293224,,0,
146.0,45.0,1,-450.8890891459305,,0,
147.0,45.0,1,-442.63816124398727,-533.373294,1,-90.73513275601272
148.0,45.0,1,-425.8615608802065,,0,
149.0,45.0,1,-401.0628810178023,,0,
150.0,45.0,1,-370.9105903265299,,0,
151.0,45.0,1,-337.8383797624265,,0,
152.0,45.0,1,-303.37690035335254,,0,
153.0,45.0,1,-268.76275194471236,,0,
154.0,45.0,1,-235.41958246508148,,0,
155.0,45.0,1,-205.8140594039578,-25.043601,1,180.7704584039578
156.0,45.0,1,-184.18510289827827,,0,
157.0,45.0,1,-164.38757212844212,,0,
158.0,45.0,1,-142.6085888023954,,0,
159.0,45.0,1,-117.29931313241832,,0,
160.0,45.0,1,-88.30889410607051,,0,
161.0,45.0,2,-55.793599780939985,,0,
162.0,45.0,2,-18.78199400298763,,0,
163.0,45.0,2,27.989996946649626,-525.661152,1,-553.6511489466496
164.0,45.0,2,96.9718292108737,,0,
165.0,45.0,2,170.6126404843526,,0,
166.0,45.0,2,238.7908559953794,,0,
167.0,45.0,2,296.7243560659699,,0,
168.0,45.0,2,343.26536685647443,,0,
169.0,45.0,2,379.79920654476155,,0,
170.0,45.0,2,407.6549578231061,,0,
171.0,45.0,2,424.9182782592252,683.379804,1,258.46152574077485
172.0,45.0,2,425.4734765221365,,0,
173.0,45.0,2,418.0883299103007,,0,
174.0,45.0,2,411.1016429583542,,0,
175.0,45.0,2,410.45152203924954,,0,
176.0,45.0,2,419.0740987006575,,0,
177.0,45.0,2,436.87085600028513,,0,
178.0,45.0,2,460.7477753768908,,0,
179.0,45.0,2,483.801327599911,753.706375,1,269.90504740008896
180.0,45.0,2,494.3240782011999,,0,
181.0,45.0,2,494.586410422693,,0,
182.0,45.0,2,485.2176294500241,,0,
183.0,45.0,2,469.025214063935,,0,
184.0,45.0,2,450.1215847339481,,0,
185.0,45.0,2,431.63525521941483,,0,
186.0,45.0,2,415.00554387131706,,0,
187.0,45.0,2,399.6443723968696,469.226644,1,69.58227160313044
188.0,45.0,2,382.79192527150735,,0,
189.0,45.0,2,364.6362879492808,,0,
190.0,45.0,2,344.42180486838333,,0,
191.0,45.0,2,321.3896360520739,,0,
192.0,45.0,2,296.0473393528955,,0,
193.0,45.0,2,270.97080272680614,,0,
194.0,45.0,2,251.38881691207644,,0,
195.0,45.0,2,241.92391904699616,87.998501,1,-153.92541804699616
196.0,45.0,2,239.0172872520052,,0,
197.0,45.0,2,238.37437762657646,,0,
198.0,45.0,2,238.0027338610962,,0,
199.0,45.0,2,237.22274952428415,,0,
0.0,46.0,0,160.67629595194012,,0,
1.0,46.0,0,166.75378263788298,,0,
2.0,46.0,0,168.17684837104753,290.576616,1,122.39976762895247
3.0,46.0,0,166.06634287163615,,0,
4.0,46.0,0,161.42438678536564,,0,
5.0,46.0,0,154.57241837395122,,0,
6.0,46.0,0,146.57878715149127,,0,
7.0,46.0,0,138.47107414435595,,0,
8.0,46.0,0,130.28018508758396,,0,
9.0,46.0,0,121.43588755035307,,0,
10.0,46.0,0,111.7183681782335,53.407925,1,-58.310443178233506
11.0,46.0,0,101.23331738635898,,0,
12.0,46.0,0,86.32305220747367,,0,
13.0,46.0,0,64.4283503126353,,0,
14.0,46.0,0,34.85831336118281,,0,
15.0,46.0,0,-1.8379321517422795,,0,
16.0,46.0,0,-44.50651222653687,,0,
17.0,46.0,0,-91.35487568750978,,0,
18.0,46.0,0,-140.3852160521783,-130.406475,1,9.978741052178293
19.0,46.0,0,-190.81595817347988,,0,
20.0,46.0,0,-241.46793447900563,,0,
21.0,46.0,0,-290.324967889057,,0,
22.0,46.0,0,-335.09510349389166,,0,
23.0,46.0,0,-373.8102936253417,,0,
24.0,46.0,0,-405.3048037670087,,0,
25.0,46.0,0,-429.32828954351135,,0,
26.0,46.0,0,-445.81727549398784,-428.32879,1,17.48848549398781
27.0,46.0,0,-453.6195755507797,,0,
28.0,46.0,0,-451.23399567534216,,0,
29.0,46.0,0,-438.131914493395,,0,
30.0,46.0,0,-415.67991917720065,,0,
31.0,46.0,0,-385.9577464251779,,0,
32.0,46.0,0,-350.27268194570206,,0,
33.0,46.0,0,-308.4189246672904,,0,
34.0,46.0,0,-260.1201390567003,-424.767933,1,-164.64779394329975
35.0,46.0,0,-208.56571567128412,,0,
36.0,46.0,0,-157.22103101504035,,0,
37.0,46.0,0,-108.06522430072073,,0,
38.0,46.0,0,-62.64398583897855,,0,
39.0,46.0,0,-22.442495938623324,,0,
40.0,46.0,0,11.129864581627771,,0,
41.0,46.0,0,36.65236611000728,,0,
42.0,46.0,0,52.64106592105236,35.137927,1,-17.50313892105236
43.0,46.0,0,57.502972537186,,0,
44.0,46.0,0,48.503396653337404,,0,
45.0,46.0,0,24.234681317815557,,0,
46.0,46.0,0,-13.712262661661953,,0,
47.0,46.0,0,-61.0809424163308,,0,
48.0,46.0,0,-112.31335624377243,,0,
49.0,46.0,0,-161.80872897873633,,0,
50.0,46.0,0,-206.1999460613588,-243.811982,1,-37.61203593864121
51.0,46.0,0,-246.88526169443503,,0,
52.0,46.0,0,-286.05169574171305,,0,
53.0,46.0,0,-324.0614170351182,,0,
54.0,46.0,0,-358.64096579758916,,0,
55.0,46.0,0,-386.3324231542647,,0,
56.0,46.0,0,-404.0576439134311,,0,
57.0,46.0,0,-410.56027356593404,,0,
58.0,46.0,0,-407.4506270503043,-397.142728,1,10.307899050304343
59.0,46.0,0,-397.5788503277581,,0,
60.0,46.0,0,-382.78951149247587,,0,
61.0,46.0,0,-364.6228718297789,,0,
62.0,46.0,0,-344.64507406798657,,0,
63.0,46.0,0,-324.27107919717673,,0,
64.0,46.0,0,-304.54856185335666,,0,
65.0,46.0,0,-286.0729627920664,,0,
66.0,46.0,0,-268.91440220037475,-114.146582,1,154.76782020037476
67.0,46.0,0,-252.64359148195945,,0,
68.0,46.0,0,-236.2109119819943,,0,
69.0,46.0,0,-218.04997931962134,,0,
70.0,46.0,3,-197.73211058066227,,0,
71.0,46.0,3,-175.65054919710383,,0,
72.0,46.0,3,-151.92805917561054,,0,
73.0,46.0,3,-126.00120723090367,,0,
74.0,46.0,3,-96.96334380871849,322.488424,1,419.4517678087185
75.0,46.0,3,-64.24452295259107,,0,
76.0,46.0,3,-26.955495882895775,,0,
77.0,46.0,3,17.722289499273757,,0,
78.0,46.0,3,71.22829757560976,,0,
79.0,46.0,3,133.0586477186298,,0,
80.0,46.0,3,201.45729019935243,,0,
81.0,46.0,3,273.45213833489106,,0,
82.0,46.0,3,343.932359046652,499.100448,1,155.168088953348
83.0,46.0,3,403.6816905764863,,0,
84.0,46.0,3,443.0525078626815,,0,
85.0,46.0,3,459.01935876249627,,0,
86.0,46.0,3,453.02215452253586,,0,
87.0,46.0,3,428.38703173119575,,0,
88.0,46.0,3,389.6925601786934,,0,
89.0,46.0,3,342.4519981715712,,0,
90.0,46.0,3,292.89697250467725,42.592962,1,-250.30401050467725
91.0,46.0,3,248.96786136517767,,0,
92.0,46.0,3,217.93165708787274,,0,
93.0,46.0,3,199.4154925774783,,0,
94.0,46.0,3,190.49306969571626,,0,
95.0,46.0,3,187.11101935012266,,0,
96.0,46.0,3,183.25978984715766,,0,
97.0,46.0,3,170.80767341222963,,0,
98.0,46.0,3,141.97899698885158,426.117305,1,284.1383080111484
99.0,46.0,3,94.36806212377269,,0,
100.0,46.0,3,28.088088605494704,,0,
101.0,46.0,3,-49.4001644126256,,0,
102.0,46.0,3,-129.65523034200305,,0,
103.0,46.0,3,-206.0783866168931,,0,
104.0,46.0,3,-272.8777007301687,,0,
105.0,46.0,3,-323.66389620574773,,0,
106.0,46.0,3,-351.7426582578046,-518.211877,1,-166.46921874219538
107.0,46.0,3,-353.2325754875201,,0,
108.0,46.0,3,-334.04817945741524,,0,
109.0,46.0,3,-297.56234468589537,,0,
110.0,46.0,3,-246.76944292214466,,0,
111.0,46.0,3,-185.6718786205165,,0,
112.0,46.0,3,-119.8926363599603,,0,
113.0,46.0,3,-57.40731953489012,,0,
114.0,46.0,3,-6.781308673613239,366.429149,1,373.21045767361323
115.0,46.0,3,26.986207112146076,,0,
116.0,46.0,3,40.772120495166746,,0,
117.0,46.0,3,39.706632084882585,,0,
118.0,46.0,3,31.77703882206697,,0,
119.0,46.0,3,23.68306387407938,,0,
120.0,46.0,3,19.59856623543601,,0,
121.0,46.0,3,20.74951781897107,,0,
122.0,46.0,3,26.290257848479087,5.075902,1,-21.214355848479087
123.0,46.0,3,34.52275544725126,,0,
124.0,46.0,3,43.4148619340267,,0,
125.0,46.0,3,51.01141451651347,,0,
126.0,46.0,3,56.73835354798939,,0,
127.0,46.0,3,60.644781164766755,,0,
128.0,46.0,3,62.51433006179286,,0,
129.0,46.0,1,62.12084257771494,,0,
130.0,46.0,1,57.74506160907913,348.69142,1,290.94635839092086
131.0,46.0,1,41.9662071125349,,0,
132.0,46.0,1,8.036003950692248,,0,
133.0,46.0,1,-40.4501793225063,,0,
134.0,46.0,1,-97.77870726736728,,0,
135.0,46.0,1,-159.89753668603953,,0,
136.0,46.0,1,-223.31278474081773,,0,
137.0,46.0,1,-284.1573340795294,,0,
138.0,46.0,1,-338.13311908292235,-657.743082,1,-319.6099629170776
139.0,46.0,1,-380.31616761232726,,0,
140.0,46.0,1,-407.32113236008445,,0,
141.0,46.0,1,-422.4908648703131,,0,
142.0,46.0,1,-430.34148325945716,,0,
143.0,46.0,1,-434.36092004395323,,0,
144.0,46.0,1,-437.4261866558227,,0,
145.0,46.0,1,-440.90026490204036,,0,
146.0,46.0,1,-443.5049987587845,-397.924216,1,45.580782758784494
147.0,46.0,1,-442.06620370573364,,0,
148.0,46.0,1,-433.51732358324807,,0,
149.0,46.0,1,-417.8782175210654,,0,
150.0,46.0,1,-396.8997110759374,,0,
151.0,46.0,1,-372.4091857986059,,0,
152.0,46.0,1,-345.79231655964395,,0,
153.0,46.0,1,-318.3494827891118,,0,
154.0,46.0,1,-291.9241899398039,88.020216,1,379.9444059398039
155.0,46.0,1,-269.24874795158394,,0,
156.0,46.0,1,-252.16223342745798,,0,
157.0,46.0,1,-237.7017674826784,,0,
158.0,46.0,1,-222.47909155092202,,0,
159.0,46.0,1,-204.60913445567712,,0,
160.0,46.0,1,-183.18525131652132,,0,
161.0,46.0,2,-157.46511492319405,,0,
162.0,46.0,2,-125.46314670681022,-445.255315,1,-319.7921682931898
163.0,46.0,2,-81.75064262235537,,0,
164.0,46.0,2,-21.954844081774354,,0,
165.0,46.0,2,45.08162994933082,,0,
166.0,46.0,2,109.84682113211602,,0,
167.0,46.0,2,167.34816671709996,,0,
168.0,46.0,2,215.9288893530611,,0,
169.0,46.0,2,256.7448939741589,,0,
170.0,46.0,2,291.11516214814037,289.051328,1,-2.0638341481403586
171.0,46.0,2,315.29812565399334,,0,
172.0,46.0,2,326.21863255801145,,0,
173.0,46.0,2,329.1249173312681,,0,
174.0,46.0,2,331.64016379322857,,0,
175.0,46.0,2,339.8289541847771,,0,
176.0,46.0,2,356.755497766193,,0,
177.0,46.0,2,381.6386324056075,,0,
178.0,46.0,2,410.2858299071668,555.194551,1,144.90872109283328
179.0,46.0,2,435.4994554903824,,0,
180.0,46.0,2,450.1345228778664,,0,
181.0,46.0,2,453.85872036160436,,0,
182.0,46.0,2,448.43631559144706,,0,
183.0,46.0,2,436.2862739750417,,0,
184.0,46.0,2,420.5521841997979,,0,
185.0,46.0,2,403.76638660556637,,0,
186.0,46.0,2,386.74160899524577,355.162839,1,-31.57876999524575
187.0,46.0,2,368.60820626304485,,0,
188.0,46.0,2,347.91465847811196,,0,
189.0,46.0,2,324.550233152695,,0,
190.0,46.0,2,298.7246513685677,,0,
191.0,46.0,2,271.014667338226,,0,
192.0,46.0,2,243.16639352042694,,0,
193.0,46.0,2,218.0287704220973,,0,
194.0,46.0,2,200.2788404058665,-135.703412,1,-335.98225240586646
195.0,46.0,2,198.60961663071066,,0,
196.0,46.0,2,203.63386327726766,,0,
197.0,46.0,2,210.41018617380178,,0,
198.0,46.0,2,216.6744374288246,,0,
199.0,46.0,2,221.17525777081028,,0,
0.0,47.0,0,224.73815120756626,,0,
1.0,47.0,0,230.98118656896986,402.263727,1,171.28254043103016
2.0,47.0,0,229.16876130504534,,0,
3.0,47.0,0,223.18773490190506,,0,
4.0,47.0,0,214.6284521133639,,0,
5.0,47.0,0,204.02905883919448,,0,
6.0,47.0,0,191.94319897308014,,0,
7.0,47.0,0,178.66760380053893,,0,
8.0,47.0,0,163.52013155445457,,0,
9.0,47.0,0,145.4495469024405,139.524814,1,-5.924732902440496
10.0,47.0,0,125.20995113812387,,0,
11.0,47.0,0,103.10526379477233,,0,
12.0,47.0,0,77.34168635960668,,0,
13.0,47.0,0,46.24843067844631,,0,
14.0,47.0,0,9.481828969204798,,0,
15.0,47.0,0,-32.08962389547378,,0,
16.0,47.0,0,-77.12597997207195,,0,
17.0,47.0,0,-124.16191834583879,-197.634753,1,-73.4728346541612
18.0,47.0,0,-170.6965650692582,,0,
19.0,47.0,0,-217.60686015011743,,0,
20.0,47.0,0,-264.24961616448127,,0,
21.0,47.0,0,-309.04115566052496,,0,
22.0,47.0,0,-350.07096686703153,,0,
23.0,47.0,0,-385.50007335841656,,0,
24.0,47.0,0,-414.0735971480608,,0,
25.0,47.0,0,-435.5644504056545,-399.543791,1,36.0206594056545
26.0,47.0,0,-450.53052316990215,,0,
27.0,47.0,0,-457.50086641684175,,0,
28.0,47.0,0,-455.5288967851084,,0,
29.0,47.0,0,-444.5512716808007,,0,
30.0,47.0,0,-425.5717893950641,,0,
31.0,47.0,0,-400.1885428961832,,0,
32.0,47.0,0,-369.5748438728042,,0,
33.0,47.0,0,-333.2431371950079,-474.877723,1,-141.63458580499213
34.0,47.0,0,-288.61955866066273,,0,
35.0,47.0,0,-240.9143235590309,,0,
36.0,47.0,0,-193.49500402691774,,0,
37.0,47.0,0,-148.39216921967454,,0,
38.0,47.0,0,-107.11547753727064,,0,
39.0,47.0,0,-70.96351171075366,,0,
40.0,47.0,0,-41.24212106852792,,0,
41.0,47.0,0,-19.449768667458557,1.846255,1,21.296023667458556
42.0,47.0,0,-7.13001420465298,,0,
43.0,47.0,0,-5.8488331323023885,,0,
44.0,47.0,0,-17.262500119861215,,0,
45.0,47.0,0,-41.98552820732584,,0,
46.0,47.0,0,-78.68799868307542,,0,
47.0,47.0,0,-124.0448177778162,,0,
48.0,47.0,0,-172.96038081729785,,0,
49.0,47.0,0,-219.56314425269375,-357.574955,1,-138.01181074730624
50.0,47.0,0,-259.46645075664856,,0,
51.0,47.0,0,-296.6358059900813,,0,
52.0,47.0,0,-332.81577136577107,,0,
53.0,47.0,0,-367.84927466895897,,0,
54.0,47.0,0,-400.00106405687984,,0,
55.0,47.0,0,-426.31458003330044,,0,
56.0,47.0,0,-442.6627574278973,,0,
57.0,47.0,0,-445.94544235547073,-617.976157,1,-172.0307146445292
58.0,47.0,0,-439.01058797107544,,0,
59.0,47.0,0,-425.41489382251166,,0,
60.0,47.0,0,-407.1607704940252,,0,
61.0,47.0,0,-385.6370509956323,,0,
62.0,47.0,0,-362.06036334089004,,0,
63.0,47.0,0,-337.46749265899416,,0,
64.0,47.0,0,-312.63798812392633,,0,
65.0,47.0,0,-288.0506973512238,-112.149139,1,175.9015583512238
66.0,47.0,0,-263.81086048914585,,0,
67.0,47.0,0,-239.63139913743362,,0,
68.0,47.0,0,-214.88294847647194,,0,
69.0,47.0,0,-188.93934055429418,,0,
70.0,47.0,3,-161.88290831551421,,0,
71.0,47.0,3,-134.5688456678763,,0,
72.0,47.0,3,-107.48159497021697,,0,
73.0,47.0,3,-79.68632439448265,493.358548,1,573.0448723944826
74.0,47.0,3,-49.740438762062695,,0,
75.0,47.0,3,-16.566432950785384,,0,
76.0,47.0,3,20.927011583466083,,0,
77.0,47.0,3,64.14988284916762,,0,
78.0,47.0,3,113.84024497261271,,0,
79.0,47.0,3,169.41866526997183,,0,
80.0,47.0,3,229.06332890468184,,0,
81.0,47.0,3,290.00618547355407,225.003391,1,-65.00279447355408
82.0,47.0,3,348.79490488470765,,0,
83.0,47.0,3,397.3094294209732,,0,
84.0,47.0,3,429.05939992750064,,0,
85.0,47.0,3,441.33731763082324,,0,
86.0,47.0,3,434.8303745146259,,0,
87.0,47.0,3,412.41243884607684,,0,
88.0,47.0,3,378.6908483195002,,0,
89.0,47.0,3,339.2461440007319,161.566808,1,-177.67933600073187
90.0,47.0,3,299.0644103383529,,0,
91.0,47.0,3,263.5650954245357,,0,
92.0,47.0,3,237.03943001077278,,0,
93.0,47.0,3,220.15119721159863,,0,
94.0,47.0,3,210.8495446909219,,0,
95.0,47.0,3,205.56193484837422,,0,
96.0,47.0,3,199.2118869422411,,0,
97.0,47.0,3,184.26876249702764,437.349426,1,253.08066350297236
98.0,47.0,3,149.80721323366743,,0,
99.0,47.0,3,99.09682609327137,,0,
100.0,47.0,3,34.601165558735374,,0,
101.0,47.0,3,-38.91566960440832,,0,
102.0,47.0,3,-115.17509935930138,,0,
103.0,47.0,3,-188.20394988870248,,0,
104.0,47.0,3,-252.34188906190684,,0,
105.0,47.0,3,-300.8347027930431,-490.943497,1,-190.10879420695687
106.0,47.0,3,-324.12752946052933,,0,
107.0,47.0,3,-323.95780864800327,,0,
108.0,47.0,3,-304.29461037276633,,0,
109.0,47.0,3,-268.845582951908,,0,
110.0,47.0,3,-220.9496463718824,,0,
111.0,47.0,3,-164.60272902820725,,0,
112.0,47.0,3,-105.08016297931317,,0,
113.0,47.0,3,-50.09615089869476,166.046702,1,216.14285289869477
114.0,47.0,3,-10.809998765180353,,0,
115.0,47.0,3,13.297817035519984,,0,
116.0,47.0,3,22.30438473248796,,0,
117.0,47.0,3,19.54384198365733,,0,
118.0,47.0,3,11.258537403016817,,0,
119.0,47.0,3,4.199789814243559,,0,
120.0,47.0,3,2.907369177293731,,0,
121.0,47.0,3,7.74911738029914,68.596133,1,60.847015619700855
122.0,47.0,3,16.87048473546747,,0,
123.0,47.0,3,28.2516871226253,,0,
124.0,47.0,3,40.09146883836365,,0,
125.0,47.0,3,50.94342602085089,,0,
126.0,47.0,3,59.983675249968655,,0,
127.0,47.0,3,66.78306882141624,,0,
128.0,47.0,3,70.92507350427331,,0,
129.0,47.0,1,72.37290695233969,-71.863958,1,-144.2368649523397
130.0,47.0,1,71.97449896816397,,0,
131.0,47.0,1,62.05364585976349,,0,
132.0,47.0,1,38.432213519117795,,0,
133.0,47.0,1,1.9634741359041072,,0,
134.0,47.0,1,-44.56083095318172,,0,
135.0,47.0,1,-99.00435049406951,,0,
136.0,47.0,1,-158.81548120599473,,0,
137.0,47.0,1,-219.18113222176908,-270.083928,1,-50.90279577823094
138.0,47.0,1,-274.4808407627279,,0,
139.0,47.0,1,-320.0333675859147,,0,
140.0,47.0,1,-353.5553526734584,,0,
141.0,47.0,1,-376.2397154865321,,0,
142.0,47.0,1,-391.0490002906881,,0,
143.0,47.0,1,-401.2098670923733,,0,
144.0,47.0,1,-410.35970843594987,,0,
145.0,47.0,1,-421.05279159682686,-330.92556,1,90.12723159682685
146.0,47.0,1,-430.9553660918027,,0,
147.0,47.0,1,-436.78446968481876,,0,
148.0,47.0,1,-436.5815178846242,,0,
149.0,47.0,1,-430.17634777590865,,0,
150.0,47.0,1,-418.6530125436839,,0,
151.0,47.0,1,-403.39100554480683,,0,
152.0,47.0,1,-385.4512344953837,,0,
153.0,47.0,1,-365.89530016761273,-217.87875,1,148.01655016761273
154.0,47.0,1,-346.9195632794872,,0,
155.0,47.0,1,-330.753779709572,,0,
156.0,47.0,1,-318.2122545670718,,0,
157.0,47.0,1,-307.8453209637082,,0,
158.0,47.0,1,-297.22988253831863,,0,
159.0,47.0,1,-284.2276005372405,,0,
160.0,47.0,1,-267.24524436693173,,0,
161.0,47.0,2,-244.93585269490723,-274.781234,1,-29.845381305092758
162.0,47.0,2,-215.20768397930078,,0,
163.0,47.0,2,-175.02718136436306,,0,
164.0,47.0,2,-123.59038560534827,,0,
165.0,47.0,2,-65.51236710633384,,0,
166.0,47.0,2,-7.295979287591763,,0,
167.0,47.0,2,46.337124104611576,,0,
168.0,47.0,2,93.09448268986307,,0,
169.0,47.0,2,133.37859697494423,-36.195062,1,-169.57365897494424
170.0,47.0,2,170.39109610533342,,0,
171.0,47.0,2,198.4584288027836,,0,
172.0,47.0,2,215.9438141407445,,0,
173.0,47.0,2,226.23122902499745,,0,
174.0,47.0,2,235.54100153571926,,0,
175.0,47.0,2,250.38805538008455,,0,
176.0,47.0,2,274.34343551436905,,0,
177.0,47.0,2,305.40963613585336,447.887362,1,142.47772586414663
178.0,47.0,2,338.17612390907016,,0,
179.0,47.0,2,366.49278202001005,,0,
180.0,47.0,2,385.6841319705127,,0,
181.0,47.0,2,394.4805704272585,,0,
182.0,47.0,2,393.9325125939213,,0,
183.0,47.0,2,386.1339059637394,,0,
184.0,47.0,2,373.94752845703624,,0,
185.0,47.0,2,359.8720528043923,266.313243,1,-93.5588098043923
186.0,47.0,2,343.95460780570284,,0,
187.0,47.0,2,325.3383576772176,,0,
188.0,47.0,2,303.38733019377105,,0,
189.0,47.0,2,278.1387261649943,,0,
190.0,47.0,2,250.23577478341758,,0,
191.0,47.0,2,221.1391133137513,,0,
192.0,47.0,2,194.0709590849001,,0,
193.0,47.0,2,173.45713986153714,-135.705455,1,-309.1625948615372
194.0,47.0,2,162.6402921405388,,0,
195.0,47.0,2,164.1655495457817,,0,
196.0,47.0,2,173.35828511498403,,0,
197.0,47.0,2,185.12031486543128,,0,
198.0,47.0,2,196.41089755063877,,0,
199.0,47.0,2,205.09020434925333,,0,
0.0,48.0,0,275.4346194267273,464.415032,1,188.9804125732727
1.0,48.0,0,279.0452388601843,,0,
2.0,48.0,0,276.1433753599413,,0,
3.0,48.0,0,268.17144745821133,,0,
4.0,48.0,0,256.9105042642914,,0,
5.0,48.0,0,243.18622944375966,,0,
6.0,48.0,0,227.4493084012065,,0,
7.0,48.0,0,209.7739700828679,,0,
8.0,48.0,0,189.28644836647436,277.33629,1,88.04984163352566
9.0,48.0,0,163.657492965227,,0,
10.0,48.0,0,135.02439449448138,,0,
11.0,48.0,0,103.86642682785168,,0,
12.0,48.0,0,69.39444340672344,,0,
13.0,48.0,0,30.771374330623075,,0,
14.0,48.0,0,-11.956335237016901,,0,
15.0,48.0,0,-57.314774015918374,,0,
16.0,48.0,0,-103.21832485869527,-242.662783,1,-139.44445814130472
17.0,48.0,0,-149.07737868255936,,0,
18.0,48.0,0,-194.24131912132725,,0,
19.0,48.0,0,-238.83879188401625,,0,
20.0,48.0,0,-282.55577346659265,,0,
21.0,48.0,0,-324.26984648848884,,0,
22.0,48.0,0,-362.4446095323656,,0,
23.0,48.0,0,-395.29903907352127,,0,
24.0,48.0,0,-421.41256115492433,-444.691815,1,-23.279253845075687
25.0,48.0,0,-440.9031565536279,,0,
26.0,48.0,0,-454.0633958741091,,0,
27.0,48.0,0,-460.1666755932383,,0,
28.0,48.0,0,-458.54365336033516,,0,
29.0,48.0,0,-449.1955045424402,,0,
30.0,48.0,0,-432.85361191187985,,0,
31.0,48.0,0,-410.83990827552043,,0,
32.0,48.0,0,-384.17302732681856,-499.843996,1,-115.67096867318145
33.0,48.0,0,-351.92307474208064,,0,
34.0,48.0,0,-313.3395551209105,,0,
35.0,48.0,0,-271.350451126229,,0,
36.0,48.0,0,-229.199097344419,,0,
37.0,48.0,0,-189.09800882151467,,0,
38.0,48.0,0,-152.65091158868745,,0,
39.0,48.0,0,-121.03329981863499,,0,
40.0,48.0,0,-95.33035484026186,-0.108934,1,95.22142084026186
41.0,48.0,0,-77.17887293477543,,0,
42.0,48.0,0,-68.17236049519852,,0,
43.0,48.0,0,-69.63800118071958,,0,
44.0,48.0,0,-82.55287033924833,,0,
45.0,48.0,0,-107.03773466404527,,0,
46.0,48.0,0,-141.8708929946879,,0,
47.0,48.0,0,-184.31838671001606,,0,
48.0,48.0,0,-229.75838860543445,-343.256931,1,-113.49854239456556
49.0,48.0,0,-271.1454341787612,,0,
50.0,48.0,0,-308.14410434511956,,0,
51.0,48.0,0,-342.6109228716232,,0,
52.0,48.0,0,-375.87751851510257,,0,
53.0,48.0,0,-407.7737748651998,,0,
54.0,48.0,0,-436.94125946843997,,0,
55.0,48.0,0,-461.00472908397205,,0,
56.0,48.0,0,-475.9083276935853,-699.312458,1,-223.4041303064147
57.0,48.0,0,-475.09186973713804,,0,
58.0,48.0,0,-464.5867239208892,,0,
59.0,48.0,0,-447.8219827399589,,0,
60.0,48.0,0,-426.563082417706,,0,
61.0,48.0,0,-402.03497026709374,,0,
62.0,48.0,0,-375.2192412993172,,0,
63.0,48.0,0,-346.8758244148921,,0,
64.0,48.0,0,-317.5527741332771,-225.67198,1,91.88079413327713
65.0,48.0,0,-287.6939701595111,,0,
66.0,48.0,0,-257.46261437633075,,0,
67.0,48.0,0,-226.7131755183218,,0,
68.0,48.0,0,-195.12840604269877,,0,
69.0,48.0,0,-162.52012618580193,,0,
70.0,48.0,3,-129.33504703396466,,0,
71.0,48.0,3,-97.26643875730224,,0,
72.0,48.0,3,-67.89590082503855,386.85877,1,454.75467082503854
73.0,48.0,3,-39.208565127744805,,0,
74.0,48.0,3,-8.960156914487015,,0,
75.0,48.0,3,24.09614942362532,,0,
76.0,48.0,3,60.84900043299422,,0,
77.0,48.0,3,102.00333084253361,,0,
78.0,48.0,3,147.7300537279807,,0,
79.0,48.0,3,197.31183251284529,,0,
80.0,48.0,3,249.10115249012597,86.839123,1,-162.26202949012597
81.0,48.0,3,300.73860784003045,,0,
82.0,48.0,3,348.77836896677036,,0,
83.0,48.0,3,387.84350172954146,,0,
84.0,48.0,3,413.2711574866553,,0,
85.0,48.0,3,422.84745813536574,,0,
86.0,48.0,3,416.85172406060155,,0,
87.0,48.0,3,397.5691329668043,,0,
88.0,48.0,3,369.10946082125884,301.261519,1,-67.84794182125881
89.0,48.0,3,337.40245571489504,,0,
90.0,48.0,3,305.28108158911346,,0,
91.0,48.0,3,276.3556276659947,,0,
92.0,48.0,3,253.44233119650744,,0,
93.0,48.0,3,237.2211461091938,,0,
94.0,48.0,3,226.25424472853774,,0,
95.0,48.0,3,217.46132958994713,,0,
96.0,48.0,3,206.1964852961246,377.179722,1,170.98323670387543
97.0,48.0,3,185.8061544171942,,0,
98.0,48.0,3,150.21536631620256,,0,
99.0,48.0,3,100.2598195001483,,0,
100.0,48.0,3,39.15336830925662,,0,
101.0,48.0,3,-29.045739626686554,,0,
102.0,48.0,3,-99.32297774817562,,0,
103.0,48.0,3,-166.3316658207914,,0,
104.0,48.0,3,-224.47064626123756,-442.858519,1,-218.38787273876244
105.0,48.0,3,-267.2344040888711,,0,
106.0,48.0,3,-288.8847815088229,,0,
107.0,48.0,3,-289.665896106977,,0,
108.0,48.0,3,-272.63829892210197,,0,
109.0,48.0,3,-241.22011791201658,,0,
110.0,48.0,3,-198.99453858996276,,0,
111.0,48.0,3,-150.1236656862311,,0,
112.0,48.0,3,-99.90399419655296,-103.720429,1,-3.816434803447038
113.0,48.0,3,-55.474088000599295,,0,
114.0,48.0,3,-23.72627259348519,,0,
115.0,48.0,3,-5.763797117921058,,0,
116.0,48.0,3,-0.33682996610878035,,0,
117.0,48.0,3,-4.582362380140694,,0,
118.0,48.0,3,-13.439510625903495,,0,
119.0,48.0,3,-19.620800946606323,,0,
120.0,48.0,3,-16.943068597160163,-71.168987,1,-54.22591840283984
121.0,48.0,3,-7.3623364225786645,,0,
122.0,48.0,3,5.771016730024712,,0,
123.0,48.0,3,20.442491994937882,,0,
124.0,48.0,3,35.20270001489553,,0,
125.0,48.0,3,48.939993412350304,,0,
126.0,48.0,3,60.88277175521944,,0,
127.0,48.0,3,70.52351648040349,,0,
128.0,48.0,3,77.55931737460196,-464.615534,1,-542.174851374602
129.0,48.0,1,82.14582007587887,,0,
130.0,48.0,1,83.69037875952199,,0,
131.0,48.0,1,78.17182849347591,,0,
132.0,48.0,1,62.49184776406037,,0,
133.0,48.0,1,36.34113412251463,,0,
134.0,48.0,1,0.5602789911208674,,0,
135.0,48.0,1,-45.292719056480564,,0,
136.0,48.0,1,-101.22816049534595,233.721778,1,334.9499384953459
137.0,48.0,1,-160.52711639320478,,0,
138.0,48.0,1,-216.3170247162925,,0,
139.0,48.0,1,-264.3382593751885,,0,
140.0,48.0,1,-302.6476521217264,,0,
141.0,48.0,1,-331.53481093997834,,0,
142.0,48.0,1,-352.7772488426417,,0,
143.0,48.0,1,-368.8548794981325,,0,
144.0,48.0,1,-383.25643215619493,-213.19792,1,170.05851215619492
145.0,48.0,1,-401.119312210707,,0,
146.0,48.0,1,-417.77031744550914,,0,
147.0,48.0,1,-430.41244242317043,,0,
148.0,48.0,1,-437.7830375347985,,0,
149.0,48.0,1,-439.73664444690803,,0,
150.0,48.0,1,-436.96983452537097,,0,
151.0,48.0,1,-430.52360609930474,,0,
152.0,48.0,1,-421.2208692046115,-466.972014,1,-45.751144795388484
153.0,48.0,1,-409.2924729058286,,0,
154.0,48.0,1,-397.3744591274881,,0,
155.0,48.0,1,-387.1741716087563,,0,
156.0,48.0,1,-379.163718558033,,0,
157.0,48.0,1,-372.4916887031868,,0,
158.0,48.0,1,-365.40742422966287,,0,
159.0,48.0,1,-355.71538390626665,,0,
160.0,48.0,1,-341.31945202476345,-223.552578,1,117.76687402476344
161.0,48.0,2,-321.05978939513443,,0,
162.0,48.0,2,-293.58129344985355,,0,
163.0,48.0,2,-257.49868072743993,,0,
164.0,48.0,2,-213.06389571982436,,0,
165.0,48.0,2,-163.1592512584757,,0,
166.0,48.0,2,-112.03350096568465,,0,
167.0,48.0,2,-63.38335882592946,,0,
168.0,48.0,2,-19.307964137173258,-54.368912,1,-35.060947862826744
169.0,48.0,2,20.212877580546774,,0,
170.0,48.0,2,55.65725228836527,,0,
171.0,48.0,2,84.30932829040103,,0,
172.0,48.0,2,104.75708935887087,,0,
173.0,48.0,2,118.99899955128785,,0,
174.0,48.0,2,131.80033078079578,,0,
175.0,48.0,2,150.48977632937022,,0,
176.0,48.0,2,180.77949379151687,49.398508,1,-131.38098579151688
177.0,48.0,2,217.83760411094408,,0,
178.0,48.0,2,254.8219676305307,,0,
179.0,48.0,2,286.6874562117737,,0,
180.0,48.0,2,310.1004636560101,,0,
181.0,48.0,2,323.80329782224726,,0,
182.0,48.0,2,328.26699229632504,,0,
183.0,48.0,2,325.03317230567336,,0,
184.0,48.0,2,316.5329031109577,241.696085,1,-74.8368181109577
185.0,48.0,2,306.055310916272,,0,
186.0,48.0,2,292.4474346784409,,0,
187.0,48.0,2,275.14110311167315,,0,
188.0,48.0,2,254.05790568480734,,0,
189.0,48.0,2,229.58844468492316,,0,
190.0,48.0,2,202.7196112012025,,0,
191.0,48.0,2,175.32100400468335,,0,
192.0,48.0,2,151.16454888531007,0.768177,1,-150.39637188531006
193.0,48.0,2,136.98261257709237,,0,
194.0,48.0,2,132.11854579811916,,0,
195.0,48.0,2,136.50988857261837,,0,
196.0,48.0,2,147.79162237769924,,0,
197.0,48.0,2,162.399322658428,,0,
198.0,48.0,2,177.1668632386718,,0,
199.0,48.0,2,188.9700510299299,,0,
0.0,49.0,0,314.9690546435304,,0,
1.0,49.0,0,315.9285580608994,,0,
2.0,49.0,0,311.5863229287788,,0,
3.0,49.0,0,302.2781154997647,,0,
4.0,49.0,0,289.0541491806507,,0,
5.0,49.0,0,272.6941814206075,,0,
6.0,49.0,0,253.57472385652363,,0,
7.0,49.0,0,231.58761438168585,502.494479,1,270.90686461831416
8.0,49.0,0,205.83766915136948,,0,
9.0,49.0,0,175.35800904687494,,0,
10.0,49.0,0,141.03154925676063,,0,
11.0,49.0,0,103.58886236604303,,0,
12.0,49.0,0,62.96675364859402,,0,
13.0,49.0,0,18.998304061125964,,0,
14.0,49.0,0,-27.93409284343943,,0,
15.0,49.0,0,-76.13016604166478,-177.537435,1,-101.40726895833521
16.0,49.0,0,-121.9913634294644,,0,
17.0,49.0,0,-166.93767628772184,,0,
18.0,49.0,0,-211.07381278520916,,0,
19.0,49.0,0,-254.18320674449205,,0,
20.0,49.0,0,-295.8625722127035,,0,
21.0,49.0,0,-335.2856801490998,,0,
22.0,49.0,0,-371.2814197532134,,0,
23.0,49.0,0,-402.3134149070829,-448.46085,1,-46.14743509291708
24.0,49.0,0,-426.4142225328833,,0,
25.0,49.0,0,-444.3389048302779,,0,
26.0,49.0,0,-456.2600309513509,,0,
27.0,49.0,0,-461.81255469843745,,0,
28.0,49.0,0,-460.6246011215262,,0,
29.0,49.0,0,-452.7030303576612,,0,
30.0,49.0,0,-438.5325943361968,,0,
31.0,49.0,0,-419.12387818680145,-374.551051,1,44.572827186801476
32.0,49.0,0,-395.95841809688136,,0,
33.0,49.0,0,-367.9229145357385,,0,
34.0,49.0,0,-335.0899848091649,,0,
35.0,49.0,0,-299.2955917478539,,0,
36.0,49.0,0,-263.00923224305734,,0,
37.0,49.0,0,-228.3655030109221,,0,
38.0,49.0,0,-197.02690121275373,,0,
39.0,49.0,0,-170.16426455182955,-197.46218,1,-27.297915448170443
40.0,49.0,0,-148.40966073796153,,0,
41.0,49.0,0,-133.73062369751278,,0,
42.0,49.0,0,-127.58430895966012,,0,
43.0,49.0,0,-130.99136513005942,,0,
44.0,49.0,0,-144.4939377978444,,0,
45.0,49.0,0,-167.87613630690612,,0,
46.0,49.0,0,-199.86585188144818,,0,
47.0,49.0,0,-237.9104676763527,-508.590155,1,-270.6796873236473
48.0,49.0,0,-277.93257472338155,,0,
49.0,49.0,0,-315.65835512790363,,0,
50.0,49.0,0,-350.1851506336825,,0,
51.0,49.0,0,-382.3332520981785,,0,
52.0,49.0,0,-412.7325938262511,,0,
53.0,49.0,0,-441.13728665193776,,0,
54.0,49.0,0,-466.3168530163821,,0,
55.0,49.0,0,-485.98147242120467,-715.105944,1,-229.12447157879535
56.0,49.0,0,-496.3634126824327,,0,
57.0,49.0,0,-494.33300276187947,,0,
58.0,49.0,0,-482.4379644524306,,0,
59.0,49.0,0,-463.8893803555984,,0,
60.0,49.0,0,-440.5771989361383,,0,
61.0,49.0,0,-413.7451938697486,,0,
62.0,49.0,0,-384.30689779820386,,0,
63.0,49.0,0,-352.90879786293954,-360.123386,1,-7.214588137060446
64.0,49.0,0,-319.9020084505901,,0,
65.0,49.0,0,-285.8151879811194,,0,
66.0,49.0,0,-250.8730760346516,,0,
67.0,49.0,0,-215.07710223598406,,0,
68.0,49.0,0,-178.35312555986457,,0,
69.0,49.0,0,-140.77094576483796,,0,
70.0,49.0,3,-102.88760963524692,,0,
71.0,49.0,3,-66.59230286371894,86.808738,1,153.40104086371895
72.0,49.0,3,-35.85059263324365,,0,
73.0,49.0,3,-6.329990244092187,,0,
74.0,49.0,3,24.29340496280929,,0,
75.0,49.0,3,57.1189637533389,,0,
76.0,49.0,3,92.80721297778655,,0,
77.0,49.0,3,131.68859478781815,,0,
78.0,49.0,3,173.62357305787737,,0,
79.0,49.0,3,217.83305822545663,107.833507,1,-109.99955122545663
80.0,49.0,3,262.8510929925833,,0,
81.0,49.0,3,306.5434322874062,,0,
82.0,49.0,3,345.96142865141155,,0,
83.0,49.0,3,377.47146104613785,,0,
84.0,49.0,3,397.8956217893283,,0,
85.0,49.0,3,405.5795877966739,,0,
86.0,49.0,3,400.69906198605895,,0,
87.0,49.0,3,385.144420405617,129.148498,1,-255.995922405617
88.0,49.0,3,362.3790174712776,,0,
89.0,49.0,3,336.49283634907624,,0,
90.0,49.0,3,310.2619924529281,,0,
91.0,49.0,3,286.0472050640965,,0,
92.0,49.0,3,265.62009606912034,,0,
93.0,49.0,3,249.38228905093274,,0,
94.0,49.0,3,236.1582302087918,,0,
95.0,49.0,3,223.33064072288107,60.23371,1,-163.09693072288107
96.0,49.0,3,207.020322092867,,0,
97.0,49.0,3,182.61140851012897,,0,
98.0,49.0,3,146.73706312436843,,0,
99.0,49.0,3,99.36850638047326,,0,
100.0,49.0,3,42.8972278527508,,0,
101.0,49.0,3,-19.126151573465904,,0,
102.0,49.0,3,-82.40040881250752,,0,
103.0,49.0,3,-142.16694592498243,-393.136975,1,-250.97002907501758
104.0,49.0,3,-193.37529842740332,,0,
105.0,49.0,3,-230.97978024822078,,0,
106.0,49.0,3,-251.38412261370104,,0,
107.0,49.0,3,-254.13379070331575,,0,
108.0,49.0,3,-241.17192859441275,,0,
109.0,49.0,3,-215.46399227215443,,0,
110.0,49.0,3,-180.51873527822318,,0,
111.0,49.0,3,-140.45055782888085,-276.207346,1,-135.75678817111913
112.0,49.0,3,-100.16771461177268,,0,
113.0,49.0,3,-65.16297055894393,,0,
114.0,49.0,3,-39.89904771297006,,0,
115.0,49.0,3,-25.930146373109892,,0,
116.0,49.0,3,-22.435160255088704,,0,
117.0,49.0,3,-26.976600331516238,,0,
118.0,49.0,3,-35.488210841896944,,0,
119.0,49.0,3,-41.27146842784714,-344.498598,1,-303.2271295721529
120.0,49.0,3,-34.01786797515524,,0,
121.0,49.0,3,-20.530504785157973,,0,
122.0,49.0,3,-4.347499364463147,,0,
123.0,49.0,3,12.862391181348357,,0,
124.0,49.0,3,29.932207625213778,,0,
125.0,49.0,3,45.96480803520535,,0,
126.0,49.0,3,60.29299455450382,,0,
127.0,49.0,3,72.45669589750469,-651.737136,1,-724.1938318975047
128.0,49.0,3,82.1794515895308,,0,
129.0,49.0,1,89.2192774467403,,0,
130.0,49.0,1,92.60742009256501,,0,
131.0,49.0,1,90.1730223185732,,0,
132.0,49.0,1,79.94878757113474,,0,
133.0,49.0,1,61.22546499327291,,0,
134.0,49.0,1,33.96290112787392,,0,
135.0,49.0,1,-3.4094445302616805,289.695138,1,293.10458253026167
136.0,49.0,1,-56.010204767168034,,0,
137.0,49.0,1,-113.08537326232181,,0,
138.0,49.0,1,-168.0000766282319,,0,
139.0,49.0,1,-217.10668748128228,,0,
140.0,49.0,1,-258.6260602721013,,0,
141.0,49.0,1,-292.4113817983889,,0,
142.0,49.0,1,-319.58101380465087,,0,
143.0,49.0,1,-342.19641578017035,-151.75652,1,190.43989578017036
144.0,49.0,1,-363.3707434097887,,0,
145.0,49.0,1,-385.6021752192755,,0,
146.0,49.0,1,-406.9712152965367,,0,
147.0,49.0,1,-425.0782091708388,,0,
148.0,49.0,1,-438.76492859446444,,0,
149.0,49.0,1,-447.7802799389465,,0,
150.0,49.0,1,-452.4994802152505,,0,
151.0,49.0,1,-453.58120511774905,-281.646391,1,171.93481411774906
152.0,49.0,1,-451.5782389171072,,0,
153.0,49.0,1,-447.1511244614958,,0,
154.0,49.0,1,-441.9242043533595,,0,
155.0,49.0,1,-437.24038976291195,,0,
156.0,49.0,1,-433.49386311421404,,0,
157.0,49.0,1,-430.14232828549575,,0,
158.0,49.0,1,-425.8958967429353,,0,
159.0,49.0,1,-418.801853392506,-464.410883,1,-45.609029607493994
160.0,49.0,1,-406.1989786706399,,0,
161.0,49.0,2,-387.8493090394768,,0,
162.0,49.0,2,-363.0092316727387,,0,
163.0,49.0,2,-331.1155735485954,,0,
164.0,49.0,2,-292.7072545273695,,0,
165.0,49.0,2,-249.76391817617696,,0,
166.0,49.0,2,-205.1262600356713,,0,
167.0,49.0,2,-161.48081811680458,77.38673,1,238.86754811680458
168.0,49.0,2,-120.5974001676077,,0,
169.0,49.0,2,-83.19229888980044,,0,
170.0,49.0,2,-49.88589010381838,,0,
171.0,49.0,2,-22.03797190450132,,0,
172.0,49.0,2,-0.3767951490590349,,0,
173.0,49.0,2,16.308493645628914,,0,
174.0,49.0,2,31.363016923889518,,0,
175.0,49.0,2,51.37591511430219,-332.143303,1,-383.5192181143022
176.0,49.0,2,87.37087347230408,,0,
177.0,49.0,2,128.61515154800145,,0,
178.0,49.0,2,168.50641509867273,,0,
179.0,49.0,2,203.1173336195061,,0,
180.0,49.0,2,229.93110816692933,,0,
181.0,49.0,2,247.85243636218365,,0,
182.0,49.0,2,257.0712514759507,,0,
183.0,49.0,2,258.77604698901996,-152.121354,1,-410.89740098901996
184.0,49.0,2,254.99094587936997,,0,
185.0,49.0,2,247.6315823594923,,0,
186.0,49.0,2,236.6680940645747,,0,
187.0,49.0,2,221.78599412064068,,0,
188.0,49.0,2,203.1818169306498,,0,
189.0,49.0,2,181.55363078182563,,0,
190.0,49.0,2,158.22834597853944,,0,
191.0,49.0,2,135.47020039055496,-20.843439,1,-156.31363939055495
192.0,49.0,2,117.06035383604467,,0,
193.0,49.0,2,106.99293222028064,,0,
194.0,49.0,2,105.65713773109019,,0,
195.0,49.0,2,112.09205515193753,,0,
196.0,49.0,2,124.51585143082775,,0,
197.0,49.0,2,140.38652424229076,,0,
198.0,49.0,2,156.9840546452906,,0,
199.0,49.0,2,171.06341910827905,304.586849,1,133.52342989172092
