x,y,cluster,trend,value,set,residual
0.0,0.0,0,533.5830015596002,474.224075,1,-59.35892655960021
1.0,0.0,0,538.5849631995661,,0,
2.0,0.0,0,542.3451949863229,,0,
3.0,0.0,0,542.1145740211941,,0,
4.0,0.0,0,535.0988615103997,,0,
5.0,0.0,0,518.2402757583186,,0,
6.0,0.0,0,487.28187867769157,749.593665,1,262.3117863223084
7.0,0.0,0,435.37136284448206,,0,
8.0,0.0,0,370.5197363770567,,0,
9.0,0.0,0,297.8189283751999,,0,
10.0,0.0,0,220.6838817135431,,0,
11.0,0.0,0,142.26410182379186,,0,
12.0,0.0,0,65.46060518547893,-36.874397,1,-102.33500218547893
13.0,0.0,0,-7.846154958941042,,0,
14.0,0.0,0,-75.94438505917788,,0,
15.0,0.0,0,-137.08644125424325,,0,
16.0,0.0,0,-189.7727085009683,,0,
17.0,0.0,0,-233.31182279530913,,0,
18.0,0.0,0,-268.65886986628175,-255.970953,1,12.68791686628174
19.0,0.0,0,-298.3108352657873,,0,
20.0,0.0,0,-324.47040926269256,,0,
21.0,0.0,0,-348.5115465130657,,0,
22.0,0.0,0,-371.0964395926567,,0,
23.0,0.0,0,-392.3349450356327,,0,
24.0,0.0,0,-411.7924163597636,-512.422377,1,-100.62996064023639
25.0,0.0,0,-428.1884379563853,,0,
26.0,0.0,0,-440.1448927798774,,0,
27.0,0.0,0,-446.6170162311755,,0,
28.0,0.0,0,-447.1011077614967,,0,
29.0,0.0,0,-441.81772476341575,,0,
30.0,0.0,0,-431.43728702084627,-353.156803,1,78.28048402084625
31.0,0.0,0,-416.485843218863,,0,
32.0,0.0,0,-397.9474962342065,,0,
33.0,0.0,0,-377.69339680683333,,0,
34.0,0.0,0,-358.75675168901216,,0,
35.0,0.0,0,-345.6743986720685,,0,
36.0,0.0,0,-342.58387526730075,-269.85286,1,72.73101526730073
37.0,0.0,0,-349.0262756794691,,0,
38.0,0.0,0,-363.3782440556679,,0,
39.0,0.0,0,-384.3697912557982,,0,
40.0,0.0,0,-411.028513905243,,0,
41.0,0.0,0,-442.94115433841944,,0,
42.0,0.0,0,-480.6375732226297,-372.586972,1,108.05060122262972
43.0,0.0,0,-525.8374563934049,,0,
44.0,0.0,0,-574.0594275235198,,0,
45.0,0.0,0,-622.0394744300283,,0,
46.0,0.0,0,-667.5455120650586,,0,
47.0,0.0,0,-708.9343262040056,,0,
48.0,0.0,0,-744.230299940682,-834.016074,1,-89.78577405931799
49.0,0.0,0,-770.200221258332,,0,
50.0,0.0,0,-788.2992490555625,,0,
51.0,0.0,0,-798.861027194187,,0,
52.0,0.0,0,-801.9302673575003,,0,
53.0,0.0,0,-797.9060079520568,,0,
54.0,0.0,0,-787.4794603262562,-776.971686,1,10.507774326256254
55.0,0.0,0,-771.3873610964511,,0,
56.0,0.0,0,-749.4854198708199,,0,
57.0,0.0,0,-721.2827193948324,,0,
58.0,0.0,0,-685.8606892152457,,0,
59.0,0.0,0,-642.3471183099318,,0,
60.0,0.0,0,-590.974021593458,-570.530454,1,20.443567593458056
61.0,0.0,0,-533.4672654354945,,0,
62.0,0.0,0,-471.3306401355658,,0,
63.0,0.0,0,-405.3651675984729,,0,
64.0,0.0,0,-335.9547971613938,,0,
65.0,0.0,0,-263.41997796000214,,0,
66.0,0.0,0,-188.41040284198243,-183.533745,1,4.876657841982421
67.0,0.0,0,-112.06128602311946,,0,
68.0,0.0,0,-35.681360439863056,,0,
69.0,0.0,0,39.25794734037481,,0,
70.0,0.0,3,110.90137004246935,,0,
71.0,0.0,3,176.68700550461654,,0,
72.0,0.0,3,233.20543359569274,410.148254,1,176.94282040430727
73.0,0.0,3,276.5542573544226,,0,
74.0,0.0,3,302.6604704800993,,0,
75.0,0.0,3,308.27276679192437,,0,
76.0,0.0,3,292.38385156251024,,0,
77.0,0.0,3,256.69272552384064,,0,
78.0,0.0,3,204.08636040694546,306.953297,1,102.86693659305456
79.0,0.0,3,136.77776186959818,,0,
80.0,0.0,3,62.45518766029272,,0,
81.0,0.0,3,-13.111636230372824,,0,
82.0,0.0,3,-85.97336654027458,,0,
83.0,0.0,3,-153.7159758193302,,0,
84.0,0.0,3,-214.89355791796697,8.115114,1,223.00867191796698
85.0,0.0,3,-268.1020117595326,,0,
86.0,0.0,3,-312.5549287693866,,0,
87.0,0.0,3,-348.16257650463376,,0,
88.0,0.0,3,-375.1868735641474,,0,
89.0,0.0,3,-394.3385161178012,,0,
90.0,0.0,3,-407.00017874944024,-405.137127,1,1.863051749440217
91.0,0.0,3,-414.6303354764241,,0,
92.0,0.0,3,-418.13812140974915,,0,
93.0,0.0,3,-417.9970318605192,,0,
94.0,0.0,3,-414.3858660974947,,0,
95.0,0.0,3,-407.57334025774617,,0,
96.0,0.0,3,-398.52826817921596,-258.137721,1,140.39054717921596
97.0,0.0,3,-389.10368639967055,,0,
98.0,0.0,3,-381.1299494932464,,0,
99.0,0.0,3,-376.0114793223329,,0,
100.0,0.0,3,-374.50237814709544,,0,
101.0,0.0,3,-376.5464411083376,,0,
102.0,0.0,3,-381.4044012009399,-403.129118,1,-21.724716799060104
103.0,0.0,3,-387.83322890277486,,0,
104.0,0.0,3,-395.61518705653725,,0,
105.0,0.0,3,-404.05691765563097,,0,
106.0,0.0,3,-412.0044945048285,,0,
107.0,0.0,3,-417.5651477918145,,0,
108.0,0.0,3,-418.6098083812394,-509.47614,1,-90.86633161876057
109.0,0.0,3,-414.75881935167126,,0,
110.0,0.0,3,-406.0988529641472,,0,
111.0,0.0,3,-392.7407295280136,,0,
112.0,0.0,3,-375.3166611265624,,0,
113.0,0.0,3,-355.4906594294007,,0,
114.0,0.0,3,-337.26492981173215,-60.119306,1,277.14562381173215
115.0,0.0,3,-328.2634793559846,,0,
116.0,0.0,3,-321.18848645780236,,0,
117.0,0.0,3,-312.8177713971818,,0,
118.0,0.0,3,-303.0048514698574,,0,
119.0,0.0,3,-293.49798514856957,,0,
120.0,0.0,3,-286.28323209204245,-40.037057,1,246.24617509204245
121.0,0.0,3,-280.7953642261564,,0,
122.0,0.0,3,-276.06134481728077,,0,
123.0,0.0,3,-271.59159522358095,,0,
124.0,0.0,3,-266.98592851212015,,0,
125.0,0.0,3,-261.304977745167,,0,
126.0,0.0,3,-251.41823594487505,-532.989036,1,-281.570800055125
127.0,0.0,3,-230.65453085431363,,0,
128.0,0.0,3,-207.67052432708442,,0,
129.0,0.0,3,-187.00882856578392,,0,
130.0,0.0,3,-169.7207921918598,,0,
131.0,0.0,3,-154.11269909754628,,0,
132.0,0.0,1,-137.80628284951672,-100.3713,1,37.434982849516715
133.0,0.0,1,-121.67953880212735,,0,
134.0,0.0,1,-107.15538432652829,,0,
135.0,0.0,1,-95.23291316989344,,0,
136.0,0.0,1,-87.28283896599896,,0,
137.0,0.0,1,-85.92198485590052,,0,
138.0,0.0,1,-93.1707589631842,44.65782,1,137.8285789631842
139.0,0.0,1,-105.66055780753959,,0,
140.0,0.0,1,-119.6953761089826,,0,
141.0,0.0,1,-133.28189058438875,,0,
142.0,0.0,1,-145.6295044980361,,0,
143.0,0.0,1,-157.55526975309476,,0,
144.0,0.0,1,-170.62051713455003,54.862272,1,225.48278913455002
145.0,0.0,1,-183.8000744251185,,0,
146.0,0.0,1,-196.14298978401348,,0,
147.0,0.0,1,-208.05656183836982,,0,
148.0,0.0,1,-221.13095871487167,,0,
149.0,0.0,1,-238.1202997051878,,0,
150.0,0.0,1,-261.72994436573936,-257.659604,1,4.070340365739355
151.0,0.0,1,-292.1029333670158,,0,
152.0,0.0,1,-328.3539129898418,,0,
153.0,0.0,1,-368.9091653334326,,0,
154.0,0.0,1,-411.1819416298822,,0,
155.0,0.0,1,-452.402037333115,,0,
156.0,0.0,1,-490.9468930598814,-425.328445,1,65.61844805988142
157.0,0.0,1,-526.4114756508498,,0,
158.0,0.0,1,-555.0006991770351,,0,
159.0,0.0,1,-574.4319699932821,,0,
160.0,0.0,1,-584.0424343254417,,0,
161.0,0.0,1,-584.5620924565592,,0,
162.0,0.0,1,-577.4319132991368,-385.36112,1,192.07079329913677
163.0,0.0,1,-563.527856747387,,0,
164.0,0.0,1,-543.9049976581009,,0,
165.0,0.0,1,-520.2500572784338,,0,
166.0,0.0,1,-494.9047298936639,,0,
167.0,0.0,1,-470.8635589182377,,0,
168.0,0.0,1,-450.9916785364039,-78.945016,1,372.0466625364039
169.0,0.0,1,-436.59645247261506,,0,
170.0,0.0,2,-428.7694632319326,,0,
171.0,0.0,2,-428.5703412514413,,0,
172.0,0.0,2,-436.4894322983455,,0,
173.0,0.0,2,-452.02411762601696,,0,
174.0,0.0,2,-473.737221010495,-418.979534,1,54.757687010494976
175.0,0.0,2,-500.24884172366,,0,
176.0,0.0,2,-527.2430003178306,,0,
177.0,0.0,2,-551.5589955809992,,0,
178.0,0.0,2,-571.344525606255,,0,
179.0,0.0,2,-585.6494425274432,,0,
180.0,0.0,2,-592.7485077206511,-762.878067,1,-170.12955927934888
181.0,0.0,2,-588.4334589741193,,0,
182.0,0.0,2,-577.2007754988736,,0,
183.0,0.0,2,-561.1025821375661,,0,
184.0,0.0,2,-541.2785350240301,,0,
185.0,0.0,2,-519.4024525091518,,0,
186.0,0.0,2,-496.9831469345372,-386.242755,1,110.74039193453723
187.0,0.0,2,-473.3210106531624,,0,
188.0,0.0,2,-447.1963989986107,,0,
189.0,0.0,2,-417.85950827156194,,0,
190.0,0.0,2,-385.4380474241916,,0,
191.0,0.0,2,-351.3632765428629,,0,
192.0,0.0,2,-318.7556270142086,-159.284279,1,159.4713480142086
193.0,0.0,2,-292.60062420368195,,0,
194.0,0.0,2,-268.71117616572883,,0,
195.0,0.0,2,-244.46185483923182,,0,
196.0,0.0,2,-218.20528803672642,,0,
197.0,0.0,2,-189.21599875832908,,0,
198.0,0.0,2,-158.58327311836183,-39.921405,1,118.66186811836184
199.0,0.0,2,-129.07856823178008,,0,
0.0,1.0,0,515.4152701704297,,0,
1.0,1.0,0,521.6606734559173,,0,
2.0,1.0,0,527.0769843803719,,0,
3.0,1.0,0,528.7262769268127,,0,
4.0,1.0,0,523.2143301754259,,0,
5.0,1.0,0,506.66744123212993,695.238031,1,188.57058976787005
6.0,1.0,0,475.0145298176212,,0,
7.0,1.0,0,425.50929936533794,,0,
8.0,1.0,0,362.2418489207048,,0,
9.0,1.0,0,290.2421280075796,,0,
10.0,1.0,0,213.12038021255285,,0,
11.0,1.0,0,134.13130032113986,93.67507,1,-40.456230321139856
12.0,1.0,0,56.91526978951879,,0,
13.0,1.0,0,-16.997999826446176,,0,
14.0,1.0,0,-85.54782929108478,,0,
15.0,1.0,0,-146.6891250605695,,0,
16.0,1.0,0,-198.5145898279734,,0,
17.0,1.0,0,-239.81767040444538,-280.582936,1,-40.76526559555464
18.0,1.0,0,-272.1780467496719,,0,
19.0,1.0,0,-299.5558992694132,,0,
20.0,1.0,0,-324.36107134469785,,0,
21.0,1.0,0,-348.007693531923,,0,
22.0,1.0,0,-371.0901692425832,,0,
23.0,1.0,0,-393.42674472462386,-368.544611,1,24.882133724623884
24.0,1.0,0,-414.60182246915065,,0,
25.0,1.0,0,-432.6558866528212,,0,
26.0,1.0,0,-445.8719512660755,,0,
27.0,1.0,0,-452.8410473659169,,0,
28.0,1.0,0,-452.79939880687743,,0,
29.0,1.0,0,-446.0130259632133,-422.596946,1,23.416079963213292
30.0,1.0,0,-433.56968413922004,,0,
31.0,1.0,0,-415.591267865384,,0,
32.0,1.0,0,-392.9560854843585,,0,
33.0,1.0,0,-367.50518354511587,,0,
34.0,1.0,0,-342.4615701441653,,0,
35.0,1.0,0,-323.1676739566028,-157.078666,1,166.0890079566028
36.0,1.0,0,-317.02362506091595,,0,
37.0,1.0,0,-321.4979342352599,,0,
38.0,1.0,0,-334.9222701211693,,0,
39.0,1.0,0,-355.72436313005164,,0,
40.0,1.0,0,-382.51663680234924,,0,
41.0,1.0,0,-414.9809827647405,-405.154015,1,9.82696776474046
42.0,1.0,0,-453.75778214400634,,0,
43.0,1.0,0,-498.92630938393995,,0,
44.0,1.0,0,-547.4549373526825,,0,
45.0,1.0,0,-595.7038883110508,,0,
46.0,1.0,0,-641.0843475699658,,0,
47.0,1.0,0,-682.2823812426068,-902.332336,1,-220.04995475739327
48.0,1.0,0,-717.8326766976388,,0,
49.0,1.0,0,-745.890933630988,,0,
50.0,1.0,0,-766.1878314577043,,0,
51.0,1.0,0,-778.4774373568362,,0,
52.0,1.0,0,-782.5923475378659,,0,
53.0,1.0,0,-779.2227620715275,-769.317355,1,9.90540707152752
54.0,1.0,0,-769.448094307154,,0,
55.0,1.0,0,-754.1112635771278,,0,
56.0,1.0,0,-733.4305194854969,,0,
57.0,1.0,0,-706.9935121713206,,0,
58.0,1.0,0,-673.4022742377128,,0,
59.0,1.0,0,-630.982119507622,-677.388051,1,-46.405931492378045
60.0,1.0,0,-579.9878742290894,,0,
61.0,1.0,0,-523.3616158859804,,0,
62.0,1.0,0,-462.60673086319,,0,
63.0,1.0,0,-398.2778119998984,,0,
64.0,1.0,0,-330.37437480851077,,0,
65.0,1.0,0,-258.7983823575196,-268.60293,1,-9.80454764248043
66.0,1.0,0,-184.05865834653378,,0,
67.0,1.0,0,-107.4335867826303,,0,
68.0,1.0,0,-30.101027228171006,,0,
69.0,1.0,0,46.679296317277476,,0,
70.0,1.0,3,121.30330342712114,,0,
71.0,1.0,3,191.3264520599041,201.262991,1,9.936538940095886
72.0,1.0,3,252.79537759005325,,0,
73.0,1.0,3,301.04948747792514,,0,
74.0,1.0,3,330.4709452938987,,0,
75.0,1.0,3,335.8872321426752,,0,
76.0,1.0,3,315.46056390949525,,0,
77.0,1.0,3,272.14838531333953,494.925935,1,222.77754968666045
78.0,1.0,3,210.65138677920913,,0,
79.0,1.0,3,135.88490885612555,,0,
80.0,1.0,3,54.78471771127079,,0,
81.0,1.0,3,-26.24228231588495,,0,
82.0,1.0,3,-102.78923343442148,,0,
83.0,1.0,3,-172.51513495488325,-141.565533,1,30.949601954883263
84.0,1.0,3,-234.57606038375525,,0,
85.0,1.0,3,-287.1930557289161,,0,
86.0,1.0,3,-329.8635142619605,,0,
87.0,1.0,3,-363.045878845267,,0,
88.0,1.0,3,-387.2470532039879,,0,
89.0,1.0,3,-403.0735631737625,-481.856197,1,-78.78263382623749
90.0,1.0,3,-412.6918278563535,,0,
91.0,1.0,3,-417.93719679361675,,0,
92.0,1.0,3,-419.6858348218375,,0,
93.0,1.0,3,-418.2461094908649,,0,
94.0,1.0,3,-413.4185008010827,,0,
95.0,1.0,3,-404.99760383937974,-428.033593,1,-23.03598916062026
96.0,1.0,3,-394.01880890427856,,0,
97.0,1.0,3,-383.04932384286076,,0,
98.0,1.0,3,-374.15459659928456,,0,
99.0,1.0,3,-369.0793085514197,,0,
100.0,1.0,3,-368.7954229324823,,0,
101.0,1.0,3,-372.94782392214984,-415.118207,1,-42.17038307785015
102.0,1.0,3,-380.4831808710005,,0,
103.0,1.0,3,-390.408820749959,,0,
104.0,1.0,3,-402.1520327742328,,0,
105.0,1.0,3,-414.9197321289648,,0,
106.0,1.0,3,-427.63894717080984,,0,
107.0,1.0,3,-438.50738230362185,-511.931728,1,-73.42434569637817
108.0,1.0,3,-443.8457307778299,,0,
109.0,1.0,3,-444.08274878992233,,0,
110.0,1.0,3,-439.1952620151278,,0,
111.0,1.0,3,-429.0639450455783,,0,
112.0,1.0,3,-414.24427394988015,,0,
113.0,1.0,3,-396.6590339288814,-116.69627,1,279.9627639288814
114.0,1.0,3,-380.16162644754513,,0,
115.0,1.0,3,-367.97022146594827,,0,
116.0,1.0,3,-356.7324876486091,,0,
117.0,1.0,3,-343.2059754807269,,0,
118.0,1.0,3,-327.2033237424912,,0,
119.0,1.0,3,-311.01839962170925,-207.56239,1,103.45600962170926
120.0,1.0,3,-298.5952206485672,,0,
121.0,1.0,3,-287.85209068949916,,0,
122.0,1.0,3,-277.630140972964,,0,
123.0,1.0,3,-267.3674305916502,,0,
124.0,1.0,3,-256.70173411333235,,0,
125.0,1.0,3,-244.7891893297201,-322.327174,1,-77.53798467027991
126.0,1.0,3,-228.72324847464915,,0,
127.0,1.0,3,-206.40329652477521,,0,
128.0,1.0,3,-182.70013542170636,,0,
129.0,1.0,3,-162.6310536855599,,0,
130.0,1.0,3,-147.80405007032095,,0,
131.0,1.0,3,-135.89233368227724,-276.961617,1,-141.06928331772275
132.0,1.0,1,-121.62122168275528,,0,
133.0,1.0,1,-107.60671567800455,,0,
134.0,1.0,1,-95.13206128479214,,0,
135.0,1.0,1,-84.91113156976644,,0,
136.0,1.0,1,-78.06356872839388,,0,
137.0,1.0,1,-77.32458531297743,142.002532,1,219.32711731297744
138.0,1.0,1,-87.97837612900184,,0,
139.0,1.0,1,-103.14564688596874,,0,
140.0,1.0,1,-118.93850625364576,,0,
141.0,1.0,1,-133.59408735495526,,0,
142.0,1.0,1,-146.11019671487156,,0,
143.0,1.0,1,-156.89698455645703,-24.745336,1,132.15164855645702
144.0,1.0,1,-169.86424133426044,,0,
145.0,1.0,1,-182.07812159368768,,0,
146.0,1.0,1,-192.36054970542318,,0,
147.0,1.0,1,-201.16774007398635,,0,
148.0,1.0,1,-210.33087920595426,,0,
149.0,1.0,1,-223.27546144765802,-132.394629,1,90.88083244765801
150.0,1.0,1,-244.8306693591876,,0,
151.0,1.0,1,-274.49083278735634,,0,
152.0,1.0,1,-311.972010335885,,0,
153.0,1.0,1,-355.9747027432313,,0,
154.0,1.0,1,-403.0981016725418,,0,
155.0,1.0,1,-449.22139796765987,-491.2417,1,-42.02030203234011
156.0,1.0,1,-492.73826149036177,,0,
157.0,1.0,1,-531.9765359453158,,0,
158.0,1.0,1,-563.3193026429508,,0,
159.0,1.0,1,-583.9583295297343,,0,
160.0,1.0,1,-593.2028664008249,,0,
161.0,1.0,1,-592.0881384250242,-552.482426,1,39.605712425024194
162.0,1.0,1,-583.0668812357471,,0,
163.0,1.0,1,-566.5115542847198,,0,
164.0,1.0,1,-543.3556817674544,,0,
165.0,1.0,1,-515.2530467550969,,0,
166.0,1.0,1,-484.6707578279311,,0,
167.0,1.0,1,-454.9560082969256,-389.302605,1,65.65340329692555
168.0,1.0,1,-430.05358820129186,,0,
169.0,1.0,1,-410.6434251880273,,0,
170.0,1.0,2,-398.45544308028184,,0,
171.0,1.0,2,-395.1137851937674,,0,
172.0,1.0,2,-401.430129424436,,0,
173.0,1.0,2,-417.0967549617635,-182.470585,1,234.6261699617635
174.0,1.0,2,-439.7005870909197,,0,
175.0,1.0,2,-466.30774748837575,,0,
176.0,1.0,2,-492.9565070953686,,0,
177.0,1.0,2,-515.9381851528306,,0,
178.0,1.0,2,-533.2792854858562,,0,
179.0,1.0,2,-544.9529334546532,-741.947155,1,-196.9942215453467
180.0,1.0,2,-550.4152377212886,,0,
181.0,1.0,2,-548.3886477397755,,0,
182.0,1.0,2,-540.4061241885647,,0,
183.0,1.0,2,-527.592794430675,,0,
184.0,1.0,2,-510.5568592462223,,0,
185.0,1.0,2,-491.21802944899537,-413.107599,1,78.11043044899537
186.0,1.0,2,-472.6070802088361,,0,
187.0,1.0,2,-452.8488208130002,,0,
188.0,1.0,2,-430.3497478752397,,0,
189.0,1.0,2,-403.76754612475634,,0,
190.0,1.0,2,-372.8639257464092,,0,
191.0,1.0,2,-339.6497127353214,-393.093982,1,-53.44426926467861
192.0,1.0,2,-307.8273585764691,,0,
193.0,1.0,2,-280.2545019646641,,0,
194.0,1.0,2,-255.16811082849745,,0,
195.0,1.0,2,-229.87526997551322,,0,
196.0,1.0,2,-202.03083243663423,,0,
197.0,1.0,2,-170.15455252863467,-217.627958,1,-47.47340547136534
198.0,1.0,2,-136.00947936135344,,0,
199.0,1.0,2,-104.21241241740063,,0,
0.0,2.0,0,493.4415231447201,,0,
1.0,2.0,0,500.4318371540867,,0,
2.0,2.0,0,506.71979210712016,,0,
3.0,2.0,0,509.4851862366777,,0,
4.0,2.0,0,504.95842542825267,546.320071,1,41.36164557174732
5.0,2.0,0,488.35728857666254,,0,
6.0,2.0,0,457.2129020791035,,0,
7.0,2.0,0,410.53579487418756,,0,
8.0,2.0,0,350.6949364270549,,0,
9.0,2.0,0,281.62290725810453,,0,
10.0,2.0,0,206.79144448949955,304.749845,1,97.95840051050044
11.0,2.0,0,129.38778876373544,,0,
12.0,2.0,0,52.51604445325211,,0,
13.0,2.0,0,-21.358350708149374,,0,
14.0,2.0,0,-89.47049552388489,,0,
15.0,2.0,0,-149.38684861874208,,0,
16.0,2.0,0,-199.6112491406966,-328.573169,1,-128.9619198593034
17.0,2.0,0,-237.69632819027174,,0,
18.0,2.0,0,-268.1222039309796,,0,
19.0,2.0,0,-294.397372091189,,0,
20.0,2.0,0,-318.83385282661766,,0,
21.0,2.0,0,-342.96470696106553,,0,
22.0,2.0,0,-367.57587423705263,-308.543502,1,59.03237223705264
23.0,2.0,0,-391.9727776371874,,0,
24.0,2.0,0,-415.00258184527047,,0,
25.0,2.0,0,-434.9274049917294,,0,
26.0,2.0,0,-449.8010333736893,,0,
27.0,2.0,0,-457.74478189775255,,0,
28.0,2.0,0,-457.60550427949056,-524.460075,1,-66.8545707205094
29.0,2.0,0,-449.9408444855362,,0,
30.0,2.0,0,-435.58002218138427,,0,
31.0,2.0,0,-414.8936545737088,,0,
32.0,2.0,0,-388.68510145205073,,0,
33.0,2.0,0,-358.7318904865533,,0,
34.0,2.0,0,-328.62610293505713,-222.66779,1,105.95831293505714
35.0,2.0,0,-304.7518035514513,,0,
36.0,2.0,0,-292.8779856003821,,0,
37.0,2.0,0,-293.5622338093817,,0,
38.0,2.0,0,-305.36936293845065,,0,
39.0,2.0,0,-325.83380486653186,,0,
40.0,2.0,0,-352.36142344470136,-493.536874,1,-141.17545055529865
41.0,2.0,0,-384.8618748134468,,0,
42.0,2.0,0,-423.70889888401143,,0,
43.0,2.0,0,-468.1750472954009,,0,
44.0,2.0,0,-515.8991486148443,,0,
45.0,2.0,0,-563.2085299906321,,0,
46.0,2.0,0,-606.7762200970319,-866.284542,1,-259.5083219029681
47.0,2.0,0,-646.4684814081993,,0,
48.0,2.0,0,-681.9876364464872,,0,
49.0,2.0,0,-712.0024914140813,,0,
50.0,2.0,0,-735.0724355807761,,0,
51.0,2.0,0,-749.6396174698602,,0,
52.0,2.0,0,-754.8683647477301,-741.551645,1,13.316719747730076
53.0,2.0,0,-752.1474203076214,,0,
54.0,2.0,0,-742.9804822746082,,0,
55.0,2.0,0,-728.2810311503708,,0,
56.0,2.0,0,-708.5554127776995,,0,
57.0,2.0,0,-683.6873548200529,,0,
58.0,2.0,0,-652.1851713960059,-758.138494,1,-105.95332260399414
59.0,2.0,0,-610.707647867268,,0,
60.0,2.0,0,-561.8121459770482,,0,
61.0,2.0,0,-507.8131424188614,,0,
62.0,2.0,0,-450.0561457015574,,0,
63.0,2.0,0,-388.896021341905,,0,
64.0,2.0,0,-324.0191738891881,-349.714978,1,-25.695804110811878
65.0,2.0,0,-254.6991831889609,,0,
66.0,2.0,0,-181.84091342566535,,0,
67.0,2.0,0,-106.51499215740478,,0,
68.0,2.0,0,-29.759970773360692,,0,
69.0,2.0,0,47.406453501898795,,0,
70.0,2.0,3,123.67955593037186,109.882826,1,-13.796729930371868
71.0,2.0,3,197.02537054335698,,0,
72.0,2.0,3,263.36010114545934,,0,
73.0,2.0,3,317.1839040716877,,0,
74.0,2.0,3,351.1174258196261,,0,
75.0,2.0,3,357.0211335758795,,0,
76.0,2.0,3,331.0980024765013,653.766291,1,322.66828852349875
77.0,2.0,3,279.53377861576155,,0,
78.0,2.0,3,209.73359765356872,,0,
79.0,2.0,3,127.99823158921208,,0,
80.0,2.0,3,41.14686155412346,,0,
81.0,2.0,3,-44.13843801958137,,0,
82.0,2.0,3,-123.0613789773779,-110.070171,1,12.991207977377897
83.0,2.0,3,-193.74357372976374,,0,
84.0,2.0,3,-254.93225916812662,,0,
85.0,2.0,3,-305.09019737970084,,0,
86.0,2.0,3,-343.96717988542514,,0,
87.0,2.0,3,-372.91473017749377,,0,
88.0,2.0,3,-393.35053841088666,-475.325693,1,-81.97515458911334
89.0,2.0,3,-405.1812441378861,,0,
90.0,2.0,3,-411.8883969953167,,0,
91.0,2.0,3,-415.1213105265779,,0,
92.0,2.0,3,-415.42944040498696,,0,
93.0,2.0,3,-412.9354412117973,,0,
94.0,2.0,3,-407.2786382632039,-465.607626,1,-58.32898773679608
95.0,2.0,3,-397.3358688224107,,0,
96.0,2.0,3,-385.38473264384083,,0,
97.0,2.0,3,-373.7068913965195,,0,
98.0,2.0,3,-364.40423012065,,0,
99.0,2.0,3,-359.7196918879272,,0,
100.0,2.0,3,-361.2932977787568,-321.034092,1,40.25920577875684
101.0,2.0,3,-367.98139756615274,,0,
102.0,2.0,3,-378.4092351810832,,0,
103.0,2.0,3,-391.9172222188208,,0,
104.0,2.0,3,-407.895819005731,,0,
105.0,2.0,3,-425.1823003237587,,0,
106.0,2.0,3,-442.3033911671373,-398.174171,1,44.129220167137305
107.0,2.0,3,-457.9428649660258,,0,
108.0,2.0,3,-468.8248740033596,,0,
109.0,2.0,3,-474.28904599451926,,0,
110.0,2.0,3,-474.3171966219379,,0,
111.0,2.0,3,-468.6800050535239,,0,
112.0,2.0,3,-457.75960912712617,-368.941656,1,88.81795312712615
113.0,2.0,3,-443.65512257648516,,0,
114.0,2.0,3,-428.8638674648246,,0,
115.0,2.0,3,-414.3760991567542,,0,
116.0,2.0,3,-398.4252244940726,,0,
117.0,2.0,3,-378.9205780180637,,0,
118.0,2.0,3,-356.29845562099945,-326.686436,1,29.612019620999433
119.0,2.0,3,-333.8278119894676,,0,
120.0,2.0,3,-314.26363199111074,,0,
121.0,2.0,3,-296.87824609008385,,0,
122.0,2.0,3,-280.1489871330268,,0,
123.0,2.0,3,-263.0187539976323,,0,
124.0,2.0,3,-244.84542948467424,-215.529366,1,29.31606348467423
125.0,2.0,3,-225.37288511288352,,0,
126.0,2.0,3,-202.94959502952406,,0,
127.0,2.0,3,-177.95801805600058,,0,
128.0,2.0,3,-153.70068582170643,,0,
129.0,2.0,3,-134.3727732701227,,0,
130.0,2.0,3,-122.0835067567532,-106.959931,1,15.123575756753198
131.0,2.0,3,-113.17944538325537,,0,
132.0,2.0,1,-103.64534512185492,,0,
133.0,2.0,1,-93.85153724788688,,0,
134.0,2.0,1,-85.05773922882508,,0,
135.0,2.0,1,-78.19376596156508,,0,
136.0,2.0,1,-74.698430450866,81.757014,1,156.455444450866
137.0,2.0,1,-77.51599211385474,,0,
138.0,2.0,1,-88.60994372316054,,0,
139.0,2.0,1,-104.11971435253508,,0,
140.0,2.0,1,-120.15191057720222,,0,
141.0,2.0,1,-135.2542400934035,,0,
142.0,2.0,1,-148.88519914553035,-222.124311,1,-73.23911185446966
143.0,2.0,1,-160.24477599118836,,0,
144.0,2.0,1,-171.89628226915374,,0,
145.0,2.0,1,-182.4303238868015,,0,
146.0,2.0,1,-190.34029993700096,,0,
147.0,2.0,1,-195.84785710723372,,0,
148.0,2.0,1,-201.01492549083196,76.915798,1,277.93072349083195
149.0,2.0,1,-210.01602460176218,,0,
150.0,2.0,1,-227.076500285184,,0,
151.0,2.0,1,-253.8269682051614,,0,
152.0,2.0,1,-290.96527718543075,,0,
153.0,2.0,1,-337.7228136829799,,0,
154.0,2.0,1,-390.02061350806616,-497.932693,1,-107.91207949193381
155.0,2.0,1,-441.1655834824778,,0,
156.0,2.0,1,-490.2362938114675,,0,
157.0,2.0,1,-534.4008573248284,,0,
158.0,2.0,1,-569.1645713356556,,0,
159.0,2.0,1,-591.1503655808046,,0,
160.0,2.0,1,-600.4186875238083,-623.052727,1,-22.634039476191674
161.0,2.0,1,-598.5957467807457,,0,
162.0,2.0,1,-588.0990712689236,,0,
163.0,2.0,1,-569.680089884554,,0,
164.0,2.0,1,-543.9866596778156,,0,
165.0,2.0,1,-512.5132742685964,,0,
166.0,2.0,1,-477.7789524397813,-450.623618,1,27.155334439781257
167.0,2.0,1,-443.54176487470977,,0,
168.0,2.0,1,-412.4767849103082,,0,
169.0,2.0,1,-386.7595167425461,,0,
170.0,2.0,2,-369.258380140207,,0,
171.0,2.0,2,-362.3536147555569,,0,
172.0,2.0,2,-366.38679725374095,-284.73481,1,81.65198725374097
173.0,2.0,2,-381.44245033012703,,0,
174.0,2.0,2,-403.2600208221702,,0,
175.0,2.0,2,-428.37262357375585,,0,
176.0,2.0,2,-452.96677296445705,,0,
177.0,2.0,2,-472.68186470866203,,0,
178.0,2.0,2,-484.91207344058785,-644.477731,1,-159.5656575594121
179.0,2.0,2,-491.98590696486644,,0,
180.0,2.0,2,-495.7754320341628,,0,
181.0,2.0,2,-496.42722256528214,,0,
182.0,2.0,2,-493.7106428917032,,0,
183.0,2.0,2,-486.6014386860188,,0,
184.0,2.0,2,-474.4350460479036,-451.994186,1,22.440860047903584
185.0,2.0,2,-459.8879651443567,,0,
186.0,2.0,2,-445.34562830557115,,0,
187.0,2.0,2,-430.0970207666978,,0,
188.0,2.0,2,-412.3269969779067,,0,
189.0,2.0,2,-389.6672242374625,,0,
190.0,2.0,2,-360.7088882459793,-613.131666,1,-252.42277775402067
191.0,2.0,2,-328.56038206326775,,0,
192.0,2.0,2,-297.12192926742136,,0,
193.0,2.0,2,-268.29613512777723,,0,
194.0,2.0,2,-241.19366813602392,,0,
195.0,2.0,2,-213.6657546274364,,0,
196.0,2.0,2,-183.39708467945457,-321.352338,1,-137.9552533205454
197.0,2.0,2,-147.15881335688755,,0,
198.0,2.0,2,-110.07449052785523,,0,
199.0,2.0,2,-76.79443752905354,,0,
0.0,3.0,0,467.02831244282424,,0,
1.0,3.0,0,474.37569655594416,,0,
2.0,3.0,0,481.2406106274575,,0,
3.0,3.0,0,484.9087889813818,416.233718,1,-68.6750709813818
4.0,3.0,0,481.4436601693742,,0,
5.0,3.0,0,466.6209169430658,,0,
6.0,3.0,0,437.79790194670204,,0,
7.0,3.0,0,394.4124334305525,,0,
8.0,3.0,0,338.544980130624,,0,
9.0,3.0,0,273.7836739048944,332.979326,1,59.19565209510563
10.0,3.0,0,202.92974282382056,,0,
11.0,3.0,0,128.63521985709667,,0,
12.0,3.0,0,53.64748895843513,,0,
13.0,3.0,0,-19.182614057324827,,0,
14.0,3.0,0,-85.86743864681921,,0,
15.0,3.0,0,-142.43154884222895,-261.212836,1,-118.78128715777103
16.0,3.0,0,-188.86074093915522,,0,
17.0,3.0,0,-225.79747380677145,,0,
18.0,3.0,0,-256.07036262960173,,0,
19.0,3.0,0,-282.83389498939505,,0,
20.0,3.0,0,-308.2910735416226,,0,
21.0,3.0,0,-333.8047478850931,-283.500679,1,50.3040688850931
22.0,3.0,0,-360.6870775070274,,0,
23.0,3.0,0,-387.26107624033466,,0,
24.0,3.0,0,-412.159950961126,,0,
25.0,3.0,0,-433.85210278769955,,0,
26.0,3.0,0,-450.35274118790403,,0,
27.0,3.0,0,-459.43757580203237,-510.908553,1,-51.47097719796761
28.0,3.0,0,-459.347614511149,,0,
29.0,3.0,0,-451.2524154125713,,0,
30.0,3.0,0,-435.4997998161707,,0,
31.0,3.0,0,-412.4217220339924,,0,
32.0,3.0,0,-382.9422868328402,,0,
33.0,3.0,0,-348.8507145894109,-405.54487,1,-56.694155410589076
34.0,3.0,0,-313.8351393402554,,0,
35.0,3.0,0,-285.0288333571516,,0,
36.0,3.0,0,-267.4888461441733,,0,
37.0,3.0,0,-263.61403428949416,,0,
38.0,3.0,0,-273.27347621147055,,0,
39.0,3.0,0,-293.3690093695186,-388.541911,1,-95.17290163048142
40.0,3.0,0,-318.925485828775,,0,
41.0,3.0,0,-350.7021615212434,,0,
42.0,3.0,0,-388.5796158859739,,0,
43.0,3.0,0,-431.38219577493146,,0,
44.0,3.0,0,-477.08486129599623,,0,
45.0,3.0,0,-522.6284729149193,-662.601625,1,-139.97315208508076
46.0,3.0,0,-563.147367995989,,0,
47.0,3.0,0,-601.0801372828428,,0,
48.0,3.0,0,-636.6266368902288,,0,
49.0,3.0,0,-668.445929723006,,0,
50.0,3.0,0,-694.2465576163959,,0,
51.0,3.0,0,-711.2673355184961,-793.242349,1,-81.97501348150388
52.0,3.0,0,-717.5317240585573,,0,
53.0,3.0,0,-715.8039990486577,,0,
54.0,3.0,0,-707.4862640429055,,0,
55.0,3.0,0,-693.3719538054429,,0,
56.0,3.0,0,-674.2210462569492,,0,
57.0,3.0,0,-650.2478573900298,-756.821022,1,-106.57316460997015
58.0,3.0,0,-619.927027365542,,0,
59.0,3.0,0,-581.6123299727333,,0,
60.0,3.0,0,-536.5765656016301,,0,
61.0,3.0,0,-486.88202024577186,,0,
62.0,3.0,0,-433.7636069323635,,0,
63.0,3.0,0,-377.249208468711,-421.478754,1,-44.22954553128898
64.0,3.0,0,-316.66661651281174,,0,
65.0,3.0,0,-251.48147373110987,,0,
66.0,3.0,0,-182.16815663175657,,0,
67.0,3.0,0,-109.77056469698437,,0,
68.0,3.0,0,-35.30291404295713,,0,
69.0,3.0,0,40.56731462827884,22.475374,1,-18.091940628278838
70.0,3.0,3,116.93828984472202,,0,
71.0,3.0,3,191.89109125803225,,0,
72.0,3.0,3,261.7829948820872,,0,
73.0,3.0,3,320.75171444471925,,0,
74.0,3.0,3,359.42637589300284,,0,
75.0,3.0,3,366.55026000353973,687.146364,1,320.5961039964602
76.0,3.0,3,335.0682288474636,,0,
77.0,3.0,3,277.4910067021847,,0,
78.0,3.0,3,201.97420844866429,,0,
79.0,3.0,3,115.09063962486107,,0,
80.0,3.0,3,24.04569507209817,,0,
81.0,3.0,3,-63.871597231322085,-130.811804,1,-66.94020676867791
82.0,3.0,3,-143.47733940789476,,0,
83.0,3.0,3,-213.9572409936809,,0,
84.0,3.0,3,-273.31592893367633,,0,
85.0,3.0,3,-319.41882205032744,,0,
86.0,3.0,3,-352.2079933353234,,0,
87.0,3.0,3,-374.50114768813364,-439.458719,1,-64.95757131186633
88.0,3.0,3,-389.23625353339594,,0,
89.0,3.0,3,-398.08899359728093,,0,
90.0,3.0,3,-403.0836927530472,,0,
91.0,3.0,3,-405.27252870272787,,0,
92.0,3.0,3,-404.7340876449016,,0,
93.0,3.0,3,-401.3258021760266,-449.170623,1,-47.84482082397335
94.0,3.0,3,-394.6899837164674,,0,
95.0,3.0,3,-384.73307250312064,,0,
96.0,3.0,3,-373.0767770402017,,0,
97.0,3.0,3,-361.92844571571186,,0,
98.0,3.0,3,-353.37189892551396,,0,
99.0,3.0,3,-349.6600259829429,-242.416623,1,107.24340298294291
100.0,3.0,3,-353.89998933818424,,0,
101.0,3.0,3,-363.20247240911704,,0,
102.0,3.0,3,-376.31280481469,,0,
103.0,3.0,3,-393.2130118437344,,0,
104.0,3.0,3,-413.6426241462468,,0,
105.0,3.0,3,-435.9215213147836,-255.141402,1,180.7801193147836
106.0,3.0,3,-457.9147684034833,,0,
107.0,3.0,3,-477.73198370455066,,0,
108.0,3.0,3,-493.3363433118211,,0,
109.0,3.0,3,-503.7628049236955,,0,
110.0,3.0,3,-508.69164416060084,,0,
111.0,3.0,3,-507.7322804930154,-556.071139,1,-48.33885850698459
112.0,3.0,3,-500.6954447387252,,0,
113.0,3.0,3,-489.9251641394949,,0,
114.0,3.0,3,-476.57074022636516,,0,
115.0,3.0,3,-460.61793458118336,,0,
116.0,3.0,3,-440.62668975256383,,0,
117.0,3.0,3,-415.03367273008917,-464.676743,1,-49.64307026991082
118.0,3.0,3,-385.5618406413123,,0,
119.0,3.0,3,-356.8640486522345,,0,
120.0,3.0,3,-330.98662984988187,,0,
121.0,3.0,3,-307.4387858750997,,0,
122.0,3.0,3,-284.63432769625797,,0,
123.0,3.0,3,-261.1767830810277,-297.711302,1,-36.53451891897231
124.0,3.0,3,-236.23233341635205,,0,
125.0,3.0,3,-209.44328179687727,,0,
126.0,3.0,3,-180.90805725977407,,0,
127.0,3.0,3,-152.61795613903087,,0,
128.0,3.0,3,-127.68800931854639,,0,
129.0,3.0,3,-108.69532604666892,60.115387,1,168.81071304666892
130.0,3.0,3,-99.10324865631992,,0,
131.0,3.0,3,-93.08784677169751,,0,
132.0,3.0,1,-87.59588787588291,,0,
133.0,3.0,1,-82.1199838721659,,0,
134.0,3.0,1,-77.21626593102701,,0,
135.0,3.0,1,-73.85651173756924,-91.264003,1,-17.407491262430767
136.0,3.0,1,-73.53024379361887,,0,
137.0,3.0,1,-78.85116427205503,,0,
138.0,3.0,1,-90.33895319545991,,0,
139.0,3.0,1,-104.97958280931925,,0,
140.0,3.0,1,-119.46781630133046,,0,
141.0,3.0,1,-133.4344326176215,-367.652247,1,-234.2178143823785
142.0,3.0,1,-147.278668749379,,0,
143.0,3.0,1,-160.47698138153646,,0,
144.0,3.0,1,-172.5779584760312,,0,
145.0,3.0,1,-182.14310597680742,,0,
146.0,3.0,1,-187.95849789190106,,0,
147.0,3.0,1,-190.24465422250796,-220.705378,1,-30.460723777492035
148.0,3.0,1,-191.1600969225401,,0,
149.0,3.0,1,-195.49759077548515,,0,
150.0,3.0,1,-207.40226965746842,,0,
151.0,3.0,1,-229.66808634612244,,0,
152.0,3.0,1,-264.51224203477614,,0,
153.0,3.0,1,-312.4410683962051,-335.376919,1,-22.935850603794904
154.0,3.0,1,-367.8598332912079,,0,
155.0,3.0,1,-424.5354772245046,,0,
156.0,3.0,1,-479.50369142426644,,0,
157.0,3.0,1,-529.4969792701304,,0,
158.0,3.0,1,-568.6947434426984,,0,
159.0,3.0,1,-591.740157204913,-810.550289,1,-218.81013179508705
160.0,3.0,1,-601.0281700894702,,0,
161.0,3.0,1,-599.807278803084,,0,
162.0,3.0,1,-589.712061429047,,0,
163.0,3.0,1,-571.1668216311373,,0,
164.0,3.0,1,-544.5351683389163,,0,
165.0,3.0,1,-511.312621631776,-697.441316,1,-186.12869436822405
166.0,3.0,1,-474.0405695552472,,0,
167.0,3.0,1,-435.68219495005906,,0,
168.0,3.0,1,-398.7660132597666,,0,
169.0,3.0,1,-366.12709258368704,,0,
170.0,3.0,2,-342.45420425216435,,0,
171.0,3.0,2,-332.2969105616212,-205.399658,1,126.8972525616212
172.0,3.0,2,-334.2124999103835,,0,
173.0,3.0,2,-345.7489485613769,,0,
174.0,3.0,2,-363.6882130590966,,0,
175.0,3.0,2,-384.673474150477,,0,
176.0,3.0,2,-404.8468928101938,,0,
177.0,3.0,2,-419.4899705480784,-612.211674,1,-192.7217034519216
178.0,3.0,2,-424.5205683301174,,0,
179.0,3.0,2,-426.6883232789114,,0,
180.0,3.0,2,-429.28820083639584,,0,
181.0,3.0,2,-433.0027754122857,,0,
182.0,3.0,2,-436.48924310924485,,0,
183.0,3.0,2,-436.81918146903627,-565.001921,1,-128.18273953096377
184.0,3.0,2,-430.85732818581164,,0,
185.0,3.0,2,-422.6019602083834,,0,
186.0,3.0,2,-413.6735724825994,,0,
187.0,3.0,2,-403.7193552220706,,0,
188.0,3.0,2,-391.22659754613414,,0,
189.0,3.0,2,-373.3788261129521,-524.349584,1,-150.97075788704797
190.0,3.0,2,-346.17331330361776,,0,
191.0,3.0,2,-314.9946833909489,,0,
192.0,3.0,2,-283.7802463788539,,0,
193.0,3.0,2,-254.21088124485686,,0,
194.0,3.0,2,-225.23858271568315,,0,
195.0,3.0,2,-194.30982702225447,-354.32958,1,-160.01975297774555
196.0,3.0,2,-159.6539950829465,,0,
197.0,3.0,2,-120.80548252235167,,0,
198.0,3.0,2,-81.69365386548452,,0,
199.0,3.0,2,-47.74610082898289,,0,
0.0,4.0,0,436.304122597212,,0,
1.0,4.0,0,443.7304519407917,,0,
2.0,4.0,0,451.2151370481588,441.47276,1,-9.7423770481588
3.0,4.0,0,456.34297101339325,,0,
4.0,4.0,0,455.20643592160195,,0,
5.0,4.0,0,443.7148739369586,,0,
6.0,4.0,0,418.75006982390187,,0,
7.0,4.0,0,379.4215510659851,,0,
8.0,4.0,0,327.8484291413333,275.633354,1,-52.21507514133333
9.0,4.0,0,268.28678602562286,,0,
10.0,4.0,0,202.4673361349851,,0,
11.0,4.0,0,132.7131426834967,,0,
12.0,4.0,0,61.54522084072232,,0,
13.0,4.0,0,-8.369037904776633,,0,
14.0,4.0,0,-72.93927785125561,-274.170233,1,-201.23095514874439
15.0,4.0,0,-125.24503018474206,,0,
16.0,4.0,0,-169.00715763075277,,0,
17.0,4.0,0,-205.85447646246757,,0,
18.0,4.0,0,-237.3835744378157,,0,
19.0,4.0,0,-265.98552448372357,,0,
20.0,4.0,0,-294.02365195471793,-166.041975,1,127.98167695471793
21.0,4.0,0,-322.3039931273088,,0,
22.0,4.0,0,-351.0169223904377,,0,
23.0,4.0,0,-379.1540661714971,,0,
24.0,4.0,0,-405.3429786458146,,0,
25.0,4.0,0,-428.11470585362986,,0,
26.0,4.0,0,-445.5296097781975,-489.524003,1,-43.99439322180251
27.0,4.0,0,-454.78476979315747,,0,
28.0,4.0,0,-455.5132618274074,,0,
29.0,4.0,0,-447.74848670559004,,0,
30.0,4.0,0,-431.0042511742795,,0,
31.0,4.0,0,-405.2877899983432,,0,
32.0,4.0,0,-372.2559581788955,-456.554188,1,-84.29822982110448
33.0,4.0,0,-333.36635591089725,,0,
34.0,4.0,0,-294.60314841906074,,0,
35.0,4.0,0,-261.70341028273106,,0,
36.0,4.0,0,-239.187525305897,,0,
37.0,4.0,0,-230.7225395226851,,0,
38.0,4.0,0,-237.9767499793088,-113.640513,1,124.33623697930881
39.0,4.0,0,-256.4798401040025,,0,
40.0,4.0,0,-281.5511077907868,,0,
41.0,4.0,0,-312.24739996081917,,0,
42.0,4.0,0,-348.2417007146869,,0,
43.0,4.0,0,-388.11986446770607,,0,
44.0,4.0,0,-429.66404469660483,-553.552542,1,-123.88849730339518
45.0,4.0,0,-470.73158145695925,,0,
46.0,4.0,0,-509.3413483577315,,0,
47.0,4.0,0,-546.2525045748334,,0,
48.0,4.0,0,-581.9160824109567,,0,
49.0,4.0,0,-615.1262716427445,,0,
50.0,4.0,0,-643.0193996479502,-713.918947,1,-70.89954735204981
51.0,4.0,0,-661.2306763749802,,0,
52.0,4.0,0,-669.8004506757716,,0,
53.0,4.0,0,-670.1220758440904,,0,
54.0,4.0,0,-663.2810472698184,,0,
55.0,4.0,0,-650.0000279571395,,0,
56.0,4.0,0,-631.4220111410832,-601.726968,1,29.695043141083147
57.0,4.0,0,-608.6825618753792,,0,
58.0,4.0,0,-580.511452616076,,0,
59.0,4.0,0,-546.0671741788974,,0,
60.0,4.0,0,-505.90817840467207,,0,
61.0,4.0,0,-461.66276291944087,,0,
62.0,4.0,0,-414.688221084245,-320.227808,1,94.46041308424503
63.0,4.0,0,-364.352949394146,,0,
64.0,4.0,0,-309.6314183289651,,0,
65.0,4.0,0,-250.00319642899558,,0,
66.0,4.0,0,-185.6326224380755,,0,
67.0,4.0,0,-117.56317992368713,,0,
68.0,4.0,0,-47.12371304514818,1.264026,1,48.38773904514818
69.0,4.0,0,25.662160034524277,,0,
70.0,4.0,3,100.24570344208041,,0,
71.0,4.0,3,174.69780276354868,,0,
72.0,4.0,3,245.66550521622412,,0,
73.0,4.0,3,307.3260969207622,,0,
74.0,4.0,3,348.89553859329317,654.266912,1,305.3713734067069
75.0,4.0,3,353.5286033517914,,0,
76.0,4.0,3,323.0932226718869,,0,
77.0,4.0,3,265.3139294022694,,0,
78.0,4.0,3,188.38951336819446,,0,
79.0,4.0,3,99.70084252813831,,0,
80.0,4.0,3,7.134098494250793,-93.747729,1,-100.8818274942508
81.0,4.0,3,-80.28381943434943,,0,
82.0,4.0,3,-159.82300699537154,,0,
83.0,4.0,3,-229.45128149763332,,0,
84.0,4.0,3,-286.37959943391616,,0,
85.0,4.0,3,-327.28724174178205,,0,
86.0,4.0,3,-351.7436052809353,-448.180553,1,-96.43694771906468
87.0,4.0,3,-365.8344710980309,,0,
88.0,4.0,3,-374.9096338763484,,0,
89.0,4.0,3,-381.36876351638057,,0,
90.0,4.0,3,-386.013181185117,,0,
91.0,4.0,3,-388.51919553929474,,0,
92.0,4.0,3,-388.08273051225115,-471.466115,1,-83.38338448774886
93.0,4.0,3,-384.46578692109324,,0,
94.0,4.0,3,-377.73717347098864,,0,
95.0,4.0,3,-368.4322051284835,,0,
96.0,4.0,3,-357.9739528220962,,0,
97.0,4.0,3,-348.5277565935976,,0,
98.0,4.0,3,-342.5443114769878,-197.695389,1,144.84892247698778
99.0,4.0,3,-342.11984466342255,,0,
100.0,4.0,3,-348.44202492403565,,0,
101.0,4.0,3,-359.9230473766802,,0,
102.0,4.0,3,-375.2402781471028,,0,
103.0,4.0,3,-395.06732511590235,,0,
104.0,4.0,3,-420.22360858198954,-181.268461,1,238.95514758198954
105.0,4.0,3,-447.71677594073117,,0,
106.0,4.0,3,-474.28089751303196,,0,
107.0,4.0,3,-497.78336164468783,,0,
108.0,4.0,3,-516.811619533808,,0,
109.0,4.0,3,-530.7180572168436,,0,
110.0,4.0,3,-539.1819818205549,-574.766992,1,-35.58501017944502
111.0,4.0,3,-541.3591927599628,,0,
112.0,4.0,3,-538.190515469294,,0,
113.0,4.0,3,-530.5826923639543,,0,
114.0,4.0,3,-518.2430924591608,,0,
115.0,4.0,3,-500.405529905227,,0,
116.0,4.0,3,-476.5621736708563,-635.125215,1,-158.56304132914374
117.0,4.0,3,-444.3669553361833,,0,
118.0,4.0,3,-409.5915793120221,,0,
119.0,4.0,3,-376.3404599254718,,0,
120.0,4.0,3,-346.2791270299349,,0,
121.0,4.0,3,-318.6775117537909,,0,
122.0,4.0,3,-291.6049527016585,-368.578701,1,-76.97374829834155
123.0,4.0,3,-263.553732933884,,0,
124.0,4.0,3,-233.5342800275539,,0,
125.0,4.0,3,-201.1763185833115,,0,
126.0,4.0,3,-167.39906855195295,,0,
127.0,4.0,3,-136.03801676549483,,0,
128.0,4.0,3,-112.06339222926181,110.573413,1,222.63680522926182
129.0,4.0,3,-95.48092377233843,,0,
130.0,4.0,3,-85.83140625763917,,0,
131.0,4.0,3,-80.48848416600958,,0,
132.0,4.0,1,-77.08252268837532,,0,
133.0,4.0,1,-74.34790791803971,,0,
134.0,4.0,1,-71.79391836910509,-77.076593,1,-5.282674630894917
135.0,4.0,1,-69.86668712494429,,0,
136.0,4.0,1,-70.4346433832543,,0,
137.0,4.0,1,-75.96251278929412,,0,
138.0,4.0,1,-87.12948469725961,,0,
139.0,4.0,1,-100.44534342252882,,0,
140.0,4.0,1,-111.4633201645338,-490.761051,1,-379.2977308354662
141.0,4.0,1,-122.89423338975757,,0,
142.0,4.0,1,-137.08982958144043,,0,
143.0,4.0,1,-153.01311711710878,,0,
144.0,4.0,1,-167.53801040770486,,0,
145.0,4.0,1,-177.5094731770805,,0,
146.0,4.0,1,-182.01971465122188,-225.896658,1,-43.87694334877813
147.0,4.0,1,-181.28351968934294,,0,
148.0,4.0,1,-178.70443417830393,,0,
149.0,4.0,1,-178.65015122608747,,0,
150.0,4.0,1,-185.7446341329487,,0,
151.0,4.0,1,-203.6020457886625,,0,
152.0,4.0,1,-234.75574870384298,-32.550694,1,202.205054703843
153.0,4.0,1,-282.6797050291789,,0,
154.0,4.0,1,-339.19955866233795,,0,
155.0,4.0,1,-398.69320112548303,,0,
156.0,4.0,1,-457.43771960481536,,0,
157.0,4.0,1,-511.75535521202255,,0,
158.0,4.0,1,-555.8062271488598,-877.000639,1,-321.1944118511402
159.0,4.0,1,-579.6134794037789,,0,
160.0,4.0,1,-590.5700492183678,,0,
161.0,4.0,1,-591.991899804736,,0,
162.0,4.0,1,-584.7413104755688,,0,
163.0,4.0,1,-568.4663598531624,,0,
164.0,4.0,1,-542.7751125012292,-706.281823,1,-163.50671049877087
165.0,4.0,1,-509.5042480920674,,0,
166.0,4.0,1,-471.20438463275786,,0,
167.0,4.0,1,-430.33148215850815,,0,
168.0,4.0,1,-389.24110064283013,,0,
169.0,4.0,1,-350.8304471488809,,0,
170.0,4.0,2,-320.3790561542701,-55.322973,1,265.0560831542701
171.0,4.0,2,-306.75183253071737,,0,
172.0,4.0,2,-304.194566456601,,0,
173.0,4.0,2,-309.5458657243289,,0,
174.0,4.0,2,-320.2913842925336,,0,
175.0,4.0,2,-333.6184624754824,,0,
176.0,4.0,2,-345.90192304644734,-463.89431,1,-117.99238695355268
177.0,4.0,2,-351.2369252432836,,0,
178.0,4.0,2,-350.8251639835653,,0,
179.0,4.0,2,-349.40453777229413,,0,
180.0,4.0,2,-351.40526031469926,,0,
181.0,4.0,2,-358.44771744078025,,0,
182.0,4.0,2,-368.22831126709934,-437.642424,1,-69.41411273290066
183.0,4.0,2,-375.3756071019452,,0,
184.0,4.0,2,-378.5987479519099,,0,
185.0,4.0,2,-378.9850932705449,,0,
186.0,4.0,2,-377.34328211290995,,0,
187.0,4.0,2,-373.4418071953114,,0,
188.0,4.0,2,-365.95211406238377,-282.285261,1,83.66685306238378
189.0,4.0,2,-351.39830363425426,,0,
190.0,4.0,2,-327.6458340520039,,0,
191.0,4.0,2,-298.0019441198092,,0,
192.0,4.0,2,-267.06727570528165,,0,
193.0,4.0,2,-237.31779311806895,,0,
194.0,4.0,2,-207.48203016421758,-271.441195,1,-63.95916483578242
195.0,4.0,2,-173.76754123577848,,0,
196.0,4.0,2,-136.06834234343842,,0,
197.0,4.0,2,-95.13412613421679,,0,
198.0,4.0,2,-54.249876416055486,,0,
199.0,4.0,2,-19.69759415369481,,0,
0.0,5.0,0,401.7439443441108,,0,
1.0,5.0,0,409.02747233444825,403.358594,1,-5.668878334448266
2.0,5.0,0,417.4061639807187,,0,
3.0,5.0,0,424.61816633096896,,0,
4.0,5.0,0,427.0525864767842,,0,
5.0,5.0,0,420.38270563911647,,0,
6.0,5.0,0,400.63652822654694,,0,
7.0,5.0,0,366.2389610828832,340.85417,1,-25.38479108288317
8.0,5.0,0,320.0353627966251,,0,
9.0,5.0,0,265.723787013907,,0,
10.0,5.0,0,205.54102250095457,,0,
11.0,5.0,0,141.62922106601764,,0,
12.0,5.0,0,76.36657051811926,,0,
13.0,5.0,0,12.277611111290753,-246.018538,1,-258.2961491112908
14.0,5.0,0,-46.98905827361159,,0,
15.0,5.0,0,-97.96468347078189,,0,
16.0,5.0,0,-141.833253077697,,0,
17.0,5.0,0,-180.3467034966452,,0,
18.0,5.0,0,-214.5167985178996,,0,
19.0,5.0,0,-245.82065510028042,-179.443084,1,66.37757110028042
20.0,5.0,0,-277.2912505690474,,0,
21.0,5.0,0,-308.3600889472291,,0,
22.0,5.0,0,-338.7630772043485,,0,
23.0,5.0,0,-367.8637670474127,,0,
24.0,5.0,0,-394.49641670193523,,0,
25.0,5.0,0,-417.1833447969984,-427.208686,1,-10.025341203001574
26.0,5.0,0,-434.11616096948273,,0,
27.0,5.0,0,-443.53921611839905,,0,
28.0,5.0,0,-444.88565257773735,,0,
29.0,5.0,0,-437.7196494801901,,0,
30.0,5.0,0,-420.2223042175174,,0,
31.0,5.0,0,-390.82146908226423,-532.115218,1,-141.2937489177358
32.0,5.0,0,-353.09073714050464,,0,
33.0,5.0,0,-311.3019396532327,,0,
34.0,5.0,0,-270.51084077195264,,0,
35.0,5.0,0,-235.5023928534938,,0,
36.0,5.0,0,-209.9721169839613,,0,
37.0,5.0,0,-197.53823849419132,12.604884,1,210.14312249419132
38.0,5.0,0,-203.1615264955908,,0,
39.0,5.0,0,-219.62561619793996,,0,
40.0,5.0,0,-242.75411373155657,,0,
41.0,5.0,0,-271.1154625752242,,0,
42.0,5.0,0,-304.0339162098244,,0,
43.0,5.0,0,-340.01278840674786,-392.649269,1,-52.636480593252145
44.0,5.0,0,-376.2813067494426,,0,
45.0,5.0,0,-412.62372498353943,,0,
46.0,5.0,0,-448.61894773191307,,0,
47.0,5.0,0,-484.37417619279586,,0,
48.0,5.0,0,-519.8122959646862,,0,
49.0,5.0,0,-553.6451632877579,-549.116602,1,4.528561287757952
50.0,5.0,0,-582.310387107078,,0,
51.0,5.0,0,-602.3888614343014,,0,
52.0,5.0,0,-613.3530303643784,,0,
53.0,5.0,0,-616.1267476892099,,0,
54.0,5.0,0,-611.3040926564718,,0,
55.0,5.0,0,-599.2622793316841,-634.683314,1,-35.42103466831588
56.0,5.0,0,-582.0740320628975,,0,
57.0,5.0,0,-561.185929293104,,0,
58.0,5.0,0,-536.2160430869553,,0,
59.0,5.0,0,-506.4820444743382,,0,
60.0,5.0,0,-472.04394566325936,,0,
61.0,5.0,0,-434.02395271114074,-366.960886,1,67.06306671114072
62.0,5.0,0,-394.42360778397415,,0,
63.0,5.0,0,-351.35140935797244,,0,
64.0,5.0,0,-303.669277400244,,0,
65.0,5.0,0,-250.86754197927075,,0,
66.0,5.0,0,-192.82754962181207,,0,
67.0,5.0,0,-130.21411535399966,-55.504049,1,74.71006635399965
68.0,5.0,0,-65.2855884579476,,0,
69.0,5.0,0,3.235084230778739,,0,
70.0,5.0,3,74.7384815653204,,0,
71.0,5.0,3,146.80613838345744,,0,
72.0,5.0,3,216.08358020486776,,0,
73.0,5.0,3,276.9605951011181,326.435617,1,49.47502189888189
74.0,5.0,3,317.25551999756135,,0,
75.0,5.0,3,325.0724709366914,,0,
76.0,5.0,3,299.406945026014,,0,
77.0,5.0,3,245.5178787498735,,0,
78.0,5.0,3,170.90598532214062,,0,
79.0,5.0,3,84.11429062357638,5.017362,1,-79.09692862357637
80.0,5.0,3,-6.018702602188569,,0,
81.0,5.0,3,-91.8492737141496,,0,
82.0,5.0,3,-169.5344357934082,,0,
83.0,5.0,3,-236.63961629173718,,0,
84.0,5.0,3,-289.59832678892417,,0,
85.0,5.0,3,-324.03458375507034,-564.478805,1,-240.44422124492962
86.0,5.0,3,-338.4423435375502,,0,
87.0,5.0,3,-344.8154315549182,,0,
88.0,5.0,3,-349.716283842281,,0,
89.0,5.0,3,-355.4130377887923,,0,
90.0,5.0,3,-361.4218419888639,,0,
91.0,5.0,3,-365.86980082426453,-390.502309,1,-24.632508175735495
92.0,5.0,3,-366.668862522929,,0,
93.0,5.0,3,-363.78278687899,,0,
94.0,5.0,3,-357.6922262235894,,0,
95.0,5.0,3,-349.45669442007784,,0,
96.0,5.0,3,-340.63450608204585,,0,
97.0,5.0,3,-333.36778583924024,-309.096825,1,24.270960839240217
98.0,5.0,3,-330.7844983647228,,0,
99.0,5.0,3,-334.2486746779323,,0,
100.0,5.0,3,-343.93236791243544,,0,
101.0,5.0,3,-358.4397037664894,,0,
102.0,5.0,3,-376.446440578482,,0,
103.0,5.0,3,-398.8541926603066,-237.873867,1,160.9803256603066
104.0,5.0,3,-428.9893341099378,,0,
105.0,5.0,3,-461.10539070312734,,0,
106.0,5.0,3,-491.3633649451658,,0,
107.0,5.0,3,-517.5032471840968,,0,
108.0,5.0,3,-538.3909410363412,,0,
109.0,5.0,3,-553.7219742769375,-701.825962,1,-148.10398772306246
110.0,5.0,3,-563.4684399145772,,0,
111.0,5.0,3,-567.727937761927,,0,
112.0,5.0,3,-567.2429145841743,,0,
113.0,5.0,3,-562.1496732789383,,0,
114.0,5.0,3,-550.2666908621904,,0,
115.0,5.0,3,-528.7185219427483,-745.767599,1,-217.04907705725168
116.0,5.0,3,-499.09437036461895,,0,
117.0,5.0,3,-463.3656723268796,,0,
118.0,5.0,3,-425.7710390892753,,0,
119.0,5.0,3,-390.32716070872266,,0,
120.0,5.0,3,-358.726218375843,,0,
121.0,5.0,3,-329.8991102121654,-354.652923,1,-24.75381278783459
122.0,5.0,3,-301.13653205358423,,0,
123.0,5.0,3,-271.0712100355013,,0,
124.0,5.0,3,-238.65516498696525,,0,
125.0,5.0,3,-203.64407751499675,,0,
126.0,5.0,3,-167.1304684295319,,0,
127.0,5.0,3,-133.2615980161354,154.516023,1,287.7776210161354
128.0,5.0,3,-111.1563255629735,,0,
129.0,5.0,3,-95.32788173947483,,0,
130.0,5.0,3,-84.14883375487989,,0,
131.0,5.0,3,-77.35364602610935,,0,
132.0,5.0,1,-74.11470297822962,,0,
133.0,5.0,1,-72.21211961877998,4.461692,1,76.67381161877998
134.0,5.0,1,-69.6213655793108,,0,
135.0,5.0,1,-66.11422148533165,,0,
136.0,5.0,1,-63.57727782288566,,0,
137.0,5.0,1,-65.15628984593786,,0,
138.0,5.0,1,-72.7789155911596,,0,
139.0,5.0,1,-83.60789955500513,-419.584519,1,-335.97661944499487
140.0,5.0,1,-89.00120665051509,,0,
141.0,5.0,1,-97.8227757466957,,0,
142.0,5.0,1,-113.27939518319909,,0,
143.0,5.0,1,-133.67963578831404,,0,
144.0,5.0,1,-153.09547260391992,,0,
145.0,5.0,1,-164.7982043280499,-295.853492,1,-131.0552876719501
146.0,5.0,1,-169.113626591512,,0,
147.0,5.0,1,-167.79698328021914,,0,
148.0,5.0,1,-163.39393695956096,,0,
149.0,5.0,1,-159.94428212195635,,0,
150.0,5.0,1,-163.10952101880684,,0,
151.0,5.0,1,-178.46477217413485,227.454103,1,405.9188751741349
152.0,5.0,1,-207.91449392633513,,0,
153.0,5.0,1,-251.71013452217449,,0,
154.0,5.0,1,-305.3988463963615,,0,
155.0,5.0,1,-363.8350687198108,,0,
156.0,5.0,1,-422.4912363354815,,0,
157.0,5.0,1,-476.54844806785695,-641.39178,1,-164.8433319321431
158.0,5.0,1,-520.5007797551807,,0,
159.0,5.0,1,-549.4319187426008,,0,
160.0,5.0,1,-565.7380802677944,,0,
161.0,5.0,1,-572.3550721232314,,0,
162.0,5.0,1,-570.1591307069175,,0,
163.0,5.0,1,-558.583473740262,-639.474539,1,-80.89106525973807
164.0,5.0,1,-535.7696358119138,,0,
165.0,5.0,1,-504.49677026679274,,0,
166.0,5.0,1,-467.1007850592723,,0,
167.0,5.0,1,-425.8860035245307,,0,
168.0,5.0,1,-383.23102775542066,,0,
169.0,5.0,1,-342.2187790599419,-220.561235,1,121.65754405994187
170.0,5.0,2,-308.5189131494262,,0,
171.0,5.0,2,-287.1675677068997,,0,
172.0,5.0,2,-276.2274521118961,,0,
173.0,5.0,2,-272.47907925362233,,0,
174.0,5.0,2,-273.22470969578717,,0,
175.0,5.0,2,-275.5775259286165,-255.240805,1,20.33672092861653
176.0,5.0,2,-276.70098202396184,,0,
177.0,5.0,2,-273.9389883063268,,0,
178.0,5.0,2,-268.3582352602971,,0,
179.0,5.0,2,-263.7339622832369,,0,
180.0,5.0,2,-265.0699854718987,,0,
181.0,5.0,2,-275.6271573069971,-134.176037,1,141.4511203069971
182.0,5.0,2,-291.478628136334,,0,
183.0,5.0,2,-307.3618580896873,,0,
184.0,5.0,2,-320.9850064702332,,0,
185.0,5.0,2,-331.63459073449485,,0,
186.0,5.0,2,-338.8055707178428,,0,
187.0,5.0,2,-341.86679916642606,-272.862661,1,69.00413816642606
188.0,5.0,2,-340.0753836079966,,0,
189.0,5.0,2,-329.2606132456567,,0,
190.0,5.0,2,-308.1925930096768,,0,
191.0,5.0,2,-279.41607256792486,,0,
192.0,5.0,2,-248.15373187651858,,0,
193.0,5.0,2,-218.6475051707821,-152.590757,1,66.0567481707821
194.0,5.0,2,-188.52705605703522,,0,
195.0,5.0,2,-154.46122652711347,,0,
196.0,5.0,2,-116.09349287021905,,0,
197.0,5.0,2,-74.76756566925906,,0,
198.0,5.0,2,-33.416491543641314,,0,
199.0,5.0,2,1.9825162957422435,325.610864,1,323.62834770425775
0.0,6.0,0,364.04986825818196,220.623242,1,-143.42662625818195
1.0,6.0,0,370.7316523338668,,0,
2.0,6.0,0,379.8847031565383,,0,
3.0,6.0,0,389.57298660837114,,0,
4.0,6.0,0,396.34364619478583,,0,
5.0,6.0,0,395.3835647087544,,0,
6.0,6.0,0,381.7250879544299,488.921369,1,107.19628104557012
7.0,6.0,0,352.6521025970578,,0,
8.0,6.0,0,312.6082270357292,,0,
9.0,6.0,0,264.66417136532255,,0,
10.0,6.0,0,211.00554024451412,,0,
11.0,6.0,0,153.9586053167004,,0,
12.0,6.0,0,96.01322367414832,-69.867063,1,-165.88028667414832
13.0,6.0,0,38.960904421284795,,0,
14.0,6.0,0,-15.160328910220414,,0,
15.0,6.0,0,-64.7707283589989,,0,
16.0,6.0,0,-109.98634466854855,,0,
17.0,6.0,0,-151.55972960981308,,0,
18.0,6.0,0,-189.92992684198543,-220.181134,1,-30.25120715801455
19.0,6.0,0,-225.3912731294986,,0,
20.0,6.0,0,-259.7613409389742,,0,
21.0,6.0,0,-292.9740350971697,,0,
22.0,6.0,0,-324.6087265643291,,0,
23.0,6.0,0,-354.15558293438517,,0,
24.0,6.0,0,-380.5022617219947,-381.023527,1,-0.5212652780052736
25.0,6.0,0,-402.19731802493334,,0,
26.0,6.0,0,-417.8178755596746,,0,
27.0,6.0,0,-426.2265453443397,,0,
28.0,6.0,0,-426.81739786447724,,0,
29.0,6.0,0,-419.0553497953806,,0,
30.0,6.0,0,-400.93018472008407,-634.875658,1,-233.94547327991597
31.0,6.0,0,-367.4895688649267,,0,
32.0,6.0,0,-326.5433530928567,,0,
33.0,6.0,0,-283.41383888816927,,0,
34.0,6.0,0,-242.5645651188679,,0,
35.0,6.0,0,-208.03587478841655,,0,
36.0,6.0,0,-183.08160649833735,-65.593987,1,117.48761949833735
37.0,6.0,0,-170.89690720802173,,0,
38.0,6.0,0,-173.1995768074412,,0,
39.0,6.0,0,-186.0975050064735,,0,
40.0,6.0,0,-205.5995073490776,,0,
41.0,6.0,0,-229.9957246411359,,0,
42.0,6.0,0,-258.4820694606751,-224.588886,1,33.89318346067512
43.0,6.0,0,-289.3441229540622,,0,
44.0,6.0,0,-320.79121128621046,,0,
45.0,6.0,0,-352.66195450443774,,0,
46.0,6.0,0,-385.5901638016803,,0,
47.0,6.0,0,-419.87671925197355,,0,
48.0,6.0,0,-454.62393700983375,-394.834332,1,59.789605009833735
49.0,6.0,0,-488.6895207040943,,0,
50.0,6.0,0,-517.6405688235536,,0,
51.0,6.0,0,-538.5710299303755,,0,
52.0,6.0,0,-550.736422780552,,0,
53.0,6.0,0,-554.9798783531878,,0,
54.0,6.0,0,-552.077280276455,-645.35538,1,-93.27809972354498
55.0,6.0,0,-541.2994729453931,,0,
56.0,6.0,0,-526.2770831733942,,0,
57.0,6.0,0,-508.5437458230299,,0,
58.0,6.0,0,-488.0466651869938,,0,
59.0,6.0,0,-464.1709404968424,,0,
60.0,6.0,0,-436.6824651717616,-424.656628,1,12.025837171761566
61.0,6.0,0,-406.48354448610917,,0,
62.0,6.0,0,-374.232073972933,,0,
63.0,6.0,0,-338.7049897182733,,0,
64.0,6.0,0,-298.65240550553426,,0,
65.0,6.0,0,-253.5685107971658,,0,
66.0,6.0,0,-203.35148638719693,-222.920517,1,-19.56903061280306
67.0,6.0,0,-148.10812796617392,,0,
68.0,6.0,0,-88.76847858139081,,0,
69.0,6.0,0,-24.60167506081052,,0,
70.0,6.0,3,43.864147359883646,,0,
71.0,6.0,3,113.43016154423822,,0,
72.0,6.0,3,179.8221809428651,14.027646,1,-165.79453494286508
73.0,6.0,3,239.55645130667835,,0,
74.0,6.0,3,279.619204284274,,0,
75.0,6.0,3,291.03091296204366,,0,
76.0,6.0,3,271.00298980541993,,0,
77.0,6.0,3,222.07772223325446,,0,
78.0,6.0,3,151.17469172051642,166.287622,1,15.112930279483578
79.0,6.0,3,68.14202879631193,,0,
80.0,6.0,3,-17.64472771016881,,0,
81.0,6.0,3,-99.00778101547621,,0,
82.0,6.0,3,-171.50467837392353,,0,
83.0,6.0,3,-232.3624338855734,,0,
84.0,6.0,3,-277.98447259451495,-509.425213,1,-231.44074040548503
85.0,6.0,3,-301.2743164100102,,0,
86.0,6.0,3,-308.88210848899325,,0,
87.0,6.0,3,-310.58956176112406,,0,
88.0,6.0,3,-314.00324632553384,,0,
89.0,6.0,3,-321.61820575472666,,0,
90.0,6.0,3,-331.1835740311071,-260.881717,1,70.30185703110715
91.0,6.0,3,-338.9165524481796,,0,
92.0,6.0,3,-342.215487182606,,0,
93.0,6.0,3,-340.6893672090373,,0,
94.0,6.0,3,-335.3751395199215,,0,
95.0,6.0,3,-328.0724193758797,,0,
96.0,6.0,3,-320.86921144952066,-351.017254,1,-30.148042550479317
97.0,6.0,3,-315.8059146304149,,0,
98.0,6.0,3,-316.29033779818565,,0,
99.0,6.0,3,-323.87299656280084,,0,
100.0,6.0,3,-338.26838812484493,,0,
101.0,6.0,3,-357.5787136525614,,0,
102.0,6.0,3,-380.0894893534569,-397.625634,1,-17.536144646543107
103.0,6.0,3,-407.3975492265308,,0,
104.0,6.0,3,-440.62937609129585,,0,
105.0,6.0,3,-475.98172480484936,,0,
106.0,6.0,3,-508.8989233627217,,0,
107.0,6.0,3,-536.4473172268481,,0,
108.0,6.0,3,-557.6218673613839,-720.099582,1,-162.47771463861613
109.0,6.0,3,-572.5565127397422,,0,
110.0,6.0,3,-581.7676097652147,,0,
111.0,6.0,3,-585.9960389400367,,0,
112.0,6.0,3,-585.9585096271476,,0,
113.0,6.0,3,-581.4677327866957,,0,
114.0,6.0,3,-569.7341093043797,-824.912947,1,-255.17883769562036
115.0,6.0,3,-543.9285812129965,,0,
116.0,6.0,3,-510.4581394884299,,0,
117.0,6.0,3,-472.8730201025901,,0,
118.0,6.0,3,-434.433573557144,,0,
119.0,6.0,3,-398.8071898628841,,0,
120.0,6.0,3,-368.17332692083437,-315.46833,1,52.70499692083439
121.0,6.0,3,-340.58413647685666,,0,
122.0,6.0,3,-313.10672403895296,,0,
123.0,6.0,3,-283.8748835705919,,0,
124.0,6.0,3,-251.95856617331447,,0,
125.0,6.0,3,-217.65848776014172,,0,
126.0,6.0,3,-182.78537667385535,-193.588015,1,-10.80263832614466
127.0,6.0,3,-151.2727829729556,,0,
128.0,6.0,3,-127.47559508518316,,0,
129.0,6.0,3,-109.21030694048386,,0,
130.0,6.0,3,-94.40313451981638,,0,
131.0,6.0,3,-84.20812472992111,,0,
132.0,6.0,1,-79.98874192585936,185.250707,1,265.2394489258594
133.0,6.0,1,-77.38599919888657,,0,
134.0,6.0,1,-72.34654066269286,,0,
135.0,6.0,1,-63.81656470114831,,0,
136.0,6.0,1,-53.47730886563659,,0,
137.0,6.0,1,-45.49091423593927,,0,
138.0,6.0,1,-43.49635745049454,-181.535378,1,-138.03902054950547
139.0,6.0,1,-44.82458663685247,,0,
140.0,6.0,1,-46.613609470718075,,0,
141.0,6.0,1,-54.08629244528129,,0,
142.0,6.0,1,-71.35569353692699,,0,
143.0,6.0,1,-97.11513586947694,,0,
144.0,6.0,1,-124.3233887993265,-444.163997,1,-319.8406082006735
145.0,6.0,1,-140.01257047994295,,0,
146.0,6.0,1,-148.13480866828468,,0,
147.0,6.0,1,-149.7292847620556,,0,
148.0,6.0,1,-146.1851914525032,,0,
149.0,6.0,1,-141.1974130087765,,0,
150.0,6.0,1,-140.9899666843703,34.488102,1,175.4780686843703
151.0,6.0,1,-154.36774048605002,,0,
152.0,6.0,1,-180.29910879326053,,0,
153.0,6.0,1,-218.30262568581384,,0,
154.0,6.0,1,-266.16084129794035,,0,
155.0,6.0,1,-320.0884248900693,,0,
156.0,6.0,1,-375.5033259165939,-431.783433,1,-56.28010708340611
157.0,6.0,1,-426.6599062070309,,0,
158.0,6.0,1,-470.33533092727885,,0,
159.0,6.0,1,-503.7297395700589,,0,
160.0,6.0,1,-526.5916096499423,,0,
161.0,6.0,1,-539.8225125964964,,0,
162.0,6.0,1,-543.8154642332811,-809.775653,1,-265.96018876671894
163.0,6.0,1,-537.835628943285,,0,
164.0,6.0,1,-520.8763909810223,,0,
165.0,6.0,1,-494.03569821908604,,0,
166.0,6.0,1,-459.3978799942415,,0,
167.0,6.0,1,-419.57692713604774,,0,
168.0,6.0,1,-377.3735843268223,-424.215043,1,-46.84145867317767
169.0,6.0,2,-335.2789519224316,,0,
170.0,6.0,2,-298.3634091806598,,0,
171.0,6.0,2,-269.65396636351943,,0,
172.0,6.0,2,-248.91506645828485,,0,
173.0,6.0,2,-234.35470480821095,,0,
174.0,6.0,2,-223.75780607783236,-268.1251,1,-44.36729392216762
175.0,6.0,2,-214.13236721931025,,0,
176.0,6.0,2,-204.57779188768473,,0,
177.0,6.0,2,-194.25436824001372,,0,
178.0,6.0,2,-184.05391642055474,,0,
179.0,6.0,2,-176.77601482556202,,0,
180.0,6.0,2,-177.07936322304886,52.559652,1,229.63901522304886
181.0,6.0,2,-191.70819655418745,,0,
182.0,6.0,2,-213.70139005221426,,0,
183.0,6.0,2,-238.31737583968788,,0,
184.0,6.0,2,-262.63126203161664,,0,
185.0,6.0,2,-284.3839944212232,,0,
186.0,6.0,2,-301.73764458834194,-273.516258,1,28.221386588341943
187.0,6.0,2,-313.6286828392185,,0,
188.0,6.0,2,-317.5268695333507,,0,
189.0,6.0,2,-310.44439575623255,,0,
190.0,6.0,2,-291.4839576219674,,0,
191.0,6.0,2,-263.0338415480219,,0,
192.0,6.0,2,-230.52315539494157,-9.490989,1,221.03216639494156
193.0,6.0,2,-201.90287286788225,,0,
194.0,6.0,2,-172.1190232243389,,0,
195.0,6.0,2,-138.5975162498653,,0,
196.0,6.0,2,-101.3077483465895,,0,
197.0,6.0,2,-61.93545370420907,,0,
198.0,6.0,2,-23.62131657777354,343.010103,1,366.63141957777356
199.0,6.0,2,8.138241296401247,,0,
0.0,7.0,0,324.33352445904166,,0,
1.0,7.0,0,329.64851038903,,0,
2.0,7.0,0,339.0566334291361,,0,
3.0,7.0,0,351.0017650758382,,0,
4.0,7.0,0,361.9077437244123,,0,
5.0,7.0,0,366.4150780206546,474.979634,1,108.56455597934536
6.0,7.0,0,357.6272066894453,,0,
7.0,7.0,0,335.83708273177035,,0,
8.0,7.0,0,303.5471068723127,,0,
9.0,7.0,0,263.30327942827716,,0,
10.0,7.0,0,217.1964584053494,,0,
11.0,7.0,0,167.62358134402893,122.341471,1,-45.282110344028936
12.0,7.0,0,117.55782645812724,,0,
13.0,7.0,0,67.42915218602866,,0,
14.0,7.0,0,18.05691657611169,,0,
15.0,7.0,0,-29.985805253265426,,0,
16.0,7.0,0,-76.61393507244065,,0,
17.0,7.0,0,-121.60087577809463,-99.120561,1,22.480314778094638
18.0,7.0,0,-164.4291504486464,,0,
19.0,7.0,0,-204.6906305118464,,0,
20.0,7.0,0,-242.47887053911109,,0,
21.0,7.0,0,-277.5872807444539,,0,
22.0,7.0,0,-309.9372162774671,,0,
23.0,7.0,0,-339.48344888165593,-290.600834,1,48.88261488165591
24.0,7.0,0,-364.9319506371394,,0,
25.0,7.0,0,-384.8518855876755,,0,
26.0,7.0,0,-398.16255888994783,,0,
27.0,7.0,0,-404.0420038665179,,0,
28.0,7.0,0,-401.81295365840197,,0,
29.0,7.0,0,-390.5877707679756,-540.692186,1,-150.1044152320244
30.0,7.0,0,-368.55924298235914,,0,
31.0,7.0,0,-334.6221754923463,,0,
32.0,7.0,0,-293.5437657563016,,0,
33.0,7.0,0,-251.04399245488457,,0,
34.0,7.0,0,-211.8729352953378,,0,
35.0,7.0,0,-179.89684667997062,-222.922112,1,-43.025265320029376
36.0,7.0,0,-157.61148399452213,,0,
37.0,7.0,0,-146.77590230014175,,0,
38.0,7.0,0,-147.47609702590853,,0,
39.0,7.0,0,-157.08143573021516,,0,
40.0,7.0,0,-172.41146398661658,,0,
41.0,7.0,0,-191.97470558830537,-160.147101,1,31.827604588305377
42.0,7.0,0,-215.6012336940039,,0,
43.0,7.0,0,-241.40479037037585,,0,
44.0,7.0,0,-268.0689728774596,,0,
45.0,7.0,0,-295.4220552861225,,0,
46.0,7.0,0,-324.88877029996365,,0,
47.0,7.0,0,-357.965120072593,-281.426514,1,76.53860607259298
48.0,7.0,0,-392.3670340310782,,0,
49.0,7.0,0,-425.23655960609904,,0,
50.0,7.0,0,-453.17539959726855,,0,
51.0,7.0,0,-473.28576657234225,,0,
52.0,7.0,0,-484.5088546433253,,0,
53.0,7.0,0,-487.93777755554765,-718.205912,1,-230.26813444445236
54.0,7.0,0,-484.9378464054316,,0,
55.0,7.0,0,-476.47201532428153,,0,
56.0,7.0,0,-464.79637462925166,,0,
57.0,7.0,0,-451.41475430631544,,0,
58.0,7.0,0,-436.4502255474217,,0,
59.0,7.0,0,-419.33140715409536,-447.343598,1,-28.012190845904627
60.0,7.0,0,-399.46088376332773,,0,
61.0,7.0,0,-377.6250687170541,,0,
62.0,7.0,0,-353.5292627152521,,0,
63.0,7.0,0,-325.8883913505124,,0,
64.0,7.0,0,-293.5658824024722,,0,
65.0,7.0,0,-256.2595309432945,-256.697075,1,-0.4375440567054625
66.0,7.0,0,-214.00966822332703,,0,
67.0,7.0,0,-166.75404832826462,,0,
68.0,7.0,0,-114.02252239518566,,0,
69.0,7.0,0,-54.33685182558838,,0,
70.0,7.0,0,12.214160478150006,,0,
71.0,7.0,3,81.38601185230073,-18.307096,1,-99.69310785230073
72.0,7.0,3,147.52060286840424,,0,
73.0,7.0,3,204.6888443902717,,0,
74.0,7.0,3,243.93116449343506,,0,
75.0,7.0,3,257.86220245913137,,0,
76.0,7.0,3,242.39064222594607,,0,
77.0,7.0,3,197.38256059138803,255.98468,1,58.60211940861197
78.0,7.0,3,129.72308214195073,,0,
79.0,7.0,3,51.131893625250086,,0,
80.0,7.0,3,-28.7845506190788,,0,
81.0,7.0,3,-102.88448433019221,,0,
82.0,7.0,3,-166.48463063081726,,0,
83.0,7.0,3,-216.42484660964692,-350.011054,1,-133.58620739035308
84.0,7.0,3,-249.86070762401505,,0,
85.0,7.0,3,-264.9909781536553,,0,
86.0,7.0,3,-267.39589764300035,,0,
87.0,7.0,3,-266.46585921174847,,0,
88.0,7.0,3,-270.8261715504341,,0,
89.0,7.0,3,-283.61023029938224,-90.67008,1,192.94015029938225
90.0,7.0,3,-299.12922863359563,,0,
91.0,7.0,3,-311.3516014671768,,0,
92.0,7.0,3,-317.33622298830596,,0,
93.0,7.0,3,-316.8572105675121,,0,
94.0,7.0,3,-311.6202910660868,,0,
95.0,7.0,3,-304.27221852436196,-306.360899,1,-2.088680475638057
96.0,7.0,3,-297.45223899232224,,0,
97.0,7.0,3,-294.0239378486003,,0,
98.0,7.0,3,-297.20643996761646,,0,
99.0,7.0,3,-308.85274456476327,,0,
100.0,7.0,3,-328.54331540972635,,0,
101.0,7.0,3,-353.91012732946547,-460.321733,1,-106.41160567053453
102.0,7.0,3,-381.7049094007816,,0,
103.0,7.0,3,-414.39894226158503,,0,
104.0,7.0,3,-451.77334232244175,,0,
105.0,7.0,3,-490.54900636008824,,0,
106.0,7.0,3,-525.9289004137972,,0,
107.0,7.0,3,-553.9936106164241,-698.734904,1,-144.7412933835759
108.0,7.0,3,-574.2924314956617,,0,
109.0,7.0,3,-587.5048848889419,,0,
110.0,7.0,3,-594.5035113508347,,0,
111.0,7.0,3,-596.4874780231621,,0,
112.0,7.0,3,-594.264380616718,,0,
113.0,7.0,3,-587.0354499839596,-824.361589,1,-237.32613901604043
114.0,7.0,3,-571.8084550958592,,0,
115.0,7.0,3,-545.8561598288361,,0,
116.0,7.0,3,-512.4208546399168,,0,
117.0,7.0,3,-475.4740853810508,,0,
118.0,7.0,3,-438.17675252913614,,0,
119.0,7.0,3,-403.92652600980364,-288.044649,1,115.88187700980365
120.0,7.0,3,-376.34257132490166,,0,
121.0,7.0,3,-351.7926745614386,,0,
122.0,7.0,3,-327.4674224484479,,0,
123.0,7.0,3,-301.1558172858786,,0,
124.0,7.0,3,-271.74874140598695,,0,
125.0,7.0,3,-240.23010058357613,-415.580269,1,-175.35016841642386
126.0,7.0,3,-208.93397439346882,,0,
127.0,7.0,3,-180.54234139766777,,0,
128.0,7.0,3,-156.5830127078807,,0,
129.0,7.0,3,-135.91754383197986,,0,
130.0,7.0,3,-117.21571716526523,,0,
131.0,7.0,3,-102.18884044268634,160.084893,1,262.2737334426863
132.0,7.0,1,-96.42194544005906,,0,
133.0,7.0,1,-91.19202725496143,,0,
134.0,7.0,1,-81.38228099379921,,0,
135.0,7.0,1,-65.05624281114433,,0,
136.0,7.0,1,-43.38426030124538,,0,
137.0,7.0,1,-21.134640588017646,149.361714,1,170.49635458801765
138.0,7.0,1,-5.675124696339481,,0,
139.0,7.0,1,5.4909402871271595,,0,
140.0,7.0,1,11.498152198444586,,0,
141.0,7.0,1,7.489565519645112,,0,
142.0,7.0,1,-10.323163644294254,,0,
143.0,7.0,1,-39.860022330190986,-539.894963,1,-500.034940669809
144.0,7.0,1,-73.00257157674059,,0,
145.0,7.0,1,-100.15137069148477,,0,
146.0,7.0,1,-118.6224858526839,,0,
147.0,7.0,1,-127.59704406640958,,0,
148.0,7.0,1,-127.9519911617972,,0,
149.0,7.0,1,-124.15730727776827,121.456313,1,245.61362027776826
150.0,7.0,1,-123.21258369938005,,0,
151.0,7.0,1,-131.6385898506269,,0,
152.0,7.0,1,-151.03001623076852,,0,
153.0,7.0,1,-181.30190435890108,,0,
154.0,7.0,1,-221.3125991243869,,0,
155.0,7.0,1,-268.1295191650279,-274.642301,1,-6.512781834972088
156.0,7.0,1,-317.6304510728223,,0,
157.0,7.0,1,-365.55582037282875,,0,
158.0,7.0,1,-409.0178119050106,,0,
159.0,7.0,1,-445.9295721843373,,0,
160.0,7.0,1,-474.8569051321829,,0,
161.0,7.0,1,-494.902078669169,-737.165172,1,-242.263093330831
162.0,7.0,1,-505.9229481786024,,0,
163.0,7.0,1,-507.1713033861015,,0,
164.0,7.0,1,-497.5309946081834,,0,
165.0,7.0,1,-476.69828166623483,,0,
166.0,7.0,1,-445.9274548024405,,0,
167.0,7.0,1,-408.23156838770956,-343.645536,1,64.58603238770957
168.0,7.0,1,-366.9488763191039,,0,
169.0,7.0,2,-325.02384607389104,,0,
170.0,7.0,2,-285.6547905874904,,0,
171.0,7.0,2,-250.822459947085,,0,
172.0,7.0,2,-220.8577224147739,,0,
173.0,7.0,2,-195.24517053403542,-211.73033,1,-16.485159465964585
174.0,7.0,2,-172.92981616186444,,0,
175.0,7.0,2,-152.66520349495113,,0,
176.0,7.0,2,-134.08323112828657,,0,
177.0,7.0,2,-117.33957658498548,,0,
178.0,7.0,2,-103.62797598959878,,0,
179.0,7.0,2,-95.68831631215289,62.723742,1,158.4120583121529
180.0,7.0,2,-97.93013089871965,,0,
181.0,7.0,2,-113.75269896785903,,0,
182.0,7.0,2,-140.04483362007886,,0,
183.0,7.0,2,-172.39278007205576,,0,
184.0,7.0,2,-207.05458537489176,,0,
185.0,7.0,2,-240.15814349777065,-108.168893,1,131.98925049777066
186.0,7.0,2,-268.3038308760151,,0,
187.0,7.0,2,-288.8236709665507,,0,
188.0,7.0,2,-298.7904238526244,,0,
189.0,7.0,2,-295.4828462382429,,0,
190.0,7.0,2,-278.4268669462763,,0,
191.0,7.0,2,-251.06715926434845,-164.202276,1,86.86488326434844
192.0,7.0,2,-219.63996372534893,,0,
193.0,7.0,2,-189.34031015692744,,0,
194.0,7.0,2,-158.9389407648705,,0,
195.0,7.0,2,-126.12589951045811,,0,
196.0,7.0,2,-90.71835159719922,,0,
197.0,7.0,2,-54.69855372828897,239.757915,1,294.456468728289
198.0,7.0,2,-20.6805863736663,,0,
199.0,7.0,2,7.886807567672804,,0,
0.0,8.0,0,284.43474410660565,,0,
1.0,8.0,0,287.4162380757043,,0,
2.0,8.0,0,296.30309808207676,,0,
3.0,8.0,0,310.0194618497044,,0,
4.0,8.0,0,324.11330512637505,423.69887,1,99.58556487362495
5.0,8.0,0,332.43803350115195,,0,
6.0,8.0,0,329.93306720722467,,0,
7.0,8.0,0,315.90626347321086,,0,
8.0,8.0,0,291.99158066138625,,0,
9.0,8.0,0,260.14407842757646,,0,
10.0,8.0,0,222.27060519205406,263.727418,1,41.45681280794594
11.0,8.0,0,180.91979994950816,,0,
12.0,8.0,0,138.15181147301337,,0,
13.0,8.0,0,94.34172309236601,,0,
14.0,8.0,0,49.42034956882708,,0,
15.0,8.0,0,3.1258286726661026,,0,
16.0,8.0,0,-44.795041762292385,23.484405,1,68.27944676229238
17.0,8.0,0,-93.13403212849516,,0,
18.0,8.0,0,-140.4590040682815,,0,
19.0,8.0,0,-185.52272522309795,,0,
20.0,8.0,0,-227.10078525950667,,0,
21.0,8.0,0,-264.21154460916296,,0,
22.0,8.0,0,-296.82921139127575,-243.464327,1,53.36488439127575
23.0,8.0,0,-325.9598867215682,,0,
24.0,8.0,0,-349.73774360958487,,0,
25.0,8.0,0,-366.9812218894949,,0,
26.0,8.0,0,-376.93837709724903,,0,
27.0,8.0,0,-379.0058221744839,,0,
28.0,8.0,0,-372.56613608187763,-383.442378,1,-10.876241918122389
29.0,8.0,0,-356.751344463788,,0,
30.0,8.0,0,-331.2229369790293,,0,
31.0,8.0,0,-296.778411248466,,0,
32.0,8.0,0,-256.8386801471934,,0,
33.0,8.0,0,-216.2845647999202,,0,
34.0,8.0,0,-179.92733928188682,-148.332146,1,31.59519328188682
35.0,8.0,0,-151.6392475340981,,0,
36.0,8.0,0,-132.72671117947903,,0,
37.0,8.0,0,-123.98731124121696,,0,
38.0,8.0,0,-124.88061846210621,,0,
39.0,8.0,0,-132.83888170681894,,0,
40.0,8.0,0,-144.72246219636872,-275.106316,1,-130.38385380363127
41.0,8.0,0,-160.06995143578388,,0,
42.0,8.0,0,-178.96151900710538,,0,
43.0,8.0,0,-200.3164039188996,,0,
44.0,8.0,0,-222.95207314568688,,0,
45.0,8.0,0,-246.39664686843753,,0,
46.0,8.0,0,-271.88993925158866,-94.307577,1,177.58236225158868
47.0,8.0,0,-303.45337371667847,,0,
48.0,8.0,0,-335.8754798024893,,0,
49.0,8.0,0,-366.0683948381338,,0,
50.0,8.0,0,-391.50550595717505,,0,
51.0,8.0,0,-409.21240432199556,,0,
52.0,8.0,0,-417.26204211852746,-666.610001,1,-249.34795888147255
53.0,8.0,0,-418.05423279840034,,0,
54.0,8.0,0,-414.30401468410855,,0,
55.0,8.0,0,-407.72439492307603,,0,
56.0,8.0,0,-399.75260722311214,,0,
57.0,8.0,0,-391.22657434339635,,0,
58.0,8.0,0,-382.12139862263575,-402.322099,1,-20.200700377364228
59.0,8.0,0,-371.65115125547163,,0,
60.0,8.0,0,-359.92772967589553,,0,
61.0,8.0,0,-346.9142715728376,,0,
62.0,8.0,0,-331.5641847332008,,0,
63.0,8.0,0,-312.0245135835139,,0,
64.0,8.0,0,-287.0332019282505,-202.762603,1,84.27059892825048
65.0,8.0,0,-256.8966941740946,,0,
66.0,8.0,0,-221.9970626210561,,0,
67.0,8.0,0,-182.2207755332929,,0,
68.0,8.0,0,-136.56590939313173,,0,
69.0,8.0,0,-81.81043750868412,,0,
70.0,8.0,0,-15.742273844312876,-161.272932,1,-145.53065815568712
71.0,8.0,3,54.39862150722183,,0,
72.0,8.0,3,120.29831887874752,,0,
73.0,8.0,3,175.22675641431124,,0,
74.0,8.0,3,212.54922704654746,,0,
75.0,8.0,3,226.8301302777836,,0,
76.0,8.0,3,214.0982496374636,433.652139,1,219.55388936253638
77.0,8.0,3,170.44122109387536,,0,
78.0,8.0,3,106.47959939279826,,0,
79.0,8.0,3,33.08351909706835,,0,
80.0,8.0,3,-39.77934153121896,,0,
81.0,8.0,3,-104.51168051088462,,0,
82.0,8.0,3,-156.98108213557862,-196.530726,1,-39.54964386442137
83.0,8.0,3,-194.43661194719607,,0,
84.0,8.0,3,-216.56040157697862,,0,
85.0,8.0,3,-224.26008484442718,,0,
86.0,8.0,3,-222.39976735186065,,0,
87.0,8.0,3,-220.1108827132266,,0,
88.0,8.0,3,-227.27733360766433,27.236759,1,254.51409260766434
89.0,8.0,3,-247.96341329012648,,0,
90.0,8.0,3,-270.174386841245,,0,
91.0,8.0,3,-286.7065420023282,,0,
92.0,8.0,3,-294.5265526438743,,0,
93.0,8.0,3,-293.9217751005781,,0,
94.0,8.0,3,-287.4515550249489,-271.195203,1,16.25635202494891
95.0,8.0,3,-278.7873807618744,,0,
96.0,8.0,3,-271.0251624470111,,0,
97.0,8.0,3,-267.71012910897844,,0,
98.0,8.0,3,-272.49730259389617,,0,
99.0,8.0,3,-287.56001693062717,,0,
100.0,8.0,3,-312.00305511645274,-349.460284,1,-37.45722888354726
101.0,8.0,3,-342.344464435213,,0,
102.0,8.0,3,-377.029732941126,,0,
103.0,8.0,3,-416.23534257151186,,0,
104.0,8.0,3,-459.01250228087883,,0,
105.0,8.0,3,-502.09286794555373,,0,
106.0,8.0,3,-540.5889037986053,-643.200888,1,-102.61198420139465
107.0,8.0,3,-568.9743848586804,,0,
108.0,8.0,3,-588.2997189590533,,0,
109.0,8.0,3,-599.3176181139424,,0,
110.0,8.0,3,-603.0017422742676,,0,
111.0,8.0,3,-601.1194654423743,,0,
112.0,8.0,3,-595.2055025617592,-605.981701,1,-10.77619843824084
113.0,8.0,3,-584.0030174225976,,0,
114.0,8.0,3,-565.629470224143,,0,
115.0,8.0,3,-539.6882644737489,,0,
116.0,8.0,3,-508.2170831102703,,0,
117.0,8.0,3,-474.12837914787815,,0,
118.0,8.0,3,-440.2920122304931,-418.131642,1,22.16037023049313
119.0,8.0,3,-410.0992425039876,,0,
120.0,8.0,3,-385.05685466970317,,0,
121.0,8.0,3,-363.58460416959133,,0,
122.0,8.0,3,-343.20517863181885,,0,
123.0,8.0,3,-320.98084569210187,,0,
124.0,8.0,3,-294.7124012347922,-411.290371,1,-116.5779697652078
125.0,8.0,3,-266.52591005020076,,0,
126.0,8.0,3,-239.2250284802576,,0,
127.0,8.0,3,-214.4528466949123,,0,
128.0,8.0,3,-192.30445063544903,,0,
129.0,8.0,3,-171.4261614792049,,0,
130.0,8.0,3,-151.21715128072537,-70.709435,1,80.50771628072538
131.0,8.0,3,-134.48629246093333,,0,
132.0,8.0,1,-123.32894672662951,,0,
133.0,8.0,1,-112.63527729942871,,0,
134.0,8.0,1,-96.30202854698291,,0,
135.0,8.0,1,-70.72209446819033,,0,
136.0,8.0,1,-36.511035731295124,226.690941,1,263.20197673129513
137.0,8.0,1,0.21962678397540003,,0,
138.0,8.0,1,33.13553454761859,,0,
139.0,8.0,1,60.22887471539434,,0,
140.0,8.0,1,78.63989735173527,,0,
141.0,8.0,1,82.19477561875829,,0,
142.0,8.0,1,65.6392276493134,-256.147654,1,-321.7868816493134
143.0,8.0,1,32.65835337218596,,0,
144.0,8.0,1,-8.62209021137096,,0,
145.0,8.0,1,-49.430014047480654,,0,
146.0,8.0,1,-82.3645817709621,,0,
147.0,8.0,1,-102.1303605317371,,0,
148.0,8.0,1,-108.22333310433896,156.504944,1,264.728277104339
149.0,8.0,1,-106.84708599036094,,0,
150.0,8.0,1,-105.20966239960399,,0,
151.0,8.0,1,-108.72239486686885,,0,
152.0,8.0,1,-120.2706440113252,,0,
153.0,8.0,1,-141.3213590546511,,0,
154.0,8.0,1,-172.1910474933684,-92.56536,1,79.62568749336839
155.0,8.0,1,-210.38251864444464,,0,
156.0,8.0,1,-252.65102104272228,,0,
157.0,8.0,1,-296.09603573253844,,0,
158.0,8.0,1,-338.3601596603403,,0,
159.0,8.0,1,-377.5131975444965,,0,
160.0,8.0,1,-411.63551311858464,-462.960699,1,-51.32518588141534
161.0,8.0,1,-438.1363952329848,,0,
162.0,8.0,1,-456.8138600087259,,0,
163.0,8.0,1,-466.4159123641439,,0,
164.0,8.0,1,-465.1717317234725,,0,
165.0,8.0,1,-451.3287962398608,,0,
166.0,8.0,1,-424.83158551400993,-549.521146,1,-124.68956048599011
167.0,8.0,1,-389.8408852019347,,0,
168.0,8.0,1,-350.54186415986624,,0,
169.0,8.0,2,-309.7249577078037,,0,
170.0,8.0,2,-269.24082251428626,,0,
171.0,8.0,2,-229.93495226139203,,0,
172.0,8.0,2,-192.1439062571153,-71.627742,1,120.5161642571153
173.0,8.0,2,-156.61584657068306,,0,
174.0,8.0,2,-123.89470758009702,,0,
175.0,8.0,2,-94.36789827386383,,0,
176.0,8.0,2,-68.42408762453124,,0,
177.0,8.0,2,-46.54334719001781,,0,
178.0,8.0,2,-30.143037231173366,-24.253061,1,5.889976231173367
179.0,8.0,2,-21.969985003583133,,0,
180.0,8.0,2,-25.504183762706816,,0,
181.0,8.0,2,-42.88178684323793,,0,
182.0,8.0,2,-72.80952552566305,,0,
183.0,8.0,2,-112.0040377790574,,0,
184.0,8.0,2,-156.4746825133916,-53.499678,1,102.9750045133916
185.0,8.0,2,-200.2289615959162,,0,
186.0,8.0,2,-238.05079118837602,,0,
187.0,8.0,2,-266.23615560587496,,0,
188.0,8.0,2,-281.83358835428953,,0,
189.0,8.0,2,-281.9862709327135,,0,
190.0,8.0,2,-265.7273859549314,-414.633307,1,-148.90592104506862
191.0,8.0,2,-238.59313361532986,,0,
192.0,8.0,2,-207.2685621108394,,0,
193.0,8.0,2,-175.98390366020612,,0,
194.0,8.0,2,-145.45144013944082,,0,
195.0,8.0,2,-114.13804268464446,,0,
196.0,8.0,2,-81.0504387691617,-34.820102,1,46.2303367691617
197.0,8.0,2,-48.9149760317523,,0,
198.0,8.0,2,-18.99251821753569,,0,
199.0,8.0,2,6.863599503412843,,0,
0.0,9.0,0,247.22941337991506,,0,
1.0,9.0,0,247.00895853931434,,0,
2.0,9.0,0,254.56323841633275,,0,
3.0,9.0,0,270.0637224081438,255.453379,1,-14.610343408143791
4.0,9.0,0,287.02674536110135,,0,
5.0,9.0,0,298.7941490248777,,0,
6.0,9.0,0,301.46971416589804,,0,
7.0,9.0,0,294.02306617889553,,0,
8.0,9.0,0,277.4357532290742,,0,
9.0,9.0,0,253.4159957806114,287.373451,1,33.95745521938858
10.0,9.0,0,223.30290537886322,,0,
11.0,9.0,0,189.7971462327987,,0,
12.0,9.0,0,154.19980108912569,,0,
13.0,9.0,0,116.30174325127155,,0,
14.0,9.0,0,75.42586679256056,,0,
15.0,9.0,0,31.112757818540558,100.276794,1,69.16403618145944
16.0,9.0,0,-17.798130229115486,,0,
17.0,9.0,0,-68.86952397460118,,0,
18.0,9.0,0,-120.2601797003299,,0,
19.0,9.0,0,-169.9978660477791,,0,
20.0,9.0,0,-215.59943928942084,,0,
21.0,9.0,0,-254.94328630762175,-279.308757,1,-24.365470692378267
22.0,9.0,0,-288.1450013036374,,0,
23.0,9.0,0,-315.7078952821903,,0,
24.0,9.0,0,-336.76858432078734,,0,
25.0,9.0,0,-350.43635921925306,,0,
26.0,9.0,0,-356.19885894143954,,0,
27.0,9.0,0,-353.6358833827544,-448.160828,1,-94.52494461724558
28.0,9.0,0,-342.3679007930914,,0,
29.0,9.0,0,-322.23635752289556,,0,
30.0,9.0,0,-293.81080044596456,,0,
31.0,9.0,0,-258.74065937730484,,0,
32.0,9.0,0,-220.0591158978641,,0,
33.0,9.0,0,-181.9513671635068,-151.166306,1,30.78506116350681
34.0,9.0,0,-149.26322319544852,,0,
35.0,9.0,0,-124.5789448635187,,0,
36.0,9.0,0,-109.11501564143691,,0,
37.0,9.0,0,-102.94994628732093,,0,
38.0,9.0,0,-105.12632464594208,,0,
39.0,9.0,0,-113.19049141160212,-212.168723,1,-98.97823158839788
40.0,9.0,0,-122.69248306471854,,0,
41.0,9.0,0,-134.9501585509861,,0,
42.0,9.0,0,-150.47889408422634,,0,
43.0,9.0,0,-168.79312313674018,,0,
44.0,9.0,0,-188.94700501230545,,0,
45.0,9.0,0,-210.43105284729972,-154.692851,1,55.738201847299734
46.0,9.0,0,-233.9391473213327,,0,
47.0,9.0,0,-260.55896164721344,,0,
48.0,9.0,0,-287.7687236526981,,0,
49.0,9.0,0,-312.7865527784452,,0,
50.0,9.0,0,-333.5574980364181,,0,
51.0,9.0,0,-347.50411827513017,-508.89531,1,-161.39119172486983
52.0,9.0,0,-350.64057349640643,,0,
53.0,9.0,0,-348.2390622973908,,0,
54.0,9.0,0,-343.6438503502868,,0,
55.0,9.0,0,-338.741295419517,,0,
56.0,9.0,0,-334.4120321436785,,0,
57.0,9.0,0,-330.6305745349382,-375.410396,1,-44.77982146506179
58.0,9.0,0,-326.95342491474,,0,
59.0,9.0,0,-323.0506790643558,,0,
60.0,9.0,0,-319.090801764105,,0,
61.0,9.0,0,-314.7404493946233,,0,
62.0,9.0,0,-308.08412836585194,,0,
63.0,9.0,0,-296.28154027147684,-345.54785,1,-49.26630972852314
64.0,9.0,0,-277.74608635436743,,0,
65.0,9.0,0,-253.8564458588371,,0,
66.0,9.0,0,-224.94838828302454,,0,
67.0,9.0,0,-190.77467776404228,,0,
68.0,9.0,0,-150.49500719743082,,0,
69.0,9.0,0,-100.82284924725536,-477.42566,1,-376.60281075274463
70.0,9.0,0,-34.15890573387151,,0,
71.0,9.0,3,35.99043161678128,,0,
72.0,9.0,3,100.40280834119767,,0,
73.0,9.0,3,152.40745810675435,,0,
74.0,9.0,3,186.3442862185184,,0,
75.0,9.0,3,197.72429883026052,423.967362,1,226.24306316973946
76.0,9.0,3,183.2870455419761,,0,
77.0,9.0,3,142.72228756162804,,0,
78.0,9.0,3,83.40408440571628,,0,
79.0,9.0,3,15.501992765814066,,0,
80.0,9.0,3,-50.100302434759215,,0,
81.0,9.0,3,-104.11586619087029,-223.078335,1,-118.96246880912972
82.0,9.0,3,-144.46796991827432,,0,
83.0,9.0,3,-170.9542076176731,,0,
84.0,9.0,3,-184.2054916502675,,0,
85.0,9.0,3,-186.42276337434305,,0,
86.0,9.0,3,-182.38258848409168,,0,
87.0,9.0,3,-180.87547584273852,123.563737,1,304.4392128427385
88.0,9.0,3,-195.54160626092926,,0,
89.0,9.0,3,-221.0271283572947,,0,
90.0,9.0,3,-247.69696210953407,,0,
91.0,9.0,3,-267.0227282671258,,0,
92.0,9.0,3,-274.9753487902344,,0,
93.0,9.0,3,-272.62908358246204,-324.027515,1,-51.39843141753795
94.0,9.0,3,-263.7208111140644,,0,
95.0,9.0,3,-252.39085694320966,,0,
96.0,9.0,3,-242.41318299784325,,0,
97.0,9.0,3,-237.67684834334068,,0,
98.0,9.0,3,-242.60154833144043,,0,
99.0,9.0,3,-260.3424022468971,-243.243215,1,17.099187246897117
100.0,9.0,3,-288.83993123535765,,0,
101.0,9.0,3,-324.7166390477796,,0,
102.0,9.0,3,-366.180176081587,,0,
103.0,9.0,3,-412.2654892904102,,0,
104.0,9.0,3,-461.107498555677,,0,
105.0,9.0,3,-508.8064077816671,-522.800445,1,-13.994037218332892
106.0,9.0,3,-549.9380856379867,,0,
107.0,9.0,3,-580.5470431681606,,0,
108.0,9.0,3,-600.0984761742293,,0,
109.0,9.0,3,-609.450215709483,,0,
110.0,9.0,3,-609.8709827569546,,0,
111.0,9.0,3,-603.4481581535074,-502.390978,1,101.05718015350737
112.0,9.0,3,-593.5665602912195,,0,
113.0,9.0,3,-578.1582742381433,,0,
114.0,9.0,3,-556.7625574503327,,0,
115.0,9.0,3,-530.509582971863,,0,
116.0,9.0,3,-501.39732866139093,,0,
117.0,9.0,3,-471.2850290249917,-497.183042,1,-25.898012975008328
118.0,9.0,3,-442.0723122754862,,0,
119.0,9.0,3,-415.7938981850166,,0,
120.0,9.0,3,-393.4228186563123,,0,
121.0,9.0,3,-374.5297540555184,,0,
122.0,9.0,3,-357.6503216519486,,0,
123.0,9.0,3,-339.8393829304259,-499.87222,1,-160.0328370695741
124.0,9.0,3,-316.35200858011376,,0,
125.0,9.0,3,-291.6528427671001,,0,
126.0,9.0,3,-268.37898304098053,,0,
127.0,9.0,3,-247.5258329292992,,0,
128.0,9.0,3,-228.2799348559929,,0,
129.0,9.0,3,-208.57622045103926,-281.907202,1,-73.33098154896072
130.0,9.0,3,-187.7102124458179,,0,
131.0,9.0,3,-169.08698606991675,,0,
132.0,9.0,1,-153.15148706774926,,0,
133.0,9.0,1,-136.49499662753078,,0,
134.0,9.0,1,-113.17822325078305,,0,
135.0,9.0,1,-77.83362028258853,-185.812678,1,-107.97905771741148
136.0,9.0,1,-30.449612025287934,,0,
137.0,9.0,1,21.129124783619773,,0,
138.0,9.0,1,71.04456274793483,,0,
139.0,9.0,1,114.945163667202,,0,
140.0,9.0,1,147.93122472940013,,0,
141.0,9.0,1,162.5999732646742,415.416228,1,252.8162547353258
142.0,9.0,1,148.98810870945454,,0,
143.0,9.0,1,113.58073668461293,,0,
144.0,9.0,1,63.64954421389848,,0,
145.0,9.0,1,8.324794477783144,,0,
146.0,9.0,1,-40.756501163356006,,0,
147.0,9.0,1,-72.73177756473888,-238.058839,1,-165.32706143526113
148.0,9.0,1,-85.24177649093326,,0,
149.0,9.0,1,-87.52702283352846,,0,
150.0,9.0,1,-86.0084519420052,,0,
151.0,9.0,1,-85.5372639244888,,0,
152.0,9.0,1,-89.64582165458705,,0,
153.0,9.0,1,-100.81572084524669,-12.257673,1,88.55804784524669
154.0,9.0,1,-121.72645075130276,,0,
155.0,9.0,1,-149.8393442996312,,0,
156.0,9.0,1,-183.32751735614147,,0,
157.0,9.0,1,-220.59795467776712,,0,
158.0,9.0,1,-259.90549761557486,,0,
159.0,9.0,1,-299.33300862647593,-285.118619,1,14.214389626475906
160.0,9.0,1,-336.7836583954049,,0,
161.0,9.0,1,-369.7600660721073,,0,
162.0,9.0,1,-396.3485219243448,,0,
163.0,9.0,1,-414.5295167157892,,0,
164.0,9.0,1,-421.8745868210681,,0,
165.0,9.0,1,-415.62980006860744,-568.574554,1,-152.9447539313926
166.0,9.0,1,-393.7053467024816,,0,
167.0,9.0,1,-362.7890380573226,,0,
168.0,9.0,1,-327.09618708048947,,0,
169.0,9.0,2,-288.96599786216393,,0,
170.0,9.0,2,-249.1850131698884,,0,
171.0,9.0,2,-207.48190989112481,-245.281732,1,-37.79982210887519
172.0,9.0,2,-163.88658689451404,,0,
173.0,9.0,2,-120.54053599829786,,0,
174.0,9.0,2,-79.24161379551515,,0,
175.0,9.0,2,-42.06340895895846,,0,
176.0,9.0,2,-10.449212267296389,,0,
177.0,9.0,2,15.480170198599808,-141.763203,1,-157.2433731985998
178.0,9.0,2,34.338917954824865,,0,
179.0,9.0,2,43.389912073733285,,0,
180.0,9.0,2,39.47646306268871,,0,
181.0,9.0,2,20.244666124228388,,0,
182.0,9.0,2,-13.902195632457733,,0,
183.0,9.0,2,-59.464947330765426,52.004187,1,111.46913433076543
184.0,9.0,2,-112.90108249965124,,0,
185.0,9.0,2,-165.28488908323925,,0,
186.0,9.0,2,-210.28153170715086,,0,
187.0,9.0,2,-243.51043231110089,,0,
188.0,9.0,2,-262.18016871844884,,0,
189.0,9.0,2,-264.35188102026586,-482.159616,1,-217.80773497973416
190.0,9.0,2,-246.80286474293098,,0,
191.0,9.0,2,-218.75122212991118,,0,
192.0,9.0,2,-186.75804982194677,,0,
193.0,9.0,2,-154.97462207567878,,0,
194.0,9.0,2,-125.2939858417958,,0,
195.0,9.0,2,-97.15140765393153,-203.578167,1,-106.42675934606848
196.0,9.0,2,-67.83238786284346,,0,
197.0,9.0,2,-39.99953358195489,,0,
198.0,9.0,2,-14.268482109066099,,0,
199.0,9.0,2,8.769216087181121,,0,
0.0,10.0,0,216.66661073360592,,0,
1.0,10.0,0,213.5369733592961,,0,
2.0,10.0,0,219.42877488350496,-13.165047,1,-232.59382188350494
3.0,10.0,0,236.84149355255067,,0,
4.0,10.0,0,255.25870922312606,,0,
5.0,10.0,0,268.6715561677702,,0,
6.0,10.0,0,274.1989006586955,,0,
7.0,10.0,0,270.85677956813015,,0,
8.0,10.0,0,259.15930649172515,307.47507,1,48.31576350827487
9.0,10.0,0,240.80311462050304,,0,
10.0,10.0,0,217.50736914994195,,0,
11.0,10.0,0,191.07537825708278,,0,
12.0,10.0,0,162.29262849292718,,0,
13.0,10.0,0,130.0504226605408,,0,
14.0,10.0,0,92.43827291065827,181.35802,1,88.91974708934174
15.0,10.0,0,49.52251157048158,,0,
16.0,10.0,0,1.3519522119313478,,0,
17.0,10.0,0,-50.97683980374131,,0,
18.0,10.0,0,-105.5169060532935,,0,
19.0,10.0,0,-159.4162919598166,,0,
20.0,10.0,0,-209.0093843023642,-276.68373,1,-67.67434569763583
21.0,10.0,0,-250.2850244495785,,0,
22.0,10.0,0,-283.7541235166136,,0,
23.0,10.0,0,-309.5590050155297,,0,
24.0,10.0,0,-327.35116750979796,,0,
25.0,10.0,0,-336.83517655334435,,0,
26.0,10.0,0,-337.93615089869127,-406.581773,1,-68.64562210130873
27.0,10.0,0,-330.4483843925409,,0,
28.0,10.0,0,-314.3567314075772,,0,
29.0,10.0,0,-290.1495996932499,,0,
30.0,10.0,0,-259.1198180222418,,0,
31.0,10.0,0,-223.45142083545215,,0,
32.0,10.0,0,-186.07178392913193,-66.608966,1,119.46281792913193
33.0,10.0,0,-150.6565645339433,,0,
34.0,10.0,0,-121.07231042254716,,0,
35.0,10.0,0,-99.91214785608463,,0,
36.0,10.0,0,-88.15801693708636,,0,
37.0,10.0,0,-85.1192652755417,,0,
38.0,10.0,0,-88.95233469613595,-61.734775,1,27.21755969613595
39.0,10.0,0,-97.28114682249725,,0,
40.0,10.0,0,-106.81533674802631,,0,
41.0,10.0,0,-117.78880989551544,,0,
42.0,10.0,0,-131.59582111961208,,0,
43.0,10.0,0,-148.64784772519488,,0,
44.0,10.0,0,-167.7766664470546,-144.061522,1,23.7151444470546
45.0,10.0,0,-188.0979029207956,,0,
46.0,10.0,0,-208.75865863403305,,0,
47.0,10.0,0,-229.57502789178398,,0,
48.0,10.0,0,-249.5029028011486,,0,
49.0,10.0,0,-266.94609050266445,,0,
50.0,10.0,0,-280.1441850294359,-314.79522,1,-34.65103497056407
51.0,10.0,0,-286.97222010046244,,0,
52.0,10.0,0,-286.36058500327636,,0,
53.0,10.0,0,-281.6209343362134,,0,
54.0,10.0,0,-276.5748176819179,,0,
55.0,10.0,0,-273.5681021607015,,0,
56.0,10.0,0,-273.0394981629215,-346.482132,1,-73.44263383707846
57.0,10.0,0,-273.811083450506,,0,
58.0,10.0,0,-275.0001615989022,,0,
59.0,10.0,0,-276.5718889411073,,0,
60.0,10.0,0,-279.05699145805556,,0,
61.0,10.0,0,-282.2112843451323,,0,
62.0,10.0,0,-283.3342668017722,-367.889711,1,-84.5554441982278
63.0,10.0,0,-277.6310319544282,,0,
64.0,10.0,0,-265.28496222454123,,0,
65.0,10.0,0,-246.82847382721957,,0,
66.0,10.0,0,-222.20352524868213,,0,
67.0,10.0,0,-190.75723964424105,,0,
68.0,10.0,0,-151.3373377074604,-503.399596,1,-352.0622582925396
69.0,10.0,0,-101.04784519923851,,0,
70.0,10.0,0,-38.342623553355224,,0,
71.0,10.0,3,28.463249435997568,,0,
72.0,10.0,3,89.5733943383675,,0,
73.0,10.0,3,137.5662971693091,,0,
74.0,10.0,3,167.05300176667515,177.462126,1,10.40912423332486
75.0,10.0,3,174.22626028733794,,0,
76.0,10.0,3,157.6739867067663,,0,
77.0,10.0,3,119.09526220260886,,0,
78.0,10.0,3,64.43285710626515,,0,
79.0,10.0,3,2.265461012313608,,0,
80.0,10.0,3,-56.94504248769954,-313.396978,1,-256.45193551230045
81.0,10.0,3,-100.34568522573682,,0,
82.0,10.0,3,-130.3877694089897,,0,
83.0,10.0,3,-148.12444186082575,,0,
84.0,10.0,3,-155.01193070510635,,0,
85.0,10.0,3,-154.23727637017146,,0,
86.0,10.0,3,-151.29467896185815,84.961263,1,236.25594196185816
87.0,10.0,3,-154.82343937264523,,0,
88.0,10.0,3,-172.35959890810773,,0,
89.0,10.0,3,-200.6565106586204,,0,
90.0,10.0,3,-230.40916553186253,,0,
91.0,10.0,3,-251.38143664976815,,0,
92.0,10.0,3,-257.4681607475504,-478.729602,1,-221.26144125244957
93.0,10.0,3,-251.8135240569245,,0,
94.0,10.0,3,-239.56610064626148,,0,
95.0,10.0,3,-225.11369437386747,,0,
96.0,10.0,3,-212.57284745411016,,0,
97.0,10.0,3,-206.02337145252386,,0,
98.0,10.0,3,-210.07084667147137,-50.800539,1,159.27030767147136
99.0,10.0,3,-230.31491155317053,,0,
100.0,10.0,3,-262.4734544331659,,0,
101.0,10.0,3,-303.43344107316807,,0,
102.0,10.0,3,-351.07253006963583,,0,
103.0,10.0,3,-403.7174249328091,,0,
104.0,10.0,3,-459.0020100590773,-433.317528,1,25.68448205907731
105.0,10.0,3,-511.881998528188,,0,
106.0,10.0,3,-556.8956917532487,,0,
107.0,10.0,3,-590.3117130898754,,0,
108.0,10.0,3,-610.8714864762587,,0,
109.0,10.0,3,-619.3794535185443,,0,
110.0,10.0,3,-617.7315826900594,-556.044899,1,61.68668369005945
111.0,10.0,3,-608.3122642998351,,0,
112.0,10.0,3,-593.3853747127578,,0,
113.0,10.0,3,-573.1671027605771,,0,
114.0,10.0,3,-548.3711565575795,,0,
115.0,10.0,3,-521.3385609590332,,0,
116.0,10.0,3,-494.60995442347485,-453.400465,1,41.20948942347485
117.0,10.0,3,-468.57432962345774,,0,
118.0,10.0,3,-443.69945624030515,,0,
119.0,10.0,3,-420.936240434763,,0,
120.0,10.0,3,-400.86746182339266,,0,
121.0,10.0,3,-383.62119331769645,,0,
122.0,10.0,3,-368.49862438917626,-407.480862,1,-38.982237610823745
123.0,10.0,3,-352.4546244953526,,0,
124.0,10.0,3,-333.00309863110306,,0,
125.0,10.0,3,-312.1389154930948,,0,
126.0,10.0,3,-292.2961362560163,,0,
127.0,10.0,3,-274.48944419337204,,0,
128.0,10.0,3,-257.7584727550857,-373.804067,1,-116.0455942449143
129.0,10.0,3,-238.2741933762445,,0,
130.0,10.0,3,-217.81028498033993,,0,
131.0,10.0,3,-197.67374590644613,,0,
132.0,10.0,1,-177.5381392602576,,0,
133.0,10.0,1,-155.0137251734268,,0,
134.0,10.0,1,-125.02550072601298,-343.547661,1,-218.52216027398703
135.0,10.0,1,-79.06533782469342,,0,
136.0,10.0,1,-21.432748136110604,,0,
137.0,10.0,1,42.52461332210805,,0,
138.0,10.0,1,107.19957294908818,,0,
139.0,10.0,1,166.4292926902417,,0,
140.0,10.0,1,212.9795577779878,612.760913,1,399.78135522201217
141.0,10.0,1,237.69920162794006,,0,
142.0,10.0,1,232.5018990393146,,0,
143.0,10.0,1,198.1753135442268,,0,
144.0,10.0,1,141.27242666087113,,0,
145.0,10.0,1,72.61325151438359,,0,
146.0,10.0,1,7.3792621293105185,-362.350243,1,-369.7295051293105
147.0,10.0,1,-34.97797620925121,,0,
148.0,10.0,1,-58.02582730416907,,0,
149.0,10.0,1,-67.16632237487647,,0,
150.0,10.0,1,-67.58238247397821,,0,
151.0,10.0,1,-64.39775228325743,,0,
152.0,10.0,1,-62.414545100647956,-32.530788,1,29.883757100647955
153.0,10.0,1,-64.65700995386578,,0,
154.0,10.0,1,-73.4954201770015,,0,
155.0,10.0,1,-89.3385449773632,,0,
156.0,10.0,1,-112.0102201953996,,0,
157.0,10.0,1,-141.0459262256045,,0,
158.0,10.0,1,-175.3609385837335,-193.070535,1,-17.709596416266493
159.0,10.0,1,-213.1102371389279,,0,
160.0,10.0,1,-252.6063244047109,,0,
161.0,10.0,1,-291.02590121072717,,0,
162.0,10.0,1,-324.79617372644134,,0,
163.0,10.0,1,-350.4972266894765,,0,
164.0,10.0,1,-365.2683917040704,-457.280768,1,-92.01237629592964
165.0,10.0,1,-364.9309410562273,,0,
166.0,10.0,1,-350.6644041959662,,0,
167.0,10.0,1,-326.4781098391395,,0,
168.0,10.0,1,-296.441565981484,,0,
169.0,10.0,2,-262.95520722318906,,0,
170.0,10.0,2,-226.0711427219212,-279.402668,1,-53.3315252780788
171.0,10.0,2,-183.99800649634562,,0,
172.0,10.0,2,-137.94206864200532,,0,
173.0,10.0,2,-89.7655239388987,,0,
174.0,10.0,2,-41.94874632381834,,0,
175.0,10.0,2,1.5016442995984107,,0,
176.0,10.0,2,36.85467528656591,-13.979022,1,-50.83369728656591
177.0,10.0,2,65.87244622234721,,0,
178.0,10.0,2,87.1137041260954,,0,
179.0,10.0,2,97.65118074137717,,0,
180.0,10.0,2,94.23026120674331,,0,
181.0,10.0,2,73.48312035316485,,0,
182.0,10.0,2,34.01505047082901,213.645849,1,179.630798529171
183.0,10.0,2,-18.77897323225625,,0,
184.0,10.0,2,-77.97260237880982,,0,
185.0,10.0,2,-135.34758340590633,,0,
186.0,10.0,2,-183.8221962726675,,0,
187.0,10.0,2,-218.1165872507263,,0,
188.0,10.0,2,-234.70189998392016,-391.51356,1,-156.81166001607983
189.0,10.0,2,-233.36032947647618,,0,
190.0,10.0,2,-215.25400060671382,,0,
191.0,10.0,2,-186.39144187886268,,0,
192.0,10.0,2,-153.2338113123551,,0,
193.0,10.0,2,-120.68207314028405,,0,
194.0,10.0,2,-91.77147373417392,-257.190118,1,-165.41864426582606
195.0,10.0,2,-66.76625652331859,,0,
196.0,10.0,2,-44.04257222521119,,0,
197.0,10.0,2,-22.95799024833832,,0,
198.0,10.0,2,-2.6768249871674925,,0,
199.0,10.0,2,16.871219284599647,,0,
0.0,11.0,0,196.75964285619557,,0,
1.0,11.0,0,192.91348627279513,5.589234,1,-187.32425227279512
2.0,11.0,0,200.4193549156189,,0,
3.0,11.0,0,215.44652983895503,,0,
4.0,11.0,0,231.3390166281024,,0,
5.0,11.0,0,243.09516149526462,,0,
6.0,11.0,0,248.33674612664618,,0,
7.0,11.0,0,246.15436754049733,279.14392,1,32.98955245950265
8.0,11.0,0,236.61810204200447,,0,
9.0,11.0,0,221.8681434186874,,0,
10.0,11.0,0,203.4529064912349,,0,
11.0,11.0,0,182.47666988428682,,0,
12.0,11.0,0,159.26587748585735,,0,
13.0,11.0,0,132.3697075743694,260.539865,1,128.17015742563063
14.0,11.0,0,97.74217211059295,,0,
15.0,11.0,0,57.38367181783542,,0,
16.0,11.0,0,11.257098437286913,,0,
17.0,11.0,0,-40.95020905407728,,0,
18.0,11.0,0,-97.74617138691247,,0,
19.0,11.0,0,-154.88976282905787,-244.177463,1,-89.28770017094212
20.0,11.0,0,-207.15344343223842,,0,
21.0,11.0,0,-250.6008505958598,,0,
22.0,11.0,0,-284.24891161266714,,0,
23.0,11.0,0,-308.17547911498696,,0,
24.0,11.0,0,-322.50219365675,,0,
25.0,11.0,0,-327.49479665979743,-312.268907,1,15.225889659797417
26.0,11.0,0,-323.78390384977683,,0,
27.0,11.0,0,-311.3532800239045,,0,
28.0,11.0,0,-290.6158545751823,,0,
29.0,11.0,0,-262.52669630758464,,0,
30.0,11.0,0,-228.96230619755806,,0,
31.0,11.0,0,-192.70668794843368,-65.885046,1,126.82164194843368
32.0,11.0,0,-156.46417771093547,,0,
33.0,11.0,0,-123.29284465010278,,0,
34.0,11.0,0,-96.50662829028443,,0,
35.0,11.0,0,-78.94742798106745,,0,
36.0,11.0,0,-71.69147022278048,,0,
37.0,11.0,0,-73.04587612254545,200.201811,1,273.24768712254547
38.0,11.0,0,-80.05713758687489,,0,
39.0,11.0,0,-89.88189478847198,,0,
40.0,11.0,0,-100.24175857799128,,0,
41.0,11.0,0,-110.91827475867467,,0,
42.0,11.0,0,-124.01781575381756,,0,
43.0,11.0,0,-141.55085299175698,-56.858425,1,84.69242799175699
44.0,11.0,0,-160.89168818324106,,0,
45.0,11.0,0,-179.5158811021829,,0,
46.0,11.0,0,-196.23485475336201,,0,
47.0,11.0,0,-210.5796693355078,,0,
48.0,11.0,0,-222.3359580184333,,0,
49.0,11.0,0,-231.10346957133152,-124.553233,1,106.55023657133151
50.0,11.0,0,-235.5982983871363,,0,
51.0,11.0,0,-234.95306164980866,,0,
52.0,11.0,0,-229.8957080266846,,0,
53.0,11.0,0,-223.06156884785742,,0,
54.0,11.0,0,-217.96714612690266,,0,
55.0,11.0,0,-217.3995497042779,-174.37785,1,43.02169970427789
56.0,11.0,0,-220.94999371794984,,0,
57.0,11.0,0,-225.8013025909895,,0,
58.0,11.0,0,-230.9379830765538,,0,
59.0,11.0,0,-236.43485586345196,,0,
60.0,11.0,0,-243.35105847020168,,0,
61.0,11.0,0,-252.15141159610357,-225.881762,1,26.269649596103562
62.0,11.0,0,-258.713032601343,,0,
63.0,11.0,0,-258.8465284429258,,0,
64.0,11.0,0,-251.73152018059045,,0,
65.0,11.0,0,-237.5231036133482,,0,
66.0,11.0,0,-215.6317544275662,,0,
67.0,11.0,0,-184.7518593040877,-319.721656,1,-134.9697966959123
68.0,11.0,0,-144.17489106568974,,0,
69.0,11.0,0,-93.2025028897915,,0,
70.0,11.0,0,-33.144977038900834,,0,
71.0,11.0,3,29.986037959111854,,0,
72.0,11.0,3,87.42039554589428,,0,
73.0,11.0,3,131.004183808167,38.167806,1,-92.836377808167
74.0,11.0,3,155.80698844860308,,0,
75.0,11.0,3,159.0386789269396,,0,
76.0,11.0,3,140.39300725853536,,0,
77.0,11.0,3,102.83281301747775,,0,
78.0,11.0,3,52.368603839189745,,0,
79.0,11.0,3,-3.0577698134584352,-312.799501,1,-309.7417311865416
80.0,11.0,3,-53.82208242639899,,0,
81.0,11.0,3,-91.44875253493956,,0,
82.0,11.0,3,-115.06886405986734,,0,
83.0,11.0,3,-126.5383478065487,,0,
84.0,11.0,3,-128.69539886857092,,0,
85.0,11.0,3,-125.90634338959353,-141.917772,1,-16.011428610406483
86.0,11.0,3,-123.93418845717679,,0,
87.0,11.0,3,-130.20378225669265,,0,
88.0,11.0,3,-149.49672576924786,,0,
89.0,11.0,3,-179.79671096702805,,0,
90.0,11.0,3,-212.15638635260984,,0,
91.0,11.0,3,-234.51453842467163,-501.097957,1,-266.5834185753284
92.0,11.0,3,-237.49350780640088,,0,
93.0,11.0,3,-228.78296080540167,,0,
94.0,11.0,3,-213.62077318876982,,0,
95.0,11.0,3,-196.45060195832048,,0,
96.0,11.0,3,-181.92238641274162,,0,
97.0,11.0,3,-174.77718436907162,0.110858,1,174.88804236907163
98.0,11.0,3,-179.86195663618855,,0,
99.0,11.0,3,-200.53827581525547,,0,
100.0,11.0,3,-235.09604575490812,,0,
101.0,11.0,3,-280.5193061676109,,0,
102.0,11.0,3,-334.02845249422535,,0,
103.0,11.0,3,-392.88988127658376,-310.821512,1,82.06836927658378
104.0,11.0,3,-454.9750372332055,,0,
105.0,11.0,3,-513.5413787121361,,0,
106.0,11.0,3,-563.0917839211179,,0,
107.0,11.0,3,-599.6281736225355,,0,
108.0,11.0,3,-621.3837785287906,,0,
109.0,11.0,3,-629.4369597221084,-613.618847,1,15.81811272210848
110.0,11.0,3,-626.4500392585614,,0,
111.0,11.0,3,-614.4632383997669,,0,
112.0,11.0,3,-595.4134225393645,,0,
113.0,11.0,3,-570.8311757098418,,0,
114.0,11.0,3,-542.8190892711282,,0,
115.0,11.0,3,-514.7115112188039,-409.440698,1,105.27081321880394
116.0,11.0,3,-490.28099540780386,,0,
117.0,11.0,3,-467.62000112616806,,0,
118.0,11.0,3,-446.3746584291803,,0,
119.0,11.0,3,-426.7484227960231,,0,
120.0,11.0,3,-408.75812411890365,,0,
121.0,11.0,3,-392.4103983445675,-327.337547,1,65.07285134456754
122.0,11.0,3,-378.1819953676313,,0,
123.0,11.0,3,-363.03568055445794,,0,
124.0,11.0,3,-345.78808417881373,,0,
125.0,11.0,3,-327.35306806711014,,0,
126.0,11.0,3,-309.1544525840436,,0,
127.0,11.0,3,-291.9937050602166,-532.461337,1,-240.46763193978336
128.0,11.0,3,-275.1671240730211,,0,
129.0,11.0,3,-256.96163445565617,,0,
130.0,11.0,3,-237.33518007793464,,0,
131.0,11.0,3,-215.90170787717216,,0,
132.0,11.0,1,-191.4247211488546,,0,
133.0,11.0,1,-162.16217014181893,-423.26022,1,-261.09804985818107
134.0,11.0,1,-124.19335980940377,,0,
135.0,11.0,1,-72.95173891045852,,0,
136.0,11.0,1,-9.405311038834043,,0,
137.0,11.0,1,63.21318377467105,,0,
138.0,11.0,1,139.87818703241646,,0,
139.0,11.0,1,212.4907537860563,634.180206,1,421.6894522139437
140.0,11.0,1,272.13408227369655,,0,
141.0,11.0,1,308.9320326909801,,0,
142.0,11.0,1,313.75683935778216,,0,
143.0,11.0,1,282.55522738269065,,0,
144.0,11.0,1,220.0775704080006,,0,
145.0,11.0,1,140.8082119107712,183.805872,1,42.99766008922879
146.0,11.0,1,63.98565169854555,,0,
147.0,11.0,1,5.585207351949066,,0,
148.0,11.0,1,-31.575423419475555,,0,
149.0,11.0,1,-50.21642430181237,,0,
150.0,11.0,1,-54.269203858450055,,0,
151.0,11.0,1,-49.149526443565264,29.958063,1,79.10758944356526
152.0,11.0,1,-41.64209287590347,,0,
153.0,11.0,1,-34.18002947908826,,0,
154.0,11.0,1,-29.834782973048277,,0,
155.0,11.0,1,-31.511944736354053,,0,
156.0,11.0,1,-41.29123822925612,,0,
157.0,11.0,1,-59.80315078108106,-68.698402,1,-8.895251218918943
158.0,11.0,1,-86.61384221189655,,0,
159.0,11.0,1,-120.79629138775636,,0,
160.0,11.0,1,-160.7808573191287,,0,
161.0,11.0,1,-203.40091790177394,,0,
162.0,11.0,1,-243.28892635228112,,0,
163.0,11.0,1,-274.64251408469863,-453.652963,1,-179.01044891530137
164.0,11.0,1,-295.2575952226762,,0,
165.0,11.0,1,-303.1719262213155,,0,
166.0,11.0,1,-298.31449030258227,,0,
167.0,11.0,1,-282.762889839476,,0,
168.0,11.0,2,-260.07281598460395,,0,
169.0,11.0,2,-233.216183471377,-213.970847,1,19.245336471377016
170.0,11.0,2,-201.20222047227435,,0,
171.0,11.0,2,-162.42454214207828,,0,
172.0,11.0,2,-117.45793983701151,,0,
173.0,11.0,2,-68.06081348331645,,0,
174.0,11.0,2,-16.80445594585035,,0,
175.0,11.0,2,31.708707548910752,266.606031,1,234.89732345108922
176.0,11.0,2,69.60909416107461,,0,
177.0,11.0,2,100.96752931852825,,0,
178.0,11.0,2,124.69913403969258,,0,
179.0,11.0,2,136.9731543646194,,0,
180.0,11.0,2,134.08549539523665,,0,
181.0,11.0,2,112.96285068709403,371.19723,1,258.23437931290596
182.0,11.0,2,68.80088209873065,,0,
183.0,11.0,2,11.533616716740653,,0,
184.0,11.0,2,-50.59955478645861,,0,
185.0,11.0,2,-109.10634916904382,,0,
186.0,11.0,2,-156.44379009888507,,0,
187.0,11.0,2,-187.68448954471387,-336.961303,1,-149.27681345528612
188.0,11.0,2,-198.05318955192342,,0,
189.0,11.0,2,-191.22781274683075,,0,
190.0,11.0,2,-170.1834652798716,,0,
191.0,11.0,2,-139.1488631241955,,0,
192.0,11.0,2,-103.53118725353852,,0,
193.0,11.0,2,-69.22626549378037,-218.673646,1,-149.44738050621962
194.0,11.0,2,-41.01266345195472,,0,
195.0,11.0,2,-20.420467909425497,,0,
196.0,11.0,2,-5.861054261913523,,0,
197.0,11.0,2,6.11525370873278,,0,
198.0,11.0,2,19.199606490321457,,0,
199.0,11.0,2,34.36473277071491,-76.617926,1,-110.9826587707149
0.0,12.0,0,188.40898159798235,21.772496,1,-166.63648559798236
1.0,12.0,0,187.37473740708083,,0,
2.0,12.0,0,193.49639580352232,,0,
3.0,12.0,0,203.9996772715822,,0,
4.0,12.0,0,214.24295926548075,,0,
5.0,12.0,0,220.9877335038036,,0,
6.0,12.0,0,222.66325961099938,246.237634,1,23.57437438900064
7.0,12.0,0,218.37897314853035,,0,
8.0,12.0,0,209.0620850743726,,0,
9.0,12.0,0,196.1257932856679,,0,
10.0,12.0,0,180.6114581208676,,0,
11.0,12.0,0,162.97240484436043,,0,
12.0,12.0,0,142.97937371116132,230.129088,1,87.14971428883868
13.0,12.0,0,119.04236250463873,,0,
14.0,12.0,0,89.0369260298321,,0,
15.0,12.0,0,53.032987812533975,,0,
16.0,12.0,0,10.488030517473817,,0,
17.0,12.0,0,-40.371140468050726,,0,
18.0,12.0,0,-99.1767770620063,-25.567658,1,73.6091190620063
19.0,12.0,0,-159.09928755881265,,0,
20.0,12.0,0,-213.3204028684413,,0,
21.0,12.0,0,-257.73898407351226,,0,
22.0,12.0,0,-290.7182157707284,,0,
23.0,12.0,0,-312.23920158087276,,0,
24.0,12.0,0,-322.8971016239375,-325.456297,1,-2.559195376062519
25.0,12.0,0,-323.43033286137506,,0,
26.0,12.0,0,-314.71594048757106,,0,
27.0,12.0,0,-297.3896242536139,,0,
28.0,12.0,0,-272.3048917973065,,0,
29.0,12.0,0,-240.69215960847214,,0,
30.0,12.0,0,-204.6082645903807,-169.284869,1,35.32339559038073
31.0,12.0,0,-167.82172422064468,,0,
32.0,12.0,0,-132.56572553375736,,0,
33.0,12.0,0,-101.44262286566664,,0,
34.0,12.0,0,-77.28042085678317,,0,
35.0,12.0,0,-63.40759402909316,,0,
36.0,12.0,0,-61.883180100878235,345.067705,1,406.9508851008782
37.0,12.0,0,-69.0935277127428,,0,
38.0,12.0,0,-80.65872219251469,,0,
39.0,12.0,0,-93.56316456897184,,0,
40.0,12.0,0,-105.98391536192503,,0,
41.0,12.0,0,-117.60831578774378,,0,
42.0,12.0,0,-130.44250051782,80.598744,1,211.04124451782002
43.0,12.0,0,-149.52459040423855,,0,
44.0,12.0,0,-168.69428939244244,,0,
45.0,12.0,0,-184.8760526033584,,0,
46.0,12.0,0,-196.9356335250195,,0,
47.0,12.0,0,-204.54168703919277,,0,
48.0,12.0,0,-207.9808275590185,-163.206285,1,44.7745425590185
49.0,12.0,0,-208.22877323173452,,0,
50.0,12.0,0,-204.1885524324607,,0,
51.0,12.0,0,-196.29921059962362,,0,
52.0,12.0,0,-186.80874648038298,,0,
53.0,12.0,0,-178.59178820974194,,0,
54.0,12.0,0,-174.09658601647243,-26.467871,1,147.62871501647243
55.0,12.0,0,-177.1170340353856,,0,
56.0,12.0,0,-183.7448735930957,,0,
57.0,12.0,0,-191.567718782695,,0,
58.0,12.0,0,-199.80162895657122,,0,
59.0,12.0,0,-208.415054556448,,0,
60.0,12.0,0,-217.97799856960773,-45.298145,1,172.67985356960773
61.0,12.0,0,-231.03008331521414,,0,
62.0,12.0,0,-241.09026294830255,,0,
63.0,12.0,0,-244.69856737172813,,0,
64.0,12.0,0,-240.74370834673755,,0,
65.0,12.0,0,-228.92179719777778,,0,
66.0,12.0,0,-208.46630415786058,-260.877238,1,-52.4109338421394
67.0,12.0,0,-176.9659287261311,,0,
68.0,12.0,0,-135.01304888667073,,0,
69.0,12.0,0,-83.46113303070888,,0,
70.0,12.0,0,-24.61767580965534,,0,
71.0,12.0,0,36.351529448875226,,0,
72.0,12.0,3,91.41444975615013,167.959399,1,76.54494924384986
73.0,12.0,3,131.35351701453328,,0,
74.0,12.0,3,152.48344657674897,,0,
75.0,12.0,3,152.40083310217597,,0,
76.0,12.0,3,131.44848916342016,,0,
77.0,12.0,3,93.82803685299587,,0,
78.0,12.0,3,46.511136779910885,-121.56663,1,-168.0777667799109
79.0,12.0,3,-3.2690835371031426,,0,
80.0,12.0,3,-47.853316691936925,,0,
81.0,12.0,3,-80.92889599240152,,0,
82.0,12.0,3,-100.08596246340312,,0,
83.0,12.0,3,-106.54595768661238,,0,
84.0,12.0,3,-104.21752343716798,-218.623771,1,-114.40624756283202
85.0,12.0,3,-98.49600913433824,,0,
86.0,12.0,3,-95.46300640818663,,0,
87.0,12.0,3,-101.39022550781374,,0,
88.0,12.0,3,-120.54467085254146,,0,
89.0,12.0,3,-151.69925734042772,,0,
90.0,12.0,3,-185.46650158730336,-394.878688,1,-209.41218641269666
91.0,12.0,3,-205.8918623563368,,0,
92.0,12.0,3,-210.12050864924095,,0,
93.0,12.0,3,-201.4261439818656,,0,
94.0,12.0,3,-184.82503327488666,,0,
95.0,12.0,3,-165.6589497946261,,0,
96.0,12.0,3,-149.6651501393644,-146.300716,1,3.3644341393644197
97.0,12.0,3,-142.39496650188812,,0,
98.0,12.0,3,-148.38330422650324,,0,
99.0,12.0,3,-170.14824495720677,,0,
100.0,12.0,3,-207.1258294619911,,0,
101.0,12.0,3,-257.00403080612887,,0,
102.0,12.0,3,-316.90660512575414,-213.607988,1,103.29861712575413
103.0,12.0,3,-382.8482241675665,,0,
104.0,12.0,3,-450.53950730114593,,0,
105.0,12.0,3,-514.1460274927085,,0,
106.0,12.0,3,-568.1698867505183,,0,
107.0,12.0,3,-607.9871715271147,,0,
108.0,12.0,3,-630.7878535206837,-776.85928,1,-146.0714264793163
109.0,12.0,3,-638.7236052583903,,0,
110.0,12.0,3,-634.7857763803331,,0,
111.0,12.0,3,-620.9748565264599,,0,
112.0,12.0,3,-599.1838391039346,,0,
113.0,12.0,3,-571.6927964732167,,0,
114.0,12.0,3,-541.7111040171003,-484.370536,1,57.34056801710028
115.0,12.0,3,-514.0350677446695,,0,
116.0,12.0,3,-490.1574215895962,,0,
117.0,12.0,3,-469.4997371966019,,0,
118.0,12.0,3,-451.19979934126604,,0,
119.0,12.0,3,-434.64760249298706,,0,
120.0,12.0,3,-419.2300364593102,-327.398594,1,91.83144245931021
121.0,12.0,3,-404.535026102094,,0,
122.0,12.0,3,-390.07537616021,,0,
123.0,12.0,3,-374.4035961398622,,0,
124.0,12.0,3,-357.1208332263632,,0,
125.0,12.0,3,-338.81200490612537,,0,
126.0,12.0,3,-319.81518742779735,-480.640257,1,-160.82506957220266
127.0,12.0,3,-300.90226688067196,,0,
128.0,12.0,3,-282.4859905790072,,0,
129.0,12.0,3,-264.17403200350236,,0,
130.0,12.0,3,-244.85318784299307,,0,
131.0,12.0,3,-222.00632716924883,,0,
132.0,12.0,1,-192.9984900234267,-434.476408,1,-241.47791797657328
133.0,12.0,1,-157.9021184273297,,0,
134.0,12.0,1,-115.0345757153118,,0,
135.0,12.0,1,-61.442825493752025,,0,
136.0,12.0,1,3.942092601035256,,0,
137.0,12.0,1,80.90377409430221,,0,
138.0,12.0,1,166.68961377633968,230.442635,1,63.75302122366031
139.0,12.0,1,250.23907330736984,,0,
140.0,12.0,1,322.0827777556842,,0,
141.0,12.0,1,371.72371951141395,,0,
142.0,12.0,1,387.474159551668,,0,
143.0,12.0,1,359.7334377282532,,0,
144.0,12.0,1,290.1592141755318,805.036733,1,514.8775188244682
145.0,12.0,1,199.7316737168003,,0,
146.0,12.0,1,110.47444668516982,,0,
147.0,12.0,1,37.07824377925135,,0,
148.0,12.0,1,-14.19383398478385,,0,
149.0,12.0,1,-42.79142836749088,,0,
150.0,12.0,1,-51.185849607223645,118.964957,1,170.15080660722364
151.0,12.0,1,-45.181146612681914,,0,
152.0,12.0,1,-30.96808450052049,,0,
153.0,12.0,1,-12.56740501546301,,0,
154.0,12.0,1,6.164778286940418,,0,
155.0,12.0,1,20.323326971498318,,0,
156.0,12.0,1,25.176792523881886,32.610099,1,7.433306476118112
157.0,12.0,1,19.463140328298323,,0,
158.0,12.0,1,2.8520473460666835,,0,
159.0,12.0,1,-25.04517213953659,,0,
160.0,12.0,1,-63.1197947091714,,0,
161.0,12.0,1,-107.85952848545276,,0,
162.0,12.0,1,-152.9331856885692,-347.093209,1,-194.1600233114308
163.0,12.0,1,-188.91808228078298,,0,
164.0,12.0,1,-216.60797168384306,,0,
165.0,12.0,1,-234.49088064278476,,0,
166.0,12.0,1,-240.77875170251355,,0,
167.0,12.0,1,-235.4510656101629,,0,
168.0,12.0,2,-221.42853143028333,-97.080143,1,124.34838843028332
169.0,12.0,2,-203.50284160894807,,0,
170.0,12.0,2,-178.8307487516431,,0,
171.0,12.0,2,-145.97854428330902,,0,
172.0,12.0,2,-105.32234235771466,,0,
173.0,12.0,2,-58.549872868461534,,0,
174.0,12.0,2,-8.542536177439615,115.388238,1,123.93077417743962
175.0,12.0,2,39.86425684974529,,0,
176.0,12.0,2,81.68551995044982,,0,
177.0,12.0,2,116.66118373326026,,0,
178.0,12.0,2,143.605506709544,,0,
179.0,12.0,2,157.92900819145143,,0,
180.0,12.0,2,154.2067892815685,460.602057,1,306.3952677184315
181.0,12.0,2,131.0714480727911,,0,
182.0,12.0,2,88.51880686171353,,0,
183.0,12.0,2,32.47079350682907,,0,
184.0,12.0,2,-28.733700126351323,,0,
185.0,12.0,2,-84.74670302937739,,0,
186.0,12.0,2,-125.47763982624747,-338.33061,1,-212.8529701737525
187.0,12.0,2,-147.9140546831768,,0,
188.0,12.0,2,-151.2449919829378,,0,
189.0,12.0,2,-137.91237303148955,,0,
190.0,12.0,2,-111.62809645896778,,0,
191.0,12.0,2,-76.04122856201138,,0,
192.0,12.0,2,-35.528718769026455,-60.689072,1,-25.16035323097355
193.0,12.0,2,2.1562070350628346,,0,
194.0,12.0,2,29.82221925840713,,0,
195.0,12.0,2,45.07596706296317,,0,
196.0,12.0,2,49.96588333835825,,0,
197.0,12.0,2,50.84961306955665,,0,
198.0,12.0,2,55.27422830089927,-66.483818,1,-121.75804630089927
199.0,12.0,2,64.87818112550303,,0,
0.0,13.0,0,186.50882813893259,,0,
1.0,13.0,0,187.8841214873828,,0,
2.0,13.0,0,192.5055503724143,,0,
3.0,13.0,0,197.81672556884587,,0,
4.0,13.0,0,200.75623455637833,,0,
5.0,13.0,0,200.00820504548028,216.510238,1,16.502032954519706
6.0,13.0,0,195.43022156716324,,0,
7.0,13.0,0,187.2452310238732,,0,
8.0,13.0,0,176.33840605337173,,0,
9.0,13.0,0,163.62623443710618,,0,
10.0,13.0,0,149.39931625686586,,0,
11.0,13.0,0,133.34529873356223,266.120158,1,132.77485926643777
12.0,13.0,0,114.99075044947676,,0,
13.0,13.0,0,93.24372213380411,,0,
14.0,13.0,0,66.88033949909732,,0,
15.0,13.0,0,35.140815748716705,,0,
16.0,13.0,0,-3.65141907078214,,0,
17.0,13.0,0,-52.499902136449236,186.329038,1,238.82894013644923
18.0,13.0,0,-113.32441954337992,,0,
19.0,13.0,0,-174.62364895641804,,0,
20.0,13.0,0,-229.20508362189867,,0,
21.0,13.0,0,-272.8634866550565,,0,
22.0,13.0,0,-303.64441475714557,,0,
23.0,13.0,0,-321.7547199614346,-401.220829,1,-79.46610903856538
24.0,13.0,0,-328.2773084207438,,0,
25.0,13.0,0,-324.2645152929472,,0,
26.0,13.0,0,-310.7095259591006,,0,
27.0,13.0,0,-288.6731101516634,,0,
28.0,13.0,0,-259.54182777390815,,0,
29.0,13.0,0,-225.02780609135516,-258.992538,1,-33.964731908644865
30.0,13.0,0,-187.04394830181263,,0,
31.0,13.0,0,-149.58080669579795,,0,
32.0,13.0,0,-115.45501456642523,,0,
33.0,13.0,0,-86.97987474408,,0,
34.0,13.0,0,-66.30665211984888,,0,
35.0,13.0,0,-56.29108182247728,150.625904,1,206.91698582247727
36.0,13.0,0,-61.63300303847063,,0,
37.0,13.0,0,-75.10044500301592,,0,
38.0,13.0,0,-91.79225442360621,,0,
39.0,13.0,0,-108.77405438246205,,0,
40.0,13.0,0,-124.66220751637593,,0,
41.0,13.0,0,-139.57975553150754,29.951646,1,169.53140153150756
42.0,13.0,0,-155.36578536964953,,0,
43.0,13.0,0,-173.52789583755657,,0,
44.0,13.0,0,-190.62592200748622,,0,
45.0,13.0,0,-203.33447767654434,,0,
46.0,13.0,0,-210.40340408391785,,0,
47.0,13.0,0,-211.7407301410567,-247.536461,1,-35.7957308589433
48.0,13.0,0,-208.09827635530382,,0,
49.0,13.0,0,-200.2833456012886,,0,
50.0,13.0,0,-188.45950096740853,,0,
51.0,13.0,0,-173.9275463214144,,0,
52.0,13.0,0,-160.61868594225962,,0,
53.0,13.0,0,-153.1884393754881,68.817085,1,222.0055243754881
54.0,13.0,0,-151.95320050243754,,0,
55.0,13.0,0,-156.68625846301438,,0,
56.0,13.0,0,-165.01597434014548,,0,
57.0,13.0,0,-174.7687164080562,,0,
58.0,13.0,0,-185.58966590301134,,0,
59.0,13.0,0,-198.03925283020362,70.561762,1,268.6010148302036
60.0,13.0,0,-211.45097889890894,,0,
61.0,13.0,0,-225.0838263980113,,0,
62.0,13.0,0,-235.3865481999237,,0,
63.0,13.0,0,-239.5896232749219,,0,
64.0,13.0,0,-236.41367168648867,,0,
65.0,13.0,0,-224.678652700386,-180.741777,1,43.936875700386
66.0,13.0,0,-203.62479418853763,,0,
67.0,13.0,0,-171.0165757862851,,0,
68.0,13.0,0,-127.41677173017524,,0,
69.0,13.0,0,-74.88184125011321,,0,
70.0,13.0,0,-16.243374517420307,,0,
71.0,13.0,0,43.912453792931046,77.180721,1,33.26826720706896
72.0,13.0,3,97.36645575775765,,0,
73.0,13.0,3,136.04397738506668,,0,
74.0,13.0,3,155.34581843856722,,0,
75.0,13.0,3,152.86259499168955,,0,
76.0,13.0,3,129.28802114271093,,0,
77.0,13.0,3,90.20371716807131,28.886652,1,-61.31706516807131
78.0,13.0,3,44.48572297679493,,0,
79.0,13.0,3,-1.8905561409483198,,0,
80.0,13.0,3,-42.588975952065084,,0,
81.0,13.0,3,-72.14722067423281,,0,
82.0,13.0,3,-87.36694236675976,,0,
83.0,13.0,3,-88.71896913298406,-199.544617,1,-110.82564786701593
84.0,13.0,3,-81.3940416428959,,0,
85.0,13.0,3,-71.67919105931651,,0,
86.0,13.0,3,-65.54401860025246,,0,
87.0,13.0,3,-68.37961653250386,,0,
88.0,13.0,3,-84.75297871296061,,0,
89.0,13.0,3,-114.97529601078713,-131.305157,1,-16.329860989212875
90.0,13.0,3,-147.74574942642357,,0,
91.0,13.0,3,-170.11767691280693,,0,
92.0,13.0,3,-177.4280207476695,,0,
93.0,13.0,3,-170.4430366451852,,0,
94.0,13.0,3,-153.17030740110204,,0,
95.0,13.0,3,-132.2372328856727,-231.812675,1,-99.5754421143273
96.0,13.0,3,-114.89996451637126,,0,
97.0,13.0,3,-107.42169510328677,,0,
98.0,13.0,3,-114.38086639146786,,0,
99.0,13.0,3,-138.23943203594536,,0,
100.0,13.0,3,-178.74854049898568,,0,
101.0,13.0,3,-233.39899187267292,-167.251817,1,66.14717487267293
102.0,13.0,3,-299.66576127230655,,0,
103.0,13.0,3,-371.7195136740629,,0,
104.0,13.0,3,-444.3167073066579,,0,
105.0,13.0,3,-511.84241735709656,,0,
106.0,13.0,3,-569.1611530886148,,0,
107.0,13.0,3,-612.098562117666,-778.771369,1,-166.67280688233404
108.0,13.0,3,-635.6777904712944,,0,
109.0,13.0,3,-644.384787068353,,0,
110.0,13.0,3,-640.8109589971136,,0,
111.0,13.0,3,-626.5427950986632,,0,
112.0,13.0,3,-603.5139990463795,,0,
113.0,13.0,3,-574.7863624813035,-564.251443,1,10.534919481303518
114.0,13.0,3,-544.4051993621979,,0,
115.0,13.0,3,-516.4360773498192,,0,
116.0,13.0,3,-492.8625873833371,,0,
117.0,13.0,3,-473.82681303995196,,0,
118.0,13.0,3,-458.4144151704968,,0,
119.0,13.0,3,-445.274399212969,-408.049286,1,37.225113212969006
120.0,13.0,3,-432.99245178088313,,0,
121.0,13.0,3,-420.2586579846684,,0,
122.0,13.0,3,-405.7986139957211,,0,
123.0,13.0,3,-388.6051336872624,,0,
124.0,13.0,3,-369.2318150315841,,0,
125.0,13.0,3,-349.03198882821016,-385.957372,1,-36.92538317178986
126.0,13.0,3,-326.6631179561373,,0,
127.0,13.0,3,-303.34365225720103,,0,
128.0,13.0,3,-280.8254227260768,,0,
129.0,13.0,3,-259.913493129774,,0,
130.0,13.0,3,-239.04555274965242,,0,
131.0,13.0,1,-214.21628034987953,-395.556497,1,-181.34021665012045
132.0,13.0,1,-180.76904254767578,,0,
133.0,13.0,1,-142.498934428324,,0,
134.0,13.0,1,-98.46924175182357,,0,
135.0,13.0,1,-45.41536309319781,,0,
136.0,13.0,1,18.983567523071542,,0,
137.0,13.0,1,95.46928964246763,-173.983525,1,-269.4528146424676
138.0,13.0,1,185.7135196836316,,0,
139.0,13.0,1,275.9030734555563,,0,
140.0,13.0,1,355.98928771651117,,0,
141.0,13.0,1,415.79191774106584,,0,
142.0,13.0,1,440.5611401150236,,0,
143.0,13.0,1,414.6901452037273,1000.412371,1,585.7222257962727
144.0,13.0,1,335.28159792738734,,0,
145.0,13.0,1,234.89179716829676,,0,
146.0,13.0,1,135.02801281155553,,0,
147.0,13.0,1,49.8506020095665,,0,
148.0,13.0,1,-12.366564095194917,,0,
149.0,13.0,1,-49.16352302883752,-128.644325,1,-79.48080197116249
150.0,13.0,1,-60.840439626714215,,0,
151.0,13.0,1,-53.52930769993691,,0,
152.0,13.0,1,-32.83228161826264,,0,
153.0,13.0,1,-3.51160571211949,,0,
154.0,13.0,1,29.743414398515597,,0,
155.0,13.0,1,60.95771714823786,213.670026,1,152.71230885176215
156.0,13.0,1,81.79000198491849,,0,
157.0,13.0,1,91.80960102763493,,0,
158.0,13.0,1,88.73456860147417,,0,
159.0,13.0,1,70.25362485751975,,0,
160.0,13.0,1,36.909001599342446,,0,
161.0,13.0,1,-6.61488652206026,-21.015976,1,-14.401089477939738
162.0,13.0,1,-52.99368094152305,,0,
163.0,13.0,1,-95.4639384476468,,0,
164.0,13.0,1,-132.1660100823501,,0,
165.0,13.0,1,-161.64994072215632,,0,
166.0,13.0,1,-180.8564857786987,,0,
167.0,13.0,1,-187.55178192153107,-231.792118,1,-44.240336078468914
168.0,13.0,2,-185.1489646359405,,0,
169.0,13.0,2,-176.80360960948747,,0,
170.0,13.0,2,-161.1089286027709,,0,
171.0,13.0,2,-136.3383155046031,,0,
172.0,13.0,2,-102.60642700770404,,0,
173.0,13.0,2,-61.56539253052324,-131.448594,1,-69.88320146947677
174.0,13.0,2,-15.89801334659569,,0,
175.0,13.0,2,30.5203309583012,,0,
176.0,13.0,2,73.75694301893236,,0,
177.0,13.0,2,111.25759851350449,,0,
178.0,13.0,2,140.73872388107702,,0,
179.0,13.0,2,157.87476510507986,399.421852,1,241.54708689492014
180.0,13.0,2,154.13154284306802,,0,
181.0,13.0,2,133.03720207489096,,0,
182.0,13.0,2,96.11031414126046,,0,
183.0,13.0,2,46.565629419870675,,0,
184.0,13.0,2,-9.086699032894103,,0,
185.0,13.0,2,-59.71752777136862,-353.49497,1,-293.7774422286314
186.0,13.0,2,-89.96395265753381,,0,
187.0,13.0,2,-101.75864087534137,,0,
188.0,13.0,2,-95.7263561488362,,0,
189.0,13.0,2,-73.48055245075375,,0,
190.0,13.0,2,-38.634872652590275,,0,
191.0,13.0,2,4.35142442106735,-192.167582,1,-196.51900642106736
192.0,13.0,2,52.97877632288146,,0,
193.0,13.0,2,95.01175215095282,,0,
194.0,13.0,2,122.34705555904657,,0,
195.0,13.0,2,132.14950298564509,,0,
196.0,13.0,2,127.14022069447674,,0,
197.0,13.0,2,115.66271017398685,-204.213775,1,-319.87648517398685
198.0,13.0,2,111.68785950588062,,0,
199.0,13.0,2,111.255683172727,,0,
0.0,14.0,0,185.48139523621649,,0,
1.0,14.0,0,188.5995382501278,,0,
2.0,14.0,0,192.01931025087833,,0,
3.0,14.0,0,192.42020414583385,,0,
4.0,14.0,0,187.20379839255475,251.823664,1,64.61986560744526
5.0,14.0,0,177.73538489546627,,0,
6.0,14.0,0,165.8001019358635,,0,
7.0,14.0,0,152.48083363345359,,0,
8.0,14.0,0,138.71198103949428,,0,
9.0,14.0,0,125.03230607893784,,0,
10.0,14.0,0,111.03806387796067,133.221358,1,22.183294122039342
11.0,14.0,0,95.46482582669705,,0,
12.0,14.0,0,77.90017684409395,,0,
13.0,14.0,0,57.39752633823082,,0,
14.0,14.0,0,32.880594552028924,,0,
15.0,14.0,0,3.2674081071745604,,0,
16.0,14.0,0,-33.81634055287577,130.95915,1,164.77549055287577
17.0,14.0,0,-83.859401834663,,0,
18.0,14.0,0,-142.50489213038236,,0,
19.0,14.0,0,-201.60195762850344,,0,
20.0,14.0,0,-254.07419211720116,,0,
21.0,14.0,0,-295.11061430489644,,0,
22.0,14.0,0,-321.9523062238004,-403.524,1,-81.5716937761996
23.0,14.0,0,-335.6185536485864,,0,
24.0,14.0,0,-337.71461975295097,,0,
25.0,14.0,0,-329.2760019605048,,0,
26.0,14.0,0,-311.2149103402626,,0,
27.0,14.0,0,-284.7384440023452,,0,
28.0,14.0,0,-251.6593221493531,-245.071728,1,6.5875941493530945
29.0,14.0,0,-214.19123710645363,,0,
30.0,14.0,0,-174.9937274735421,,0,
31.0,14.0,0,-137.5973669294035,,0,
32.0,14.0,0,-105.30813887366094,,0,
33.0,14.0,0,-80.74148122977931,,0,
34.0,14.0,0,-65.85038215341046,-58.99555,1,6.854832153410463
35.0,14.0,0,-62.79544470878318,,0,
36.0,14.0,0,-72.71511686767917,,0,
37.0,14.0,0,-91.12481208192185,,0,
38.0,14.0,0,-112.61649665550794,,0,
39.0,14.0,0,-133.73384180781431,,0,
40.0,14.0,0,-153.4753236345714,-32.667638,1,120.8076856345714
41.0,14.0,0,-172.23028990608873,,0,
42.0,14.0,0,-190.7457312606275,,0,
43.0,14.0,0,-208.66420643543825,,0,
44.0,14.0,0,-223.33891239855438,,0,
45.0,14.0,0,-232.05414366023615,,0,
46.0,14.0,0,-234.17055848008022,-249.034633,1,-14.864074519919797
47.0,14.0,0,-229.99844064179342,,0,
48.0,14.0,0,-220.6146075464785,,0,
49.0,14.0,0,-206.75282941479236,,0,
50.0,14.0,0,-189.2468374009477,,0,
51.0,14.0,0,-170.02541914675385,,0,
52.0,14.0,0,-153.62513532553567,85.480475,1,239.10561032553568
53.0,14.0,0,-148.31557258567773,,0,
54.0,14.0,0,-149.7426759856753,,0,
55.0,14.0,0,-156.06295933161164,,0,
56.0,14.0,0,-165.812661832897,,0,
57.0,14.0,0,-177.43527008243836,,0,
58.0,14.0,0,-190.41346862865612,-70.873942,1,119.53952662865612
59.0,14.0,0,-206.56966009084135,,0,
60.0,14.0,0,-222.2586845748301,,0,
61.0,14.0,0,-235.3706815636251,,0,
62.0,14.0,0,-243.79630395385902,,0,
63.0,14.0,0,-246.30655684089288,,0,
64.0,14.0,0,-242.43283841770608,-117.172073,1,125.26076541770608
65.0,14.0,0,-229.68193167145364,,0,
66.0,14.0,0,-206.01918394630775,,0,
67.0,14.0,0,-170.3504468537867,,0,
68.0,14.0,0,-123.5982235338306,,0,
69.0,14.0,0,-68.6393263854552,,0,
70.0,14.0,0,-9.069521400611848,-109.187516,1,-100.11799459938815
71.0,14.0,0,51.827757231658325,,0,
72.0,14.0,3,104.88468404940795,,0,
73.0,14.0,3,142.90066518890671,,0,
74.0,14.0,3,161.33097331540193,,0,
75.0,14.0,3,157.2261943423655,,0,
76.0,14.0,3,130.59508480044315,194.655188,1,64.06010319955686
77.0,14.0,3,89.59624043432996,,0,
78.0,14.0,3,43.549517911160365,,0,
79.0,14.0,3,-1.1552917445660569,,0,
80.0,14.0,3,-39.26883042755071,,0,
81.0,14.0,3,-65.86632088234182,,0,
82.0,14.0,3,-77.2416809903807,-187.821058,1,-110.5793770096193
83.0,14.0,3,-73.05244687874801,,0,
84.0,14.0,3,-60.76145015106886,,0,
85.0,14.0,3,-46.818694737390615,,0,
86.0,14.0,3,-37.12039905419806,,0,
87.0,14.0,3,-36.4264404468704,,0,
88.0,14.0,3,-48.348082127951784,273.452706,1,321.80078812795176
89.0,14.0,3,-77.56393978162669,,0,
90.0,14.0,3,-109.36955221142853,,0,
91.0,14.0,3,-133.206961465301,,0,
92.0,14.0,3,-143.36707872978877,,0,
93.0,14.0,3,-137.81283628568053,,0,
94.0,14.0,3,-119.12474890361773,-284.154895,1,-165.03014609638228
95.0,14.0,3,-96.02583981811767,,0,
96.0,14.0,3,-77.39698784652865,,0,
97.0,14.0,3,-70.04515654183342,,0,
98.0,14.0,3,-78.55121283663902,,0,
99.0,14.0,3,-105.47222767758649,,0,
100.0,14.0,3,-151.0477793616301,-95.05202,1,55.99575936163009
101.0,14.0,3,-211.3587207829114,,0,
102.0,14.0,3,-282.01953174965456,,0,
103.0,14.0,3,-358.01334870671417,,0,
104.0,14.0,3,-434.0135760953417,,0,
105.0,14.0,3,-503.92933573178016,,0,
106.0,14.0,3,-561.922688161023,-733.725519,1,-171.802830838977
107.0,14.0,3,-605.2461691192584,,0,
108.0,14.0,3,-632.0030430744519,,0,
109.0,14.0,3,-643.6885478663025,,0,
110.0,14.0,3,-642.3230088007404,,0,
111.0,14.0,3,-629.2434478913347,,0,
112.0,14.0,3,-606.2000310467556,-697.603504,1,-91.40347295324443
113.0,14.0,3,-577.2498274146346,,0,
114.0,14.0,3,-546.8785525417188,,0,
115.0,14.0,3,-518.9328078854596,,0,
116.0,14.0,3,-496.11371650562796,,0,
117.0,14.0,3,-479.3591248636367,,0,
118.0,14.0,3,-467.5727612552,-467.512251,1,0.06051025520002895
119.0,14.0,3,-458.6433848596207,,0,
120.0,14.0,3,-450.3284840091219,,0,
121.0,14.0,3,-440.4544688571186,,0,
122.0,14.0,3,-427.0077715977095,,0,
123.0,14.0,3,-408.5750994454138,,0,
124.0,14.0,3,-385.60381067555863,-239.645889,1,145.95792167555862
125.0,14.0,3,-361.47054832358845,,0,
126.0,14.0,3,-333.18615815928206,,0,
127.0,14.0,3,-302.073413249047,,0,
128.0,14.0,3,-271.68740932591027,,0,
129.0,14.0,3,-244.49700678163208,,0,
130.0,14.0,3,-218.78883691504598,-346.803889,1,-128.01505208495405
131.0,14.0,1,-188.35522025241517,,0,
132.0,14.0,1,-153.44297258206643,,0,
133.0,14.0,1,-115.6524727268843,,0,
134.0,14.0,1,-74.14166950515937,,0,
135.0,14.0,1,-24.56659218732966,,0,
136.0,14.0,1,37.80004105952685,-154.090569,1,-191.89061005952684
137.0,14.0,1,113.04506330250297,,0,
138.0,14.0,1,198.9066197553184,,0,
139.0,14.0,1,286.6442440041574,,0,
140.0,14.0,1,366.3125549250981,,0,
141.0,14.0,1,427.6245497232303,,0,
142.0,14.0,1,454.61303851613775,1191.355097,1,736.7420584838621
143.0,14.0,1,420.09183900477365,,0,
144.0,14.0,1,340.3223590730049,,0,
145.0,14.0,1,238.08951833710307,,0,
146.0,14.0,1,132.87742189341225,,0,
147.0,14.0,1,40.05594505078625,,0,
148.0,14.0,1,-28.505648100050166,-399.905485,1,-371.39983689994983
149.0,14.0,1,-69.71680652431678,,0,
150.0,14.0,1,-84.20572207239456,,0,
151.0,14.0,1,-75.59835322998697,,0,
152.0,14.0,1,-49.03761026848224,,0,
153.0,14.0,1,-9.915519894100726,,0,
154.0,14.0,1,36.23949549184181,245.314339,1,209.07484350815818
155.0,14.0,1,82.76414428115822,,0,
156.0,14.0,1,122.63471435639076,,0,
157.0,14.0,1,151.7155861123465,,0,
158.0,14.0,1,165.5192619750742,,0,
159.0,14.0,1,159.32021973654628,,0,
160.0,14.0,1,132.63654051613412,45.62149,1,-87.01505051613412
161.0,14.0,1,92.52141533710528,,0,
162.0,14.0,1,46.52925005974248,,0,
163.0,14.0,1,-0.19194332871120423,,0,
164.0,14.0,1,-44.855262585449964,,0,
165.0,14.0,1,-85.33556900010444,,0,
166.0,14.0,1,-118.08898347290233,-325.237272,1,-207.1482885270977
167.0,14.0,1,-137.15570559096523,,0,
168.0,14.0,2,-147.8774959917646,,0,
169.0,14.0,2,-151.89105635287706,,0,
170.0,14.0,2,-147.57916222000495,,0,
171.0,14.0,2,-133.05877603951376,,0,
172.0,14.0,2,-108.42910404270515,-95.447048,1,12.982056042705153
173.0,14.0,2,-75.45784587902017,,0,
174.0,14.0,2,-36.118535028304905,,0,
175.0,14.0,2,6.490101710893214,,0,
176.0,14.0,2,48.46148818251095,,0,
177.0,14.0,2,85.71757024410181,,0,
178.0,14.0,2,114.64601131947711,127.180657,1,12.534645680522885
179.0,14.0,2,131.9950618275907,,0,
180.0,14.0,2,133.77594793529715,,0,
181.0,14.0,2,120.44034132594243,,0,
182.0,14.0,2,93.64214466628619,,0,
183.0,14.0,2,55.355157368583605,,0,
184.0,14.0,2,10.414971016230993,-19.898715,1,-30.313686016230992
185.0,14.0,2,-28.611054746434093,,0,
186.0,14.0,2,-49.83675991767086,,0,
187.0,14.0,2,-51.185266023967415,,0,
188.0,14.0,2,-33.909228276927024,,0,
189.0,14.0,2,0.34913013596087694,,0,
190.0,14.0,2,48.56598869757727,-313.621293,1,-362.18728169757725
191.0,14.0,2,104.33727343578357,,0,
192.0,14.0,2,160.66950915611233,,0,
193.0,14.0,2,207.21005220152438,,0,
194.0,14.0,2,234.58859364921227,,0,
195.0,14.0,2,239.14742472139187,,0,
196.0,14.0,2,225.59789874218404,-13.240823,1,-238.83872174218405
197.0,14.0,2,204.50330240326002,,0,
198.0,14.0,2,185.96653457032517,,0,
199.0,14.0,2,171.02098864270374,,0,
0.0,15.0,0,181.12858996074647,,0,
1.0,15.0,0,185.13719449518248,,0,
2.0,15.0,0,187.19110942725092,,0,
3.0,15.0,0,183.02528669312596,329.016851,1,145.991564306874
4.0,15.0,0,169.46069312933832,,0,
5.0,15.0,0,151.72732009831816,,0,
6.0,15.0,0,132.7475501971785,,0,
7.0,15.0,0,114.13223574869335,,0,
8.0,15.0,0,96.98156993719749,,0,
9.0,15.0,0,81.74503225879744,-14.257122,1,-96.00215425879743
10.0,15.0,0,67.19535233126953,,0,
11.0,15.0,0,51.8257306041196,,0,
12.0,15.0,0,34.65244544285815,,0,
13.0,15.0,0,14.543574850074947,,0,
14.0,15.0,0,-9.824945606756955,,0,
15.0,15.0,0,-39.9728583219694,-65.804244,1,-25.8313856780306
16.0,15.0,0,-78.3531236066483,,0,
17.0,15.0,0,-126.81062670215033,,0,
18.0,15.0,0,-181.6306619751267,,0,
19.0,15.0,0,-236.0585330631584,,0,
20.0,15.0,0,-283.92815219334443,,0,
21.0,15.0,0,-320.81737379496917,-442.73756,1,-121.9201862050308
22.0,15.0,0,-342.41738957865164,,0,
23.0,15.0,0,-351.536348717229,,0,
24.0,15.0,0,-349.60266611305997,,0,
25.0,15.0,0,-337.3393912933534,,0,
26.0,15.0,0,-315.42833775817417,,0,
27.0,15.0,0,-284.9764059577137,-237.449642,1,47.52676395771371
28.0,15.0,0,-248.33045936154667,,0,
29.0,15.0,0,-208.35571440448985,,0,
30.0,15.0,0,-168.22823427338153,,0,
31.0,15.0,0,-131.42964277078863,,0,
32.0,15.0,0,-101.54285424924456,,0,
33.0,15.0,0,-81.68042044754839,-71.775119,1,9.905301447548382
34.0,15.0,0,-73.14932922343723,,0,
35.0,15.0,0,-76.43522271513939,,0,
36.0,15.0,0,-91.11500551807694,,0,
37.0,15.0,0,-114.05227515799925,,0,
38.0,15.0,0,-140.05348720855545,,0,
39.0,15.0,0,-164.58263155142777,-159.797716,1,4.784915551427758
40.0,15.0,0,-187.55440763139632,,0,
41.0,15.0,0,-209.47054222389124,,0,
42.0,15.0,0,-230.15897176519502,,0,
43.0,15.0,0,-248.50296292221174,,0,
44.0,15.0,0,-261.5587316803867,,0,
45.0,15.0,0,-266.23825461254455,-366.615907,1,-100.37765238745544
46.0,15.0,0,-263.7192097036168,,0,
47.0,15.0,0,-255.54855200479506,,0,
48.0,15.0,0,-242.49598637479357,,0,
49.0,15.0,0,-225.172630217392,,0,
50.0,15.0,0,-204.91321156464983,,0,
51.0,15.0,0,-184.65518177347258,139.82061,1,324.47579177347257
52.0,15.0,0,-169.35205025153118,,0,
53.0,15.0,0,-163.51786785479635,,0,
54.0,15.0,0,-165.6575572398724,,0,
55.0,15.0,0,-173.26457952338387,,0,
56.0,15.0,0,-184.9074804893462,,0,
57.0,15.0,0,-199.57406366837677,-234.624518,1,-35.05045433162323
58.0,15.0,0,-216.03380284074228,,0,
59.0,15.0,0,-233.50132841337472,,0,
60.0,15.0,0,-249.39558639540337,,0,
61.0,15.0,0,-261.2370201717131,,0,
62.0,15.0,0,-267.20651892910246,,0,
63.0,15.0,0,-266.62144353892654,-133.097495,1,133.52394853892653
64.0,15.0,0,-261.0256001318339,,0,
65.0,15.0,0,-245.5144158936455,,0,
66.0,15.0,0,-217.6903741674032,,0,
67.0,15.0,0,-177.00303907878697,,0,
68.0,15.0,0,-124.90452318737516,,0,
69.0,15.0,0,-65.08985666534863,-164.939718,1,-99.84986133465137
70.0,15.0,0,-2.003071756393183,,0,
71.0,15.0,0,59.41201649841969,,0,
72.0,15.0,0,111.87020292994566,,0,
73.0,15.0,3,148.4258103191969,,0,
74.0,15.0,3,164.76665710052475,,0,
75.0,15.0,3,158.99098615907133,424.763723,1,265.7727368409287
76.0,15.0,3,128.4117342196696,,0,
77.0,15.0,3,85.62356537068263,,0,
78.0,15.0,3,39.73913322761655,,0,
79.0,15.0,3,-3.069398730120156,,0,
80.0,15.0,3,-38.19056410895428,,0,
81.0,15.0,3,-61.302326608565636,-183.110743,1,-121.80841639143438
82.0,15.0,3,-67.30668929952662,,0,
83.0,15.0,3,-59.50783886271529,,0,
84.0,15.0,3,-43.756154587332276,,0,
85.0,15.0,3,-26.35679066600278,,0,
86.0,15.0,3,-13.924760330410209,,0,
87.0,15.0,3,-12.40575813772739,329.772554,1,342.1783121377274
88.0,15.0,3,-23.75565690896474,,0,
89.0,15.0,3,-47.430361811915645,,0,
90.0,15.0,3,-75.10149042343255,,0,
91.0,15.0,3,-97.86848878394812,,0,
92.0,15.0,3,-108.86267146278988,,0,
93.0,15.0,3,-103.34685761446599,-286.040443,1,-182.693585385534
94.0,15.0,3,-82.0181516262819,,0,
95.0,15.0,3,-57.18774403684074,,0,
96.0,15.0,3,-38.068299932114314,,0,
97.0,15.0,3,-31.98048858034599,,0,
98.0,15.0,3,-43.670196276623756,,0,
99.0,15.0,3,-74.51083859242499,81.714136,1,156.22497459242499
100.0,15.0,3,-125.70196120208129,,0,
101.0,15.0,3,-190.1225593497511,,0,
102.0,15.0,3,-262.92037141061155,,0,
103.0,15.0,3,-340.0119119549199,,0,
104.0,15.0,3,-416.8471279675141,,0,
105.0,15.0,3,-487.5661655665899,-647.266898,1,-159.70073243341005
106.0,15.0,3,-544.6771869210643,,0,
107.0,15.0,3,-588.9373932703165,,0,
108.0,15.0,3,-619.3076363595319,,0,
109.0,15.0,3,-635.1572185262339,,0,
110.0,15.0,3,-637.0763532044366,,0,
111.0,15.0,3,-626.5157481470087,-712.129319,1,-85.6135708529913
112.0,15.0,3,-604.4375606886169,,0,
113.0,15.0,3,-576.4025913896912,,0,
114.0,15.0,3,-546.8607079627691,,0,
115.0,15.0,3,-519.6240281963255,,0,
116.0,15.0,3,-498.28886338483426,,0,
117.0,15.0,3,-485.05245389894117,-446.268176,1,38.784277898941184
118.0,15.0,3,-478.11649494624,,0,
119.0,15.0,3,-474.51293153638835,,0,
120.0,15.0,3,-471.36270946011064,,0,
121.0,15.0,3,-465.7866957101214,,0,
122.0,15.0,3,-455.0839212468709,,0,
123.0,15.0,3,-437.34025585628115,-437.120512,1,0.21974385628112714
124.0,15.0,3,-412.5582918819273,,0,
125.0,15.0,3,-381.7150235074805,,0,
126.0,15.0,3,-344.1425700477557,,0,
127.0,15.0,3,-301.4174630274647,,0,
128.0,15.0,3,-258.79010587683297,,0,
129.0,15.0,3,-221.35465904843295,-233.578651,1,-12.223991951567058
130.0,15.0,3,-186.61644807469565,,0,
131.0,15.0,1,-150.93620313960128,,0,
132.0,15.0,1,-114.71820027046488,,0,
133.0,15.0,1,-78.82924241339788,,0,
134.0,15.0,1,-41.80458192375954,,0,
135.0,15.0,1,1.2239461218414363,-223.978693,1,-225.20263912184143
136.0,15.0,1,58.81433693852159,,0,
137.0,15.0,1,127.18846412922721,,0,
138.0,15.0,1,203.16334370878758,,0,
139.0,15.0,1,280.5536374922376,,0,
140.0,15.0,1,350.1359484468121,,0,
141.0,15.0,1,400.54643047531135,1062.948701,1,662.4022705246887
142.0,15.0,1,415.9337834791513,,0,
143.0,15.0,1,382.4953663512133,,0,
144.0,15.0,1,308.53743881959235,,0,
145.0,15.0,1,211.40413902275031,,0,
146.0,15.0,1,106.95532149280189,,0,
147.0,15.0,1,9.962108028237708,-253.677784,1,-263.6398920282377
148.0,15.0,1,-61.47038075973978,,0,
149.0,15.0,1,-105.95269456785172,,0,
150.0,15.0,1,-122.50535950728226,,0,
151.0,15.0,1,-112.49110361729981,,0,
152.0,15.0,1,-80.55081278928265,,0,
153.0,15.0,1,-32.88029067707248,280.221248,1,313.1015386770725
154.0,15.0,1,24.83220616565086,,0,
155.0,15.0,1,86.23828314919956,,0,
156.0,15.0,1,144.52500638132915,,0,
157.0,15.0,1,193.43095043709036,,0,
158.0,15.0,1,225.5570273785852,,0,
159.0,15.0,1,233.14681446563918,462.012077,1,228.8652625343608
160.0,15.0,1,214.34443546208786,,0,
161.0,15.0,1,180.53946217591874,,0,
162.0,15.0,1,138.05159932852257,,0,
163.0,15.0,1,90.68475853512064,,0,
164.0,15.0,1,41.55101021064911,,0,
165.0,15.0,1,-6.2314520622603595,-131.060943,1,-124.82949093773965
166.0,15.0,1,-48.447516527958214,,0,
167.0,15.0,2,-81.72875560529064,,0,
168.0,15.0,2,-107.52849865765893,,0,
169.0,15.0,2,-126.47774599003606,,0,
170.0,15.0,2,-136.18058813526295,,0,
171.0,15.0,2,-133.8825619861018,-265.286898,1,-131.40433601389822
172.0,15.0,2,-120.45217896846589,,0,
173.0,15.0,2,-97.56554050324485,,0,
174.0,15.0,2,-66.59678260027431,,0,
175.0,15.0,2,-29.915701571619138,,0,
176.0,15.0,2,8.269736768386792,,0,
177.0,15.0,2,42.74455446458887,140.205052,1,97.46049753541112
178.0,15.0,2,69.21522924653254,,0,
179.0,15.0,2,87.91289421159308,,0,
180.0,15.0,2,96.78762403700966,,0,
181.0,15.0,2,94.01563208526932,,0,
182.0,15.0,2,79.56515972223133,,0,
183.0,15.0,2,55.4657386301551,284.673118,1,229.2073793698449
184.0,15.0,2,23.363710650475696,,0,
185.0,15.0,2,-2.089817697647959,,0,
186.0,15.0,2,-11.085679016076028,,0,
187.0,15.0,2,0.268451132113114,,0,
188.0,15.0,2,31.688153540715575,,0,
189.0,15.0,2,80.61232159938663,-85.697352,1,-166.30967359938663
190.0,15.0,2,145.0928053748794,,0,
191.0,15.0,2,214.30670337332413,,0,
192.0,15.0,2,279.3567808865919,,0,
193.0,15.0,2,331.1532886037603,,0,
194.0,15.0,2,359.379767319886,,0,
195.0,15.0,2,357.6766152502969,640.343026,1,282.6664107497031
196.0,15.0,2,334.59589412331115,,0,
197.0,15.0,2,302.015158994589,,0,
198.0,15.0,2,268.3761531622149,,0,
199.0,15.0,2,237.45246216724627,,0,
0.0,16.0,0,170.3744431710802,,0,
1.0,16.0,0,173.714352352079,,0,
2.0,16.0,0,173.39415430789813,310.002934,1,136.60877969210185
3.0,16.0,0,163.0828809570521,,0,
4.0,16.0,0,144.21711661783047,,0,
5.0,16.0,0,120.60420296620578,,0,
6.0,16.0,0,96.11156684998423,,0,
7.0,16.0,0,73.27824940055143,,0,
8.0,16.0,0,53.15216059517115,-2.621592,1,-55.77375259517115
9.0,16.0,0,36.56934858090244,,0,
10.0,16.0,0,21.300053393933922,,0,
11.0,16.0,0,5.873880770988762,,0,
12.0,16.0,0,-10.972355367790442,,0,
13.0,16.0,0,-30.87544913124293,,0,
14.0,16.0,0,-55.63929039146751,-62.821363,1,-7.182072608532486
15.0,16.0,0,-86.79304400127148,,0,
16.0,16.0,0,-125.74320455803536,,0,
17.0,16.0,0,-172.19181547674816,,0,
18.0,16.0,0,-222.8310200786218,,0,
19.0,16.0,0,-271.7527497597039,,0,
20.0,16.0,0,-312.825814855285,-495.195966,1,-182.370151144715
21.0,16.0,0,-343.13294856855646,,0,
22.0,16.0,0,-360.8960699280724,,0,
23.0,16.0,0,-366.8856017033104,,0,
24.0,16.0,0,-362.0625694184564,,0,
25.0,16.0,0,-346.92611966945697,,0,
26.0,16.0,0,-322.169610905461,-357.531759,1,-35.36214809453901
27.0,16.0,0,-288.546522280667,,0,
28.0,16.0,0,-249.18831552925985,,0,
29.0,16.0,0,-207.39453880977817,,0,
30.0,16.0,0,-166.85867736069486,,0,
31.0,16.0,0,-131.26148033427307,,0,
32.0,16.0,0,-103.92926446860656,-24.507013,1,79.42225146860656
33.0,16.0,0,-88.75325675192289,,0,
34.0,16.0,0,-85.23033078783192,,0,
35.0,16.0,0,-93.20800748514012,,0,
36.0,16.0,0,-111.82480494806077,,0,
37.0,16.0,0,-138.55983997066505,,0,
38.0,16.0,0,-168.8235731832683,-326.565664,1,-157.74209081673172
39.0,16.0,0,-195.8631810749066,,0,
40.0,16.0,0,-221.62699285382405,,0,
41.0,16.0,0,-246.06885132123716,,0,
42.0,16.0,0,-268.0934624922229,,0,
43.0,16.0,0,-286.3947545508854,,0,
44.0,16.0,0,-298.57182997185737,-485.933811,1,-187.36198102814262
45.0,16.0,0,-299.588479755912,,0,
46.0,16.0,0,-294.1113716509426,,0,
47.0,16.0,0,-284.051702330471,,0,
48.0,16.0,0,-269.7410083056893,,0,
49.0,16.0,0,-251.3950603918638,,0,
50.0,16.0,0,-230.58301597228274,-92.687933,1,137.89508297228275
51.0,16.0,0,-211.20898039033636,,0,
52.0,16.0,0,-197.62619329243898,,0,
53.0,16.0,0,-192.5544486513827,,0,
54.0,16.0,0,-195.676105722785,,0,
55.0,16.0,0,-205.09071627701633,,0,
56.0,16.0,0,-219.19314857909922,-157.064434,1,62.12871457909921
57.0,16.0,0,-237.52621308842208,,0,
58.0,16.0,0,-256.8896063863067,,0,
59.0,16.0,0,-275.1742807892151,,0,
60.0,16.0,0,-290.40013551386073,,0,
61.0,16.0,0,-300.77849747170694,,0,
62.0,16.0,0,-305.0118687249487,-262.073733,1,42.93813572494872
63.0,16.0,0,-302.51020620239433,,0,
64.0,16.0,0,-292.61256181262434,,0,
65.0,16.0,0,-272.097990518203,,0,
66.0,16.0,0,-238.54773978632875,,0,
67.0,16.0,0,-191.3851096702274,,0,
68.0,16.0,0,-132.09672815230442,-302.193706,1,-170.0969778476956
69.0,16.0,0,-65.97559499065392,,0,
70.0,16.0,0,1.023793107131496,,0,
71.0,16.0,0,63.256070261471905,,0,
72.0,16.0,0,114.64558803738328,,0,
73.0,16.0,3,148.37803450261708,,0,
74.0,16.0,3,159.0439182613627,529.686704,1,370.64278573863726
75.0,16.0,3,147.26711182808504,,0,
76.0,16.0,3,115.95543345223996,,0,
77.0,16.0,3,73.7959930562647,,0,
78.0,16.0,3,29.771245962649118,,0,
79.0,16.0,3,-9.65330845239805,,0,
80.0,16.0,3,-40.141879344475456,-69.379117,1,-29.237237655524538
81.0,16.0,3,-58.02162071224302,,0,
82.0,16.0,3,-60.80716320872307,,0,
83.0,16.0,3,-50.79513452714309,,0,
84.0,16.0,3,-33.1781699101557,,0,
85.0,16.0,3,-13.819323242874816,,0,
86.0,16.0,3,0.925335539970547,197.137169,1,196.21183346002945
87.0,16.0,3,2.6397837073891424,,0,
88.0,16.0,3,-6.197006532223895,,0,
89.0,16.0,3,-23.4002285777824,,0,
90.0,16.0,3,-44.2015475158114,,0,
91.0,16.0,3,-62.4085930052679,,0,
92.0,16.0,3,-71.29262030351674,-312.670689,1,-241.37806869648324
93.0,16.0,3,-62.0298198054079,,0,
94.0,16.0,3,-41.035825806553476,,0,
95.0,16.0,3,-17.33494424482342,,0,
96.0,16.0,3,0.4676618925877847,,0,
97.0,16.0,3,3.8252508431323804,,0,
98.0,16.0,3,-14.001610680192243,317.522277,1,331.5238876801922
99.0,16.0,3,-51.44480879837647,,0,
100.0,16.0,3,-105.27578142195125,,0,
101.0,16.0,3,-170.26934594812337,,0,
102.0,16.0,3,-241.75903941504657,,0,
103.0,16.0,3,-316.33068705370533,,0,
104.0,16.0,3,-390.2822953891882,-429.410116,1,-39.127820610811796
105.0,16.0,3,-458.0824591633864,,0,
106.0,16.0,3,-515.9612471356522,,0,
107.0,16.0,3,-562.886271027266,,0,
108.0,16.0,3,-597.678498991736,,0,
109.0,16.0,3,-618.198850470013,,0,
110.0,16.0,3,-623.1858338874299,-748.841466,1,-125.65563211257006
111.0,16.0,3,-614.8326265186624,,0,
112.0,16.0,3,-595.9660356044478,,0,
113.0,16.0,3,-570.7670839847997,,0,
114.0,16.0,3,-543.5299766391399,,0,
115.0,16.0,3,-518.2683935540263,,0,
116.0,16.0,3,-499.19765653126524,-380.6378,1,118.55985653126521
117.0,16.0,3,-490.80942206212785,,0,
118.0,16.0,3,-489.63585237337975,,0,
119.0,16.0,3,-492.3785132622288,,0,
120.0,16.0,3,-495.66398484843376,,0,
121.0,16.0,3,-495.90280036022887,,0,
122.0,16.0,3,-489.66474713472417,-500.580681,1,-10.91593386527586
123.0,16.0,3,-474.134086258593,,0,
124.0,16.0,3,-448.1627173253801,,0,
125.0,16.0,3,-411.2547536443453,,0,
126.0,16.0,3,-363.6281415844569,,0,
127.0,16.0,3,-307.7298355892417,,0,
128.0,16.0,3,-249.6959823523357,24.135069,1,273.8310513523357
129.0,16.0,3,-199.7797422753647,,0,
130.0,16.0,3,-153.4031182298786,,0,
131.0,16.0,1,-109.85950215585763,,0,
132.0,16.0,1,-70.6720167127205,,0,
133.0,16.0,1,-35.97816900070757,,0,
134.0,16.0,1,-2.8234363277442753,-358.2969,1,-355.4734636722557
135.0,16.0,1,34.32236388779711,,0,
136.0,16.0,1,80.62934496323578,,0,
137.0,16.0,1,135.53508760686964,,0,
138.0,16.0,1,196.6258531808271,,0,
139.0,16.0,1,258.85910817142576,,0,
140.0,16.0,1,312.82465317938477,684.537375,1,371.71272182061523
141.0,16.0,1,347.81459310802165,,0,
142.0,16.0,1,352.34046207461506,,0,
143.0,16.0,1,319.11397313675843,,0,
144.0,16.0,1,251.87582586305507,,0,
145.0,16.0,1,162.3806532388553,,0,
146.0,16.0,1,63.91427693096921,192.711505,1,128.79722806903078
147.0,16.0,1,-31.492440976086073,,0,
148.0,16.0,1,-107.19607798551442,,0,
149.0,16.0,1,-156.24472956266254,,0,
150.0,16.0,1,-175.2890598931117,,0,
151.0,16.0,1,-163.915953803109,,0,
152.0,16.0,1,-126.95239293616032,-71.960354,1,54.99203893616033
153.0,16.0,1,-72.09333311137743,,0,
154.0,16.0,1,-4.184214719571173,,0,
155.0,16.0,1,70.61320281785447,,0,
156.0,16.0,1,144.71715060964925,,0,
157.0,16.0,1,210.40606653760187,,0,
158.0,16.0,1,259.1462299625855,618.416238,1,359.2700080374145
159.0,16.0,1,277.6290698861703,,0,
160.0,16.0,1,272.42386690631974,,0,
161.0,16.0,1,250.50408736732788,,0,
162.0,16.0,1,216.05955281003844,,0,
163.0,16.0,1,171.860266937525,,0,
164.0,16.0,1,121.91069136571605,144.530281,1,22.619589634283955
165.0,16.0,1,70.23682183469646,,0,
166.0,16.0,1,20.977979517541826,,0,
167.0,16.0,2,-23.832396960584447,,0,
168.0,16.0,2,-63.94678109503002,,0,
169.0,16.0,2,-98.28112042276189,,0,
170.0,16.0,2,-123.45867635053582,-261.206458,1,-137.74778164946417
171.0,16.0,2,-134.5318841561675,,0,
172.0,16.0,2,-134.2835216219537,,0,
173.0,16.0,2,-123.88111995579675,,0,
174.0,16.0,2,-103.75308171077631,,0,
175.0,16.0,2,-75.5184599008644,,0,
176.0,16.0,2,-43.775157046853565,66.314358,1,110.08951504685356
177.0,16.0,2,-15.551513482350856,,0,
178.0,16.0,2,8.875663878861815,,0,
179.0,16.0,2,30.06355479208287,,0,
180.0,16.0,2,46.81738806597423,,0,
181.0,16.0,2,55.16009051166475,,0,
182.0,16.0,2,51.55107051599771,329.146401,1,277.5953304840023
183.0,16.0,2,39.07839893666096,,0,
184.0,16.0,2,23.33728710358264,,0,
185.0,16.0,2,14.36285542929545,,0,
186.0,16.0,2,20.91166776814498,,0,
187.0,16.0,2,48.255448983516544,,0,
188.0,16.0,2,98.0211824325379,6.176874,1,-91.8443084325379
189.0,16.0,2,165.82839552708901,,0,
190.0,16.0,2,245.1268558385782,,0,
191.0,16.0,2,325.8209912121529,,0,
192.0,16.0,2,398.0554411695921,,0,
193.0,16.0,2,453.5924767993856,,0,
194.0,16.0,2,483.08821966312826,973.580845,1,490.4926253368717
195.0,16.0,2,473.50587659468874,,0,
196.0,16.0,2,440.96446294523776,,0,
197.0,16.0,2,396.9263765672222,,0,
198.0,16.0,2,349.15886139078066,,0,
199.0,16.0,2,303.0768507831963,,0,
0.0,17.0,0,151.89961098250933,,0,
1.0,17.0,0,152.69273345568217,283.270362,1,130.5776285443178
2.0,17.0,0,148.24180174060166,,0,
3.0,17.0,0,134.85503937024623,,0,
4.0,17.0,0,112.89115110968123,,0,
5.0,17.0,0,85.41638863924891,,0,
6.0,17.0,0,57.04982038936578,,0,
7.0,17.0,0,32.04741086612921,-146.866818,1,-178.9142288661292
8.0,17.0,0,10.803660870762542,,0,
9.0,17.0,0,-7.245999990263954,,0,
10.0,17.0,0,-23.391966534778476,,0,
11.0,17.0,0,-38.7875196589157,,0,
12.0,17.0,0,-54.77564918354619,,0,
13.0,17.0,0,-73.73173916107044,-91.889537,1,-18.157797838929568
14.0,17.0,0,-98.13261280185543,,0,
15.0,17.0,0,-129.51250521687325,,0,
16.0,17.0,0,-168.07073808461428,,0,
17.0,17.0,0,-212.12615774868755,,0,
18.0,17.0,0,-258.3686533307191,,0,
19.0,17.0,0,-302.080922733061,-449.38357,1,-147.302647266939
20.0,17.0,0,-336.14302899700124,,0,
21.0,17.0,0,-360.9307333212346,,0,
22.0,17.0,0,-375.6032804760616,,0,
23.0,17.0,0,-379.82886447699275,,0,
24.0,17.0,0,-373.52451279293746,,0,
25.0,17.0,0,-356.5018577037845,-453.678175,1,-97.17631729621553
26.0,17.0,0,-329.6879877606407,,0,
27.0,17.0,0,-294.58160598389804,,0,
28.0,17.0,0,-253.88043019897304,,0,
29.0,17.0,0,-211.13593786442652,,0,
30.0,17.0,0,-170.81593703385442,,0,
31.0,17.0,0,-137.47825459967135,63.109971,1,200.58822559967135
32.0,17.0,0,-113.59329542669002,,0,
33.0,17.0,0,-101.12123111821711,,0,
34.0,17.0,0,-100.39138074289076,,0,
35.0,17.0,0,-110.99050521384925,,0,
36.0,17.0,0,-131.71636762219714,,0,
37.0,17.0,0,-159.98488827049732,-317.178099,1,-157.19321072950265
38.0,17.0,0,-191.58582725189626,,0,
39.0,17.0,0,-222.30683920753654,,0,
40.0,17.0,0,-251.4166258214973,,0,
41.0,17.0,0,-278.0535169939976,,0,
42.0,17.0,0,-300.2859688887838,,0,
43.0,17.0,0,-316.50962553778663,-477.767068,1,-161.25744246221336
44.0,17.0,0,-325.539190303185,,0,
45.0,17.0,0,-326.1135235133115,,0,
46.0,17.0,0,-320.56541581079364,,0,
47.0,17.0,0,-310.98446610500105,,0,
48.0,17.0,0,-297.5615713085281,,0,
49.0,17.0,0,-279.96941194165265,-334.537333,1,-54.56792105834734
50.0,17.0,0,-259.82984094298445,,0,
51.0,17.0,0,-242.28369922935963,,0,
52.0,17.0,0,-231.13124276092276,,0,
53.0,17.0,0,-228.44277619896457,,0,
54.0,17.0,0,-234.2157681476092,,0,
55.0,17.0,0,-247.01294079312356,-200.484025,1,46.52891579312356
56.0,17.0,0,-265.12446363968775,,0,
57.0,17.0,0,-286.5615369505249,,0,
58.0,17.0,0,-308.03956597531214,,0,
59.0,17.0,0,-326.74137467704713,,0,
60.0,17.0,0,-340.99264479376143,,0,
61.0,17.0,0,-349.7972980688792,-342.463105,1,7.334193068879188
62.0,17.0,0,-352.4193511084886,,0,
63.0,17.0,0,-347.6043581054546,,0,
64.0,17.0,0,-333.40349367971066,,0,
65.0,17.0,0,-306.92853960511275,,0,
66.0,17.0,0,-266.3324796013767,,0,
67.0,17.0,0,-211.91208861907944,-327.233215,1,-115.32112638092053
68.0,17.0,0,-144.52634061596473,,0,
69.0,17.0,0,-72.24906986765563,,0,
70.0,17.0,0,-2.1501578360330313,,0,
71.0,17.0,0,59.760044425260276,,0,
72.0,17.0,0,108.46426265768241,,0,
73.0,17.0,3,138.53243222186575,396.737905,1,258.20547277813426
74.0,17.0,3,141.971628945088,,0,
75.0,17.0,3,125.29110368853435,,0,
76.0,17.0,3,93.56826912175165,,0,
77.0,17.0,3,53.294658694183454,,0,
78.0,17.0,3,12.301632907241583,,0,
79.0,17.0,3,-22.546760810975684,44.849656,1,67.3964168109757
80.0,17.0,3,-47.92965134320548,,0,
81.0,17.0,3,-61.45550221923622,,0,
82.0,17.0,3,-61.716717566596344,,0,
83.0,17.0,3,-50.221688526682556,,0,
84.0,17.0,3,-31.71600309049245,,0,
85.0,17.0,3,-12.454746221425012,35.103223,1,47.55796922142501
86.0,17.0,3,2.405532089760527,,0,
87.0,17.0,3,8.400993885181379,,0,
88.0,17.0,3,5.820276638027281,,0,
89.0,17.0,3,-3.1351144874934107,,0,
90.0,17.0,3,-15.040552635851782,,0,
91.0,17.0,3,-25.10150888271164,-188.548467,1,-163.44695811728835
92.0,17.0,3,-27.582557049492607,,0,
93.0,17.0,3,-18.108856710139662,,0,
94.0,17.0,3,-0.1688746425206773,,0,
95.0,17.0,3,19.109973757935222,,0,
96.0,17.0,3,32.510618210508255,,0,
97.0,17.0,3,32.153576409909874,376.78162,1,344.6280435900901
98.0,17.0,3,6.866883133305237,,0,
99.0,17.0,3,-35.36793981236406,,0,
100.0,17.0,3,-89.77485273266211,,0,
101.0,17.0,3,-152.1469261678867,,0,
102.0,17.0,3,-218.70169742719736,,0,
103.0,17.0,3,-287.09941650721885,-418.622973,1,-131.52355649278115
104.0,17.0,3,-355.0252869525575,,0,
105.0,17.0,3,-419.303859916472,,0,
106.0,17.0,3,-477.3196856135619,,0,
107.0,17.0,3,-527.1441303041065,,0,
108.0,17.0,3,-566.492394006651,,0,
109.0,17.0,3,-592.1082130655413,-737.020382,1,-144.9121689344587
110.0,17.0,3,-600.2119783987291,,0,
111.0,17.0,3,-595.4045749739817,,0,
112.0,17.0,3,-580.9536352370924,,0,
113.0,17.0,3,-560.0865421071067,,0,
114.0,17.0,3,-536.6069535254501,,0,
115.0,17.0,3,-515.096024159342,-466.993764,1,48.10226015934205
116.0,17.0,3,-500.66422389500076,,0,
117.0,17.0,3,-496.61975781293586,,0,
118.0,17.0,3,-501.3719491994707,,0,
119.0,17.0,3,-511.29659473306674,,0,
120.0,17.0,3,-522.2031702914974,,0,
121.0,17.0,3,-529.5180351414601,-564.757634,1,-35.23959885853992
122.0,17.0,3,-528.9130395724787,,0,
123.0,17.0,3,-516.8742636784445,,0,
124.0,17.0,3,-490.96307794898166,,0,
125.0,17.0,3,-449.6400025644107,,0,
126.0,17.0,3,-393.3941256275866,,0,
127.0,17.0,3,-326.3096159924753,225.64141,1,551.9510259924753
128.0,17.0,3,-255.72349255729932,,0,
129.0,17.0,3,-188.823703423579,,0,
130.0,17.0,3,-126.96330290602054,,0,
131.0,17.0,1,-72.26229507609969,,0,
132.0,17.0,1,-27.99642194341868,,0,
133.0,17.0,1,6.300902874208987,-243.852548,1,-250.153450874209
134.0,17.0,1,35.8638504788978,,0,
135.0,17.0,1,65.90237804315984,,0,
136.0,17.0,1,99.54845552920597,,0,
137.0,17.0,1,137.55397600348806,,0,
138.0,17.0,1,180.23155064688763,,0,
139.0,17.0,1,225.5787115729181,305.572843,1,79.99413142708187
140.0,17.0,1,262.6563238382805,,0,
141.0,17.0,1,283.010469937115,,0,
142.0,17.0,1,278.58841347903945,,0,
143.0,17.0,1,244.23614093870856,,0,
144.0,17.0,1,181.34428012557328,,0,
145.0,17.0,1,98.02333421155345,551.451471,1,453.4281367884465
146.0,17.0,1,5.030810693395324,,0,
147.0,17.0,1,-86.3174612512812,,0,
148.0,17.0,1,-163.5278367913561,,0,
149.0,17.0,1,-216.98854117363226,,0,
150.0,17.0,1,-239.176132989116,,0,
151.0,17.0,1,-226.52206338435644,-547.992295,1,-321.47023161564357
152.0,17.0,1,-186.03101000122842,,0,
153.0,17.0,1,-125.53239533689339,,0,
154.0,17.0,1,-49.70854787621647,,0,
155.0,17.0,1,35.93839083460625,,0,
156.0,17.0,1,122.36395215720404,,0,
157.0,17.0,1,198.8742842944339,619.15592,1,420.28163570556615
158.0,17.0,1,257.64556456077844,,0,
159.0,17.0,1,292.18311652127886,,0,
160.0,17.0,1,304.56015572708566,,0,
161.0,17.0,1,299.03112746577244,,0,
162.0,17.0,1,276.9154455397511,,0,
163.0,17.0,1,238.687080422882,493.548427,1,254.861346577118
164.0,17.0,1,190.6037644627504,,0,
165.0,17.0,1,138.54730538185686,,0,
166.0,17.0,1,85.83893135981634,,0,
167.0,17.0,2,33.49707874818705,,0,
168.0,17.0,2,-17.916453565689153,,0,
169.0,17.0,2,-65.46505846758373,-95.771786,1,-30.306727532416275
170.0,17.0,2,-103.93139992770739,,0,
171.0,17.0,2,-130.3016007936094,,0,
172.0,17.0,2,-145.01365736452863,,0,
173.0,17.0,2,-148.98258491395973,,0,
174.0,17.0,2,-141.9640423632227,,0,
175.0,17.0,2,-124.4558901549317,-285.423732,1,-160.96784184506828
176.0,17.0,2,-102.40383403253509,,0,
177.0,17.0,2,-81.00955316075124,,0,
178.0,17.0,2,-60.04067558166571,,0,
179.0,17.0,2,-37.511374674970284,,0,
180.0,17.0,2,-13.842373958788812,,0,
181.0,17.0,2,5.586489174515009,281.601362,1,276.014872825485
182.0,17.0,2,11.48762492928654,,0,
183.0,17.0,2,11.26512203598395,,0,
184.0,17.0,2,11.647001944249496,,0,
185.0,17.0,2,20.422292427625507,,0,
186.0,17.0,2,44.80672645778395,,0,
187.0,17.0,2,89.83866069442593,-107.341926,1,-197.18058669442593
188.0,17.0,2,159.90762603993062,,0,
189.0,17.0,2,246.41479104105383,,0,
190.0,17.0,2,340.38112865481526,,0,
191.0,17.0,2,430.8974724316504,,0,
192.0,17.0,2,507.17783539247466,,0,
193.0,17.0,2,561.1477022094186,1212.618859,1,651.4711567905813
194.0,17.0,2,584.8077159360982,,0,
195.0,17.0,2,573.1643777193967,,0,
196.0,17.0,2,535.0685004191473,,0,
197.0,17.0,2,481.74675184488297,,0,
198.0,17.0,2,421.75297055905685,,0,
199.0,17.0,2,362.0811922651483,294.880268,1,-67.20092426514827
0.0,18.0,0,126.37820715270936,198.485958,1,72.10775084729065
1.0,18.0,0,124.37415659660473,,0,
2.0,18.0,0,117.05347080947831,,0,
3.0,18.0,0,102.05235562846065,,0,
4.0,18.0,0,78.80244055530056,,0,
5.0,18.0,0,49.19208126934245,,0,
6.0,18.0,0,18.084510744549334,-133.073325,1,-151.15783574454935
7.0,18.0,0,-7.369549948605709,,0,
8.0,18.0,0,-28.970628584036604,,0,
9.0,18.0,0,-47.63775991270086,,0,
10.0,18.0,0,-64.14151198929176,,0,
11.0,18.0,0,-78.90478075295687,,0,
12.0,18.0,0,-92.69421376171522,-176.659517,1,-83.96530323828478
13.0,18.0,0,-109.24750805553049,,0,
14.0,18.0,0,-132.0066471202299,,0,
15.0,18.0,0,-162.44738488120493,,0,
16.0,18.0,0,-199.83979902858846,,0,
17.0,18.0,0,-241.03226778877433,,0,
18.0,18.0,0,-281.8451996643562,-487.684804,1,-205.8396043356438
19.0,18.0,0,-319.3316704942845,,0,
20.0,18.0,0,-349.88869671919383,,0,
21.0,18.0,0,-372.14641223847866,,0,
22.0,18.0,0,-385.3257477534935,,0,
23.0,18.0,0,-388.95573832449736,,0,
24.0,18.0,0,-382.68436572910286,-437.304631,1,-54.62026527089711
25.0,18.0,0,-365.13665033201687,,0,
26.0,18.0,0,-337.99856191221625,,0,
27.0,18.0,0,-302.92837307835,,0,
28.0,18.0,0,-262.36430825822754,,0,
29.0,18.0,0,-219.86424273834564,,0,
30.0,18.0,0,-180.2043605875224,-74.801839,1,105.40252158752239
31.0,18.0,0,-149.55368447687943,,0,
32.0,18.0,0,-128.21121909818612,,0,
33.0,18.0,0,-117.26760839682538,,0,
34.0,18.0,0,-117.5414264285937,,0,
35.0,18.0,0,-128.95099385641515,,0,
36.0,18.0,0,-150.0932145488914,-199.370087,1,-49.2768724511086
37.0,18.0,0,-178.27551455097273,,0,
38.0,18.0,0,-210.2216500302311,,0,
39.0,18.0,0,-243.02728568029124,,0,
40.0,18.0,0,-274.7541287631029,,0,
41.0,18.0,0,-302.93545056699077,,0,
42.0,18.0,0,-324.38978092977777,-385.89065,1,-61.50086907022222
43.0,18.0,0,-337.63615514012054,,0,
44.0,18.0,0,-344.24670136848,,0,
45.0,18.0,0,-344.7090627597645,,0,
46.0,18.0,0,-340.2668627711246,,0,
47.0,18.0,0,-332.31416829215595,,0,
48.0,18.0,0,-321.0044939033687,-424.702739,1,-103.6982450966313
49.0,18.0,0,-304.56540959258564,,0,
50.0,18.0,0,-286.9944344355026,,0,
51.0,18.0,0,-272.51263018045574,,0,
52.0,18.0,0,-264.6977165514836,,0,
53.0,18.0,0,-265.66044809948653,,0,
54.0,18.0,0,-275.5117571633309,-277.798044,1,-2.286286836669092
55.0,18.0,0,-292.85434881725814,,0,
56.0,18.0,0,-315.5937678460614,,0,
57.0,18.0,0,-340.72178222681396,,0,
58.0,18.0,0,-364.2739582864451,,0,
59.0,18.0,0,-382.9831664170488,,0,
60.0,18.0,0,-395.8438480934128,-458.683746,1,-62.83989790658717
61.0,18.0,0,-402.84267613699194,,0,
62.0,18.0,0,-403.4999943773728,,0,
63.0,18.0,0,-396.28176303350483,,0,
64.0,18.0,0,-378.43111338990275,,0,
65.0,18.0,0,-346.2498317033751,,0,
66.0,18.0,0,-297.502244256204,-424.344608,1,-126.842363743796
67.0,18.0,0,-234.38219062332064,,0,
68.0,18.0,0,-160.82944205161766,,0,
69.0,18.0,0,-84.04511114559136,,0,
70.0,18.0,0,-12.392064235173166,,0,
71.0,18.0,0,46.957114989170805,,0,
72.0,18.0,0,89.54762728395872,103.614483,1,14.066855716041289
73.0,18.0,3,112.11826448224019,,0,
74.0,18.0,3,112.29235317147686,,0,
75.0,18.0,3,94.17032908805413,,0,
76.0,18.0,3,63.51584877970163,,0,
77.0,18.0,3,26.07338119961787,,0,
78.0,18.0,3,-11.544333551544696,-127.999721,1,-116.4553874484553
79.0,18.0,3,-41.52033763244981,,0,
80.0,18.0,3,-62.82672820298467,,0,
81.0,18.0,3,-73.61433840537211,,0,
82.0,18.0,3,-72.46435287458007,,0,
83.0,18.0,3,-60.12393231934402,,0,
84.0,18.0,3,-40.70057022140827,72.487633,1,113.18820322140827
85.0,18.0,3,-21.550722010084428,,0,
86.0,18.0,3,-4.697861128952354,,0,
87.0,18.0,3,7.204666090983665,,0,
88.0,18.0,3,13.16774564771913,,0,
89.0,18.0,3,14.000527461874299,,0,
90.0,18.0,3,11.896006623224821,-6.081626,1,-17.97763262322482
91.0,18.0,3,10.48480775571079,,0,
92.0,18.0,3,13.1028103143326,,0,
93.0,18.0,3,21.87122955173254,,0,
94.0,18.0,3,35.079055162728764,,0,
95.0,18.0,3,47.37513390532695,,0,
96.0,18.0,3,51.96907056483906,308.126107,1,256.15703643516093
97.0,18.0,3,42.92904682579683,,0,
98.0,18.0,3,15.601403685548576,,0,
99.0,18.0,3,-26.51293736998923,,0,
100.0,18.0,3,-78.41200395283522,,0,
101.0,18.0,3,-135.56520984997042,,0,
102.0,18.0,3,-194.10526211757679,-452.787145,1,-258.6818828824232
103.0,18.0,3,-253.71559524931945,,0,
104.0,18.0,3,-314.14776596659794,,0,
105.0,18.0,3,-373.97177312977146,,0,
106.0,18.0,3,-431.129895300066,,0,
107.0,18.0,3,-482.90708557414473,,0,
108.0,18.0,3,-525.6857949485711,-570.347906,1,-44.66211105142884
109.0,18.0,3,-554.6522594468552,,0,
110.0,18.0,3,-568.3497737068683,,0,
111.0,18.0,3,-569.119176892942,,0,
112.0,18.0,3,-560.2177927535959,,0,
113.0,18.0,3,-544.5122131790849,,0,
114.0,18.0,3,-525.3078203300247,-541.286125,1,-15.978304669975273
115.0,18.0,3,-508.0167075829522,,0,
116.0,18.0,3,-498.57836851346656,,0,
117.0,18.0,3,-500.1029573009582,,0,
118.0,18.0,3,-511.7867429412436,,0,
119.0,18.0,3,-529.9617222392117,,0,
120.0,18.0,3,-549.6419075638987,-554.91063,1,-5.268722436101257
121.0,18.0,3,-564.9778463328839,,0,
122.0,18.0,3,-570.7600390986336,,0,
123.0,18.0,3,-562.9691789139324,,0,
124.0,18.0,3,-538.4539806029643,,0,
125.0,18.0,3,-494.54524893226335,,0,
126.0,18.0,3,-431.15123862889595,-294.827303,1,136.32393562889598
127.0,18.0,3,-354.5805962837185,,0,
128.0,18.0,3,-272.3502197555499,,0,
129.0,18.0,3,-190.21994108671788,,0,
130.0,18.0,3,-112.2563179723511,,0,
131.0,18.0,1,-44.70733595997444,,0,
132.0,18.0,1,5.397464921756182,124.298735,1,118.90127007824381
133.0,18.0,1,39.810997769003734,,0,
134.0,18.0,1,67.15178709389875,,0,
135.0,18.0,1,91.30630270915572,,0,
136.0,18.0,1,113.81273615709506,,0,
137.0,18.0,1,135.52769744663965,,0,
138.0,18.0,1,158.240039258264,-115.683921,1,-273.923960258264
139.0,18.0,1,185.86862600475433,,0,
140.0,18.0,1,206.73350575112272,,0,
141.0,18.0,1,213.79467479488812,,0,
142.0,18.0,1,201.76007165713236,,0,
143.0,18.0,1,165.86858073802432,,0,
144.0,18.0,1,105.01623547740746,621.700622,1,516.6843865225925
145.0,18.0,1,26.036120333475992,,0,
146.0,18.0,1,-61.66792560578324,,0,
147.0,18.0,1,-148.55632979347138,,0,
148.0,18.0,1,-224.72869216871914,,0,
149.0,18.0,1,-280.30899456865154,,0,
150.0,18.0,1,-305.4205056997016,-671.204306,1,-365.78380030029837
151.0,18.0,1,-291.12485997588374,,0,
152.0,18.0,1,-249.77736572548747,,0,
153.0,18.0,1,-187.9969951400999,,0,
154.0,18.0,1,-108.67738173133694,,0,
155.0,18.0,1,-16.010457360869623,,0,
156.0,18.0,1,79.9720410007285,300.570117,1,220.5980759992715
157.0,18.0,1,164.02018007275183,,0,
158.0,18.0,1,232.86889877100475,,0,
159.0,18.0,1,282.7763658281183,,0,
160.0,18.0,1,312.92461596033536,,0,
161.0,18.0,1,324.5489537892863,,0,
162.0,18.0,1,317.3680579593638,610.623912,1,293.2558540406362
163.0,18.0,1,286.9684286133124,,0,
164.0,18.0,1,244.1880339467898,,0,
165.0,18.0,1,195.37999010970816,,0,
166.0,18.0,1,143.4269681989681,,0,
167.0,18.0,2,88.08875896676909,,0,
168.0,18.0,2,28.754633293952793,322.37079,1,293.6161567060472
169.0,18.0,2,-29.096073957160115,,0,
170.0,18.0,2,-79.50559147913009,,0,
171.0,18.0,2,-119.46116292831721,,0,
172.0,18.0,2,-148.06020711059682,,0,
173.0,18.0,2,-165.56450633890927,,0,
174.0,18.0,2,-172.22027757996693,-391.52475,1,-219.30447242003305
175.0,18.0,2,-165.79232832882553,,0,
176.0,18.0,2,-154.92998081818223,,0,
177.0,18.0,2,-143.13383858185261,,0,
178.0,18.0,2,-128.83928771759383,,0,
179.0,18.0,2,-108.24227243842324,,0,
180.0,18.0,2,-80.90081109991297,-11.745483,1,69.15532809991296
181.0,18.0,2,-54.959436796372756,,0,
182.0,18.0,2,-37.1214548361022,,0,
183.0,18.0,2,-23.893255452625453,,0,
184.0,18.0,2,-8.288520170142874,,0,
185.0,18.0,2,17.549646485364065,,0,
186.0,18.0,2,61.013964370358735,-88.243953,1,-149.25791737035874
187.0,18.0,2,125.85657635726966,,0,
188.0,18.0,2,212.62154197879136,,0,
189.0,18.0,2,314.8685436155647,,0,
190.0,18.0,2,422.51162605709396,,0,
191.0,18.0,2,522.3375546416501,,0,
192.0,18.0,2,600.6801683516242,1259.565455,1,658.8852866483758
193.0,18.0,2,651.4533757604659,,0,
194.0,18.0,2,670.154895859072,,0,
195.0,18.0,2,655.2770342404401,,0,
196.0,18.0,2,612.647000861587,,0,
197.0,18.0,2,551.7000711227302,,0,
198.0,18.0,2,481.5350536624901,532.358155,1,50.82310133750991
199.0,18.0,2,410.96957323048264,,0,
0.0,19.0,0,95.05260198097676,,0,
1.0,19.0,0,90.80608130968176,,0,
2.0,19.0,0,81.88702291448135,,0,
3.0,19.0,0,66.64063406083733,,0,
4.0,19.0,0,43.84073704248294,,0,
5.0,19.0,0,14.189363904297352,-42.262399,1,-56.451762904297354
6.0,19.0,0,-16.6667884811759,,0,
7.0,19.0,0,-43.23126791534014,,0,
8.0,19.0,0,-65.03633859474212,,0,
9.0,19.0,0,-83.05343085317872,,0,
10.0,19.0,0,-98.24311743490398,,0,
11.0,19.0,0,-111.12392467586324,-241.989532,1,-130.86560732413676
12.0,19.0,0,-120.81688422174193,,0,
13.0,19.0,0,-133.50669231568463,,0,
14.0,19.0,0,-153.1656679958105,,0,
15.0,19.0,0,-181.3289094925858,,0,
16.0,19.0,0,-216.62651359010488,,0,
17.0,19.0,0,-254.8528944698628,-394.616157,1,-139.76326253013718
18.0,19.0,0,-290.47453676594887,,0,
19.0,19.0,0,-324.11068820767105,,0,
20.0,19.0,0,-353.4666641256772,,0,
21.0,19.0,0,-375.85079636005685,,0,
22.0,19.0,0,-389.3767162812874,,0,
23.0,19.0,0,-393.3757905678358,-370.068538,1,23.307252567835803
24.0,19.0,0,-387.8918234235607,,0,
25.0,19.0,0,-372.0247808492277,,0,
26.0,19.0,0,-346.6273298426531,,0,
27.0,19.0,0,-313.22004760080017,,0,
28.0,19.0,0,-274.1953113549971,,0,
29.0,19.0,0,-233.56517623993568,-167.037849,1,66.52732723993569
30.0,19.0,0,-196.39382948214188,,0,
31.0,19.0,0,-167.08497900294606,,0,
32.0,19.0,0,-146.91881109401584,,0,
33.0,19.0,0,-136.4166181893088,,0,
34.0,19.0,0,-136.45546820899472,,0,
35.0,19.0,0,-147.48481393978,-135.987446,1,11.497367939779991
36.0,19.0,0,-167.81278375402326,,0,
37.0,19.0,0,-194.63537388155237,,0,
38.0,19.0,0,-225.5272151422687,,0,
39.0,19.0,0,-258.2488133860752,,0,
40.0,19.0,0,-290.49880663398653,,0,
41.0,19.0,0,-318.9350255164318,-451.493252,1,-132.5582264835682
42.0,19.0,0,-338.0642210803344,,0,
43.0,19.0,0,-349.61795509862714,,0,
44.0,19.0,0,-355.16019305726513,,0,
45.0,19.0,0,-355.78055904456414,,0,
46.0,19.0,0,-352.4035896919668,,0,
47.0,19.0,0,-345.7563218467985,-430.314076,1,-84.55775415320147
48.0,19.0,0,-335.957629668992,,0,
49.0,19.0,0,-322.9956908568274,,0,
50.0,19.0,0,-309.41006462677615,,0,
51.0,19.0,0,-298.75733196921647,,0,
52.0,19.0,0,-294.69396881072316,,0,
53.0,19.0,0,-299.96097388351336,-244.784903,1,55.17607088351335
54.0,19.0,0,-314.5092013878748,,0,
55.0,19.0,0,-336.78108361153863,,0,
56.0,19.0,0,-364.3705960193183,,0,
57.0,19.0,0,-393.7663450045511,,0,
58.0,19.0,0,-419.86839235719526,,0,
59.0,19.0,0,-438.0333010201575,-542.761852,1,-104.72855097984245
60.0,19.0,0,-448.9640160300769,,0,
61.0,19.0,0,-453.8851068109507,,0,
62.0,19.0,0,-452.470266450895,,0,
63.0,19.0,0,-443.06671753455885,,0,
64.0,19.0,0,-422.31071761227213,,0,
65.0,19.0,0,-385.6071470697643,-538.367243,1,-152.7600959302357
66.0,19.0,0,-329.5442610127502,,0,
67.0,19.0,0,-260.0151123398682,,0,
68.0,19.0,0,-182.0824406099273,,0,
69.0,19.0,0,-102.40187340148259,,0,
70.0,19.0,0,-30.432138957548887,,0,
71.0,19.0,0,24.465208154928405,68.421468,1,43.9562598450716
72.0,19.0,0,59.612369912909344,,0,
73.0,19.0,3,75.72824754979229,,0,
74.0,19.0,3,73.30735709174769,,0,
75.0,19.0,3,55.60908885113895,,0,
76.0,19.0,3,27.678918403573334,,0,
77.0,19.0,3,-5.31528831680771,-94.268046,1,-88.95275768319229
78.0,19.0,3,-37.90057048806921,,0,
79.0,19.0,3,-64.91458648702246,,0,
80.0,19.0,3,-84.16283829894383,,0,
81.0,19.0,3,-94.08575691655278,,0,
82.0,19.0,3,-93.05958379502408,,0,
83.0,19.0,3,-80.97952513786731,-107.678803,1,-26.69927786213269
84.0,19.0,3,-61.580976314959116,,0,
85.0,19.0,3,-39.80217325082049,,0,
86.0,19.0,3,-18.213568531908095,,0,
87.0,19.0,3,1.1853916126710828,,0,
88.0,19.0,3,16.8239726528991,,0,
89.0,19.0,3,28.133555475680623,87.441134,1,59.30757852431938
90.0,19.0,3,35.74738485182752,,0,
91.0,19.0,3,41.34058575180825,,0,
92.0,19.0,3,46.79047504624032,,0,
93.0,19.0,3,53.40439437609166,,0,
94.0,19.0,3,60.649263123748824,,0,
95.0,19.0,3,65.06504711965681,187.127827,1,122.06277988034319
96.0,19.0,3,59.87791248457506,,0,
97.0,19.0,3,43.91049562464468,,0,
98.0,19.0,3,15.798430645954795,,0,
99.0,19.0,3,-22.993568166974,,0,
100.0,19.0,3,-69.2529217099218,,0,
101.0,19.0,3,-119.15155254682759,-265.663422,1,-146.51186945317244
102.0,19.0,3,-167.49643691361416,,0,
103.0,19.0,3,-217.25469874514965,,0,
104.0,19.0,3,-269.5540872073034,,0,
105.0,19.0,3,-324.30449099175166,,0,
106.0,19.0,3,-380.032149881823,,0,
107.0,19.0,3,-433.03750729342573,-306.018505,1,127.01900229342573
108.0,19.0,3,-478.41035605101206,,0,
109.0,19.0,3,-511.7118730674265,,0,
110.0,19.0,3,-531.1912593462039,,0,
111.0,19.0,3,-537.9141960333218,,0,
112.0,19.0,3,-534.5737984332955,,0,
113.0,19.0,3,-524.0593820698559,-615.468105,1,-91.40872293014411
114.0,19.0,3,-508.53614287621167,,0,
115.0,19.0,3,-495.4703452345566,,0,
116.0,19.0,3,-491.1890805782168,,0,
117.0,19.0,3,-499.44883738586213,,0,
118.0,19.0,3,-519.7458382372279,,0,
119.0,19.0,3,-547.4487326278468,-508.506355,1,38.94237762784678
120.0,19.0,3,-576.7725970825413,,0,
121.0,19.0,3,-600.2875878275372,,0,
122.0,19.0,3,-612.1707449497335,,0,
123.0,19.0,3,-608.2545928772306,,0,
124.0,19.0,3,-585.2686390959425,,0,
125.0,19.0,3,-540.0980004941812,-743.133884,1,-203.0358835058188
126.0,19.0,3,-470.89556776580866,,0,
127.0,19.0,3,-387.5926930648275,,0,
128.0,19.0,3,-297.11390521086287,,0,
129.0,19.0,3,-204.55362225766294,,0,
130.0,19.0,3,-114.69642437621951,,0,
131.0,19.0,1,-35.484654025611235,428.026722,1,463.51137602561124
132.0,19.0,1,18.33141992794117,,0,
133.0,19.0,1,56.89263726858189,,0,
134.0,19.0,1,86.3331283525913,,0,
135.0,19.0,1,108.46897234921926,,0,
136.0,19.0,1,123.58851603150833,,0,
137.0,19.0,1,133.34378053434193,-63.385735,1,-196.72951553434194
138.0,19.0,1,140.98720502329525,,0,
139.0,19.0,1,148.48650055163307,,0,
140.0,19.0,1,151.2978158237529,,0,
141.0,19.0,1,144.8107860967284,,0,
142.0,19.0,1,125.28682945953915,,0,
143.0,19.0,1,87.89915187744191,274.375491,1,186.4763391225581
144.0,19.0,1,27.58458080329001,,0,
145.0,19.0,1,-47.50584646326024,,0,
146.0,19.0,1,-129.44093082868494,,0,
147.0,19.0,1,-210.58502687084547,,0,
148.0,19.0,1,-282.7413927708985,,0,
149.0,19.0,1,-336.0205575954169,-488.086266,1,-152.06570840458312
150.0,19.0,1,-357.9518995019607,,0,
151.0,19.0,1,-347.0844378807815,,0,
152.0,19.0,1,-309.95666942431126,,0,
153.0,19.0,1,-252.3235881406581,,0,
154.0,19.0,1,-175.27150436287047,,0,
155.0,19.0,1,-80.37315847496211,-330.069371,1,-249.69621252503788
156.0,19.0,1,19.97538333781995,,0,
157.0,19.0,1,112.69099052331876,,0,
158.0,19.0,1,192.39830923546106,,0,
159.0,19.0,1,256.19430253410246,,0,
160.0,19.0,1,301.78667005198076,,0,
161.0,19.0,1,327.5718949511647,461.63326,1,134.06136504883528
162.0,19.0,1,332.12573999376036,,0,
163.0,19.0,1,314.81337279692525,,0,
164.0,19.0,1,281.72729663853534,,0,
165.0,19.0,1,239.31041799776722,,0,
166.0,19.0,2,191.11136524763424,,0,
167.0,19.0,2,136.90833827410825,391.613283,1,254.70494472589178
168.0,19.0,2,72.61889280518517,,0,
169.0,19.0,2,8.096706526121125,,0,
170.0,19.0,2,-50.59856116888113,,0,
171.0,19.0,2,-100.5123495516309,,0,
172.0,19.0,2,-139.55666050920263,,0,
173.0,19.0,2,-166.28121269191615,-323.891417,1,-157.61020430808384
174.0,19.0,2,-182.1463506774744,,0,
175.0,19.0,2,-188.81819406384602,,0,
176.0,19.0,2,-191.00046548922546,,0,
177.0,19.0,2,-191.14970416901633,,0,
178.0,19.0,2,-186.30502969259396,,0,
179.0,19.0,2,-170.54801893176045,-432.195758,1,-261.64773906823956
180.0,19.0,2,-141.58748994627967,,0,
181.0,19.0,2,-111.67127744317986,,0,
182.0,19.0,2,-85.61804543971084,,0,
183.0,19.0,2,-61.279087630216964,,0,
184.0,19.0,2,-32.86261459928937,,0,
185.0,19.0,2,7.114466292550787,-117.880567,1,-124.99503329255079
186.0,19.0,2,67.35259256511927,,0,
187.0,19.0,2,148.38136552390642,,0,
188.0,19.0,2,248.97375320480205,,0,
189.0,19.0,2,363.5185216884129,,0,
190.0,19.0,2,482.27983391215093,,0,
191.0,19.0,2,591.5490826065652,933.468307,1,341.9192243934348
192.0,19.0,2,672.0704135282431,,0,
193.0,19.0,2,722.4844138743356,,0,
194.0,19.0,2,738.7069505299442,,0,
195.0,19.0,2,719.698030151776,,0,
196.0,19.0,2,671.1744309226051,,0,
197.0,19.0,2,602.7336541188415,669.304862,1,66.57120788115844
198.0,19.0,2,523.4041743136477,,0,
199.0,19.0,2,443.8393100214889,,0,
0.0,20.0,0,58.73484232323244,,0,
1.0,20.0,0,52.54506123322062,,0,
2.0,20.0,0,42.487695414572954,,0,
3.0,20.0,0,27.511801800923422,,0,
4.0,20.0,0,6.371350590605289,151.233428,1,144.86207740939471
5.0,20.0,0,-22.40955442748964,,0,
6.0,20.0,0,-51.7873599473387,,0,
7.0,20.0,0,-77.3794471330475,,0,
8.0,20.0,0,-97.75828042533249,,0,
9.0,20.0,0,-113.0308530179318,,0,
10.0,20.0,0,-123.94828470703214,-194.129925,1,-70.18164029296784
11.0,20.0,0,-131.38833361514844,,0,
12.0,20.0,0,-136.7521620504558,,0,
13.0,20.0,0,-144.60971597372554,,0,
14.0,20.0,0,-159.50875404756516,,0,
15.0,20.0,0,-183.61315083975205,,0,
16.0,20.0,0,-215.30428818846121,-312.228974,1,-96.92468581153878
17.0,20.0,0,-248.8594138454646,,0,
18.0,20.0,0,-282.7265981559758,,0,
19.0,20.0,0,-316.19926978321746,,0,
20.0,20.0,0,-347.22262648364995,,0,
21.0,20.0,0,-372.23084832308814,,0,
22.0,20.0,0,-387.95661161560565,-425.222333,1,-37.26572138439434
23.0,20.0,0,-393.93054346041754,,0,
24.0,20.0,0,-390.3605926022865,,0,
25.0,20.0,0,-377.14396256790496,,0,
26.0,20.0,0,-354.8429113266757,,0,
27.0,20.0,0,-324.3871222829912,,0,
28.0,20.0,0,-287.66761217592284,-338.645549,1,-50.977936824077176
29.0,20.0,0,-249.6440507848747,,0,
30.0,20.0,0,-215.34019542345777,,0,
31.0,20.0,0,-188.05793580284808,,0,
32.0,20.0,0,-169.15429001883604,,0,
33.0,20.0,0,-158.99900656659156,,0,
34.0,20.0,0,-158.17994216049556,-76.409414,1,81.77052816049556
35.0,20.0,0,-168.26472125248984,,0,
36.0,20.0,0,-186.3177365080919,,0,
37.0,20.0,0,-210.16772008826956,,0,
38.0,20.0,0,-238.21258996566758,,0,
39.0,20.0,0,-268.6633515713038,,0,
40.0,20.0,0,-298.7628842352424,-388.434598,1,-89.67171376475761
41.0,20.0,0,-324.65927524026483,,0,
42.0,20.0,0,-342.90943228296237,,0,
43.0,20.0,0,-353.85759995202534,,0,
44.0,20.0,0,-359.13998825801536,,0,
45.0,20.0,0,-360.13427556608804,,0,
46.0,20.0,0,-357.74407774116844,-371.211248,1,-13.467170258831572
47.0,20.0,0,-352.3745903802337,,0,
48.0,20.0,0,-344.82401230582036,,0,
49.0,20.0,0,-335.79377207835205,,0,
50.0,20.0,0,-326.70042138238205,,0,
51.0,20.0,0,-319.97198222007137,,0,
52.0,20.0,0,-319.2625577834551,-255.792711,1,63.469846783455125
53.0,20.0,0,-328.6805555871688,,0,
54.0,20.0,0,-347.5169143686071,,0,
55.0,20.0,0,-374.1933974996209,,0,
56.0,20.0,0,-405.9733708947897,,0,
57.0,20.0,0,-439.0138232985046,,0,
58.0,20.0,0,-467.9830290530808,-683.204286,1,-215.2212569469192
59.0,20.0,0,-485.0792364849476,,0,
60.0,20.0,0,-494.44745291618165,,0,
61.0,20.0,0,-497.5995193782728,,0,
62.0,20.0,0,-494.17680456489325,,0,
63.0,20.0,0,-482.5815773381619,,0,
64.0,20.0,0,-459.32048461737577,-586.057237,1,-126.73675238262422
65.0,20.0,0,-418.039146187366,,0,
66.0,20.0,0,-359.7849064277834,,0,
67.0,20.0,0,-288.65664178552106,,0,
68.0,20.0,0,-209.95119093090761,,0,
69.0,20.0,0,-130.1783390122,,0,
70.0,20.0,0,-58.85805118456483,241.608793,1,300.4668441845648
71.0,20.0,0,-9.773697976837866,,0,
72.0,20.0,0,20.143956929561682,,0,
73.0,20.0,3,32.353267720667645,,0,
74.0,20.0,3,28.387144473788794,,0,
75.0,20.0,3,11.783233415451832,,0,
76.0,20.0,3,-12.538216873654164,-21.458986,1,-8.920769126345835
77.0,20.0,3,-40.49054256238742,,0,
78.0,20.0,3,-68.38868411490694,,0,
79.0,20.0,3,-92.65208703000098,,0,
80.0,20.0,3,-110.78834075317718,,0,
81.0,20.0,3,-120.88735117285978,,0,
82.0,20.0,3,-121.04303019103827,-194.180411,1,-73.13738080896172
83.0,20.0,3,-109.43621943035396,,0,
84.0,20.0,3,-89.48118411347969,,0,
85.0,20.0,3,-64.32697927393019,,0,
86.0,20.0,3,-36.49943003174849,,0,
87.0,20.0,3,-8.44014341867296,,0,
88.0,20.0,3,17.48831547331065,-33.735223,1,-51.22353847331065
89.0,20.0,3,39.232410258438904,,0,
90.0,20.0,3,55.64912755426485,,0,
91.0,20.0,3,66.5758164266008,,0,
92.0,20.0,3,72.69623834954109,,0,
93.0,20.0,3,75.24377628642833,,0,
94.0,20.0,3,74.85372394463047,114.097977,1,39.244253055369526
95.0,20.0,3,70.06146852241363,,0,
96.0,20.0,3,58.120597741915844,,0,
97.0,20.0,3,38.437662744894624,,0,
98.0,20.0,3,11.235498265217757,,0,
99.0,20.0,3,-22.33353304726188,,0,
100.0,20.0,3,-60.05979488612502,-191.056045,1,-130.996250113875
101.0,20.0,3,-99.42250867630355,,0,
102.0,20.0,3,-138.545139196096,,0,
103.0,20.0,3,-179.2161439730844,,0,
104.0,20.0,3,-223.5506366090849,,0,
105.0,20.0,3,-273.05775262450334,,0,
106.0,20.0,3,-327.70507161627756,-155.78286,1,171.92221161627756
107.0,20.0,3,-382.2100978871458,,0,
108.0,20.0,3,-430.5869974007801,,0,
109.0,20.0,3,-468.3773548819008,,0,
110.0,20.0,3,-493.1158698354848,,0,
111.0,20.0,3,-504.813565306511,,0,
112.0,20.0,3,-505.6651333166519,-582.208668,1,-76.54353468334807
113.0,20.0,3,-498.6224756624433,,0,
114.0,20.0,3,-487.4031214143506,,0,
115.0,20.0,3,-478.5316815376573,,0,
116.0,20.0,3,-479.1968753331166,,0,
117.0,20.0,3,-494.7978801477584,,0,
118.0,20.0,3,-525.4858993815724,-375.718865,1,149.7670343815724
119.0,20.0,3,-564.0752054339391,,0,
120.0,20.0,3,-602.4438621242298,,0,
121.0,20.0,3,-633.0515100709745,,0,
122.0,20.0,3,-649.4393329850427,,0,
123.0,20.0,3,-647.2365082108881,,0,
124.0,20.0,3,-623.9481300024781,-758.094359,1,-134.14622899752192
125.0,20.0,3,-575.5968754735659,,0,
126.0,20.0,3,-505.7491070321994,,0,
127.0,20.0,3,-420.9807845620089,,0,
128.0,20.0,3,-327.6114986673929,,0,
129.0,20.0,3,-231.0992382200202,,0,
130.0,20.0,3,-137.42067504604347,270.483036,1,407.9037110460435
131.0,20.0,1,-55.2183856300835,,0,
132.0,20.0,1,7.792385592823848,,0,
133.0,20.0,1,55.17140255274717,,0,
134.0,20.0,1,91.38119188393466,,0,
135.0,20.0,1,116.2302081270609,,0,
136.0,20.0,1,127.89535058988258,212.860234,1,84.96488341011741
137.0,20.0,1,129.5531554367626,,0,
138.0,20.0,1,124.73685248958645,,0,
139.0,20.0,1,114.97010140020575,,0,
140.0,20.0,1,100.10630710952682,,0,
141.0,20.0,1,79.77545072353678,,0,
142.0,20.0,1,51.97061395854689,39.195049,1,-12.775564958546894
143.0,20.0,1,10.561668090929743,,0,
144.0,20.0,1,-47.7926675734343,,0,
145.0,20.0,1,-118.29959557147231,,0,
146.0,20.0,1,-193.77417971682735,,0,
147.0,20.0,1,-267.6901542607229,,0,
148.0,20.0,1,-333.16225762455724,-257.680696,1,75.48156162455723
149.0,20.0,1,-380.2574170308653,,0,
150.0,20.0,1,-400.3605502434075,,0,
151.0,20.0,1,-392.4970856224536,,0,
152.0,20.0,1,-360.77875559264794,,0,
153.0,20.0,1,-309.426423989702,,0,
154.0,20.0,1,-238.9430467830971,-629.770135,1,-390.8270882169029
155.0,20.0,1,-144.58743001174298,,0,
156.0,20.0,1,-43.09571898682043,,0,
157.0,20.0,1,54.69901768350974,,0,
158.0,20.0,1,143.12039041088428,,0,
159.0,20.0,1,218.4794567367062,,0,
160.0,20.0,1,277.2997545739636,336.984048,1,59.68429342603639
161.0,20.0,1,315.5737768986728,,0,
162.0,20.0,1,332.6433854320785,,0,
163.0,20.0,1,328.7224656789913,,0,
164.0,20.0,1,306.9783817345742,,0,
165.0,20.0,1,272.3262746941764,,0,
166.0,20.0,2,228.53156438400038,180.358044,1,-48.17352038400037
167.0,20.0,2,175.00301423936617,,0,
168.0,20.0,2,111.83332475856878,,0,
169.0,20.0,2,46.062494728248566,,0,
170.0,20.0,2,-15.705757833900861,,0,
171.0,20.0,2,-70.452617594201,,0,
172.0,20.0,2,-116.07499643962365,-297.703244,1,-181.62824756037634
173.0,20.0,2,-148.3275270446902,,0,
174.0,20.0,2,-172.09157610114198,,0,
175.0,20.0,2,-190.01615813351236,,0,
176.0,20.0,2,-204.34764554491267,,0,
177.0,20.0,2,-215.82225457043387,,0,
178.0,20.0,2,-220.56604527973104,-530.687491,1,-310.121445720269
179.0,20.0,2,-207.87903737198212,,0,
180.0,20.0,2,-183.7526680699084,,0,
181.0,20.0,2,-155.61603621789254,,0,
182.0,20.0,2,-127.07608622545376,,0,
183.0,20.0,2,-96.53491201926954,,0,
184.0,20.0,2,-59.072480430826545,-127.571805,1,-68.49932456917345
185.0,20.0,2,-8.088037299225107,,0,
186.0,20.0,2,62.29469940299168,,0,
187.0,20.0,2,153.39084334578365,,0,
188.0,20.0,2,263.36514298873954,,0,
189.0,20.0,2,386.2436978823971,,0,
190.0,20.0,2,511.2531959239859,786.490224,1,275.2370280760141
191.0,20.0,2,625.2322463172022,,0,
192.0,20.0,2,714.0847976845689,,0,
193.0,20.0,2,770.1216801223345,,0,
194.0,20.0,2,787.182937933947,,0,
195.0,20.0,2,763.6630095037399,,0,
196.0,20.0,2,707.3243073518388,934.863028,1,227.5387206481612
197.0,20.0,2,630.0799394012429,,0,
198.0,20.0,2,543.1986183740664,,0,
199.0,20.0,2,457.09055848419666,,0,
0.0,21.0,0,17.927887986879796,,0,
1.0,21.0,0,9.646552815567702,,0,
2.0,21.0,0,-1.9605362212168984,,0,
3.0,21.0,0,-17.54827413102612,12.585749,1,30.13402313102612
4.0,21.0,0,-38.522963324794546,,0,
5.0,21.0,0,-63.931934704538435,,0,
6.0,21.0,0,-89.60120549518615,,0,
7.0,21.0,0,-111.75063767808024,,0,
8.0,21.0,0,-128.34690645895898,,0,
9.0,21.0,0,-138.61248691612855,-156.860979,1,-18.24849208387144
10.0,21.0,0,-143.08899257757002,,0,
11.0,21.0,0,-143.677528972039,,0,
12.0,21.0,0,-142.7044768955093,,0,
13.0,21.0,0,-143.92540455516428,,0,
14.0,21.0,0,-152.00401825923473,,0,
15.0,21.0,0,-170.1215286720544,-239.407619,1,-69.2860903279456
16.0,21.0,0,-196.29725412512198,,0,
17.0,21.0,0,-226.95349834114313,,0,
18.0,21.0,0,-260.7224021500442,,0,
19.0,21.0,0,-296.42566273431294,,0,
20.0,21.0,0,-331.3954655334237,,0,
21.0,21.0,0,-361.36233574920334,-456.231596,1,-94.86926025079669
22.0,21.0,0,-380.92395566310734,,0,
23.0,21.0,0,-390.50831941352226,,0,
24.0,21.0,0,-390.18071375600994,,0,
25.0,21.0,0,-380.15915866033174,,0,
26.0,21.0,0,-361.23933201876935,,0,
27.0,21.0,0,-334.35620412416756,-447.308526,1,-112.95232187583241
28.0,21.0,0,-300.1001949820202,,0,
29.0,21.0,0,-265.3422049127985,,0,
30.0,21.0,0,-234.7427929053083,,0,
31.0,21.0,0,-210.76715365890414,,0,
32.0,21.0,0,-194.34783391840756,,0,
33.0,21.0,0,-185.70551811135374,-147.955052,1,37.750466111353745
34.0,21.0,0,-185.06467679876368,,0,
35.0,21.0,0,-192.62477140093688,,0,
36.0,21.0,0,-206.85715832817368,,0,
37.0,21.0,0,-226.1569383875467,,0,
38.0,21.0,0,-249.68881966918707,,0,
39.0,21.0,0,-276.4337545573944,-288.939539,1,-12.505784442605602
40.0,21.0,0,-303.12809408735484,,0,
41.0,21.0,0,-326.11764171300456,,0,
42.0,21.0,0,-342.93248164479155,,0,
43.0,21.0,0,-353.20739651005715,,0,
44.0,21.0,0,-358.18091436097166,,0,
45.0,21.0,0,-359.4342006293591,-353.304684,1,6.129516629359102
46.0,21.0,0,-357.7661583428271,,0,
47.0,21.0,0,-353.8788175940281,,0,
48.0,21.0,0,-348.89058687211946,,0,
49.0,21.0,0,-343.8169144344283,,0,
50.0,21.0,0,-339.1582550164894,,0,
51.0,21.0,0,-335.98962727957405,-364.556441,1,-28.566813720425955
52.0,21.0,0,-338.4192719263374,,0,
53.0,21.0,0,-350.21459678024985,,0,
54.0,21.0,0,-371.8979259203188,,0,
55.0,21.0,0,-401.85165326157585,,0,
56.0,21.0,0,-436.5331412490923,,0,
57.0,21.0,0,-470.9247070167912,-726.17825,1,-255.25354298320883
58.0,21.0,0,-499.72000910917995,,0,
59.0,21.0,0,-518.4529488820117,,0,
60.0,21.0,0,-528.0980046766344,,0,
61.0,21.0,0,-530.3374272512738,,0,
62.0,21.0,0,-525.2393192914315,,0,
63.0,21.0,0,-511.3618450803333,-483.194716,1,28.167129080333268
64.0,21.0,0,-485.6564581976272,,0,
65.0,21.0,0,-444.5710393640911,,0,
66.0,21.0,0,-388.29575592279434,,0,
67.0,21.0,0,-319.97116921731504,,0,
68.0,21.0,0,-244.68603044119664,,0,
69.0,21.0,0,-169.37961079465458,100.290889,1,269.6704997946546
70.0,21.0,0,-103.44983621919528,,0,
71.0,21.0,0,-55.776741672481876,,0,
72.0,21.0,0,-27.2390417837305,,0,
73.0,21.0,3,-16.156035413965583,,0,
74.0,21.0,3,-20.163424821017543,,0,
75.0,21.0,3,-35.23318017483689,-106.920142,1,-71.68696182516311
76.0,21.0,3,-55.57629941875348,,0,
77.0,21.0,3,-79.01691443251912,,0,
78.0,21.0,3,-102.84058630489744,,0,
79.0,21.0,3,-124.43898433598224,,0,
80.0,21.0,3,-141.51608747441787,,0,
81.0,21.0,3,-151.61836132529425,-143.537566,1,8.080795325294247
82.0,21.0,3,-152.2249141903303,,0,
83.0,21.0,3,-141.7834507552907,,0,
84.0,21.0,3,-121.2899613553891,,0,
85.0,21.0,3,-92.5076648791437,,0,
86.0,21.0,3,-57.747425959212705,,0,
87.0,21.0,3,-20.43336440733401,-36.943372,1,-16.510007592665985
88.0,21.0,3,15.9242505566217,,0,
89.0,21.0,3,47.57202158932341,,0,
90.0,21.0,3,71.75309034390375,,0,
91.0,21.0,3,86.53538200462935,,0,
92.0,21.0,3,91.44573120522546,,0,
93.0,21.0,3,88.28882212529425,86.561398,1,-1.7274241252942488
94.0,21.0,3,79.67879096860997,,0,
95.0,21.0,3,66.74148847316974,,0,
96.0,21.0,3,49.493661036598496,,0,
97.0,21.0,3,28.26760733523406,,0,
98.0,21.0,3,3.6710817581042647,,0,
99.0,21.0,3,-23.549265141540673,-53.26916,1,-29.719894858459327
100.0,21.0,3,-51.79271016083658,,0,
101.0,21.0,3,-80.64825288957218,,0,
102.0,21.0,3,-110.2821329748258,,0,
103.0,21.0,3,-142.69324026248069,,0,
104.0,21.0,3,-180.26744696486276,,0,
105.0,21.0,3,-224.8171794214868,-32.591743,1,192.2254364214868
106.0,21.0,3,-279.15107703882677,,0,
107.0,21.0,3,-335.0292599450622,,0,
108.0,21.0,3,-386.3241713955358,,0,
109.0,21.0,3,-428.372492266004,,0,
110.0,21.0,3,-457.71030739019625,,0,
111.0,21.0,3,-473.20676195289707,-548.878506,1,-75.67174404710295
112.0,21.0,3,-477.27981406252366,,0,
113.0,21.0,3,-473.49398211197695,,0,
114.0,21.0,3,-466.106226123753,,0,
115.0,21.0,3,-461.00544956949307,,0,
116.0,21.0,3,-466.1631492806482,,0,
117.0,21.0,3,-489.1112549317768,-293.960189,1,195.15106593177677
118.0,21.0,3,-530.7106627620524,,0,
119.0,21.0,3,-578.8517236637417,,0,
120.0,21.0,3,-624.4664077950874,,0,
121.0,21.0,3,-660.1449268498691,,0,
122.0,21.0,3,-678.8196015913854,,0,
123.0,21.0,3,-674.9608010399097,-814.699427,1,-139.7386259600903
124.0,21.0,3,-648.6325190065545,,0,
125.0,21.0,3,-600.4226448369445,,0,
126.0,21.0,3,-533.2305702274898,,0,
127.0,21.0,3,-451.4257552034687,,0,
128.0,21.0,3,-359.91543186455965,,0,
129.0,21.0,3,-264.59922475065105,-275.383479,1,-10.784254249348976
130.0,21.0,3,-171.87201044749236,,0,
131.0,21.0,1,-88.60104717302602,,0,
132.0,21.0,1,-19.05503710807534,,0,
133.0,21.0,1,37.150619817490224,,0,
134.0,21.0,1,81.57406224048464,,0,
135.0,21.0,1,112.70404448767658,363.337703,1,250.6336585123234
136.0,21.0,1,124.26061018090695,,0,
137.0,21.0,1,122.41433465946466,,0,
138.0,21.0,1,109.59207066200906,,0,
139.0,21.0,1,86.9087142169301,,0,
140.0,21.0,1,57.24581470328849,,0,
141.0,21.0,1,24.63764797319891,-146.045882,1,-170.68352997319892
142.0,21.0,1,-10.48101317754481,,0,
143.0,21.0,1,-56.363166840863414,,0,
144.0,21.0,1,-114.87985926191323,,0,
145.0,21.0,1,-182.24684926553164,,0,
146.0,21.0,1,-252.20110605750233,,0,
147.0,21.0,1,-318.8781132508884,-208.855722,1,110.02239125088843
148.0,21.0,1,-377.7163870196091,,0,
149.0,21.0,1,-418.6351613103179,,0,
150.0,21.0,1,-435.63353843975347,,0,
151.0,21.0,1,-428.3172617824748,,0,
152.0,21.0,1,-399.5822193805361,,0,
153.0,21.0,1,-351.6855544629507,-535.128718,1,-183.44316353704937
154.0,21.0,1,-284.1199728802894,,0,
155.0,21.0,1,-197.12463809427572,,0,
156.0,21.0,1,-100.02787515742239,,0,
157.0,21.0,1,-1.8984365706564859,,0,
158.0,21.0,1,91.53141187829897,,0,
159.0,21.0,1,175.41616538492963,370.684052,1,195.26788661507038
160.0,21.0,1,244.99459074018523,,0,
161.0,21.0,1,296.14534494187683,,0,
162.0,21.0,1,326.8463243859587,,0,
163.0,21.0,1,336.6742714586435,,0,
164.0,21.0,1,326.99182027054485,,0,
165.0,21.0,1,300.9518933192594,188.049914,1,-112.9019793192594
166.0,21.0,2,263.1966961949365,,0,
167.0,21.0,2,212.52528301964048,,0,
168.0,21.0,2,151.5865307629574,,0,
169.0,21.0,2,87.64316721144132,,0,
170.0,21.0,2,27.6372185847722,,0,
171.0,21.0,2,-26.07364515689551,-276.170464,1,-250.09681884310447
172.0,21.0,2,-72.50769135472365,,0,
173.0,21.0,2,-110.45403278723825,,0,
174.0,21.0,2,-142.09855089872144,,0,
175.0,21.0,2,-169.5825553102186,,0,
176.0,21.0,2,-193.68084535119124,,0,
177.0,21.0,2,-213.34655811614357,-358.881812,1,-145.53525388385646
178.0,21.0,2,-224.1160781311337,,0,
179.0,21.0,2,-220.79481128882617,,0,
180.0,21.0,2,-206.03356011002325,,0,
181.0,21.0,2,-184.80619292380288,,0,
182.0,21.0,2,-159.42465503909625,,0,
183.0,21.0,2,-128.3598164395662,-129.782393,1,-1.4225765604338108
184.0,21.0,2,-87.31843411386944,,0,
185.0,21.0,2,-31.171641849912703,,0,
186.0,21.0,2,44.007194953155704,,0,
187.0,21.0,2,139.29795094247675,,0,
188.0,21.0,2,253.3282027002424,,0,
189.0,21.0,2,380.88244860013947,491.305188,1,110.42273939986052
190.0,21.0,2,509.023323622765,,0,
191.0,21.0,2,627.7517044780543,,0,
192.0,21.0,2,725.4377231134567,,0,
193.0,21.0,2,790.6668084645644,,0,
194.0,21.0,2,811.6089339652099,,0,
195.0,21.0,2,782.8326635623234,1235.872049,1,453.03938543767663
196.0,21.0,2,717.9489172557369,,0,
197.0,21.0,2,632.8058228141163,,0,
198.0,21.0,2,539.7698569146451,,0,
199.0,21.0,2,449.6425161110237,,0,
0.0,22.0,0,-26.828848786652088,,0,
1.0,22.0,0,-37.51138162706047,,0,
2.0,22.0,0,-51.251336790272035,-171.288132,1,-120.03679520972796
3.0,22.0,0,-68.04932182049379,,0,
4.0,22.0,0,-87.90111620631069,,0,
5.0,22.0,0,-109.44864909211174,,0,
6.0,22.0,0,-129.96824455447495,,0,
7.0,22.0,0,-146.6863626264967,,0,
8.0,22.0,0,-157.51232928875834,-198.368026,1,-40.85569671124165
9.0,22.0,0,-160.79063430265523,,0,
10.0,22.0,0,-157.93357299279887,,0,
11.0,22.0,0,-150.94443656993099,,0,
12.0,22.0,0,-142.37128872075118,,0,
13.0,22.0,0,-135.60190503438935,,0,
14.0,22.0,0,-135.16187744773924,-5.962457,1,129.19942044773924
15.0,22.0,0,-146.478112654062,,0,
16.0,22.0,0,-166.75591003801674,,0,
17.0,22.0,0,-194.27366469544359,,0,
18.0,22.0,0,-228.3324237256311,,0,
19.0,22.0,0,-267.3053443606477,,0,
20.0,22.0,0,-307.21337357058655,-257.517032,1,49.69634157058658
21.0,22.0,0,-342.6083296434954,,0,
22.0,22.0,0,-368.6711729755625,,0,
23.0,22.0,0,-383.7747614547843,,0,
24.0,22.0,0,-387.69083712855354,,0,
25.0,22.0,0,-380.924735419685,,0,
26.0,22.0,0,-364.59215879812837,-384.926289,1,-20.33413020187163
27.0,22.0,0,-339.761300608865,,0,
28.0,22.0,0,-309.48393993405625,,0,
29.0,22.0,0,-279.31226206268184,,0,
30.0,22.0,0,-253.75186770642176,,0,
31.0,22.0,0,-234.61777807940962,,0,
32.0,22.0,0,-222.03492444870062,-208.208136,1,13.826788448700626
33.0,22.0,0,-215.83051263715606,,0,
34.0,22.0,0,-215.3656628714525,,0,
35.0,22.0,0,-220.32725731492974,,0,
36.0,22.0,0,-230.175334549509,,0,
37.0,22.0,0,-244.23094290634617,,0,
38.0,22.0,0,-262.14749309932813,-177.226406,1,84.92108709932813
39.0,22.0,0,-284.4974577903049,,0,
40.0,22.0,0,-307.13736258866265,,0,
41.0,22.0,0,-326.9348226127913,,0,
42.0,22.0,0,-341.73785720125306,,0,
43.0,22.0,0,-350.76619123946875,,0,
44.0,22.0,0,-354.9444986830349,-324.799587,1,30.144911683034934
45.0,22.0,0,-356.2311613849597,,0,
46.0,22.0,0,-354.98008699016646,,0,
47.0,22.0,0,-352.08257601526566,,0,
48.0,22.0,0,-349.0438331894111,,0,
49.0,22.0,0,-347.17642514570616,,0,
50.0,22.0,0,-346.40148299286375,-454.965795,1,-108.56431200713627
51.0,22.0,0,-345.4855690841796,,0,
52.0,22.0,0,-349.7306055701338,,0,
53.0,22.0,0,-362.7474789202679,,0,
54.0,22.0,0,-385.8524940269999,,0,
55.0,22.0,0,-417.88227572944015,,0,
56.0,22.0,0,-454.65382711822167,-510.841628,1,-56.187800881778344
57.0,22.0,0,-489.5604470517719,,0,
58.0,22.0,0,-518.5793890429195,,0,
59.0,22.0,0,-538.4462938592187,,0,
60.0,22.0,0,-548.6878586849198,,0,
61.0,22.0,0,-550.4666158995824,,0,
62.0,22.0,0,-544.4128320352174,-558.445171,1,-14.032338964782525
63.0,22.0,0,-529.5787411345227,,0,
64.0,22.0,0,-504.3321508775698,,0,
65.0,22.0,0,-466.54916559089907,,0,
66.0,22.0,0,-415.46481304906774,,0,
67.0,22.0,0,-352.8981777962763,,0,
68.0,22.0,0,-283.79222539815237,-287.002449,1,-3.2102236018476447
69.0,22.0,0,-215.031704233028,,0,
70.0,22.0,0,-154.35329075343907,,0,
71.0,22.0,0,-108.15962889423827,,0,
72.0,22.0,0,-79.40280723990873,,0,
73.0,22.0,3,-67.88476181501755,,0,
74.0,22.0,3,-70.63082932771067,-107.020871,1,-36.39004167228933
75.0,22.0,3,-83.0044451385038,,0,
76.0,22.0,3,-100.43568865233101,,0,
77.0,22.0,3,-120.29619571653893,,0,
78.0,22.0,3,-140.54469554801472,,0,
79.0,22.0,3,-159.48926502646646,,0,
80.0,22.0,3,-175.49475651374087,-53.411297,1,122.08345951374088
81.0,22.0,3,-185.42006658675382,,0,
82.0,22.0,3,-186.30990898399614,,0,
83.0,22.0,3,-176.3978685181355,,0,
84.0,22.0,3,-155.11566600372316,,0,
85.0,22.0,3,-122.50216310902033,,0,
86.0,22.0,3,-80.12834975030273,-126.96406,1,-46.83571024969727
87.0,22.0,3,-33.13723136216868,,0,
88.0,22.0,3,12.999894244479947,,0,
89.0,22.0,3,53.45480092440266,,0,
90.0,22.0,3,84.2333982923883,,0,
91.0,22.0,3,101.666149227618,,0,
92.0,22.0,3,103.62415188271552,131.348679,1,27.72452711728448
93.0,22.0,3,93.68809252907522,,0,
94.0,22.0,3,77.30012946657371,,0,
95.0,22.0,3,57.633853275183355,,0,
96.0,22.0,3,36.443505407776684,,0,
97.0,22.0,3,15.017049442860298,,0,
98.0,22.0,3,-5.654767635307508,-59.312359,1,-53.65759136469249
99.0,22.0,3,-25.86584454512922,,0,
100.0,22.0,3,-45.6054923068732,,0,
101.0,22.0,3,-65.1145107956836,,0,
102.0,22.0,3,-85.69906573474873,,0,
103.0,22.0,3,-110.70726529006788,,0,
104.0,22.0,3,-144.08031136996578,141.493207,1,285.57351836996577
105.0,22.0,3,-186.95145498914644,,0,
106.0,22.0,3,-238.82020885347447,,0,
107.0,22.0,3,-294.5121982417477,,0,
108.0,22.0,3,-347.9684049042553,,0,
109.0,22.0,3,-393.71244624239625,,0,
110.0,22.0,3,-427.0711262251716,-506.267047,1,-79.19592077482838
111.0,22.0,3,-445.4749481690669,,0,
112.0,22.0,3,-452.6033355665859,,0,
113.0,22.0,3,-452.3504142628517,,0,
114.0,22.0,3,-449.1410484495718,,0,
115.0,22.0,3,-448.41229863857734,,0,
116.0,22.0,3,-458.0575032499182,-149.517565,1,308.53993824991824
117.0,22.0,3,-490.0590825250256,,0,
118.0,22.0,3,-537.5134588115616,,0,
119.0,22.0,3,-590.6409715339105,,0,
120.0,22.0,3,-639.6676728735911,,0,
121.0,22.0,3,-676.6828091320931,,0,
122.0,22.0,3,-695.462906100569,-952.961119,1,-257.4982128994311
123.0,22.0,3,-687.9917019129207,,0,
124.0,22.0,3,-659.8767616741243,,0,
125.0,22.0,3,-613.7114343752619,,0,
126.0,22.0,3,-551.6425454893615,,0,
127.0,22.0,3,-475.8296706705005,,0,
128.0,22.0,3,-389.0361842350103,-510.320754,1,-121.28456976498973
129.0,22.0,3,-297.777600102243,,0,
130.0,22.0,3,-208.61397853313247,,0,
131.0,22.0,1,-126.53628025506623,,0,
132.0,22.0,1,-54.22755906637758,,0,
133.0,22.0,1,7.556028806546237,,0,
134.0,22.0,1,57.71393582021119,359.26963,1,301.5556941797888
135.0,22.0,1,93.31183708750177,,0,
136.0,22.0,1,111.06279483670369,,0,
137.0,22.0,1,112.37116719409823,,0,
138.0,22.0,1,98.03017272709985,,0,
139.0,22.0,1,68.52878898323979,,0,
140.0,22.0,1,28.771298123989254,-240.087467,1,-268.85876512398926
141.0,22.0,1,-10.777983175124973,,0,
142.0,22.0,1,-54.51537144917529,,0,
143.0,22.0,1,-106.71049704909092,,0,
144.0,22.0,1,-168.13491017185152,,0,
145.0,22.0,1,-235.35795575019438,,0,
146.0,22.0,1,-302.69654302170966,-227.703077,1,74.99346602170965
147.0,22.0,1,-365.40876089544327,,0,
148.0,22.0,1,-417.99977654288523,,0,
149.0,22.0,1,-452.8043853206327,,0,
150.0,22.0,1,-465.0400247569196,,0,
151.0,22.0,1,-455.3952490623342,,0,
152.0,22.0,1,-427.2848003891995,-415.393539,1,11.891261389199542
153.0,22.0,1,-381.3516978394473,,0,
154.0,22.0,1,-317.4963759148959,,0,
155.0,22.0,1,-237.76937665903824,,0,
156.0,22.0,1,-147.6426015991019,,0,
157.0,22.0,1,-52.7027919087559,,0,
158.0,22.0,1,42.74210388341453,13.72172,1,-29.02038388341453
159.0,22.0,1,132.75861841079313,,0,
160.0,22.0,1,211.7191195061896,,0,
161.0,22.0,1,275.1823945865035,,0,
162.0,22.0,1,319.9108071150258,,0,
163.0,22.0,1,344.1818086504354,,0,
164.0,22.0,1,348.2075657402165,140.251067,1,-207.95649874021652
165.0,22.0,2,333.79981554928236,,0,
166.0,22.0,2,303.01875765097793,,0,
167.0,22.0,2,256.54554377961904,,0,
168.0,22.0,2,197.95954364934005,,0,
169.0,22.0,2,136.43247401388362,,0,
170.0,22.0,2,81.56538955075666,-110.741259,1,-192.30664855075668
171.0,22.0,2,32.28270504530519,,0,
172.0,22.0,2,-13.421573039144278,,0,
173.0,22.0,2,-55.50821611844003,,0,
174.0,22.0,2,-94.33541344874538,,0,
175.0,22.0,2,-130.29236874938942,,0,
176.0,22.0,2,-162.84078365657479,-46.421818,1,116.41896565657478
177.0,22.0,2,-190.12004410428926,,0,
178.0,22.0,2,-208.7934779098723,,0,
179.0,22.0,2,-216.15315506228944,,0,
180.0,22.0,2,-212.8470984220039,,0,
181.0,22.0,2,-201.56169756036252,,0,
182.0,22.0,2,-183.80570779321715,-242.10101,1,-58.29530220678285
183.0,22.0,2,-157.48175261705182,,0,
184.0,22.0,2,-118.51403042022139,,0,
185.0,22.0,2,-62.694012246094644,,0,
186.0,22.0,2,12.66747844661586,,0,
187.0,22.0,2,107.61689191183541,,0,
188.0,22.0,2,220.2301260952372,77.202473,1,-143.0276530952372
189.0,22.0,2,347.54214966483414,,0,
190.0,22.0,2,477.0913591692224,,0,
191.0,22.0,2,599.1382398557616,,0,
192.0,22.0,2,703.5390230622143,,0,
193.0,22.0,2,776.9423663197085,,0,
194.0,22.0,2,803.226528857951,1463.026223,1,659.799694142049
195.0,22.0,2,768.9383644691552,,0,
196.0,22.0,2,699.3022999127861,,0,
197.0,22.0,2,610.520283768652,,0,
198.0,22.0,2,514.4187620214652,,0,
199.0,22.0,2,422.9733936872799,,0,
0.0,23.0,0,-74.931217729114,,0,
1.0,23.0,0,-88.1918193900492,-162.720194,1,-74.52837460995079
2.0,23.0,0,-104.10920001403429,,0,
3.0,23.0,0,-121.63412417192012,,0,
4.0,23.0,0,-139.81661431316752,,0,
5.0,23.0,0,-157.22449435689487,,0,
6.0,23.0,0,-171.92940819635987,,0,
7.0,23.0,0,-181.8615009917412,-162.457439,1,19.4040619917412
8.0,23.0,0,-185.18807948986068,,0,
9.0,23.0,0,-180.9682256882079,,0,
10.0,23.0,0,-170.2467930818675,,0,
11.0,23.0,0,-155.2269474978093,,0,
12.0,23.0,0,-138.66144119715318,,0,
13.0,23.0,0,-124.00220297835767,-50.02165,1,73.98055297835768
14.0,23.0,0,-116.03309897240251,,0,
15.0,23.0,0,-118.71272835333366,,0,
16.0,23.0,0,-132.07709921663627,,0,
17.0,23.0,0,-155.6856700917706,,0,
18.0,23.0,0,-189.8027863651514,,0,
19.0,23.0,0,-232.88276733714156,-131.163315,1,101.71945233714155
20.0,23.0,0,-278.7419418054633,,0,
21.0,23.0,0,-320.80389137007296,,0,
22.0,23.0,0,-354.12806358281523,,0,
23.0,23.0,0,-375.6763539548847,,0,
24.0,23.0,0,-384.28613195871003,,0,
25.0,23.0,0,-380.6528150413651,-519.258586,1,-138.60577095863493
26.0,23.0,0,-366.4505890177097,,0,
27.0,23.0,0,-343.9855973040685,,0,
28.0,23.0,0,-317.3053510512691,,0,
29.0,23.0,0,-292.06852599675767,,0,
30.0,23.0,0,-272.70483975531533,,0,
31.0,23.0,0,-259.89649906393606,-146.370053,1,113.52644606393605
32.0,23.0,0,-252.37648384040222,,0,
33.0,23.0,0,-248.9111724377144,,0,
34.0,23.0,0,-248.5436005424708,,0,
35.0,23.0,0,-250.9382708836347,,0,
36.0,23.0,0,-256.4526501491782,,0,
37.0,23.0,0,-265.66393567458726,-103.12224,1,162.54169567458726
38.0,23.0,0,-278.5988395665772,,0,
39.0,23.0,0,-294.95282135054003,,0,
40.0,23.0,0,-312.5056693702936,,0,
41.0,23.0,0,-328.7171248400118,,0,
42.0,23.0,0,-341.28439411346335,,0,
43.0,23.0,0,-348.77037232508883,-412.287871,1,-63.51749867491117
44.0,23.0,0,-352.20147637452465,,0,
45.0,23.0,0,-353.07927878038026,,0,
46.0,23.0,0,-351.92967802798375,,0,
47.0,23.0,0,-349.3499252508627,,0,
48.0,23.0,0,-347.0333150681108,,0,
49.0,23.0,0,-346.767523366143,-356.27327,1,-9.50574663385703
50.0,23.0,0,-347.2766633768333,,0,
51.0,23.0,0,-348.2048755957512,,0,
52.0,23.0,0,-353.2104352891911,,0,
53.0,23.0,0,-366.1105445532594,,0,
54.0,23.0,0,-389.12092979904264,,0,
55.0,23.0,0,-422.0201398283825,-363.044874,1,58.97526582838253
56.0,23.0,0,-459.77482575783506,,0,
57.0,23.0,0,-496.02850268082693,,0,
58.0,23.0,0,-526.002468972787,,0,
59.0,23.0,0,-546.3941322199535,,0,
60.0,23.0,0,-556.3901323304162,,0,
61.0,23.0,0,-557.4723058744567,-622.803919,1,-65.3316131255433
62.0,23.0,0,-551.0897125082556,,0,
63.0,23.0,0,-537.3398175742477,,0,
64.0,23.0,0,-515.3407432921231,,0,
65.0,23.0,0,-483.58708177658264,,0,
66.0,23.0,0,-440.2502785931574,,0,
67.0,23.0,0,-385.1346140567912,-526.852776,1,-141.71816194320877
68.0,23.0,0,-323.5707686021342,,0,
69.0,23.0,0,-262.17905973724555,,0,
70.0,23.0,0,-206.91136823943816,,0,
71.0,23.0,0,-162.7586556627066,,0,
72.0,23.0,0,-133.8053638302954,,0,
73.0,23.0,0,-121.97251924010925,-18.654912,1,103.31760724010925
74.0,23.0,3,-123.36916137204389,,0,
75.0,23.0,3,-133.10270839510486,,0,
76.0,23.0,3,-147.53002307703719,,0,
77.0,23.0,3,-164.19110976555385,,0,
78.0,23.0,3,-181.2525450841058,,0,
79.0,23.0,3,-197.4041445084731,-123.574717,1,73.8294275084731
80.0,23.0,3,-212.28510089067277,,0,
81.0,23.0,3,-221.52002978808014,,0,
82.0,23.0,3,-221.93707416427787,,0,
83.0,23.0,3,-211.4690773652983,,0,
84.0,23.0,3,-188.50715510058217,,0,
85.0,23.0,3,-151.75076807232108,-277.23251,1,-125.48174192767891
86.0,23.0,3,-101.38999013113789,,0,
87.0,23.0,3,-45.45623245339084,,0,
88.0,23.0,3,9.323401232482865,,0,
89.0,23.0,3,56.82573268527631,,0,
90.0,23.0,3,91.9893460621679,,0,
91.0,23.0,3,110.80633112502983,342.563578,1,231.75724687497018
92.0,23.0,3,108.07848733870196,,0,
93.0,23.0,3,92.08628132095328,,0,
94.0,23.0,3,69.27617904357612,,0,
95.0,23.0,3,44.55032060825033,,0,
96.0,23.0,3,21.186402571038343,,0,
97.0,23.0,3,0.6679178213234991,-76.869613,1,-77.5375308213235
98.0,23.0,3,-15.42541762982728,,0,
99.0,23.0,3,-29.339081065671053,,0,
100.0,23.0,3,-41.96548464890657,,0,
101.0,23.0,3,-53.8355462589534,,0,
102.0,23.0,3,-66.66741083690431,,0,
103.0,23.0,3,-84.93841878301464,55.602258,1,140.54067678301465
104.0,23.0,3,-115.4628041946562,,0,
105.0,23.0,3,-156.58135462598875,,0,
106.0,23.0,3,-206.4232376213622,,0,
107.0,23.0,3,-261.42481467779726,,0,
108.0,23.0,3,-316.45078482318786,,0,
109.0,23.0,3,-365.1631897354382,-422.358918,1,-57.19572826456181
110.0,23.0,3,-401.01688043936156,,0,
111.0,23.0,3,-422.9398875928309,,0,
112.0,23.0,3,-433.4379540695809,,0,
113.0,23.0,3,-436.90115754056023,,0,
114.0,23.0,3,-438.4669107815571,,0,
115.0,23.0,3,-443.8084131501382,-221.411534,1,222.39687915013823
116.0,23.0,3,-460.3336763134794,,0,
117.0,23.0,3,-494.35503160965163,,0,
118.0,23.0,3,-542.3862121184357,,0,
119.0,23.0,3,-595.9755092142441,,0,
120.0,23.0,3,-644.3545071728295,,0,
121.0,23.0,3,-677.1805503345677,-990.278059,1,-313.0975086654323
122.0,23.0,3,-690.6805754455563,,0,
123.0,23.0,3,-682.7172564902576,,0,
124.0,23.0,3,-655.9520967219141,,0,
125.0,23.0,3,-613.5741469011409,,0,
126.0,23.0,3,-557.8301974630449,,0,
127.0,23.0,3,-490.0167725174106,-654.645922,1,-164.62914948258947
128.0,23.0,3,-409.55786063568667,,0,
129.0,23.0,3,-324.7613558857702,,0,
130.0,23.0,1,-241.44639129005373,,0,
131.0,23.0,1,-163.31951613882848,,0,
132.0,23.0,1,-91.88899380830117,,0,
133.0,23.0,1,-27.645348238933366,-12.341728,1,15.303620238933366
134.0,23.0,1,26.158619072579313,,0,
135.0,23.0,1,66.61457459963276,,0,
136.0,23.0,1,91.73594511044212,,0,
137.0,23.0,1,100.69810185779352,,0,
138.0,23.0,1,91.30016076224274,,0,
139.0,23.0,1,61.860613646233105,-70.331212,1,-132.1918256462331
140.0,23.0,1,19.72837453801185,,0,
141.0,23.0,1,-27.22086115903221,,0,
142.0,23.0,1,-79.29219695704523,,0,
143.0,23.0,1,-138.300583186734,,0,
144.0,23.0,1,-203.88913003203925,,0,
145.0,23.0,1,-273.2506714934716,-357.803963,1,-84.55329150652841
146.0,23.0,1,-340.4240513780969,,0,
147.0,23.0,1,-401.9150361078282,,0,
148.0,23.0,1,-451.3866032427177,,0,
149.0,23.0,1,-481.60131184430793,,0,
150.0,23.0,1,-488.6679572171997,,0,
151.0,23.0,1,-474.7280543281231,-332.818612,1,141.90944232812313
152.0,23.0,1,-446.1429893554887,,0,
153.0,23.0,1,-401.5760312307393,,0,
154.0,23.0,1,-341.38391263689846,,0,
155.0,23.0,1,-267.8495751941955,,0,
156.0,23.0,1,-184.6255196754355,,0,
157.0,23.0,1,-94.76865386590362,-215.919289,1,-121.15063513409638
158.0,23.0,1,0.7057798533933237,,0,
159.0,23.0,1,94.56048489979003,,0,
160.0,23.0,1,181.20176028832793,,0,
161.0,23.0,1,255.9734518926125,,0,
162.0,23.0,1,314.4975800468819,,0,
163.0,23.0,1,353.4017261667759,329.259005,1,-24.142721166775914
164.0,23.0,1,372.19728537031915,,0,
165.0,23.0,2,371.15632802038454,,0,
166.0,23.0,2,350.3630427705357,,0,
167.0,23.0,2,310.7450997590786,,0,
168.0,23.0,2,256.4624776914716,,0,
169.0,23.0,2,197.2772633745335,-255.470906,1,-452.7481693745335
170.0,23.0,2,149.38124436768703,,0,
171.0,23.0,2,104.1066469149664,,0,
172.0,23.0,2,58.40304644405842,,0,
173.0,23.0,2,12.45449614780955,,0,
174.0,23.0,2,-32.97225284331944,,0,
175.0,23.0,2,-76.94104886497371,-84.88211,1,-7.941061135026288
176.0,23.0,2,-117.88772884383798,,0,
177.0,23.0,2,-153.82851824443787,,0,
178.0,23.0,2,-182.16068376775365,,0,
179.0,23.0,2,-200.87395901314449,,0,
180.0,23.0,2,-209.67657212517224,,0,
181.0,23.0,2,-209.78893337026238,-150.476901,1,59.312032370262386
182.0,23.0,2,-202.68193645426072,,0,
183.0,23.0,2,-185.02304892113898,,0,
184.0,23.0,2,-152.67899936251342,,0,
185.0,23.0,2,-101.53242910513654,,0,
186.0,23.0,2,-29.381330074509606,,0,
187.0,23.0,2,62.702364388504066,-17.168835,1,-79.87119938850407
188.0,23.0,2,171.87071220576763,,0,
189.0,23.0,2,293.5200589268934,,0,
190.0,23.0,2,418.9853498216253,,0,
191.0,23.0,2,539.2780051368754,,0,
192.0,23.0,2,644.5858672647737,,0,
193.0,23.0,2,720.0773683739826,1104.977525,1,384.9001566260174
194.0,23.0,2,742.8880857974291,,0,
195.0,23.0,2,714.682559065579,,0,
196.0,23.0,2,650.4909982215613,,0,
197.0,23.0,2,565.740667020902,,0,
198.0,23.0,2,472.44383456674404,,0,
199.0,23.0,2,382.9039703628514,19.244247,1,-363.6597233628514
0.0,24.0,0,-126.25907939346507,-45.332914,1,80.92616539346507
1.0,24.0,0,-142.01052027358674,,0,
2.0,24.0,0,-159.51798942976166,,0,
3.0,24.0,0,-177.111220208928,,0,
4.0,24.0,0,-193.205308978213,,0,
5.0,24.0,0,-206.2130535445176,,0,
6.0,24.0,0,-214.82474739290774,-243.772439,1,-28.947691607092253
7.0,24.0,0,-217.52223556721583,,0,
8.0,24.0,0,-212.92454874096438,,0,
9.0,24.0,0,-200.51290509756655,,0,
10.0,24.0,0,-181.2665344416164,,0,
11.0,24.0,0,-157.59611063450575,,0,
12.0,24.0,0,-132.6982985236682,-162.663153,1,-29.964854476331794
13.0,24.0,0,-109.93169978680089,,0,
14.0,24.0,0,-94.28036471363157,,0,
15.0,24.0,0,-89.19843069720082,,0,
16.0,24.0,0,-96.07209536712617,,0,
17.0,24.0,0,-115.99072352866642,,0,
18.0,24.0,0,-150.32771217031404,1.335205,1,151.66291717031405
19.0,24.0,0,-198.33348159654997,,0,
20.0,24.0,0,-250.29709145217203,,0,
21.0,24.0,0,-299.2321212887764,,0,
22.0,24.0,0,-339.9705474441871,,0,
23.0,24.0,0,-368.2919796969509,,0,
24.0,24.0,0,-381.68470522295684,-580.906993,1,-199.22228777704322
25.0,24.0,0,-381.4453524381388,,0,
26.0,24.0,0,-369.9895718614571,,0,
27.0,24.0,0,-350.2233065548353,,0,
28.0,24.0,0,-326.5132500551408,,0,
29.0,24.0,0,-305.5119106993079,,0,
30.0,24.0,0,-293.12838080106303,-37.178263,1,255.95011780106302
31.0,24.0,0,-287.47915371204726,,0,
32.0,24.0,0,-285.3294055184815,,0,
33.0,24.0,0,-284.69802504160907,,0,
34.0,24.0,0,-284.35102385794744,,0,
35.0,24.0,0,-284.1351603521034,,0,
36.0,24.0,0,-285.2200287389569,-241.941625,1,43.27840373895691
37.0,24.0,0,-289.6641153106466,,0,
38.0,24.0,0,-297.0857612187974,,0,
39.0,24.0,0,-307.18249751243275,,0,
40.0,24.0,0,-319.10475454176776,,0,
41.0,24.0,0,-331.3844132863451,,0,
42.0,24.0,0,-341.78782616811804,-409.707544,1,-67.91971783188194
43.0,24.0,0,-347.5838541382691,,0,
44.0,24.0,0,-350.45562703488395,,0,
45.0,24.0,0,-351.5265947736334,,0,
46.0,24.0,0,-351.1102900481783,,0,
47.0,24.0,0,-349.2037791030016,,0,
48.0,24.0,0,-346.8320964081213,-209.105981,1,137.72611540812127
49.0,24.0,0,-347.3150728736073,,0,
50.0,24.0,0,-347.4472455084324,,0,
51.0,24.0,0,-347.6109760974068,,0,
52.0,24.0,0,-351.4207161513623,,0,
53.0,24.0,0,-362.81042111455463,,0,
54.0,24.0,0,-384.01782267494127,-261.169676,1,122.84814667494129
55.0,24.0,0,-416.6676291290205,,0,
56.0,24.0,0,-454.38678326364607,,0,
57.0,24.0,0,-491.35163090075366,,0,
58.0,24.0,0,-522.1468639796367,,0,
59.0,24.0,0,-542.3595435550669,,0,
60.0,24.0,0,-550.927832372603,-618.346415,1,-67.41858262739697
61.0,24.0,0,-551.0064566110959,,0,
62.0,24.0,0,-545.1692202305421,,0,
63.0,24.0,0,-534.0648633219535,,0,
64.0,24.0,0,-517.1306035178714,,0,
65.0,24.0,0,-493.0602298339363,,0,
66.0,24.0,0,-459.6074939305545,-639.737027,1,-180.12953306944553
67.0,24.0,0,-413.16210985649377,,0,
68.0,24.0,0,-360.9040288022952,,0,
69.0,24.0,0,-308.382376050693,,0,
70.0,24.0,0,-259.96803688118234,,0,
71.0,24.0,0,-219.42925648827804,,0,
72.0,24.0,0,-190.81233096146025,6.449456,1,197.26178696146025
73.0,24.0,0,-179.5069541806588,,0,
74.0,24.0,3,-179.28237558808178,,0,
75.0,24.0,3,-185.97300723940134,,0,
76.0,24.0,3,-196.9040623740293,,0,
77.0,24.0,3,-210.19031761121005,,0,
78.0,24.0,3,-224.45376462006243,-230.706382,1,-6.252617379937561
79.0,24.0,3,-238.54914642777294,,0,
80.0,24.0,3,-251.07413173880195,,0,
81.0,24.0,3,-258.43133448506705,,0,
82.0,24.0,3,-257.026729979174,,0,
83.0,24.0,3,-244.34184352506418,,0,
84.0,24.0,3,-218.13184269994963,-311.601691,1,-93.46984830005039
85.0,24.0,3,-175.28225732193096,,0,
86.0,24.0,3,-119.15808469668264,,0,
87.0,24.0,3,-56.33180583229114,,0,
88.0,24.0,3,5.528797121136449,,0,
89.0,24.0,3,58.16067760437727,,0,
90.0,24.0,3,94.09447019838262,350.031327,1,255.93685680161735
91.0,24.0,3,110.05577843252104,,0,
92.0,24.0,3,105.3179017836228,,0,
93.0,24.0,3,85.49122922049719,,0,
94.0,24.0,3,57.86208099627402,,0,
95.0,24.0,3,29.542072664175066,,0,
96.0,24.0,3,6.269770607992541,-125.870372,1,-132.14014260799254
97.0,24.0,3,-11.321791540714912,,0,
98.0,24.0,3,-23.791193444892997,,0,
99.0,24.0,3,-32.82523141033016,,0,
100.0,24.0,3,-40.05394476768561,,0,
101.0,24.0,3,-46.335500179906376,,0,
102.0,24.0,3,-53.39665608110954,-71.323438,1,-17.926781918890455
103.0,24.0,3,-67.44362339058716,,0,
104.0,24.0,3,-94.02753729210235,,0,
105.0,24.0,3,-132.94080976082478,,0,
106.0,24.0,3,-181.3990748439537,,0,
107.0,24.0,3,-236.13384603220038,,0,
108.0,24.0,3,-292.8929622065043,-206.539296,1,86.3536662065043
109.0,24.0,3,-343.97019928181544,,0,
110.0,24.0,3,-382.90604957977484,,0,
111.0,24.0,3,-407.9414902858989,,0,
112.0,24.0,3,-421.0802997821593,,0,
113.0,24.0,3,-427.21742079698015,,0,
114.0,24.0,3,-432.6108724794467,-290.725367,1,141.8855054794467
115.0,24.0,3,-442.32976520759985,,0,
116.0,24.0,3,-461.6896679949714,,0,
117.0,24.0,3,-494.34063553877786,,0,
118.0,24.0,3,-538.7511819053034,,0,
119.0,24.0,3,-588.7233346959983,,0,
120.0,24.0,3,-634.0363017827622,-950.939812,1,-316.9035102172378
121.0,24.0,3,-659.8711949950084,,0,
122.0,24.0,3,-668.7097147289605,,0,
123.0,24.0,3,-660.6743688267889,,0,
124.0,24.0,3,-636.7464108292479,,0,
125.0,24.0,3,-598.9642074267613,,0,
126.0,24.0,3,-549.1436822114338,-683.622139,1,-134.47845678856618
127.0,24.0,3,-488.137509120279,,0,
128.0,24.0,3,-417.2330402212101,,0,
129.0,24.0,3,-341.5479442055803,,0,
130.0,24.0,1,-266.0225996244699,,0,
131.0,24.0,1,-193.85274523403496,,0,
132.0,24.0,1,-126.39093955862336,-261.592948,1,-135.20200844137662
133.0,24.0,1,-62.38597711693728,,0,
134.0,24.0,1,-7.040839107372449,,0,
135.0,24.0,1,37.00022858957527,,0,
136.0,24.0,1,68.3596499816631,,0,
137.0,24.0,1,85.62992106500315,,0,
138.0,24.0,1,85.25256466207793,406.094361,1,320.84179633792206
139.0,24.0,1,59.7131197078852,,0,
140.0,24.0,1,19.308180887135677,,0,
141.0,24.0,1,-30.332292383012827,,0,
142.0,24.0,1,-87.69597643217276,,0,
143.0,24.0,1,-151.68488380988128,,0,
144.0,24.0,1,-220.05874338926515,-490.005829,1,-269.94708561073486
145.0,24.0,1,-290.89439404488076,,0,
146.0,24.0,1,-360.4147747476818,,0,
147.0,24.0,1,-423.733915667166,,0,
148.0,24.0,1,-473.55623302666936,,0,
149.0,24.0,1,-501.66654295672197,,0,
150.0,24.0,1,-504.5010133085452,-456.346978,1,48.15403530854525
151.0,24.0,1,-487.50253164896276,,0,
152.0,24.0,1,-456.5354694845155,,0,
153.0,24.0,1,-412.40730741410516,,0,
154.0,24.0,1,-355.2886559772305,,0,
155.0,24.0,1,-286.91394012619276,,0,
156.0,24.0,1,-209.65826207073405,-416.154755,1,-206.49649292926597
157.0,24.0,1,-124.39211339107715,,0,
158.0,24.0,1,-32.16117316711461,,0,
159.0,24.0,1,62.584647971903905,,0,
160.0,24.0,1,154.57959108182695,,0,
161.0,24.0,1,238.85100074508227,,0,
162.0,24.0,1,310.2695516196545,400.165733,1,89.89618138034547
163.0,24.0,1,363.2210429124534,,0,
164.0,24.0,1,397.38981424900703,,0,
165.0,24.0,2,411.44671748613473,,0,
166.0,24.0,2,403.57447293720907,,0,
167.0,24.0,2,374.12186805868987,,0,
168.0,24.0,2,328.85503441956826,-202.860804,1,-531.7158384195683
169.0,24.0,2,278.5580221655546,,0,
170.0,24.0,2,232.29604727355763,,0,
171.0,24.0,2,187.18171568075195,,0,
172.0,24.0,2,139.43077840749174,,0,
173.0,24.0,2,88.84087730559986,,0,
174.0,24.0,2,36.822861487919,-65.676764,1,-102.499625487919
175.0,24.0,2,-15.034191872109659,,0,
176.0,24.0,2,-64.83546978025697,,0,
177.0,24.0,2,-110.37755284726154,,0,
178.0,24.0,2,-149.3234439594671,,0,
179.0,24.0,2,-179.78772248444147,,0,
180.0,24.0,2,-201.02967618289404,-33.678497,1,167.35117918289404
181.0,24.0,2,-213.71063161653,,0,
182.0,24.0,2,-217.97252500522882,,0,
183.0,24.0,2,-211.09404966095462,,0,
184.0,24.0,2,-188.6010754776653,,0,
185.0,24.0,2,-145.4650104814209,,0,
186.0,24.0,2,-78.92376636166591,-63.677052,1,15.246714361665909
187.0,24.0,2,7.839147916994989,,0,
188.0,24.0,2,110.26865312410519,,0,
189.0,24.0,2,223.21056535514072,,0,
190.0,24.0,2,339.77318510133773,,0,
191.0,24.0,2,452.4034283347428,,0,
192.0,24.0,2,551.7383495976683,626.784468,1,75.04611840233167
193.0,24.0,2,621.9620696306229,,0,
194.0,24.0,2,648.011891144095,,0,
195.0,24.0,2,629.8201163397171,,0,
196.0,24.0,2,577.460439499002,,0,
197.0,24.0,2,503.64212562621105,,0,
198.0,24.0,2,420.8113800895517,288.735913,1,-132.0754670895517
199.0,24.0,2,341.50653982302174,,0,
0.0,25.0,0,-181.75561821367592,,0,
1.0,25.0,0,-198.53556336276233,,0,
2.0,25.0,0,-216.44030720554292,,0,
3.0,25.0,0,-233.44998011551797,,0,
4.0,25.0,0,-247.23153899190947,,0,
5.0,25.0,0,-255.5759896915406,-239.82051,1,15.755479691540586
6.0,25.0,0,-258.07604438555427,,0,
7.0,25.0,0,-253.6156420118641,,0,
8.0,25.0,0,-241.11695925425738,,0,
9.0,25.0,0,-220.1352857137099,,0,
10.0,25.0,0,-191.6263349080691,,0,
11.0,25.0,0,-158.387364492286,-76.832725,1,81.554639492286
12.0,25.0,0,-124.217346963007,,0,
13.0,25.0,0,-93.35557191929547,,0,
14.0,25.0,0,-70.53339735697955,,0,
15.0,25.0,0,-59.418520584586076,,0,
16.0,25.0,0,-61.97750784503296,,0,
17.0,25.0,0,-80.02667833212763,72.434031,1,152.46070933212764
18.0,25.0,0,-117.2689219469903,,0,
19.0,25.0,0,-168.0517874378711,,0,
20.0,25.0,0,-224.43989474116825,,0,
21.0,25.0,0,-279.22573997906875,,0,
22.0,25.0,0,-326.7489707893692,,0,
23.0,25.0,0,-362.02052320173243,-477.075569,1,-115.05504579826754
24.0,25.0,0,-380.4184393452015,,0,
25.0,25.0,0,-384.71483961399645,,0,
26.0,25.0,0,-377.3539340456482,,0,
27.0,25.0,0,-361.45052736555226,,0,
28.0,25.0,0,-341.37738793645985,,0,
29.0,25.0,0,-323.6614759194199,-25.358981,1,298.3024949194199
30.0,25.0,0,-318.31974525912665,,0,
31.0,25.0,0,-318.6128588380525,,0,
32.0,25.0,0,-320.775536097819,,0,
33.0,25.0,0,-322.4173816232942,,0,
34.0,25.0,0,-321.7684254446067,,0,
35.0,25.0,0,-318.82977315271273,-328.182416,1,-9.352642847287257
36.0,25.0,0,-315.85336122545414,,0,
37.0,25.0,0,-314.89660774491495,,0,
38.0,25.0,0,-316.3441160470247,,0,
39.0,25.0,0,-320.10117004974745,,0,
40.0,25.0,0,-326.2142390459776,,0,
41.0,25.0,0,-334.28654430806637,-349.781507,1,-15.494962691933608
42.0,25.0,0,-341.9037190597155,,0,
43.0,25.0,0,-347.04273464437574,,0,
44.0,25.0,0,-350.2234148642747,,0,
45.0,25.0,0,-352.5637321016402,,0,
46.0,25.0,0,-354.3827785071917,,0,
47.0,25.0,0,-355.0407497319975,-133.036066,1,222.0046837319975
48.0,25.0,0,-354.5759323351085,,0,
49.0,25.0,0,-353.6698397337459,,0,
50.0,25.0,0,-351.12480142409913,,0,
51.0,25.0,0,-347.62875196081586,,0,
52.0,25.0,0,-347.6130483362358,,0,
53.0,25.0,0,-356.49572523636743,-168.318165,1,188.17756023636744
54.0,25.0,0,-375.5560235865414,,0,
55.0,25.0,0,-404.3450893565896,,0,
56.0,25.0,0,-439.19208779965993,,0,
57.0,25.0,0,-475.0408962368965,,0,
58.0,25.0,0,-505.54000750230625,,0,
59.0,25.0,0,-524.4042457244359,-650.733743,1,-126.32949727556411
60.0,25.0,0,-530.5452423768584,,0,
61.0,25.0,0,-530.2974484097213,,0,
62.0,25.0,0,-526.4049481815891,,0,
63.0,25.0,0,-519.4532636399381,,0,
64.0,25.0,0,-508.77022031205706,,0,
65.0,25.0,0,-492.55980265606195,-582.013876,1,-89.45407334393803
66.0,25.0,0,-468.1339491465478,,0,
67.0,25.0,0,-434.01248277013656,,0,
68.0,25.0,0,-393.91775916470215,,0,
69.0,25.0,0,-352.43882637668867,,0,
70.0,25.0,0,-313.12747919681715,,0,
71.0,25.0,0,-279.1681674901629,-150.466189,1,128.70197849016287
72.0,25.0,0,-254.4249821532867,,0,
73.0,25.0,0,-241.64616301539354,,0,
74.0,25.0,3,-238.22020377375884,,0,
75.0,25.0,3,-240.85635793348774,,0,
76.0,25.0,3,-247.45447163569042,,0,
77.0,25.0,3,-256.6343775741698,-287.225873,1,-30.591495425830203
78.0,25.0,3,-267.52869142685086,,0,
79.0,25.0,3,-279.0820578483399,,0,
80.0,25.0,3,-289.1818051429,,0,
81.0,25.0,3,-294.0483509656042,,0,
82.0,25.0,3,-289.59368136851117,,0,
83.0,25.0,3,-272.9100228078896,-378.584769,1,-105.67474619211038
84.0,25.0,3,-241.6453020676272,,0,
85.0,25.0,3,-194.37128073486383,,0,
86.0,25.0,3,-133.66654480958823,,0,
87.0,25.0,3,-65.508482448844,,0,
88.0,25.0,3,1.889645541436039,,0,
89.0,25.0,3,58.71229511639103,229.408205,1,170.69590988360898
90.0,25.0,3,93.90098821109859,,0,
91.0,25.0,3,107.4537681461079,,0,
92.0,25.0,3,100.5811769249267,,0,
93.0,25.0,3,78.018761014333,,0,
94.0,25.0,3,47.020737554179505,,0,
95.0,25.0,3,15.805765165016055,-179.204488,1,-195.01025316501605
96.0,25.0,3,-6.114932129508816,,0,
97.0,25.0,3,-20.99906432791613,,0,
98.0,25.0,3,-30.074411972862436,,0,
99.0,25.0,3,-34.79919200320728,,0,
100.0,25.0,3,-37.29214174405206,,0,
101.0,25.0,3,-39.4381812781794,-194.636819,1,-155.1986377218206
102.0,25.0,3,-41.63711930139107,,0,
103.0,25.0,3,-52.56552007049322,,0,
104.0,25.0,3,-77.22338312288048,,0,
105.0,25.0,3,-115.84695079969242,,0,
106.0,25.0,3,-165.10097454869538,,0,
107.0,25.0,3,-220.81279577349778,-66.167331,1,154.6454647734978
108.0,25.0,3,-280.48438358301064,,0,
109.0,25.0,3,-334.07096496148733,,0,
110.0,25.0,3,-375.44257983510033,,0,
111.0,25.0,3,-402.4881369873183,,0,
112.0,25.0,3,-416.66705959144747,,0,
113.0,25.0,3,-423.04327956796624,-325.695607,1,97.34767256796624
114.0,25.0,3,-429.5616452737886,,0,
115.0,25.0,3,-439.4437864208594,,0,
116.0,25.0,3,-456.81622786901426,,0,
117.0,25.0,3,-484.58296664070804,,0,
118.0,25.0,3,-522.0188308339275,,0,
119.0,25.0,3,-563.9040254580032,-754.847915,1,-190.94388954199678
120.0,25.0,3,-600.9461456071003,,0,
121.0,25.0,3,-623.890104338876,,0,
122.0,25.0,3,-631.5331042801845,,0,
123.0,25.0,3,-624.718906367314,,0,
124.0,25.0,3,-604.237116966513,,0,
125.0,25.0,3,-571.3679716450279,-566.012765,1,5.35520664502792
126.0,25.0,3,-527.5766711278266,,0,
127.0,25.0,3,-474.02058273088187,,0,
128.0,25.0,3,-412.6739135166863,,0,
129.0,25.0,3,-346.93188795412425,,0,
130.0,25.0,1,-280.0642217278364,,0,
131.0,25.0,1,-214.232469335082,-314.828407,1,-100.59593766491804
132.0,25.0,1,-151.04283144709188,,0,
133.0,25.0,1,-91.42287088738522,,0,
134.0,25.0,1,-38.21136673582805,,0,
135.0,25.0,1,6.4450759693281725,,0,
136.0,25.0,1,41.22177663585171,,0,
137.0,25.0,1,63.78430540615227,524.398548,1,460.61424259384773
138.0,25.0,1,69.57908493687864,,0,
139.0,25.0,1,54.45261445140932,,0,
140.0,25.0,1,21.63881174835842,,0,
141.0,25.0,1,-24.935745511669666,,0,
142.0,25.0,1,-82.68096170065837,,0,
143.0,25.0,1,-148.44449137256015,-267.173672,1,-118.72918062743986
144.0,25.0,1,-217.06934251636267,,0,
145.0,25.0,1,-288.6521087969304,,0,
146.0,25.0,1,-360.3206488264259,,0,
147.0,25.0,1,-426.61966691806447,,0,
148.0,25.0,1,-478.5767581515247,,0,
149.0,25.0,1,-505.9441566130263,-744.81772,1,-238.87356338697373
150.0,25.0,1,-504.7739607267431,,0,
151.0,25.0,1,-485.79215417290106,,0,
152.0,25.0,1,-454.3220703181578,,0,
153.0,25.0,1,-411.6252072529169,,0,
154.0,25.0,1,-357.9443397796131,,0,
155.0,25.0,1,-294.57503075595014,-246.635095,1,47.93993575595013
156.0,25.0,1,-223.65911416057497,,0,
157.0,25.0,1,-144.30753636272857,,0,
158.0,25.0,1,-56.645628492260585,,0,
159.0,25.0,1,36.874277511262335,,0,
160.0,25.0,1,131.79375684866682,,0,
161.0,25.0,1,222.78272911754902,230.09698,1,7.3142508824509775
162.0,25.0,1,304.0952635600697,,0,
163.0,25.0,1,370.83736688969657,,0,
164.0,25.0,2,420.35239998670295,,0,
165.0,25.0,2,450.28777482989244,,0,
166.0,25.0,2,456.9863240387349,,0,
167.0,25.0,2,438.5901645810809,460.349489,1,21.759324418919107
168.0,25.0,2,403.46081256412435,,0,
169.0,25.0,2,362.0808444219874,,0,
170.0,25.0,2,319.4644405139843,,0,
171.0,25.0,2,274.2048979043029,,0,
172.0,25.0,2,223.47757702693343,,0,
173.0,25.0,2,167.60579386167228,151.593098,1,-16.012695861672285
174.0,25.0,2,108.94757236156147,,0,
175.0,25.0,2,49.209930631914176,,0,
176.0,25.0,2,-9.564603496226482,,0,
177.0,25.0,2,-64.97177773725707,,0,
178.0,25.0,2,-114.54759297496639,,0,
179.0,25.0,2,-156.32738097105175,-177.241247,1,-20.913866028948235
180.0,25.0,2,-189.14558371622115,,0,
181.0,25.0,2,-213.6051514936844,,0,
182.0,25.0,2,-229.38080266828183,,0,
183.0,25.0,2,-234.06247208151035,,0,
184.0,25.0,2,-222.9277205124963,,0,
185.0,25.0,2,-190.03017101576552,-376.087615,1,-186.0574439842345
186.0,25.0,2,-130.98157793236896,,0,
187.0,25.0,2,-52.71353132673539,,0,
188.0,25.0,2,39.834974880563095,,0,
189.0,25.0,2,141.78795373963658,,0,
190.0,25.0,2,247.00081591430353,,0,
191.0,25.0,2,348.6967596714385,204.250803,1,-144.4459566714385
192.0,25.0,2,440.30267696408555,,0,
193.0,25.0,2,506.37562048458494,,0,
194.0,25.0,2,536.1381710465066,,0,
195.0,25.0,2,528.096702960087,,0,
196.0,25.0,2,488.79135601827875,,0,
197.0,25.0,2,428.65082578826696,422.635919,1,-6.014906788266956
198.0,25.0,2,359.59417798003415,,0,
199.0,25.0,2,292.3648999587167,,0,
0.0,26.0,0,-238.10407196031883,,0,
1.0,26.0,0,-255.56713977549225,,0,
2.0,26.0,0,-273.1140774329833,,0,
3.0,26.0,0,-288.9139453708194,,0,
4.0,26.0,0,-300.4021816337481,-373.537063,1,-73.13488136625188
5.0,26.0,0,-304.151092928485,,0,
6.0,26.0,0,-300.6982358642854,,0,
7.0,26.0,0,-289.3741245677229,,0,
8.0,26.0,0,-269.2510968535207,,0,
9.0,26.0,0,-239.7299192622304,,0,
10.0,26.0,0,-201.41995083587244,-72.498732,1,128.92121883587242
11.0,26.0,0,-158.03932400327176,,0,
12.0,26.0,0,-114.26952322246507,,0,
13.0,26.0,0,-75.0385709850816,,0,
14.0,26.0,0,-45.596790676470846,,0,
15.0,26.0,0,-30.25422615633579,,0,
16.0,26.0,0,-31.349886862561107,133.834797,1,165.18468386256112
17.0,26.0,0,-50.65744690224528,,0,
18.0,26.0,0,-88.9223384540528,,0,
19.0,26.0,0,-141.57186874188483,,0,
20.0,26.0,0,-201.19911252404563,,0,
21.0,26.0,0,-260.5212849358213,,0,
22.0,26.0,0,-313.4843414744828,-343.832834,1,-30.3484925255172
23.0,26.0,0,-354.3353355784202,,0,
24.0,26.0,0,-380.068726205267,,0,
25.0,26.0,0,-391.10189624037594,,0,
26.0,26.0,0,-389.5533749257447,,0,
27.0,26.0,0,-379.16606196668,,0,
28.0,26.0,0,-365.3152934939135,-174.427611,1,190.88768249391347
29.0,26.0,0,-354.08536072360585,,0,
30.0,26.0,0,-350.6883798711933,,0,
31.0,26.0,0,-352.91711253952235,,0,
32.0,26.0,0,-357.0656275721267,,0,
33.0,26.0,0,-359.746061576996,,0,
34.0,26.0,0,-357.9595777496579,-414.159746,1,-56.200168250342074
35.0,26.0,0,-351.82697541220114,,0,
36.0,26.0,0,-344.9694085296942,,0,
37.0,26.0,0,-339.23409867158625,,0,
38.0,26.0,0,-335.26971771288663,,0,
39.0,26.0,0,-333.33863515476696,,0,
40.0,26.0,0,-333.9709282820113,-259.187131,1,74.78379728201128
41.0,26.0,0,-338.39003511704504,,0,
42.0,26.0,0,-343.67622412054334,,0,
43.0,26.0,0,-348.33431091415696,,0,
44.0,26.0,0,-352.3677658265224,,0,
45.0,26.0,0,-356.802688898053,,0,
46.0,26.0,0,-362.32160901883617,-213.47975,1,148.84185901883617
47.0,26.0,0,-366.74575884308433,,0,
48.0,26.0,0,-368.30806148820557,,0,
49.0,26.0,0,-366.3138604047708,,0,
50.0,26.0,0,-360.29440049256664,,0,
51.0,26.0,0,-351.48581470921636,,0,
52.0,26.0,0,-344.8925322284922,-155.337884,1,189.5546482284922
53.0,26.0,0,-349.2081339916331,,0,
54.0,26.0,0,-362.6970490437234,,0,
55.0,26.0,0,-384.6150344933849,,0,
56.0,26.0,0,-413.0909585757181,,0,
57.0,26.0,0,-444.4600698603317,,0,
58.0,26.0,0,-472.5357520772377,-743.607536,1,-271.0717839227623
59.0,26.0,0,-487.1238692882471,,0,
60.0,26.0,0,-493.2076584403403,,0,
61.0,26.0,0,-495.23015377810225,,0,
62.0,26.0,0,-495.4648932063137,,0,
63.0,26.0,0,-494.4562628035201,,0,
64.0,26.0,0,-491.5642018096987,-479.611084,1,11.95311780969871
65.0,26.0,0,-484.39476665551774,,0,
66.0,26.0,0,-470.53176735463785,,0,
67.0,26.0,0,-449.2969288880704,,0,
68.0,26.0,0,-422.64959759055637,,0,
69.0,26.0,0,-393.6733450436441,,0,
70.0,26.0,0,-365.038040274987,-377.298477,1,-12.260436725012994
71.0,26.0,0,-339.0341842682683,,0,
72.0,26.0,0,-318.5450168357929,,0,
73.0,26.0,0,-305.14235116983764,,0,
74.0,26.0,3,-298.1317399488762,,0,
75.0,26.0,3,-295.9486583119724,,0,
76.0,26.0,3,-297.34337308316026,-307.547403,1,-10.204029916839715
77.0,26.0,3,-301.3874550627661,,0,
78.0,26.0,3,-307.8769685223233,,0,
79.0,26.0,3,-316.0827891959634,,0,
80.0,26.0,3,-323.74259445484495,,0,
81.0,26.0,3,-326.1967477770522,,0,
82.0,26.0,3,-318.0572334600147,-427.265625,1,-109.20839153998531
83.0,26.0,3,-296.8101536955219,,0,
84.0,26.0,3,-260.9119408039842,,0,
85.0,26.0,3,-209.71843756680028,,0,
86.0,26.0,3,-144.97174575109966,,0,
87.0,26.0,3,-72.05908332337276,,0,
88.0,26.0,3,-0.5785273358342238,194.50049,1,195.07901733583424
89.0,26.0,3,58.081756291445345,,0,
90.0,26.0,3,94.83255045063561,,0,
91.0,26.0,3,107.66616234718822,,0,
92.0,26.0,3,98.6381135264528,,0,
93.0,26.0,3,73.30531521717785,,0,
94.0,26.0,3,40.43490187192219,-205.022598,1,-245.45749987192218
95.0,26.0,3,8.97214729397092,,0,
96.0,26.0,3,-14.082110783783719,,0,
97.0,26.0,3,-27.94911428098567,,0,
98.0,26.0,3,-34.08784910396207,,0,
99.0,26.0,3,-34.34251918341033,,0,
100.0,26.0,3,-31.121934235910885,-105.148108,1,-74.02617376408911
101.0,26.0,3,-27.655442703238805,,0,
102.0,26.0,3,-27.613500974490307,,0,
103.0,26.0,3,-37.632407482436975,,0,
104.0,26.0,3,-63.16332122083986,,0,
105.0,26.0,3,-105.1224262851756,,0,
106.0,26.0,3,-159.30113027025072,-19.622176,1,139.67895427025073
107.0,26.0,3,-220.0102765656775,,0,
108.0,26.0,3,-281.70577997679356,,0,
109.0,26.0,3,-336.67232691412937,,0,
110.0,26.0,3,-379.1289112686063,,0,
111.0,26.0,3,-406.64655214350205,,0,
112.0,26.0,3,-420.09913306997623,-479.225128,1,-59.12599493002375
113.0,26.0,3,-425.0097923488356,,0,
114.0,26.0,3,-427.97588168879156,,0,
115.0,26.0,3,-433.19873992702924,,0,
116.0,26.0,3,-444.2093701012782,,0,
117.0,26.0,3,-463.851993600867,,0,
118.0,26.0,3,-492.3137339979876,-479.46352,1,12.850213997987566
119.0,26.0,3,-524.929290669912,,0,
120.0,26.0,3,-554.4416368298698,,0,
121.0,26.0,3,-574.5069891962921,,0,
122.0,26.0,3,-582.3982433445344,,0,
123.0,26.0,3,-577.8248910161201,,0,
124.0,26.0,3,-561.2963622519746,-517.194822,1,44.1015402519746
125.0,26.0,3,-533.6808932223066,,0,
126.0,26.0,3,-496.1640532557212,,0,
127.0,26.0,3,-450.1809886622359,,0,
128.0,26.0,3,-397.7334469477646,,0,
129.0,26.0,3,-341.3899397031637,,0,
130.0,26.0,1,-283.36013804981485,-341.880347,1,-58.52020895018512
131.0,26.0,1,-224.39223968284205,,0,
132.0,26.0,1,-167.35373282444198,,0,
133.0,26.0,1,-113.92685713578248,,0,
134.0,26.0,1,-65.69325107865006,,0,
135.0,26.0,1,-23.545512633223552,,0,
136.0,26.0,1,11.958742259594146,117.482617,1,105.52387474040586
137.0,26.0,1,37.89291095174849,,0,
138.0,26.0,1,50.50163366412744,,0,
139.0,26.0,1,46.6877836775966,,0,
140.0,26.0,1,25.00817351229489,,0,
141.0,26.0,1,-14.096190207987092,,0,
142.0,26.0,1,-67.26626030012267,77.59303,1,144.85929030012267
143.0,26.0,1,-129.6105082104914,,0,
144.0,26.0,1,-196.95756388793234,,0,
145.0,26.0,1,-267.74036355438875,,0,
146.0,26.0,1,-339.3551207354758,,0,
147.0,26.0,1,-406.3708339803852,,0,
148.0,26.0,1,-459.2120809170883,-820.112035,1,-360.8999540829117
149.0,26.0,1,-482.4620472829556,,0,
150.0,26.0,1,-481.6805244845018,,0,
151.0,26.0,1,-464.30818513582926,,0,
152.0,26.0,1,-435.38504071964417,,0,
153.0,26.0,1,-396.436130716349,,0,
154.0,26.0,1,-347.590753766126,-364.77283,1,-17.182076233874
155.0,26.0,1,-290.6223542961525,,0,
156.0,26.0,1,-226.7327063351404,,0,
157.0,26.0,1,-154.76295072108041,,0,
158.0,26.0,1,-73.1026818039245,,0,
159.0,26.0,1,17.701467422419228,,0,
160.0,26.0,1,113.44031585368793,52.591428,1,-60.848887853687934
161.0,26.0,1,208.39167503861245,,0,
162.0,26.0,1,297.13200232421514,,0,
163.0,26.0,1,374.7679898403585,,0,
164.0,26.0,2,436.7899313829839,,0,
165.0,26.0,2,479.6522159363376,,0,
166.0,26.0,2,500.01938863814576,905.939149,1,405.9197603618543
167.0,26.0,2,490.72791607282124,,0,
168.0,26.0,2,466.13951469014864,,0,
169.0,26.0,2,434.4094113218598,,0,
170.0,26.0,2,398.13199836050626,,0,
171.0,26.0,2,355.14355033589527,,0,
172.0,26.0,2,302.0251775938086,195.838983,1,-106.18619459380861
173.0,26.0,2,241.40552667179145,,0,
174.0,26.0,2,176.56077290017856,,0,
175.0,26.0,2,109.41653270414099,,0,
176.0,26.0,2,42.04793731425889,,0,
177.0,26.0,2,-22.821061433525756,,0,
178.0,26.0,2,-82.08656428952236,-212.342187,1,-130.25562271047764
179.0,26.0,2,-133.41451185941696,,0,
180.0,26.0,2,-176.01872609043494,,0,
181.0,26.0,2,-210.39523534697946,,0,
182.0,26.0,2,-236.3394146284263,,0,
183.0,26.0,2,-251.54941564821638,,0,
184.0,26.0,2,-251.0942128074821,-393.369794,1,-142.2755811925179
185.0,26.0,2,-227.01200835662894,,0,
186.0,26.0,2,-180.00638951582368,,0,
187.0,26.0,2,-114.27742924843915,,0,
188.0,26.0,2,-34.37738772062585,,0,
189.0,26.0,2,55.19272336352151,,0,
190.0,26.0,2,148.99492250106414,-106.685388,1,-255.68031050106413
191.0,26.0,2,241.05832411302254,,0,
192.0,26.0,2,323.98111051274464,,0,
193.0,26.0,2,386.52010039100423,,0,
194.0,26.0,2,419.1167889384087,,0,
195.0,26.0,2,418.9839106206782,,0,
196.0,26.0,2,391.1066088755615,436.235227,1,45.1286181244385
197.0,26.0,2,344.04321351856925,,0,
198.0,26.0,2,288.96138649608474,,0,
199.0,26.0,2,234.62255071406253,,0,
0.0,27.0,0,-293.30859947158024,,0,
1.0,27.0,0,-311.1107757408172,,0,
2.0,27.0,0,-327.8626844813116,,0,
3.0,27.0,0,-341.6541069573723,-429.58776,1,-87.93365304262772
4.0,27.0,0,-349.8033379134722,,0,
5.0,27.0,0,-349.9026931390399,,0,
6.0,27.0,0,-341.34465665370226,,0,
7.0,27.0,0,-323.56020779913524,,0,
8.0,27.0,0,-295.8823610174004,,0,
9.0,27.0,0,-258.0864486079663,-350.167985,1,-92.08153639203368
10.0,27.0,0,-209.84471210767515,,0,
11.0,27.0,0,-156.62452678196132,,0,
12.0,27.0,0,-103.5012570801191,,0,
13.0,27.0,0,-55.80538640660234,,0,
14.0,27.0,0,-19.851316759828478,,0,
15.0,27.0,0,-1.3724495461210608,186.721882,1,188.09433154612105
16.0,27.0,0,-1.99392697121948,,0,
17.0,27.0,0,-22.25377902481705,,0,
18.0,27.0,0,-61.62863169319462,,0,
19.0,27.0,0,-116.31366596138105,,0,
20.0,27.0,0,-179.21122014592402,,0,
21.0,27.0,0,-242.34798360045534,-260.585709,1,-18.237725399544672
22.0,27.0,0,-300.07274691737257,,0,
23.0,27.0,0,-347.6265065059997,,0,
24.0,27.0,0,-381.7205622235779,,0,
25.0,27.0,0,-401.03811913123354,,0,
26.0,27.0,0,-406.5146803036914,,0,
27.0,27.0,0,-402.1755618795287,-337.238024,1,64.93753787952869
28.0,27.0,0,-394.7166795746889,,0,
29.0,27.0,0,-388.00011742283823,,0,
30.0,27.0,0,-385.27034473908134,,0,
31.0,27.0,0,-386.6554164373083,,0,
32.0,27.0,0,-390.11234443145804,,0,
33.0,27.0,0,-392.24562241183594,-542.031159,1,-149.78553658816406
34.0,27.0,0,-387.6236162610585,,0,
35.0,27.0,0,-379.25865915138274,,0,
36.0,27.0,0,-369.7052184349159,,0,
37.0,27.0,0,-360.47550542117096,,0,
38.0,27.0,0,-352.4244079180062,,0,
39.0,27.0,0,-346.4116682665772,-226.743991,1,119.66767726657719
40.0,27.0,0,-343.5093955134507,,0,
41.0,27.0,0,-344.32113668322563,,0,
42.0,27.0,0,-347.6033856343711,,0,
43.0,27.0,0,-352.2922418436501,,0,
44.0,27.0,0,-358.0414615724003,,0,
45.0,27.0,0,-365.097410217335,-232.93662,1,132.16079021733498
46.0,27.0,0,-375.22310161113273,,0,
47.0,27.0,0,-383.3254717014497,,0,
48.0,27.0,0,-386.5686530955136,,0,
49.0,27.0,0,-383.76962253591046,,0,
50.0,27.0,0,-374.5989068635972,,0,
51.0,27.0,0,-360.55914522870444,-298.391332,1,62.16781322870446
52.0,27.0,0,-347.72198884235695,,0,
53.0,27.0,0,-342.44677980354754,,0,
54.0,27.0,0,-345.8000757343252,,0,
55.0,27.0,0,-357.37209680338856,,0,
56.0,27.0,0,-375.9823300560238,,0,
57.0,27.0,0,-398.37422320991755,-665.659874,1,-267.2856507900824
58.0,27.0,0,-418.9313224128564,,0,
59.0,27.0,0,-432.53766371915117,,0,
60.0,27.0,0,-441.116221823846,,0,
61.0,27.0,0,-448.0377853817481,,0,
62.0,27.0,0,-454.8678033290198,,0,
63.0,27.0,0,-461.7189968918683,-408.097305,1,53.621691891868295
64.0,27.0,0,-468.4261360534001,,0,
65.0,27.0,0,-471.7476635570638,,0,
66.0,27.0,0,-469.5522807537345,,0,
67.0,27.0,0,-461.24524904298596,,0,
68.0,27.0,0,-447.975732832565,,0,
69.0,27.0,0,-431.79739187809173,-466.521131,1,-34.723739121908295
70.0,27.0,0,-414.06183613918256,,0,
71.0,27.0,0,-396.19370061228983,,0,
72.0,27.0,0,-379.99637394270394,,0,
73.0,27.0,0,-366.6581498286687,,0,
74.0,27.0,3,-356.4139465179178,,0,
75.0,27.0,3,-349.1246899390826,-346.565248,1,2.5594419390826033
76.0,27.0,3,-344.5930810140562,,0,
77.0,27.0,3,-342.6921872057719,,0,
78.0,27.0,3,-343.60984950035345,,0,
79.0,27.0,3,-347.3400058450643,,0,
80.0,27.0,3,-352.0661942010629,,0,
81.0,27.0,3,-352.36134136258624,-468.414485,1,-116.05314363741377
82.0,27.0,3,-340.2424273508368,,0,
83.0,27.0,3,-314.69011235272046,,0,
84.0,27.0,3,-274.5002002217807,,0,
85.0,27.0,3,-219.5076270510326,,0,
86.0,27.0,3,-150.79683774578734,,0,
87.0,27.0,3,-72.39241732773371,-106.796393,1,-34.403975672266284
88.0,27.0,3,3.4150841506780125,,0,
89.0,27.0,3,64.15389090077952,,0,
90.0,27.0,3,101.71259574301075,,0,
91.0,27.0,3,113.56290785188321,,0,
92.0,27.0,3,101.71756712178467,,0,
93.0,27.0,3,72.18872022647702,13.779019,1,-58.40970122647702
94.0,27.0,3,36.809249506215565,,0,
95.0,27.0,3,4.140978789131623,,0,
96.0,27.0,3,-19.85211473511299,,0,
97.0,27.0,3,-32.946145497611724,,0,
98.0,27.0,3,-35.973794782476034,,0,
99.0,27.0,3,-31.622709796531126,-90.130435,1,-58.50772520346888
100.0,27.0,3,-22.608278324303683,,0,
101.0,27.0,3,-14.655753955419641,,0,
102.0,27.0,3,-13.109014921705239,,0,
103.0,27.0,3,-23.68597875188425,,0,
104.0,27.0,3,-52.12885615811683,,0,
105.0,27.0,3,-100.94369101396296,117.287824,1,218.23151501396296
106.0,27.0,3,-163.0218172313471,,0,
107.0,27.0,3,-229.89109195780475,,0,
108.0,27.0,3,-294.4171532923938,,0,
109.0,27.0,3,-349.8363890842011,,0,
110.0,27.0,3,-391.43130154302344,,0,
111.0,27.0,3,-417.42882296271273,-510.602743,1,-93.17392003728725
112.0,27.0,3,-427.59457741025835,,0,
113.0,27.0,3,-428.27375673118513,,0,
114.0,27.0,3,-425.0313790712826,,0,
115.0,27.0,3,-422.3174765208969,,0,
116.0,27.0,3,-424.00760724185966,,0,
117.0,27.0,3,-433.32027040963294,-362.211376,1,71.10889440963297
118.0,27.0,3,-452.3166916831833,,0,
119.0,27.0,3,-476.3741629011638,,0,
120.0,27.0,3,-499.7049091066583,,0,
121.0,27.0,3,-517.101025396958,,0,
122.0,27.0,3,-525.3746778466157,,0,
123.0,27.0,3,-523.3215385603253,-517.65069,1,5.670848560325226
124.0,27.0,3,-510.94944050721824,,0,
125.0,27.0,3,-488.6439594299882,,0,
126.0,27.0,3,-457.38040705518506,,0,
127.0,27.0,3,-418.6272299372358,,0,
128.0,27.0,3,-374.24647469696356,,0,
129.0,27.0,3,-326.2174332354916,-369.257,1,-43.03956676450838
130.0,27.0,1,-276.14716689119814,,0,
131.0,27.0,1,-225.4029785869643,,0,
132.0,27.0,1,-176.15578460111283,,0,
133.0,27.0,1,-130.09648306673625,,0,
134.0,27.0,1,-88.2720827809826,,0,
135.0,27.0,1,-51.02839719376061,-153.481863,1,-102.4534658062394
136.0,27.0,1,-16.9902619405766,,0,
137.0,27.0,1,10.329992184822913,,0,
138.0,27.0,1,28.886698771762894,,0,
139.0,27.0,1,36.317011694423854,,0,
140.0,27.0,1,27.52060233906377,,0,
141.0,27.0,1,-2.1918416972621344,476.565281,1,478.75712269726216
142.0,27.0,1,-47.85228468514106,,0,
143.0,27.0,1,-103.49179471825482,,0,
144.0,27.0,1,-165.69174549530726,,0,
145.0,27.0,1,-232.3789990863297,,0,
146.0,27.0,1,-300.3506828745012,,0,
147.0,27.0,1,-363.07542566698976,-539.528777,1,-176.45335133301023
148.0,27.0,1,-410.6638253366109,,0,
149.0,27.0,1,-434.3861963295494,,0,
150.0,27.0,1,-436.329670085237,,0,
151.0,27.0,1,-422.5496508529177,,0,
152.0,27.0,1,-397.85454691539053,,0,
153.0,27.0,1,-364.34749579045456,-457.57561,1,-93.22811420954542
154.0,27.0,1,-321.259272465948,,0,
155.0,27.0,1,-271.67691595992073,,0,
156.0,27.0,1,-216.23621743475087,,0,
157.0,27.0,1,-153.39359867433086,,0,
158.0,27.0,1,-79.6661622923857,,0,
159.0,27.0,1,7.266621510963887,-122.484494,1,-129.75111551096387
160.0,27.0,1,101.77058286010288,,0,
161.0,27.0,1,197.50097537471447,,0,
162.0,27.0,1,289.90562238008715,,0,
163.0,27.0,1,374.30533701879904,,0,
164.0,27.0,2,443.9362339125946,,0,
165.0,27.0,2,492.0126234606141,871.917634,1,379.9050105393859
166.0,27.0,2,517.1955388161587,,0,
167.0,27.0,2,519.9207191576716,,0,
168.0,27.0,2,507.77791520848405,,0,
169.0,27.0,2,486.4784189312486,,0,
170.0,27.0,2,457.34026147110853,,0,
171.0,27.0,2,418.80261111143045,696.51817,1,277.7155588885696
172.0,27.0,2,364.4980292946566,,0,
173.0,27.0,2,301.4235251202481,,0,
174.0,27.0,2,232.39076916503836,,0,
175.0,27.0,2,159.072348618065,,0,
176.0,27.0,2,83.9790530432947,,0,
177.0,27.0,2,10.405705607263371,-117.9248,1,-128.33050560726338
178.0,27.0,2,-57.05530714348424,,0,
179.0,27.0,2,-115.54026901745237,,0,
180.0,27.0,2,-164.82329306122847,,0,
181.0,27.0,2,-206.18327867123298,,0,
182.0,27.0,2,-239.9074571346573,,0,
183.0,27.0,2,-263.21376645588316,-285.080469,1,-21.866702544116833
184.0,27.0,2,-270.936061960645,,0,
185.0,27.0,2,-258.2048881240189,,0,
186.0,27.0,2,-224.94733167556114,,0,
187.0,27.0,2,-173.8993802787736,,0,
188.0,27.0,2,-108.35744491685182,,0,
189.0,27.0,2,-31.957892679725774,-125.747662,1,-93.78976932027423
190.0,27.0,2,50.23753026750637,,0,
191.0,27.0,2,132.52961426298134,,0,
192.0,27.0,2,208.05037511652336,,0,
193.0,27.0,2,268.0184531500563,,0,
194.0,27.0,2,303.02505169506185,,0,
195.0,27.0,2,307.81965948781,522.210871,1,214.39121151219
196.0,27.0,2,288.18823989480734,,0,
197.0,27.0,2,253.1798115882557,,0,
198.0,27.0,2,211.76480104925577,,0,
199.0,27.0,2,170.94086391944438,,0,
0.0,28.0,0,-346.4171077879146,,0,
1.0,28.0,0,-364.2470470331609,,0,
2.0,28.0,0,-380.0952311041765,-357.355453,1,22.73977810417648
3.0,28.0,0,-391.69447039905936,,0,
4.0,28.0,0,-396.4921912860591,,0,
5.0,28.0,0,-392.6561919656815,,0,
6.0,28.0,0,-379.2311100070365,,0,
7.0,28.0,0,-355.1877130002249,,0,
8.0,28.0,0,-319.4026058744639,-456.665856,1,-137.2632501255361
9.0,28.0,0,-272.381836974062,,0,
10.0,28.0,0,-215.80079736560583,,0,
11.0,28.0,0,-154.07485188916326,,0,
12.0,28.0,0,-92.55875980295241,,0,
13.0,28.0,0,-36.9928523467388,,0,
14.0,28.0,0,5.635330497752875,152.080919,1,146.44558850224712
15.0,28.0,0,26.952007255516946,,0,
16.0,28.0,0,27.58334520459175,,0,
17.0,28.0,0,7.513611397705972,,0,
18.0,28.0,0,-32.6673826558399,,0,
19.0,28.0,0,-89.7390769124031,,0,
20.0,28.0,0,-156.68249492254108,-255.001717,1,-98.31922207745893
21.0,28.0,0,-223.84843538200948,,0,
22.0,28.0,0,-287.16672704881057,,0,
23.0,28.0,0,-342.27145258767996,,0,
24.0,28.0,0,-385.46681261318736,,0,
25.0,28.0,0,-413.9195512169972,,0,
26.0,28.0,0,-426.8143471458461,-539.635839,1,-112.82149185415392
27.0,28.0,0,-428.66494022356346,,0,
28.0,28.0,0,-425.22710795677267,,0,
29.0,28.0,0,-420.34392980800476,,0,
30.0,28.0,0,-416.7397035481408,,0,
31.0,28.0,0,-415.49616201152094,,0,
32.0,28.0,0,-415.60117132309824,-616.112077,1,-200.51090567690176
33.0,28.0,0,-414.1988038565032,,0,
34.0,28.0,0,-408.39550438756123,,0,
35.0,28.0,0,-399.081227587536,,0,
36.0,28.0,0,-388.1038820708636,,0,
37.0,28.0,0,-376.6807128380169,,0,
38.0,28.0,0,-365.75338044192176,-336.778049,1,28.975331441921753
39.0,28.0,0,-356.9209011293715,,0,
40.0,28.0,0,-351.5569333587773,,0,
41.0,28.0,0,-350.1699995691888,,0,
42.0,28.0,0,-352.4135351316072,,0,
43.0,28.0,0,-358.1297788466327,,0,
44.0,28.0,0,-367.4323266816791,-234.535526,1,132.8968006816791
45.0,28.0,0,-379.38314678531606,,0,
46.0,28.0,0,-392.61481094837654,,0,
47.0,28.0,0,-403.12837641569786,,0,
48.0,28.0,0,-407.1424197468441,,0,
49.0,28.0,0,-402.87638906016946,,0,
50.0,28.0,0,-390.4862175367889,-496.707996,1,-106.22177846321108
51.0,28.0,0,-370.54593380657025,,0,
52.0,28.0,0,-350.1330220652744,,0,
53.0,28.0,0,-334.3123860426713,,0,
54.0,28.0,0,-325.35128495143726,,0,
55.0,28.0,0,-324.2738897828385,,0,
56.0,28.0,0,-331.0894788024016,-416.322832,1,-85.23335319759843
57.0,28.0,0,-342.80260585527867,,0,
58.0,28.0,0,-355.7030351497233,,0,
59.0,28.0,0,-367.72472965554334,,0,
60.0,28.0,0,-379.55920323333703,,0,
61.0,28.0,0,-392.8726090788259,,0,
62.0,28.0,0,-408.44996896386147,-289.838261,1,118.61170796386148
63.0,28.0,0,-425.42682048963616,,0,
64.0,28.0,0,-442.34451912960503,,0,
65.0,28.0,0,-456.7609992576763,,0,
66.0,28.0,0,-466.6743827613536,,0,
67.0,28.0,0,-471.2372260815464,,0,
68.0,28.0,0,-470.84258332592435,-426.439242,1,44.40334132592437
69.0,28.0,0,-467.1249578842544,,0,
70.0,28.0,0,-459.76673058624147,,0,
71.0,28.0,0,-449.41542697965633,,0,
72.0,28.0,0,-437.2595763760619,,0,
73.0,28.0,3,-424.25276697194204,,0,
74.0,28.0,3,-411.05859369412065,-443.489264,1,-32.430670305879346
75.0,28.0,3,-398.79459631361533,,0,
76.0,28.0,3,-388.29607483785367,,0,
77.0,28.0,3,-380.0094471431803,,0,
78.0,28.0,3,-374.31197001971304,,0,
79.0,28.0,3,-372.06986167514697,,0,
80.0,28.0,3,-372.7108494647546,-259.560976,1,113.14987346475459
81.0,28.0,3,-369.08613748662174,,0,
82.0,28.0,3,-353.8760795481794,,0,
83.0,28.0,3,-324.27011208608747,,0,
84.0,28.0,3,-278.95183517207624,,0,
85.0,28.0,3,-218.389219011151,,0,
86.0,28.0,3,-145.22305391932605,-456.025535,1,-310.80248108067394
87.0,28.0,3,-60.26024888870597,,0,
88.0,28.0,3,19.19301433931105,,0,
89.0,28.0,3,80.95137809007429,,0,
90.0,28.0,3,117.14230048377067,,0,
91.0,28.0,3,125.20254366623703,,0,
92.0,28.0,3,108.73717282287544,270.343507,1,161.60633417712455
93.0,28.0,3,73.39037798112258,,0,
94.0,28.0,3,33.629677119723056,,0,
95.0,28.0,3,-1.1050577962887473,,0,
96.0,28.0,3,-25.52318604150787,,0,
97.0,28.0,3,-37.10901985701639,,0,
98.0,28.0,3,-35.97063680464635,-216.44948,1,-180.47884319535365
99.0,28.0,3,-26.402015941916034,,0,
100.0,28.0,3,-13.422789261268917,,0,
101.0,28.0,3,-3.0382564416504465,,0,
102.0,28.0,3,-1.781652961682994,,0,
103.0,28.0,3,-15.271252322709188,,0,
104.0,28.0,3,-47.91978434135672,285.546438,1,333.46622234135674
105.0,28.0,3,-105.78890840767417,,0,
106.0,28.0,3,-175.74623671126028,,0,
107.0,28.0,3,-248.20158134272788,,0,
108.0,28.0,3,-315.3392294367659,,0,
109.0,28.0,3,-370.1165988011926,,0,
110.0,28.0,3,-408.1181312971312,-463.983898,1,-55.865766702868825
111.0,28.0,3,-429.0586241736164,,0,
112.0,28.0,3,-434.67133168526925,,0,
113.0,28.0,3,-429.44425647333264,,0,
114.0,28.0,3,-418.20281584502663,,0,
115.0,28.0,3,-405.5344201857224,,0,
116.0,28.0,3,-396.4782898394624,-409.95332,1,-13.475030160537642
117.0,28.0,3,-395.31730038645765,,0,
118.0,28.0,3,-404.3123513938335,,0,
119.0,28.0,3,-420.76283189450623,,0,
120.0,28.0,3,-439.3565071961493,,0,
121.0,28.0,3,-454.8390723190969,,0,
122.0,28.0,3,-463.73580434618634,-543.514845,1,-79.7790406538137
123.0,28.0,3,-464.3458234559512,,0,
124.0,28.0,3,-456.05460195580963,,0,
125.0,28.0,3,-438.90334805213206,,0,
126.0,28.0,3,-413.61912587571715,,0,
127.0,28.0,3,-381.6066730003804,,0,
128.0,28.0,3,-344.63804060197435,-243.029195,1,101.60884560197437
129.0,28.0,3,-304.30402175034396,,0,
130.0,28.0,1,-262.0615677477326,,0,
131.0,28.0,1,-219.5140995301772,,0,
132.0,28.0,1,-178.5611133199418,,0,
133.0,28.0,1,-140.37550059737987,,0,
134.0,28.0,1,-105.01922549186565,-271.466972,1,-166.44774650813434
135.0,28.0,1,-72.89937491336605,,0,
136.0,28.0,1,-44.00918092782376,,0,
137.0,28.0,1,-19.146481656935066,,0,
138.0,28.0,1,1.8874855441390537,,0,
139.0,28.0,1,18.241648930008523,,0,
140.0,28.0,1,23.083919070428237,430.52681,1,407.4428909295718
141.0,28.0,1,3.133252522558905,,0,
142.0,28.0,1,-32.13442392284924,,0,
143.0,28.0,1,-77.72639158280799,,0,
144.0,28.0,1,-131.02648091473384,,0,
145.0,28.0,1,-190.04479297983926,,0,
146.0,28.0,1,-251.65051158564165,-307.154854,1,-55.50434241435835
147.0,28.0,1,-307.69709576526657,,0,
148.0,28.0,1,-349.5236627436243,,0,
149.0,28.0,1,-371.9467427037889,,0,
150.0,28.0,1,-375.42555546728545,,0,
151.0,28.0,1,-364.1268145837821,,0,
152.0,28.0,1,-342.6429018637864,-441.487354,1,-98.84445213621359
153.0,28.0,1,-313.3330072253011,,0,
154.0,28.0,1,-277.1247596233734,,0,
155.0,28.0,1,-235.62177596695255,,0,
156.0,28.0,1,-188.92303222883493,,0,
157.0,28.0,1,-135.32559284975287,,0,
158.0,28.0,1,-71.15321269765263,-387.570811,1,-316.41759830234736
159.0,28.0,1,10.8573137097992,,0,
160.0,28.0,1,100.70121442945674,,0,
161.0,28.0,1,192.6178045553388,,0,
162.0,28.0,1,283.4246676537441,,0,
163.0,28.0,1,369.188628180651,,0,
164.0,28.0,2,441.8326449349988,737.439177,1,295.60653206500115
165.0,28.0,2,489.14985304290894,,0,
166.0,28.0,2,516.2465700516768,,0,
167.0,28.0,2,527.045626983745,,0,
168.0,28.0,2,525.8616153945914,,0,
169.0,28.0,2,513.9077749036951,,0,
170.0,28.0,2,489.10916432912927,1196.91993,1,707.8107656708708
171.0,28.0,2,451.92040070332587,,0,
172.0,28.0,2,401.6743328496814,,0,
173.0,28.0,2,340.68180144927464,,0,
174.0,28.0,2,270.1832840743882,,0,
175.0,28.0,2,191.66249189758673,,0,
176.0,28.0,2,109.71538561279885,208.111794,1,98.39640838720115
177.0,28.0,2,28.48830146586988,,0,
178.0,28.0,2,-44.85380085441284,,0,
179.0,28.0,2,-107.33094681822695,,0,
180.0,28.0,2,-159.47399091464467,,0,
181.0,28.0,2,-204.1837369466666,,0,
182.0,28.0,2,-243.35450084527838,18.33633,1,261.69083084527836
183.0,28.0,2,-272.9760034973733,,0,
184.0,28.0,2,-288.18738553114235,,0,
185.0,28.0,2,-286.0522547182627,,0,
186.0,28.0,2,-266.04272931383457,,0,
187.0,28.0,2,-229.47069865302183,,0,
188.0,28.0,2,-178.6042443511542,-228.000316,1,-49.396071648845805
189.0,28.0,2,-115.65667217550799,,0,
190.0,28.0,2,-45.70056191802723,,0,
191.0,28.0,2,26.353415488731116,,0,
192.0,28.0,2,94.72271781228483,,0,
193.0,28.0,2,152.0912916981615,,0,
194.0,28.0,2,189.59880090213846,502.00515,1,312.40634909786155
195.0,28.0,2,197.2365548699163,,0,
196.0,28.0,2,184.90215612854809,,0,
197.0,28.0,2,160.8953620545799,,0,
198.0,28.0,2,132.63434973801486,,0,
199.0,28.0,2,105.74278814881109,,0,
0.0,29.0,0,-397.2080858759582,,0,
1.0,29.0,0,-414.98811144568026,-358.582307,1,56.405804445680246
2.0,29.0,0,-430.11489458568394,,0,
3.0,29.0,0,-439.497647897806,,0,
4.0,29.0,0,-440.8045459163841,,0,
5.0,29.0,0,-432.499521437916,,0,
6.0,29.0,0,-413.76198463561013,,0,
7.0,29.0,0,-383.65234980965033,-459.049162,1,-75.39681219034969
8.0,29.0,0,-339.8022031309083,,0,
9.0,29.0,0,-284.33329271152616,,0,
10.0,29.0,0,-219.8391546444036,,0,
11.0,29.0,0,-150.46913038333878,,0,
12.0,29.0,0,-81.63798146764748,,0,
13.0,29.0,0,-19.609396468498744,5.931995,1,25.541391468498745
14.0,29.0,0,27.75755604612641,,0,
15.0,29.0,0,53.85435542173218,,0,
16.0,29.0,0,57.32324809068814,,0,
17.0,29.0,0,38.66093917377293,,0,
18.0,29.0,0,-1.5336165414191782,,0,
19.0,29.0,0,-60.81650906149298,-111.101095,1,-50.28458593850702
20.0,29.0,0,-131.2675678075757,,0,
21.0,29.0,0,-204.21849419164937,,0,
22.0,29.0,0,-274.26698269788176,,0,
23.0,29.0,0,-337.1390537353582,,0,
24.0,29.0,0,-389.0942024067044,,0,
25.0,29.0,0,-426.76134573761374,-579.394237,1,-152.63289126238624
26.0,29.0,0,-446.34498247038573,,0,
27.0,29.0,0,-453.6169492537156,,0,
28.0,29.0,0,-453.09292261092924,,0,
29.0,29.0,0,-448.2543169214041,,0,
30.0,29.0,0,-442.2513672718778,,0,
31.0,29.0,0,-437.2242961358279,-612.649401,1,-175.4251048641721
32.0,29.0,0,-432.9900109153241,,0,
33.0,29.0,0,-427.9818973415531,,0,
34.0,29.0,0,-420.6717648039339,,0,
35.0,29.0,0,-410.7187064648606,,0,
36.0,29.0,0,-398.77453357737977,,0,
37.0,29.0,0,-385.9263954462949,-426.800311,1,-40.8739155537051
38.0,29.0,0,-372.86309080652427,,0,
39.0,29.0,0,-362.1737300232053,,0,
40.0,29.0,0,-355.4673017008463,,0,
41.0,29.0,0,-353.4090327769518,,0,
42.0,29.0,0,-356.0338805844076,,0,
43.0,29.0,0,-363.6107046098914,-283.553981,1,80.05672360989138
44.0,29.0,0,-377.339623524691,,0,
45.0,29.0,0,-393.9165315969731,,0,
46.0,29.0,0,-410.2658395015169,,0,
47.0,29.0,0,-422.6016997934785,,0,
48.0,29.0,0,-426.61827349616215,,0,
49.0,29.0,0,-419.25343807647005,-584.865085,1,-165.61164692352997
50.0,29.0,0,-401.7493687059032,,0,
51.0,29.0,0,-376.78914723172784,,0,
52.0,29.0,0,-349.23385978490114,,0,
53.0,29.0,0,-323.61239109176677,,0,
54.0,29.0,0,-302.76832571742125,,0,
55.0,29.0,0,-288.6656171940267,-194.733667,1,93.93195019402671
56.0,29.0,0,-283.62674931040965,,0,
57.0,29.0,0,-284.56031900597736,,0,
58.0,29.0,0,-289.8252301851753,,0,
59.0,29.0,0,-299.5104750911705,,0,
60.0,29.0,0,-314.4162878440693,,0,
61.0,29.0,0,-334.5139128318988,-285.877564,1,48.63634883189877
62.0,29.0,0,-359.66491721814964,,0,
63.0,29.0,0,-387.1687025506981,,0,
64.0,29.0,0,-414.82309853471816,,0,
65.0,29.0,0,-440.5052246651612,,0,
66.0,29.0,0,-462.50484788039466,,0,
67.0,29.0,0,-479.86034945282154,-430.5804,1,49.27994945282154
68.0,29.0,0,-492.27860978257377,,0,
69.0,29.0,0,-499.7410714326543,,0,
70.0,29.0,0,-501.5721811626572,,0,
71.0,29.0,0,-497.6801038319245,,0,
72.0,29.0,0,-488.90430136868963,,0,
73.0,29.0,3,-476.2314345515333,-515.941006,1,-39.709571448466704
74.0,29.0,3,-460.37845515448134,,0,
75.0,29.0,3,-443.80208106688224,,0,
76.0,29.0,3,-428.0261248300667,,0,
77.0,29.0,3,-414.01122750501963,,0,
78.0,29.0,3,-402.1169970877236,,0,
79.0,29.0,3,-392.87054898415226,-161.160383,1,231.71016598415227
80.0,29.0,3,-388.8107852274552,,0,
81.0,29.0,3,-379.6829231798183,,0,
82.0,29.0,3,-359.00909691653214,,0,
83.0,29.0,3,-323.6669008502504,,0,
84.0,29.0,3,-271.1042256122455,,0,
85.0,29.0,3,-200.34132452431368,-585.348053,1,-385.0067284756864
86.0,29.0,3,-117.61204041814199,,0,
87.0,29.0,3,-30.564922864490654,,0,
88.0,29.0,3,48.463638439716306,,0,
89.0,29.0,3,108.37665091943927,,0,
90.0,29.0,3,140.29982562171062,,0,
91.0,29.0,3,139.52756159601267,374.473564,1,234.94600240398734
92.0,29.0,3,113.31158265587874,,0,
93.0,29.0,3,72.17876653335406,,0,
94.0,29.0,3,28.598107780504506,,0,
95.0,29.0,3,-7.365292321250308,,0,
96.0,29.0,3,-30.607785253203474,,0,
97.0,29.0,3,-39.81983351614326,-189.802376,1,-149.98254248385675
98.0,29.0,3,-34.03092639168608,,0,
99.0,29.0,3,-20.709262010408565,,0,
100.0,29.0,3,-5.697229661047459,,0,
101.0,29.0,3,5.051048188004643,,0,
102.0,29.0,3,3.723344543395797,,0,
103.0,29.0,3,-17.238078438211232,410.506155,1,427.7442334382112
104.0,29.0,3,-59.5675668566837,,0,
105.0,29.0,3,-122.27340184082277,,0,
106.0,29.0,3,-196.54175262968056,,0,
107.0,29.0,3,-272.3555867562536,,0,
108.0,29.0,3,-340.69584010046674,,0,
109.0,29.0,3,-393.36075113013794,-489.972109,1,-96.61135786986205
110.0,29.0,3,-425.7238110372855,,0,
111.0,29.0,3,-440.1787743413006,,0,
112.0,29.0,3,-439.18194465962006,,0,
113.0,29.0,3,-426.44196613889653,,0,
114.0,29.0,3,-405.82254677658784,,0,
115.0,29.0,3,-381.3842524555512,-480.542882,1,-99.15862954444884
116.0,29.0,3,-360.1820856202394,,0,
117.0,29.0,3,-348.274988434845,,0,
118.0,29.0,3,-348.47501473262673,,0,
119.0,29.0,3,-359.2276583536586,,0,
120.0,29.0,3,-375.1048272374319,,0,
121.0,29.0,3,-389.7861078926362,-575.308437,1,-185.52232910736382
122.0,29.0,3,-399.77829811212723,,0,
123.0,29.0,3,-403.2142583280802,,0,
124.0,29.0,3,-399.0175846742932,,0,
125.0,29.0,3,-386.8697241732152,,0,
126.0,29.0,3,-367.26638237197767,,0,
127.0,29.0,3,-341.56009788723895,-329.610403,1,11.949694887238934
128.0,29.0,3,-311.6397300469689,,0,
129.0,29.0,3,-278.7634545858018,,0,
130.0,29.0,1,-244.22054559277603,,0,
131.0,29.0,1,-209.426196204382,,0,
132.0,29.0,1,-176.27703818609007,,0,
133.0,29.0,1,-146.12098607679945,-219.131889,1,-73.01090292320055
134.0,29.0,1,-117.27705187669198,,0,
135.0,29.0,1,-91.4898915150552,,0,
136.0,29.0,1,-69.54668537410907,,0,
137.0,29.0,1,-50.94464596314356,,0,
138.0,29.0,1,-32.56379511451814,,0,
139.0,29.0,1,-12.467819747980684,-96.341187,1,-83.87336725201932
140.0,29.0,1,-0.14636128768324852,,0,
141.0,29.0,1,-5.302631238999311,,0,
142.0,29.0,1,-26.022362528157828,,0,
143.0,29.0,1,-58.90320784668438,,0,
144.0,29.0,1,-101.51002855336992,,0,
145.0,29.0,1,-150.60749033628963,31.915684,1,182.52317433628963
146.0,29.0,1,-204.45307653932832,,0,
147.0,29.0,1,-252.21214163512923,,0,
148.0,29.0,1,-286.84839157538954,,0,
149.0,29.0,1,-305.0725280541228,,0,
150.0,29.0,1,-306.9250924611697,,0,
151.0,29.0,1,-295.178478181595,-262.118304,1,33.06017418159496
152.0,29.0,1,-274.73146285500843,,0,
153.0,29.0,1,-248.17603484506253,,0,
154.0,29.0,1,-217.3292008683784,,0,
155.0,29.0,1,-182.99924894946162,,0,
156.0,29.0,1,-143.7877953213174,,0,
157.0,29.0,1,-96.50366324780043,-421.632962,1,-325.1292987521996
158.0,29.0,1,-37.98965765358298,,0,
159.0,29.0,1,33.98381661088206,,0,
160.0,29.0,1,114.39247543900274,,0,
161.0,29.0,1,197.70590496447403,,0,
162.0,29.0,1,281.29938897362445,,0,
163.0,29.0,2,362.27072983118705,327.993982,1,-34.27674783118704
164.0,29.0,2,430.11933632101864,,0,
165.0,29.0,2,476.23976907343604,,0,
166.0,29.0,2,503.10710550274234,,0,
167.0,29.0,2,516.777278079302,,0,
168.0,29.0,2,521.6626789540751,,0,
169.0,29.0,2,516.4434407365043,807.21851,1,290.77506926349577
170.0,29.0,2,493.1422073073918,,0,
171.0,29.0,2,457.8315676548518,,0,
172.0,29.0,2,412.14434771053493,,0,
173.0,29.0,2,355.66150087397546,,0,
174.0,29.0,2,285.73000635555945,,0,
175.0,29.0,2,201.42433169228025,529.27462,1,327.8502883077198
176.0,29.0,2,111.98338374658488,,0,
177.0,29.0,2,26.165830053854734,,0,
178.0,29.0,2,-49.713733915938064,,0,
179.0,29.0,2,-112.83803715603426,,0,
180.0,29.0,2,-164.48871276690625,,0,
181.0,29.0,2,-208.94661168952007,1.862553,1,210.80916468952006
182.0,29.0,2,-251.26819934282685,,0,
183.0,29.0,2,-284.5572682521306,,0,
184.0,29.0,2,-305.047998202499,,0,
185.0,29.0,2,-311.2555347280577,,0,
186.0,29.0,2,-302.5146196015412,,0,
187.0,29.0,2,-278.4985934703145,-395.746352,1,-117.24775852968548
188.0,29.0,2,-240.72747235256247,,0,
189.0,29.0,2,-191.55111807468347,,0,
190.0,29.0,2,-134.44483312038938,,0,
191.0,29.0,2,-73.18179462430999,,0,
192.0,29.0,2,-12.578840929316357,,0,
193.0,29.0,2,40.14392691128887,58.916232,1,18.77230508871113
194.0,29.0,2,76.03545033594128,,0,
195.0,29.0,2,90.0243294108659,,0,
196.0,29.0,2,86.81925592664629,,0,
197.0,29.0,2,73.67900232493412,,0,
198.0,29.0,2,57.82025072554825,,0,
199.0,29.0,2,45.05742441257462,-241.046478,1,-286.1039024125746
0.0,30.0,0,-445.4439598028548,-422.404952,1,23.039007802854826
1.0,30.0,0,-464.1570692323148,,0,
2.0,30.0,0,-478.100002238265,,0,
3.0,30.0,0,-485.0056483158842,,0,
4.0,30.0,0,-482.64799815486185,,0,
5.0,30.0,0,-469.47972567542456,,0,
6.0,30.0,0,-444.6031231088564,-411.261338,1,33.34178510885636
7.0,30.0,0,-407.6453424952924,,0,
8.0,30.0,0,-357.1001137457788,,0,
9.0,30.0,0,-294.3353142077103,,0,
10.0,30.0,0,-222.23201992898248,,0,
11.0,30.0,0,-145.2030116217211,,0,
12.0,30.0,0,-69.36604641960002,-117.156184,1,-47.79013758039997
13.0,30.0,0,-1.1196706403279677,,0,
14.0,30.0,0,50.97678730939515,,0,
15.0,30.0,0,81.01751758082537,,0,
16.0,30.0,0,86.92200992396101,,0,
17.0,30.0,0,69.3092992445454,,0,
18.0,30.0,0,29.35992230195552,185.82603,1,156.46610769804448
19.0,30.0,0,-32.54959421325475,,0,
20.0,30.0,0,-106.60755563247949,,0,
21.0,30.0,0,-184.8850133860833,,0,
22.0,30.0,0,-261.42788514704444,,0,
23.0,30.0,0,-331.24839113722555,,0,
24.0,30.0,0,-389.9897094559856,-489.344732,1,-99.35502254401445
25.0,30.0,0,-434.0051819998771,,0,
26.0,30.0,0,-461.1929794116877,,0,
27.0,30.0,0,-474.0350495534949,,0,
28.0,30.0,0,-475.9264271997381,,0,
29.0,30.0,0,-470.0969727296615,,0,
30.0,30.0,0,-460.5350969512947,-423.623501,1,36.911595951294714
31.0,30.0,0,-451.1429884680547,,0,
32.0,30.0,0,-442.3659378502052,,0,
33.0,30.0,0,-433.8546890397556,,0,
34.0,30.0,0,-424.79294112173375,,0,
35.0,30.0,0,-413.9891044907272,,0,
36.0,30.0,0,-400.6538501724135,-512.701498,1,-112.0476478275865
37.0,30.0,0,-386.0064876237302,,0,
38.0,30.0,0,-371.72369872243144,,0,
39.0,30.0,0,-360.0511026823078,,0,
40.0,30.0,0,-352.94609247962944,,0,
41.0,30.0,0,-351.460093527101,,0,
42.0,30.0,0,-355.906365901581,-323.229335,1,32.67703090158102
43.0,30.0,0,-366.7787121501751,,0,
44.0,30.0,0,-383.83153003570624,,0,
45.0,30.0,0,-404.0023900900269,,0,
46.0,30.0,0,-422.9876074003987,,0,
47.0,30.0,0,-436.4948104079813,,0,
48.0,30.0,0,-440.4175730624702,-603.552665,1,-163.13509193752986
49.0,30.0,0,-429.48876320617273,,0,
50.0,30.0,0,-407.750572552206,,0,
51.0,30.0,0,-378.285949498415,,0,
52.0,30.0,0,-344.65783867030405,,0,
53.0,30.0,0,-310.84660594153684,,0,
54.0,30.0,0,-280.3143592053093,-206.048109,1,74.26625020530929
55.0,30.0,0,-255.57268004794605,,0,
56.0,30.0,0,-238.44315665354952,,0,
57.0,30.0,0,-228.6301257717423,,0,
58.0,30.0,0,-226.10970061499393,,0,
59.0,30.0,0,-232.8201446966268,,0,
60.0,30.0,0,-250.9733613631688,-108.346004,1,142.6273573631688
61.0,30.0,0,-278.205469116976,,0,
62.0,30.0,0,-311.7544708995847,,0,
63.0,30.0,0,-348.84059211960994,,0,
64.0,30.0,0,-386.77128777315374,,0,
65.0,30.0,0,-423.25787596334703,,0,
66.0,30.0,0,-456.6945228721015,-450.097283,1,6.597239872101511
67.0,30.0,0,-486.08576268178876,,0,
68.0,30.0,0,-510.32554358197376,,0,
69.0,30.0,0,-528.2201979145175,,0,
70.0,30.0,0,-538.2030960189877,,0,
71.0,30.0,0,-539.4968812169973,,0,
72.0,30.0,0,-533.1151132724481,-556.845039,1,-23.729925727551972
73.0,30.0,3,-520.244304852793,,0,
74.0,30.0,3,-502.9209572492982,,0,
75.0,30.0,3,-483.352683106903,,0,
76.0,30.0,3,-463.54135192156537,,0,
77.0,30.0,3,-445.30744429968763,,0,
78.0,30.0,3,-429.7380246868124,-232.127087,1,197.61093768681243
79.0,30.0,3,-416.3495885144803,,0,
80.0,30.0,3,-403.70032012986485,,0,
81.0,30.0,3,-385.3408938138746,,0,
82.0,30.0,3,-355.14022131304955,,0,
83.0,30.0,3,-310.014651011792,,0,
84.0,30.0,3,-248.0658579034498,-592.771736,1,-344.70587809655024
85.0,30.0,3,-164.62314359282027,,0,
86.0,30.0,3,-73.85932821512688,,0,
87.0,30.0,3,13.511756712163333,,0,
88.0,30.0,3,87.85953438450815,,0,
89.0,30.0,3,141.23917482886463,,0,
90.0,30.0,3,166.25762752545415,581.501785,1,415.2441574745459
91.0,30.0,3,153.0153182783397,,0,
92.0,30.0,3,116.4124509022804,,0,
93.0,30.0,3,68.7022629227722,,0,
94.0,30.0,3,21.75916674049222,,0,
95.0,30.0,3,-13.836393767676782,,0,
96.0,30.0,3,-32.84574889676878,-208.526312,1,-175.6805631032312
97.0,30.0,3,-36.870204938342795,,0,
98.0,30.0,3,-29.048577957903035,,0,
99.0,30.0,3,-15.211115131969564,,0,
100.0,30.0,3,-1.2931624250486493,,0,
101.0,30.0,3,6.981221791284042,,0,
102.0,30.0,3,1.7801572259049863,284.447179,1,282.667021774095
103.0,30.0,3,-28.35363805037923,,0,
104.0,30.0,3,-78.81573420632049,,0,
105.0,30.0,3,-145.5501191279618,,0,
106.0,30.0,3,-221.52737603953574,,0,
107.0,30.0,3,-297.8262953273952,,0,
108.0,30.0,3,-365.26528528891504,-522.486555,1,-157.22126971108491
109.0,30.0,3,-413.22671508004714,,0,
110.0,30.0,3,-440.74748113844544,,0,
111.0,30.0,3,-448.68918748770375,,0,
112.0,30.0,3,-439.44953249939135,,0,
113.0,30.0,3,-417.12331137637375,,0,
114.0,30.0,3,-386.0001110075391,-544.436339,1,-158.43622799246089
115.0,30.0,3,-348.4443007976515,,0,
116.0,30.0,3,-314.82010724477004,,0,
117.0,30.0,3,-292.4140136645583,,0,
118.0,30.0,3,-285.2428517994704,,0,
119.0,30.0,3,-292.61859544110484,,0,
120.0,30.0,3,-308.2731583975692,-392.652351,1,-84.3791926024308
121.0,30.0,3,-323.4398962871928,,0,
122.0,30.0,3,-335.3285104990937,,0,
123.0,30.0,3,-341.8765527782962,,0,
124.0,30.0,3,-341.7948959415662,,0,
125.0,30.0,3,-334.53925131930737,,0,
126.0,30.0,3,-320.40392383979633,-397.709377,1,-77.30545316020368
127.0,30.0,3,-300.8959923168877,,0,
128.0,30.0,3,-277.7614663239219,,0,
129.0,30.0,3,-252.34933037597511,,0,
130.0,30.0,1,-225.708576061239,,0,
131.0,30.0,1,-198.63861891435226,,0,
132.0,30.0,1,-172.35007414058782,-85.738728,1,86.61134614058783
133.0,30.0,1,-149.12405325262807,,0,
134.0,30.0,1,-127.24467282893602,,0,
135.0,30.0,1,-108.13627401483245,,0,
136.0,30.0,1,-93.38829488278134,,0,
137.0,30.0,1,-82.36613358531031,,0,
138.0,30.0,1,-70.59144207404461,-445.351261,1,-374.7598189259554
139.0,30.0,1,-49.38848355296068,,0,
140.0,30.0,1,-31.828989959612954,,0,
141.0,30.0,1,-25.393716617312748,,0,
142.0,30.0,1,-31.75208479340654,,0,
143.0,30.0,1,-51.61267954821233,,0,
144.0,30.0,1,-84.95557303208625,334.109299,1,419.06487203208627
145.0,30.0,1,-125.95466937794117,,0,
146.0,30.0,1,-168.48253408505116,,0,
147.0,30.0,1,-204.90816849062685,,0,
148.0,30.0,1,-229.64491963619366,,0,
149.0,30.0,1,-240.49930101737846,,0,
150.0,30.0,1,-237.6152819361305,-281.743282,1,-44.128000063869536
151.0,30.0,1,-222.579842229723,,0,
152.0,30.0,1,-200.19294126023306,,0,
153.0,30.0,1,-173.89378788796603,,0,
154.0,30.0,1,-145.94861610094085,,0,
155.0,30.0,1,-116.74650841823313,,0,
156.0,30.0,1,-83.52485200751107,-181.924473,1,-98.39962099248893
157.0,30.0,1,-40.78553810203448,,0,
158.0,30.0,1,11.922985686454922,,0,
159.0,30.0,1,74.72066691960208,,0,
160.0,30.0,1,145.16948055563262,,0,
161.0,30.0,1,218.97607043669268,,0,
162.0,30.0,1,292.41686036169995,-16.82969,1,-309.2465503617
163.0,30.0,2,365.9821537254611,,0,
164.0,30.0,2,425.56562461867,,0,
165.0,30.0,2,465.20496489305515,,0,
166.0,30.0,2,486.71512758522294,,0,
167.0,30.0,2,496.5667651044205,,0,
168.0,30.0,2,500.47711448802147,302.636193,1,-197.84092148802148
169.0,30.0,2,494.1569491397822,,0,
170.0,30.0,2,472.78281105088536,,0,
171.0,30.0,2,439.3716144601349,,0,
172.0,30.0,2,396.66253053268883,,0,
173.0,30.0,2,343.3896923061693,,0,
174.0,30.0,2,274.56747328839265,733.465461,1,458.89798771160736
175.0,30.0,2,184.09925320278853,,0,
176.0,30.0,2,90.14425725245383,,0,
177.0,30.0,2,2.7370728573878296,,0,
178.0,30.0,2,-72.59685732075013,,0,
179.0,30.0,2,-133.66231991676614,,0,
180.0,30.0,2,-182.87844949692953,-90.278971,1,92.59947849692954
181.0,30.0,2,-226.7918044681428,,0,
182.0,30.0,2,-266.51073725381866,,0,
183.0,30.0,2,-298.889935429208,,0,
184.0,30.0,2,-321.00515088113025,,0,
185.0,30.0,2,-332.1775382483029,,0,
186.0,30.0,2,-332.25370901683345,-405.271496,1,-73.01778698316656
187.0,30.0,2,-318.3811507173814,,0,
188.0,30.0,2,-292.10958097479306,,0,
189.0,30.0,2,-255.38616561400704,,0,
190.0,30.0,2,-210.62604386685416,,0,
191.0,30.0,2,-160.07593371300027,,0,
192.0,30.0,2,-106.85587436484639,-334.496938,1,-227.6410636351536
193.0,30.0,2,-58.810161924455315,,0,
194.0,30.0,2,-23.46574442088604,,0,
195.0,30.0,2,-3.8151623187586665,,0,
196.0,30.0,2,2.6114029120653868,,0,
197.0,30.0,2,0.7569027354475111,,0,
198.0,30.0,2,-3.8030036268755794,-245.80797,1,-242.00496637312443
199.0,30.0,2,-3.050677028950304,,0,
0.0,31.0,0,-489.4238513755845,,0,
1.0,31.0,0,-509.35095243901014,,0,
2.0,31.0,0,-522.6547616092721,,0,
3.0,31.0,0,-527.370862158481,,0,
4.0,31.0,0,-521.5716330446303,,0,
5.0,31.0,0,-503.7968824263662,-440.661083,1,63.13579942636619
6.0,31.0,0,-473.1502497107722,,0,
7.0,31.0,0,-429.24185382714495,,0,
8.0,31.0,0,-371.89399886270985,,0,
9.0,31.0,0,-302.2189833968878,,0,
10.0,31.0,0,-222.5483826934942,,0,
11.0,31.0,0,-137.06882289471105,-234.031051,1,-96.96222810528894
12.0,31.0,0,-53.254225009121,,0,
13.0,31.0,0,20.84562055952847,,0,
14.0,31.0,0,77.18441977910697,,0,
15.0,31.0,0,109.70143097359687,,0,
16.0,31.0,0,115.99287307343911,,0,
17.0,31.0,0,96.9855082060676,284.20484,1,187.21933179393238
18.0,31.0,0,54.56396504165605,,0,
19.0,31.0,0,-8.39955151383765,,0,
20.0,31.0,0,-84.87420189008117,,0,
21.0,31.0,0,-167.32066722097807,,0,
22.0,31.0,0,-249.23215734912083,,0,
23.0,31.0,0,-324.80145787470974,-346.989902,1,-22.188444125290232
24.0,31.0,0,-388.86350628419314,,0,
25.0,31.0,0,-438.2910678429762,,0,
26.0,31.0,0,-471.3743662922643,,0,
27.0,31.0,0,-488.84916373854503,,0,
28.0,31.0,0,-492.5060783987865,,0,
29.0,31.0,0,-484.80079845985165,-402.731512,1,82.06928645985164
30.0,31.0,0,-471.3279109620489,,0,
31.0,31.0,0,-456.851127844071,,0,
32.0,31.0,0,-443.26312759675784,,0,
33.0,31.0,0,-431.11898359050974,,0,
34.0,31.0,0,-420.07922821631655,,0,
35.0,31.0,0,-408.4218564853072,-489.674256,1,-81.2523995146928
36.0,31.0,0,-393.37198361521587,,0,
37.0,31.0,0,-377.14427018305287,,0,
38.0,31.0,0,-361.6926658740267,,0,
39.0,31.0,0,-349.16974927834235,,0,
40.0,31.0,0,-341.84836994693615,,0,
41.0,31.0,0,-341.3661033840617,-361.304877,1,-19.93877361593826
42.0,31.0,0,-347.87508786516264,,0,
43.0,31.0,0,-361.7631834758213,,0,
44.0,31.0,0,-381.94997342769057,,0,
45.0,31.0,0,-405.250722670462,,0,
46.0,31.0,0,-426.3936520037241,,0,
47.0,31.0,0,-439.59671792492736,-585.582043,1,-145.98532507507264
48.0,31.0,0,-441.6844580048346,,0,
49.0,31.0,0,-430.39657113456633,,0,
50.0,31.0,0,-407.21651199192274,,0,
51.0,31.0,0,-374.9534228153061,,0,
52.0,31.0,0,-336.863299602177,,0,
53.0,31.0,0,-296.73969730199315,-265.731753,1,31.00794430199312
54.0,31.0,0,-258.74125342071056,,0,
55.0,31.0,0,-225.02889699616935,,0,
56.0,31.0,0,-197.70869646169012,,0,
57.0,31.0,0,-178.60799341561506,,0,
58.0,31.0,0,-169.43064598413184,,0,
59.0,31.0,0,-172.72778230567928,51.980579,1,224.7083613056793
60.0,31.0,0,-193.86896731401794,,0,
61.0,31.0,0,-226.40210918759112,,0,
62.0,31.0,0,-266.60425611771643,,0,
63.0,31.0,0,-311.6943179309601,,0,
64.0,31.0,0,-358.6790629243478,,0,
65.0,31.0,0,-404.7443104505073,-431.297552,1,-26.553241549492668
66.0,31.0,0,-448.3693528942531,,0,
67.0,31.0,0,-488.2905069683911,,0,
68.0,31.0,0,-522.9082205379382,,0,
69.0,31.0,0,-550.3229205205571,,0,
70.0,31.0,0,-567.7361930049956,,0,
71.0,31.0,0,-572.862112392555,-676.340752,1,-103.47863960744496
72.0,31.0,0,-568.0335782220936,,0,
73.0,31.0,3,-555.830875117681,,0,
74.0,31.0,3,-538.2210719846189,,0,
75.0,31.0,3,-517.1528226730879,,0,
76.0,31.0,3,-494.8035760568455,,0,
77.0,31.0,3,-473.5696684360155,-380.406202,1,93.16346643601548
78.0,31.0,3,-455.40780376747716,,0,
79.0,31.0,3,-436.8831083009718,,0,
80.0,31.0,3,-414.84727064787876,,0,
81.0,31.0,3,-384.77034684299724,,0,
82.0,31.0,3,-341.33140582812484,,0,
83.0,31.0,3,-280.689299388323,-515.516777,1,-234.82747761167707
84.0,31.0,3,-203.2543603486847,,0,
85.0,31.0,3,-111.78155943457386,,0,
86.0,31.0,3,-17.370724058360793,,0,
87.0,31.0,3,67.34418216900667,,0,
88.0,31.0,3,132.6251302662422,,0,
89.0,31.0,3,172.83890007482842,775.228127,1,602.3892269251716
90.0,31.0,3,183.35832332063,,0,
91.0,31.0,3,162.09824921831023,,0,
92.0,31.0,3,118.63915340928361,,0,
93.0,31.0,3,65.62748449365608,,0,
94.0,31.0,3,16.165468295454048,,0,
95.0,31.0,3,-17.553576336998958,-202.773244,1,-185.21966766300105
96.0,31.0,3,-30.537680117748096,,0,
97.0,31.0,3,-30.222352952172514,,0,
98.0,31.0,3,-21.68814066930645,,0,
99.0,31.0,3,-10.045834446616936,,0,
100.0,31.0,3,-0.5907116805901751,,0,
101.0,31.0,3,1.2523888609139249,75.653752,1,74.40136313908607
102.0,31.0,3,-11.932267130468972,,0,
103.0,31.0,3,-46.62910541135352,,0,
104.0,31.0,3,-101.11240214115242,,0,
105.0,31.0,3,-170.1618783637532,,0,
106.0,31.0,3,-246.2296834254812,,0,
107.0,31.0,3,-320.0714523960487,-518.406976,1,-198.3355236039513
108.0,31.0,3,-383.29787756025326,,0,
109.0,31.0,3,-428.3437205479422,,0,
110.0,31.0,3,-452.0072762282798,,0,
111.0,31.0,3,-453.4989680952276,,0,
112.0,31.0,3,-434.480763438929,,0,
113.0,31.0,3,-399.93211324699223,-636.280712,1,-236.34859875300776
114.0,31.0,3,-355.5034054638236,,0,
115.0,31.0,3,-306.78967598982854,,0,
116.0,31.0,3,-262.4068274765741,,0,
117.0,31.0,3,-230.58125746931182,,0,
118.0,31.0,3,-217.40487059624866,,0,
119.0,31.0,3,-223.64484428067226,-118.629473,1,105.01537128067226
120.0,31.0,3,-240.1977179700334,,0,
121.0,31.0,3,-257.85174317643396,,0,
122.0,31.0,3,-272.4313232176355,,0,
123.0,31.0,3,-282.0665953683201,,0,
124.0,31.0,3,-285.7830170573434,,0,
125.0,31.0,3,-283.1676723040291,-313.106685,1,-29.939012695970916
126.0,31.0,3,-274.292283302173,,0,
127.0,31.0,3,-261.03548845811747,,0,
128.0,31.0,3,-244.90915627536015,,0,
129.0,31.0,3,-227.36576197316754,,0,
130.0,31.0,1,-209.46523598243948,,0,
131.0,31.0,1,-191.28352507943055,163.320697,1,354.60422207943054
132.0,31.0,1,-173.03932220122078,,0,
133.0,31.0,1,-155.47846952665714,,0,
134.0,31.0,1,-138.8302474101074,,0,
135.0,31.0,1,-125.03154760831967,,0,
136.0,31.0,1,-116.16429233390954,,0,
137.0,31.0,1,-110.67694185714936,-213.335339,1,-102.65839714285065
138.0,31.0,1,-102.19594064413104,,0,
139.0,31.0,1,-86.10035286366474,,0,
140.0,31.0,1,-68.27613988006487,,0,
141.0,31.0,1,-55.425659015600104,,0,
142.0,31.0,1,-51.376265280880034,,0,
143.0,31.0,1,-59.72837027418427,237.037282,1,296.7656522741843
144.0,31.0,1,-85.42136257933453,,0,
145.0,31.0,1,-117.11751829592686,,0,
146.0,31.0,1,-147.27793660620227,,0,
147.0,31.0,1,-170.21710211248137,,0,
148.0,31.0,1,-182.39625174249522,,0,
149.0,31.0,1,-182.82457120955223,-425.363403,1,-242.53883179044777
150.0,31.0,1,-171.8102347991662,,0,
151.0,31.0,1,-151.21438514289912,,0,
152.0,31.0,1,-124.76403719728114,,0,
153.0,31.0,1,-96.25789954645734,,0,
154.0,31.0,1,-68.64035399048589,,0,
155.0,31.0,1,-42.17663157428615,72.353156,1,114.52978757428615
156.0,31.0,1,-12.199546220363118,,0,
157.0,31.0,1,26.021892936783843,,0,
158.0,31.0,1,73.48751292657107,,0,
159.0,31.0,1,129.50376945873722,,0,
160.0,31.0,1,193.06730429816525,,0,
161.0,31.0,1,262.0162506503548,-209.50633,1,-471.52258065035477
162.0,31.0,1,330.3237774303416,,0,
163.0,31.0,2,392.32050478528254,,0,
164.0,31.0,2,439.567235507071,,0,
165.0,31.0,2,468.280864759814,,0,
166.0,31.0,2,480.2650082942564,,0,
167.0,31.0,2,480.31153228180483,122.917506,1,-357.3940262818048
168.0,31.0,2,478.0321384319104,,0,
169.0,31.0,2,464.88826790009625,,0,
170.0,31.0,2,438.9302951757563,,0,
171.0,31.0,2,402.65563458926044,,0,
172.0,31.0,2,357.856593408389,,0,
173.0,31.0,2,302.30805992672686,538.819358,1,236.5112980732731
174.0,31.0,2,227.57651309436187,,0,
175.0,31.0,2,138.53352287458256,,0,
176.0,31.0,2,46.895583944860846,,0,
177.0,31.0,2,-37.754248210112564,,0,
178.0,31.0,2,-109.64354609558359,,0,
179.0,31.0,2,-166.21597240772098,-101.145117,1,65.07085540772098
180.0,31.0,2,-211.40826247038785,,0,
181.0,31.0,2,-250.47102541313507,,0,
182.0,31.0,2,-284.89139664988033,,0,
183.0,31.0,2,-313.4145532574039,,0,
184.0,31.0,2,-334.19954467145726,,0,
185.0,31.0,2,-346.5752321794862,-231.56954,1,115.0056921794862
186.0,31.0,2,-351.8066004109569,,0,
187.0,31.0,2,-345.9491715214681,,0,
188.0,31.0,2,-328.92497091484256,,0,
189.0,31.0,2,-302.0500979903154,,0,
190.0,31.0,2,-267.1122627565637,,0,
191.0,31.0,2,-225.94666193053126,-417.897196,1,-191.95053406946874
192.0,31.0,2,-178.3702719154535,,0,
193.0,31.0,2,-133.985125492909,,0,
194.0,31.0,2,-98.57278798520565,,0,
195.0,31.0,2,-74.12085492280312,,0,
196.0,31.0,2,-58.73228756617755,,0,
197.0,31.0,2,-48.19474738370627,-302.128836,1,-253.9340886162937
198.0,31.0,2,-39.848375344183296,,0,
199.0,31.0,2,-30.978499443735927,,0,
0.0,32.0,0,-527.1011178058106,,0,
1.0,32.0,0,-548.5970014352351,,0,
2.0,32.0,0,-561.9333831266267,,0,
3.0,32.0,0,-565.1667421241291,,0,
4.0,32.0,0,-556.5320299342275,-550.483778,1,6.048251934227437
5.0,32.0,0,-534.6848927177489,,0,
6.0,32.0,0,-498.5860001328401,,0,
7.0,32.0,0,-448.0518657770008,,0,
8.0,32.0,0,-383.71460772608407,,0,
9.0,32.0,0,-306.9039107488934,,0,
10.0,32.0,0,-219.63710381276906,-323.627403,1,-103.99029918723096
11.0,32.0,0,-125.31546783191152,,0,
12.0,32.0,0,-33.87808000575751,,0,
13.0,32.0,0,45.89241989492439,,0,
14.0,32.0,0,105.88201499450952,,0,
15.0,32.0,0,139.4745498499833,,0,
16.0,32.0,0,143.95343545236392,269.983508,1,126.03007254763605
17.0,32.0,0,121.81973076844588,,0,
18.0,32.0,0,76.5351130340714,,0,
19.0,32.0,0,11.95909161050804,,0,
20.0,32.0,0,-66.43287064693868,,0,
21.0,32.0,0,-152.11957202426856,,0,
22.0,32.0,0,-238.20582826435566,-247.283478,1,-9.077649735644343
23.0,32.0,0,-318.0716116153635,,0,
24.0,32.0,0,-386.6399119180278,,0,
25.0,32.0,0,-440.36806390970014,,0,
26.0,32.0,0,-477.11234424926806,,0,
27.0,32.0,0,-496.7687881044112,,0,
28.0,32.0,0,-500.8930375073105,-650.552379,1,-149.65934149268946
29.0,32.0,0,-490.1238847763743,,0,
30.0,32.0,0,-472.67538068583235,,0,
31.0,32.0,0,-453.6324000461027,,0,
32.0,32.0,0,-435.502478244598,,0,
33.0,32.0,0,-419.6374067061115,,0,
34.0,32.0,0,-406.26524090743624,-366.430894,1,39.83434690743621
35.0,32.0,0,-392.80944036785513,,0,
36.0,32.0,0,-376.99660778045654,,0,
37.0,32.0,0,-359.6596601236379,,0,
38.0,32.0,0,-342.8439653804526,,0,
39.0,32.0,0,-328.98158560087904,,0,
40.0,32.0,0,-320.71507891407236,-295.742309,1,24.972769914072387
41.0,32.0,0,-320.4658048469573,,0,
42.0,32.0,0,-328.5134927558247,,0,
43.0,32.0,0,-344.70054309349507,,0,
44.0,32.0,0,-367.4325167015195,,0,
45.0,32.0,0,-393.28839613799937,,0,
46.0,32.0,0,-416.7722708033398,-569.830114,1,-153.0578431966602
47.0,32.0,0,-429.70968883903697,,0,
48.0,32.0,0,-431.84599914605496,,0,
49.0,32.0,0,-421.8615037915297,,0,
50.0,32.0,0,-399.5137839000672,,0,
51.0,32.0,0,-366.415427101776,,0,
52.0,32.0,0,-325.9657634543255,-335.66973,1,-9.703966545674518
53.0,32.0,0,-282.082121131476,,0,
54.0,32.0,0,-238.58935167221352,,0,
55.0,32.0,0,-197.9987638425082,,0,
56.0,32.0,0,-162.81019281150657,,0,
57.0,32.0,0,-136.70901683392003,,0,
58.0,32.0,0,-123.88801447942387,15.59745,1,139.48546447942388
59.0,32.0,0,-126.71098823123612,,0,
60.0,32.0,0,-146.81851002620533,,0,
61.0,32.0,0,-180.95544758648612,,0,
62.0,32.0,0,-225.09128251788206,,0,
63.0,32.0,0,-275.9730112910038,,0,
64.0,32.0,0,-330.26641809695866,-376.807708,1,-46.54128990304133
65.0,32.0,0,-384.076181208482,,0,
66.0,32.0,0,-436.173682924913,,0,
67.0,32.0,0,-484.7953702263767,,0,
68.0,32.0,0,-527.7212143423967,,0,
69.0,32.0,0,-562.6819509513443,,0,
70.0,32.0,0,-586.7952639138093,-788.760309,1,-201.96504508619068
71.0,32.0,0,-594.8829403627897,,0,
72.0,32.0,0,-592.4601904308656,,0,
73.0,32.0,3,-582.291138460394,,0,
74.0,32.0,3,-565.932570773235,,0,
75.0,32.0,3,-545.046474179253,,0,
76.0,32.0,3,-521.8414788849186,-462.459819,1,59.38165988491863
77.0,32.0,3,-499.4730438037077,,0,
78.0,32.0,3,-477.11952442862093,,0,
79.0,32.0,3,-451.66712876805104,,0,
80.0,32.0,3,-419.1445463360287,,0,
81.0,32.0,3,-375.6787257188698,,0,
82.0,32.0,3,-317.473232990189,-510.683855,1,-193.210622009811
83.0,32.0,3,-239.43188494612696,,0,
84.0,32.0,3,-147.81241673603654,,0,
85.0,32.0,3,-49.11987310749828,,0,
86.0,32.0,3,46.80440269038081,,0,
87.0,32.0,3,126.92445650161244,,0,
88.0,32.0,3,179.8374697879044,760.641459,1,580.8039892120956
89.0,32.0,3,204.1409645228414,,0,
90.0,32.0,3,200.43625960987993,,0,
91.0,32.0,3,170.86820104043,,0,
92.0,32.0,3,122.90462354267947,,0,
93.0,32.0,3,67.39918677450623,,0,
94.0,32.0,3,17.354813730344176,-305.342182,1,-322.69699573034416
95.0,32.0,3,-10.880454782163724,,0,
96.0,32.0,3,-21.122088392119622,,0,
97.0,32.0,3,-19.607076766551472,,0,
98.0,32.0,3,-12.254386062333651,,0,
99.0,32.0,3,-4.514135392615572,,0,
100.0,32.0,3,-1.5488043266814202,-31.59234,1,-30.04353567331858
101.0,32.0,3,-7.399217945843702,,0,
102.0,32.0,3,-27.730246437015012,,0,
103.0,32.0,3,-66.2727655461058,,0,
104.0,32.0,3,-122.58189802551351,,0,
105.0,32.0,3,-192.3639274117886,,0,
106.0,32.0,3,-267.7099729789188,-357.499059,1,-89.78908602108118
107.0,32.0,3,-337.964017737424,,0,
108.0,32.0,3,-397.1282190423226,,0,
109.0,32.0,3,-439.13746211791295,,0,
110.0,32.0,3,-459.37071550358087,,0,
111.0,32.0,3,-454.4921892825514,,0,
112.0,32.0,3,-424.4740738510736,-656.443505,1,-231.96943114892633
113.0,32.0,3,-376.85633200862503,,0,
114.0,32.0,3,-319.9811210801181,,0,
115.0,32.0,3,-261.2387936426094,,0,
116.0,32.0,3,-208.4244920621859,,0,
117.0,32.0,3,-169.7077799931576,,0,
118.0,32.0,3,-152.50298680283595,150.390885,1,302.893871802836
119.0,32.0,3,-160.1092589404434,,0,
120.0,32.0,3,-177.93095766629267,,0,
121.0,32.0,3,-197.21470476863033,,0,
122.0,32.0,3,-213.63596918823896,,0,
123.0,32.0,3,-225.3083569110022,,0,
124.0,32.0,3,-231.81001120293513,-254.164333,1,-22.35432179706487
125.0,32.0,3,-232.94982447457733,,0,
126.0,32.0,3,-229.7417981486069,,0,
127.0,32.0,3,-223.3535905085737,,0,
128.0,32.0,3,-214.7780578811944,,0,
129.0,32.0,3,-205.6373024907516,,0,
130.0,32.0,1,-197.7027492391644,188.264087,1,385.9668362391644
131.0,32.0,1,-189.67348810459953,,0,
132.0,32.0,1,-180.15592899685726,,0,
133.0,32.0,1,-168.8233074711461,,0,
134.0,32.0,1,-156.4348967638798,,0,
135.0,32.0,1,-146.43610142881516,,0,
136.0,32.0,1,-142.7250616469537,-70.809208,1,71.91585364695369
137.0,32.0,1,-142.5161356466997,,0,
138.0,32.0,1,-138.19940781104378,,0,
139.0,32.0,1,-126.90801121166442,,0,
140.0,32.0,1,-111.33139677805593,,0,
141.0,32.0,1,-96.47500656283228,,0,
142.0,32.0,1,-87.40253354911692,-12.093309,1,75.30922454911692
143.0,32.0,1,-90.20357747434173,,0,
144.0,32.0,1,-105.00336833775509,,0,
145.0,32.0,1,-124.77105397007836,,0,
146.0,32.0,1,-141.59280147170648,,0,
147.0,32.0,1,-150.01317640952766,,0,
148.0,32.0,1,-147.96797266369686,-119.058951,1,28.909021663696862
149.0,32.0,1,-136.15625469735824,,0,
150.0,32.0,1,-115.14926414866932,,0,
151.0,32.0,1,-87.10568508133292,,0,
152.0,32.0,1,-55.184450382133946,,0,
153.0,32.0,1,-23.03269829339115,,0,
154.0,32.0,1,5.970728325890377,142.221146,1,136.25041767410963
155.0,32.0,1,31.19694004068151,,0,
156.0,32.0,1,60.01143024757039,,0,
157.0,32.0,1,96.52091589104384,,0,
158.0,32.0,1,141.87743556080386,,0,
159.0,32.0,1,195.3662740692962,,0,
160.0,32.0,1,256.08065228385385,19.477016,1,-236.60363628385386
161.0,32.0,1,324.9686430033471,,0,
162.0,32.0,1,390.05300541152246,,0,
163.0,32.0,2,442.56920084683225,,0,
164.0,32.0,2,476.7127738193376,,0,
165.0,32.0,2,492.8379500641022,,0,
166.0,32.0,2,495.9343744209036,118.711872,1,-377.22250242090365
167.0,32.0,2,487.7063684752211,,0,
168.0,32.0,2,470.49261268717237,,0,
169.0,32.0,2,442.3536638666119,,0,
170.0,32.0,2,403.95630531036295,,0,
171.0,32.0,2,358.21461470238864,,0,
172.0,32.0,2,304.8029717946192,322.196347,1,17.393375205380778
173.0,32.0,2,240.37053982936777,,0,
174.0,32.0,2,162.55814883904532,,0,
175.0,32.0,2,76.83096246467903,,0,
176.0,32.0,2,-8.08074528828729,,0,
177.0,32.0,2,-85.58675596636022,,0,
178.0,32.0,2,-151.23359875218011,-324.885653,1,-173.65205424781988
179.0,32.0,2,-200.4282723320648,,0,
180.0,32.0,2,-239.19865856622346,,0,
181.0,32.0,2,-271.5964145187754,,0,
182.0,32.0,2,-299.51137625193223,,0,
183.0,32.0,2,-323.2133369878866,,0,
184.0,32.0,2,-341.7622099299915,-72.855534,1,268.9066759299915
185.0,32.0,2,-354.3995803470025,,0,
186.0,32.0,2,-360.6259707061108,,0,
187.0,32.0,2,-358.44437143509276,,0,
188.0,32.0,2,-347.0680728703737,,0,
189.0,32.0,2,-326.4247670372715,,0,
190.0,32.0,2,-296.6458879392594,-502.783364,1,-206.1374760607406
191.0,32.0,2,-259.92438093340024,,0,
192.0,32.0,2,-218.64928099000826,,0,
193.0,32.0,2,-178.15400307427626,,0,
194.0,32.0,2,-142.48209231439978,,0,
195.0,32.0,2,-113.30618672841229,,0,
196.0,32.0,2,-90.32843295414932,-280.159372,1,-189.8309390458507
197.0,32.0,2,-68.8047208969947,,0,
198.0,32.0,2,-51.44030224857852,,0,
199.0,32.0,2,-37.68380843428895,,0,
0.0,33.0,0,-556.4513346967287,,0,
1.0,33.0,0,-579.9505120313261,,0,
2.0,33.0,0,-593.9503105133772,,0,
3.0,33.0,0,-596.5292316228151,-561.503917,1,35.02531462281513
4.0,33.0,0,-585.9994035344571,,0,
5.0,33.0,0,-560.753279053024,,0,
6.0,33.0,0,-519.6384040643461,,0,
7.0,33.0,0,-462.64125676453114,,0,
8.0,33.0,0,-391.01656381052453,,0,
9.0,33.0,0,-306.54943313333206,-376.322771,1,-69.77333786666793
10.0,33.0,0,-210.60936076147482,,0,
11.0,33.0,0,-109.61666443850845,,0,
12.0,33.0,0,-12.47215716354549,,0,
13.0,33.0,0,71.74935119837755,,0,
14.0,33.0,0,134.27990218950436,,0,
15.0,33.0,0,167.53235067310743,293.923152,1,126.39080132689259
16.0,33.0,0,168.57008524803678,,0,
17.0,33.0,0,143.07803345960565,,0,
18.0,33.0,0,95.15509844699409,,0,
19.0,33.0,0,28.789721568580717,,0,
20.0,33.0,0,-51.373941883444786,,0,
21.0,33.0,0,-139.80963187175803,-76.188874,1,63.62075787175803
22.0,33.0,0,-229.0504466514103,,0,
23.0,33.0,0,-312.0928704398684,,0,
24.0,33.0,0,-383.6610892941244,,0,
25.0,33.0,0,-439.9781671722885,,0,
26.0,33.0,0,-478.00091387249995,,0,
27.0,33.0,0,-496.16023995447904,-733.076771,1,-236.91653104552097
28.0,33.0,0,-497.04683911055326,,0,
29.0,33.0,0,-484.32373590476345,,0,
30.0,33.0,0,-464.14363203034736,,0,
31.0,33.0,0,-441.836666663643,,0,
32.0,33.0,0,-420.3520349516766,,0,
33.0,33.0,0,-401.183469282696,-308.006323,1,93.17714628269601
34.0,33.0,0,-385.86049365089275,,0,
35.0,33.0,0,-370.58222110616043,,0,
36.0,33.0,0,-353.406035348773,,0,
37.0,33.0,0,-334.5160179412924,,0,
38.0,33.0,0,-315.63604019442573,,0,
39.0,33.0,0,-299.6128329022322,-190.684296,1,108.9285369022322
40.0,33.0,0,-289.60989262152,,0,
41.0,33.0,0,-288.1684175784467,,0,
42.0,33.0,0,-296.3368236031383,,0,
43.0,33.0,0,-313.74282225139905,,0,
44.0,33.0,0,-338.0680491444655,,0,
45.0,33.0,0,-365.0732032175001,-503.916412,1,-138.84320878249986
46.0,33.0,0,-389.3545669566374,,0,
47.0,33.0,0,-405.21790478541516,,0,
48.0,33.0,0,-410.3895710844081,,0,
49.0,33.0,0,-403.701133988332,,0,
50.0,33.0,0,-384.0524573638104,,0,
51.0,33.0,0,-351.6256686358247,-420.82311,1,-69.19744136417529
52.0,33.0,0,-310.7313848771155,,0,
53.0,33.0,0,-265.77967628161423,,0,
54.0,33.0,0,-219.94161544926465,,0,
55.0,33.0,0,-175.5796915277606,,0,
56.0,33.0,0,-135.3905101546552,,0,
57.0,33.0,0,-104.09110124048311,37.933101,1,142.0242022404831
58.0,33.0,0,-89.0642249622615,,0,
59.0,33.0,0,-90.30645453755278,,0,
60.0,33.0,0,-108.38751377444714,,0,
61.0,33.0,0,-141.86686407134403,,0,
62.0,33.0,0,-187.49262253614143,,0,
63.0,33.0,0,-241.59662584075704,-235.673731,1,5.9228948407570385
64.0,33.0,0,-300.49764584819786,,0,
65.0,33.0,0,-360.5067794332281,,0,
66.0,33.0,0,-419.2538584944559,,0,
67.0,33.0,0,-474.4800011990592,,0,
68.0,33.0,0,-523.2037856795359,,0,
69.0,33.0,0,-562.1954998929868,-735.975231,1,-173.77973110701316
70.0,33.0,0,-589.2594256824814,,0,
71.0,33.0,0,-602.7381118597696,,0,
72.0,33.0,0,-605.1036270891782,,0,
73.0,33.0,3,-598.8042103108601,,0,
74.0,33.0,3,-585.2296560846735,,0,
75.0,33.0,3,-566.084724294371,-558.27766,1,7.807064294371003
76.0,33.0,3,-543.5412723675836,,0,
77.0,33.0,3,-519.2305181547126,,0,
78.0,33.0,3,-492.12327732669655,,0,
79.0,33.0,3,-459.010519611591,,0,
80.0,33.0,3,-415.28509469356504,,0,
81.0,33.0,3,-356.63094357051887,-511.475605,1,-154.8446614294811
82.0,33.0,3,-281.51282758335583,,0,
83.0,33.0,3,-190.1051041696919,,0,
84.0,33.0,3,-88.26414105622098,,0,
85.0,33.0,3,15.28907489636913,,0,
86.0,33.0,3,110.52114341233391,,0,
87.0,33.0,3,185.50359166093403,564.492056,1,378.988464339066
88.0,33.0,3,224.79406558914343,,0,
89.0,33.0,3,234.82547934551258,,0,
90.0,33.0,3,219.13932391929848,,0,
91.0,33.0,3,181.9136017006822,,0,
92.0,33.0,3,130.83856695936993,,0,
93.0,33.0,3,76.43062295136042,-152.627207,1,-229.05782995136042
94.0,33.0,3,30.858658629003912,,0,
95.0,33.0,3,3.7889225881081074,,0,
96.0,33.0,3,-6.2978983168140985,,0,
97.0,33.0,3,-5.793341396580217,,0,
98.0,33.0,3,-1.1613186859176494,,0,
99.0,33.0,3,1.9876019435469061,44.682694,1,42.69509205645309
100.0,33.0,3,-1.6884059652220458,,0,
101.0,33.0,3,-15.049436633693404,,0,
102.0,33.0,3,-41.57212436560076,,0,
103.0,33.0,3,-83.46167962509207,,0,
104.0,33.0,3,-140.70712690689834,,0,
105.0,33.0,3,-210.2391363994393,-130.31527,1,79.9238663994393
106.0,33.0,3,-283.49947799956135,,0,
107.0,33.0,3,-351.0908640464768,,0,
108.0,33.0,3,-406.6395758659346,,0,
109.0,33.0,3,-444.96890070676454,,0,
110.0,33.0,3,-460.98585696483497,,0,
111.0,33.0,3,-449.7867435797234,-705.210228,1,-255.42348442027662
112.0,33.0,3,-408.4223308592773,,0,
113.0,33.0,3,-349.52491463540355,,0,
114.0,33.0,3,-282.8392683537095,,0,
115.0,33.0,3,-216.99103853129782,,0,
116.0,33.0,3,-159.95054729364347,,0,
117.0,33.0,3,-119.14178443138371,134.971409,1,254.1131934313837
118.0,33.0,3,-104.48533878743183,,0,
119.0,33.0,3,-110.22325658856425,,0,
120.0,33.0,3,-126.32765874397592,,0,
121.0,33.0,3,-144.78679590178945,,0,
122.0,33.0,3,-161.0028336624964,,0,
123.0,33.0,3,-172.71696015429916,-116.826297,1,55.89066315429916
124.0,33.0,3,-180.40713719569612,,0,
125.0,33.0,3,-185.07080154598225,,0,
126.0,33.0,3,-187.74931788176764,,0,
127.0,33.0,3,-189.15214588074014,,0,
128.0,33.0,3,-189.34986880316865,,0,
129.0,33.0,3,-189.12039375677705,-48.302352,1,140.81804175677706
130.0,33.0,1,-192.35260001930874,,0,
131.0,33.0,1,-195.2520809120615,,0,
132.0,33.0,1,-195.48980556812603,,0,
133.0,33.0,1,-191.99598771193996,,0,
134.0,33.0,1,-185.12943500385154,,0,
135.0,33.0,1,-178.67385272076353,128.167526,1,306.84137872076354
136.0,33.0,1,-181.30802169587696,,0,
137.0,33.0,1,-184.93045448689372,,0,
138.0,33.0,1,-183.9016665549716,,0,
139.0,33.0,1,-176.01628764590714,,0,
140.0,33.0,1,-162.62833520694403,,0,
141.0,33.0,1,-147.8467266705702,-287.153781,1,-139.30705432942977
142.0,33.0,1,-136.81522816151846,,0,
143.0,33.0,1,-133.73674906755332,,0,
144.0,33.0,1,-138.4192821845063,,0,
145.0,33.0,1,-146.23344382998766,,0,
146.0,33.0,1,-150.13587686116807,,0,
147.0,33.0,1,-144.10886670043692,-213.834701,1,-69.72583429956308
148.0,33.0,1,-127.98013698903378,,0,
149.0,33.0,1,-103.36323449423071,,0,
150.0,33.0,1,-71.79289163346402,,0,
151.0,33.0,1,-35.98672586225439,,0,
152.0,33.0,1,0.9845765442587435,,0,
153.0,33.0,1,36.473126555385534,201.231247,1,164.75812044461446
154.0,33.0,1,65.83808028278872,,0,
155.0,33.0,1,93.44126086914912,,0,
156.0,33.0,1,124.53495073365048,,0,
157.0,33.0,1,162.96529530535918,,0,
158.0,33.0,1,210.53219748218544,,0,
159.0,33.0,1,267.41846824553795,250.404484,1,-17.013984245537955
160.0,33.0,1,332.60371637745993,,0,
161.0,33.0,1,402.51739247184014,,0,
162.0,33.0,2,466.493297254201,,0,
163.0,33.0,2,513.4648119155318,,0,
164.0,33.0,2,537.4970735248644,,0,
165.0,33.0,2,541.3869780701352,187.562326,1,-353.82465207013524
166.0,33.0,2,536.6143306223676,,0,
167.0,33.0,2,517.561434966512,,0,
168.0,33.0,2,483.46287266223226,,0,
169.0,33.0,2,435.5412001221557,,0,
170.0,33.0,2,378.9328450934263,,0,
171.0,33.0,2,319.97390709037427,106.04325,1,-213.93065709037427
172.0,33.0,2,254.88105262164026,,0,
173.0,33.0,2,180.12353450525552,,0,
174.0,33.0,2,97.7799428422004,,0,
175.0,33.0,2,14.902079977793619,,0,
176.0,33.0,2,-61.321999592822976,,0,
177.0,33.0,2,-127.77943719565519,-403.148485,1,-275.3690478043448
178.0,33.0,2,-182.76695372536778,,0,
179.0,33.0,2,-224.99672159389593,,0,
180.0,33.0,2,-257.2479204075644,,0,
181.0,33.0,2,-282.6111547818873,,0,
182.0,33.0,2,-303.5626980231609,,0,
183.0,33.0,2,-322.2450142877642,-120.314542,1,201.9304722877642
184.0,33.0,2,-338.01743312366307,,0,
185.0,33.0,2,-349.24739830737235,,0,
186.0,33.0,2,-354.3408754351549,,0,
187.0,33.0,2,-351.994506271556,,0,
188.0,33.0,2,-342.00824318500236,,0,
189.0,33.0,2,-324.15093578537926,-467.436958,1,-143.28602221462074
190.0,33.0,2,-296.0662283396814,,0,
191.0,33.0,2,-262.24176756385714,,0,
192.0,33.0,2,-225.32067860593088,,0,
193.0,33.0,2,-187.99318973964546,,0,
194.0,33.0,2,-151.68392344890162,,0,
195.0,33.0,2,-116.49110795278102,-315.955037,1,-199.46392904721898
196.0,33.0,2,-85.23236437491141,,0,
197.0,33.0,2,-58.81307168724015,,0,
198.0,33.0,2,-38.59841867443174,,0,
199.0,33.0,2,-24.3302097953856,,0,
0.0,34.0,0,-575.1537096673856,,0,
1.0,34.0,0,-601.0675290650688,,0,
2.0,34.0,0,-616.1736880522221,-632.221237,1,-16.04754894777784
3.0,34.0,0,-618.9111533956602,,0,
4.0,34.0,0,-607.6186814568937,,0,
5.0,34.0,0,-580.1321726332535,,0,
6.0,34.0,0,-534.7963168094866,,0,
7.0,34.0,0,-471.65318773943,,0,
8.0,34.0,0,-392.6614824438584,-523.401934,1,-130.74045155614158
9.0,34.0,0,-300.3746373709291,,0,
10.0,34.0,0,-198.0450729551958,,0,
11.0,34.0,0,-92.12970981933177,,0,
12.0,34.0,0,8.472378669306636,,0,
13.0,34.0,0,94.57895602867939,,0,
14.0,34.0,0,157.52003508107737,353.171007,1,195.6509719189226
15.0,34.0,0,187.35495066060685,,0,
16.0,34.0,0,186.43265826324932,,0,
17.0,34.0,0,158.92719696299173,,0,
18.0,34.0,0,108.96493128215661,,0,
19.0,34.0,0,40.768369268393144,,0,
20.0,34.0,0,-40.88533606007695,43.00893,1,83.89426606007694
21.0,34.0,0,-131.67748750932515,,0,
22.0,34.0,0,-222.88527395296842,,0,
23.0,34.0,0,-307.4066906948574,,0,
24.0,34.0,0,-379.72624627611367,,0,
25.0,34.0,0,-435.98887112364173,,0,
26.0,34.0,0,-473.2726214719005,-645.339269,1,-172.06664752809945
27.0,34.0,0,-487.62461593397893,,0,
28.0,34.0,0,-484.8767469720915,,0,
29.0,34.0,0,-469.7438891986385,,0,
30.0,34.0,0,-447.4245261226315,,0,
31.0,34.0,0,-423.0770857655443,,0,
32.0,34.0,0,-400.12003177113365,-345.671063,1,54.44896877113365
33.0,34.0,0,-379.6696855711052,,0,
34.0,34.0,0,-361.65688531147316,,0,
35.0,34.0,0,-343.7883182174992,,0,
36.0,34.0,0,-324.2445849706419,,0,
37.0,34.0,0,-302.7680322112283,,0,
38.0,34.0,0,-280.57870537694544,-312.905135,1,-32.32642962305454
39.0,34.0,0,-261.18226376979146,,0,
40.0,34.0,0,-248.1755349606392,,0,
41.0,34.0,0,-244.2687698272057,,0,
42.0,34.0,0,-251.12049934623064,,0,
43.0,34.0,0,-268.6299728001468,,0,
44.0,34.0,0,-293.94256313797086,-332.880295,1,-38.937731862029125
45.0,34.0,0,-321.7435218958417,,0,
46.0,34.0,0,-347.73704501846805,,0,
47.0,34.0,0,-367.24303825979587,,0,
48.0,34.0,0,-376.6830795799615,,0,
49.0,34.0,0,-374.10483208694495,,0,
50.0,34.0,0,-358.6938385872054,-526.271202,1,-167.57736341279463
51.0,34.0,0,-328.4001066151541,,0,
52.0,34.0,0,-289.86326805176213,,0,
53.0,34.0,0,-247.07729172881227,,0,
54.0,34.0,0,-202.5207409230061,,0,
55.0,34.0,0,-158.11623047152534,,0,
56.0,34.0,0,-116.47327324061189,-97.515406,1,18.95786724061189
57.0,34.0,0,-83.24355002457742,,0,
58.0,34.0,0,-64.35215521953069,,0,
59.0,34.0,0,-61.941009700880386,,0,
60.0,34.0,0,-76.89919564477168,,0,
61.0,34.0,0,-108.67528742691502,,0,
62.0,34.0,0,-154.2487457182724,-129.698228,1,24.550517718272403
63.0,34.0,0,-209.6304230998503,,0,
64.0,34.0,0,-270.98710238712374,,0,
65.0,34.0,0,-334.7212733714259,,0,
66.0,34.0,0,-397.67247071652673,,0,
67.0,34.0,0,-456.94103110884316,,0,
68.0,34.0,0,-509.2728633629158,-602.794123,1,-93.5212596370842
69.0,34.0,0,-550.1256510305684,,0,
70.0,34.0,0,-579.7679521625396,,0,
71.0,34.0,0,-598.0826118776458,,0,
72.0,34.0,0,-606.104276150727,,0,
73.0,34.0,3,-604.8781707989983,,0,
74.0,34.0,3,-594.8770567666797,-762.151139,1,-167.2740822333202
75.0,34.0,3,-577.956001700135,,0,
76.0,34.0,3,-555.9919505477883,,0,
77.0,34.0,3,-529.6708720643073,,0,
78.0,34.0,3,-497.7915545240976,,0,
79.0,34.0,3,-457.13701203960227,,0,
80.0,34.0,3,-402.9011764425959,-537.197443,1,-134.29626655740412
81.0,34.0,3,-329.7703154422343,,0,
82.0,34.0,3,-240.48148478896474,,0,
83.0,34.0,3,-138.14515356137417,,0,
84.0,34.0,3,-29.12815861357376,,0,
85.0,34.0,3,76.35430368501693,,0,
86.0,34.0,3,166.41200389736332,415.458045,1,249.0460411026367
87.0,34.0,3,230.7741211670218,,0,
88.0,34.0,3,261.7998594311357,,0,
89.0,34.0,3,262.175003957178,,0,
90.0,34.0,3,237.27732824959094,,0,
91.0,34.0,3,193.3020186694921,,0,
92.0,34.0,3,139.40795776387677,136.862453,1,-2.545504763876778
93.0,34.0,3,86.47941122931661,,0,
94.0,34.0,3,44.474352469085716,,0,
95.0,34.0,3,19.18710953614209,,0,
96.0,34.0,3,9.424904673127457,,0,
97.0,34.0,3,8.89652858529007,,0,
98.0,34.0,3,10.181501504062908,198.410264,1,188.2287624959371
99.0,34.0,3,8.116953243676107,,0,
100.0,34.0,3,-1.413022669730708,,0,
101.0,34.0,3,-21.24136855705001,,0,
102.0,34.0,3,-53.43163693358656,,0,
103.0,34.0,3,-98.7846664240933,,0,
104.0,34.0,3,-156.64212450003834,-14.949019,1,141.69310550003834
105.0,34.0,3,-226.0029407425609,,0,
106.0,34.0,3,-296.83536099267076,,0,
107.0,34.0,3,-360.7683353096363,,0,
108.0,34.0,3,-411.56714354560245,,0,
109.0,34.0,3,-444.2894454972411,,0,
110.0,34.0,3,-453.74978852982167,-604.883488,1,-151.13369947017839
111.0,34.0,3,-432.8318097726442,,0,
112.0,34.0,3,-384.8419235211768,,0,
113.0,34.0,3,-319.0782344364852,,0,
114.0,34.0,3,-246.07733733335044,,0,
115.0,34.0,3,-176.6581676165224,,0,
116.0,34.0,3,-120.99370415287558,66.052231,1,187.0459351528756
117.0,34.0,3,-84.5837202652765,,0,
118.0,34.0,3,-70.35787519905716,,0,
119.0,34.0,3,-73.43931501841871,,0,
120.0,34.0,3,-85.72844308888307,,0,
121.0,34.0,3,-100.87390349514317,,0,
122.0,34.0,3,-114.8580251300009,-190.48326,1,-75.6252348699991
123.0,34.0,3,-124.6843358547194,,0,
124.0,34.0,3,-132.54684757487848,,0,
125.0,34.0,3,-140.16647503752029,,0,
126.0,34.0,3,-148.67113294638693,,0,
127.0,34.0,3,-158.50071950047277,,0,
128.0,34.0,3,-169.3373629275011,-238.421794,1,-69.08443107249892
129.0,34.0,1,-180.41136704919336,,0,
130.0,34.0,1,-194.02267863124143,,0,
131.0,34.0,1,-207.89454660430783,,0,
132.0,34.0,1,-219.03011869208422,,0,
133.0,34.0,1,-225.63063151738606,,0,
134.0,34.0,1,-227.70173457998317,108.857798,1,336.55953257998317
135.0,34.0,1,-229.1165549934376,,0,
136.0,34.0,1,-233.88737399841193,,0,
137.0,34.0,1,-238.6064191020123,,0,
138.0,34.0,1,-239.0526926763123,,0,
139.0,34.0,1,-233.02974986843765,,0,
140.0,34.0,1,-220.5341471019201,-346.61282,1,-126.0786728980799
141.0,34.0,1,-205.38377867732197,,0,
142.0,34.0,1,-192.0034849763615,,0,
143.0,34.0,1,-183.13037066638935,,0,
144.0,34.0,1,-178.66689708386548,,0,
145.0,34.0,1,-175.6389035700995,,0,
146.0,34.0,1,-168.47844432713464,-356.602261,1,-188.12381667286536
147.0,34.0,1,-149.25112006883137,,0,
148.0,34.0,1,-121.02189082698897,,0,
149.0,34.0,1,-85.52133790380321,,0,
150.0,34.0,1,-44.51794175885152,,0,
151.0,34.0,1,-1.9231625526444986,,0,
152.0,34.0,1,37.671057875209954,306.109456,1,268.43839812479007
153.0,34.0,1,73.95658446212474,,0,
154.0,34.0,1,106.89435506949667,,0,
155.0,34.0,1,139.2962590623647,,0,
156.0,34.0,1,175.201280736248,,0,
157.0,34.0,1,218.19065289321588,,0,
158.0,34.0,1,270.8269211978186,249.011473,1,-21.815448197818597
159.0,34.0,1,334.35645367740653,,0,
160.0,34.0,1,406.7367873455514,,0,
161.0,34.0,1,482.2584093535552,,0,
162.0,34.0,2,549.956097122049,,0,
163.0,34.0,2,597.0443894389318,,0,
164.0,34.0,2,616.8687135879882,520.814893,1,-96.05382058798818
165.0,34.0,2,615.5745904294308,,0,
166.0,34.0,2,600.2890910329297,,0,
167.0,34.0,2,568.8725012738723,,0,
168.0,34.0,2,519.1244036173448,,0,
169.0,34.0,2,452.5742044071667,,0,
170.0,34.0,2,375.9592724570539,-111.977593,1,-487.9368654570539
171.0,34.0,2,303.6377739876043,,0,
172.0,34.0,2,225.01442135951947,,0,
173.0,34.0,2,138.16258836339694,,0,
174.0,34.0,2,48.680258196545765,,0,
175.0,34.0,2,-33.190557384397835,,0,
176.0,34.0,2,-99.72624365240335,-487.937422,1,-388.2111783475967
177.0,34.0,2,-153.87129620969063,,0,
178.0,34.0,2,-198.21746583585627,,0,
179.0,34.0,2,-232.88309735641815,,0,
180.0,34.0,2,-258.8559374464676,,0,
181.0,34.0,2,-277.62599803868216,,0,
182.0,34.0,2,-291.1989677455276,-199.089849,1,92.10911874552764
183.0,34.0,2,-304.8540364287328,,0,
184.0,34.0,2,-317.33848926681094,,0,
185.0,34.0,2,-326.15332768458757,,0,
186.0,34.0,2,-328.49167027836666,,0,
187.0,34.0,2,-322.8122067428194,,0,
188.0,34.0,2,-309.8023730509449,-367.753584,1,-57.95121094905511
189.0,34.0,2,-290.0918164275354,,0,
190.0,34.0,2,-263.637132671196,,0,
191.0,34.0,2,-232.50422343844548,,0,
192.0,34.0,2,-198.18718709028326,,0,
193.0,34.0,2,-161.92290726839565,,0,
194.0,34.0,2,-124.76240160153247,-391.298806,1,-266.53640439846754
195.0,34.0,2,-83.7564792346675,,0,
196.0,34.0,2,-47.866182760568336,,0,
197.0,34.0,2,-20.730878637637943,,0,
198.0,34.0,2,-3.021691957488656,,0,
199.0,34.0,2,7.0233021304011345,,0,
0.0,35.0,0,-580.2886022101156,,0,
1.0,35.0,0,-608.7454574219882,-695.269003,1,-86.52354557801175
2.0,35.0,0,-625.1731403667945,,0,
3.0,35.0,0,-629.0959409899078,,0,
4.0,35.0,0,-618.4848580500111,,0,
5.0,35.0,0,-590.3361357233953,,0,
6.0,35.0,0,-542.0609210464172,,0,
7.0,35.0,0,-473.6554700739216,-616.725995,1,-143.0705249260784
8.0,35.0,0,-388.69150516274385,,0,
9.0,35.0,0,-290.9514580836985,,0,
10.0,35.0,0,-184.43021787301404,,0,
11.0,35.0,0,-75.38659627363086,,0,
12.0,35.0,0,26.68795107025653,,0,
13.0,35.0,0,111.16996804135852,272.429434,1,161.2594659586415
14.0,35.0,0,170.4706227229908,,0,
15.0,35.0,0,198.94612361304462,,0,
16.0,35.0,0,197.09408957045525,,0,
17.0,35.0,0,168.46889600390568,,0,
18.0,35.0,0,116.85809341596905,,0,
19.0,35.0,0,46.28654840472154,103.226072,1,56.93952359527846
20.0,35.0,0,-37.62734962999821,,0,
21.0,35.0,0,-128.9026825313922,,0,
22.0,35.0,0,-220.12859685905278,,0,
23.0,35.0,0,-304.1134500603657,,0,
24.0,35.0,0,-374.65184616780607,,0,
25.0,35.0,0,-427.24837411614135,-550.574174,1,-123.32579988385862
26.0,35.0,0,-459.9800739067141,,0,
27.0,35.0,0,-472.10721382009797,,0,
28.0,35.0,0,-467.1263509122655,,0,
29.0,35.0,0,-449.8348915682873,,0,
30.0,35.0,0,-425.5269072833471,,0,
31.0,35.0,0,-399.6716312849894,-344.977081,1,54.69455028498942
32.0,35.0,0,-376.0455860993825,,0,
33.0,35.0,0,-354.3587734985631,,0,
34.0,35.0,0,-333.93087950663175,,0,
35.0,35.0,0,-312.9198303883895,,0,
36.0,35.0,0,-289.77783746644855,,0,
37.0,35.0,0,-264.611213469645,-341.638516,1,-77.02730253035497
38.0,35.0,0,-237.85654394421726,,0,
39.0,35.0,0,-214.25565943773836,,0,
40.0,35.0,0,-197.35796332114842,,0,
41.0,35.0,0,-189.8533277384704,,0,
42.0,35.0,0,-194.04811549227452,,0,
43.0,35.0,0,-210.7025260028895,-91.813495,1,118.8890310028895
44.0,35.0,0,-236.1927119041793,,0,
45.0,35.0,0,-265.3649054161506,,0,
46.0,35.0,0,-293.74024499510415,,0,
47.0,35.0,0,-317.0384502080269,,0,
48.0,35.0,0,-330.7031828406616,,0,
49.0,35.0,0,-331.064232904464,-541.065089,1,-210.00085609553594
50.0,35.0,0,-318.69378444110043,,0,
51.0,35.0,0,-294.70507446164265,,0,
52.0,35.0,0,-262.64074546145275,,0,
53.0,35.0,0,-225.60907891986426,,0,
54.0,35.0,0,-185.62530778418295,,0,
55.0,35.0,0,-144.4938615579158,-218.762929,1,-74.26906744208421
56.0,35.0,0,-103.82235866051633,,0,
57.0,35.0,0,-69.97791059390875,,0,
58.0,35.0,0,-48.16166386194527,,0,
59.0,35.0,0,-41.55910681770183,,0,
60.0,35.0,0,-52.531413218704984,,0,
61.0,35.0,0,-82.10759328713175,64.217531,1,146.32512428713176
62.0,35.0,0,-126.47951439768076,,0,
63.0,35.0,0,-181.28425644163508,,0,
64.0,35.0,0,-242.9576390713919,,0,
65.0,35.0,0,-307.94664172956254,,0,
66.0,35.0,0,-372.4477110056905,,0,
67.0,35.0,0,-432.6972904619761,-556.317391,1,-123.62010053802396
68.0,35.0,0,-485.5791340144351,,0,
69.0,35.0,0,-528.413801519433,,0,
70.0,35.0,0,-560.8040527652483,,0,
71.0,35.0,0,-583.1242307086359,,0,
72.0,35.0,3,-596.1161783632706,,0,
73.0,35.0,3,-600.1725269650924,-674.585619,1,-74.41309203490755
74.0,35.0,3,-593.6911474718654,,0,
75.0,35.0,3,-578.9775862020906,,0,
76.0,35.0,3,-557.4120522832964,,0,
77.0,35.0,3,-529.119399090996,,0,
78.0,35.0,3,-492.6522965891054,,0,
79.0,35.0,3,-444.6940841553733,-498.925756,1,-54.2316718446267
80.0,35.0,3,-379.98942551150685,,0,
81.0,35.0,3,-296.9466956391698,,0,
82.0,35.0,3,-197.93374987773132,,0,
83.0,35.0,3,-87.71991218905896,,0,
84.0,35.0,3,26.164103255374357,,0,
85.0,35.0,3,132.1780938936863,277.612316,1,145.4342221063137
86.0,35.0,3,215.53543293697294,,0,
87.0,35.0,3,270.19691729784245,,0,
88.0,35.0,3,292.60318218934117,,0,
89.0,35.0,3,284.8559670955583,,0,
90.0,35.0,3,252.13219422876136,,0,
91.0,35.0,3,201.24563050590223,347.816075,1,146.57044449409779
92.0,35.0,3,143.68124583142344,,0,
93.0,35.0,3,91.00381562828261,,0,
94.0,35.0,3,51.735164365381934,,0,
95.0,35.0,3,29.46985748561565,,0,
96.0,35.0,3,21.818333903473103,,0,
97.0,35.0,3,21.86335137009155,113.962898,1,92.09954662990845
98.0,35.0,3,20.471085432873224,,0,
99.0,35.0,3,14.064144193544053,,0,
100.0,35.0,3,-0.807923176093027,,0,
101.0,35.0,3,-26.563180919882143,,0,
102.0,35.0,3,-64.46534716745373,,0,
103.0,35.0,3,-114.58958377712406,-48.220841,1,66.36874277712406
104.0,35.0,3,-175.12779397968552,,0,
105.0,35.0,3,-242.67249447316863,,0,
106.0,35.0,3,-309.82324631069787,,0,
107.0,35.0,3,-368.6913087813882,,0,
108.0,35.0,3,-412.91674554964993,,0,
109.0,35.0,3,-437.5570186686091,-530.716614,1,-93.15959533139096
110.0,35.0,3,-437.8449956388213,,0,
111.0,35.0,3,-410.2762699496234,,0,
112.0,35.0,3,-357.7845355278987,,0,
113.0,35.0,3,-288.30724529069266,,0,
114.0,35.0,3,-212.10156292832107,,0,
115.0,35.0,3,-141.09045644290745,72.908361,1,213.99881744290747
116.0,35.0,3,-89.22125456330832,,0,
117.0,35.0,3,-57.2082778129261,,0,
118.0,35.0,3,-44.43233171291649,,0,
119.0,35.0,3,-45.72379157959949,,0,
120.0,35.0,3,-53.79803810142039,,0,
121.0,35.0,3,-63.86550418558909,-407.327937,1,-343.46243281441093
122.0,35.0,3,-73.30407099312288,,0,
123.0,35.0,3,-80.97189323598286,,0,
124.0,35.0,3,-88.55234931001905,,0,
125.0,35.0,3,-98.49011345827603,,0,
126.0,35.0,3,-112.30967143189628,,0,
127.0,35.0,3,-130.0184950468829,-238.678516,1,-108.66002095311711
128.0,35.0,3,-150.76443542481866,,0,
129.0,35.0,1,-173.85228065949923,,0,
130.0,35.0,1,-199.1742087629391,,0,
131.0,35.0,1,-224.70863046328304,,0,
132.0,35.0,1,-247.52492813486606,,0,
133.0,35.0,1,-265.6588473220472,-319.557335,1,-53.8984876779528
134.0,35.0,1,-277.88273772608954,,0,
135.0,35.0,1,-286.9135115388781,,0,
136.0,35.0,1,-294.30130995460786,,0,
137.0,35.0,1,-299.0058250519214,,0,
138.0,35.0,1,-299.32570242421934,,0,
139.0,35.0,1,-293.9493228433421,-398.80909,1,-104.85976715665794
140.0,35.0,1,-280.8010103967972,,0,
141.0,35.0,1,-264.3922634619521,,0,
142.0,35.0,1,-248.14350057393312,,0,
143.0,35.0,1,-233.71270962513518,,0,
144.0,35.0,1,-220.82415529663558,,0,
145.0,35.0,1,-207.3095908381365,-380.391994,1,-173.0824031618635
146.0,35.0,1,-188.92930380697362,,0,
147.0,35.0,1,-161.5037335860543,,0,
148.0,35.0,1,-125.67411444080062,,0,
149.0,35.0,1,-83.21636962587945,,0,
150.0,35.0,1,-36.01013478182722,,0,
151.0,35.0,1,11.87681918090675,263.731994,1,251.85517481909324
152.0,35.0,1,52.438647929229774,,0,
153.0,35.0,1,90.57446828359389,,0,
154.0,35.0,1,128.06964772869833,,0,
155.0,35.0,1,166.28174761356786,,0,
156.0,35.0,1,207.68975802476052,,0,
157.0,35.0,1,255.91893658367917,272.841764,1,16.922827416320843
158.0,35.0,1,314.3108047831338,,0,
159.0,35.0,1,384.3675319866743,,0,
160.0,35.0,1,464.3850306108361,,0,
161.0,35.0,1,548.4020675964566,,0,
162.0,35.0,2,624.1790750832297,,0,
163.0,35.0,2,676.2854000024963,994.106353,1,317.8209529975037
164.0,35.0,2,696.2240269926842,,0,
165.0,35.0,2,694.6767494706437,,0,
166.0,35.0,2,675.19251317624,,0,
167.0,35.0,2,635.9783017802984,,0,
168.0,35.0,2,575.7541371862171,,0,
169.0,35.0,2,497.8917319072061,204.11796,1,-293.7737719072061
170.0,35.0,2,410.2363854384748,,0,
171.0,35.0,2,320.51339969434775,,0,
172.0,35.0,2,226.16881963529158,,0,
173.0,35.0,2,126.46371065150015,,0,
174.0,35.0,2,29.064140134956688,,0,
175.0,35.0,2,-52.89798156893812,-481.602087,1,-428.70410543106186
176.0,35.0,2,-109.4808690691134,,0,
177.0,35.0,2,-153.82491630857112,,0,
178.0,35.0,2,-190.13448970764875,,0,
179.0,35.0,2,-218.0896108665038,,0,
180.0,35.0,2,-237.7018918285612,,0,
181.0,35.0,2,-250.76315820985474,-405.170193,1,-154.40703479014525
182.0,35.0,2,-257.9301315988414,,0,
183.0,35.0,2,-265.9947499204427,,0,
184.0,35.0,2,-275.0122532089008,,0,
185.0,35.0,2,-281.33543038432254,,0,
186.0,35.0,2,-280.1607338334434,,0,
187.0,35.0,2,-268.80938626499847,-413.12819,1,-144.31880373500155
188.0,35.0,2,-250.31377903744578,,0,
189.0,35.0,2,-227.35699086473323,,0,
190.0,35.0,2,-200.98313931329176,,0,
191.0,35.0,2,-171.8597484859638,,0,
192.0,35.0,2,-138.874054514803,,0,
193.0,35.0,2,-100.349552397558,-351.680055,1,-251.33050260244198
194.0,35.0,2,-59.05414738226682,,0,
195.0,35.0,2,-17.801751652965322,,0,
196.0,35.0,2,17.104095321148634,,0,
197.0,35.0,2,40.56176775647327,,0,
198.0,35.0,2,51.40284431260079,,0,
199.0,35.0,2,52.94027266185731,-23.254661,1,-76.1949336618573
0.0,36.0,0,-569.1746147371596,-536.624651,1,32.5499637371596
1.0,36.0,0,-598.6181804502849,,0,
2.0,36.0,0,-617.4483333512908,,0,
3.0,36.0,0,-623.661910654977,,0,
4.0,36.0,0,-614.9717332348228,,0,
5.0,36.0,0,-587.630887136329,,0,
6.0,36.0,0,-537.8263609991409,-641.00003,1,-103.17366900085915
7.0,36.0,0,-465.80181267648004,,0,
8.0,36.0,0,-378.00342439243104,,0,
9.0,36.0,0,-278.55092162359506,,0,
10.0,36.0,0,-171.12003720202483,,0,
11.0,36.0,0,-61.388165486743674,,0,
12.0,36.0,0,40.88854083605111,206.270598,1,165.3820571639489
13.0,36.0,0,122.22957694961224,,0,
14.0,36.0,0,178.29238838981837,,0,
15.0,36.0,0,205.01756583619863,,0,
16.0,36.0,0,201.80253030790482,,0,
17.0,36.0,0,171.55380080337636,,0,
18.0,36.0,0,118.27626259042881,200.011605,1,81.73534240957119
19.0,36.0,0,45.261935017770156,,0,
20.0,36.0,0,-39.90503394417465,,0,
21.0,36.0,0,-130.56209297361784,,0,
22.0,36.0,0,-220.0761464512907,,0,
23.0,36.0,0,-301.572182089556,,0,
24.0,36.0,0,-368.4337576200487,-466.926097,1,-98.49233937995132
25.0,36.0,0,-415.4780371119268,,0,
26.0,36.0,0,-443.61870770022506,,0,
27.0,36.0,0,-453.43097718968056,,0,
28.0,36.0,0,-447.0375358918682,,0,
29.0,36.0,0,-428.18836867972277,,0,
30.0,36.0,0,-402.07337331352755,-326.005305,1,76.06806831352753
31.0,36.0,0,-375.2793624037877,,0,
32.0,36.0,0,-349.62310300406534,,0,
33.0,36.0,0,-325.5887532494962,,0,
34.0,36.0,0,-302.5221865985659,,0,
35.0,36.0,0,-278.05926191224717,,0,
36.0,36.0,0,-249.726298767142,-437.964499,1,-188.238200232858
37.0,36.0,0,-218.9230974687962,,0,
38.0,36.0,0,-187.9877365133725,,0,
39.0,36.0,0,-160.40589760337025,,0,
40.0,36.0,0,-139.5346055442933,,0,
41.0,36.0,0,-128.0713123138994,,0,
42.0,36.0,0,-128.5677905791672,-13.083083,1,115.48470757916719
43.0,36.0,0,-143.78619155823253,,0,
44.0,36.0,0,-168.73337776958942,,0,
45.0,36.0,0,-198.57764226314612,,0,
46.0,36.0,0,-228.61659668711945,,0,
47.0,36.0,0,-254.57287204044405,,0,
48.0,36.0,0,-272.26267708832165,-485.093592,1,-212.83091491167835
49.0,36.0,0,-275.27152936242055,,0,
50.0,36.0,0,-268.112154499162,,0,
51.0,36.0,0,-252.6310810969444,,0,
52.0,36.0,0,-230.22393691772595,,0,
53.0,36.0,0,-202.06980654137442,,0,
54.0,36.0,0,-169.01755790784955,-253.799936,1,-84.78237809215045
55.0,36.0,0,-132.78206395974848,,0,
56.0,36.0,0,-95.95874984594411,,0,
57.0,36.0,0,-63.46537101035938,,0,
58.0,36.0,0,-40.59805681894068,,0,
59.0,36.0,0,-31.211866293568164,,0,
60.0,36.0,0,-38.01536045363173,148.565363,1,186.58072345363172
61.0,36.0,0,-65.01617399521638,,0,
62.0,36.0,0,-106.20586603484116,,0,
63.0,36.0,0,-158.01454372878652,,0,
64.0,36.0,0,-217.6177184935077,,0,
65.0,36.0,0,-281.4788991615642,,0,
66.0,36.0,0,-345.3109097342822,-388.375428,1,-43.06451826571782
67.0,36.0,0,-404.3513384863036,,0,
68.0,36.0,0,-456.5186857325025,,0,
69.0,36.0,0,-500.0895494063152,,0,
70.0,36.0,0,-534.4850101609481,,0,
71.0,36.0,0,-559.8019815923763,,0,
72.0,36.0,3,-576.208977919654,-530.107349,1,46.10162891965399
73.0,36.0,3,-584.0295178686501,,0,
74.0,36.0,3,-581.392306886497,,0,
75.0,36.0,3,-568.9178730206331,,0,
76.0,36.0,3,-547.6582209507469,,0,
77.0,36.0,3,-517.6057838508859,,0,
78.0,36.0,3,-477.06118197832257,-356.700166,1,120.36101597832254
79.0,36.0,3,-422.71191512187943,,0,
80.0,36.0,3,-350.9805928438436,,0,
81.0,36.0,3,-261.0590743284556,,0,
82.0,36.0,3,-155.68505483254557,,0,
83.0,36.0,3,-40.42988509440329,,0,
84.0,36.0,3,76.15965647157282,3.585826,1,-72.57383047157282
85.0,36.0,3,180.73725895176176,,0,
86.0,36.0,3,259.88001472048927,,0,
87.0,36.0,3,306.382055621827,,0,
88.0,36.0,3,318.782170829043,,0,
89.0,36.0,3,301.1368461163365,,0,
90.0,36.0,3,260.15517590956006,436.520879,1,176.36570309043992
91.0,36.0,3,201.39297254325356,,0,
92.0,36.0,3,139.71854125335813,,0,
93.0,36.0,3,86.76924636936747,,0,
94.0,36.0,3,50.45100137288682,,0,
95.0,36.0,3,32.9118996723555,,0,
96.0,36.0,3,29.20981160926749,-84.4204,1,-113.63021160926749
97.0,36.0,3,30.642678221687675,,0,
98.0,36.0,3,29.028627357198275,,0,
99.0,36.0,3,19.785640713991597,,0,
100.0,36.0,3,0.00989160721655935,,0,
101.0,36.0,3,-31.85961817574571,,0,
102.0,36.0,3,-75.69093020493165,-14.292159,1,61.39877120493165
103.0,36.0,3,-131.04788988037035,,0,
104.0,36.0,3,-193.8622320270806,,0,
105.0,36.0,3,-259.774779783329,,0,
106.0,36.0,3,-322.8488674759137,,0,
107.0,36.0,3,-375.99846522923326,,0,
108.0,36.0,3,-412.67031129077077,-542.72636,1,-130.05604870922923
109.0,36.0,3,-428.7491043374321,,0,
110.0,36.0,3,-420.99331244826317,,0,
111.0,36.0,3,-387.7928216899163,,0,
112.0,36.0,3,-331.6446945210919,,0,
113.0,36.0,3,-259.71512989795883,,0,
114.0,36.0,3,-182.68868047412252,-183.034702,1,-0.34602152587748947
115.0,36.0,3,-113.08484589849832,,0,
116.0,36.0,3,-61.78470526036108,,0,
117.0,36.0,3,-31.95198385186086,,0,
118.0,36.0,3,-21.574930085451342,,0,
119.0,36.0,3,-23.293014886789024,,0,
120.0,36.0,3,-27.802588759106584,-538.513736,1,-510.7111472408934
121.0,36.0,3,-32.79679578146897,,0,
122.0,36.0,3,-37.82707390276482,,0,
123.0,36.0,3,-42.7907948239008,,0,
124.0,36.0,3,-49.401099945564056,,0,
125.0,36.0,3,-60.752412192116026,,0,
126.0,36.0,3,-79.13876874418929,-63.594838,1,15.54393074418929
127.0,36.0,3,-103.58808045531623,,0,
128.0,36.0,3,-132.9296691205236,,0,
129.0,36.0,1,-166.62315313366707,,0,
130.0,36.0,1,-203.6989243235439,,0,
131.0,36.0,1,-241.3088595943991,,0,
132.0,36.0,1,-275.59812870956375,-416.006337,1,-140.40820829043622
133.0,36.0,1,-304.8958866969333,,0,
134.0,36.0,1,-328.0020713553531,,0,
135.0,36.0,1,-344.7999732714379,,0,
136.0,36.0,1,-355.54931138653774,,0,
137.0,36.0,1,-360.32389081292786,,0,
138.0,36.0,1,-359.173905995558,-321.185377,1,37.988528995558
139.0,36.0,1,-352.3242515262973,,0,
140.0,36.0,1,-338.78852527806885,,0,
141.0,36.0,1,-321.1037682762253,,0,
142.0,36.0,1,-302.0799741575029,,0,
143.0,36.0,1,-282.7586986016249,,0,
144.0,36.0,1,-262.5702279827092,-470.427199,1,-207.8569710172908
145.0,36.0,1,-240.29938535939436,,0,
146.0,36.0,1,-213.69994407647755,,0,
147.0,36.0,1,-180.7035063583171,,0,
148.0,36.0,1,-141.0935430121317,,0,
149.0,36.0,1,-96.01410611299798,,0,
150.0,36.0,1,-47.59137131238822,131.724345,1,179.31571631238822
151.0,36.0,1,0.3225458178203553,,0,
152.0,36.0,1,44.18099463591352,,0,
153.0,36.0,1,86.24387830868363,,0,
154.0,36.0,1,129.01920416555367,,0,
155.0,36.0,1,173.00328906130744,,0,
156.0,36.0,1,218.871167827514,258.497636,1,39.626468172486
157.0,36.0,1,270.9959541729186,,0,
158.0,36.0,1,333.47826769331004,,0,
159.0,36.0,1,408.03473955369554,,0,
160.0,36.0,1,493.4362302388763,,0,
161.0,36.0,1,584.4495286655147,,0,
162.0,36.0,2,668.959914584877,1129.355417,1,460.395502415123
163.0,36.0,2,724.9501280994155,,0,
164.0,36.0,2,754.7830802371609,,0,
165.0,36.0,2,761.9997720881365,,0,
166.0,36.0,2,747.3370624368545,,0,
167.0,36.0,2,708.4949767186772,,0,
168.0,36.0,2,644.2835294308607,611.932223,1,-32.35130643086063
169.0,36.0,2,561.3553279584739,,0,
170.0,36.0,2,466.8071134116035,,0,
171.0,36.0,2,365.8868687088834,,0,
172.0,36.0,2,260.2524506027694,,0,
173.0,36.0,2,152.15298106928822,,0,
174.0,36.0,2,50.56942702177912,-389.040968,1,-439.61039502177914
175.0,36.0,2,-25.17564571357798,,0,
176.0,36.0,2,-79.37647365988232,,0,
177.0,36.0,2,-120.27284680563025,,0,
178.0,36.0,2,-152.68416181439534,,0,
179.0,36.0,2,-175.86639560456388,,0,
180.0,36.0,2,-188.01176296320045,-478.55348,1,-290.5417170367995
181.0,36.0,2,-193.35256164497696,,0,
182.0,36.0,2,-196.18355525983498,,0,
183.0,36.0,2,-200.59080107323825,,0,
184.0,36.0,2,-206.98341773846187,,0,
185.0,36.0,2,-211.10532688442618,,0,
186.0,36.0,2,-206.4020792064257,-424.49747,1,-218.09539079357432
187.0,36.0,2,-188.37811021343805,,0,
188.0,36.0,2,-164.64688179432414,,0,
189.0,36.0,2,-138.54309355607256,,0,
190.0,36.0,2,-111.16635361220688,,0,
191.0,36.0,2,-82.71010547503829,,0,
192.0,36.0,2,-51.06402286561206,-333.619033,1,-282.55501013438794
193.0,36.0,2,-9.854970886837691,,0,
194.0,36.0,2,32.65141622303054,,0,
195.0,36.0,2,71.26472478383221,,0,
196.0,36.0,2,101.21916533942567,,0,
197.0,36.0,2,117.58326310152188,,0,
198.0,36.0,2,118.06600620038807,464.361618,1,346.29561179961195
199.0,36.0,2,108.8677046499215,,0,
0.0,37.0,0,-541.4757109307684,,0,
1.0,37.0,0,-571.227171966806,,0,
2.0,37.0,0,-591.6923946347088,,0,
3.0,37.0,0,-599.8104122864315,,0,
4.0,37.0,0,-592.640157233458,,0,
5.0,37.0,0,-566.6576159084216,-784.475708,1,-217.81809209157848
6.0,37.0,0,-515.3903412623331,,0,
7.0,37.0,0,-444.2323378305882,,0,
8.0,37.0,0,-358.3396526915021,,0,
9.0,37.0,0,-261.76688383938745,,0,
10.0,37.0,0,-157.65993726230226,,0,
11.0,37.0,0,-50.69115881517064,4.047727,1,54.73888581517064
12.0,37.0,0,48.54803681233898,,0,
13.0,37.0,0,128.64501071511768,,0,
14.0,37.0,0,183.10336182126775,,0,
15.0,37.0,0,207.8184251715429,,0,
16.0,37.0,0,201.8024360917043,,0,
17.0,37.0,0,168.2233178266324,374.001512,1,205.77819417336758
18.0,37.0,0,111.84559491812252,,0,
19.0,37.0,0,37.79968986148015,,0,
20.0,37.0,0,-46.96276210062206,,0,
21.0,37.0,0,-135.4912856607698,,0,
22.0,37.0,0,-221.4895069906488,,0,
23.0,37.0,0,-298.56172341201454,-382.757425,1,-84.19570158798547
24.0,37.0,0,-359.3758472693153,,0,
25.0,37.0,0,-402.1069012088701,,0,
26.0,37.0,0,-427.013188872952,,0,
27.0,37.0,0,-435.03655407985207,,0,
28.0,37.0,0,-427.714667836437,,0,
29.0,37.0,0,-407.8983354321681,-427.225208,1,-19.326872567831913
30.0,37.0,0,-380.6160269950051,,0,
31.0,37.0,0,-351.06747318431735,,0,
32.0,37.0,0,-321.8313074160833,,0,
33.0,37.0,0,-293.93064717017114,,0,
34.0,37.0,0,-267.1688432607334,,0,
35.0,37.0,0,-239.10793361975811,-407.446934,1,-168.33900038024188
36.0,37.0,0,-204.79774988931604,,0,
37.0,37.0,0,-168.66533247125335,,0,
38.0,37.0,0,-133.64876427082345,,0,
39.0,37.0,0,-102.42883643321693,,0,
40.0,37.0,0,-77.9216037383303,,0,
41.0,37.0,0,-63.08746779663488,54.424698,1,117.51216579663489
42.0,37.0,0,-60.74952652200591,,0,
43.0,37.0,0,-72.34441295277793,,0,
44.0,37.0,0,-95.07884070358705,,0,
45.0,37.0,0,-124.34615084342659,,0,
46.0,37.0,0,-154.5849255748326,,0,
47.0,37.0,0,-180.33782524988055,-373.887661,1,-193.54983575011943
48.0,37.0,0,-198.90146742993966,,0,
49.0,37.0,0,-208.21633727359585,,0,
50.0,37.0,0,-209.93164046679158,,0,
51.0,37.0,0,-205.45187213196186,,0,
52.0,37.0,0,-194.99441867589485,,0,
53.0,37.0,0,-178.33208703505807,-228.297397,1,-49.96530996494192
54.0,37.0,0,-154.6110975393094,,0,
55.0,37.0,0,-125.92517415620387,,0,
56.0,37.0,0,-94.83201540063601,,0,
57.0,37.0,0,-65.43333084881306,,0,
58.0,37.0,0,-43.46205516101327,,0,
59.0,37.0,0,-34.290844674163964,211.018873,1,245.30971767416398
60.0,37.0,0,-39.77888336847536,,0,
61.0,37.0,0,-60.911310924682766,,0,
62.0,37.0,0,-95.43890686391387,,0,
63.0,37.0,0,-141.29075329564512,,0,
64.0,37.0,0,-196.44279434427153,,0,
65.0,37.0,0,-256.8969587669708,-148.216653,1,108.68030576697078
66.0,37.0,0,-317.6705731492257,,0,
67.0,37.0,0,-374.4781774019357,,0,
68.0,37.0,0,-424.95026182569563,,0,
69.0,37.0,0,-467.85565007152036,,0,
70.0,37.0,0,-502.9290104304673,,0,
71.0,37.0,0,-530.367782373447,-427.142278,1,103.225504373447
72.0,37.0,3,-549.6016684944625,,0,
73.0,37.0,3,-559.8117965651909,,0,
74.0,37.0,3,-559.6951936156256,,0,
75.0,37.0,3,-548.7862468342064,,0,
76.0,37.0,3,-527.5562428709818,,0,
77.0,37.0,3,-496.2701990723144,-377.871783,1,118.39841607231443
78.0,37.0,3,-453.0167742589256,,0,
79.0,37.0,3,-394.73979472904466,,0,
80.0,37.0,3,-318.64371969070635,,0,
81.0,37.0,3,-223.95737730932888,,0,
82.0,37.0,3,-113.79053720738739,,0,
83.0,37.0,3,4.837777338078013,-98.976752,1,-103.81452933807802
84.0,37.0,3,123.46691700513475,,0,
85.0,37.0,3,226.89591054659104,,0,
86.0,37.0,3,301.9113096097717,,0,
87.0,37.0,3,339.86952815484256,,0,
88.0,37.0,3,339.63561982440297,,0,
89.0,37.0,3,308.30015885911416,698.507264,1,390.2071051408858
90.0,37.0,3,255.56361306854524,,0,
91.0,37.0,3,190.91960382525576,,0,
92.0,37.0,3,126.67493574135005,,0,
93.0,37.0,3,74.18722138895828,,0,
94.0,37.0,3,41.941693965985905,,0,
95.0,37.0,3,31.951844645896927,-272.542204,1,-304.49404864589695
96.0,37.0,3,34.67944847187027,,0,
97.0,37.0,3,39.11562927637715,,0,
98.0,37.0,3,37.57500383356819,,0,
99.0,37.0,3,25.711065557406982,,0,
100.0,37.0,3,0.8680458179442212,,0,
101.0,37.0,3,-38.17788968795503,31.197706,1,69.37559568795503
102.0,37.0,3,-88.98488640872529,,0,
103.0,37.0,3,-148.38953078188933,,0,
104.0,37.0,3,-212.31895603578596,,0,
105.0,37.0,3,-276.2866835993482,,0,
106.0,37.0,3,-335.17582602996845,,0,
107.0,37.0,3,-382.74272205730085,-460.286773,1,-77.54405094269913
108.0,37.0,3,-411.87829155476356,,0,
109.0,37.0,3,-420.36067652434576,,0,
110.0,37.0,3,-406.01114260335453,,0,
111.0,37.0,3,-367.84707157406956,,0,
112.0,37.0,3,-307.90299443449476,,0,
113.0,37.0,3,-232.97214324737433,-288.384,1,-55.41185675262568
114.0,37.0,3,-154.70307496155147,,0,
115.0,37.0,3,-85.1191647904343,,0,
116.0,37.0,3,-33.49704443453811,,0,
117.0,37.0,3,-4.425745907938108,,0,
118.0,37.0,3,3.2952834519091994,,0,
119.0,37.0,3,-1.5668495881836861,-304.517491,1,-302.9506414118163
120.0,37.0,3,-4.072846527735237,,0,
121.0,37.0,3,-6.47574573662132,,0,
122.0,37.0,3,-9.006466153252404,,0,
123.0,37.0,3,-11.932310059157317,,0,
124.0,37.0,3,-17.431243988670758,,0,
125.0,37.0,3,-29.300994970835745,95.865639,1,125.16663397083575
126.0,37.0,3,-51.157532937591895,,0,
127.0,37.0,3,-80.00961748312693,,0,
128.0,37.0,3,-115.21203666532529,,0,
129.0,37.0,1,-156.7809568749508,,0,
130.0,37.0,1,-203.68068274774123,,0,
131.0,37.0,1,-252.69420021842234,-377.572685,1,-124.87848478157764
132.0,37.0,1,-297.79391233871866,,0,
133.0,37.0,1,-338.67781960812863,,0,
134.0,37.0,1,-372.9300513644703,,0,
135.0,37.0,1,-397.81780491088284,,0,
136.0,37.0,1,-412.3246541636763,,0,
137.0,37.0,1,-417.7244607284665,-327.817454,1,89.90700672846651
138.0,37.0,1,-415.6996022358071,,0,
139.0,37.0,1,-407.08362586516887,,0,
140.0,37.0,1,-392.25724500262004,,0,
141.0,37.0,1,-373.00489371764706,,0,
142.0,37.0,1,-351.50573515211,,0,
143.0,37.0,1,-328.4106384887127,-367.385306,1,-38.974667511287294
144.0,37.0,1,-302.58302498742705,,0,
145.0,37.0,1,-274.16557198681403,,0,
146.0,37.0,1,-242.3669459335506,,0,
147.0,37.0,1,-206.27814387652325,,0,
148.0,37.0,1,-165.58224219559634,,0,
149.0,37.0,1,-120.88212640071288,44.250992,1,165.13311840071287
150.0,37.0,1,-74.0736147306161,,0,
151.0,37.0,1,-27.562615728238598,,0,
152.0,37.0,1,17.518713525496423,,0,
153.0,37.0,1,62.62166947312653,,0,
154.0,37.0,1,109.63949485099874,,0,
155.0,37.0,1,158.4205367170507,317.057113,1,158.6365762829493
156.0,37.0,1,206.56930749613093,,0,
157.0,37.0,1,260.5350662339479,,0,
158.0,37.0,1,324.46311554615386,,0,
159.0,37.0,1,400.1592726346571,,0,
160.0,37.0,1,486.72788107127417,,0,
161.0,37.0,1,579.1935690476093,856.959076,1,277.76550695239064
162.0,37.0,2,666.5482993258629,,0,
163.0,37.0,2,735.6104624681175,,0,
164.0,37.0,2,782.8490378471906,,0,
165.0,37.0,2,806.4118229317246,,0,
166.0,37.0,2,803.5720584357623,,0,
167.0,37.0,2,772.8862422478851,1024.967199,1,252.08095675211484
168.0,37.0,2,711.2574608738068,,0,
169.0,37.0,2,629.1145453492645,,0,
170.0,37.0,2,533.3725814300124,,0,
171.0,37.0,2,429.12848456029315,,0,
172.0,37.0,2,320.5668755652441,,0,
173.0,37.0,2,212.9286962011829,-101.799896,1,-314.7285922011829
174.0,37.0,2,116.30213321349584,,0,
175.0,37.0,2,41.398409941699356,,0,
176.0,37.0,2,-13.100517120095901,,0,
177.0,37.0,2,-53.293486908543855,,0,
178.0,37.0,2,-83.53237225068733,,0,
179.0,37.0,2,-103.75263128685765,-418.626019,1,-314.87338771314234
180.0,37.0,2,-108.20926581707317,,0,
181.0,37.0,2,-107.09828179725446,,0,
182.0,37.0,2,-106.01636149990372,,0,
183.0,37.0,2,-107.60569242364727,,0,
184.0,37.0,2,-111.47653731051832,,0,
185.0,37.0,2,-112.95092642121017,-329.545568,1,-216.59464157878983
186.0,37.0,2,-102.30097027798183,,0,
187.0,37.0,2,-81.78413375711534,,0,
188.0,37.0,2,-56.01487345644273,,0,
189.0,37.0,2,-28.23170547839254,,0,
190.0,37.0,2,0.39648671774193645,,0,
191.0,37.0,2,30.057353453012183,-166.050596,1,-196.1079494530122
192.0,37.0,2,62.86445799772628,,0,
193.0,37.0,2,100.74631042475812,,0,
194.0,37.0,2,138.77182420156896,,0,
195.0,37.0,2,170.4845010873396,,0,
196.0,37.0,2,191.20099897502223,,0,
197.0,37.0,2,197.83581136353314,510.040767,1,312.2049556364669
198.0,37.0,2,185.16595374816097,,0,
199.0,37.0,2,164.51754734944552,,0,
0.0,38.0,0,-497.5168932338711,,0,
1.0,38.0,0,-526.4620367391035,,0,
2.0,38.0,0,-547.3713934128173,,0,
3.0,38.0,0,-556.1657129059313,,0,
4.0,38.0,0,-548.2815312955063,-758.924903,1,-210.6433717044937
5.0,38.0,0,-521.4667662787251,,0,
6.0,38.0,0,-473.7858607848175,,0,
7.0,38.0,0,-407.89181683491915,,0,
8.0,38.0,0,-327.9571650144644,,0,
9.0,38.0,0,-237.90295596327633,,0,
10.0,38.0,0,-140.96085662813857,-301.722892,1,-160.76203537186143
11.0,38.0,0,-39.22876291850116,,0,
12.0,38.0,0,55.379769223043695,,0,
13.0,38.0,0,132.89601107232738,,0,
14.0,38.0,0,185.751565634273,,0,
15.0,38.0,0,208.02743439283222,,0,
16.0,38.0,0,197.5849046378862,438.764352,1,241.17944736211376
17.0,38.0,0,159.49538414459676,,0,
18.0,38.0,0,100.03351476532407,,0,
19.0,38.0,0,25.165935707162134,,0,
20.0,38.0,0,-58.260048870928586,,0,
21.0,38.0,0,-143.30930220114533,,0,
22.0,38.0,0,-224.0157405291684,-180.980207,1,43.03553352916839
23.0,38.0,0,-294.7281346600503,,0,
24.0,38.0,0,-350.4955916032195,,0,
25.0,38.0,0,-389.5798319885507,,0,
26.0,38.0,0,-412.1260157956276,,0,
27.0,38.0,0,-418.8637230343302,,0,
28.0,38.0,0,-410.92774506029673,-452.174135,1,-41.24638993970325
29.0,38.0,0,-389.97478316247,,0,
30.0,38.0,0,-360.8644910333678,,0,
31.0,38.0,0,-327.96813181973994,,0,
32.0,38.0,0,-294.14418137271423,,0,
33.0,38.0,0,-260.97117820195854,,0,
34.0,38.0,0,-228.68792763142847,-344.649181,1,-115.96125336857153
35.0,38.0,0,-194.6336895074346,,0,
36.0,38.0,0,-156.5176880203653,,0,
37.0,38.0,0,-116.7192511879839,,0,
38.0,38.0,0,-78.34776379843242,,0,
39.0,38.0,0,-43.859115660656244,,0,
40.0,38.0,0,-15.806896653637523,-7.68696,1,8.119936653637524
41.0,38.0,0,2.5682733624707907,,0,
42.0,38.0,0,8.624304941156879,,0,
43.0,38.0,0,1.1551376992138103,,0,
44.0,38.0,0,-18.252976653864607,,0,
45.0,38.0,0,-45.61443195049651,,0,
46.0,38.0,0,-75.17751000705175,-232.765981,1,-157.58847099294826
47.0,38.0,0,-99.37400414003059,,0,
48.0,38.0,0,-119.53083819616586,,0,
49.0,38.0,0,-135.82914023287594,,0,
50.0,38.0,0,-148.46991451468784,,0,
51.0,38.0,0,-156.97179372201208,,0,
52.0,38.0,0,-159.9836152191274,-117.785405,1,42.19821021912739
53.0,38.0,0,-156.26087715639733,,0,
54.0,38.0,0,-144.88723817153368,,0,
55.0,38.0,0,-126.54979900503531,,0,
56.0,38.0,0,-103.29875077900942,,0,
57.0,38.0,0,-78.84753534034826,,0,
58.0,38.0,0,-58.99841674906202,111.99127,1,170.989686749062
59.0,38.0,0,-51.6080519213574,,0,
60.0,38.0,0,-55.16433289111592,,0,
61.0,38.0,0,-69.67424531420693,,0,
62.0,38.0,0,-95.18213431420736,,0,
63.0,38.0,0,-132.42015360528603,,0,
64.0,38.0,0,-181.41159948491259,80.802984,1,262.21458348491257
65.0,38.0,0,-236.7760948338546,,0,
66.0,38.0,0,-292.78671939240303,,0,
67.0,38.0,0,-345.57031945482595,,0,
68.0,38.0,0,-392.8504752634908,,0,
69.0,38.0,0,-433.57723838905804,,0,
70.0,38.0,0,-467.69190871936735,-421.000978,1,46.69093071936737
71.0,38.0,3,-496.0052160739433,,0,
72.0,38.0,3,-516.7559398656886,,0,
73.0,38.0,3,-528.4818587581394,,0,
74.0,38.0,3,-529.8631449767854,,0,
75.0,38.0,3,-519.8794523726101,,0,
76.0,38.0,3,-498.2558525042841,-441.318661,1,56.9371915042841
77.0,38.0,3,-466.32241364967194,,0,
78.0,38.0,3,-421.68971247226,,0,
79.0,38.0,3,-361.65710682910867,,0,
80.0,38.0,3,-283.5031349751516,,0,
81.0,38.0,3,-185.65244656126015,,0,
82.0,38.0,3,-70.86175815045135,-277.022313,1,-206.16055484954865
83.0,38.0,3,51.33252918548533,,0,
84.0,38.0,3,169.71884190378478,,0,
85.0,38.0,3,270.90189690749685,,0,
86.0,38.0,3,341.18986372847576,,0,
87.0,38.0,3,369.3375794736203,,0,
88.0,38.0,3,353.11507850675844,874.280725,1,521.1656464932415
89.0,38.0,3,305.80074599350337,,0,
90.0,38.0,3,241.77400268020574,,0,
91.0,38.0,3,172.36618425816414,,0,
92.0,38.0,3,108.02306512510404,,0,
93.0,38.0,3,58.641371542878915,,0,
94.0,38.0,3,32.61529340001289,-299.188174,1,-331.8034674000129
95.0,38.0,3,33.317828139988706,,0,
96.0,38.0,3,43.41101532545872,,0,
97.0,38.0,3,50.71905785263516,,0,
98.0,38.0,3,47.88821140845539,,0,
99.0,38.0,3,31.68287363759009,,0,
100.0,38.0,3,0.8835434460197575,143.066279,1,142.18273555398025
101.0,38.0,3,-46.31112974882126,,0,
102.0,38.0,3,-103.67401007737499,,0,
103.0,38.0,3,-166.50180922239088,,0,
104.0,38.0,3,-230.6243951052602,,0,
105.0,38.0,3,-291.9666940586176,,0,
106.0,38.0,3,-346.12335772032384,-317.0875,1,29.03585772032386
107.0,38.0,3,-387.38712271770055,,0,
108.0,38.0,3,-410.4021449352731,,0,
109.0,38.0,3,-412.5588307831349,,0,
110.0,38.0,3,-392.55008172936505,,0,
111.0,38.0,3,-349.6172694512643,,0,
112.0,38.0,3,-285.07967667006596,-380.40526,1,-95.32558332993403
113.0,38.0,3,-205.72740371257532,,0,
114.0,38.0,3,-125.1970942504704,,0,
115.0,38.0,3,-54.61858156125527,,0,
116.0,38.0,3,-2.060365277924575,,0,
117.0,38.0,3,27.203834736923454,,0,
118.0,38.0,3,32.9636261233245,78.946262,1,45.9826358766755
119.0,38.0,3,26.517181185539812,,0,
120.0,38.0,3,19.905396575573832,,0,
121.0,38.0,3,15.44774461351335,,0,
122.0,38.0,3,12.467491538496688,,0,
123.0,38.0,3,9.731160895171342,,0,
124.0,38.0,3,4.317153450276237,101.065672,1,96.74851854972377
125.0,38.0,3,-9.142370067158481,,0,
126.0,38.0,3,-30.904361969965976,,0,
127.0,38.0,3,-60.144538361462764,,0,
128.0,38.0,3,-97.24092746741371,,0,
129.0,38.0,1,-142.92355126445182,,0,
130.0,38.0,1,-195.89517285325564,-316.451248,1,-120.55607514674438
131.0,38.0,1,-252.63768172310665,,0,
132.0,38.0,1,-308.88026191426616,,0,
133.0,38.0,1,-361.95492183597526,,0,
134.0,38.0,1,-407.8159499160829,,0,
135.0,38.0,1,-441.0760443948675,,0,
136.0,38.0,1,-459.14739111281233,-633.166287,1,-174.01889588718768
137.0,38.0,1,-465.84601586218923,,0,
138.0,38.0,1,-464.29411551973317,,0,
139.0,38.0,1,-455.2620867197402,,0,
140.0,38.0,1,-439.2931874690112,,0,
141.0,38.0,1,-418.33808047056664,,0,
142.0,38.0,1,-394.7898687340785,-382.607761,1,12.1821077340785
143.0,38.0,1,-368.7500760217663,,0,
144.0,38.0,1,-339.5979284190689,,0,
145.0,38.0,1,-307.591588573996,,0,
146.0,38.0,1,-273.0541920972755,,0,
147.0,38.0,1,-235.9947517211549,,0,
148.0,38.0,1,-196.12653363330173,-216.338852,1,-20.21231836669827
149.0,38.0,1,-153.34960416995455,,0,
150.0,38.0,1,-109.29936091788113,,0,
151.0,38.0,1,-65.33867156004999,,0,
152.0,38.0,1,-21.512297499924898,,0,
153.0,38.0,1,23.78861524607055,,0,
154.0,38.0,1,71.92152826418169,192.62295,1,120.70142173581831
155.0,38.0,1,121.30706395272864,,0,
156.0,38.0,1,171.1055375690048,,0,
157.0,38.0,1,225.1766723258188,,0,
158.0,38.0,1,287.65568137937225,,0,
159.0,38.0,1,360.8737849079771,,0,
160.0,38.0,1,444.8021207852289,687.671804,1,242.86968321477104
161.0,38.0,2,535.7247098914813,,0,
162.0,38.0,2,626.475739370333,,0,
163.0,38.0,2,708.955522874603,,0,
164.0,38.0,2,776.6296218789648,,0,
165.0,38.0,2,820.7488492036937,,0,
166.0,38.0,2,831.9901353961322,1685.667824,1,853.6776886038679
167.0,38.0,2,811.6941823208472,,0,
168.0,38.0,2,762.2184290756704,,0,
169.0,38.0,2,689.1446528634988,,0,
170.0,38.0,2,598.9516407998744,,0,
171.0,38.0,2,498.2154968972318,,0,
172.0,38.0,2,393.6520324301382,430.115599,1,36.46356656986177
173.0,38.0,2,291.87840972514823,,0,
174.0,38.0,2,201.9481884695124,,0,
175.0,38.0,2,130.26905953185633,,0,
176.0,38.0,2,77.24712002079468,,0,
177.0,38.0,2,39.54485427518375,,0,
178.0,38.0,2,14.06509301927872,-83.229452,1,-97.29454501927871
179.0,38.0,2,0.4495267214952037,,0,
180.0,38.0,2,-1.0728150187642314,,0,
181.0,38.0,2,3.1705641301814467,,0,
182.0,38.0,2,7.020802920684218,,0,
183.0,38.0,2,7.948272820329294,,0,
184.0,38.0,2,7.443992601125501,-207.302186,1,-214.7461786011255
185.0,38.0,2,10.544546501012519,,0,
186.0,38.0,2,22.576068496098742,,0,
187.0,38.0,2,42.7136449420359,,0,
188.0,38.0,2,67.72272972780047,,0,
189.0,38.0,2,95.22043631388806,,0,
190.0,38.0,2,123.99474631994963,115.848864,1,-8.14588231994962
191.0,38.0,2,153.80890673561953,,0,
192.0,38.0,2,184.80938119324856,,0,
193.0,38.0,2,216.67845518654212,,0,
194.0,38.0,2,246.29045730503276,,0,
195.0,38.0,2,267.1011991427513,,0,
196.0,38.0,2,272.54187317413744,647.584312,1,375.0424388258625
197.0,38.0,2,263.10648885509,,0,
198.0,38.0,2,240.5420944665093,,0,
199.0,38.0,2,211.44159038807265,,0,
0.0,39.0,0,-437.8815661743283,,0,
1.0,39.0,0,-464.2747111101635,,0,
2.0,39.0,0,-483.84594275359996,,0,
3.0,39.0,0,-492.55075728317024,-666.181502,1,-173.63074471682978
4.0,39.0,0,-483.3806467340328,,0,
5.0,39.0,0,-457.9480811560061,,0,
6.0,39.0,0,-416.0539205893874,,0,
7.0,39.0,0,-358.28512584697455,,0,
8.0,39.0,0,-286.775500113843,,0,
9.0,39.0,0,-204.85484182043,-533.523441,1,-328.66859917957004
10.0,39.0,0,-115.78281452553347,,0,
11.0,39.0,0,-23.64980542298872,,0,
12.0,39.0,0,63.06580386031419,,0,
13.0,39.0,0,135.315341406269,,0,
14.0,39.0,0,184.68744431738742,,0,
15.0,39.0,0,203.48805162962526,418.710575,1,215.22252337037474
16.0,39.0,0,187.36565983318724,,0,
17.0,39.0,0,145.35862259333953,,0,
18.0,39.0,0,83.82832654123195,,0,
19.0,39.0,0,8.56749805441359,,0,
20.0,39.0,0,-73.29567095218226,,0,
21.0,39.0,0,-154.2385522996774,-182.391574,1,-28.153021700322597
22.0,39.0,0,-229.26123922038823,,0,
23.0,39.0,0,-293.9875819166191,,0,
24.0,39.0,0,-344.85147015890107,,0,
25.0,39.0,0,-380.4760356727056,,0,
26.0,39.0,0,-400.94764469354413,,0,
27.0,39.0,0,-406.4646330078831,-330.46269,1,76.00194300788309
28.0,39.0,0,-397.47706971352454,,0,
29.0,39.0,0,-375.5825778483413,,0,
30.0,39.0,0,-344.40922796120867,,0,
31.0,39.0,0,-308.1435863398947,,0,
32.0,39.0,0,-269.85703556478256,,0,
33.0,39.0,0,-230.97769635240547,-155.638654,1,75.33904235240547
34.0,39.0,0,-192.80167426425032,,0,
35.0,39.0,0,-152.69462647242472,,0,
36.0,39.0,0,-110.20964444242418,,0,
37.0,39.0,0,-67.18317045737058,,0,
38.0,39.0,0,-25.9806348788552,,0,
39.0,39.0,0,11.382244770415127,-8.306359,1,-19.688603770415128
40.0,39.0,0,42.98487002332695,,0,
41.0,39.0,0,65.53632195666432,,0,
42.0,39.0,0,76.15539319557138,,0,
43.0,39.0,0,73.1126435440965,,0,
44.0,39.0,0,57.371650942834094,,0,
45.0,39.0,0,33.22176149080042,112.110772,1,78.88901050919958
46.0,39.0,0,6.598821660852991,,0,
47.0,39.0,0,-17.99147597141564,,0,
48.0,39.0,0,-41.23968310107011,,0,
49.0,39.0,0,-64.98410394717939,,0,
50.0,39.0,0,-89.33037440350745,,0,
51.0,39.0,0,-111.93786039802944,-136.081532,1,-24.143671601970567
52.0,39.0,0,-129.4153151693754,,0,
53.0,39.0,0,-140.1120068433229,,0,
54.0,39.0,0,-142.70470159384422,,0,
55.0,39.0,0,-136.63407958764583,,0,
56.0,39.0,0,-123.03806810278911,,0,
57.0,39.0,0,-105.77416543476284,-90.90407,1,14.870095434762831
58.0,39.0,0,-90.95617177488748,,0,
59.0,39.0,0,-83.36853827675804,,0,
60.0,39.0,0,-83.41772532352479,,0,
61.0,39.0,0,-90.91636264300905,,0,
62.0,39.0,0,-106.86065553152002,,0,
63.0,39.0,0,-133.7211710549891,86.118926,1,219.8400970549891
64.0,39.0,0,-175.39361879462376,,0,
65.0,39.0,0,-223.45394270005636,,0,
66.0,39.0,0,-272.4764581512427,,0,
67.0,39.0,0,-319.07410134898964,,0,
68.0,39.0,0,-361.1987517714733,,0,
69.0,39.0,0,-398.1206902942504,-314.73466,1,83.38603029425036
70.0,39.0,0,-429.9954521432519,,0,
71.0,39.0,3,-456.89806855935603,,0,
72.0,39.0,3,-477.4225248096045,,0,
73.0,39.0,3,-489.52186282817274,,0,
74.0,39.0,3,-491.47348353028065,,0,
75.0,39.0,3,-482.29472697811434,-537.534641,1,-55.239914021885625
76.0,39.0,3,-460.77983642782783,,0,
77.0,39.0,3,-428.00696970595163,,0,
78.0,39.0,3,-382.52319475915283,,0,
79.0,39.0,3,-322.0037416438572,,0,
80.0,39.0,3,-243.35218277049717,,0,
81.0,39.0,3,-143.86946567567065,-340.396524,1,-196.52705832432935
82.0,39.0,3,-25.6869290136965,,0,
83.0,39.0,3,96.73795734409941,,0,
84.0,39.0,3,211.72823202272411,,0,
85.0,39.0,3,307.76634546293644,,0,
86.0,39.0,3,370.9447955657379,,0,
87.0,39.0,3,387.48126590834,860.667622,1,473.18635609166006
88.0,39.0,3,352.8890085851308,,0,
89.0,39.0,3,291.53160431270953,,0,
90.0,39.0,3,219.68582409550436,,0,
91.0,39.0,3,149.23890421818942,,0,
92.0,39.0,3,89.65233687576256,,0,
93.0,39.0,3,48.610132809728384,-216.824286,1,-265.4344188097284
94.0,39.0,3,35.856132343935315,,0,
95.0,39.0,3,43.97903792525176,,0,
96.0,39.0,3,59.08875881624408,,0,
97.0,39.0,3,67.56205154547933,,0,
98.0,39.0,3,60.8114531415049,,0,
99.0,39.0,3,36.88964054391545,257.673133,1,220.78349245608456
100.0,39.0,3,-3.128829590510577,,0,
101.0,39.0,3,-57.16706171433907,,0,
102.0,39.0,3,-119.77975822443841,,0,
103.0,39.0,3,-185.29728836694267,,0,
104.0,39.0,3,-249.08189793248312,,0,
105.0,39.0,3,-307.35449301078916,-274.336347,1,33.01814601078917
106.0,39.0,3,-356.7874196044868,,0,
107.0,39.0,3,-392.1081773354381,,0,
108.0,39.0,3,-409.01528476556996,,0,
109.0,39.0,3,-404.85159003693843,,0,
110.0,39.0,3,-378.59766976354877,,0,
111.0,39.0,3,-330.154011550243,-518.863794,1,-188.70978244975697
112.0,39.0,3,-258.79156476240314,,0,
113.0,39.0,3,-175.9658216445241,,0,
114.0,39.0,3,-93.8963177948608,,0,
115.0,39.0,3,-23.236198701444664,,0,
116.0,39.0,3,28.73189265272231,,0,
117.0,39.0,3,57.88925963375368,373.189577,1,315.3003173662463
118.0,39.0,3,60.15890872251475,,0,
119.0,39.0,3,50.61119721294381,,0,
120.0,39.0,3,39.52492823812645,,0,
121.0,39.0,3,31.183821222162805,,0,
122.0,39.0,3,25.901272544579115,,0,
123.0,39.0,3,21.509646438571508,232.141398,1,210.6317515614285
124.0,39.0,3,14.421766643499723,,0,
125.0,39.0,3,1.2879984250757843,,0,
126.0,39.0,3,-18.38696469005663,,0,
127.0,39.0,3,-44.592554931296036,,0,
128.0,39.0,3,-79.41205651249038,,0,
129.0,39.0,1,-125.4638256165199,-120.553274,1,4.910551616519896
130.0,39.0,1,-180.77924429357518,,0,
131.0,39.0,1,-242.0903932430083,,0,
132.0,39.0,1,-306.3141008568782,,0,
133.0,39.0,1,-369.8364374708617,,0,
134.0,39.0,1,-426.3107027496444,,0,
135.0,39.0,1,-467.45500941958744,-713.228253,1,-245.77324358041255
136.0,39.0,1,-488.7022127917153,,0,
137.0,39.0,1,-498.7832199918339,,0,
138.0,39.0,1,-500.5451300761197,,0,
139.0,39.0,1,-493.6677528611326,,0,
140.0,39.0,1,-478.06439065167797,,0,
141.0,39.0,1,-456.06979415751994,-381.433572,1,74.63622215751991
142.0,39.0,1,-431.6410574752372,,0,
143.0,39.0,1,-404.06146787665784,,0,
144.0,39.0,1,-373.13389950594865,,0,
145.0,39.0,1,-339.3841316078324,,0,
146.0,39.0,1,-303.8545636400813,,0,
147.0,39.0,1,-267.37434953823686,-358.299442,1,-90.92509246176314
148.0,39.0,1,-229.25857928740152,,0,
149.0,39.0,1,-189.23760799737647,,0,
150.0,39.0,1,-148.34512828057632,,0,
151.0,39.0,1,-107.60131352581084,,0,
152.0,39.0,1,-66.60494772734819,,0,
153.0,39.0,1,-23.46269412105903,-121.428521,1,-97.96582687894097
154.0,39.0,1,23.365703107090667,,0,
155.0,39.0,1,70.6519293267047,,0,
156.0,39.0,1,118.42581116770452,,0,
157.0,39.0,1,169.5160759477876,,0,
158.0,39.0,1,227.38162752892822,,0,
159.0,39.0,1,294.69035600835923,267.965804,1,-26.72455200835924
160.0,39.0,1,372.9078777304967,,0,
161.0,39.0,2,460.15588609385304,,0,
162.0,39.0,2,552.8498335629702,,0,
163.0,39.0,2,645.6841769634048,,0,
164.0,39.0,2,731.3482435325277,,0,
165.0,39.0,2,797.7457100327592,1365.053674,1,567.3079639672408
166.0,39.0,2,824.6104773497209,,0,
167.0,39.0,2,821.3309353406075,,0,
168.0,39.0,2,790.3374543546233,,0,
169.0,39.0,2,732.8651328869164,,0,
170.0,39.0,2,653.4583095645066,,0,
171.0,39.0,2,560.7191866084468,902.908977,1,342.1897903915533
172.0,39.0,2,464.02467054023873,,0,
173.0,39.0,2,371.4952386978548,,0,
174.0,39.0,2,290.3926530503668,,0,
175.0,39.0,2,225.43354311329313,,0,
176.0,39.0,2,177.65416737901978,,0,
177.0,39.0,2,145.44644339685328,138.395854,1,-7.050589396853269
178.0,39.0,2,126.60620365664363,,0,
179.0,39.0,2,119.16381657449529,,0,
180.0,39.0,2,120.8154018932837,,0,
181.0,39.0,2,127.11880806623958,,0,
182.0,39.0,2,132.85930131026544,,0,
183.0,39.0,2,135.1826311366167,66.943832,1,-68.23879913661669
184.0,39.0,2,136.84895324124955,,0,
185.0,39.0,2,142.28325993567705,,0,
186.0,39.0,2,154.35704629239626,,0,
187.0,39.0,2,172.64370070118457,,0,
188.0,39.0,2,195.12184955563862,,0,
189.0,39.0,2,220.53912965208292,132.067428,1,-88.47170165208291
190.0,39.0,2,247.74820452043787,,0,
191.0,39.0,2,275.1223634877242,,0,
192.0,39.0,2,300.7571773054078,,0,
193.0,39.0,2,323.10914011718705,,0,
194.0,39.0,2,340.55277165723965,,0,
195.0,39.0,2,348.4087016908452,722.574036,1,374.1653343091548
196.0,39.0,2,335.9957036814885,,0,
197.0,39.0,2,311.8113616053015,,0,
198.0,39.0,2,280.2851959292311,,0,
199.0,39.0,2,245.37017057067715,,0,
0.0,40.0,0,-364.15401512151584,,0,
1.0,40.0,0,-386.0032548690215,,0,
2.0,40.0,0,-401.6559359547682,-547.991613,1,-146.33567704523182
3.0,40.0,0,-407.5928498575231,,0,
4.0,40.0,0,-400.1130446100142,,0,
5.0,40.0,0,-379.26613203040324,,0,
6.0,40.0,0,-345.40340218227357,,0,
7.0,40.0,0,-297.84441683627665,,0,
8.0,40.0,0,-236.4824989454355,-529.798624,1,-293.3161250545645
9.0,40.0,0,-164.64130930462852,,0,
10.0,40.0,0,-86.23560450295918,,0,
11.0,40.0,0,-5.824318484403193,,0,
12.0,40.0,0,69.93897640146315,,0,
13.0,40.0,0,133.32798964018002,,0,
14.0,40.0,0,175.89280796749517,364.866597,1,188.97378903250484
15.0,40.0,0,187.04944541770965,,0,
16.0,40.0,0,168.37202173832338,,0,
17.0,40.0,0,125.43858564971015,,0,
18.0,40.0,0,63.96511346101761,,0,
19.0,40.0,0,-10.534773626131937,,0,
20.0,40.0,0,-90.86785508727189,-202.125448,1,-111.25759291272811
21.0,40.0,0,-167.81858616392128,,0,
22.0,40.0,0,-238.2412071407307,,0,
23.0,40.0,0,-298.1794117987156,,0,
24.0,40.0,0,-344.5349606986856,,0,
25.0,40.0,0,-376.68715099804103,,0,
26.0,40.0,0,-395.4395591665525,-247.513187,1,147.9263721665525
27.0,40.0,0,-400.0921561732539,,0,
28.0,40.0,0,-390.355275089154,,0,
29.0,40.0,0,-367.44086831761524,,0,
30.0,40.0,0,-334.14531528553925,,0,
31.0,40.0,0,-294.7814426245168,,0,
32.0,40.0,0,-253.39122516755015,-106.93191,1,146.45931516755013
33.0,40.0,0,-210.39422773988917,,0,
34.0,40.0,0,-165.7021658597514,,0,
35.0,40.0,0,-118.95310773339588,,0,
36.0,40.0,0,-71.2251625568606,,0,
37.0,40.0,0,-24.696876105037518,,0,
38.0,40.0,0,19.15517190634273,59.185632,1,40.03046009365727
39.0,40.0,0,59.26865838468075,,0,
40.0,40.0,0,94.03546339017339,,0,
41.0,40.0,0,120.75627266359515,,0,
42.0,40.0,0,136.21130830829497,,0,
43.0,40.0,0,137.47122180683073,,0,
44.0,40.0,0,124.48101121652871,359.000621,1,234.5196097834713
45.0,40.0,0,102.95036812336184,,0,
46.0,40.0,0,78.66507739538793,,0,
47.0,40.0,0,54.193714479450136,,0,
48.0,40.0,0,28.125383638311177,,0,
49.0,40.0,0,-2.755826045293361,,0,
50.0,40.0,0,-38.969129312899895,-48.468618,1,-9.499488687100104
51.0,40.0,0,-75.41496172145708,,0,
52.0,40.0,0,-107.43079991871491,,0,
53.0,40.0,0,-132.73098609526642,,0,
54.0,40.0,0,-149.7338164880639,,0,
55.0,40.0,0,-156.67699413537048,,0,
56.0,40.0,0,-153.11951912628138,-253.741038,1,-100.62151887371863
57.0,40.0,0,-143.5196386789903,,0,
58.0,40.0,0,-133.3567544030957,,0,
59.0,40.0,0,-126.09364490647567,,0,
60.0,40.0,0,-122.73583079059608,,0,
61.0,40.0,0,-123.78316389489919,,0,
62.0,40.0,0,-131.44145086500794,-83.983845,1,47.457605865007935
63.0,40.0,0,-150.0103459849488,,0,
64.0,40.0,0,-180.1731899647275,,0,
65.0,40.0,0,-217.38115038024262,,0,
66.0,40.0,0,-256.7520174755482,,0,
67.0,40.0,0,-294.8632473703474,,0,
68.0,40.0,0,-329.5357754220022,-229.894259,1,99.64151642200218
69.0,40.0,0,-360.46310245944187,,0,
70.0,40.0,0,-387.8737621024484,,0,
71.0,40.0,3,-411.54964506532997,,0,
72.0,40.0,3,-430.3008775875205,,0,
73.0,40.0,3,-441.6229877813021,,0,
74.0,40.0,3,-442.7537389086792,-517.908458,1,-75.15471909132077
75.0,40.0,3,-433.3449293287704,,0,
76.0,40.0,3,-412.7612564477022,,0,
77.0,40.0,3,-380.1264744371874,,0,
78.0,40.0,3,-333.9755568258697,,0,
79.0,40.0,3,-272.744915231131,,0,
80.0,40.0,3,-193.86469610925997,-442.332976,1,-248.46827989074
81.0,40.0,3,-91.80766902584583,,0,
82.0,40.0,3,23.578618275234476,,0,
83.0,40.0,3,139.70954388665268,,0,
84.0,40.0,3,245.0068401468452,,0,
85.0,40.0,3,329.32019980205223,,0,
86.0,40.0,3,379.8495209584362,907.946966,1,528.0974450415638
87.0,40.0,3,376.5628510552924,,0,
88.0,40.0,3,331.6230793084105,,0,
89.0,40.0,3,263.86985848797485,,0,
90.0,40.0,3,190.0794325438328,,0,
91.0,40.0,3,123.72432565964118,,0,
92.0,40.0,3,75.51043061469682,-116.486773,1,-191.99720361469682
93.0,40.0,3,49.4365846363944,,0,
94.0,40.0,3,46.97538132139016,,0,
95.0,40.0,3,61.39634646824561,,0,
96.0,40.0,3,80.41342901473399,,0,
97.0,40.0,3,89.21980081254151,,0,
98.0,40.0,3,76.00672985671554,443.094299,1,367.08756914328444
99.0,40.0,3,42.177962135203416,,0,
100.0,40.0,3,-7.6141890829312615,,0,
101.0,40.0,3,-68.95014743763022,,0,
102.0,40.0,3,-136.37407038611127,,0,
103.0,40.0,3,-204.21688530198298,,0,
104.0,40.0,3,-267.56224071682664,-311.867361,1,-44.30512028317338
105.0,40.0,3,-323.2210964583792,,0,
106.0,40.0,3,-367.96312553988537,,0,
107.0,40.0,3,-397.5970219055598,,0,
108.0,40.0,3,-408.34583663832746,,0,
109.0,40.0,3,-397.31352406147926,,0,
110.0,40.0,3,-362.9215086810873,-485.182509,1,-122.26100031891269
111.0,40.0,3,-306.07238872814924,,0,
112.0,40.0,3,-230.27253631375788,,0,
113.0,40.0,3,-145.36460483784322,,0,
114.0,40.0,3,-63.05705135961762,,0,
115.0,40.0,3,5.70753456116654,,0,
116.0,40.0,3,52.62213624616561,407.647908,1,355.02577175383436
117.0,40.0,3,75.87727320738486,,0,
118.0,40.0,3,77.09179878071882,,0,
119.0,40.0,3,65.64430209179409,,0,
120.0,40.0,3,51.13421416672645,,0,
121.0,40.0,3,39.40541277662851,,0,
122.0,40.0,3,31.995502509525977,112.942057,1,80.94655449047403
123.0,40.0,3,25.767888190574013,,0,
124.0,40.0,3,17.113466494804015,,0,
125.0,40.0,3,4.090202868217602,,0,
126.0,40.0,3,-13.267644187901169,,0,
127.0,40.0,3,-34.952174733858556,,0,
128.0,40.0,3,-64.01622270594817,123.244613,1,187.26083570594818
129.0,40.0,1,-107.01461312326137,,0,
130.0,40.0,1,-160.1970202337252,,0,
131.0,40.0,1,-221.40921039349632,,0,
132.0,40.0,1,-288.49166570547095,,0,
133.0,40.0,1,-357.56547071703244,,0,
134.0,40.0,1,-421.01942573452834,-733.049574,1,-312.03014826547167
135.0,40.0,1,-465.29834546067286,,0,
136.0,40.0,1,-493.93568138423143,,0,
137.0,40.0,1,-511.76509388629347,,0,
138.0,40.0,1,-520.7581753802951,,0,
139.0,40.0,1,-519.4515351407463,,0,
140.0,40.0,1,-506.5673864931741,-544.2006,1,-37.63321350682588
141.0,40.0,1,-485.98623870447045,,0,
142.0,40.0,1,-461.52975233912,,0,
143.0,40.0,1,-433.7536818992812,,0,
144.0,40.0,1,-402.629590006778,,0,
145.0,40.0,1,-368.82322022644803,,0,
146.0,40.0,1,-333.6664611286251,-264.959692,1,68.70676912862507
147.0,40.0,1,-299.039525369124,,0,
148.0,40.0,1,-263.132209968855,,0,
149.0,40.0,1,-225.575501332758,,0,
150.0,40.0,1,-187.21529182977974,,0,
151.0,40.0,1,-149.10290728590917,,0,
152.0,40.0,1,-111.00419444032013,-215.80671,1,-104.80251555967988
153.0,40.0,1,-69.9676050604321,,0,
154.0,40.0,1,-27.85162990470417,,0,
155.0,40.0,1,13.810376227716915,,0,
156.0,40.0,1,55.63311402138788,,0,
157.0,40.0,1,100.17359383264557,,0,
158.0,40.0,1,150.37594549625646,-11.207257,1,-161.58320249625646
159.0,40.0,1,208.99623789195903,,0,
160.0,40.0,1,278.1385647269781,,0,
161.0,40.0,2,358.45146230235696,,0,
162.0,40.0,2,449.45934431185015,,0,
163.0,40.0,2,547.7444180287421,,0,
164.0,40.0,2,644.2121891468996,996.984621,1,352.77243185310033
165.0,40.0,2,724.5644575410988,,0,
166.0,40.0,2,775.7138594675343,,0,
167.0,40.0,2,797.761984468787,,0,
168.0,40.0,2,791.2230896872934,,0,
169.0,40.0,2,753.8525518313982,,0,
170.0,40.0,2,687.802579640178,945.920165,1,258.117585359822
171.0,40.0,2,605.7902735897806,,0,
172.0,40.0,2,520.1213805658626,,0,
173.0,40.0,2,439.3303433954716,,0,
174.0,40.0,2,369.4769848631695,,0,
175.0,40.0,2,314.22846280783415,,0,
176.0,40.0,2,274.8754452142166,296.567931,1,21.69248578578339
177.0,40.0,2,250.6304388686549,,0,
178.0,40.0,2,239.2376475299243,,0,
179.0,40.0,2,237.6025665968191,,0,
180.0,40.0,2,242.46694484679028,,0,
181.0,40.0,2,250.42106299102306,,0,
182.0,40.0,2,257.5210495174397,406.683122,1,149.16207248256035
183.0,40.0,2,259.73401030059904,,0,
184.0,40.0,2,262.034362202161,,0,
185.0,40.0,2,267.8877753452398,,0,
186.0,40.0,2,279.1216892839875,,0,
187.0,40.0,2,294.99053301499225,,0,
188.0,40.0,2,313.434044190275,301.017617,1,-12.416427190275044
189.0,40.0,2,335.21291789226234,,0,
190.0,40.0,2,359.3814811427146,,0,
191.0,40.0,2,382.6010849326849,,0,
192.0,40.0,2,400.20689738960937,,0,
193.0,40.0,2,409.0816353969276,,0,
194.0,40.0,2,409.169400726445,778.926299,1,369.75689827355495
195.0,40.0,2,398.66965499310754,,0,
196.0,40.0,2,374.42235407896806,,0,
197.0,40.0,2,340.83615344855934,,0,
198.0,40.0,2,303.2046800283715,,0,
199.0,40.0,2,264.9753211881034,,0,
0.0,41.0,0,-279.23687479365617,,0,
1.0,41.0,0,-295.2197112762369,-394.066536,1,-98.84682472376306
2.0,41.0,0,-305.8921646948438,,0,
3.0,41.0,0,-309.24405147263315,,0,
4.0,41.0,0,-303.5354099944234,,0,
5.0,41.0,0,-288.39647711999714,,0,
6.0,41.0,0,-263.75359430583194,,0,
7.0,41.0,0,-228.19145394302905,-363.24868,1,-135.05722605697093
8.0,41.0,0,-178.58225164469332,,0,
9.0,41.0,0,-119.52440445497632,,0,
10.0,41.0,0,-54.605783375911415,,0,
11.0,41.0,0,12.052583502838388,,0,
12.0,41.0,0,74.47135261492804,,0,
13.0,41.0,0,125.32309654681012,212.740299,1,87.41720245318987
14.0,41.0,0,156.84262044518255,,0,
15.0,41.0,0,162.54578235698864,,0,
16.0,41.0,0,142.58014694863232,,0,
17.0,41.0,0,100.7580367657356,,0,
18.0,41.0,0,41.40504903066903,,0,
19.0,41.0,0,-30.66112684662221,80.24066,1,110.90178684662222
20.0,41.0,0,-107.98063368210569,,0,
21.0,41.0,0,-182.9700090807164,,0,
22.0,41.0,0,-250.98945258418098,,0,
23.0,41.0,0,-307.967897137627,,0,
24.0,41.0,0,-350.8485618446721,,0,
25.0,41.0,0,-379.69971627602354,-279.741442,1,99.95827427602353
26.0,41.0,0,-397.3294323659502,,0,
27.0,41.0,0,-401.47531228885055,,0,
28.0,41.0,0,-391.49102583667263,,0,
29.0,41.0,0,-368.14836627664044,,0,
30.0,41.0,0,-333.5011243040208,,0,
31.0,41.0,0,-291.46960731828585,-134.71087,1,156.75873731828585
32.0,41.0,0,-248.2240700761322,,0,
33.0,41.0,0,-201.43716996209696,,0,
34.0,41.0,0,-150.708751833532,,0,
35.0,41.0,0,-97.04247700551059,,0,
36.0,41.0,0,-43.431665928219445,,0,
37.0,41.0,0,6.426215489627793,43.169476,1,36.74326051037221
38.0,41.0,0,52.4328416143544,,0,
39.0,41.0,0,94.63716396829113,,0,
40.0,41.0,0,131.83431510522496,,0,
41.0,41.0,0,161.84198475489393,,0,
42.0,41.0,0,181.15841787063982,,0,
43.0,41.0,0,185.6859179107705,368.894488,1,183.2085700892295
44.0,41.0,0,173.58361406682525,,0,
45.0,41.0,0,153.63567834044807,,0,
46.0,41.0,0,130.90782059461344,,0,
47.0,41.0,0,106.91955514950678,,0,
48.0,41.0,0,78.87983094147057,,0,
49.0,41.0,0,41.651731577003375,237.864809,1,196.21307742299663
50.0,41.0,0,-5.78809628111776,,0,
51.0,41.0,0,-53.82531497150194,,0,
52.0,41.0,0,-97.83135252969805,,0,
53.0,41.0,0,-135.6506494213827,,0,
54.0,41.0,0,-165.4519366226159,,0,
55.0,41.0,0,-184.75329439342022,-340.071178,1,-155.31788360657976
56.0,41.0,0,-190.0536759243114,,0,
57.0,41.0,0,-187.41138311801478,,0,
58.0,41.0,0,-181.47308955271728,,0,
59.0,41.0,0,-175.13644870737335,,0,
60.0,41.0,0,-169.35112539120018,,0,
61.0,41.0,0,-164.67466643749503,-237.081866,1,-72.40719956250496
62.0,41.0,0,-164.84124918468297,,0,
63.0,41.0,0,-173.6502812257968,,0,
64.0,41.0,0,-191.59600195358507,,0,
65.0,41.0,0,-216.11768793244846,,0,
66.0,41.0,0,-243.73073713621125,,0,
67.0,41.0,0,-271.3677010918036,-316.003772,1,-44.636070908196416
68.0,41.0,0,-296.32973432238214,,0,
69.0,41.0,0,-319.04931668099016,,0,
70.0,41.0,0,-339.7196689656703,,0,
71.0,41.0,3,-358.01915966463275,,0,
72.0,41.0,3,-373.01536150701577,,0,
73.0,41.0,3,-382.53581160423346,-520.810635,1,-138.2748233957666
74.0,41.0,3,-381.91650680464227,,0,
75.0,41.0,3,-372.81490974256303,,0,
76.0,41.0,3,-354.0174874836812,,0,
77.0,41.0,3,-322.62841988925356,,0,
78.0,41.0,3,-275.9305589336436,,0,
79.0,41.0,3,-212.71555551327765,-531.807038,1,-319.0914824867224
80.0,41.0,3,-131.7007492396806,,0,
81.0,41.0,3,-32.99935222545173,,0,
82.0,41.0,3,74.84780418040464,,0,
83.0,41.0,3,179.13985989877256,,0,
84.0,41.0,3,267.9501577546471,,0,
85.0,41.0,3,331.8072364149557,1025.452912,1,693.6456755850443
86.0,41.0,3,360.19591791473795,,0,
87.0,41.0,3,344.8755599351134,,0,
88.0,41.0,3,294.7233059713035,,0,
89.0,41.0,3,226.83644823881332,,0,
90.0,41.0,3,157.24970487470273,,0,
91.0,41.0,3,98.8377880739572,-190.416693,1,-289.2544810739572
92.0,41.0,3,65.13641480443766,,0,
93.0,41.0,3,52.9000618912105,,0,
94.0,41.0,3,59.58933712937869,,0,
95.0,41.0,3,79.01426200382411,,0,
96.0,41.0,3,100.70640368101886,,0,
97.0,41.0,3,110.40811639872845,557.441541,1,447.0334246012716
98.0,41.0,3,89.70148280600552,,0,
99.0,41.0,3,47.1107016534952,,0,
100.0,41.0,3,-11.310161090776091,,0,
101.0,41.0,3,-79.59530940069817,,0,
102.0,41.0,3,-151.34981096483534,,0,
103.0,41.0,3,-221.3047604331514,-282.734842,1,-61.43008156684863
104.0,41.0,3,-284.2164099536312,,0,
105.0,41.0,3,-337.8553342806408,,0,
106.0,41.0,3,-378.8394812415936,,0,
107.0,41.0,3,-403.3915107270004,,0,
108.0,41.0,3,-408.2872807466483,,0,
109.0,41.0,3,-390.80671431758674,-466.365474,1,-75.55875968241327
110.0,41.0,3,-348.3765521538444,,0,
111.0,41.0,3,-284.2217717389576,,0,
112.0,41.0,3,-204.10939455768676,,0,
113.0,41.0,3,-117.96193785930518,,0,
114.0,41.0,3,-37.08429925539531,,0,
115.0,41.0,3,28.552130833289993,269.401767,1,240.84963616671
116.0,41.0,3,68.35446606183541,,0,
117.0,41.0,3,86.13109157956205,,0,
118.0,41.0,3,85.48796871432569,,0,
119.0,41.0,3,72.69567899790127,,0,
120.0,41.0,3,55.84261408651946,,0,
121.0,41.0,3,41.845107443863526,-70.476788,1,-112.32189544386353
122.0,41.0,3,33.421660051564686,,0,
123.0,41.0,3,25.52658731030533,,0,
124.0,41.0,3,15.064538062972133,,0,
125.0,41.0,3,1.0463000399176963,,0,
126.0,41.0,3,-15.289485890651122,,0,
127.0,41.0,3,-32.97883882175665,-164.314796,1,-131.33595717824335
128.0,41.0,3,-56.40574972232571,,0,
129.0,41.0,1,-90.7366703186417,,0,
130.0,41.0,1,-136.16770662146155,,0,
131.0,41.0,1,-191.87296501890523,,0,
132.0,41.0,1,-256.1579044189857,,0,
133.0,41.0,1,-324.1040274598636,-543.443779,1,-219.33975154013638
134.0,41.0,1,-387.3390131412307,,0,
135.0,41.0,1,-437.72331628378015,,0,
136.0,41.0,1,-475.49258452490903,,0,
137.0,41.0,1,-503.34348557703197,,0,
138.0,41.0,1,-521.8630174389109,,0,
139.0,41.0,1,-528.8474963754998,-729.352589,1,-200.5050926245002
140.0,41.0,1,-520.4693848110837,,0,
141.0,41.0,1,-503.68373626173707,,0,
142.0,41.0,1,-481.95112941390835,,0,
143.0,41.0,1,-456.18918439908884,,0,
144.0,41.0,1,-426.82055597630097,,0,
145.0,41.0,1,-395.0255000862526,-384.767895,1,10.257605086252568
146.0,41.0,1,-362.5519276035484,,0,
147.0,41.0,1,-329.96974039648194,,0,
148.0,41.0,1,-296.1256707777793,,0,
149.0,41.0,1,-260.33497463236563,,0,
150.0,41.0,1,-223.2888314218726,,0,
151.0,41.0,1,-186.18816884467378,-127.490091,1,58.698077844673776
152.0,41.0,1,-149.41295687796082,,0,
153.0,41.0,1,-112.68899083021097,,0,
154.0,41.0,1,-77.33112186053768,,0,
155.0,41.0,1,-44.03602491726633,,0,
156.0,41.0,1,-11.284125076141208,,0,
157.0,41.0,1,23.912367029115558,24.110104,1,0.1977369708844421
158.0,41.0,1,63.8895190784242,,0,
159.0,41.0,1,111.27477308362722,,0,
160.0,41.0,1,168.89158820733428,,0,
161.0,41.0,2,238.9985317857936,,0,
162.0,41.0,2,324.14062415459193,,0,
163.0,41.0,2,424.17355330014834,402.685219,1,-21.488334300148324
164.0,41.0,2,527.2633363906643,,0,
165.0,41.0,2,619.6465771886287,,0,
166.0,41.0,2,691.9551995630609,,0,
167.0,41.0,2,740.1177295625675,,0,
168.0,41.0,2,759.6528567251517,,0,
169.0,41.0,2,744.0902626952156,1125.901194,1,381.8109313047844
170.0,41.0,2,692.1094871107489,,0,
171.0,41.0,2,624.0991568594472,,0,
172.0,41.0,2,552.8104521355708,,0,
173.0,41.0,2,486.3428267923882,,0,
174.0,41.0,2,429.969407168217,,0,
175.0,41.0,2,386.490162105998,433.740313,1,47.25015089400199
176.0,41.0,2,357.47305267408956,,0,
177.0,41.0,2,342.6215686851647,,0,
178.0,41.0,2,339.41515094204806,,0,
179.0,41.0,2,343.4254389053676,,0,
180.0,41.0,2,350.4636250215408,,0,
181.0,41.0,2,358.4118170822039,412.666366,1,54.25454891779606
182.0,41.0,2,364.3599128574133,,0,
183.0,41.0,2,367.7340883386787,,0,
184.0,41.0,2,370.53761447872967,,0,
185.0,41.0,2,375.30669762636535,,0,
186.0,41.0,2,384.0423278217204,,0,
187.0,41.0,2,396.76032976969145,568.777686,1,172.01735623030856
188.0,41.0,2,409.79712773498613,,0,
189.0,41.0,2,426.94412824045867,,0,
190.0,41.0,2,447.32166023598984,,0,
191.0,41.0,2,466.01344510819763,,0,
192.0,41.0,2,474.8386521427892,,0,
193.0,41.0,2,467.68409192794934,880.099779,1,412.4156870720507
194.0,41.0,2,449.2394077880308,,0,
195.0,41.0,2,422.9027131238254,,0,
196.0,41.0,2,389.0687123205862,,0,
197.0,41.0,2,349.9229322206229,,0,
198.0,41.0,2,309.34988424903713,,0,
199.0,41.0,2,270.6752676658798,137.306186,1,-133.3690816658798
0.0,42.0,0,-186.89507531025447,-193.810046,1,-6.91497068974553
1.0,42.0,0,-196.53061858192086,,0,
2.0,42.0,0,-202.21823045704514,,0,
3.0,42.0,0,-203.29155139467912,,0,
4.0,42.0,0,-199.0616082304623,,0,
5.0,42.0,0,-189.22529686568305,,0,
6.0,42.0,0,-173.32085127360187,-153.598323,1,19.72252827360188
7.0,42.0,0,-148.97732879035175,,0,
8.0,42.0,0,-114.24896368558984,,0,
9.0,42.0,0,-71.00907098688185,,0,
10.0,42.0,0,-21.979512620251626,,0,
11.0,42.0,0,29.361999723303597,,0,
12.0,42.0,0,77.25899647292681,101.817388,1,24.558391527073184
13.0,42.0,0,114.39643089915626,,0,
14.0,42.0,0,134.9589670812711,,0,
15.0,42.0,0,134.77334019634873,,0,
16.0,42.0,0,113.20304562547244,,0,
17.0,42.0,0,72.54659395897761,,0,
18.0,42.0,0,16.175854877801612,96.196483,1,80.02062812219839
19.0,42.0,0,-52.8902835638728,,0,
20.0,42.0,0,-127.04802686907351,,0,
21.0,42.0,0,-200.03730807232205,,0,
22.0,42.0,0,-266.94309021695517,,0,
23.0,42.0,0,-322.77997551020235,,0,
24.0,42.0,0,-363.6296211150475,-407.136307,1,-43.5066858849525
25.0,42.0,0,-390.9668533457443,,0,
26.0,42.0,0,-406.9187087751925,,0,
27.0,42.0,0,-410.57587372825947,,0,
28.0,42.0,0,-400.9800946842879,,0,
29.0,42.0,0,-378.41008515423164,,0,
30.0,42.0,0,-344.4408310512081,-229.743822,1,114.69700905120808
31.0,42.0,0,-302.6376501247287,,0,
32.0,42.0,0,-256.4702729458222,,0,
33.0,42.0,0,-205.63670250447467,,0,
34.0,42.0,0,-149.70519139617682,,0,
35.0,42.0,0,-89.99168777244631,,0,
36.0,42.0,0,-30.424737097346224,144.488887,1,174.91362409734623
37.0,42.0,0,22.09038486541249,,0,
38.0,42.0,0,69.98514502332546,,0,
39.0,42.0,0,113.47654180042446,,0,
40.0,42.0,0,151.51296292454936,,0,
41.0,42.0,0,182.42053021257743,,0,
42.0,42.0,0,202.8949124268256,372.990769,1,170.0958565731744
43.0,42.0,0,206.47891809552675,,0,
44.0,42.0,0,196.42863606079482,,0,
45.0,42.0,0,178.1666321036755,,0,
46.0,42.0,0,155.84927917458117,,0,
47.0,42.0,0,130.940515473485,,0,
48.0,42.0,0,100.57443039282225,415.745685,1,315.17125460717773
49.0,42.0,0,55.34023442887701,,0,
50.0,42.0,0,2.289898507297039,,0,
51.0,42.0,0,-51.84756776038557,,0,
52.0,42.0,0,-103.23213199037127,,0,
53.0,42.0,0,-149.7605276351096,,0,
54.0,42.0,0,-188.61007754446473,-328.320538,1,-139.71046045553527
55.0,42.0,0,-216.19534184644,,0,
56.0,42.0,0,-230.4035752316704,,0,
57.0,42.0,0,-234.1586567235645,,0,
58.0,42.0,0,-231.55178870237432,,0,
59.0,42.0,0,-225.6633021470625,,0,
60.0,42.0,0,-217.86432284640614,-344.762432,1,-126.89810915359385
61.0,42.0,0,-207.34039894654416,,0,
62.0,42.0,0,-199.8358752593631,,0,
63.0,42.0,0,-198.71819125371985,,0,
64.0,42.0,0,-204.68365826737136,,0,
65.0,42.0,0,-216.2379074683413,,0,
66.0,42.0,0,-230.82993569714017,-411.069148,1,-180.2392123028598
67.0,42.0,0,-246.02928329532733,,0,
68.0,42.0,0,-260.0877869158867,,0,
69.0,42.0,0,-272.8905546136666,,0,
70.0,42.0,3,-284.74217296554707,,0,
71.0,42.0,3,-295.3429444655776,,0,
72.0,42.0,3,-303.6944465957931,-396.879095,1,-93.18464840420688
73.0,42.0,3,-308.5040346997557,,0,
74.0,42.0,3,-307.66347221523756,,0,
75.0,42.0,3,-300.614117349498,,0,
76.0,42.0,3,-285.3732216183562,,0,
77.0,42.0,3,-257.10720361443236,,0,
78.0,42.0,3,-210.83497741946485,-592.177737,1,-381.34275958053513
79.0,42.0,3,-146.9567915587686,,0,
80.0,42.0,3,-66.99993919022381,,0,
81.0,42.0,3,26.010740931378677,,0,
82.0,42.0,3,124.15651015861658,,0,
83.0,42.0,3,214.43886331288377,,0,
84.0,42.0,3,283.3228242599289,869.863445,1,586.5406207400711
85.0,42.0,3,324.52444488003675,,0,
86.0,42.0,3,333.05643450532807,,0,
87.0,42.0,3,306.91319136554375,,0,
88.0,42.0,3,253.309911797347,,0,
89.0,42.0,3,187.9462032674346,,0,
90.0,42.0,3,128.003688214696,-239.457338,1,-367.461026214696
91.0,42.0,3,83.01973819592968,,0,
92.0,42.0,3,59.48907100892393,,0,
93.0,42.0,3,56.63224336775602,,0,
94.0,42.0,3,70.10300968412776,,0,
95.0,42.0,3,92.6545666976599,,0,
96.0,42.0,3,113.56886124267476,471.741729,1,358.17286775732526
97.0,42.0,3,119.14443430490792,,0,
98.0,42.0,3,97.89931295457063,,0,
99.0,42.0,3,51.65436849265825,,0,
100.0,42.0,3,-13.012012770370347,,0,
101.0,42.0,3,-87.3771667018882,,0,
102.0,42.0,3,-162.07813961204374,-399.017798,1,-236.93965838795629
103.0,42.0,3,-232.9635849846527,,0,
104.0,42.0,3,-296.6056647944497,,0,
105.0,42.0,3,-349.6248874422163,,0,
106.0,42.0,3,-388.20713325974066,,0,
107.0,42.0,3,-408.65315097408893,,0,
108.0,42.0,3,-408.3221643232682,-404.427589,1,3.8945753232682137
109.0,42.0,3,-385.0289319447911,,0,
110.0,42.0,3,-337.56040632212535,,0,
111.0,42.0,3,-268.4741104309214,,0,
112.0,42.0,3,-184.43223454608233,,0,
113.0,42.0,3,-97.20871469133999,,0,
114.0,42.0,3,-20.309258101158775,241.092724,1,261.40198210115875
115.0,42.0,3,38.77556439580803,,0,
116.0,42.0,3,75.27237481265911,,0,
117.0,42.0,3,90.68451003497466,,0,
118.0,42.0,3,89.09648923482746,,0,
119.0,42.0,3,75.78089663526043,,0,
120.0,42.0,3,57.75978162381216,-95.580468,1,-153.34024962381216
121.0,42.0,3,43.905616900883615,,0,
122.0,42.0,3,33.2284999655094,,0,
123.0,42.0,3,22.804392869089497,,0,
124.0,42.0,3,9.997202149243094,,0,
125.0,42.0,3,-5.911702177487314,,0,
126.0,42.0,3,-22.658495730371214,-172.917852,1,-150.2593562696288
127.0,42.0,3,-36.244330297689885,,0,
128.0,42.0,3,-52.665630434989,,0,
129.0,42.0,1,-76.74623437703121,,0,
130.0,42.0,1,-110.95655232889112,,0,
131.0,42.0,1,-156.90967821297818,,0,
132.0,42.0,1,-214.62168455716164,-325.224516,1,-110.60283144283835
133.0,42.0,1,-277.8568924155552,,0,
134.0,42.0,1,-339.12591854372295,,0,
135.0,42.0,1,-393.2457756754593,,0,
136.0,42.0,1,-438.6670892650727,,0,
137.0,42.0,1,-475.47416632878594,,0,
138.0,42.0,1,-502.59616449521855,-573.413528,1,-70.8173635047815
139.0,42.0,1,-516.2400814230205,,0,
140.0,42.0,1,-516.4310852781637,,0,
141.0,42.0,1,-506.8484630342573,,0,
142.0,42.0,1,-490.75559525209246,,0,
143.0,42.0,1,-469.44374027394224,,0,
144.0,42.0,1,-443.621592510608,-572.334549,1,-128.712956489392
145.0,42.0,1,-415.5330288297264,,0,
146.0,42.0,1,-386.94753981474787,,0,
147.0,42.0,1,-357.80147850723006,,0,
148.0,42.0,1,-326.5926103532547,,0,
149.0,42.0,1,-292.24295699596405,,0,
150.0,42.0,1,-255.65147259936202,-122.24809,1,133.40338259936203
151.0,42.0,1,-218.71630996334716,,0,
152.0,42.0,1,-183.21779979683924,,0,
153.0,42.0,1,-150.80263429065235,,0,
154.0,42.0,1,-122.80196252127644,,0,
155.0,42.0,1,-99.01652460172772,,0,
156.0,42.0,1,-77.09245737409219,-145.300861,1,-68.2084036259078
157.0,42.0,1,-52.74015237344429,,0,
158.0,42.0,1,-24.668117755034473,,0,
159.0,42.0,1,10.018794481497025,,0,
160.0,42.0,1,55.328114858362824,,0,
161.0,42.0,2,114.60664788796566,,0,
162.0,42.0,2,190.7437529009767,-236.900741,1,-427.6444939009767
163.0,42.0,2,290.1031208508648,,0,
164.0,42.0,2,395.4358072457835,,0,
165.0,42.0,2,495.0315105135087,,0,
166.0,42.0,2,581.4145807679743,,0,
167.0,42.0,2,649.0887265406782,,0,
168.0,42.0,2,690.157411784865,1107.42091,1,417.2634982151351
169.0,42.0,2,690.0543395254062,,0,
170.0,42.0,2,658.6309013328282,,0,
171.0,42.0,2,610.1935694238637,,0,
172.0,42.0,2,556.7539748651907,,0,
173.0,42.0,2,506.6544431443326,,0,
174.0,42.0,2,465.3476027175784,509.71599,1,44.368387282421565
175.0,42.0,2,434.51860457114526,,0,
176.0,42.0,2,416.3680591857992,,0,
177.0,42.0,2,411.0611214370001,,0,
178.0,42.0,2,416.2967719596345,,0,
179.0,42.0,2,426.00183494819794,,0,
180.0,42.0,2,433.43181235622615,752.714501,1,319.2826886437739
181.0,42.0,2,439.78363440325484,,0,
182.0,42.0,2,445.77823524572887,,0,
183.0,42.0,2,450.58930928620975,,0,
184.0,42.0,2,453.58858573203906,,0,
185.0,42.0,2,455.4690558386501,,0,
186.0,42.0,2,458.68382808589377,637.036175,1,178.3523469141062
187.0,42.0,2,464.6051059276797,,0,
188.0,42.0,2,473.01327649340965,,0,
189.0,42.0,2,485.4721942138858,,0,
190.0,42.0,2,501.1420353160938,,0,
191.0,42.0,2,514.3128484318731,,0,
192.0,42.0,2,514.8747683141846,995.933656,1,481.0588876858154
193.0,42.0,2,491.56315259379335,,0,
194.0,42.0,2,458.78077127062716,,0,
195.0,42.0,2,422.18256575486157,,0,
196.0,42.0,2,382.9144150400534,,0,
197.0,42.0,2,341.8655949989334,,0,
198.0,42.0,2,301.18984136765357,185.064822,1,-116.12501936765358
199.0,42.0,2,264.76092821906786,,0,
0.0,43.0,0,-91.13246818049811,,0,
1.0,43.0,0,-94.55395437823609,,0,
2.0,43.0,0,-95.5084580918774,,0,
3.0,43.0,0,-94.61086628065095,,0,
4.0,43.0,0,-91.97216542204842,,0,
5.0,43.0,0,-87.0370153116528,-28.582233,1,58.45478231165279
6.0,43.0,0,-79.6592986479518,,0,
7.0,43.0,0,-66.7790245108772,,0,
8.0,43.0,0,-46.980755598982796,,0,
9.0,43.0,0,-20.732259346172214,,0,
10.0,43.0,0,11.063069167546928,,0,
11.0,43.0,0,46.5321527547203,22.906697,1,-23.6254557547203
12.0,43.0,0,79.57237065816298,,0,
13.0,43.0,0,103.5259474737104,,0,
14.0,43.0,0,113.5848375215428,,0,
15.0,43.0,0,106.81708825356327,,0,
16.0,43.0,0,82.4057177862851,,0,
17.0,43.0,0,41.5027831022162,-0.556205,1,-42.0589881022162
18.0,43.0,0,-13.14784973859787,,0,
19.0,43.0,0,-78.12529097753577,,0,
20.0,43.0,0,-148.23061282653362,,0,
21.0,43.0,0,-218.28385975793935,,0,
22.0,43.0,0,-283.6834159338032,,0,
23.0,43.0,0,-339.310240783263,-517.350869,1,-178.040628216737
24.0,43.0,0,-378.58517270709854,,0,
25.0,43.0,0,-405.33853107644245,,0,
26.0,43.0,0,-421.07501608273014,,0,
27.0,43.0,0,-425.14674350759014,,0,
28.0,43.0,0,-416.6875977409072,,0,
29.0,43.0,0,-395.9396548003424,-423.568834,1,-27.629179199657585
30.0,43.0,0,-363.8113580275676,,0,
31.0,43.0,0,-323.05783654376864,,0,
32.0,43.0,0,-275.5552752178628,,0,
33.0,43.0,0,-221.87417232384905,,0,
34.0,43.0,0,-162.44413417438045,,0,
35.0,43.0,0,-99.04271365120076,-5.565828,1,93.47688565120076
36.0,43.0,0,-36.58637650334276,,0,
37.0,43.0,0,19.995767787564546,,0,
38.0,43.0,0,70.24946319917217,,0,
39.0,43.0,0,114.1880928943865,,0,
40.0,43.0,0,150.96910726442002,,0,
41.0,43.0,0,179.33228238113225,331.857173,1,152.52489061886774
42.0,43.0,0,196.7072848645039,,0,
43.0,43.0,0,200.3470848267898,,0,
44.0,43.0,0,191.91345306509174,,0,
45.0,43.0,0,174.56871190713719,,0,
46.0,43.0,0,150.76241037866566,,0,
47.0,43.0,0,121.64533810550347,471.185303,1,349.5399648944965
48.0,43.0,0,85.10880937607726,,0,
49.0,43.0,0,37.97534750914201,,0,
50.0,43.0,0,-15.745592462830245,,0,
51.0,43.0,0,-70.73314965609461,,0,
52.0,43.0,0,-124.55837359139696,,0,
53.0,43.0,0,-176.05128373485059,-135.484693,1,40.56659073485059
54.0,43.0,0,-220.75919114041608,,0,
55.0,43.0,0,-254.2474675416015,,0,
56.0,43.0,0,-274.4312859068159,,0,
57.0,43.0,0,-282.3520696273772,,0,
58.0,43.0,0,-281.0396992061287,,0,
59.0,43.0,0,-273.5410023658769,-362.454328,1,-88.91332563412305
60.0,43.0,0,-261.5946119944565,,0,
61.0,43.0,0,-246.508570560487,,0,
62.0,43.0,0,-232.07013665733393,,0,
63.0,43.0,0,-221.5769015774713,,0,
64.0,43.0,0,-216.24046399851795,,0,
65.0,43.0,0,-215.30235449655447,-228.79253,1,-13.490175503445528
66.0,43.0,0,-216.739717671182,,0,
67.0,43.0,0,-219.00944998455816,,0,
68.0,43.0,0,-220.89408544171602,,0,
69.0,43.0,0,-222.12771906307898,,0,
70.0,43.0,3,-223.16305083408952,,0,
71.0,43.0,3,-224.1898998519173,-282.882733,1,-58.692833148082684
72.0,43.0,3,-224.08819976454834,,0,
73.0,43.0,3,-223.75226257008035,,0,
74.0,43.0,3,-222.29979357263073,,0,
75.0,43.0,3,-217.89440922543872,,0,
76.0,43.0,3,-207.28992072190158,,0,
77.0,43.0,3,-184.56761095602997,-411.049728,1,-226.48211704397005
78.0,43.0,3,-140.76595338375773,,0,
79.0,43.0,3,-79.98665920912754,,0,
80.0,43.0,3,-5.125944217026699,,0,
81.0,43.0,3,79.65101068420336,,0,
82.0,43.0,3,166.67208396131173,,0,
83.0,43.0,3,243.555540146539,558.517594,1,314.96205385346104
84.0,43.0,3,292.9841256127693,,0,
85.0,43.0,3,315.25472979136975,,0,
86.0,43.0,3,308.7493870178587,,0,
87.0,43.0,3,274.15133350808173,,0,
88.0,43.0,3,218.2749542753445,,0,
89.0,43.0,3,155.24895139812725,-198.824713,1,-354.0736643981272
90.0,43.0,3,105.957391877193,,0,
91.0,43.0,3,71.97720557049615,,0,
92.0,43.0,3,56.4934322333429,,0,
93.0,43.0,3,59.93148639041465,,0,
94.0,43.0,3,78.29259800066939,,0,
95.0,43.0,3,103.14925240082084,111.468637,1,8.319384599179159
96.0,43.0,3,123.14071525406325,,0,
97.0,43.0,3,126.85025411704555,,0,
98.0,43.0,3,106.02925493184011,,0,
99.0,43.0,3,59.100221059678006,,0,
100.0,43.0,3,-9.49606147420127,,0,
101.0,43.0,3,-89.46195449552033,-333.129818,1,-243.66786350447967
102.0,43.0,3,-166.05657244786562,,0,
103.0,43.0,3,-238.42269628235954,,0,
104.0,43.0,3,-303.5237772043474,,0,
105.0,43.0,3,-357.2173841964104,,0,
106.0,43.0,3,-394.8480042028241,,0,
107.0,43.0,3,-412.35941565438407,-437.439527,1,-25.080111345615933
108.0,43.0,3,-408.44280418241397,,0,
109.0,43.0,3,-382.0303281856468,,0,
110.0,43.0,3,-332.3366538545815,,0,
111.0,43.0,3,-261.0216519345704,,0,
112.0,43.0,3,-174.39402400504332,,0,
113.0,43.0,3,-85.42892089142697,210.726602,1,296.155522891427
114.0,43.0,3,-12.777142508653924,,0,
115.0,43.0,3,41.868109333576285,,0,
116.0,43.0,3,76.32939270429779,,0,
117.0,43.0,3,91.22819683561102,,0,
118.0,43.0,3,90.04715976641455,,0,
119.0,43.0,3,77.81456594006158,-110.186522,1,-188.00108794006158
120.0,43.0,3,60.86908760666847,,0,
121.0,43.0,3,44.960950402892195,,0,
122.0,43.0,3,30.914638935239054,,0,
123.0,43.0,3,17.265998950373614,,0,
124.0,43.0,3,1.893708205432631,,0,
125.0,43.0,3,-16.06491885811556,191.172886,1,207.23780485811557
126.0,43.0,3,-32.22384560806677,,0,
127.0,43.0,3,-43.31565427385067,,0,
128.0,43.0,3,-52.81332727760309,,0,
129.0,43.0,1,-66.53341387805995,,0,
130.0,43.0,1,-88.98418994038366,,0,
131.0,43.0,1,-122.99056899629068,99.748794,1,222.73936299629068
132.0,43.0,1,-172.3577367081307,,0,
133.0,43.0,1,-228.42825532052666,,0,
134.0,43.0,1,-285.5287040048279,,0,
135.0,43.0,1,-340.2265306478512,,0,
136.0,43.0,1,-390.191848593764,,0,
137.0,43.0,1,-433.2580247815931,-454.86646,1,-21.608435218406896
138.0,43.0,1,-466.7952292797854,,0,
139.0,43.0,1,-488.21808149450226,,0,
140.0,43.0,1,-497.42940063006245,,0,
141.0,43.0,1,-496.2742605744861,,0,
142.0,43.0,1,-487.0742662199773,,0,
143.0,43.0,1,-471.6936637725739,-555.884309,1,-84.1906452274261
144.0,43.0,1,-450.47449098923244,,0,
145.0,43.0,1,-427.38651130360086,,0,
146.0,43.0,1,-404.1154297394678,,0,
147.0,43.0,1,-380.1741823591292,,0,
148.0,43.0,1,-353.08748479234055,,0,
149.0,43.0,1,-320.4810511637479,-319.104104,1,1.3769471637479
150.0,43.0,1,-284.29315155243967,,0,
151.0,43.0,1,-247.48265246236406,,0,
152.0,43.0,1,-213.02745889115613,,0,
153.0,43.0,1,-184.28987193969078,,0,
154.0,43.0,1,-163.32448010193184,,0,
155.0,43.0,1,-148.74598967120983,-257.238366,1,-108.49237632879016
156.0,43.0,1,-136.95891550392844,,0,
157.0,43.0,1,-124.3040613506455,,0,
158.0,43.0,1,-108.54428095341427,,0,
159.0,43.0,1,-86.67261062478065,,0,
160.0,43.0,1,-52.96357966098003,,0,
161.0,43.0,2,-1.103968802606687,-482.44245,1,-481.3384811973933
162.0,43.0,2,70.11888891120907,,0,
163.0,43.0,2,160.23253976507112,,0,
164.0,43.0,2,260.08320691064,,0,
165.0,43.0,2,359.78400631435215,,0,
166.0,43.0,2,451.88999501161743,,0,
167.0,43.0,2,529.3784628363501,739.848843,1,210.4703801636499
168.0,43.0,2,581.9250703523867,,0,
169.0,43.0,2,601.1387860839022,,0,
170.0,43.0,2,592.1567210135981,,0,
171.0,43.0,2,565.7430546147516,,0,
172.0,43.0,2,531.880355498055,,0,
173.0,43.0,2,498.56685151695274,446.256027,1,-52.31082451695272
174.0,43.0,2,472.02152351662517,,0,
175.0,43.0,2,453.8065386535018,,0,
176.0,43.0,2,445.53579329070635,,0,
177.0,43.0,2,447.8241079421714,,0,
178.0,43.0,2,459.3432282487629,,0,
179.0,43.0,2,474.5324956320692,880.578595,1,406.04609936793076
180.0,43.0,2,481.135745014064,,0,
181.0,43.0,2,487.38812035298906,,0,
182.0,43.0,2,495.0928769360762,,0,
183.0,43.0,2,502.323157628678,,0,
184.0,43.0,2,505.5827201071661,,0,
185.0,43.0,2,502.9365664063953,617.021619,1,114.0850525936047
186.0,43.0,2,498.9251834913157,,0,
187.0,43.0,2,497.3199543009978,,0,
188.0,43.0,2,499.4210241371766,,0,
189.0,43.0,2,505.5848294934258,,0,
190.0,43.0,2,513.9934522979893,,0,
191.0,43.0,2,518.2148970229318,761.548341,1,243.3334439770682
192.0,43.0,2,504.933353882283,,0,
193.0,43.0,2,474.809898104053,,0,
194.0,43.0,2,436.6177182304673,,0,
195.0,43.0,2,397.116480023833,,0,
196.0,43.0,2,358.210853792727,,0,
197.0,43.0,2,320.1670448142104,344.852493,1,24.685448185789596
198.0,43.0,2,283.80054778186604,,0,
199.0,43.0,2,250.21226509049302,,0,
0.0,44.0,0,3.6386615353403613,,0,
1.0,44.0,0,5.992228246293962,,0,
2.0,44.0,0,9.456275528296828,,0,
3.0,44.0,0,11.998684108722955,,0,
4.0,44.0,0,12.298331435769796,175.361555,1,163.0632235642302
5.0,44.0,0,11.745290968799964,,0,
6.0,44.0,0,11.758053194265813,,0,
7.0,44.0,0,14.186689897207543,,0,
8.0,44.0,0,20.37220144609455,,0,
9.0,44.0,0,30.636250006733462,,0,
10.0,44.0,0,45.21520403958857,-102.966738,1,-148.1819420395886
11.0,44.0,0,65.35531734395772,,0,
12.0,44.0,0,83.64706118544564,,0,
13.0,44.0,0,94.46993681974709,,0,
14.0,44.0,0,93.9271833471721,,0,
15.0,44.0,0,79.75697354320437,,0,
16.0,44.0,0,51.379019002313726,90.104124,1,38.72510499768627
17.0,44.0,0,9.117208695737645,,0,
18.0,44.0,0,-43.99259788822383,,0,
19.0,44.0,0,-104.93060207460076,,0,
20.0,44.0,0,-170.28036289243028,,0,
21.0,44.0,0,-236.18118966836482,,0,
22.0,44.0,0,-298.18018885637866,-428.228076,1,-130.04788714362132
23.0,44.0,0,-351.14896854688413,,0,
24.0,44.0,0,-391.1085102756042,,0,
25.0,44.0,0,-418.99323505419306,,0,
26.0,44.0,0,-436.128468437586,,0,
27.0,44.0,0,-441.91036393644754,,0,
28.0,44.0,0,-435.07671855855733,-602.356191,1,-167.27947244144264
29.0,44.0,0,-416.4246929688379,,0,
30.0,44.0,0,-387.1769605544396,,0,
31.0,44.0,0,-348.58477060706355,,0,
32.0,44.0,0,-301.4022336509079,,0,
33.0,44.0,0,-246.40616504009813,,0,
34.0,44.0,0,-185.25121452659369,-251.480367,1,-66.22915247340632
35.0,44.0,0,-119.75090151687618,,0,
36.0,44.0,0,-55.584115877747536,,0,
37.0,44.0,0,3.2112243125448003,,0,
38.0,44.0,0,54.77603384118993,,0,
39.0,44.0,0,97.9441852949094,,0,
40.0,44.0,0,131.6274475331884,209.897782,1,78.27033446681162
41.0,44.0,0,155.54375487798825,,0,
42.0,44.0,0,168.92018135124817,,0,
43.0,44.0,0,171.14580876904074,,0,
44.0,44.0,0,163.03021701448597,,0,
45.0,44.0,0,145.40664209111128,,0,
46.0,44.0,0,118.63142121623969,379.079462,1,260.4480407837603
47.0,44.0,0,84.58332969876938,,0,
48.0,44.0,0,43.65694687492214,,0,
49.0,44.0,0,-4.184746115701273,,0,
50.0,44.0,0,-56.39593433821574,,0,
51.0,44.0,0,-109.41975108557381,,0,
52.0,44.0,0,-161.82406196417287,5.273075,1,167.09713696417288
53.0,44.0,0,-215.26006687479094,,0,
54.0,44.0,0,-262.6643881883938,,0,
55.0,44.0,0,-299.291631864442,,0,
56.0,44.0,0,-322.26881741080433,,0,
57.0,44.0,0,-331.19210310280323,,0,
58.0,44.0,0,-328.652414660668,-330.918853,1,-2.266438339332012
59.0,44.0,0,-317.9322561840236,,0,
60.0,44.0,0,-301.4456575885415,,0,
61.0,44.0,0,-281.22350513387937,,0,
62.0,44.0,0,-259.99460369569715,,0,
63.0,44.0,0,-240.5944821635494,,0,
64.0,44.0,0,-224.71422363305464,-55.963138,1,168.75108563305463
65.0,44.0,0,-211.96556983259507,,0,
66.0,44.0,0,-201.02477346151136,,0,
67.0,44.0,0,-190.6528412689222,,0,
68.0,44.0,0,-179.80974355107173,,0,
69.0,44.0,0,-168.18579172668979,,0,
70.0,44.0,3,-156.54503146221396,-270.331092,1,-113.78606053778606
71.0,44.0,3,-145.9117636613082,,0,
72.0,44.0,3,-137.24391451242263,,0,
73.0,44.0,3,-131.9612842220813,,0,
74.0,44.0,3,-129.7626678061206,,0,
75.0,44.0,3,-127.83882443897892,,0,
76.0,44.0,3,-121.33878894196823,-259.565474,1,-138.22668505803176
77.0,44.0,3,-103.19135841104435,,0,
78.0,44.0,3,-67.32577855186537,,0,
79.0,44.0,3,-14.564748271601275,,0,
80.0,44.0,3,51.49426505016163,,0,
81.0,44.0,3,125.44946578936651,,0,
82.0,44.0,3,198.92855554656126,341.730095,1,142.80153945343875
83.0,44.0,3,259.9657903161715,,0,
84.0,44.0,3,296.9750504671829,,0,
85.0,44.0,3,307.1675250164117,,0,
86.0,44.0,3,291.06693930731853,,0,
87.0,44.0,3,251.625315681129,,0,
88.0,44.0,3,196.66552532155765,-120.37166,1,-317.0371853215577
89.0,44.0,3,139.5041021584184,,0,
90.0,44.0,3,94.19626912672538,,0,
91.0,44.0,3,65.60945857893967,,0,
92.0,44.0,3,55.14028882130515,,0,
93.0,44.0,3,62.91050129249925,,0,
94.0,44.0,3,85.64613643227494,-175.04436,1,-260.6904964322749
95.0,44.0,3,113.22493577440036,,0,
96.0,44.0,3,133.8976206608495,,0,
97.0,44.0,3,137.67937043029815,,0,
98.0,44.0,3,117.92612553737126,,0,
99.0,44.0,3,71.71842378232395,,0,
100.0,44.0,3,1.2658841731026769,27.225051,1,25.959166826897324
101.0,44.0,3,-80.80944022152107,,0,
102.0,44.0,3,-161.75871471856954,,0,
103.0,44.0,3,-237.1003631373751,,0,
104.0,44.0,3,-304.1280120862357,,0,
105.0,44.0,3,-358.9104403598467,,0,
106.0,44.0,3,-396.5755963815609,-506.915207,1,-110.33961061843911
107.0,44.0,3,-412.24041341478005,,0,
108.0,44.0,3,-407.08871695038397,,0,
109.0,44.0,3,-380.6061032094876,,0,
110.0,44.0,3,-331.81921265223355,,0,
111.0,44.0,3,-261.2091691842361,,0,
112.0,44.0,3,-174.5074897959421,-108.983232,1,65.52425779594209
113.0,44.0,3,-86.84816849644994,,0,
114.0,44.0,3,-13.368522792356089,,0,
115.0,44.0,3,40.69827949423052,,0,
116.0,44.0,3,74.42173255386297,,0,
117.0,44.0,3,89.2034943990875,,0,
118.0,44.0,3,88.65350361182936,-66.180655,1,-154.83415861182937
119.0,44.0,3,77.46928188083984,,0,
120.0,44.0,3,60.669504173187306,,0,
121.0,44.0,3,42.24351905309595,,0,
122.0,44.0,3,23.911344456719235,,0,
123.0,44.0,3,5.933751825068612,,0,
124.0,44.0,3,-12.4582550204359,173.77059,1,186.2288450204359
125.0,44.0,3,-33.691730308695696,,0,
126.0,44.0,3,-49.961657163337804,,0,
127.0,44.0,3,-57.866288113466,,0,
128.0,44.0,3,-59.843626883928664,,0,
129.0,44.0,1,-63.15925895876717,,0,
130.0,44.0,1,-75.73126329726074,338.889608,1,414.62087129726075
131.0,44.0,1,-100.24994045830681,,0,
132.0,44.0,1,-137.26301930728368,,0,
133.0,44.0,1,-182.71527613687795,,0,
134.0,44.0,1,-232.81056514533702,,0,
135.0,44.0,1,-285.2829446765245,,0,
136.0,44.0,1,-337.2046245520469,-319.45184,1,17.752784552046876
137.0,44.0,1,-384.28057201579213,,0,
138.0,44.0,1,-422.9533060993999,,0,
139.0,44.0,1,-451.1128261591657,,0,
140.0,44.0,1,-468.2520314473659,,0,
141.0,44.0,1,-474.71742306416854,,0,
142.0,44.0,1,-471.42835192312486,-500.174454,1,-28.74610207687516
143.0,44.0,1,-461.00625480494637,,0,
144.0,44.0,1,-445.9208721240284,,0,
145.0,44.0,1,-429.18159492709674,,0,
146.0,44.0,1,-412.37619748339057,,0,
147.0,44.0,1,-394.8701306009898,,0,
148.0,44.0,1,-373.77607408119366,-535.660592,1,-161.8845179188063
149.0,44.0,1,-343.9584464149084,,0,
150.0,44.0,1,-309.58998011943186,,0,
151.0,44.0,1,-273.82172384629666,,0,
152.0,44.0,1,-240.22406627528835,,0,
153.0,44.0,1,-214.20638763543684,,0,
154.0,44.0,1,-200.04073860473,42.640637,1,242.68137560473
155.0,44.0,1,-194.03153877111617,,0,
156.0,44.0,1,-191.25078560970724,,0,
157.0,44.0,1,-188.33850481244735,,0,
158.0,44.0,1,-182.73659074841999,,0,
159.0,44.0,1,-171.4228248444706,,0,
160.0,44.0,1,-148.4720756742172,-464.575933,1,-316.1038573257828
161.0,44.0,2,-102.74686093151104,,0,
162.0,44.0,2,-39.47748629853595,,0,
163.0,44.0,2,38.81675498827826,,0,
164.0,44.0,2,128.34028566023335,,0,
165.0,44.0,2,222.99664132716134,,0,
166.0,44.0,2,314.7968977112323,219.354638,1,-95.44225971123231
167.0,44.0,2,396.55268280243035,,0,
168.0,44.0,2,457.51486906642094,,0,
169.0,44.0,2,492.32235631509684,,0,
170.0,44.0,2,503.2587054473115,,0,
171.0,44.0,2,497.32080487255007,,0,
172.0,44.0,2,482.35917365550995,612.62156,1,130.2623863444901
173.0,44.0,2,465.42346372571774,,0,
174.0,44.0,2,451.80732710729353,,0,
175.0,44.0,2,443.9825821389968,,0,
176.0,44.0,2,442.9936339801643,,0,
177.0,44.0,2,449.09711594623514,,0,
178.0,44.0,2,461.37899980321527,728.618446,1,267.2394461967847
179.0,44.0,2,475.4836471567396,,0,
180.0,44.0,2,486.1364816869609,,0,
181.0,44.0,2,496.0673119199928,,0,
182.0,44.0,2,507.2613036641851,,0,
183.0,44.0,2,517.4458188846183,,0,
184.0,44.0,2,521.5144045839552,801.79388,1,280.27947541604476
185.0,44.0,2,513.7343464177102,,0,
186.0,44.0,2,503.464689955581,,0,
187.0,44.0,2,495.1254142407561,,0,
188.0,44.0,2,490.25784161826596,,0,
189.0,44.0,2,488.61807672213763,,0,
190.0,44.0,2,487.1673634799663,519.896352,1,32.72898852003368
191.0,44.0,2,479.35237931628944,,0,
192.0,44.0,2,458.18419297831133,,0,
193.0,44.0,2,425.066801432753,,0,
194.0,44.0,2,387.2884250576608,,0,
195.0,44.0,2,351.12016948789824,,0,
196.0,44.0,2,317.8738421658054,309.721608,1,-8.152234165805396
197.0,44.0,2,286.68832737766206,,0,
198.0,44.0,2,256.79172256286256,,0,
199.0,44.0,2,227.85085107188206,,0,
0.0,45.0,0,93.26380029832944,,0,
1.0,45.0,0,100.3349452004768,,0,
2.0,45.0,0,107.38394988607615,,0,
3.0,45.0,0,111.23186709918082,236.396677,1,125.1648099008192
4.0,45.0,0,108.93194044567645,,0,
5.0,45.0,0,104.02036527171731,,0,
6.0,45.0,0,97.82299873919692,,0,
7.0,45.0,0,91.30149690783583,,0,
8.0,45.0,0,85.83983182534575,,0,
9.0,45.0,0,82.77126680570655,-32.42412,1,-115.19538680570655
10.0,45.0,0,83.23257119487971,,0,
11.0,45.0,0,87.11668369243853,,0,
12.0,45.0,0,90.18254534341395,,0,
13.0,45.0,0,87.75531833199784,,0,
14.0,45.0,0,76.32928854721831,,0,
15.0,45.0,0,53.77391556208022,130.442974,1,76.66905843791977
16.0,45.0,0,20.071089804638177,,0,
17.0,45.0,0,-23.658242132747546,,0,
18.0,45.0,0,-75.13885049335659,,0,
19.0,45.0,0,-131.98693145049037,,0,
20.0,45.0,0,-192.19099517073482,,0,
21.0,45.0,0,-253.3971025114879,-253.689561,1,-0.29245848851209644
22.0,45.0,0,-311.3057183458586,,0,
23.0,45.0,0,-361.53813417768106,,0,
24.0,45.0,0,-401.33178986399435,,0,
25.0,45.0,0,-430.3098812981043,,0,
26.0,45.0,0,-449.12840471277013,,0,
27.0,45.0,0,-457.43436143826693,-553.979815,1,-96.5454535617331
28.0,45.0,0,-452.5336361876689,,0,
29.0,45.0,0,-436.6989810615778,,0,
30.0,45.0,0,-411.0294271099847,,0,
31.0,45.0,0,-375.7183312808629,,0,
32.0,45.0,0,-330.18236036918825,,0,
33.0,45.0,0,-274.5331964313518,-425.834194,1,-151.3009975686482
34.0,45.0,0,-212.11392449075356,,0,
35.0,45.0,0,-146.7387561321957,,0,
36.0,45.0,0,-82.90479827090167,,0,
37.0,45.0,0,-24.364900415414013,,0,
38.0,45.0,0,26.357198468234856,,0,
39.0,45.0,0,67.22785973839927,124.355219,1,57.12735926160073
40.0,45.0,0,96.46622213709634,,0,
41.0,45.0,0,115.27823692257516,,0,
42.0,45.0,0,123.9984355038032,,0,
43.0,45.0,0,123.11256025184412,,0,
44.0,45.0,0,113.44750121375546,,0,
45.0,45.0,0,94.71388847019989,227.5716,1,132.8577115298001
46.0,45.0,0,64.49285965348827,,0,
47.0,45.0,0,26.955009241355583,,0,
48.0,45.0,0,-16.13631967571564,,0,
49.0,45.0,0,-63.84574776771478,,0,
50.0,45.0,0,-114.18911217758432,,0,
51.0,45.0,0,-164.7828985407541,-13.864125,1,150.9187735407541
52.0,45.0,0,-215.46054690843448,,0,
53.0,45.0,0,-265.99531192472205,,0,
54.0,45.0,0,-312.02954432720435,,0,
55.0,45.0,0,-348.79929847689345,,0,
56.0,45.0,0,-371.93521596398205,,0,
57.0,45.0,0,-378.76479646586813,-499.116038,1,-120.35124153413187
58.0,45.0,0,-372.8292697709985,,0,
59.0,45.0,0,-358.15625025879126,,0,
60.0,45.0,0,-337.14087542076595,,0,
61.0,45.0,0,-311.5924315674929,,0,
62.0,45.0,0,-283.59056612238055,,0,
63.0,45.0,0,-255.63774891372304,-222.377774,1,33.259974913723056
64.0,45.0,0,-230.07398378447397,,0,
65.0,45.0,0,-206.4486931024585,,0,
66.0,45.0,0,-183.97681215102784,,0,
67.0,45.0,0,-161.72274042514618,,0,
68.0,45.0,0,-138.5096299429424,,0,
69.0,45.0,0,-113.66706406266894,-275.330935,1,-161.66387093733107
70.0,45.0,3,-88.7004505933728,,0,
71.0,45.0,3,-65.88602271559648,,0,
72.0,45.0,3,-47.93669331714045,,0,
73.0,45.0,3,-37.698437550105155,,0,
74.0,45.0,3,-35.35074145090766,,0,
75.0,45.0,3,-36.46164179680636,-9.300563,1,27.16107879680636
76.0,45.0,3,-34.76009867247194,,0,
77.0,45.0,3,-22.938376952253748,,0,
78.0,45.0,3,3.7907131536048837,,0,
79.0,45.0,3,46.32096909265965,,0,
80.0,45.0,3,101.92743834876455,,0,
81.0,45.0,3,164.3741784330341,155.903244,1,-8.470934433034103
82.0,45.0,3,224.90178123302758,,0,
83.0,45.0,3,273.0792470056185,,0,
84.0,45.0,3,300.21560660086107,,0,
85.0,45.0,3,302.5923542189994,,0,
86.0,45.0,3,280.77967154281214,,0,
87.0,45.0,3,238.80113285104744,68.882889,1,-169.91824385104744
88.0,45.0,3,185.36848677731177,,0,
89.0,45.0,3,131.97024100110866,,0,
90.0,45.0,3,89.32226761849597,,0,
91.0,45.0,3,63.71470374666387,,0,
92.0,45.0,3,56.88193402660545,,0,
93.0,45.0,3,67.73453687940491,-122.722765,1,-190.4573018794049
94.0,45.0,3,94.88715498516103,,0,
95.0,45.0,3,125.08656700799474,,0,
96.0,45.0,3,146.72874111655983,,0,
97.0,45.0,3,150.3578133577248,,0,
98.0,45.0,3,130.34550753002986,,0,
99.0,45.0,3,84.97310915408889,398.705811,1,313.7327018459111
100.0,45.0,3,12.475649046711624,,0,
101.0,45.0,3,-70.70837312709773,,0,
102.0,45.0,3,-153.5308788784314,,0,
103.0,45.0,3,-230.44481699017342,,0,
104.0,45.0,3,-298.128034115216,,0,
105.0,45.0,3,-352.8418916549999,-417.666589,1,-64.82469734500006
106.0,45.0,3,-389.1839394749841,,0,
107.0,45.0,3,-405.33970852114726,,0,
108.0,45.0,3,-401.3004582700087,,0,
109.0,45.0,3,-376.9183737983112,,0,
110.0,45.0,3,-330.9806816501077,,0,
111.0,45.0,3,-262.78915951540694,-479.868337,1,-217.07917748459306
112.0,45.0,3,-176.33513548448536,,0,
113.0,45.0,3,-89.64378267334541,,0,
114.0,45.0,3,-15.833404370117933,,0,
115.0,45.0,3,38.30627257740707,,0,
116.0,45.0,3,71.18576297303662,,0,
117.0,45.0,3,85.12075297971023,79.874094,1,-5.246658979710233
118.0,45.0,3,84.35803206745186,,0,
119.0,45.0,3,73.1663067403133,,0,
120.0,45.0,3,55.45073041901924,,0,
121.0,45.0,3,34.06267314113211,,0,
122.0,45.0,3,10.628430519485846,,0,
123.0,45.0,3,-13.813818560913205,11.306019,1,25.119837560913204
124.0,45.0,3,-38.666875638533384,,0,
125.0,45.0,3,-62.34777694859076,,0,
126.0,45.0,3,-78.7346312935988,,0,
127.0,45.0,3,-83.20473168775789,,0,
128.0,45.0,3,-77.21572015702259,,0,
129.0,45.0,1,-69.32769009366166,163.412684,1,232.74037409366167
130.0,45.0,1,-72.73245769087225,,0,
131.0,45.0,1,-86.8386569202994,,0,
132.0,45.0,1,-111.39849262975622,,0,
133.0,45.0,1,-144.86078410746995,,0,
134.0,45.0,1,-186.08384430396836,,0,
135.0,45.0,1,-234.63046730449423,-170.063469,1,64.56699830449423
136.0,45.0,1,-286.71303897409234,,0,
137.0,45.0,1,-335.5382800580701,,0,
138.0,45.0,1,-377.2668621443445,,0,
139.0,45.0,1,-409.9302637685905,,0,
140.0,45.0,1,-432.75524157169275,,0,
141.0,45.0,1,-445.3235079398146,-542.580521,1,-97.25701306018539
142.0,45.0,1,-446.5719772752491,,0,
143.0,45.0,1,-440.9268699009335,,0,
144.0,45.0,1,-431.78519712545676,,0,
145.0,45.0,1,-421.790823290823,,0,
146.0,45.0,1,-411.94931189820636,,0,
147.0,45.0,1,-400.90408363135066,-533.373294,1,-132.46921036864933
148.0,45.0,1,-385.32905122218654,,0,
149.0,45.0,1,-362.1770209313836,,0,
150.0,45.0,1,-332.8432600228116,,0,
151.0,45.0,1,-300.343102931467,,0,
152.0,45.0,1,-268.7932054057019,,0,
153.0,45.0,1,-244.68734177434817,58.746347,1,303.4336887743482
154.0,45.0,1,-236.99362090893555,,0,
155.0,45.0,1,-237.38260324852308,,0,
156.0,45.0,1,-240.92332523921505,,0,
157.0,45.0,1,-244.5068525816314,,0,
158.0,45.0,1,-245.2542157372227,,0,
159.0,45.0,1,-239.61642888450297,-226.456206,1,13.160222884502957
160.0,45.0,1,-222.06515244964976,,0,
161.0,45.0,2,-186.7363059464842,,0,
162.0,45.0,2,-135.51609229820315,,0,
163.0,45.0,2,-71.31541819981067,,0,
164.0,45.0,2,5.4542413810268044,,0,
165.0,45.0,2,93.56775758136064,-367.190451,1,-460.75820858136063
166.0,45.0,2,183.33430063916603,,0,
167.0,45.0,2,265.0149355219328,,0,
168.0,45.0,2,330.61427137767896,,0,
169.0,45.0,2,375.9511526878923,,0,
170.0,45.0,2,401.78168516769074,,0,
171.0,45.0,2,412.3647620230331,683.379804,1,271.0150419769669
172.0,45.0,2,413.29232281586155,,0,
173.0,45.0,2,410.08364155632444,,0,
174.0,45.0,2,407.16673037747387,,0,
175.0,45.0,2,407.17907893136726,,0,
176.0,45.0,2,410.7017240591813,,0,
177.0,45.0,2,417.17439630953595,621.767918,1,204.59352169046406
178.0,45.0,2,427.17265145352576,,0,
179.0,45.0,2,439.6417921350803,,0,
180.0,45.0,2,452.79621650557965,,0,
181.0,45.0,2,466.6657797219232,,0,
182.0,45.0,2,481.0460964301601,,0,
183.0,45.0,2,492.7823783730855,633.028646,1,140.24626762691446
184.0,45.0,2,494.4471999257803,,0,
185.0,45.0,2,486.4845833699219,,0,
186.0,45.0,2,473.9957121645566,,0,
187.0,45.0,2,461.26696692733094,,0,
188.0,45.0,2,450.46110539510846,,0,
189.0,45.0,2,441.84985942719504,256.10384,1,-185.74601942719505
190.0,45.0,2,431.8623342743376,,0,
191.0,45.0,2,415.49213783611776,,0,
192.0,45.0,2,389.3711962404195,,0,
193.0,45.0,2,355.01428419258446,,0,
194.0,45.0,2,319.6430043647997,,0,
195.0,45.0,2,290.8281658628257,87.998501,1,-202.8296648628257
196.0,45.0,2,266.73294731229544,,0,
197.0,45.0,2,244.2076094825752,,0,
198.0,45.0,2,221.80252188397571,,0,
199.0,45.0,2,198.5641499889316,,0,
0.0,46.0,0,174.27595632476732,,0,
1.0,46.0,0,184.099364079535,,0,
2.0,46.0,0,192.93826763145626,290.576616,1,97.63834836854375
3.0,46.0,0,195.96817373600788,,0,
4.0,46.0,0,193.42604181403294,,0,
5.0,46.0,0,186.6797302069608,,0,
6.0,46.0,0,176.1710640443489,,0,
7.0,46.0,0,162.22619663225487,,0,
8.0,46.0,0,146.7894510019105,140.103685,1,-6.68576600191048
9.0,46.0,0,132.30091233272105,,0,
10.0,46.0,0,119.94861322641373,,0,
11.0,46.0,0,109.32460450963117,,0,
12.0,46.0,0,97.96863742452115,,0,
13.0,46.0,0,82.66229200502858,,0,
14.0,46.0,0,60.52671305614058,104.889561,1,44.36284794385942
15.0,46.0,0,29.19505593343638,,0,
16.0,46.0,0,-10.150871619349346,,0,
17.0,46.0,0,-55.846914649475366,,0,
18.0,46.0,0,-105.98761559650302,,0,
19.0,46.0,0,-158.9930300663691,,0,
20.0,46.0,0,-213.93619242543355,-139.898601,1,74.03759142543353
21.0,46.0,0,-270.5658807409927,,0,
22.0,46.0,0,-324.31163184531033,,0,
23.0,46.0,0,-371.62198368483223,,0,
24.0,46.0,0,-410.21309302852023,,0,
25.0,46.0,0,-439.1328923662659,,0,
26.0,46.0,0,-458.3664572387934,-428.32879,1,30.037667238793347
27.0,46.0,0,-467.8990666002501,,0,
28.0,46.0,0,-466.1059596715495,,0,
29.0,46.0,0,-453.8587854451034,,0,
30.0,46.0,0,-432.13495171559043,,0,
31.0,46.0,0,-400.5881428751163,,0,
32.0,46.0,0,-357.7393198583741,-495.905026,1,-138.16570614162595
33.0,46.0,0,-302.2831474975683,,0,
34.0,46.0,0,-240.57554037543014,,0,
35.0,46.0,0,-177.09450554824434,,0,
36.0,46.0,0,-115.75549182668328,,0,
37.0,46.0,0,-59.98429765715264,,0,
38.0,46.0,0,-12.47945427428931,26.291162,1,38.77061627428931
39.0,46.0,0,23.936663233558647,,0,
40.0,46.0,0,48.82844181009568,,0,
41.0,46.0,0,62.70482938410714,,0,
42.0,46.0,0,66.28831209801137,,0,
43.0,46.0,0,60.83246287095244,,0,
44.0,46.0,0,47.61659886571579,-53.714948,1,-101.33154686571578
45.0,46.0,0,25.518944211886264,,0,
46.0,46.0,0,-6.242721417860594,,0,
47.0,46.0,0,-44.90137790539302,,0,
48.0,46.0,0,-87.87926077912562,,0,
49.0,46.0,0,-133.95092722284608,,0,
50.0,46.0,0,-181.7742673442699,-243.811982,1,-62.0377146557301
51.0,46.0,0,-228.9095127757173,,0,
52.0,46.0,0,-275.9685192727484,,0,
53.0,46.0,0,-321.84791705268435,,0,
54.0,46.0,0,-363.4723328492255,,0,
55.0,46.0,0,-397.165354555822,,0,
56.0,46.0,0,-418.4818453543703,-652.105982,1,-233.62413664562973
57.0,46.0,0,-420.8705680964049,,0,
58.0,46.0,0,-410.9915027455427,,0,
59.0,46.0,0,-392.61933991045225,,0,
60.0,46.0,0,-367.6136901730206,,0,
61.0,46.0,0,-337.21299935516436,,0,
62.0,46.0,0,-302.9681720950757,-341.779573,1,-38.81140090492431
63.0,46.0,0,-267.4876194676617,,0,
64.0,46.0,0,-232.79979568603449,,0,
65.0,46.0,0,-199.17899880895857,,0,
66.0,46.0,0,-166.1533011593856,,0,
67.0,46.0,0,-133.0226329244324,,0,
68.0,46.0,0,-98.68646994139999,-168.084385,1,-69.3979150586
69.0,46.0,0,-61.5045011799084,,0,
70.0,46.0,3,-24.24376361310715,,0,
71.0,46.0,3,10.149656897527166,,0,
72.0,46.0,3,37.65765926579479,,0,
73.0,46.0,3,52.97368966508657,,0,
74.0,46.0,3,53.9645681346301,322.488424,1,268.5238558653699
75.0,46.0,3,48.46516013008659,,0,
76.0,46.0,3,45.096333605237305,,0,
77.0,46.0,3,50.26127082662424,,0,
78.0,46.0,3,68.05124851581058,,0,
79.0,46.0,3,100.41049376316369,,0,
80.0,46.0,3,146.300386311661,-44.143589,1,-190.44397531166098
81.0,46.0,3,198.6231540669687,,0,
82.0,46.0,3,248.43363712076098,,0,
83.0,46.0,3,286.8126779338345,,0,
84.0,46.0,3,306.05640153959394,,0,
85.0,46.0,3,302.2486874075257,,0,
86.0,46.0,3,276.48325221135747,340.845253,1,64.36200078864255
87.0,46.0,3,232.65792166342726,,0,
88.0,46.0,3,180.1380416079337,,0,
89.0,46.0,3,128.81833608588204,,0,
90.0,46.0,3,88.16521356301382,,0,
91.0,46.0,3,65.49370192160131,,0,
92.0,46.0,3,63.576888907467946,-80.770263,1,-144.34715190746795
93.0,46.0,3,79.43143268924905,,0,
94.0,46.0,3,107.82082137899124,,0,
95.0,46.0,3,138.51549426780548,,0,
96.0,46.0,3,160.00251102673064,,0,
97.0,46.0,3,161.69055843009846,,0,
98.0,46.0,3,136.96396965847816,426.117305,1,289.1533353415218
99.0,46.0,3,87.0454316243995,,0,
100.0,46.0,3,16.177971971803345,,0,
101.0,46.0,3,-64.74574758991366,,0,
102.0,46.0,3,-145.74163222755305,,0,
103.0,46.0,3,-220.91550750180613,,0,
104.0,46.0,3,-286.5086686341674,-495.107628,1,-208.59895936583257
105.0,46.0,3,-338.90842392342165,,0,
106.0,46.0,3,-374.4573611393571,,0,
107.0,46.0,3,-391.3130517002428,,0,
108.0,46.0,3,-388.7046675813617,,0,
109.0,46.0,3,-366.18061024911003,,0,
110.0,46.0,3,-322.6547923371545,-544.699357,1,-222.04456466284546
111.0,46.0,3,-254.42222219571704,,0,
112.0,46.0,3,-171.67118924402166,,0,
113.0,46.0,3,-88.05062442459166,,0,
114.0,46.0,3,-15.8409108343767,,0,
115.0,46.0,3,36.72057210179628,,0,
116.0,46.0,3,66.95541122741997,119.361078,1,52.405666772580034
117.0,46.0,3,78.60670615395065,,0,
118.0,46.0,3,76.4575501827494,,0,
119.0,46.0,3,64.3105972467165,,0,
120.0,46.0,3,45.141779001802206,,0,
121.0,46.0,3,20.759122989780735,,0,
122.0,46.0,3,-7.8775632390752435,5.075902,1,12.953465239075243
123.0,46.0,3,-39.112637900863774,,0,
124.0,46.0,3,-70.45801493269391,,0,
125.0,46.0,3,-98.23069308663253,,0,
126.0,46.0,3,-116.1034408978594,,0,
127.0,46.0,3,-118.11059641043539,,0,
128.0,46.0,3,-104.99363144405652,-81.77741,1,23.216221444056515
129.0,46.0,1,-88.34280561341438,,0,
130.0,46.0,1,-79.6967145355884,,0,
131.0,46.0,1,-82.09185434051324,,0,
132.0,46.0,1,-95.30776839808095,,0,
133.0,46.0,1,-118.21955091843847,,0,
134.0,46.0,1,-150.5677278439398,67.269776,1,217.83750384393977
135.0,46.0,1,-195.4503681417773,,0,
136.0,46.0,1,-244.7045410007704,,0,
137.0,46.0,1,-292.23784823558526,,0,
138.0,46.0,1,-334.30755750543904,,0,
139.0,46.0,1,-368.78231584854075,,0,
140.0,46.0,1,-394.37020058499184,-728.353619,1,-333.98341841500815
141.0,46.0,1,-410.10145915986504,,0,
142.0,46.0,1,-416.00394124747254,,0,
143.0,46.0,1,-415.1650302613125,,0,
144.0,46.0,1,-411.5064135380089,,0,
145.0,46.0,1,-408.10413632169366,,0,
146.0,46.0,1,-405.6487309104996,-397.924216,1,7.724514910499579
147.0,46.0,1,-401.7481498499401,,0,
148.0,46.0,1,-393.3058657355141,,0,
149.0,46.0,1,-378.1888814790873,,0,
150.0,46.0,1,-356.2469925781479,,0,
151.0,46.0,1,-329.5413171777327,,0,
152.0,46.0,1,-303.01891326508485,-258.130452,1,44.88846126508486
153.0,46.0,1,-284.53843279124703,,0,
154.0,46.0,1,-278.23975001834333,,0,
155.0,46.0,1,-280.6268413530197,,0,
156.0,46.0,1,-287.0190211320296,,0,
157.0,46.0,1,-293.8767556059174,,0,
158.0,46.0,1,-297.845540222188,38.09872,1,335.944260222188
159.0,46.0,1,-295.2503674904292,,0,
160.0,46.0,1,-282.00543334835675,,0,
161.0,46.0,2,-255.2340433630161,,0,
162.0,46.0,2,-215.5425762112718,,0,
163.0,46.0,2,-164.80785415758146,,0,
164.0,46.0,2,-101.98394955298863,-494.919734,1,-392.9357844470114
165.0,46.0,2,-20.84221236826852,,0,
166.0,46.0,2,63.70468783262186,,0,
167.0,46.0,2,142.12369289819617,,0,
168.0,46.0,2,208.48448140244,,0,
169.0,46.0,2,259.585140340263,,0,
170.0,46.0,2,295.1524366589729,289.051328,1,-6.101108658972862
171.0,46.0,2,317.49957292247564,,0,
172.0,46.0,2,330.14530554041266,,0,
173.0,46.0,2,337.0664989929646,,0,
174.0,46.0,2,341.7694061794318,,0,
175.0,46.0,2,346.7367993776279,,0,
176.0,46.0,2,352.6163140491117,472.568657,1,119.9523429508883
177.0,46.0,2,357.2515501405578,,0,
178.0,46.0,2,364.2233622360509,,0,
179.0,46.0,2,374.9234393883962,,0,
180.0,46.0,2,389.09027481544763,,0,
181.0,46.0,2,405.36297124787234,,0,
182.0,46.0,2,421.21606114378665,420.534918,1,-0.6811431437866418
183.0,46.0,2,432.5080480972538,,0,
184.0,46.0,2,434.9387058822904,,0,
185.0,46.0,2,428.77648465242237,,0,
186.0,46.0,2,417.12954782368615,,0,
187.0,46.0,2,402.93721494439524,,0,
188.0,46.0,2,388.32224665535614,291.636336,1,-96.68591065535617
189.0,46.0,2,375.34744858695194,,0,
190.0,46.0,2,359.9462136469083,,0,
191.0,46.0,2,339.04590278002433,,0,
192.0,46.0,2,311.274740105262,,0,
193.0,46.0,2,278.0352782709524,,0,
194.0,46.0,2,245.52560138585977,-135.703412,1,-381.22901338585973
195.0,46.0,2,225.90870042471215,,0,
196.0,46.0,2,210.7955145034939,,0,
197.0,46.0,2,196.3770409929566,,0,
198.0,46.0,2,181.17404170590453,,0,
199.0,46.0,2,163.75428553394158,,0,
0.0,47.0,0,244.72194363293238,,0,
1.0,47.0,0,254.85294600669295,402.263727,1,147.41078099330707
2.0,47.0,0,262.9432379323989,,0,
3.0,47.0,0,266.19876248933724,,0,
4.0,47.0,0,264.250843395479,,0,
5.0,47.0,0,257.4299240591936,,0,
6.0,47.0,0,244.5486186365597,,0,
7.0,47.0,0,224.33442197856493,229.398315,1,5.063893021435064
8.0,47.0,0,200.289106943761,,0,
9.0,47.0,0,175.85930972592905,,0,
10.0,47.0,0,152.33014593459666,,0,
11.0,47.0,0,129.37622564611956,,0,
12.0,47.0,0,105.40110172098503,,0,
13.0,47.0,0,78.19683296629228,180.495706,1,102.29887303370774
14.0,47.0,0,45.602604234358296,,0,
15.0,47.0,0,6.401601026998833,,0,
16.0,47.0,0,-38.364985725609586,,0,
17.0,47.0,0,-86.38880728068762,,0,
18.0,47.0,0,-135.62710630521178,,0,
19.0,47.0,0,-185.54966999217868,-153.211178,1,32.33849199217869
20.0,47.0,0,-236.44589928723872,,0,
21.0,47.0,0,-287.86691910936497,,0,
22.0,47.0,0,-337.09071794885676,,0,
23.0,47.0,0,-381.17011815379374,,0,
24.0,47.0,0,-417.906852801214,,0,
25.0,47.0,0,-445.9708128981292,-399.543791,1,46.427021898129226
26.0,47.0,0,-465.118137229234,,0,
27.0,47.0,0,-475.17516442923807,,0,
28.0,47.0,0,-475.5313216429204,,0,
29.0,47.0,0,-466.30635663028806,,0,
30.0,47.0,0,-447.8594255995704,,0,
31.0,47.0,0,-419.44643382704817,-508.362026,1,-88.91559217295185
32.0,47.0,0,-378.2004247561563,,0,
33.0,47.0,0,-326.3435510380659,,0,
34.0,47.0,0,-268.42599361157045,,0,
35.0,47.0,0,-208.98312452319078,,0,
36.0,47.0,0,-152.06164650712162,,0,
37.0,47.0,0,-101.27934593253303,-64.135718,1,37.143627932533036
38.0,47.0,0,-59.04594657121925,,0,
39.0,47.0,0,-27.2755780427251,,0,
40.0,47.0,0,-6.707579471112695,,0,
41.0,47.0,0,2.6847141990438104,,0,
42.0,47.0,0,1.379616776946932,,0,
43.0,47.0,0,-9.21093996160198,-97.334154,1,-88.12321403839802
44.0,47.0,0,-26.368540765717626,,0,
45.0,47.0,0,-51.93446514592506,,0,
46.0,47.0,0,-85.49267730547581,,0,
47.0,47.0,0,-124.15749131690245,,0,
48.0,47.0,0,-165.07264801714336,,0,
49.0,47.0,0,-207.40411182388198,-357.574955,1,-150.170843176118
50.0,47.0,0,-250.70013561053202,,0,
51.0,47.0,0,-293.89232868445106,,0,
52.0,47.0,0,-336.3798431653995,,0,
53.0,47.0,0,-376.52667364815716,,0,
54.0,47.0,0,-411.5434696470038,,0,
55.0,47.0,0,-438.4156192847295,-611.156633,1,-172.74101371527058
56.0,47.0,0,-453.287812119117,,0,
57.0,47.0,0,-453.13486211316194,,0,
58.0,47.0,0,-440.8199648228474,,0,
59.0,47.0,0,-419.73479726270307,,0,
60.0,47.0,0,-391.544934773352,,0,
61.0,47.0,0,-357.05040533537976,-399.444909,1,-42.39450366462023
62.0,47.0,0,-317.24583271413576,,0,
63.0,47.0,0,-275.25255459401524,,0,
64.0,47.0,0,-232.85125195933506,,0,
65.0,47.0,0,-190.60417206876446,,0,
66.0,47.0,0,-148.34838857362047,,0,
67.0,47.0,0,-105.50169033868588,-92.409636,1,13.09205433868587
68.0,47.0,0,-61.11450929567218,,0,
69.0,47.0,0,-14.702266155858524,,0,
70.0,47.0,3,31.907050863839686,,0,
71.0,47.0,3,75.52549361274578,,0,
72.0,47.0,3,110.97739707317669,,0,
73.0,47.0,3,130.99864296009764,493.358548,1,362.35990503990234
74.0,47.0,3,129.43096571741626,,0,
75.0,47.0,3,120.72328055219259,,0,
76.0,47.0,3,113.69341654866003,,0,
77.0,47.0,3,113.8426576181082,,0,
78.0,47.0,3,124.63215759082232,,0,
79.0,47.0,3,148.0135198555654,-26.828611,1,-174.8421308555654
80.0,47.0,3,185.92191911285045,,0,
81.0,47.0,3,229.2744036007207,,0,
82.0,47.0,3,270.1171079946216,,0,
83.0,47.0,3,301.00414179696236,,0,
84.0,47.0,3,314.22073620930314,,0,
85.0,47.0,3,304.4814063885133,593.573665,1,289.0922586114867
86.0,47.0,3,274.65820341330254,,0,
87.0,47.0,3,230.4458890427486,,0,
88.0,47.0,3,179.35344151358004,,0,
89.0,47.0,3,129.82223739253823,,0,
90.0,47.0,3,91.01101857400499,,0,
91.0,47.0,3,71.35090201778803,-91.991257,1,-163.34215901778805
92.0,47.0,3,74.50695269892458,,0,
93.0,47.0,3,93.22504382254556,,0,
94.0,47.0,3,121.15380660427036,,0,
95.0,47.0,3,150.0922028532368,,0,
96.0,47.0,3,169.37177381955553,,0,
97.0,47.0,3,167.5052109763492,437.349426,1,269.8442150236508
98.0,47.0,3,135.77367072331253,,0,
99.0,47.0,3,82.10382478308748,,0,
100.0,47.0,3,12.879512576153502,,0,
101.0,47.0,3,-63.8235910749645,,0,
102.0,47.0,3,-139.9969207980903,,0,
103.0,47.0,3,-210.39698835878517,-487.592831,1,-277.1958426412148
104.0,47.0,3,-271.5876348675811,,0,
105.0,47.0,3,-320.4962307563983,,0,
106.0,47.0,3,-354.35331584338564,,0,
107.0,47.0,3,-371.1277709461283,,0,
108.0,47.0,3,-368.95439178240485,,0,
109.0,47.0,3,-346.10941676289076,-477.17432,1,-131.06490323710926
110.0,47.0,3,-302.2042730208195,,0,
111.0,47.0,3,-238.09493237530114,,0,
112.0,47.0,3,-161.37660615920322,,0,
113.0,47.0,3,-83.04772822069936,,0,
114.0,47.0,3,-14.631494755856693,,0,
115.0,47.0,3,34.161248169548344,182.558478,1,148.39722983045166
116.0,47.0,3,59.55736026237719,,0,
117.0,47.0,3,68.1131230040919,,0,
118.0,47.0,3,64.16613060001691,,0,
119.0,47.0,3,50.720920370542444,,0,
120.0,47.0,3,30.049527651659446,,0,
121.0,47.0,3,3.3684387871762738,68.596133,1,65.22769421282372
122.0,47.0,3,-29.534565120353363,,0,
123.0,47.0,3,-65.5702383350872,,0,
124.0,47.0,3,-101.76470262219664,,0,
125.0,47.0,3,-133.84566489851568,,0,
126.0,47.0,3,-154.1364716332755,,0,
127.0,47.0,3,-154.28297533821024,-419.609309,1,-265.32633366178976
128.0,47.0,3,-133.93063075252576,,0,
129.0,47.0,1,-109.50013070483692,,0,
130.0,47.0,1,-91.20463756658137,,0,
131.0,47.0,1,-83.76718852733029,,0,
132.0,47.0,1,-88.52208437107038,,0,
133.0,47.0,1,-104.73025414301082,515.007199,1,619.7374531430108
134.0,47.0,1,-132.05194226797903,,0,
135.0,47.0,1,-170.12375213293126,,0,
136.0,47.0,1,-213.73973367887083,,0,
137.0,47.0,1,-257.35836665914394,,0,
138.0,47.0,1,-297.3613942208467,,0,
139.0,47.0,1,-331.49161885195645,-737.927497,1,-406.43587814804357
140.0,47.0,1,-357.9683141395217,,0,
141.0,47.0,1,-375.75272593519185,,0,
142.0,47.0,1,-385.16018938980415,,0,
143.0,47.0,1,-388.44002451436245,,0,
144.0,47.0,1,-389.5977063215105,,0,
145.0,47.0,1,-392.5837865617359,-330.92556,1,61.65822656173589
146.0,47.0,1,-397.78554082196206,,0,
147.0,47.0,1,-401.29954476899,,0,
148.0,47.0,1,-400.59739782544784,,0,
149.0,47.0,1,-394.1106216707267,,0,
150.0,47.0,1,-380.70285488897935,,0,
151.0,47.0,1,-360.9310258916812,-647.653019,1,-286.72199310831877
152.0,47.0,1,-340.60866725165397,,0,
153.0,47.0,1,-326.2630013987655,,0,
154.0,47.0,1,-320.7884448550176,,0,
155.0,47.0,1,-323.0665281867841,,0,
156.0,47.0,1,-330.0151519498322,,0,
157.0,47.0,1,-338.0007152266335,59.094369,1,397.0950842266335
158.0,47.0,1,-343.361135459505,,0,
159.0,47.0,1,-342.60605188884074,,0,
160.0,47.0,1,-332.64740485406946,,0,
161.0,47.0,2,-311.65064856153913,,0,
162.0,47.0,2,-279.8440938128624,,0,
163.0,47.0,2,-237.96297825529473,-368.06331,1,-130.10033174470527
164.0,47.0,2,-183.5078810164705,,0,
165.0,47.0,2,-114.91781213111244,,0,
166.0,47.0,2,-40.423238377901725,,0,
167.0,47.0,2,31.25602791903657,,0,
168.0,47.0,2,94.89324196113739,,0,
169.0,47.0,2,147.80694058910012,-36.195062,1,-184.00200258910013
170.0,47.0,2,188.70483672991395,,0,
171.0,47.0,2,218.21816681476776,,0,
172.0,47.0,2,238.38555829995312,,0,
173.0,47.0,2,251.80819674697705,,0,
174.0,47.0,2,260.94316459971014,,0,
175.0,47.0,2,267.61617086967453,247.133571,1,-20.482599869674544
176.0,47.0,2,272.65842589875683,,0,
177.0,47.0,2,275.7393945080694,,0,
178.0,47.0,2,279.8320470210165,,0,
179.0,47.0,2,288.58996908343397,,0,
180.0,47.0,2,303.38012856664136,,0,
181.0,47.0,2,321.54968583676964,366.690849,1,45.141163163230374
182.0,47.0,2,338.6242699145805,,0,
183.0,47.0,2,350.4599543926306,,0,
184.0,47.0,2,354.4779405822046,,0,
185.0,47.0,2,350.92560937977396,,0,
186.0,47.0,2,341.8351169761736,,0,
187.0,47.0,2,329.08984076662455,256.426788,1,-72.66305276662456
188.0,47.0,2,314.32810565899126,,0,
189.0,47.0,2,298.5075419479981,,0,
190.0,47.0,2,280.16334316611756,,0,
191.0,47.0,2,258.09420065692393,,0,
192.0,47.0,2,232.45948464097455,,0,
193.0,47.0,2,204.9671957658138,-135.705455,1,-340.67265076581384
194.0,47.0,2,180.7154659004882,,0,
195.0,47.0,2,165.128720019944,,0,
196.0,47.0,2,154.91835075849667,,0,
197.0,47.0,2,145.99417431326583,,0,
198.0,47.0,2,136.3097063091118,,0,
199.0,47.0,2,124.07574434086564,212.265097,1,88.18935265913436
0.0,48.0,0,304.529868198093,464.415032,1,159.88516380190697
1.0,48.0,0,313.57853061240166,,0,
2.0,48.0,0,320.2988297715783,,0,
3.0,48.0,0,322.98283659364097,,0,
4.0,48.0,0,320.9169712755829,,0,
5.0,48.0,0,313.7821736270562,,0,
6.0,48.0,0,299.76563341147266,516.249431,1,216.4837975885273
7.0,48.0,0,274.08502057753503,,0,
8.0,48.0,0,243.44090939388843,,0,
9.0,48.0,0,211.32040169485845,,0,
10.0,48.0,0,178.9038131898269,,0,
11.0,48.0,0,146.06358402199112,,0,
12.0,48.0,0,111.76265528751537,246.709181,1,134.94652571248463
13.0,48.0,0,74.56873422046192,,0,
14.0,48.0,0,33.13825333700515,,0,
15.0,48.0,0,-13.065307680284604,,0,
16.0,48.0,0,-63.009161092340946,,0,
17.0,48.0,0,-113.6944937070366,,0,
18.0,48.0,0,-162.04654166195542,-224.796166,1,-62.74962433804458
19.0,48.0,0,-209.1867711233208,,0,
20.0,48.0,0,-256.43176533747464,,0,
21.0,48.0,0,-303.41855624411255,,0,
22.0,48.0,0,-348.4156208432396,,0,
23.0,48.0,0,-389.2342761068139,,0,
24.0,48.0,0,-423.881752936868,-444.691815,1,-20.810062063132023
25.0,48.0,0,-450.6337991624605,,0,
26.0,48.0,0,-469.31865386199206,,0,
27.0,48.0,0,-479.65334198172786,,0,
28.0,48.0,0,-481.2583367507905,,0,
29.0,48.0,0,-473.9500982663594,,0,
30.0,48.0,0,-457.51330459245946,-435.645545,1,21.867759592459436
31.0,48.0,0,-431.03272331599146,,0,
32.0,48.0,0,-393.57940322405193,,0,
33.0,48.0,0,-347.02834177273326,,0,
34.0,48.0,0,-295.0043386188336,,0,
35.0,48.0,0,-241.44560084061231,,0,
36.0,48.0,0,-190.30449385894462,-146.346743,1,43.95775085894462
37.0,48.0,0,-145.7606385796098,,0,
38.0,48.0,0,-109.27576412435155,,0,
39.0,48.0,0,-82.31323404714931,,0,
40.0,48.0,0,-65.81020395708038,,0,
41.0,48.0,0,-60.15128382202238,,0,
42.0,48.0,0,-65.11085113976151,-87.088982,1,-21.978130860238494
43.0,48.0,0,-79.14941868733149,,0,
44.0,48.0,0,-100.63549831788987,,0,
45.0,48.0,0,-129.68865074112546,,0,
46.0,48.0,0,-165.39935783512192,,0,
47.0,48.0,0,-204.0318181272596,,0,
48.0,48.0,0,-241.44233030546457,-343.256931,1,-101.81460069453544
49.0,48.0,0,-278.5992274795426,,0,
50.0,48.0,0,-316.5797107811086,,0,
51.0,48.0,0,-354.87468275555875,,0,
52.0,48.0,0,-392.23512391815893,,0,
53.0,48.0,0,-426.17563953157514,,0,
54.0,48.0,0,-453.43368084391113,-537.64804,1,-84.2143591560889
55.0,48.0,0,-472.1627165902173,,0,
56.0,48.0,0,-480.35160668042954,,0,
57.0,48.0,0,-476.65618086396717,,0,
58.0,48.0,0,-462.1142668030225,,0,
59.0,48.0,0,-438.7497415517573,,0,
60.0,48.0,0,-407.8520268120337,-450.485172,1,-42.63314518796625
61.0,48.0,0,-369.45405690185726,,0,
62.0,48.0,0,-325.67536566377385,,0,
63.0,48.0,0,-278.80285855045076,,0,
64.0,48.0,0,-230.46201835561078,,0,
65.0,48.0,0,-181.42030059546232,,0,
66.0,48.0,0,-131.83095328952186,-94.453448,1,37.377505289521864
67.0,48.0,0,-81.37616803706624,,0,
68.0,48.0,0,-29.66837535612285,,0,
69.0,48.0,0,23.052140311338007,,0,
70.0,48.0,3,75.20848857820965,,0,
71.0,48.0,3,123.74188308644807,,0,
72.0,48.0,3,162.85425170586677,386.85877,1,224.00451829413322
73.0,48.0,3,181.845401701401,,0,
74.0,48.0,3,183.32826038263738,,0,
75.0,48.0,3,176.21987007115968,,0,
76.0,48.0,3,168.81767576897983,,0,
77.0,48.0,3,166.89121246908326,,0,
78.0,48.0,3,174.42103825416416,-8.240721,1,-182.66175925416417
79.0,48.0,3,193.0170811401913,,0,
80.0,48.0,3,222.16762400616426,,0,
81.0,48.0,3,256.2254691279959,,0,
82.0,48.0,3,288.4067840820644,,0,
83.0,48.0,3,312.43176657822914,,0,
84.0,48.0,3,321.28569291497115,579.837364,1,258.55167108502883
85.0,48.0,3,306.1902198535972,,0,
86.0,48.0,3,274.2144291650038,,0,
87.0,48.0,3,231.16741010564147,,0,
88.0,48.0,3,183.03583506389987,,0,
89.0,48.0,3,136.7112870340934,,0,
90.0,48.0,3,100.60678822221234,-116.193029,1,-216.79981722221234
91.0,48.0,3,85.77596560386883,,0,
92.0,48.0,3,89.67378771083895,,0,
93.0,48.0,3,106.87939033121802,,0,
94.0,48.0,3,131.13790430845984,,0,
95.0,48.0,3,155.1669226429658,,0,
96.0,48.0,3,169.13315977191087,377.179722,1,208.04656222808916
97.0,48.0,3,159.3713940071175,,0,
98.0,48.0,3,125.23260459234007,,0,
99.0,48.0,3,71.67452279536519,,0,
100.0,48.0,3,5.266171224880964,,0,
101.0,48.0,3,-66.39288141345605,,0,
102.0,48.0,3,-135.80302919389214,-357.888486,1,-222.08545680610786
103.0,48.0,3,-199.42593451146968,,0,
104.0,48.0,3,-254.79544954383164,,0,
105.0,48.0,3,-299.22650084266206,,0,
106.0,48.0,3,-330.2510024307994,,0,
107.0,48.0,3,-345.78554316677037,,0,
108.0,48.0,3,-343.52143830945715,-442.574048,1,-99.05260969054285
109.0,48.0,3,-320.0747514212271,,0,
110.0,48.0,3,-277.69418090808904,,0,
111.0,48.0,3,-219.18809377594152,,0,
112.0,48.0,3,-150.37539089474012,,0,
113.0,48.0,3,-79.70043314818759,,0,
114.0,48.0,3,-17.456132218125276,207.069113,1,224.52524521812526
115.0,48.0,3,23.77297558488499,,0,
116.0,48.0,3,45.72922057355754,,0,
117.0,48.0,3,52.376544761122204,,0,
118.0,48.0,3,47.247579294926254,,0,
119.0,48.0,3,32.83476602641167,,0,
120.0,48.0,3,10.913527236363734,-71.168987,1,-82.08251423636374
121.0,48.0,3,-17.54722536203917,,0,
122.0,48.0,3,-51.73359679616988,,0,
123.0,48.0,3,-89.21607784567459,,0,
124.0,48.0,3,-126.79467662307434,,0,
125.0,48.0,3,-160.176123496145,,0,
126.0,48.0,3,-181.35452180413995,-593.537136,1,-412.1826141958601
127.0,48.0,3,-175.98356113817135,,0,
128.0,48.0,3,-153.71660099783912,,0,
129.0,48.0,1,-126.19093583535869,,0,
130.0,48.0,1,-102.5121257317951,,0,
131.0,48.0,1,-88.86528344982071,,0,
132.0,48.0,1,-88.82538432057481,713.355803,1,802.1811873205748
133.0,48.0,1,-101.16935281374026,,0,
134.0,48.0,1,-124.17613876645919,,0,
135.0,48.0,1,-156.08907822542824,,0,
136.0,48.0,1,-193.39328365563415,,0,
137.0,48.0,1,-231.93982388987206,,0,
138.0,48.0,1,-268.4781319668982,-247.15571,1,21.32242196689822
139.0,48.0,1,-301.0532793107559,,0,
140.0,48.0,1,-327.47645535855554,,0,
141.0,48.0,1,-346.7337755508488,,0,
142.0,48.0,1,-359.0769723634003,,0,
143.0,48.0,1,-366.171207419,,0,
144.0,48.0,1,-371.6000390322879,-213.19792,1,158.40211903228789
145.0,48.0,1,-381.3679837968666,,0,
146.0,48.0,1,-392.42259076132905,,0,
147.0,48.0,1,-401.89527545607416,,0,
148.0,48.0,1,-407.81653938652016,,0,
149.0,48.0,1,-408.9998249268392,,0,
150.0,48.0,1,-404.1053719483316,-571.564719,1,-167.45934705166837
151.0,48.0,1,-390.6908465339511,,0,
152.0,48.0,1,-376.15203886525705,,0,
153.0,48.0,1,-365.549702021759,,0,
154.0,48.0,1,-361.17364242117037,,0,
155.0,48.0,1,-363.17102194647305,,0,
156.0,48.0,1,-370.04356925631873,108.647152,1,478.69072125631874
157.0,48.0,1,-378.24389999662526,,0,
158.0,48.0,1,-384.07717389054596,,0,
159.0,48.0,1,-384.41972771147266,,0,
160.0,48.0,1,-376.7657919197809,,0,
161.0,48.0,2,-359.5687300625723,,0,
162.0,48.0,2,-332.67285504024767,-263.538865,1,69.13399004024768
163.0,48.0,2,-297.1983954171883,,0,
164.0,48.0,2,-250.60700693842955,,0,
165.0,48.0,2,-193.23575658979826,,0,
166.0,48.0,2,-129.89588740863837,,0,
167.0,48.0,2,-66.77707052533515,,0,
168.0,48.0,2,-8.380172606091946,-54.368912,1,-45.988739393908055
169.0,48.0,2,43.350066059152596,,0,
170.0,48.0,2,85.86076331406366,,0,
171.0,48.0,2,118.73129811533727,,0,
172.0,48.0,2,142.8962919237092,,0,
173.0,48.0,2,159.87079616007395,,0,
174.0,48.0,2,171.22023021208588,-22.732567,1,-193.95279721208587
175.0,48.0,2,178.22266689874232,,0,
176.0,48.0,2,181.68314354866743,,0,
177.0,48.0,2,182.41909075540025,,0,
178.0,48.0,2,183.13096256778226,,0,
179.0,48.0,2,189.31116420868784,,0,
180.0,48.0,2,205.34795707953162,17.846489,1,-187.50146807953163
181.0,48.0,2,225.85546874580905,,0,
182.0,48.0,2,244.46533398795873,,0,
183.0,48.0,2,257.4095379167702,,0,
184.0,48.0,2,263.0026321168989,,0,
185.0,48.0,2,261.95722928480245,,0,
186.0,48.0,2,256.28911078788224,215.762044,1,-40.527066787882234
187.0,48.0,2,246.57624730095267,,0,
188.0,48.0,2,233.36237625801004,,0,
189.0,48.0,2,217.21854203590192,,0,
190.0,48.0,2,198.22885280905757,,0,
191.0,48.0,2,177.29703377233818,,0,
192.0,48.0,2,156.32889226498082,0.768177,1,-155.56071526498081
193.0,48.0,2,136.21648992260452,,0,
194.0,48.0,2,119.27164721576264,,0,
195.0,48.0,2,107.6340051565785,,0,
196.0,48.0,2,100.19349889596924,,0,
197.0,48.0,2,94.32288513612002,,0,
198.0,48.0,2,87.78675317112356,153.257717,1,65.47096382887645
199.0,48.0,2,78.54582306696102,,0,
0.0,49.0,0,354.57067253347486,,0,
1.0,49.0,0,361.83698597282637,,0,
2.0,49.0,0,366.6000626129098,,0,
3.0,49.0,0,367.5432993725408,,0,
4.0,49.0,0,363.69959812192246,,0,
5.0,49.0,0,354.03355618566275,659.296976,1,305.2634198143372
6.0,49.0,0,336.3751296005212,,0,
7.0,49.0,0,308.95546815684065,,0,
8.0,49.0,0,275.03718334971927,,0,
9.0,49.0,0,237.96939895744435,,0,
10.0,49.0,0,199.23446129448712,,0,
11.0,49.0,0,159.096123049967,162.548774,1,3.452650950033018
12.0,49.0,0,117.0174761514645,,0,
13.0,49.0,0,72.28381935227662,,0,
14.0,49.0,0,24.221368222148158,,0,
15.0,49.0,0,-27.274000896606594,,0,
16.0,49.0,0,-81.22187709156424,,0,
17.0,49.0,0,-134.65927921165712,-318.22554,1,-183.5662607883429
18.0,49.0,0,-181.90557983249892,,0,
19.0,49.0,0,-227.05800654063933,,0,
20.0,49.0,0,-271.62752047134563,,0,
21.0,49.0,0,-315.3142997827381,,0,
22.0,49.0,0,-356.8967260623758,,0,
23.0,49.0,0,-394.72746414737776,-448.46085,1,-53.733385852622234
24.0,49.0,0,-427.11487227561884,,0,
25.0,49.0,0,-452.700667159399,,0,
26.0,49.0,0,-470.9149264784064,,0,
27.0,49.0,0,-481.41335618688026,,0,
28.0,49.0,0,-483.8411359919701,,0,
29.0,49.0,0,-477.8842311729677,-431.567986,1,46.31624517296768
30.0,49.0,0,-463.181677723187,,0,
31.0,49.0,0,-439.2831983854994,,0,
32.0,49.0,0,-406.284530665027,,0,
33.0,49.0,0,-365.76624267408624,,0,
34.0,49.0,0,-320.5793727468699,,0,
35.0,49.0,0,-274.12714900885476,-202.175263,1,71.95188600885476
36.0,49.0,0,-230.02693186653778,,0,
37.0,49.0,0,-191.5497024441138,,0,
38.0,49.0,0,-160.535312586464,,0,
39.0,49.0,0,-138.212237091735,,0,
40.0,49.0,0,-125.45184946630616,,0,
41.0,49.0,0,-122.75534800731111,-98.339747,1,24.41560100731111
42.0,49.0,0,-130.39084201934747,,0,
43.0,49.0,0,-146.8527987790294,,0,
44.0,49.0,0,-170.97069537872449,,0,
45.0,49.0,0,-202.06747513636947,,0,
46.0,49.0,0,-238.81583295436576,,0,
47.0,49.0,0,-277.4034416419454,-508.590155,1,-231.1867133580546
48.0,49.0,0,-310.40756331628654,,0,
49.0,49.0,0,-342.5763522577472,,0,
50.0,49.0,0,-375.41159083368257,,0,
51.0,49.0,0,-408.4225132446736,,0,
52.0,49.0,0,-440.20829183165915,,0,
53.0,49.0,0,-468.088337990921,-562.388887,1,-94.30054900907896
54.0,49.0,0,-487.5769932285475,,0,
55.0,49.0,0,-498.8853032605257,,0,
56.0,49.0,0,-501.07151439925656,,0,
57.0,49.0,0,-493.3487296619278,,0,
58.0,49.0,0,-476.038053072989,,0,
59.0,49.0,0,-450.1310692290426,-477.737957,1,-27.60688777095737
60.0,49.0,0,-416.41772524802946,,0,
61.0,49.0,0,-375.53181799594313,,0,
62.0,49.0,0,-329.07578565645963,,0,
63.0,49.0,0,-278.8946601706557,,0,
64.0,49.0,0,-226.41876570426393,,0,
65.0,49.0,0,-172.55836003669538,-167.300119,1,5.258241036695381
66.0,49.0,0,-117.84658049140126,,0,
67.0,49.0,0,-62.30896717464202,,0,
68.0,49.0,0,-6.135621582274325,,0,
69.0,49.0,0,49.88491165731102,,0,
70.0,49.0,3,103.91410763282329,,0,
71.0,49.0,3,152.61647887178697,86.808738,1,-65.80774087178696
72.0,49.0,3,190.3933347662678,,0,
73.0,49.0,3,211.64143503870582,,0,
74.0,49.0,3,218.00224205903942,,0,
75.0,49.0,3,215.572827701224,,0,
76.0,49.0,3,210.82318295701407,,0,
77.0,49.0,3,209.3194661862217,141.558924,1,-67.7605421862217
78.0,49.0,3,216.06353432615288,,0,
79.0,49.0,3,231.04984316695482,,0,
80.0,49.0,3,252.9972867135075,,0,
81.0,49.0,3,278.2176048774854,,0,
82.0,49.0,3,301.56603410921525,,0,
83.0,49.0,3,317.4945101014455,406.479964,1,88.98545389855451
84.0,49.0,3,319.7832130898605,,0,
85.0,49.0,3,304.02359849377535,,0,
86.0,49.0,3,273.5754662218387,,0,
87.0,49.0,3,233.98334150959272,,0,
88.0,49.0,3,190.78424735565204,,0,
89.0,49.0,3,150.19828106093337,-16.089428,1,-166.28770906093337
90.0,49.0,3,119.65511773934122,,0,
91.0,49.0,3,105.47720652792486,,0,
92.0,49.0,3,106.76649317599367,,0,
93.0,49.0,3,118.96089148032479,,0,
94.0,49.0,3,136.3321986461524,,0,
95.0,49.0,3,151.92981982824858,60.23371,1,-91.69610982824858
96.0,49.0,3,156.94280601554783,,0,
97.0,49.0,3,143.01993292907719,,0,
98.0,49.0,3,109.00409849878633,,0,
99.0,49.0,3,58.430773033367586,,0,
100.0,49.0,3,-3.333736580563709,,0,
101.0,49.0,3,-69.38381475559436,-210.791958,1,-141.40814324440564
102.0,49.0,3,-130.95995453972137,,0,
103.0,49.0,3,-187.33700078399852,,0,
104.0,49.0,3,-236.51941868808353,,0,
105.0,49.0,3,-275.9847383208398,,0,
106.0,49.0,3,-303.365595831885,,0,
107.0,49.0,3,-316.4843755559559,-370.906589,1,-54.422213444044075
108.0,49.0,3,-313.0319956203457,,0,
109.0,49.0,3,-291.39064943103585,,0,
110.0,49.0,3,-253.14355286039063,,0,
111.0,49.0,3,-201.72546489338856,,0,
112.0,49.0,3,-142.329752059537,,0,
113.0,49.0,3,-82.10110794607317,-7.174777,1,74.92633094607316
114.0,49.0,3,-29.94368963742454,,0,
115.0,49.0,3,6.3039917870628415,,0,
116.0,49.0,3,26.090234603150748,,0,
117.0,49.0,3,31.982103232876398,,0,
118.0,49.0,3,26.58531690109521,,0,
119.0,49.0,3,12.026051258551888,-344.498598,1,-356.5246492585519
120.0,49.0,3,-10.08211860130541,,0,
121.0,49.0,3,-38.48797026419197,,0,
122.0,49.0,3,-71.7429565230268,,0,
123.0,49.0,3,-107.50647625001147,,0,
124.0,49.0,3,-142.42735956283286,,0,
125.0,49.0,3,-171.67530379467644,-564.376596,1,-392.7012922053235
126.0,49.0,3,-187.5279014223197,,0,
127.0,49.0,3,-183.16636426735204,,0,
128.0,49.0,3,-163.53771734167822,,0,
129.0,49.0,1,-137.6447321586311,,0,
130.0,49.0,1,-113.17996969826345,,0,
131.0,49.0,1,-96.69905023567844,67.635811,1,164.33486123567843
132.0,49.0,1,-94.97275476064533,,0,
133.0,49.0,1,-104.67063308879733,,0,
134.0,49.0,1,-123.76496605906868,,0,
135.0,49.0,1,-150.45423921011388,,0,
136.0,49.0,1,-182.1310417841887,,0,
137.0,49.0,1,-215.77136458663153,219.137825,1,434.90918958663156
138.0,49.0,1,-248.73801375052426,,0,
139.0,49.0,1,-279.00745170819573,,0,
140.0,49.0,1,-304.82630405575037,,0,
141.0,49.0,1,-325.26344335614704,,0,
142.0,49.0,1,-340.5291268817382,,0,
143.0,49.0,1,-352.11952150112484,-151.75652,1,200.36300150112484
144.0,49.0,1,-363.1163612524979,,0,
145.0,49.0,1,-376.5039192169206,,0,
146.0,49.0,1,-391.0602120050462,,0,
147.0,49.0,1,-404.4321551223984,,0,
148.0,49.0,1,-414.8713069157675,,0,
149.0,49.0,1,-421.04115118749905,-442.127907,1,-21.08675581250094
150.0,49.0,1,-421.4195025115041,,0,
151.0,49.0,1,-415.554203057196,,0,
152.0,49.0,1,-407.41744636395015,,0,
153.0,49.0,1,-401.06106783635914,,0,
154.0,49.0,1,-398.5733072422445,,0,
155.0,49.0,1,-400.69395509781316,-335.689805,1,65.00415009781318
156.0,49.0,1,-407.72216837934684,,0,
157.0,49.0,1,-415.77207859547343,,0,
158.0,49.0,1,-421.6041517747217,,0,
159.0,49.0,1,-422.59956530993804,,0,
160.0,49.0,1,-416.70298762526363,,0,
161.0,49.0,2,-402.6401025256491,-288.453211,1,114.18689152564912
162.0,49.0,2,-380.1703072245582,,0,
163.0,49.0,2,-349.4312408869155,,0,
164.0,49.0,2,-309.6250083895866,,0,
165.0,49.0,2,-261.38635893852916,,0,
166.0,49.0,2,-207.78638497798238,,0,
167.0,49.0,2,-152.96343327197246,77.38673,1,230.35016327197246
168.0,49.0,2,-100.38599097519182,,0,
169.0,49.0,2,-52.43722766439896,,0,
170.0,49.0,2,-11.26866017570137,,0,
171.0,49.0,2,22.05386697477661,,0,
172.0,49.0,2,47.606436979956925,,0,
173.0,49.0,2,66.08376144897193,-131.284013,1,-197.36777444897191
174.0,49.0,2,78.39806324779056,,0,
175.0,49.0,2,85.43403318570927,,0,
176.0,49.0,2,88.01221869140863,,0,
177.0,49.0,2,87.28640050825197,,0,
178.0,49.0,2,85.64428364302148,,0,
179.0,49.0,2,88.64403760898858,-302.773351,1,-391.4173886089886
180.0,49.0,2,106.68196568777785,,0,
181.0,49.0,2,128.54510718095116,,0,
182.0,49.0,2,147.9074810803868,,0,
183.0,49.0,2,161.71118132653646,,0,
184.0,49.0,2,168.6950398995541,,0,
185.0,49.0,2,169.63634918315802,77.415936,1,-92.22041318315802
186.0,49.0,2,167.56315294789965,,0,
187.0,49.0,2,161.12862585601397,,0,
188.0,49.0,2,150.36774150142446,,0,
189.0,49.0,2,135.87442683661357,,0,
190.0,49.0,2,118.40673200623132,,0,
191.0,49.0,2,99.84713601507246,-20.843439,1,-120.69057501507247
192.0,49.0,2,84.382162227761,,0,
193.0,49.0,2,70.62927489390131,,0,
194.0,49.0,2,59.29923222673824,,0,
195.0,49.0,2,51.289799883496016,,0,
196.0,49.0,2,46.07865241472609,,0,
197.0,49.0,2,42.05198844661936,50.293906,1,8.241917553380638
198.0,49.0,2,37.37408615543973,,0,
199.0,49.0,2,30.417099954094738,,0,
