x,y,cluster,trend,value,set,residual
0.0,0.0,0,562.8179831223097,474.224075,1,-88.59390812230964
1.0,0.0,0,568.9209283478558,,0,
2.0,0.0,0,573.9107352537103,,0,
3.0,0.0,0,574.141895705834,,0,
4.0,0.0,0,565.7691982332617,634.226889,1,68.45769076673832
5.0,0.0,0,543.8929826286621,,0,
6.0,0.0,0,506.97905170731246,,0,
7.0,0.0,0,452.38988893455826,,0,
8.0,0.0,0,379.4246419579722,543.684405,1,164.25976304202777
9.0,0.0,0,293.84423730010167,,0,
10.0,0.0,0,202.1751957363449,,0,
11.0,0.0,0,109.87359555531293,,0,
12.0,0.0,0,22.266292093787342,-36.874397,1,-59.140689093787344
13.0,0.0,0,-55.260473233880475,,0,
14.0,0.0,0,-121.85606929776259,,0,
15.0,0.0,0,-177.50769345252775,,0,
16.0,0.0,0,-222.42546136700548,-295.860241,1,-73.43477963299449
17.0,0.0,0,-256.30549622746184,,0,
18.0,0.0,0,-283.22195914387703,,0,
19.0,0.0,0,-306.80716378148645,,0,
20.0,0.0,0,-329.84462344204076,-179.250285,1,150.59433844204077
21.0,0.0,0,-353.0470111556351,,0,
22.0,0.0,0,-376.2800334431231,,0,
23.0,0.0,0,-399.17965940386057,,0,
24.0,0.0,0,-420.96505697467364,-512.422377,1,-91.45732002532634
25.0,0.0,0,-440.00219109561294,,0,
26.0,0.0,0,-454.5770294535905,,0,
27.0,0.0,0,-463.1329506179318,,0,
28.0,0.0,0,-464.44264460681006,-450.253056,1,14.189588606810048
29.0,0.0,0,-458.31848822452594,,0,
30.0,0.0,0,-445.4836801716592,,0,
31.0,0.0,0,-427.7905494758161,,0,
32.0,0.0,0,-408.737791151274,-306.832567,1,101.90522415127401
33.0,0.0,0,-393.84776662499644,,0,
34.0,0.0,0,-383.9324189454783,,0,
35.0,0.0,0,-382.4053997839801,,0,
36.0,0.0,0,-392.7646677994635,-269.85286,1,122.91180779946347
37.0,0.0,0,-413.3655188106932,,0,
38.0,0.0,0,-441.65507615276147,,0,
39.0,0.0,0,-475.9291108782636,,0,
40.0,0.0,0,-514.9515693231951,-277.807808,1,237.14376132319512
41.0,0.0,0,-557.8886154063512,,0,
42.0,0.0,0,-603.8732028350933,,0,
43.0,0.0,0,-652.3503765347414,,0,
44.0,0.0,0,-702.658733318327,-448.97593,1,253.682803318327
45.0,0.0,0,-751.7790594541002,,0,
46.0,0.0,0,-795.7900661462918,,0,
47.0,0.0,0,-831.0914574542549,,0,
48.0,0.0,0,-855.9193727471866,-834.016074,1,21.903298747186568
49.0,0.0,0,-871.6082356071565,,0,
50.0,0.0,0,-879.3102055699565,,0,
51.0,0.0,0,-878.9960588873364,,0,
52.0,0.0,0,-870.5029984756839,-792.819358,1,77.68364047568389
53.0,0.0,0,-854.9461527897511,,0,
54.0,0.0,0,-834.1048859609291,,0,
55.0,0.0,0,-809.1248432962457,,0,
56.0,0.0,0,-779.6859686492244,-767.857072,1,11.828896649224362
57.0,0.0,0,-745.0300746902358,,0,
58.0,0.0,0,-704.1507704679389,,0,
59.0,0.0,0,-656.116643271409,,0,
60.0,0.0,0,-600.9770975656575,-570.530454,1,30.446643565657496
61.0,0.0,0,-539.9642385829356,,0,
62.0,0.0,0,-473.835335437092,,0,
63.0,0.0,0,-402.02606191288214,,0,
64.0,0.0,0,-324.0591813060455,-440.568104,1,-116.5089226939545
65.0,0.0,0,-242.70545116974972,,0,
66.0,0.0,0,-160.27937216265127,,0,
67.0,0.0,0,-77.08123945235275,,0,
68.0,0.0,0,8.053031306248158,-81.994134,1,-90.04716530624816
69.0,0.0,0,97.12720747926505,,0,
70.0,0.0,0,186.10839033452794,,0,
71.0,0.0,0,270.43634275114164,,0,
72.0,0.0,0,344.22438636090374,410.148254,1,65.92386763909627
73.0,0.0,0,400.0951592971105,,0,
74.0,0.0,0,434.74238601722755,,0,
75.0,0.0,0,445.2051430065185,,0,
76.0,0.0,0,427.627699636505,727.386687,1,299.75898736349507
77.0,0.0,0,375.7580378841376,,0,
78.0,0.0,0,301.28663732128916,,0,
79.0,0.0,0,213.62022400234127,,0,
80.0,0.0,0,121.04516801497084,37.125652,1,-83.91951601497084
81.0,0.0,0,31.794916275073774,,0,
82.0,0.0,0,-51.815323593327776,,0,
83.0,0.0,0,-127.81153426342644,,0,
84.0,0.0,0,-194.58704320143443,8.115114,1,202.70215720143443
85.0,0.0,0,-250.83254626078997,,0,
86.0,0.0,0,-296.0310656009242,,0,
87.0,0.0,0,-330.4266764164786,,0,
88.0,0.0,0,-354.84959709248506,-372.073892,1,-17.224294907514945
89.0,0.0,0,-371.26873966515996,,0,
90.0,0.0,0,-381.6814371132059,,0,
91.0,0.0,0,-387.9360764827579,,0,
92.0,0.0,0,-391.45092303078854,-351.902892,1,39.548031030788536
93.0,0.0,0,-392.2022696528584,,0,
94.0,0.0,0,-389.7208041085396,,0,
95.0,0.0,0,-383.8536044714274,,0,
96.0,0.0,0,-375.4305943964864,-258.137721,1,117.29287339648641
97.0,0.0,0,-366.56117572159565,,0,
98.0,0.0,0,-359.03472480081837,,0,
99.0,0.0,0,-353.8005655624438,,0,
100.0,0.0,0,-351.8662105894182,-252.379389,1,99.48682158941818
101.0,0.0,0,-355.34838938328903,,0,
102.0,0.0,0,-361.16110049033887,,0,
103.0,0.0,0,-368.1692604839918,,0,
104.0,0.0,0,-376.6036943466461,-418.693301,1,-42.08960665335394
105.0,0.0,0,-386.01283423410496,,0,
106.0,0.0,0,-396.58939055746305,,0,
107.0,0.0,0,-406.02903372060973,,0,
108.0,0.0,0,-410.17373927178414,-509.47614,1,-99.30240072821584
109.0,0.0,0,-403.82870480418205,,0,
110.0,0.0,0,-388.24101338291075,,0,
111.0,0.0,0,-365.4268882747274,,0,
112.0,0.0,0,-340.0591968620429,-149.963232,1,190.09596486204288
113.0,0.0,0,-319.7789204263827,,0,
114.0,0.0,0,-301.55617125923163,,0,
115.0,0.0,0,-284.21593380812556,,0,
116.0,0.0,0,-267.9298778481316,-162.879975,1,105.04990284813158
117.0,0.0,0,-254.7688817161834,,0,
118.0,0.0,0,-242.20888576860307,,0,
119.0,0.0,0,-230.247547184641,,0,
120.0,0.0,0,-221.22108374087838,-40.037057,1,181.18402674087838
121.0,0.0,0,-219.57288623636123,,0,
122.0,0.0,0,-219.06702636898262,,0,
123.0,0.0,0,-214.64445758285,,0,
124.0,0.0,0,-203.56025438511278,-467.913713,1,-264.3534586148872
125.0,0.0,0,-188.40900618571322,,0,
126.0,0.0,0,-171.4936411299277,,0,
127.0,0.0,0,-152.33534655661788,,0,
128.0,0.0,0,-130.2702622745419,-536.922796,1,-406.65253372545806
129.0,0.0,0,-109.19334203889593,,0,
130.0,0.0,0,-91.89197522372706,,0,
131.0,0.0,0,-77.27829996845685,,0,
132.0,0.0,0,-63.13031015312299,-100.3713,1,-37.240989846877014
133.0,0.0,0,-51.46708308788948,,0,
134.0,0.0,0,-44.50049965293147,,0,
135.0,0.0,0,-43.425391758210026,,0,
136.0,0.0,0,-50.56706730090082,194.130635,1,244.69770230090083
137.0,0.0,0,-71.12181307806168,,0,
138.0,0.0,0,-96.82539894757792,,0,
139.0,0.0,0,-122.29242912656628,,0,
140.0,0.0,0,-144.0874732939992,-80.460222,1,63.62725129399921
141.0,0.0,0,-160.65082883974537,,0,
142.0,0.0,0,-168.79703766934108,,0,
143.0,0.0,0,-168.57975867966888,,0,
144.0,0.0,0,-163.80951336806174,54.862272,1,218.67178536806173
145.0,0.0,0,-162.4297723735217,,0,
146.0,0.0,0,-161.5063866614364,,0,
147.0,0.0,0,-161.67802991624922,,0,
148.0,0.0,0,-165.45213854138274,-192.881905,1,-27.42976645861725
149.0,0.0,0,-175.4720757440664,,0,
150.0,0.0,0,-195.61562015721574,,0,
151.0,0.0,0,-228.0502224653028,,0,
152.0,0.0,0,-272.0036111685913,-154.18491,1,117.8187011685913
153.0,0.0,0,-323.6993969057221,,0,
154.0,0.0,0,-378.1039915466681,,0,
155.0,0.0,0,-430.4478651152458,,0,
156.0,0.0,0,-477.4548315485008,-425.328445,1,52.12638654850082
157.0,0.0,0,-517.3551218560897,,0,
158.0,0.0,0,-546.5342510030605,,0,
159.0,0.0,0,-563.7570097038988,,0,
160.0,0.0,0,-570.3766099214554,-445.432528,1,124.94408192145539
161.0,0.0,0,-570.2743713837117,,0,
162.0,0.0,0,-561.340787560679,,0,
163.0,0.0,0,-543.9827073290944,,0,
164.0,0.0,0,-520.5990200064844,-462.833688,1,57.76533200648436
165.0,0.0,0,-495.0079814060591,,0,
166.0,0.0,0,-468.3316851030104,,0,
167.0,0.0,0,-442.83706920943223,,0,
168.0,0.0,0,-421.1571819274686,-78.945016,1,342.2121659274686
169.0,0.0,0,-405.2230212111026,,0,
170.0,0.0,0,-397.64415481407195,,0,
171.0,0.0,0,-402.50286087440327,,0,
172.0,0.0,0,-422.3815482042264,36.804026,1,459.18557420422644
173.0,0.0,0,-452.3599619725719,,0,
174.0,0.0,0,-486.337876887992,,0,
175.0,0.0,0,-519.2770065802615,,0,
176.0,0.0,0,-547.3349047484808,-592.861293,1,-45.52638825151928
177.0,0.0,0,-569.9430454573594,,0,
178.0,0.0,0,-586.7104983462486,,0,
179.0,0.0,0,-596.7385765030049,,0,
180.0,0.0,0,-598.7271356880665,-762.878067,1,-164.1509313119335
181.0,0.0,0,-588.991353454534,,0,
182.0,0.0,0,-571.8001857614145,,0,
183.0,0.0,0,-549.9158121231012,,0,
184.0,0.0,0,-527.7030321545899,-394.644113,1,133.0589191545899
185.0,0.0,0,-511.6286095806863,,0,
186.0,0.0,0,-500.2342965384014,,0,
187.0,0.0,0,-492.32259740447626,,0,
188.0,0.0,0,-485.829191691475,-458.894877,1,26.93431469147498
189.0,0.0,0,-478.1463532769121,,0,
190.0,0.0,0,-466.6138754202984,,0,
191.0,0.0,0,-449.7835378833115,,0,
192.0,0.0,0,-428.3281587953679,-159.284279,1,269.04387979536796
193.0,0.0,0,-403.08085479494184,,0,
194.0,0.0,0,-374.4420887136366,,0,
195.0,0.0,0,-342.91985478810966,,0,
196.0,0.0,0,-309.7832392952405,-277.883277,1,31.89996229524047
197.0,0.0,0,-277.08164097415283,,0,
198.0,0.0,0,-245.22578720701858,,0,
199.0,0.0,0,-215.28252439107746,,0,
0.0,1.0,0,548.7180730821565,,0,
1.0,1.0,0,556.5160617614165,,0,
2.0,1.0,0,563.7352412764449,,0,
3.0,1.0,0,566.6117999153212,621.134468,1,54.5226680846788
4.0,1.0,0,561.0904862596653,,0,
5.0,1.0,0,543.0320112535264,,0,
6.0,1.0,0,509.24984973622486,,0,
7.0,1.0,0,456.04337875545025,682.988364,1,226.9449852445498
8.0,1.0,0,380.3576210332103,,0,
9.0,1.0,0,292.0498741979245,,0,
10.0,1.0,0,197.7608839762397,,0,
11.0,1.0,0,103.02517496421933,93.67507,1,-9.350104964219327
12.0,1.0,0,13.633277620654553,,0,
13.0,1.0,0,-65.03075774549507,,0,
14.0,1.0,0,-130.63157063000835,,0,
15.0,1.0,0,-183.74514368874952,-363.506878,1,-179.76173431125045
16.0,1.0,0,-225.5072358995676,,0,
17.0,1.0,0,-257.02752066776156,,0,
18.0,1.0,0,-281.4053037541453,,0,
19.0,1.0,0,-302.6966334343888,-245.055466,1,57.64116743438879
20.0,1.0,0,-325.0227540540509,,0,
21.0,1.0,0,-348.44865377340466,,0,
22.0,1.0,0,-372.78289335547015,,0,
23.0,1.0,0,-397.3966833279701,-368.544611,1,28.85207232797012
24.0,1.0,0,-421.5503394305706,,0,
25.0,1.0,0,-442.86960791097954,,0,
26.0,1.0,0,-459.46128669497557,,0,
27.0,1.0,0,-469.6344278608449,-494.400102,1,-24.765674139155124
28.0,1.0,0,-471.5152698671445,,0,
29.0,1.0,0,-464.80133092199685,,0,
30.0,1.0,0,-449.8556598315481,,0,
31.0,1.0,0,-428.72016284859274,-395.289621,1,33.430541848592725
32.0,1.0,0,-405.1629128213972,,0,
33.0,1.0,0,-383.3920182734728,,0,
34.0,1.0,0,-365.98765614721924,,0,
35.0,1.0,0,-357.06063948431984,-157.078666,1,199.98197348431984
36.0,1.0,0,-363.53652692586184,,0,
37.0,1.0,0,-380.91014362568967,,0,
38.0,1.0,0,-406.49687280040234,,0,
39.0,1.0,0,-438.62772324774414,-453.353661,1,-14.725937752255845
40.0,1.0,0,-476.0384715432301,,0,
41.0,1.0,0,-518.1986060612835,,0,
42.0,1.0,0,-563.936933120247,,0,
43.0,1.0,0,-612.3400638322346,-530.259884,1,82.08017983223453
44.0,1.0,0,-664.3740917306859,,0,
45.0,1.0,0,-716.0077000581659,,0,
46.0,1.0,0,-762.7238420663634,,0,
47.0,1.0,0,-799.907523230766,-902.332336,1,-102.42481276923411
48.0,1.0,0,-825.2372423332417,,0,
49.0,1.0,0,-842.2261825142195,,0,
50.0,1.0,0,-851.9160489093047,,0,
51.0,1.0,0,-853.5889329700731,-887.283703,1,-33.69477002992687
52.0,1.0,0,-845.8877073719632,,0,
53.0,1.0,0,-830.1987069518073,,0,
54.0,1.0,0,-809.1634290330112,,0,
55.0,1.0,0,-785.2718984010862,-807.936082,1,-22.664183598913837
56.0,1.0,0,-757.3435460263863,,0,
57.0,1.0,0,-724.5644222745905,,0,
58.0,1.0,0,-685.5772668248974,,0,
59.0,1.0,0,-638.7810277466197,-677.388051,1,-38.60702325338036
60.0,1.0,0,-584.3326947255991,,0,
61.0,1.0,0,-524.5462835179642,,0,
62.0,1.0,0,-460.340245876112,,0,
63.0,1.0,0,-391.0293900666293,-538.058448,1,-147.02905793337072
64.0,1.0,0,-313.99467105587246,,0,
65.0,1.0,0,-234.58519360923674,,0,
66.0,1.0,0,-155.26990184409078,,0,
67.0,1.0,0,-75.36348539893515,-193.617908,1,-118.25442260106485
68.0,1.0,0,7.3651356073096395,,0,
69.0,1.0,0,94.4090547360247,,0,
70.0,1.0,0,183.6104728366481,,0,
71.0,1.0,0,270.29522200336214,201.262991,1,-69.03223100336214
72.0,1.0,0,347.5784295768826,,0,
73.0,1.0,0,407.12428813247243,,0,
74.0,1.0,0,442.78812155127525,,0,
75.0,1.0,0,451.21594277815893,1039.674493,1,588.458550221841
76.0,1.0,0,429.08855455729645,,0,
77.0,1.0,0,374.7419859676156,,0,
78.0,1.0,0,295.68411044508684,,0,
79.0,1.0,0,202.34283317031804,221.533581,1,19.190747829681953
80.0,1.0,0,104.38453083173954,,0,
81.0,1.0,0,9.738793566182721,,0,
82.0,1.0,0,-77.50425608089427,,0,
83.0,1.0,0,-155.41597798489965,-141.565533,1,13.850444984899667
84.0,1.0,0,-222.78102337167365,,0,
85.0,1.0,0,-277.99042836838635,,0,
86.0,1.0,0,-320.7398742471996,,0,
87.0,1.0,0,-352.1466923242551,-401.30109,1,-49.15439767574486
88.0,1.0,0,-373.0886313254887,,0,
89.0,1.0,0,-386.4426568611525,,0,
90.0,1.0,0,-394.09085695666727,,0,
91.0,1.0,0,-397.9424872233649,-355.511471,1,42.43101622336491
92.0,1.0,0,-400.1459305541939,,0,
93.0,1.0,0,-399.97257047484163,,0,
94.0,1.0,0,-396.57756658492144,,0,
95.0,1.0,0,-389.36671295471024,-428.033593,1,-38.66688004528976
96.0,1.0,0,-379.2596231819625,,0,
97.0,1.0,0,-369.7380604641512,,0,
98.0,1.0,0,-362.9987034040096,,0,
99.0,1.0,0,-359.6633926189679,-261.165633,1,98.4977596189679
100.0,1.0,0,-360.00293045895523,,0,
101.0,1.0,0,-364.1842210437171,,0,
102.0,1.0,0,-370.3168063950143,,0,
103.0,1.0,0,-377.22576314915204,-471.260221,1,-94.03445785084796
104.0,1.0,0,-386.6636805712187,,0,
105.0,1.0,0,-400.0781472454255,,0,
106.0,1.0,0,-416.9813995581353,,0,
107.0,1.0,0,-433.6594801848696,-511.931728,1,-78.27224781513041
108.0,1.0,0,-444.6106425288308,,0,
109.0,1.0,0,-445.37293532001786,,0,
110.0,1.0,0,-435.07618703861954,,0,
111.0,1.0,0,-415.2853038707399,-435.581146,1,-20.29584212926011
112.0,1.0,0,-391.99217874731403,,0,
113.0,1.0,0,-370.81314369267784,,0,
114.0,1.0,0,-351.91521191058564,,0,
115.0,1.0,0,-334.5265130668122,-288.599181,1,45.9273320668122
116.0,1.0,0,-317.6030176128261,,0,
117.0,1.0,0,-301.04846005525906,,0,
118.0,1.0,0,-284.2126852287911,,0,
119.0,1.0,0,-267.9280679966323,-207.56239,1,60.365677996632314
120.0,1.0,0,-254.94391809246736,,0,
121.0,1.0,0,-247.21260955522303,,0,
122.0,1.0,0,-241.21710750320926,,0,
123.0,1.0,0,-231.6092239409918,-437.307612,1,-205.6983880590082
124.0,1.0,0,-213.0884758293687,,0,
125.0,1.0,0,-191.92365450656507,,0,
126.0,1.0,0,-170.68929465778638,,0,
127.0,1.0,0,-148.57757302134996,-369.46331,1,-220.88573697865002
128.0,1.0,0,-122.01157486496959,,0,
129.0,1.0,0,-98.95264917903114,,0,
130.0,1.0,0,-82.84368102258304,,0,
131.0,1.0,0,-72.02286642207764,-276.961617,1,-204.93875057792235
132.0,1.0,0,-60.54312979383394,,0,
133.0,1.0,0,-53.124258392257616,,0,
134.0,1.0,0,-51.76892855728511,,0,
135.0,1.0,0,-57.229451706516556,154.75282,1,211.98227170651657
136.0,1.0,0,-71.27741206693463,,0,
137.0,1.0,0,-95.29316855361685,,0,
138.0,1.0,0,-124.99932677531615,,0,
139.0,1.0,0,-155.28800313733518,-42.485272,1,112.80273113733517
140.0,1.0,0,-181.5170267074136,,0,
141.0,1.0,0,-199.8921307621058,,0,
142.0,1.0,0,-207.57380547735374,,0,
143.0,1.0,0,-204.9122735306737,-24.745336,1,180.1669375306737
144.0,1.0,0,-195.89516068133526,,0,
145.0,1.0,0,-185.42045287345536,,0,
146.0,1.0,0,-174.39552944223396,,0,
147.0,1.0,0,-164.5347951336298,75.052743,1,239.58753813362983
148.0,1.0,0,-159.201247057179,,0,
149.0,1.0,0,-162.23725608782843,,0,
150.0,1.0,0,-178.2829023017548,,0,
151.0,1.0,0,-210.82616008690093,-178.126555,1,32.69960508690093
152.0,1.0,0,-258.9515322166262,,0,
153.0,1.0,0,-317.45249854633585,,0,
154.0,1.0,0,-380.0188771657413,,0,
155.0,1.0,0,-440.366416296456,-491.2417,1,-50.87528370354397
156.0,1.0,0,-495.16426807199605,,0,
157.0,1.0,0,-541.1725819024723,,0,
158.0,1.0,0,-574.5978880904149,,0,
159.0,1.0,0,-594.3826125548221,-584.719363,1,9.663249554822073
160.0,1.0,0,-602.1267103448045,,0,
161.0,1.0,0,-599.7981882188469,,0,
162.0,1.0,0,-587.1858838510234,,0,
163.0,1.0,0,-565.1414708842058,-515.243739,1,49.89773188420577
164.0,1.0,0,-536.3138890150003,,0,
165.0,1.0,0,-503.81438176962547,,0,
166.0,1.0,0,-469.81572299962863,,0,
167.0,1.0,0,-436.8645302184159,-389.302605,1,47.561925218415865
168.0,1.0,0,-408.1733262783382,,0,
169.0,1.0,0,-384.9425104856491,,0,
170.0,1.0,0,-369.9900287296623,,0,
171.0,1.0,0,-368.1206306600943,-96.352554,1,271.7680766600943
172.0,1.0,0,-385.90789246419445,,0,
173.0,1.0,0,-413.9300737902522,,0,
174.0,1.0,0,-445.7432221828494,,0,
175.0,1.0,0,-476.5810037915362,-600.402824,1,-123.8218202084638
176.0,1.0,0,-501.07309347740375,,0,
177.0,1.0,0,-520.8107913765125,,0,
178.0,1.0,0,-535.1944587642793,,0,
179.0,1.0,0,-542.5381474848837,-741.947155,1,-199.4090075151163
180.0,1.0,0,-543.1796807232313,,0,
181.0,1.0,0,-536.5704025472514,,0,
182.0,1.0,0,-523.1353724692017,,0,
183.0,1.0,0,-503.6193729438819,-588.105178,1,-84.48580505611812
184.0,1.0,0,-483.43331323517486,,0,
185.0,1.0,0,-467.83546012849547,,0,
186.0,1.0,0,-457.89904821128584,,0,
187.0,1.0,0,-453.1876282542944,-465.661749,1,-12.47412074570559
188.0,1.0,0,-450.4764188963454,,0,
189.0,1.0,0,-446.6026323940605,,0,
190.0,1.0,0,-437.79902347084135,,0,
191.0,1.0,0,-421.22415904467925,-393.093982,1,28.13017704467927
192.0,1.0,0,-399.5024972811807,,0,
193.0,1.0,0,-374.0306494436227,,0,
194.0,1.0,0,-344.95558518660255,,0,
195.0,1.0,0,-312.27092285314575,-352.384509,1,-40.11358614685423
196.0,1.0,0,-277.4486508111004,,0,
197.0,1.0,0,-242.42111438931897,,0,
198.0,1.0,0,-208.30251488089561,,0,
199.0,1.0,0,-176.29750796221197,140.971135,1,317.26864296221197
0.0,2.0,0,529.5696880391333,,0,
1.0,2.0,0,538.3648760269862,,0,
2.0,2.0,0,546.5809149113484,536.032161,1,-10.548753911348399
3.0,2.0,0,550.8859010105953,,0,
4.0,2.0,0,547.2129867342301,,0,
5.0,2.0,0,531.3882707136218,,0,
6.0,2.0,0,499.3710516039282,636.819659,1,137.4486073960718
7.0,2.0,0,445.3048314435873,,0,
8.0,2.0,0,371.8689665310085,,0,
9.0,2.0,0,285.4506699931808,,0,
10.0,2.0,0,191.9945831084624,304.749845,1,112.7552618915376
11.0,2.0,0,97.46683605993167,,0,
12.0,2.0,0,7.869461468188092,,0,
13.0,2.0,0,-70.59379064827226,,0,
14.0,2.0,0,-133.52554094430525,-339.793805,1,-206.26826405569477
15.0,2.0,0,-183.0923361927271,,0,
16.0,2.0,0,-221.93157641333528,,0,
17.0,2.0,0,-251.52046435931697,,0,
18.0,2.0,0,-274.31571523309685,-268.912459,1,5.40325623309684
19.0,2.0,0,-294.70795974414796,,0,
20.0,2.0,0,-316.31227121548727,,0,
21.0,2.0,0,-340.2159706373932,,0,
22.0,2.0,0,-366.3793511695694,-308.543502,1,57.83584916956943
23.0,2.0,0,-393.5532327108085,,0,
24.0,2.0,0,-420.0117199169472,,0,
25.0,2.0,0,-443.49707762128673,,0,
26.0,2.0,0,-462.02154489280656,-479.976245,1,-17.954700107193446
27.0,2.0,0,-473.9126805886626,,0,
28.0,2.0,0,-477.5024637065362,,0,
29.0,2.0,0,-471.45937760337256,,0,
30.0,2.0,0,-455.2815772986505,-489.537949,1,-34.25637170134951
31.0,2.0,0,-431.49482426512986,,0,
32.0,2.0,0,-403.88530761469156,,0,
33.0,2.0,0,-376.2695630630478,,0,
34.0,2.0,0,-352.45200186618604,-222.66779,1,129.78421186618604
35.0,2.0,0,-337.8071902701631,,0,
36.0,2.0,0,-336.84380241739564,,0,
37.0,2.0,0,-348.1946815546835,,0,
38.0,2.0,0,-369.1195831927471,-385.471731,1,-16.35214780725289
39.0,2.0,0,-397.40034965239465,,0,
40.0,2.0,0,-432.15206272224896,,0,
41.0,2.0,0,-472.6803508193698,,0,
42.0,2.0,0,-517.7780868075788,-571.677697,1,-53.899610192421164
43.0,2.0,0,-565.615984776523,,0,
44.0,2.0,0,-616.6682538180612,,0,
45.0,2.0,0,-668.2611402460607,,0,
46.0,2.0,0,-715.9738235407276,-866.284542,1,-150.31071845927238
47.0,2.0,0,-753.0256150657078,,0,
48.0,2.0,0,-780.7093559630448,,0,
49.0,2.0,0,-800.8049875744618,,0,
50.0,2.0,0,-814.0419384199195,-796.312948,1,17.728990419919455
51.0,2.0,0,-818.9525048844516,,0,
52.0,2.0,0,-813.7484805132262,,0,
53.0,2.0,0,-798.725151573075,,0,
54.0,2.0,0,-776.9327612298075,-642.391992,1,134.54076922980755
55.0,2.0,0,-753.6501692121383,,0,
56.0,2.0,0,-726.597770621418,,0,
57.0,2.0,0,-695.0197813486448,,0,
58.0,2.0,0,-657.7771911891177,-758.138494,1,-100.36130281088231
59.0,2.0,0,-611.8047067816369,,0,
60.0,2.0,0,-559.2013935369905,,0,
61.0,2.0,0,-501.52035368117504,,0,
62.0,2.0,0,-439.40662722522393,-474.525323,1,-35.118695774776086
63.0,2.0,0,-372.17574158892967,,0,
64.0,2.0,0,-299.39261432772037,,0,
65.0,2.0,0,-224.71651293628383,,0,
66.0,2.0,0,-151.38203119824175,-64.453348,1,86.92868319824174
67.0,2.0,0,-77.3935443519149,,0,
68.0,2.0,0,0.17696893704123795,,0,
69.0,2.0,0,82.94155595859047,,0,
70.0,2.0,0,170.18273607094306,109.882826,1,-60.29991007094307
71.0,2.0,0,257.7599023312796,,0,
72.0,2.0,0,338.4709016607376,,0,
73.0,2.0,0,401.8164635535213,,0,
74.0,2.0,0,437.69804658263456,890.925152,1,453.22710541736546
75.0,2.0,0,443.7536756831687,,0,
76.0,2.0,0,418.7790090049384,,0,
77.0,2.0,0,362.6043581684353,,0,
78.0,2.0,0,280.6542840442853,314.957705,1,34.30342095571467
79.0,2.0,0,183.7123130604159,,0,
80.0,2.0,0,82.2061432650662,,0,
81.0,2.0,0,-15.683143620030023,,0,
82.0,2.0,0,-104.5953550542472,-110.070171,1,-5.474815945752809
83.0,2.0,0,-182.78908315883018,,0,
84.0,2.0,0,-249.06603424972855,,0,
85.0,2.0,0,-301.5276246088906,,0,
86.0,2.0,0,-339.59616618358996,-386.825535,1,-47.229368816410044
87.0,2.0,0,-366.1759086769307,,0,
88.0,2.0,0,-384.01201889675576,,0,
89.0,2.0,0,-395.1032621720369,,0,
90.0,2.0,0,-400.70659723249264,-332.069806,1,68.63679123249261
91.0,2.0,0,-402.9665801995434,,0,
92.0,2.0,0,-403.4575888288673,,0,
93.0,2.0,0,-401.96338469185866,,0,
94.0,2.0,0,-397.5073145481292,-465.607626,1,-68.10031145187077
95.0,2.0,0,-388.4464259038796,,0,
96.0,2.0,0,-377.39238983616815,,0,
97.0,2.0,0,-367.8983384887979,,0,
98.0,2.0,0,-363.0865234027733,-201.021651,1,162.06487240277332
99.0,2.0,0,-362.7644879871805,,0,
100.0,2.0,0,-365.60481053170224,,0,
101.0,2.0,0,-370.52026727818884,,0,
102.0,2.0,0,-376.59144446006394,-475.231743,1,-98.64029853993605
103.0,2.0,0,-382.4758808283368,,0,
104.0,2.0,0,-392.7627460650401,,0,
105.0,2.0,0,-410.5390063273662,,0,
106.0,2.0,0,-435.2424345419422,-398.174171,1,37.0682635419422
107.0,2.0,0,-460.50406807265244,,0,
108.0,2.0,0,-479.3948400109075,,0,
109.0,2.0,0,-487.62540351832286,,0,
110.0,2.0,0,-484.01703056669794,-616.895036,1,-132.87800543330206
111.0,2.0,0,-468.3226423152955,,0,
112.0,2.0,0,-448.2585740064387,,0,
113.0,2.0,0,-428.36873260268476,,0,
114.0,2.0,0,-409.5062719817215,-308.645127,1,100.86114498172151
115.0,2.0,0,-392.46855122351553,,0,
116.0,2.0,0,-373.94548308465164,,0,
117.0,2.0,0,-353.14262998395134,,0,
118.0,2.0,0,-330.5090872577857,-326.686436,1,3.822651257785708
119.0,2.0,0,-308.31139876588713,,0,
120.0,2.0,0,-289.0154789631488,,0,
121.0,2.0,0,-273.24168161232956,,0,
122.0,2.0,0,-258.33337662235135,-319.216001,1,-60.88262437764865
123.0,2.0,0,-238.92975915514398,,0,
124.0,2.0,0,-214.1208069770364,,0,
125.0,2.0,0,-187.2491404041648,,0,
126.0,2.0,0,-160.32196756266057,-184.351821,1,-24.029853437339426
127.0,2.0,0,-132.35634911671514,,0,
128.0,2.0,0,-103.84608359832782,,0,
129.0,2.0,0,-80.08212134882342,,0,
130.0,2.0,0,-65.17727621010272,-106.959931,1,-41.78265478989728
131.0,2.0,0,-57.09032821143046,,0,
132.0,2.0,0,-52.43798732443247,,0,
133.0,2.0,0,-52.56404120475054,,0,
134.0,2.0,0,-59.235872079385445,-111.579532,1,-52.343659920614556
135.0,2.0,0,-72.68628906382946,,0,
136.0,2.0,0,-93.24414814845659,,0,
137.0,2.0,0,-120.77177963242866,,0,
138.0,2.0,0,-153.40042791131418,-112.741917,1,40.65851091131418
139.0,2.0,0,-188.1461642535869,,0,
140.0,2.0,0,-218.83163521485403,,0,
141.0,2.0,0,-239.62660759594291,,0,
142.0,2.0,0,-247.1033051967388,-222.124311,1,24.978994196738796
143.0,2.0,0,-242.26470960769802,,0,
144.0,2.0,0,-228.3357425078284,,0,
145.0,2.0,0,-208.73470361763611,,0,
146.0,2.0,0,-186.14122749771923,-148.884339,1,37.25688849771922
147.0,2.0,0,-164.83633938408457,,0,
148.0,2.0,0,-149.56488042057026,,0,
149.0,2.0,0,-144.87369753373787,,0,
150.0,2.0,0,-155.85879157716408,-38.13988,1,117.71891157716408
151.0,2.0,0,-188.29658577323426,,0,
152.0,2.0,0,-239.29150266305078,,0,
153.0,2.0,0,-303.7507199535612,,0,
154.0,2.0,0,-374.63920349418186,-497.932693,1,-123.29348950581812
155.0,2.0,0,-443.1075195686426,,0,
156.0,2.0,0,-506.832096647704,,0,
157.0,2.0,0,-560.7583841059823,,0,
158.0,2.0,0,-599.2962541447487,-698.9366,1,-99.64034585525133
159.0,2.0,0,-622.5632722171722,,0,
160.0,2.0,0,-632.1934951071162,,0,
161.0,2.0,0,-628.9843964464962,,0,
162.0,2.0,0,-613.2416754768929,-649.31286,1,-36.07118452310715
163.0,2.0,0,-587.1085706483573,,0,
164.0,2.0,0,-553.479648811277,,0,
165.0,2.0,0,-515.1478624385782,,0,
166.0,2.0,0,-474.7792564595584,-450.623618,1,24.15563845955836
167.0,2.0,0,-435.57248512178194,,0,
168.0,2.0,0,-399.7739735399373,,0,
169.0,2.0,0,-369.5768128482159,,0,
170.0,2.0,0,-348.41213787789457,-308.368042,1,40.04409587789456
171.0,2.0,0,-341.85760616650805,,0,
172.0,2.0,0,-351.96354602184147,,0,
173.0,2.0,0,-373.04344688914716,,0,
174.0,2.0,0,-397.84154817229137,-444.925951,1,-47.08440282770863
175.0,2.0,0,-421.7896050468553,,0,
176.0,2.0,0,-441.4262368064374,,0,
177.0,2.0,0,-456.59555283235386,,0,
178.0,2.0,0,-467.49689751537517,-644.477731,1,-176.98083348462478
179.0,2.0,0,-471.0164541793056,,0,
180.0,2.0,0,-471.4495837884024,,0,
181.0,2.0,0,-469.36486507067457,,0,
182.0,2.0,0,-463.17098369589075,-672.883836,1,-209.71285230410922
183.0,2.0,0,-448.7958148282487,,0,
184.0,2.0,0,-433.4686534302309,,0,
185.0,2.0,0,-421.1340989873279,,0,
186.0,2.0,0,-413.4349810734857,-294.835599,1,118.59938207348569
187.0,2.0,0,-412.21759006753564,,0,
188.0,2.0,0,-412.79745224071667,,0,
189.0,2.0,0,-412.05125246336684,,0,
190.0,2.0,0,-406.26587020559236,-613.131666,1,-206.86579579440763
191.0,2.0,0,-389.6006059269421,,0,
192.0,2.0,0,-367.548083844129,,0,
193.0,2.0,0,-342.0453737778589,,0,
194.0,2.0,0,-312.9553912712727,-365.065836,1,-52.110444728727316
195.0,2.0,0,-279.1920719202608,,0,
196.0,2.0,0,-242.4630473444704,,0,
197.0,2.0,0,-204.54041972290725,,0,
198.0,2.0,0,-167.78655706206337,-260.520963,1,-92.73440593793663
199.0,2.0,0,-133.4958799094893,,0,
0.0,3.0,0,503.74707950954325,,0,
1.0,3.0,0,512.8522022899706,549.012753,1,36.16055071002938
2.0,3.0,0,521.4697373411618,,0,
3.0,3.0,0,526.9060873594135,,0,
4.0,3.0,0,524.5522088855505,,0,
5.0,3.0,0,509.21548375533894,637.964308,1,128.74882424466102
6.0,3.0,0,476.9865666575497,,0,
7.0,3.0,0,425.22593706520274,,0,
8.0,3.0,0,356.3640670024324,,0,
9.0,3.0,0,275.47811681986786,332.979326,1,57.50120918013215
10.0,3.0,0,186.21296064625494,,0,
11.0,3.0,0,95.1746611208655,,0,
12.0,3.0,0,8.282679191790521,,0,
13.0,3.0,0,-68.46303549455479,-318.828084,1,-250.3650485054452
14.0,3.0,0,-126.97145130299032,,0,
15.0,3.0,0,-173.21908460208215,,0,
16.0,3.0,0,-210.01273884996772,,0,
17.0,3.0,0,-238.44834980997257,-300.926311,1,-62.47796119002743
18.0,3.0,0,-260.34340666164644,,0,
19.0,3.0,0,-280.87688095029444,,0,
20.0,3.0,0,-303.12425669445656,,0,
21.0,3.0,0,-328.2234572968446,-283.500679,1,44.72277829684458
22.0,3.0,0,-356.7818992170505,,0,
23.0,3.0,0,-386.59380947449245,,0,
24.0,3.0,0,-415.4006768465042,,0,
25.0,3.0,0,-440.7757441769354,-448.919,1,-8.143255823064578
26.0,3.0,0,-460.97537208301947,,0,
27.0,3.0,0,-474.60731789981946,,0,
28.0,3.0,0,-479.98919493402354,,0,
29.0,3.0,0,-475.3525162418373,-570.988468,1,-95.63595175816272
30.0,3.0,0,-458.3610262250295,,0,
31.0,3.0,0,-432.4896612772718,,0,
32.0,3.0,0,-401.14050354389474,,0,
33.0,3.0,0,-368.3935696105473,-405.54487,1,-37.15130038945273
34.0,3.0,0,-338.48532318649814,,0,
35.0,3.0,0,-317.5045292689465,,0,
36.0,3.0,0,-309.21553188888356,,0,
37.0,3.0,0,-313.627910785377,-165.224073,1,148.40383778537702
38.0,3.0,0,-328.690306709148,,0,
39.0,3.0,0,-352.2816215037601,,0,
40.0,3.0,0,-383.1972469808534,,0,
41.0,3.0,0,-420.63716513849795,-562.743569,1,-142.10640386150203
42.0,3.0,0,-463.1427896511741,,0,
43.0,3.0,0,-509.245260165073,,0,
44.0,3.0,0,-557.8491616710089,,0,
45.0,3.0,0,-606.5061892189551,-662.601625,1,-56.0954357810449
46.0,3.0,0,-652.0737923765555,,0,
47.0,3.0,0,-691.0174714424647,,0,
48.0,3.0,0,-722.706577975885,,0,
49.0,3.0,0,-747.4329932865221,-707.43854,1,39.994453286522116
50.0,3.0,0,-765.9271775403759,,0,
51.0,3.0,0,-775.8627406680025,,0,
52.0,3.0,0,-774.7486987344455,,0,
53.0,3.0,0,-761.7589434667025,-630.204898,1,131.55404546670252
54.0,3.0,0,-740.6631374672288,,0,
55.0,3.0,0,-715.7521569932578,,0,
56.0,3.0,0,-687.5197871851269,,0,
57.0,3.0,0,-655.512864401564,-756.821022,1,-101.30815759843597
58.0,3.0,0,-618.6644371058792,,0,
59.0,3.0,0,-575.4790431431029,,0,
60.0,3.0,0,-526.4311213674955,,0,
61.0,3.0,0,-472.3474747883156,-468.440649,1,3.9068257883155866
62.0,3.0,0,-413.91589238645975,,0,
63.0,3.0,0,-351.2256587498123,,0,
64.0,3.0,0,-284.72810134117026,,0,
65.0,3.0,0,-216.75189500744455,-48.957117,1,167.79477800744456
66.0,3.0,0,-151.95977479952853,,0,
67.0,3.0,0,-85.70497676427476,,0,
68.0,3.0,0,-15.215675702900626,,0,
69.0,3.0,0,61.29210455628345,22.475374,1,-38.816730556283446
70.0,3.0,0,144.68098030006513,,0,
71.0,3.0,0,231.35570531210396,,0,
72.0,3.0,0,314.51505522447405,,0,
73.0,3.0,0,382.3045792464982,695.273652,1,312.9690727535018
74.0,3.0,0,418.21636378229596,,0,
75.0,3.0,0,423.89114500640426,,0,
76.0,3.0,0,398.35001822793856,,0,
77.0,3.0,0,341.02826860017376,452.382242,1,111.35397339982626
78.0,3.0,0,256.5841629783972,,0,
79.0,3.0,0,157.9120196614531,,0,
80.0,3.0,0,55.41456961116637,,0,
81.0,3.0,0,-43.00534740378498,-130.811804,1,-87.80645659621501
82.0,3.0,0,-130.6093427495216,,0,
83.0,3.0,0,-206.75730878242757,,0,
84.0,3.0,0,-269.9654600240756,,0,
85.0,3.0,0,-317.98172116139904,-453.617325,1,-135.63560383860096
86.0,3.0,0,-349.4930340842111,,0,
87.0,3.0,0,-370.78433777060127,,0,
88.0,3.0,0,-385.5170667691855,,0,
89.0,3.0,0,-395.22947865346214,-465.485028,1,-70.25554934653786
90.0,3.0,0,-399.53978798969183,,0,
91.0,3.0,0,-400.9559494126006,,0,
92.0,3.0,0,-400.2611200439278,,0,
93.0,3.0,0,-397.1413735987153,-449.170623,1,-52.02924940128469
94.0,3.0,0,-390.8855636758526,,0,
95.0,3.0,0,-381.27474859240465,,0,
96.0,3.0,0,-370.1491217954608,,0,
97.0,3.0,0,-360.8000022491615,-256.0619,1,104.7381022491615
98.0,3.0,0,-358.4501161008957,,0,
99.0,3.0,0,-361.3973250075942,,0,
100.0,3.0,0,-366.9286331322364,,0,
101.0,3.0,0,-372.26529557374306,-505.862818,1,-133.59752242625694
102.0,3.0,0,-377.64934150577756,,0,
103.0,3.0,0,-384.44159692921676,,0,
104.0,3.0,0,-397.0762755230244,,0,
105.0,3.0,0,-420.2597916564555,-255.141402,1,165.1183896564555
106.0,3.0,0,-454.1311751353496,,0,
107.0,3.0,0,-488.3020876767696,,0,
108.0,3.0,0,-514.8863628499385,,0,
109.0,3.0,0,-528.7394152948982,-609.627525,1,-80.88810970510178
110.0,3.0,0,-529.5142751429521,,0,
111.0,3.0,0,-519.3650668734917,,0,
112.0,3.0,0,-504.08315466711065,,0,
113.0,3.0,0,-488.4534391456982,-329.23385,1,159.2195891456982
114.0,3.0,0,-472.4275588224118,,0,
115.0,3.0,0,-454.4230100417626,,0,
116.0,3.0,0,-432.3258560594113,,0,
117.0,3.0,0,-406.02577777707484,-464.676743,1,-58.65096522292515
118.0,3.0,0,-376.2324749172549,,0,
119.0,3.0,0,-346.80562497727806,,0,
120.0,3.0,0,-319.9520106212585,,0,
121.0,3.0,0,-295.4665853657061,-151.327318,1,144.13926736570613
122.0,3.0,0,-270.74932447326137,,0,
123.0,3.0,0,-242.59470895596314,,0,
124.0,3.0,0,-211.15227949875407,,0,
125.0,3.0,0,-179.02397471945733,48.962097,1,227.98607171945733
126.0,3.0,0,-146.42418798268773,,0,
127.0,3.0,0,-113.78249758348102,,0,
128.0,3.0,0,-83.46823181246873,,0,
129.0,3.0,0,-59.169865113217384,60.115387,1,119.28525211321738
130.0,3.0,0,-45.88227774418192,,0,
131.0,3.0,0,-41.26924282265827,,0,
132.0,3.0,0,-43.45866221317556,,0,
133.0,3.0,0,-51.54139350971673,-8.445853,1,43.09554050971673
134.0,3.0,0,-66.04695129301399,,0,
135.0,3.0,0,-85.97774723521434,,0,
136.0,3.0,0,-110.92544663976878,,0,
137.0,3.0,0,-140.46392402844504,-200.452593,1,-59.98866897155497
138.0,3.0,0,-174.83048432937358,,0,
139.0,3.0,0,-212.2780115394853,,0,
140.0,3.0,0,-246.72188157372875,,0,
141.0,3.0,0,-270.10787159309257,-367.652247,1,-97.54437540690742
142.0,3.0,0,-277.795494201011,,0,
143.0,3.0,0,-271.3896752423607,,0,
144.0,3.0,0,-252.66345244611148,,0,
145.0,3.0,0,-225.0589710746426,-309.537094,1,-84.47812292535741
146.0,3.0,0,-191.6517482693307,,0,
147.0,3.0,0,-159.79806565237232,,0,
148.0,3.0,0,-135.5269120897865,,0,
149.0,3.0,0,-123.97301516518928,166.472395,1,290.4454101651893
150.0,3.0,0,-130.58054011920467,,0,
151.0,3.0,0,-160.11407942138612,,0,
152.0,3.0,0,-211.85170622880105,,0,
153.0,3.0,0,-279.97632932127453,-335.376919,1,-55.40058967872545
154.0,3.0,0,-356.30808816838544,,0,
155.0,3.0,0,-433.08012802060694,,0,
156.0,3.0,0,-505.70994579349644,,0,
157.0,3.0,0,-568.7385868288111,-799.88764,1,-231.14905317118894
158.0,3.0,0,-612.9284135233611,,0,
159.0,3.0,0,-641.0199710221495,,0,
160.0,3.0,0,-653.6321650671307,,0,
161.0,3.0,0,-651.3276816850994,-730.906792,1,-79.57911031490062
162.0,3.0,0,-633.966471901862,,0,
163.0,3.0,0,-605.3850776152685,,0,
164.0,3.0,0,-568.5297074604314,,0,
165.0,3.0,0,-526.1824906961992,-697.441316,1,-171.2588253038008
166.0,3.0,0,-481.2372601516545,,0,
167.0,3.0,0,-436.4755381423747,,0,
168.0,3.0,0,-394.2826103360858,,0,
169.0,3.0,0,-357.6041533171665,-152.474744,1,205.1294093171665
170.0,3.0,0,-330.3530154528562,,0,
171.0,3.0,0,-316.43483927100897,,0,
172.0,3.0,0,-316.90966751403175,,0,
173.0,3.0,0,-328.2701566335745,-424.878274,1,-96.60811736642546
174.0,3.0,0,-342.7001527072862,,0,
175.0,3.0,0,-357.5304404529743,,0,
176.0,3.0,0,-369.4870287193917,,0,
177.0,3.0,0,-376.57190754800104,-612.211674,1,-235.63976645199898
178.0,3.0,0,-380.46678359014913,,0,
179.0,3.0,0,-382.4701087032445,,0,
180.0,3.0,0,-384.8519434661139,,0,
181.0,3.0,0,-387.59806462796405,-636.257718,1,-248.6596533720359
182.0,3.0,0,-388.0305340378545,,0,
183.0,3.0,0,-383.79231169843115,,0,
184.0,3.0,0,-377.62428317335434,,0,
185.0,3.0,0,-372.6772245373577,-354.885105,1,17.792119537357678
186.0,3.0,0,-370.71534857852384,,0,
187.0,3.0,0,-372.0536699090153,,0,
188.0,3.0,0,-374.0979941452388,,0,
189.0,3.0,0,-373.97352386126295,-524.349584,1,-150.3760601387371
190.0,3.0,0,-367.83208216400817,,0,
191.0,3.0,0,-353.07614690158516,,0,
192.0,3.0,0,-332.12871000845917,,0,
193.0,3.0,0,-306.78846533829346,-285.080159,1,21.708306338293482
194.0,3.0,0,-277.1286326679401,,0,
195.0,3.0,0,-242.9687413503416,,0,
196.0,3.0,0,-204.49435726576485,,0,
197.0,3.0,0,-162.4484644467011,-403.096189,1,-240.64772455329887
198.0,3.0,0,-121.4313115272671,,0,
199.0,3.0,0,-86.36873621679842,,0,
0.0,4.0,0,470.9740120754577,414.74216,1,-56.23185207545771
1.0,4.0,0,479.0625804257579,,0,
2.0,4.0,0,488.19313022634014,,0,
3.0,4.0,0,495.0926048713736,,0,
4.0,4.0,0,494.6411396637559,566.006328,1,71.36518833624416
5.0,4.0,0,480.20032449578866,,0,
6.0,4.0,0,449.5518506949302,,0,
7.0,4.0,0,401.6346748820506,,0,
8.0,4.0,0,338.3791387008969,275.633354,1,-62.74578470089688
9.0,4.0,0,264.49901630776003,,0,
10.0,4.0,0,182.62519008852541,,0,
11.0,4.0,0,98.54990755207837,,0,
12.0,4.0,0,18.91938348696567,-249.533889,1,-268.45327248696566
13.0,4.0,0,-51.07028684974648,,0,
14.0,4.0,0,-107.33252120483667,,0,
15.0,4.0,0,-151.89448194368742,,0,
16.0,4.0,0,-187.67832401022315,-260.143065,1,-72.46474098977683
17.0,4.0,0,-215.21277921227738,,0,
18.0,4.0,0,-238.25679597165436,,0,
19.0,4.0,0,-260.77390807052143,,0,
20.0,4.0,0,-285.6325725358911,-166.041975,1,119.59059753589108
21.0,4.0,0,-313.4576692758128,,0,
22.0,4.0,0,-344.0211599895265,,0,
23.0,4.0,0,-375.8474865879398,,0,
24.0,4.0,0,-406.6429266014602,-451.497888,1,-44.854961398539785
25.0,4.0,0,-433.3368836254813,,0,
26.0,4.0,0,-455.0602096724324,,0,
27.0,4.0,0,-470.1488394108601,,0,
28.0,4.0,0,-476.3914561421843,-560.592405,1,-84.20094885781566
29.0,4.0,0,-471.88440836407244,,0,
30.0,4.0,0,-455.48433866887353,,0,
31.0,4.0,0,-428.49195085372776,,0,
32.0,4.0,0,-393.3356873099692,-456.554188,1,-63.218500690030794
33.0,4.0,0,-355.0280233430676,,0,
34.0,4.0,0,-319.2381105008535,,0,
35.0,4.0,0,-291.9369061202742,,0,
36.0,4.0,0,-277.3135338809807,-90.977162,1,186.33637188098066
37.0,4.0,0,-275.68009824550245,,0,
38.0,4.0,0,-285.2797567413654,,0,
39.0,4.0,0,-303.99547567404807,,0,
40.0,4.0,0,-330.2438172416296,-303.360548,1,26.88326924162959
41.0,4.0,0,-363.33505090512335,,0,
42.0,4.0,0,-401.54245668277144,,0,
43.0,4.0,0,-443.7071798623074,,0,
44.0,4.0,0,-488.43436686485074,-553.552542,1,-65.11817513514927
45.0,4.0,0,-532.7360923524247,,0,
46.0,4.0,0,-576.0345703439089,,0,
47.0,4.0,0,-616.6836794506526,,0,
48.0,4.0,0,-653.1885680094128,-698.32284,1,-45.134271990587195
49.0,4.0,0,-683.7347919093445,,0,
50.0,4.0,0,-708.0516666590702,,0,
51.0,4.0,0,-723.7414288679138,,0,
52.0,4.0,0,-727.811349116615,-845.953879,1,-118.14252988338501
53.0,4.0,0,-717.1506413314492,,0,
54.0,4.0,0,-696.6383936858037,,0,
55.0,4.0,0,-670.2745455652475,,0,
56.0,4.0,0,-640.2168026869185,-601.726968,1,38.48983468691847
57.0,4.0,0,-607.4541159935761,,0,
58.0,4.0,0,-571.7523350385018,,0,
59.0,4.0,0,-532.2009168760851,,0,
60.0,4.0,0,-488.26190204406157,-508.897726,1,-20.635823955938406
61.0,4.0,0,-439.6160497163655,,0,
62.0,4.0,0,-387.1529065070208,,0,
63.0,4.0,0,-331.77280553244054,,0,
64.0,4.0,0,-274.707345492905,-230.046768,1,44.66057749290502
65.0,4.0,0,-217.16723757330328,,0,
66.0,4.0,0,-160.13925001048483,,0,
67.0,4.0,0,-101.34548954979982,,0,
68.0,4.0,0,-38.49588015477639,1.264026,1,39.75990615477639
69.0,4.0,0,30.90018650528509,,0,
70.0,4.0,0,108.17989424447296,,0,
71.0,4.0,0,191.57579536736012,,0,
72.0,4.0,0,274.5832414117176,249.287608,1,-25.295633411717603
73.0,4.0,0,343.09369614126626,,0,
74.0,4.0,0,383.29446769994684,,0,
75.0,4.0,0,391.4411927572801,,0,
76.0,4.0,0,366.917358476785,534.661096,1,167.74373752321503
77.0,4.0,0,307.8637081414927,,0,
78.0,4.0,0,223.68684049637523,,0,
79.0,4.0,0,126.19481369458663,,0,
80.0,4.0,0,26.340200164995622,-93.747729,1,-120.08792916499563
81.0,4.0,0,-68.40722560463473,,0,
82.0,4.0,0,-152.6603411998949,,0,
83.0,4.0,0,-224.2117513489211,,0,
84.0,4.0,0,-281.6388585505192,-386.881418,1,-105.24255944948078
85.0,4.0,0,-321.83236850221874,,0,
86.0,4.0,0,-347.8016004226811,,0,
87.0,4.0,0,-364.59942796325777,,0,
88.0,4.0,0,-376.4177302237367,-446.236615,1,-69.81888477626325
89.0,4.0,0,-384.7028451478691,,0,
90.0,4.0,0,-389.59079008566914,,0,
91.0,4.0,0,-391.71535146504175,,0,
92.0,4.0,0,-390.8394472950022,-471.466115,1,-80.62666770499783
93.0,4.0,0,-386.5188806678634,,0,
94.0,4.0,0,-378.819176543504,,0,
95.0,4.0,0,-368.7222219063988,,0,
96.0,4.0,0,-358.26036481477786,-411.714047,1,-53.453682185222135
97.0,4.0,0,-349.9077177591971,,0,
98.0,4.0,0,-348.3664665098113,,0,
99.0,4.0,0,-353.67048768443055,,0,
100.0,4.0,0,-362.504800125811,-516.903612,1,-154.39881187418894
101.0,4.0,0,-369.1096109961509,,0,
102.0,4.0,0,-376.38016455210163,,0,
103.0,4.0,0,-386.6243875636137,,0,
104.0,4.0,0,-403.98872058246343,-181.268461,1,222.72025958246343
105.0,4.0,0,-435.93575273624447,,0,
106.0,4.0,0,-476.3997352150618,,0,
107.0,4.0,0,-517.1520566644613,,0,
108.0,4.0,0,-550.1394323274726,-685.88541,1,-135.74597767252737
109.0,4.0,0,-567.8937289275927,,0,
110.0,4.0,0,-572.5978476969176,,0,
111.0,4.0,0,-567.2823583543068,,0,
112.0,4.0,0,-556.6928245173476,-436.763768,1,119.92905651734759
113.0,4.0,0,-546.4583581337938,,0,
114.0,4.0,0,-533.5654722511536,,0,
115.0,4.0,0,-514.4802426750539,,0,
116.0,4.0,0,-487.05066453287145,-635.125215,1,-148.07455046712857
117.0,4.0,0,-453.5354925231659,,0,
118.0,4.0,0,-416.8310378700844,,0,
119.0,4.0,0,-380.43878631922416,,0,
120.0,4.0,0,-346.7976721236482,-189.371493,1,157.42617912364824
121.0,4.0,0,-315.2558562414488,,0,
122.0,4.0,0,-283.40716996230185,,0,
123.0,4.0,0,-248.92405132413842,,0,
124.0,4.0,0,-211.84181566507323,-64.045324,1,147.79649166507323
125.0,4.0,0,-175.8984387863893,,0,
126.0,4.0,0,-138.59094937052578,,0,
127.0,4.0,0,-102.07285826315638,,0,
128.0,4.0,0,-71.1847895027604,110.573413,1,181.7582025027604
129.0,4.0,0,-47.646495028049685,,0,
130.0,4.0,0,-34.02943671436515,,0,
131.0,4.0,0,-31.672189214383252,,0,
132.0,4.0,0,-39.706179859582335,114.887707,1,154.59388685958234
133.0,4.0,0,-54.17251431220211,,0,
134.0,4.0,0,-72.80472177150659,,0,
135.0,4.0,0,-94.84337660262827,,0,
136.0,4.0,0,-120.04535192484036,-203.484901,1,-83.43954907515965
137.0,4.0,0,-147.43342390144244,,0,
138.0,4.0,0,-179.69317468965892,,0,
139.0,4.0,0,-216.48428852530196,,0,
140.0,4.0,0,-252.9001366934972,-490.761051,1,-237.86091430650282
141.0,4.0,0,-277.47392321459483,,0,
142.0,4.0,0,-288.76754738914315,,0,
143.0,4.0,0,-283.6106041385792,,0,
144.0,4.0,0,-261.21125033765566,-362.403101,1,-101.19185066234434
145.0,4.0,0,-226.82188101042993,,0,
146.0,4.0,0,-186.28890263056383,,0,
147.0,4.0,0,-146.8787507149391,,0,
148.0,4.0,0,-115.9539136136882,-145.059879,1,-29.105965386311794
149.0,4.0,0,-98.78505704569397,,0,
150.0,4.0,0,-100.31575046910439,,0,
151.0,4.0,0,-125.79974905354902,,0,
152.0,4.0,0,-177.28503304929473,-32.550694,1,144.73433904929473
153.0,4.0,0,-247.3694959662389,,0,
154.0,4.0,0,-327.0206173872575,,0,
155.0,4.0,0,-408.8158401926048,,0,
156.0,4.0,0,-486.6874529647175,-596.03716,1,-109.34970703528245
157.0,4.0,0,-555.0032602376305,,0,
158.0,4.0,0,-608.0422650286928,,0,
159.0,4.0,0,-643.6781741201412,,0,
160.0,4.0,0,-660.2137159733102,-876.725123,1,-216.51140702668988
161.0,4.0,0,-659.5982892476022,,0,
162.0,4.0,0,-643.8668601948302,,0,
163.0,4.0,0,-615.6927810218185,,0,
164.0,4.0,0,-577.8514777768869,-706.281823,1,-128.43034522311314
165.0,4.0,0,-533.4097082265653,,0,
166.0,4.0,0,-485.48093141731806,,0,
167.0,4.0,0,-436.57300240243785,,0,
168.0,4.0,0,-388.7643050092738,-160.95765,1,227.8066550092738
169.0,4.0,0,-345.6312362216413,,0,
170.0,4.0,0,-311.23630516417325,,0,
171.0,4.0,0,-288.5039312513545,,0,
172.0,4.0,0,-277.8315415098332,-214.435663,1,63.39587850983318
173.0,4.0,0,-277.322551931371,,0,
174.0,4.0,0,-280.7919505087193,,0,
175.0,4.0,0,-285.2218248671852,,0,
176.0,4.0,0,-287.97872955421917,-463.89431,1,-175.91558044578085
177.0,4.0,0,-284.86363293556497,,0,
178.0,4.0,0,-281.8260326543823,,0,
179.0,4.0,0,-282.6357453833334,,0,
180.0,4.0,0,-288.4805174653884,-419.837416,1,-131.35689853461162
181.0,4.0,0,-297.2702561917249,,0,
182.0,4.0,0,-306.1774069953244,,0,
183.0,4.0,0,-313.23638884490356,,0,
184.0,4.0,0,-318.4893688033335,-405.810432,1,-87.3210631966665
185.0,4.0,0,-323.5002231784165,,0,
186.0,4.0,0,-329.0911478542257,,0,
187.0,4.0,0,-334.45808196114376,,0,
188.0,4.0,0,-337.64453110378236,-282.285261,1,55.359270103782364
189.0,4.0,0,-337.29395459149964,,0,
190.0,4.0,0,-330.1681774603203,,0,
191.0,4.0,0,-315.8867137879133,,0,
192.0,4.0,0,-296.0337911203969,-279.528068,1,16.505723120396908
193.0,4.0,0,-270.5741306459531,,0,
194.0,4.0,0,-239.67746625747532,,0,
195.0,4.0,0,-204.19704217184335,,0,
196.0,4.0,0,-164.16378451604396,-349.476358,1,-185.31257348395604
197.0,4.0,0,-117.65965558239259,,0,
198.0,4.0,0,-73.12744506425224,,0,
199.0,4.0,0,-37.82952737249434,,0,
0.0,5.0,0,432.8001532172784,,0,
1.0,5.0,0,439.0178413609974,,0,
2.0,5.0,0,448.34441724186763,,0,
3.0,5.0,0,456.8815782353049,511.678097,1,54.796518764695065
4.0,5.0,0,458.6348192533478,,0,
5.0,5.0,0,447.64718228112906,,0,
6.0,5.0,0,421.0664960583672,,0,
7.0,5.0,0,378.8430753282737,340.85417,1,-37.98890532827369
8.0,5.0,0,323.1172950672917,,0,
9.0,5.0,0,257.19679021881893,,0,
10.0,5.0,0,184.16428314289078,,0,
11.0,5.0,0,108.91353433416225,3.77773,1,-105.13580433416224
12.0,5.0,0,38.80209827143699,,0,
13.0,5.0,0,-24.092957236338407,,0,
14.0,5.0,0,-77.11874124757014,,0,
15.0,5.0,0,-119.73450146685354,-218.722695,1,-98.98819353314644
16.0,5.0,0,-154.49328643176705,,0,
17.0,5.0,0,-183.62071336247027,,0,
18.0,5.0,0,-209.8362593506463,,0,
19.0,5.0,0,-235.99186956579797,-179.443084,1,56.54878556579797
20.0,5.0,0,-264.9278810840333,,0,
21.0,5.0,0,-295.8613000814803,,0,
22.0,5.0,0,-328.26900499803014,,0,
23.0,5.0,0,-361.25879188720137,-401.438649,1,-40.17985711279863
24.0,5.0,0,-392.82990065729246,,0,
25.0,5.0,0,-420.74318918958306,,0,
26.0,5.0,0,-443.61890869564377,,0,
27.0,5.0,0,-459.7275555769447,-491.182171,1,-31.45461542305526
28.0,5.0,0,-466.12446987302974,,0,
29.0,5.0,0,-461.37618276372086,,0,
30.0,5.0,0,-444.71003074385226,,0,
31.0,5.0,0,-416.73035157914273,-532.115218,1,-115.38486642085729
32.0,5.0,0,-377.6722180012148,,0,
33.0,5.0,0,-334.2711867475882,,0,
34.0,5.0,0,-292.73599642748013,,0,
35.0,5.0,0,-259.51309481670614,-210.014272,1,49.49882281670614
36.0,5.0,0,-239.95133501512464,,0,
37.0,5.0,0,-233.79931193578523,,0,
38.0,5.0,0,-239.22171804099344,,0,
39.0,5.0,0,-253.85587512224447,-121.394036,1,132.46183912224447
40.0,5.0,0,-275.64190943865106,,0,
41.0,5.0,0,-303.22262745629996,,0,
42.0,5.0,0,-335.4660063460469,,0,
43.0,5.0,0,-371.4938903672155,-392.649269,1,-21.155378632784505
44.0,5.0,0,-410.207689053379,,0,
45.0,5.0,0,-450.2742571218405,,0,
46.0,5.0,0,-491.3576105021639,,0,
47.0,5.0,0,-532.8549343721243,-550.705665,1,-17.85073062787569
48.0,5.0,0,-573.1004406511784,,0,
49.0,5.0,0,-609.8246352458373,,0,
50.0,5.0,0,-640.4983928571455,,0,
51.0,5.0,0,-661.5299346507527,-813.100679,1,-151.57074434924732
52.0,5.0,0,-669.6870211117202,,0,
53.0,5.0,0,-662.819012759719,,0,
54.0,5.0,0,-643.3725833276985,,0,
55.0,5.0,0,-616.1095490533626,-634.683314,1,-18.573764946637425
56.0,5.0,0,-584.8234206154011,,0,
57.0,5.0,0,-552.3542115441523,,0,
58.0,5.0,0,-519.2441544195171,,0,
59.0,5.0,0,-484.4502124910359,-486.907401,1,-2.457188508964066
60.0,5.0,0,-446.72919735172763,,0,
61.0,5.0,0,-405.5007158673834,,0,
62.0,5.0,0,-361.229828397627,,0,
63.0,5.0,0,-315.1049221563153,-256.171319,1,58.933603156315314
64.0,5.0,0,-269.29226704430766,,0,
65.0,5.0,0,-222.90744169894606,,0,
66.0,5.0,0,-174.8934818690177,,0,
67.0,5.0,0,-123.49071688074037,-55.504049,1,67.98666788074036
68.0,5.0,0,-68.29467668943107,,0,
69.0,5.0,0,-6.143113327329047,,0,
70.0,5.0,0,64.74243122601183,,0,
71.0,5.0,0,144.04990549833747,-20.97952,1,-165.02942549833747
72.0,5.0,0,226.70340810192283,,0,
73.0,5.0,0,296.2722407585243,,0,
74.0,5.0,0,339.5935503314249,,0,
75.0,5.0,0,349.2510532728629,585.508702,1,236.25764872713705
76.0,5.0,0,324.3385829824256,,0,
77.0,5.0,0,266.9858376032207,,0,
78.0,5.0,0,185.37202446628362,,0,
79.0,5.0,0,91.16630415077088,5.017362,1,-86.14894215077088
80.0,5.0,0,-3.3483562879264355,,0,
81.0,5.0,0,-92.24622008018196,,0,
82.0,5.0,0,-170.31824954476906,,0,
83.0,5.0,0,-234.03583329095272,-293.100989,1,-59.0651557090473
84.0,5.0,0,-282.426833921636,,0,
85.0,5.0,0,-315.43296331563033,,0,
86.0,5.0,0,-335.97301498320303,,0,
87.0,5.0,0,-348.6753667683515,-320.372865,1,28.302501768351533
88.0,5.0,0,-358.3447134454618,,0,
89.0,5.0,0,-366.35819078225177,,0,
90.0,5.0,0,-372.7772290732828,,0,
91.0,5.0,0,-377.04862771445187,-390.502309,1,-13.453681285548157
92.0,5.0,0,-376.93654521086137,,0,
93.0,5.0,0,-371.8094710820005,,0,
94.0,5.0,0,-362.5328716672375,,0,
95.0,5.0,0,-351.0581745278323,-366.495217,1,-15.437042472167718
96.0,5.0,0,-339.9048570798186,,0,
97.0,5.0,0,-332.05752610534546,,0,
98.0,5.0,0,-330.9780585822882,,0,
99.0,5.0,0,-337.6544116504956,-334.077201,1,3.5772106504956014
100.0,5.0,0,-348.755414439438,,0,
101.0,5.0,0,-360.4204295715899,,0,
102.0,5.0,0,-373.47234587866114,,0,
103.0,5.0,0,-391.1102400238742,-237.873867,1,153.23637302387422
104.0,5.0,0,-417.54180204690783,,0,
105.0,5.0,0,-455.5016828753578,,0,
106.0,5.0,0,-500.53868665027403,,0,
107.0,5.0,0,-545.1664767286275,-634.021944,1,-88.8554672713725
108.0,5.0,0,-581.4044222855009,,0,
109.0,5.0,0,-603.5755507026915,,0,
110.0,5.0,0,-612.2041829941445,,0,
111.0,5.0,0,-611.0818287352449,-498.738232,1,112.34359673524494
112.0,5.0,0,-605.0862223595032,,0,
113.0,5.0,0,-597.5971819094848,,0,
114.0,5.0,0,-586.1132606703322,,0,
115.0,5.0,0,-565.3977826355258,-745.767599,1,-180.36981636447422
116.0,5.0,0,-532.0840967272525,,0,
117.0,5.0,0,-492.4140963940299,,0,
118.0,5.0,0,-449.7852635884774,,0,
119.0,5.0,0,-407.6773841731483,-360.126708,1,47.550676173148304
120.0,5.0,0,-369.44453369878465,,0,
121.0,5.0,0,-333.8764630359947,,0,
122.0,5.0,0,-298.8136376934126,,0,
123.0,5.0,0,-262.3806084386306,-315.1406,1,-52.75999156136942
124.0,5.0,0,-224.32314222073182,,0,
125.0,5.0,0,-185.4717279104516,,0,
126.0,5.0,0,-144.9998535726918,,0,
127.0,5.0,0,-105.22985357092693,154.516023,1,259.74587657092695
128.0,5.0,0,-74.89777252508793,,0,
129.0,5.0,0,-51.00819278112613,,0,
130.0,5.0,0,-36.12385716364952,,0,
131.0,5.0,0,-34.62085797637701,147.828265,1,182.449122976377
132.0,5.0,0,-46.61051468725782,,0,
133.0,5.0,0,-63.06537648680387,,0,
134.0,5.0,0,-80.4511236891849,,0,
135.0,5.0,0,-98.15402530471329,-97.230791,1,0.92323430471329
136.0,5.0,0,-116.51055890950374,,0,
137.0,5.0,0,-136.7574468338862,,0,
138.0,5.0,0,-161.43886187369935,,0,
139.0,5.0,0,-191.28474308783188,-419.584519,1,-228.29977591216812
140.0,5.0,0,-223.69853110658005,,0,
141.0,5.0,0,-252.31641167291673,,0,
142.0,5.0,0,-270.6157390072476,,0,
143.0,5.0,0,-270.1657162490301,-507.32273,1,-237.1570137509699
144.0,5.0,0,-247.35234754381236,,0,
145.0,5.0,0,-211.60817721346393,,0,
146.0,5.0,0,-168.74455712886993,,0,
147.0,5.0,0,-125.65374811994843,-50.263871,1,75.38987711994844
148.0,5.0,0,-91.31593586714007,,0,
149.0,5.0,0,-70.58954193652608,,0,
150.0,5.0,0,-68.22768649784848,,0,
151.0,5.0,0,-89.03791415318847,227.454103,1,316.4920171531885
152.0,5.0,0,-139.84507755143568,,0,
153.0,5.0,0,-209.1183694251813,,0,
154.0,5.0,0,-288.5609921836294,,0,
155.0,5.0,0,-371.4068028447218,-425.556834,1,-54.15003115527816
156.0,5.0,0,-450.67287413659506,,0,
157.0,5.0,0,-522.2603670866229,,0,
158.0,5.0,0,-582.0210406100377,,0,
159.0,5.0,0,-625.9829333003145,-869.466021,1,-243.48308769968548
160.0,5.0,0,-647.336107167881,,0,
161.0,5.0,0,-651.2235914019402,,0,
162.0,5.0,0,-639.7026399018941,,0,
163.0,5.0,0,-614.7169741266407,-639.474539,1,-24.757564873359343
164.0,5.0,0,-578.3078027064912,,0,
165.0,5.0,0,-533.7606644472107,,0,
166.0,5.0,0,-484.4033646034077,,0,
167.0,5.0,0,-433.086729968898,-495.686903,1,-62.600173031101974
168.0,5.0,0,-380.64518143516034,,0,
169.0,5.0,0,-331.4243935132399,,0,
170.0,5.0,0,-289.6562915411778,,0,
171.0,5.0,0,-258.4330011717975,-58.180375,1,200.25262617179752
172.0,5.0,0,-237.46489259717055,,0,
173.0,5.0,0,-224.3617703311611,,0,
174.0,5.0,0,-215.25272275996394,,0,
175.0,5.0,0,-207.37322299275547,-255.240805,1,-47.86758200724452
176.0,5.0,0,-198.45088862464763,,0,
177.0,5.0,0,-187.477194103878,,0,
178.0,5.0,0,-179.44962340407073,,0,
179.0,5.0,0,-180.25984260602854,-90.068265,1,90.19157760602855
180.0,5.0,0,-190.60301281837747,,0,
181.0,5.0,0,-205.91957573080435,,0,
182.0,5.0,0,-223.91817808547057,,0,
183.0,5.0,0,-242.5071121926885,-280.551353,1,-38.044240807311496
184.0,5.0,0,-259.60520208533853,,0,
185.0,5.0,0,-275.7332376204431,,0,
186.0,5.0,0,-290.47718508401886,,0,
187.0,5.0,0,-302.01198584539816,-272.862661,1,29.149324845398155
188.0,5.0,0,-308.2169090532698,,0,
189.0,5.0,0,-307.5534992730245,,0,
190.0,5.0,0,-299.0834693692159,,0,
191.0,5.0,0,-283.954007266555,-167.04769,1,116.90631726655499
192.0,5.0,0,-264.263857671991,,0,
193.0,5.0,0,-237.2026937622577,,0,
194.0,5.0,0,-203.35142251336947,,0,
195.0,5.0,0,-164.50849774153903,-242.1875,1,-77.67900225846097
196.0,5.0,0,-120.6709805848077,,0,
197.0,5.0,0,-73.2746718826238,,0,
198.0,5.0,0,-28.771658117650077,,0,
199.0,5.0,0,5.663576666731387,325.610864,1,319.9472873332686
0.0,6.0,0,391.9509482025169,,0,
1.0,6.0,0,395.31050010118634,,0,
2.0,6.0,0,404.8191749933176,329.164381,1,-75.65479399331758
3.0,6.0,0,415.5580912819132,,0,
4.0,6.0,0,420.776365095051,,0,
5.0,6.0,0,414.4415815768298,,0,
6.0,6.0,0,393.12747593875974,488.921369,1,95.79389306124028
7.0,6.0,0,357.68297358439304,,0,
8.0,6.0,0,310.4906098842621,,0,
9.0,6.0,0,254.17359076766297,,0,
10.0,6.0,0,191.70563520910218,157.579066,1,-34.12656920910217
11.0,6.0,0,127.41985011612996,,0,
12.0,6.0,0,66.00912586948834,,0,
13.0,6.0,0,9.675198151962832,,0,
14.0,6.0,0,-39.80319125787355,-149.653174,1,-109.84998274212646
15.0,6.0,0,-79.99645334295928,,0,
16.0,6.0,0,-114.92966297734529,,0,
17.0,6.0,0,-147.2056015310809,,0,
18.0,6.0,0,-178.5264732830692,-220.181134,1,-41.65466071693078
19.0,6.0,0,-210.2724632556783,,0,
20.0,6.0,0,-243.37376651377417,,0,
21.0,6.0,0,-277.22591729206033,,0,
22.0,6.0,0,-311.0744215976447,-287.031044,1,24.043377597644678
23.0,6.0,0,-344.6036081009079,,0,
24.0,6.0,0,-376.1924335071817,,0,
25.0,6.0,0,-404.3035076824017,,0,
26.0,6.0,0,-427.17606511106715,-409.957431,1,17.21863411106716
27.0,6.0,0,-442.9960414416855,,0,
28.0,6.0,0,-449.0989630750846,,0,
29.0,6.0,0,-443.37242978054564,,0,
30.0,6.0,0,-424.3664939063601,-634.875658,1,-210.50916409363992
31.0,6.0,0,-393.2748707938008,,0,
32.0,6.0,0,-351.9385833409615,,0,
33.0,6.0,0,-304.73178404243663,,0,
34.0,6.0,0,-258.09051248896867,-329.865368,1,-71.77485551103132
35.0,6.0,0,-220.40549778111745,,0,
36.0,6.0,0,-197.0913096673321,,0,
37.0,6.0,0,-188.22526739374734,,0,
38.0,6.0,0,-191.2670929899905,-85.54626,1,105.72083298999048
39.0,6.0,0,-203.18221923499368,,0,
40.0,6.0,0,-221.03783948672935,,0,
41.0,6.0,0,-242.9102190299891,,0,
42.0,6.0,0,-268.38696217210963,-224.588886,1,43.79807617210963
43.0,6.0,0,-297.2298400212312,,0,
44.0,6.0,0,-329.20950858166907,,0,
45.0,6.0,0,-364.2175472319359,,0,
46.0,6.0,0,-402.2590791909024,-385.954208,1,16.304871190902418
47.0,6.0,0,-443.4099456066033,,0,
48.0,6.0,0,-486.09871032170486,,0,
49.0,6.0,0,-527.693577545695,,0,
50.0,6.0,0,-564.3450939713512,-634.546445,1,-70.20135102864879
51.0,6.0,0,-590.4717389868456,,0,
52.0,6.0,0,-603.4168886950938,,0,
53.0,6.0,0,-600.1982415842358,,0,
54.0,6.0,0,-581.3703733015573,-645.35538,1,-63.9850066984427
55.0,6.0,0,-553.3263439299772,,0,
56.0,6.0,0,-522.1423879350768,,0,
57.0,6.0,0,-491.722082067281,,0,
58.0,6.0,0,-463.1646711518988,-407.239214,1,55.9254571518988
59.0,6.0,0,-434.6739122104482,,0,
60.0,6.0,0,-404.46201310516335,,0,
61.0,6.0,0,-371.89018361869967,,0,
62.0,6.0,0,-337.4185208774288,-336.127238,1,1.2912828774288414
63.0,6.0,0,-302.1665208385675,,0,
64.0,6.0,0,-267.2279755350901,,0,
65.0,6.0,0,-231.86192043079063,,0,
66.0,6.0,0,-193.94490540004335,-222.920517,1,-28.975611599956636
67.0,6.0,0,-150.81788201222662,,0,
68.0,6.0,0,-101.66984844114631,,0,
69.0,6.0,0,-44.814955989131704,,0,
70.0,6.0,0,21.462693687702995,-156.439903,1,-177.90259668770298
71.0,6.0,0,99.61733001942048,,0,
72.0,6.0,0,179.86553714214824,,0,
73.0,6.0,0,249.0525965479901,,0,
74.0,6.0,0,294.0963964459952,443.941701,1,149.84530455400483
75.0,6.0,0,303.7972319846158,,0,
76.0,6.0,0,279.2574092531577,,0,
77.0,6.0,0,224.12336179439444,,0,
78.0,6.0,0,146.07800000155112,166.287622,1,20.20962199844888
79.0,6.0,0,57.04842387116514,,0,
80.0,6.0,0,-31.754014415084384,,0,
81.0,6.0,0,-113.62598477466963,,0,
82.0,6.0,0,-183.81901787081733,-266.075021,1,-82.25600312918266
83.0,6.0,0,-237.78499137517065,,0,
84.0,6.0,0,-276.61297596312943,,0,
85.0,6.0,0,-301.960574108467,,0,
86.0,6.0,0,-316.9611665933917,-338.981163,1,-22.0199964066083
87.0,6.0,0,-325.87669377442217,,0,
88.0,6.0,0,-334.0225919993245,,0,
89.0,6.0,0,-343.4392522983835,,0,
90.0,6.0,0,-352.6117803019006,-260.881717,1,91.7300633019006
91.0,6.0,0,-360.02651937125484,,0,
92.0,6.0,0,-360.9950516873796,,0,
93.0,6.0,0,-354.7936218070681,,0,
94.0,6.0,0,-343.2463784733118,-338.491127,1,4.755251473311773
95.0,6.0,0,-329.3584783920378,,0,
96.0,6.0,0,-316.4603723255568,,0,
97.0,6.0,0,-307.9874799204117,,0,
98.0,6.0,0,-306.87060410593404,-241.334675,1,65.53592910593403
99.0,6.0,0,-315.14481552911457,,0,
100.0,6.0,0,-329.6029643494112,,0,
101.0,6.0,0,-347.2801566637354,,0,
102.0,6.0,0,-367.59587585832924,-397.625634,1,-30.029758141670754
103.0,6.0,0,-394.0744184390642,,0,
104.0,6.0,0,-429.82554793552845,,0,
105.0,6.0,0,-474.57447855954524,,0,
106.0,6.0,0,-524.0042335079052,-497.185663,1,26.81857050790518
107.0,6.0,0,-571.8918260784121,,0,
108.0,6.0,0,-610.7038478486065,,0,
109.0,6.0,0,-635.5505366120487,,0,
110.0,6.0,0,-646.2347522368655,-607.365869,1,38.868883236865486
111.0,6.0,0,-646.9502483069082,,0,
112.0,6.0,0,-642.4102293115284,,0,
113.0,6.0,0,-635.0593952157651,,0,
114.0,6.0,0,-622.5484032568056,-824.912947,1,-202.36454374319442
115.0,6.0,0,-597.1028194648679,,0,
116.0,6.0,0,-561.5458243102184,,0,
117.0,6.0,0,-519.3676170158433,,0,
118.0,6.0,0,-473.2082886728458,-580.996428,1,-107.78813932715423
119.0,6.0,0,-427.99895656784065,,0,
120.0,6.0,0,-387.36645152478013,,0,
121.0,6.0,0,-350.97880643967073,,0,
122.0,6.0,0,-316.4873624056345,-461.194791,1,-144.70742859436552
123.0,6.0,0,-281.96098119427916,,0,
124.0,6.0,0,-246.11675334250322,,0,
125.0,6.0,0,-208.3644103705301,,0,
126.0,6.0,0,-169.17322177591268,-193.588015,1,-24.414793224087333
127.0,6.0,0,-131.28862839844078,,0,
128.0,6.0,0,-99.7117862640298,,0,
129.0,6.0,0,-74.58139700442553,,0,
130.0,6.0,0,-58.15678837132873,242.450723,1,300.60751137132877
131.0,6.0,0,-58.783420248306356,,0,
132.0,6.0,0,-68.7362135030562,,0,
133.0,6.0,0,-80.72977022145642,,0,
134.0,6.0,0,-90.61591653130017,-82.603657,1,8.012259531300174
135.0,6.0,0,-97.46754430211149,,0,
136.0,6.0,0,-102.24900782457553,,0,
137.0,6.0,0,-107.98402224038728,,0,
138.0,6.0,0,-118.39258594880812,-181.535378,1,-63.14279205119189
139.0,6.0,0,-135.0703794846777,,0,
140.0,6.0,0,-159.54360566555988,,0,
141.0,6.0,0,-188.7755141959642,,0,
142.0,6.0,0,-214.3182186478516,-648.60919,1,-434.2909713521484
143.0,6.0,0,-218.57322707027197,,0,
144.0,6.0,0,-205.23896758293267,,0,
145.0,6.0,0,-177.52504908223636,,0,
146.0,6.0,0,-139.41110151540488,47.90611,1,187.3172115154049
147.0,6.0,0,-98.45299674710259,,0,
148.0,6.0,0,-63.50129548483528,,0,
149.0,6.0,0,-41.95133457938209,,0,
150.0,6.0,0,-39.67018285021186,34.488102,1,74.15828485021186
151.0,6.0,0,-60.09622231614776,,0,
152.0,6.0,0,-104.90830993908457,,0,
153.0,6.0,0,-168.15441795182414,,0,
154.0,6.0,0,-242.65813599794637,-247.418265,1,-4.760129002053617
155.0,6.0,0,-321.8445120214019,,0,
156.0,6.0,0,-399.73157351394184,,0,
157.0,6.0,0,-471.74893327837344,,0,
158.0,6.0,0,-533.7006714832969,-597.946837,1,-64.24616551670306
159.0,6.0,0,-581.5837754628155,,0,
160.0,6.0,0,-611.6253055650741,,0,
161.0,6.0,0,-624.0450031396467,,0,
162.0,6.0,0,-619.2492091979366,-809.775653,1,-190.52644380206345
163.0,6.0,0,-599.7347952257842,,0,
164.0,6.0,0,-567.7799261424225,,0,
165.0,6.0,0,-525.5898233386688,,0,
166.0,6.0,0,-476.26049983548,-418.868252,1,57.39224783548002
167.0,6.0,0,-423.6349974318873,,0,
168.0,6.0,0,-368.7426579215098,,0,
169.0,6.0,0,-314.9469676716253,,0,
170.0,6.0,0,-266.4091621735133,-176.386403,1,90.02275917351332
171.0,6.0,0,-227.55942721199244,,0,
172.0,6.0,0,-196.87532521155663,,0,
173.0,6.0,0,-172.13315869867802,,0,
174.0,6.0,0,-150.4100115960464,-268.1251,1,-117.71508840395359
175.0,6.0,0,-130.53145509352908,,0,
176.0,6.0,0,-111.82368670217693,,0,
177.0,6.0,0,-94.70837850589305,,0,
178.0,6.0,0,-83.43433681759052,165.245786,1,248.68012281759053
179.0,6.0,0,-86.81108808983117,,0,
180.0,6.0,0,-99.98147399025038,,0,
181.0,6.0,0,-120.04063842026517,,0,
182.0,6.0,0,-146.1989433306735,10.40072,1,156.5996633306735
183.0,6.0,0,-175.43866775440983,,0,
184.0,6.0,0,-204.62168766115792,,0,
185.0,6.0,0,-232.4208515053615,,0,
186.0,6.0,0,-257.5465001305565,-273.516258,1,-15.96975786944347
187.0,6.0,0,-276.7186105251312,,0,
188.0,6.0,0,-287.1329020629637,,0,
189.0,6.0,0,-287.4794897790998,,0,
190.0,6.0,0,-278.2875111687463,-164.45119,1,113.83632116874628
191.0,6.0,0,-263.21137799927965,,0,
192.0,6.0,0,-240.86254911473952,,0,
193.0,6.0,0,-210.05366797884926,,0,
194.0,6.0,0,-171.78299343842082,-87.196321,1,84.58667243842082
195.0,6.0,0,-129.30189803615212,,0,
196.0,6.0,0,-82.35781939513981,,0,
197.0,6.0,0,-35.1166798309423,,0,
198.0,6.0,0,4.882798579288647,343.010103,1,338.12730442071137
199.0,6.0,0,33.00906830839813,,0,
0.0,7.0,0,352.5477759274654,,0,
1.0,7.0,0,352.0142273963429,168.522804,1,-183.4914233963429
2.0,7.0,0,361.5392023213208,,0,
3.0,7.0,0,374.10830004746094,,0,
4.0,7.0,0,382.87583788111806,,0,
5.0,7.0,0,381.4094040193595,474.979634,1,93.57022998064048
6.0,7.0,0,365.32245780690573,,0,
7.0,7.0,0,337.12334078829736,,0,
8.0,7.0,0,299.04013274167664,,0,
9.0,7.0,0,253.23106388607994,264.9387,1,11.707636113920046
10.0,7.0,0,202.01060892781243,,0,
11.0,7.0,0,148.75761755055282,,0,
12.0,7.0,0,96.57791524042841,,0,
13.0,7.0,0,47.49423115653917,9.081249,1,-38.41298215653917
14.0,7.0,0,2.9987648520618677,,0,
15.0,7.0,0,-36.33198672067374,,0,
16.0,7.0,0,-73.03795565385371,,0,
17.0,7.0,0,-109.7924232268706,-99.120561,1,10.671862226870601
18.0,7.0,0,-147.32871252531186,,0,
19.0,7.0,0,-185.2660017326707,,0,
20.0,7.0,0,-223.1368975287769,,0,
21.0,7.0,0,-260.07466646446846,-245.691707,1,14.382959464468456
22.0,7.0,0,-295.355780382175,,0,
23.0,7.0,0,-328.48688669689,,0,
24.0,7.0,0,-358.9860739740543,,0,
25.0,7.0,0,-386.2698070202023,-314.87759,1,71.39221702020228
26.0,7.0,0,-407.919324986171,,0,
27.0,7.0,0,-421.57834751182236,,0,
28.0,7.0,0,-425.3737328329589,,0,
29.0,7.0,0,-417.34862478775904,-540.692186,1,-123.34356121224096
30.0,7.0,0,-394.29590772255324,,0,
31.0,7.0,0,-359.8471814133227,,0,
32.0,7.0,0,-315.99227277352475,,0,
33.0,7.0,0,-265.18553797341883,-383.464866,1,-118.27932802658114
34.0,7.0,0,-213.64968620915897,,0,
35.0,7.0,0,-173.1036053255666,,0,
36.0,7.0,0,-148.8205810280051,,0,
37.0,7.0,0,-139.91402761870995,-148.095625,1,-8.18159738129006
38.0,7.0,0,-142.71851430635434,,0,
39.0,7.0,0,-153.6884414833039,,0,
40.0,7.0,0,-168.94865598576143,,0,
41.0,7.0,0,-185.5014039776288,-160.147101,1,25.354302977628805
42.0,7.0,0,-204.49538035364822,,0,
43.0,7.0,0,-226.24430992570706,,0,
44.0,7.0,0,-251.30191567272414,,0,
45.0,7.0,0,-280.69392677070573,-169.807067,1,110.88685977070574
46.0,7.0,0,-314.5363473261241,,0,
47.0,7.0,0,-353.36426604678854,,0,
48.0,7.0,0,-396.5249403701164,,0,
49.0,7.0,0,-440.61401257361285,-446.61797,1,-6.00395742638716
50.0,7.0,0,-480.7405150483828,,0,
51.0,7.0,0,-511.9573257038719,,0,
52.0,7.0,0,-529.873267487972,,0,
53.0,7.0,0,-530.0465534636751,-718.205912,1,-188.15935853632493
54.0,7.0,0,-511.3674690690823,,0,
55.0,7.0,0,-483.92288558447035,,0,
56.0,7.0,0,-454.69483765622135,,0,
57.0,7.0,0,-428.42190346796997,-358.846686,1,69.57521746796999
58.0,7.0,0,-406.4016023277072,,0,
59.0,7.0,0,-385.30272487096954,,0,
60.0,7.0,0,-363.320677570533,,0,
61.0,7.0,0,-339.82232636923436,-331.816754,1,8.005572369234358
62.0,7.0,0,-315.484808722802,,0,
63.0,7.0,0,-290.8889046491822,,0,
64.0,7.0,0,-266.53028553223703,,0,
65.0,7.0,0,-241.81113500567153,-256.697075,1,-14.885939994328453
66.0,7.0,0,-213.67323688371107,,0,
67.0,7.0,0,-178.57535727252252,,0,
68.0,7.0,0,-134.35990898578893,,0,
69.0,7.0,0,-80.0155354605522,-297.806931,1,-217.79139553944782
70.0,7.0,0,-14.69150974380318,,0,
71.0,7.0,0,60.47697128052823,,0,
72.0,7.0,0,137.47444415965583,,0,
73.0,7.0,0,204.69703535363078,128.911871,1,-75.78516435363079
74.0,7.0,0,248.88716537458822,,0,
75.0,7.0,0,259.88554749143077,,0,
76.0,7.0,0,236.25951541296672,,0,
77.0,7.0,0,182.83096669835504,255.98468,1,73.15371330164496
78.0,7.0,0,107.39723800588399,,0,
79.0,7.0,0,23.335118841787335,,0,
80.0,7.0,0,-58.48088010994252,,0,
81.0,7.0,0,-131.63162212690804,-340.790624,1,-209.15900187309194
82.0,7.0,0,-191.9714225998614,,0,
83.0,7.0,0,-236.665468754014,,0,
84.0,7.0,0,-266.32671169994865,,0,
85.0,7.0,0,-283.74272051034495,-441.770505,1,-158.02778448965506
86.0,7.0,0,-292.7208782484231,,0,
87.0,7.0,0,-297.93642582252505,,0,
88.0,7.0,0,-305.46018607885344,,0,
89.0,7.0,0,-319.1041431695339,-90.67008,1,228.43406316953394
90.0,7.0,0,-334.05060170631623,,0,
91.0,7.0,0,-344.19249570474494,,0,
92.0,7.0,0,-345.1438522117096,,0,
93.0,7.0,0,-336.8480256132316,-326.936853,1,9.9111726132316
94.0,7.0,0,-322.1831279925391,,0,
95.0,7.0,0,-304.91574483408476,,0,
96.0,7.0,0,-289.36323408660246,,0,
97.0,7.0,0,-279.8703158539138,-239.81664,1,40.053675853913774
98.0,7.0,0,-279.11546282522613,,0,
99.0,7.0,0,-288.24016046419274,,0,
100.0,7.0,0,-305.79009809097624,,0,
101.0,7.0,0,-329.4067364774528,-460.321733,1,-130.9149965225472
102.0,7.0,0,-356.43820150074316,,0,
103.0,7.0,0,-391.8613931336149,,0,
104.0,7.0,0,-437.35488786015776,,0,
105.0,7.0,0,-490.2844718978158,-448.198592,1,42.0858798978158
106.0,7.0,0,-545.3290363546839,,0,
107.0,7.0,0,-596.340654859785,,0,
108.0,7.0,0,-636.9230811637535,,0,
109.0,7.0,0,-662.397607942461,-735.554584,1,-73.15697605753894
110.0,7.0,0,-672.3806101027294,,0,
111.0,7.0,0,-672.1409097747528,,0,
112.0,7.0,0,-665.7736649253347,,0,
113.0,7.0,0,-655.184322529065,-824.361589,1,-169.17726647093502
114.0,7.0,0,-637.7980973316298,,0,
115.0,7.0,0,-610.1203622837784,,0,
116.0,7.0,0,-573.9642903272179,,0,
117.0,7.0,0,-532.074353070173,-695.418244,1,-163.343890929827
118.0,7.0,0,-484.4909758286667,,0,
119.0,7.0,0,-438.79597399232443,,0,
120.0,7.0,0,-398.82717224786757,,0,
121.0,7.0,0,-364.9501228921581,-397.99708,1,-33.04695710784188
122.0,7.0,0,-334.13780304358806,,0,
123.0,7.0,0,-304.52647412917577,,0,
124.0,7.0,0,-273.8066922791768,,0,
125.0,7.0,0,-240.17673421581276,-415.580269,1,-175.40353478418723
126.0,7.0,0,-205.01573604438454,,0,
127.0,7.0,0,-171.09021157794632,,0,
128.0,7.0,0,-141.38719590337132,,0,
129.0,7.0,0,-117.96934212220367,41.928143,1,159.89748512220368
130.0,7.0,0,-103.75492738105822,,0,
131.0,7.0,0,-101.04063763632439,,0,
132.0,7.0,0,-104.43976311467122,,0,
133.0,7.0,0,-107.13327225996181,36.982247,1,144.11551925996181
134.0,7.0,0,-104.58786854462232,,0,
135.0,7.0,0,-94.9994827475166,,0,
136.0,7.0,0,-79.74782156920992,,0,
137.0,7.0,0,-63.436894322396256,149.361714,1,212.79860832239626
138.0,7.0,0,-51.92723740439396,,0,
139.0,7.0,0,-50.32649133808445,,0,
140.0,7.0,0,-61.97272311791312,,0,
141.0,7.0,0,-85.30043701210525,-477.895147,1,-392.59470998789476
142.0,7.0,0,-111.96033026883379,,0,
143.0,7.0,0,-130.3100233922014,,0,
144.0,7.0,0,-135.56341273873113,,0,
145.0,7.0,0,-124.52732057054527,-224.675826,1,-100.14850542945473
146.0,7.0,0,-98.30121339939069,,0,
147.0,7.0,0,-65.28006256534718,,0,
148.0,7.0,0,-34.32753672800027,,0,
149.0,7.0,0,-15.009072433691472,121.456313,1,136.46538543369147
150.0,7.0,0,-14.978049449273385,,0,
151.0,7.0,0,-33.95688272966072,,0,
152.0,7.0,0,-71.90251962130424,,0,
153.0,7.0,0,-125.93675898527727,-97.214805,1,28.721953985277267
154.0,7.0,0,-191.80941470107064,,0,
155.0,7.0,0,-263.70895742834546,,0,
156.0,7.0,0,-336.51876963395625,,0,
157.0,7.0,0,-405.73185110266786,-458.080175,1,-52.348323897332136
158.0,7.0,0,-466.55623694858514,,0,
159.0,7.0,0,-516.9270453904755,,0,
160.0,7.0,0,-554.5393908969127,,0,
161.0,7.0,0,-577.1314897581469,-737.165172,1,-160.03368224185306
162.0,7.0,0,-580.7702117611188,,0,
163.0,7.0,0,-569.6546254849527,,0,
164.0,7.0,0,-545.2901975787245,,0,
165.0,7.0,0,-508.4172347733984,-521.194875,1,-12.777640226601648
166.0,7.0,0,-462.07248647417873,,0,
167.0,7.0,0,-409.65900682727806,,0,
168.0,7.0,0,-353.70100246858783,,0,
169.0,7.0,0,-297.4503412009217,-325.650114,1,-28.19977279907829
170.0,7.0,0,-244.50222115661018,,0,
171.0,7.0,0,-197.75104458350688,,0,
172.0,7.0,0,-157.47987788845785,,0,
173.0,7.0,0,-122.52104677376337,-211.73033,1,-89.20928322623664
174.0,7.0,0,-89.57602228876203,,0,
175.0,7.0,0,-60.084902150090784,,0,
176.0,7.0,0,-34.781166242435575,,0,
177.0,7.0,0,-15.055169554427266,-26.017899,1,-10.962729445572734
178.0,7.0,0,-4.813082315959036,,0,
179.0,7.0,0,-8.117521689273417,,0,
180.0,7.0,0,-22.445389314787462,,0,
181.0,7.0,0,-44.966589752119035,92.987468,1,137.95405775211904
182.0,7.0,0,-78.07885263860226,,0,
183.0,7.0,0,-117.06177645316347,,0,
184.0,7.0,0,-157.82024508458562,,0,
185.0,7.0,0,-197.01297848299146,-108.168893,1,88.84408548299146
186.0,7.0,0,-232.8379927368369,,0,
187.0,7.0,0,-259.6605190834962,,0,
188.0,7.0,0,-274.4530363054946,,0,
189.0,7.0,0,-276.724673562916,-434.133817,1,-157.40914343708403
190.0,7.0,0,-268.0550944507122,,0,
191.0,7.0,0,-250.60527339810506,,0,
192.0,7.0,0,-224.20132473646663,,0,
193.0,7.0,0,-189.036771772895,-145.212145,1,43.824626772895016
194.0,7.0,0,-147.5467334468849,,0,
195.0,7.0,0,-101.9947893647477,,0,
196.0,7.0,0,-53.4116612249054,,0,
197.0,7.0,0,-6.6500031584873796,239.757915,1,246.40791815848738
198.0,7.0,0,27.518641339382157,,0,
199.0,7.0,0,50.398084457498044,,0,
0.0,8.0,0,318.7427130101714,100.608673,1,-218.13404001017142
1.0,8.0,0,315.84866577293724,,0,
2.0,8.0,0,321.96418237453327,,0,
3.0,8.0,0,334.00051929219626,,0,
4.0,8.0,0,344.8903537680162,423.69887,1,78.80851623198379
5.0,8.0,0,346.34870999422856,,0,
6.0,8.0,0,336.2968064171728,,0,
7.0,8.0,0,315.73278375389054,,0,
8.0,8.0,0,286.7139011933468,277.826875,1,-8.887026193346856
9.0,8.0,0,251.2068098015152,,0,
10.0,8.0,0,211.0537367099896,,0,
11.0,8.0,0,168.40815238945652,,0,
12.0,8.0,0,125.47631359682418,125.878973,1,0.40265940317581794
13.0,8.0,0,83.78852960700169,,0,
14.0,8.0,0,43.905506887473166,,0,
15.0,8.0,0,5.312188262119889,,0,
16.0,8.0,0,-33.72010496119037,23.484405,1,57.20450996119037
17.0,8.0,0,-75.76365576224634,,0,
18.0,8.0,0,-119.60668745613657,,0,
19.0,8.0,0,-163.7342390457634,,0,
20.0,8.0,0,-206.57661817362532,-213.038226,1,-6.461607826374689
21.0,8.0,0,-246.65210339147598,,0,
22.0,8.0,0,-283.16596236731857,,0,
23.0,8.0,0,-315.56822313414887,,0,
24.0,8.0,0,-343.84232292394154,-249.076177,1,94.76614592394154
25.0,8.0,0,-369.1726999534294,,0,
26.0,8.0,0,-387.69748853333294,,0,
27.0,8.0,0,-396.96098695741966,,0,
28.0,8.0,0,-395.493725723587,-383.442378,1,12.051347723586957
29.0,8.0,0,-381.874604184879,,0,
30.0,8.0,0,-354.8222861222457,,0,
31.0,8.0,0,-316.69430289277807,,0,
32.0,8.0,0,-269.68392220465466,-470.685461,1,-201.0015387953453
33.0,8.0,0,-213.41510084015317,,0,
34.0,8.0,0,-159.47981550509576,,0,
35.0,8.0,0,-119.03882461623289,,0,
36.0,8.0,0,-97.43731044838205,-140.020799,1,-42.58348855161796
37.0,8.0,0,-91.32759366743267,,0,
38.0,8.0,0,-95.74247341929004,,0,
39.0,8.0,0,-106.95645752642304,,0,
40.0,8.0,0,-121.35877503734082,-275.106316,1,-153.74754096265917
41.0,8.0,0,-133.99313981994055,,0,
42.0,8.0,0,-148.0990726200398,,0,
43.0,8.0,0,-164.30864295142237,,0,
44.0,8.0,0,-183.05056716897525,-97.739994,1,85.31057316897525
45.0,8.0,0,-206.7259670542553,,0,
46.0,8.0,0,-234.62038089195266,,0,
47.0,8.0,0,-268.7722009392455,,0,
48.0,8.0,0,-310.4548119371757,-213.074032,1,97.3807799371757
49.0,8.0,0,-354.4313878599496,,0,
50.0,8.0,0,-395.03499475924764,,0,
51.0,8.0,0,-428.0670986993937,,0,
52.0,8.0,0,-448.74425422400236,-666.610001,1,-217.86574677599765
53.0,8.0,0,-449.2368071594974,,0,
54.0,8.0,0,-434.4333272492513,,0,
55.0,8.0,0,-411.4053880327847,,0,
56.0,8.0,0,-386.93966143904254,-256.941192,1,129.99846943904254
57.0,8.0,0,-367.8086655976949,,0,
58.0,8.0,0,-352.3101826047059,,0,
59.0,8.0,0,-338.267491560895,,0,
60.0,8.0,0,-324.38455147400964,-355.138664,1,-30.754112525990365
61.0,8.0,0,-309.7693521111505,,0,
62.0,8.0,0,-295.1875426066108,,0,
63.0,8.0,0,-280.67066048597917,,0,
64.0,8.0,0,-266.04113971826155,-202.762603,1,63.278536718261535
65.0,8.0,0,-251.26545324618928,,0,
66.0,8.0,0,-232.07819448440569,,0,
67.0,8.0,0,-203.99728084541857,,0,
68.0,8.0,0,-163.39718676463235,-420.51147,1,-257.1142832353676
69.0,8.0,0,-110.441348082677,,0,
70.0,8.0,0,-45.83763394947164,,0,
71.0,8.0,0,27.604473582468927,,0,
72.0,8.0,0,101.9901141433511,22.571104,1,-79.4190101433511
73.0,8.0,0,167.5650597953936,,0,
74.0,8.0,0,211.00681859086035,,0,
75.0,8.0,0,222.3654060884728,,0,
76.0,8.0,0,197.88589168153703,433.652139,1,235.76624731846294
77.0,8.0,0,143.73151782352943,,0,
78.0,8.0,0,70.26426548301242,,0,
79.0,8.0,0,-9.229763366049156,,0,
80.0,8.0,0,-82.98773858707864,-309.258947,1,-226.27120841292134
81.0,8.0,0,-146.41481741229654,,0,
82.0,8.0,0,-196.86246154329274,,0,
83.0,8.0,0,-232.16259244713,,0,
84.0,8.0,0,-252.72433860233286,-494.133722,1,-241.4093833976671
85.0,8.0,0,-262.4052711770928,,0,
86.0,8.0,0,-265.96559033950325,,0,
87.0,8.0,0,-268.2917409130605,,0,
88.0,8.0,0,-275.454057910305,27.236759,1,302.690816910305
89.0,8.0,0,-295.28065744473133,,0,
90.0,8.0,0,-316.4718345016008,,0,
91.0,8.0,0,-329.6114434823394,,0,
92.0,8.0,0,-329.3189222214278,-458.539858,1,-129.2209357785722
93.0,8.0,0,-317.9276082648139,,0,
94.0,8.0,0,-299.7141709267162,,0,
95.0,8.0,0,-278.78269114383147,,0,
96.0,8.0,0,-259.89025096720434,-194.441319,1,65.44893196720435
97.0,8.0,0,-248.84680015640333,,0,
98.0,8.0,0,-247.66070082894294,,0,
99.0,8.0,0,-257.4285923476564,,0,
100.0,8.0,0,-276.9907285446243,-349.460284,1,-72.46955545537571
101.0,8.0,0,-304.34036252024816,,0,
102.0,8.0,0,-338.87538442942605,,0,
103.0,8.0,0,-383.6860466256039,,0,
104.0,8.0,0,-439.7865557788755,-361.868383,1,77.91817277887549
105.0,8.0,0,-501.79280411527725,,0,
106.0,8.0,0,-562.5901593469025,,0,
107.0,8.0,0,-615.9728504217346,,0,
108.0,8.0,0,-656.9267550374498,-784.919561,1,-127.99280596255028
109.0,8.0,0,-680.2882945946185,,0,
110.0,8.0,0,-689.081647034589,,0,
111.0,8.0,0,-686.9726864459226,,0,
112.0,8.0,0,-677.1380693813262,-605.981701,1,71.15636838132616
113.0,8.0,0,-662.1988506691996,,0,
114.0,8.0,0,-639.799798434542,,0,
115.0,8.0,0,-608.9730496346601,,0,
116.0,8.0,0,-571.2022577972966,-644.982,1,-73.77974220270335
117.0,8.0,0,-528.3905407608254,,0,
118.0,8.0,0,-482.99613333679736,,0,
119.0,8.0,0,-440.24510324792936,,0,
120.0,8.0,0,-403.5607409098884,-336.025013,1,67.53572790988841
121.0,8.0,0,-374.363786597969,,0,
122.0,8.0,0,-349.4008736498654,,0,
123.0,8.0,0,-326.42300487234024,,0,
124.0,8.0,0,-302.8321115238359,-411.290371,1,-108.45825947616407
125.0,8.0,0,-274.84998102276586,,0,
126.0,8.0,0,-245.33476520731347,,0,
127.0,8.0,0,-216.6278155989712,,0,
128.0,8.0,0,-190.84777335682884,-218.931935,1,-28.08416164317117
129.0,8.0,0,-170.74411568266805,,0,
130.0,8.0,0,-158.2046541562304,,0,
131.0,8.0,0,-152.21121141430922,,0,
132.0,8.0,0,-147.78388362936676,-53.345428,1,94.43845562936676
133.0,8.0,0,-139.330790234264,,0,
134.0,8.0,0,-121.88916805229383,,0,
135.0,8.0,0,-92.44910093361977,,0,
136.0,8.0,0,-52.33483756997157,226.690941,1,279.0257785699716
137.0,8.0,0,-8.382137926644646,,0,
138.0,8.0,0,30.58469926426187,,0,
139.0,8.0,0,55.91397000278812,,0,
140.0,8.0,0,61.6104634469375,30.491239,1,-31.1192244469375
141.0,8.0,0,47.74599359289277,,0,
142.0,8.0,0,19.80256643379107,,0,
143.0,8.0,0,-13.394198834896088,,0,
144.0,8.0,0,-41.922865432687104,-327.390846,1,-285.4679805673129
145.0,8.0,0,-52.44621553923935,,0,
146.0,8.0,0,-47.05009743955452,,0,
147.0,8.0,0,-29.250596103840508,,0,
148.0,8.0,0,-7.46444144367706,156.504944,1,163.96938544367706
149.0,8.0,0,5.179828269639984,,0,
150.0,8.0,0,4.79066769417841,,0,
151.0,8.0,0,-10.384427885292098,,0,
152.0,8.0,0,-40.53281346615404,-180.226308,1,-139.69349453384595
153.0,8.0,0,-83.9959218786098,,0,
154.0,8.0,0,-138.2986699049361,,0,
155.0,8.0,0,-199.77724424819462,,0,
156.0,8.0,0,-263.9582199137658,-369.336087,1,-105.37786708623423
157.0,8.0,0,-326.8022535110358,,0,
158.0,8.0,0,-384.7871755794622,,0,
159.0,8.0,0,-435.94112951424904,,0,
160.0,8.0,0,-478.4352272292599,-462.960699,1,15.474528229259931
161.0,8.0,0,-508.6302862614393,,0,
162.0,8.0,0,-523.3290501427837,,0,
163.0,8.0,0,-523.3547295315657,,0,
164.0,8.0,0,-509.5123230628669,-600.542972,1,-91.03064893713304
165.0,8.0,0,-480.6115394756198,,0,
166.0,8.0,0,-440.072963421233,,0,
167.0,8.0,0,-390.62069523357786,,0,
168.0,8.0,0,-335.5407544132322,-315.669913,1,19.8708414132322
169.0,8.0,0,-278.79233154375106,,0,
170.0,8.0,0,-223.0089507715311,,0,
171.0,8.0,0,-170.1237498569535,,0,
172.0,8.0,0,-121.03488986962475,-71.627742,1,49.40714786962475
173.0,8.0,0,-76.45327186211944,,0,
174.0,8.0,0,-35.213923440082,,0,
175.0,8.0,0,0.9125959454104304,,0,
176.0,8.0,0,30.185252575669438,-131.077243,1,-161.26249557566945
177.0,8.0,0,50.86869906168431,,0,
178.0,8.0,0,60.29416390717961,,0,
179.0,8.0,0,56.43806689721532,,0,
180.0,8.0,0,40.24641208490357,-70.147363,1,-110.39377508490357
181.0,8.0,0,14.706633656052873,,0,
182.0,8.0,0,-22.853399931686,,0,
183.0,8.0,0,-70.14448664803058,,0,
184.0,8.0,0,-122.28373799426481,-53.499678,1,68.78405999426481
185.0,8.0,0,-173.14431030582637,,0,
186.0,8.0,0,-217.53660846222192,,0,
187.0,8.0,0,-250.14725192368496,,0,
188.0,8.0,0,-267.6341487169266,-416.333649,1,-148.6995002830734
189.0,8.0,0,-270.2604917520657,,0,
190.0,8.0,0,-260.157916046679,,0,
191.0,8.0,0,-239.0612748642452,,0,
192.0,8.0,0,-207.60943963448517,-261.938492,1,-54.329052365514826
193.0,8.0,0,-167.86596589628607,,0,
194.0,8.0,0,-124.46803370676935,,0,
195.0,8.0,0,-79.13617555936798,,0,
196.0,8.0,0,-32.61896283994429,-34.820102,1,-2.2011391600557104
197.0,8.0,0,9.60370409488678,,0,
198.0,8.0,0,41.25288574863225,,0,
199.0,8.0,0,61.59836294129491,,0,
0.0,9.0,0,290.92116441531107,,0,
1.0,9.0,0,284.47177780256607,,0,
2.0,9.0,0,286.07397857052274,,0,
3.0,9.0,0,296.1274582881015,255.453379,1,-40.67407928810147
4.0,9.0,0,307.07556022377685,,0,
5.0,9.0,0,311.4157738350332,,0,
6.0,9.0,0,306.5037109919358,,0,
7.0,9.0,0,292.6085029426031,316.072931,1,23.4644280573969
8.0,9.0,0,271.6649960442446,,0,
9.0,9.0,0,245.58565321564674,,0,
10.0,9.0,0,215.54396725306287,,0,
11.0,9.0,0,182.43523037945852,229.345786,1,46.91055562054149
12.0,9.0,0,147.91861304198392,,0,
13.0,9.0,0,113.01775486255065,,0,
14.0,9.0,0,77.27060547238216,,0,
15.0,9.0,0,39.05465138470754,100.276794,1,61.222142615292455
16.0,9.0,0,-2.7912544277496636,,0,
17.0,9.0,0,-49.22290999814868,,0,
18.0,9.0,0,-98.87839737394825,,0,
19.0,9.0,0,-148.82658402831294,-236.330794,1,-87.50420997168706
20.0,9.0,0,-196.24933208944276,,0,
21.0,9.0,0,-239.16508742026053,,0,
22.0,9.0,0,-276.5996474248823,,0,
23.0,9.0,0,-308.28382653929293,-258.692264,1,49.59156253929291
24.0,9.0,0,-334.44129318837076,,0,
25.0,9.0,0,-355.20093230041675,,0,
26.0,9.0,0,-368.2587777741719,,0,
27.0,9.0,0,-371.09908305993304,-448.160828,1,-77.06174494006694
28.0,9.0,0,-362.781687452225,,0,
29.0,9.0,0,-342.4052414356265,,0,
30.0,9.0,0,-309.5958874805365,,0,
31.0,9.0,0,-266.05423085810617,-381.093528,1,-115.03929714189383
32.0,9.0,0,-213.77251153509133,,0,
33.0,9.0,0,-155.81637616222724,,0,
34.0,9.0,0,-102.27915722155012,,0,
35.0,9.0,0,-64.93774644145742,132.010453,1,196.94819944145743
36.0,9.0,0,-49.36838533869013,,0,
37.0,9.0,0,-47.58351367688738,,0,
38.0,9.0,0,-54.11515285586938,,0,
39.0,9.0,0,-65.12883529812098,-212.168723,1,-147.03988770187902
40.0,9.0,0,-77.82018734747544,,0,
41.0,9.0,0,-90.20525007601827,,0,
42.0,9.0,0,-103.20946815330535,,0,
43.0,9.0,0,-117.20539582904894,-107.631002,1,9.574393829048944
44.0,9.0,0,-132.48254711041227,,0,
45.0,9.0,0,-150.15190431301016,,0,
46.0,9.0,0,-171.11100808531046,,0,
47.0,9.0,0,-198.36739442893304,65.564034,1,263.93142842893303
48.0,9.0,0,-236.56213679350913,,0,
49.0,9.0,0,-276.47296574374195,,0,
50.0,9.0,0,-313.0456255709287,,0,
51.0,9.0,0,-342.73839223000687,-508.89531,1,-166.15691776999313
52.0,9.0,0,-361.1860773691442,,0,
53.0,9.0,0,-364.74107998551335,,0,
54.0,9.0,0,-356.15160190081224,,0,
55.0,9.0,0,-340.88713655481115,-320.326569,1,20.560567554811144
56.0,9.0,0,-324.73712622583844,,0,
57.0,9.0,0,-312.12513984018005,,0,
58.0,9.0,0,-302.7163116228767,,0,
59.0,9.0,0,-294.7151248763548,-363.131149,1,-68.41602412364517
60.0,9.0,0,-287.77966712374473,,0,
61.0,9.0,0,-281.8087157739792,,0,
62.0,9.0,0,-276.6679091400001,,0,
63.0,9.0,0,-271.75991357443854,-345.54785,1,-73.78793642556144
64.0,9.0,0,-266.32042411190923,,0,
65.0,9.0,0,-258.9883255675668,,0,
66.0,9.0,0,-246.36872830527136,,0,
67.0,9.0,0,-223.89968458015937,-385.412934,1,-161.51324941984063
68.0,9.0,0,-185.49042926193215,,0,
69.0,9.0,0,-134.10639729804825,,0,
70.0,9.0,0,-70.4967313206289,,0,
71.0,9.0,0,3.3315092683769763,-60.714554,1,-64.04606326837697
72.0,9.0,0,77.41460279922467,,0,
73.0,9.0,0,140.49181678917375,,0,
74.0,9.0,0,181.91796089609852,,0,
75.0,9.0,0,192.66514724609442,423.967362,1,231.30221475390556
76.0,9.0,0,165.51002268743468,,0,
77.0,9.0,0,110.26314426471072,,0,
78.0,9.0,0,38.201735788956285,,0,
79.0,9.0,0,-37.41647882713005,-250.531991,1,-213.11551217286996
80.0,9.0,0,-102.56210233585443,,0,
81.0,9.0,0,-156.7577171404846,,0,
82.0,9.0,0,-198.02170303021558,,0,
83.0,9.0,0,-224.23362181457924,-294.903261,1,-70.66963918542075
84.0,9.0,0,-235.7345141817059,,0,
85.0,9.0,0,-238.36137096156017,,0,
86.0,9.0,0,-237.71491290419362,,0,
87.0,9.0,0,-239.4613487313036,123.563737,1,363.0250857313036
88.0,9.0,0,-249.90821871371008,,0,
89.0,9.0,0,-272.01546131639043,,0,
90.0,9.0,0,-297.0389980827458,,0,
91.0,9.0,0,-312.6193512882455,-540.5918,1,-227.9724487117545
92.0,9.0,0,-310.2414440419234,,0,
93.0,9.0,0,-296.3463310190564,,0,
94.0,9.0,0,-275.40733311575605,,0,
95.0,9.0,0,-251.63071370631224,-262.171011,1,-10.540297293687786
96.0,9.0,0,-230.0993869697122,,0,
97.0,9.0,0,-216.09822538826847,,0,
98.0,9.0,0,-213.44823871476547,,0,
99.0,9.0,0,-224.18897000950528,-243.243215,1,-19.05424499049471
100.0,9.0,0,-246.11309641230037,,0,
101.0,9.0,0,-277.49836234908435,,0,
102.0,9.0,0,-318.7897663413605,,0,
103.0,9.0,0,-372.53599438717356,-216.205369,1,156.33062538717357
104.0,9.0,0,-439.41619390336564,,0,
105.0,9.0,0,-509.89426612091484,,0,
106.0,9.0,0,-575.4634547409514,,0,
107.0,9.0,0,-628.974860920629,-843.459207,1,-214.484346079371
108.0,9.0,0,-667.3626452709432,,0,
109.0,9.0,0,-689.4407797195017,,0,
110.0,9.0,0,-697.3572593898862,,0,
111.0,9.0,0,-693.9218405531137,-502.390978,1,191.5308625531137
112.0,9.0,0,-681.4970576314081,,0,
113.0,9.0,0,-661.6479687445099,,0,
114.0,9.0,0,-634.1445088650798,,0,
115.0,9.0,0,-599.4489616661449,-581.507284,1,17.94167766614487
116.0,9.0,0,-559.5565304368502,,0,
117.0,9.0,0,-516.3201317508356,,0,
118.0,9.0,0,-473.5007680254639,,0,
119.0,9.0,0,-435.9908249769942,-238.593391,1,197.3974339769942
120.0,9.0,0,-405.11437858088175,,0,
121.0,9.0,0,-380.82011874881573,,0,
122.0,9.0,0,-361.4499969985336,,0,
123.0,9.0,0,-344.5919218194322,-499.87222,1,-155.28029818056785
124.0,9.0,0,-327.2372687899042,,0,
125.0,9.0,0,-306.62526715232525,,0,
126.0,9.0,0,-283.5253877057694,,0,
127.0,9.0,0,-260.4271655039629,-320.730143,1,-60.3029774960371
128.0,9.0,0,-238.81163680291502,,0,
129.0,9.0,0,-222.05367626214866,,0,
130.0,9.0,0,-210.90936560742557,,0,
131.0,9.0,0,-202.8109240878839,-267.380245,1,-64.5693209121161
132.0,9.0,0,-191.56184485543054,,0,
133.0,9.0,0,-172.73578377999365,,0,
134.0,9.0,0,-140.55475202703383,,0,
135.0,9.0,0,-90.42770165693946,-185.812678,1,-95.38497634306054
136.0,9.0,0,-23.542999085912015,,0,
137.0,9.0,0,50.19765378138982,,0,
138.0,9.0,0,119.56497325492091,,0,
139.0,9.0,0,172.30743282689946,267.41848,1,95.11104717310053
140.0,9.0,0,198.80932127009146,,0,
141.0,9.0,0,196.95749103231356,,0,
142.0,9.0,0,168.6776784809772,,0,
143.0,9.0,0,123.01503612985834,-41.236724,1,-164.25176012985835
144.0,9.0,0,73.39067263226025,,0,
145.0,9.0,0,33.03232648433186,,0,
146.0,9.0,0,9.382666495861486,,0,
147.0,9.0,0,5.595375542296097,-238.058839,1,-243.6542145422961
148.0,9.0,0,12.569250264321454,,0,
149.0,9.0,0,19.00475656823255,,0,
150.0,9.0,0,18.942794389324263,,0,
151.0,9.0,0,8.807789061684161,45.589158,1,36.781368938315836
152.0,9.0,0,-12.439948795246892,,0,
153.0,9.0,0,-43.443531250581145,,0,
154.0,9.0,0,-83.8555617169477,,0,
155.0,9.0,0,-132.66164262511302,-164.082614,1,-31.42097137488699
156.0,9.0,0,-185.73756596981548,,0,
157.0,9.0,0,-240.13776523573324,,0,
158.0,9.0,0,-293.1894887613598,,0,
159.0,9.0,0,-342.9862215046305,-285.118619,1,57.8676025046305
160.0,9.0,0,-388.395234887721,,0,
161.0,9.0,0,-425.05177830625325,,0,
162.0,9.0,0,-449.7542610960081,,0,
163.0,9.0,0,-460.9145257099299,-507.981712,1,-47.06718629007014
164.0,9.0,0,-458.00750631978735,,0,
165.0,9.0,0,-440.43748100614175,,0,
166.0,9.0,0,-409.0331730269827,,0,
167.0,9.0,0,-365.3129562186077,-536.198665,1,-170.88570878139228
168.0,9.0,0,-313.75496522849426,,0,
169.0,9.0,0,-258.6486490177922,,0,
170.0,9.0,0,-202.48070393386297,,0,
171.0,9.0,0,-146.6531877880916,-245.281732,1,-98.6285442119084
172.0,9.0,0,-92.05035302299075,,0,
173.0,9.0,0,-39.62463292106986,,0,
174.0,9.0,0,8.759335263632238,,0,
175.0,9.0,0,49.609325365163386,51.810974,1,2.2016486348366158
176.0,9.0,0,81.53691005380824,,0,
177.0,9.0,0,103.16359272762202,,0,
178.0,9.0,0,112.60807885462418,,0,
179.0,9.0,0,108.68684075784404,-155.809035,1,-264.49587575784403
180.0,9.0,0,91.64477409468964,,0,
181.0,9.0,0,62.30906481388956,,0,
182.0,9.0,0,19.746443043462932,,0,
183.0,9.0,0,-35.32236067717895,52.004187,1,87.32654767717895
184.0,9.0,0,-97.97649312671274,,0,
185.0,9.0,0,-158.2853861199692,,0,
186.0,9.0,0,-208.99806931451894,,0,
187.0,9.0,0,-244.80410528020002,-290.274861,1,-45.47075571979997
188.0,9.0,0,-261.8891217971686,,0,
189.0,9.0,0,-261.47718059504405,,0,
190.0,9.0,0,-246.51033557998016,,0,
191.0,9.0,0,-219.62722717784345,-345.000624,1,-125.37339682215656
192.0,9.0,0,-181.0847508981824,,0,
193.0,9.0,0,-137.30825013061985,,0,
194.0,9.0,0,-93.43588514719158,,0,
195.0,9.0,0,-51.568553648656234,-203.578167,1,-152.00961335134377
196.0,9.0,0,-10.017386378254741,,0,
197.0,9.0,0,25.720287246629596,,0,
198.0,9.0,0,52.90528966858983,,0,
199.0,9.0,0,70.62213041447103,137.082898,1,66.46076758552897
0.0,10.0,0,269.6520949341357,,0,
1.0,10.0,0,259.8366128690541,,0,
2.0,10.0,0,256.24588025175035,-13.165047,1,-269.41092725175037
3.0,10.0,0,264.25461563980207,,0,
4.0,10.0,0,273.7489351325203,,0,
5.0,10.0,0,278.622111864388,,0,
6.0,10.0,0,276.5493256689515,311.535675,1,34.98634933104853
7.0,10.0,0,267.01317506609485,,0,
8.0,10.0,0,252.2073969533667,,0,
9.0,10.0,0,233.78515171981417,,0,
10.0,10.0,0,212.3642021168489,267.740889,1,55.37668688315108
11.0,10.0,0,187.193105843151,,0,
12.0,10.0,0,159.77966722240672,,0,
13.0,10.0,0,130.4243269301951,,0,
14.0,10.0,0,98.33614260470495,181.35802,1,83.02187739529506
15.0,10.0,0,60.539560093544424,,0,
16.0,10.0,0,16.949301982996985,,0,
17.0,10.0,0,-33.34018223406747,,0,
18.0,10.0,0,-88.53230565297417,-193.226199,1,-104.69389334702583
19.0,10.0,0,-143.72749886196107,,0,
20.0,10.0,0,-194.8848743578419,,0,
21.0,10.0,0,-239.68889858853072,,0,
22.0,10.0,0,-277.0452558763791,-261.426785,1,15.618470876379092
23.0,10.0,0,-306.92341480543837,,0,
24.0,10.0,0,-329.1801368803717,,0,
25.0,10.0,0,-343.8757068924606,,0,
26.0,10.0,0,-349.9720315338345,-406.581773,1,-56.609741466165474
27.0,10.0,0,-345.08473989367485,,0,
28.0,10.0,0,-329.5761569880415,,0,
29.0,10.0,0,-302.59873080672696,,0,
30.0,10.0,0,-263.558406220749,-314.085994,1,-50.52758777925101
31.0,10.0,0,-215.0327759431675,,0,
32.0,10.0,0,-160.23251605173573,,0,
33.0,10.0,0,-103.39759520388907,,0,
34.0,10.0,0,-53.224499264732,221.797698,1,275.022197264732
35.0,10.0,0,-23.848462437512353,,0,
36.0,10.0,0,-12.777355973375961,,0,
37.0,10.0,0,-14.299088926636614,,0,
38.0,10.0,0,-22.787469711271115,-61.734775,1,-38.947305288728884
39.0,10.0,0,-33.70751770911738,,0,
40.0,10.0,0,-45.987458371557295,,0,
41.0,10.0,0,-59.50850936456118,,0,
42.0,10.0,0,-74.32888284977525,-70.615661,1,3.713221849775252
43.0,10.0,0,-88.8548915174324,,0,
44.0,10.0,0,-102.63849646621384,,0,
45.0,10.0,0,-116.56947918562219,,0,
46.0,10.0,0,-132.33946534758434,-11.781059,1,120.55840634758434
47.0,10.0,0,-154.91168295708485,,0,
48.0,10.0,0,-183.3949683071114,,0,
49.0,10.0,0,-213.426626119297,,0,
50.0,10.0,0,-241.43158747826237,-314.79522,1,-73.3636325217376
51.0,10.0,0,-264.4539098691894,,0,
52.0,10.0,0,-279.6342916392023,,0,
53.0,10.0,0,-285.40294344339054,,0,
54.0,10.0,0,-283.1353624841431,-320.486537,1,-37.35117451585688
55.0,10.0,0,-275.99169443780556,,0,
56.0,10.0,0,-267.97017681854777,,0,
57.0,10.0,0,-262.13646364433225,,0,
58.0,10.0,0,-258.7267472719541,-315.240188,1,-56.51344072804591
59.0,10.0,0,-255.97755804948974,,0,
60.0,10.0,0,-255.2937006613938,,0,
61.0,10.0,0,-257.15915177809075,,0,
62.0,10.0,0,-260.5959908257937,-367.889711,1,-107.29372017420627
63.0,10.0,0,-263.910288950894,,0,
64.0,10.0,0,-265.5278253087308,,0,
65.0,10.0,0,-263.2768953955965,,0,
66.0,10.0,0,-253.71663500275463,-257.920633,1,-4.203997997245381
67.0,10.0,0,-232.81983464641962,,0,
68.0,10.0,0,-196.93851691292366,,0,
69.0,10.0,0,-146.95201693972922,,0,
70.0,10.0,0,-84.63527825044002,-372.342077,1,-287.70679874956
71.0,10.0,0,-9.198262561578304,,0,
72.0,10.0,0,63.933731282828376,,0,
73.0,10.0,0,123.11718231986742,,0,
74.0,10.0,0,159.6115369722247,177.462126,1,17.8505890277753
75.0,10.0,0,165.82842661236646,,0,
76.0,10.0,0,138.4652446412947,,0,
77.0,10.0,0,83.84551524138078,,0,
78.0,10.0,0,14.438441461883485,-34.196202,1,-48.634643461883485
79.0,10.0,0,-54.85192053602077,,0,
80.0,10.0,0,-114.15729283133987,,0,
81.0,10.0,0,-160.7761213129852,,0,
82.0,10.0,0,-193.6622847552644,-278.880375,1,-85.2180902447356
83.0,10.0,0,-210.49316727049882,,0,
84.0,10.0,0,-214.52548330882564,,0,
85.0,10.0,0,-211.1176064425381,,0,
86.0,10.0,0,-206.67923125711968,84.961263,1,291.6404942571197
87.0,10.0,0,-207.33267462882213,,0,
88.0,10.0,0,-218.82649401435629,,0,
89.0,10.0,0,-242.41596076928545,,0,
90.0,10.0,0,-269.5869131060317,-471.938878,1,-202.35196489396827
91.0,10.0,0,-284.369446543511,,0,
92.0,10.0,0,-283.71925414167345,,0,
93.0,10.0,0,-270.30594527433277,,0,
94.0,10.0,0,-248.35988211410586,-308.700144,1,-60.340261885894165
95.0,10.0,0,-222.71151673884015,,0,
96.0,10.0,0,-198.8786370343878,,0,
97.0,10.0,0,-182.41346133610932,,0,
98.0,10.0,0,-178.2514483081759,-50.800539,1,127.4509093081759
99.0,10.0,0,-190.93328920949716,,0,
100.0,10.0,0,-216.68353956346982,,0,
101.0,10.0,0,-253.44537350302562,,0,
102.0,10.0,0,-301.7278800672211,-142.912271,1,158.81560906722112
103.0,10.0,0,-365.4393334473716,,0,
104.0,10.0,0,-439.25630382282543,,0,
105.0,10.0,0,-515.0887005086988,,0,
106.0,10.0,0,-583.9403640903765,-742.336195,1,-158.39583090962344
107.0,10.0,0,-636.0641303358716,,0,
108.0,10.0,0,-671.7964204994496,,0,
109.0,10.0,0,-692.09726605576,,0,
110.0,10.0,0,-699.2692255422007,-556.044899,1,143.22432654220074
111.0,10.0,0,-694.8407116032322,,0,
112.0,10.0,0,-680.1417548935278,,0,
113.0,10.0,0,-656.2978341194103,,0,
114.0,10.0,0,-624.3016794226132,-624.197459,1,0.1042204226132526
115.0,10.0,0,-586.4026173945749,,0,
116.0,10.0,0,-545.1421642435016,,0,
117.0,10.0,0,-502.63252994348295,,0,
118.0,10.0,0,-462.36814244807465,-292.999819,1,169.36832344807465
119.0,10.0,0,-430.74524432764156,,0,
120.0,10.0,0,-405.30980975402053,,0,
121.0,10.0,0,-385.47086568467785,,0,
122.0,10.0,0,-370.7174904073472,-407.480862,1,-36.76337159265279
123.0,10.0,0,-358.82747240614844,,0,
124.0,10.0,0,-347.1463594508823,,0,
125.0,10.0,0,-332.80461050220765,,0,
126.0,10.0,0,-314.42444082238944,-426.69356,1,-112.26911917761055
127.0,10.0,0,-295.186139328056,,0,
128.0,10.0,0,-277.8957594312378,,0,
129.0,10.0,0,-264.3855165852001,,0,
130.0,10.0,0,-254.51265372883063,-259.197451,1,-4.684797271169373
131.0,10.0,0,-244.80115177563857,,0,
132.0,10.0,0,-229.2551651808899,,0,
133.0,10.0,0,-201.9938875020016,,0,
134.0,10.0,0,-157.00447954202536,-343.547661,1,-186.54318145797464
135.0,10.0,0,-86.85945669934154,,0,
136.0,10.0,0,3.0436763369943947,,0,
137.0,10.0,0,103.67693153943401,,0,
138.0,10.0,0,202.5720341129927,379.481472,1,176.9094378870073
139.0,10.0,0,282.6559490952641,,0,
140.0,10.0,0,334.48888285283465,,0,
141.0,10.0,0,348.3621379259275,,0,
142.0,10.0,0,320.9942500566831,596.903475,1,275.9092249433169
143.0,10.0,0,264.43539625010453,,0,
144.0,10.0,0,194.149389592465,,0,
145.0,10.0,0,124.1249477097299,,0,
146.0,10.0,0,67.67144735204056,-362.350243,1,-430.02169035204054
147.0,10.0,0,39.8501027575694,,0,
148.0,10.0,0,29.037752574891783,,0,
149.0,10.0,0,26.563922439003363,,0,
150.0,10.0,0,25.919332245597616,137.357404,1,111.43807175440239
151.0,10.0,0,20.31327650952153,,0,
152.0,10.0,0,9.52913343301043,,0,
153.0,10.0,0,-7.091472395230085,,0,
154.0,10.0,0,-31.208943238016218,61.56924,1,92.77818323801623
155.0,10.0,0,-65.17680685804226,,0,
156.0,10.0,0,-105.50543796084821,,0,
157.0,10.0,0,-149.8279617165681,,0,
158.0,10.0,0,-196.29223750252277,-193.070535,1,3.22170250252276
159.0,10.0,0,-243.36313060112298,,0,
160.0,10.0,0,-289.03104536491446,,0,
161.0,10.0,0,-329.9578645257279,,0,
162.0,10.0,0,-362.93529398250394,-417.358473,1,-54.42317901749607
163.0,10.0,0,-384.39800869405735,,0,
164.0,10.0,0,-393.12414627778344,,0,
165.0,10.0,0,-387.66054254374467,,0,
166.0,10.0,0,-367.63482536538504,-514.508664,1,-146.8738386346149
167.0,10.0,0,-331.86473640287295,,0,
168.0,10.0,0,-286.84267553221434,,0,
169.0,10.0,0,-236.67088898760267,,0,
170.0,10.0,0,-183.63798508537002,-279.402668,1,-95.76468291462999
171.0,10.0,0,-128.88322707358748,,0,
172.0,10.0,0,-72.82360783172771,,0,
173.0,10.0,0,-16.2285551186651,,0,
174.0,10.0,0,37.75240782601759,196.803173,1,159.0507651739824
175.0,10.0,0,82.07919488009065,,0,
176.0,10.0,0,116.77149879699573,,0,
177.0,10.0,0,139.8611853006296,,0,
178.0,10.0,0,149.98208143399097,-77.691127,1,-227.67320843399096
179.0,10.0,0,146.62904087710194,,0,
180.0,10.0,0,128.87389601091854,,0,
181.0,10.0,0,96.1138904131949,,0,
182.0,10.0,0,48.66188985086046,213.645849,1,164.98395914913954
183.0,10.0,0,-14.209321218077093,,0,
184.0,10.0,0,-83.48842544434592,,0,
185.0,10.0,0,-149.2800027304329,,0,
186.0,10.0,0,-202.56384862959385,-377.319073,1,-174.75522437040615
187.0,10.0,0,-237.8895718769636,,0,
188.0,10.0,0,-251.63205462973565,,0,
189.0,10.0,0,-244.16962727019563,,0,
190.0,10.0,0,-219.83765872661024,-502.208585,1,-282.3709262733898
191.0,10.0,0,-183.10939096892253,,0,
192.0,10.0,0,-137.6942622375209,,0,
193.0,10.0,0,-89.80389912892133,,0,
194.0,10.0,0,-45.37571557192132,-257.190118,1,-211.81440242807867
195.0,10.0,0,-7.067578719230369,,0,
196.0,10.0,0,25.06795397726819,,0,
197.0,10.0,0,50.35200947988778,,0,
198.0,10.0,0,69.35321442154236,-33.032438,1,-102.38565242154236
199.0,10.0,0,81.15227284189314,,0,
0.0,11.0,0,255.51837162300944,,0,
1.0,11.0,0,244.78554974892177,5.589234,1,-239.19631574892176
2.0,11.0,0,239.51799710770138,,0,
3.0,11.0,0,241.73279750626534,,0,
4.0,11.0,0,246.47260200302117,,0,
5.0,11.0,0,248.50708920648322,281.233881,1,32.72679179351678
6.0,11.0,0,245.7731312699616,,0,
7.0,11.0,0,238.1922863163054,,0,
8.0,11.0,0,227.14036843040958,,0,
9.0,11.0,0,213.79893646598794,274.695446,1,60.89650953401207
10.0,11.0,0,198.28825092385523,,0,
11.0,11.0,0,179.95743831177242,,0,
12.0,11.0,0,158.28010076028295,,0,
13.0,11.0,0,132.29072491731495,260.539865,1,128.24914008268507
14.0,11.0,0,101.73922553774901,,0,
15.0,11.0,0,65.53521332331002,,0,
16.0,11.0,0,21.726745895808563,,0,
17.0,11.0,0,-31.948624953860417,57.058201,1,89.00682595386041
18.0,11.0,0,-92.30222039867658,,0,
19.0,11.0,0,-151.2639634447405,,0,
20.0,11.0,0,-204.43962596403435,,0,
21.0,11.0,0,-249.57211108203046,-249.504338,1,0.06777308203047028
22.0,11.0,0,-285.4054016135633,,0,
23.0,11.0,0,-311.42928932840005,,0,
24.0,11.0,0,-327.5854561543092,,0,
25.0,11.0,0,-334.3418066209415,-312.268907,1,22.072899620941484
26.0,11.0,0,-331.7309308173135,,0,
27.0,11.0,0,-319.1522503166925,,0,
28.0,11.0,0,-296.72960459184833,,0,
29.0,11.0,0,-264.1429344539065,-379.001514,1,-114.8585795460935
30.0,11.0,0,-219.8407012084499,,0,
31.0,11.0,0,-168.93557994253933,,0,
32.0,11.0,0,-115.56382889207453,,0,
33.0,11.0,0,-64.27435146993957,167.473304,1,231.7476554699396
34.0,11.0,0,-22.489465050399303,,0,
35.0,11.0,0,1.9008039460750297,,0,
36.0,11.0,0,9.314537840196863,,0,
37.0,11.0,0,4.915626842761412,200.201811,1,195.28618415723858
38.0,11.0,0,-5.597694345051423,,0,
39.0,11.0,0,-18.06173359323293,,0,
40.0,11.0,0,-31.736866605002433,,0,
41.0,11.0,0,-47.85274280933663,61.069992,1,108.92273480933663
42.0,11.0,0,-66.30331571726128,,0,
43.0,11.0,0,-82.35141515056603,,0,
44.0,11.0,0,-95.66706818994135,,0,
45.0,11.0,0,-108.18088946130592,8.143198,1,116.32408746130592
46.0,11.0,0,-121.03415875765495,,0,
47.0,11.0,0,-135.92885572090745,,0,
48.0,11.0,0,-152.39037809357978,,0,
49.0,11.0,0,-169.06097456172574,-124.553233,1,44.50774156172574
50.0,11.0,0,-185.62803068012,,0,
51.0,11.0,0,-200.22536653198767,,0,
52.0,11.0,0,-211.5686282842653,,0,
53.0,11.0,0,-218.42074294388294,-185.875895,1,32.54484794388293
54.0,11.0,0,-221.23148355155718,,0,
55.0,11.0,0,-220.73006551689468,,0,
56.0,11.0,0,-219.44218191411346,,0,
57.0,11.0,0,-219.80355974801932,-267.208589,1,-47.40502925198069
58.0,11.0,0,-221.65193834342062,,0,
59.0,11.0,0,-224.31424299813807,,0,
60.0,11.0,0,-229.32386931817746,,0,
61.0,11.0,0,-238.2231688356842,-225.881762,1,12.341406835684182
62.0,11.0,0,-248.7577329413034,,0,
63.0,11.0,0,-257.8901311487425,,0,
64.0,11.0,0,-263.734013749985,,0,
65.0,11.0,0,-264.0885209853295,-307.415419,1,-43.32689801467046
66.0,11.0,0,-255.1061363448389,,0,
67.0,11.0,0,-234.32500037387945,,0,
68.0,11.0,0,-198.58098176465137,,0,
69.0,11.0,0,-146.58817577111768,-483.330042,1,-336.7418662288823
70.0,11.0,0,-81.23926561535336,,0,
71.0,11.0,0,-7.711443382780999,,0,
72.0,11.0,0,61.65267964673694,,0,
73.0,11.0,0,114.62498469674028,38.167806,1,-76.45717869674029
74.0,11.0,0,144.16240831644973,,0,
75.0,11.0,0,145.89821869088337,,0,
76.0,11.0,0,117.8594756188686,,0,
77.0,11.0,0,63.6628960314556,261.096309,1,197.43341296854442
78.0,11.0,0,-2.9144348091213033,,0,
79.0,11.0,0,-67.14790823380463,,0,
80.0,11.0,0,-120.02043764828704,,0,
81.0,11.0,0,-158.67993198282784,-335.836512,1,-177.1565800171722
82.0,11.0,0,-182.70760030520614,,0,
83.0,11.0,0,-192.28077186725568,,0,
84.0,11.0,0,-190.1627249106532,,0,
85.0,11.0,0,-181.1418938441493,-141.917772,1,39.224121844149295
86.0,11.0,0,-172.40933583158767,,0,
87.0,11.0,0,-169.59331301099155,,0,
88.0,11.0,0,-178.9129302748479,,0,
89.0,11.0,0,-202.6447448527906,-219.477227,1,-16.83248214720939
90.0,11.0,0,-230.29412378219422,,0,
91.0,11.0,0,-248.19904888834571,,0,
92.0,11.0,0,-250.96329750973382,,0,
93.0,11.0,0,-239.76847308312426,-263.42849,1,-23.660016916875747
94.0,11.0,0,-218.0425215616997,,0,
95.0,11.0,0,-191.25171800714452,,0,
96.0,11.0,0,-165.67659912543604,,0,
97.0,11.0,0,-148.3256406985456,0.110858,1,148.43649869854562
98.0,11.0,0,-145.38111249223584,,0,
99.0,11.0,0,-160.03226881934097,,0,
100.0,11.0,0,-190.45979328267276,,0,
101.0,11.0,0,-234.29130688024452,-123.261502,1,111.02980488024453
102.0,11.0,0,-291.1609332719818,,0,
103.0,11.0,0,-360.96723761150497,,0,
104.0,11.0,0,-438.72444666300726,,0,
105.0,11.0,0,-516.4890110286651,-640.744731,1,-124.25571997133488
106.0,11.0,0,-585.3826652065327,,0,
107.0,11.0,0,-637.8698720766115,,0,
108.0,11.0,0,-672.2800151308766,,0,
109.0,11.0,0,-690.6479927558685,-613.618847,1,77.02914575586851
110.0,11.0,0,-696.9817871977866,,0,
111.0,11.0,0,-691.3369317713077,,0,
112.0,11.0,0,-674.5052932813123,,0,
113.0,11.0,0,-647.5249248899054,-690.65462,1,-43.129695110094644
114.0,11.0,0,-611.884889686422,,0,
115.0,11.0,0,-571.9886425688746,,0,
116.0,11.0,0,-531.3250803603441,,0,
117.0,11.0,0,-492.0767378635355,-409.850543,1,82.22619486353551
118.0,11.0,0,-456.9889829288586,,0,
119.0,11.0,0,-428.98297742020804,,0,
120.0,11.0,0,-407.16391944044153,,0,
121.0,11.0,0,-390.3042368495371,-327.337547,1,62.96668984953715
122.0,11.0,0,-378.65147639712086,,0,
123.0,11.0,0,-369.5136005670647,,0,
124.0,11.0,0,-361.092032042332,,0,
125.0,11.0,0,-350.93366636231076,-546.408553,1,-195.47488663768922
126.0,11.0,0,-334.5815976613667,,0,
127.0,11.0,0,-318.10580784874037,,0,
128.0,11.0,0,-304.21346038236516,,0,
129.0,11.0,0,-293.3161675957963,-201.559588,1,91.7565795957963
130.0,11.0,0,-284.8287265604595,,0,
131.0,11.0,0,-275.13756329589523,,0,
132.0,11.0,0,-257.19416534283664,,0,
133.0,11.0,0,-222.85719502344728,-423.26022,1,-200.40302497655273
134.0,11.0,0,-166.46695700200507,,0,
135.0,11.0,0,-83.6747641802067,,0,
136.0,11.0,0,22.763410039944574,,0,
137.0,11.0,0,143.5469031931134,34.003641,1,-109.54326219311339
138.0,11.0,0,265.46640466572717,,0,
139.0,11.0,0,373.3009966011159,,0,
140.0,11.0,0,451.6463771739509,,0,
141.0,11.0,0,483.5566706962418,964.67218,1,481.11550930375824
142.0,11.0,0,458.4605679665692,,0,
143.0,11.0,0,395.0091407522559,,0,
144.0,11.0,0,307.9605748101603,,0,
145.0,11.0,0,213.80656490544789,183.805872,1,-30.00069290544789
146.0,11.0,0,130.8241426560562,,0,
147.0,11.0,0,73.25318595662247,,0,
148.0,11.0,0,40.57213436975144,,0,
149.0,11.0,0,25.995332506252453,-78.689705,1,-104.68503750625246
150.0,11.0,0,22.11312257591635,,0,
151.0,11.0,0,22.333604662213475,,0,
152.0,11.0,0,23.221240819082595,,0,
153.0,11.0,0,21.957268909551203,76.158018,1,54.200749090448795
154.0,11.0,0,14.679363573901355,,0,
155.0,11.0,0,-1.720722380792722,,0,
156.0,11.0,0,-26.906392491189763,,0,
157.0,11.0,0,-59.13660186040215,-68.698402,1,-9.56180013959785
158.0,11.0,0,-96.8538502373267,,0,
159.0,11.0,0,-138.70238505350426,,0,
160.0,11.0,0,-182.44599825143814,,0,
161.0,11.0,0,-224.87529328721575,-446.896,1,-222.02070671278426
162.0,11.0,0,-263.5854971779045,,0,
163.0,11.0,0,-295.4154196657473,,0,
164.0,11.0,0,-316.3296522658784,,0,
165.0,11.0,0,-322.2354258717969,-409.501858,1,-87.26643212820312
166.0,11.0,0,-312.8705648591276,,0,
167.0,11.0,0,-289.0531077689957,,0,
168.0,11.0,0,-254.42927217576653,,0,
169.0,11.0,0,-212.8528606996406,-213.970847,1,-1.117986300359405
170.0,11.0,0,-166.85143938614056,,0,
171.0,11.0,0,-117.61079530755524,,0,
172.0,11.0,0,-64.99222954455763,,0,
173.0,11.0,0,-9.23387948423624,25.805214,1,35.03909348423624
174.0,11.0,0,45.79592127306387,,0,
175.0,11.0,0,94.52947908034548,,0,
176.0,11.0,0,133.11118452483788,,0,
177.0,11.0,0,157.83161441609263,179.043827,1,21.21221258390736
178.0,11.0,0,168.79567594011314,,0,
179.0,11.0,0,166.86323384498246,,0,
180.0,11.0,0,149.42893366795033,,0,
181.0,11.0,0,113.24468589946628,371.19723,1,257.9525441005337
182.0,11.0,0,60.960671035107225,,0,
183.0,11.0,0,-3.7918613106012344,,0,
184.0,11.0,0,-74.09286750247702,,0,
185.0,11.0,0,-140.71261572581716,-273.737008,1,-133.02439227418284
186.0,11.0,0,-192.4084054240957,,0,
187.0,11.0,0,-224.56285693170503,,0,
188.0,11.0,0,-231.65447144047357,,0,
189.0,11.0,0,-212.70719070313498,-525.179272,1,-312.472081296865
190.0,11.0,0,-175.51147167012095,,0,
191.0,11.0,0,-127.36141296289861,,0,
192.0,11.0,0,-73.56388853024691,,0,
193.0,11.0,0,-20.676777547691017,-218.673646,1,-197.99686845230897
194.0,11.0,0,24.16954229027033,,0,
195.0,11.0,0,57.30859454860911,,0,
196.0,11.0,0,78.48807573597878,,0,
197.0,11.0,0,89.87092698225752,-68.087054,1,-157.9579809822575
198.0,11.0,0,97.19656672794372,,0,
199.0,11.0,0,99.47193122655153,,0,
0.0,12.0,0,246.77359914360568,21.772496,1,-225.0011031436057
1.0,12.0,0,235.89796738978475,,0,
2.0,12.0,0,228.36260133888572,,0,
3.0,12.0,0,224.95528024830855,,0,
4.0,12.0,0,223.55713721178472,252.049256,1,28.492118788215294
5.0,12.0,0,220.45566165610217,,0,
6.0,12.0,0,214.59765050373971,,0,
7.0,12.0,0,206.21996340434998,,0,
8.0,12.0,0,196.38296775869094,224.525432,1,28.142464241309057
9.0,12.0,0,185.6758752722526,,0,
10.0,12.0,0,173.9122377311578,,0,
11.0,12.0,0,160.13395396620035,,0,
12.0,12.0,0,142.48373987223022,230.129088,1,87.64534812776978
13.0,12.0,0,117.70728454552591,,0,
14.0,12.0,0,87.0898952584248,,0,
15.0,12.0,0,50.809182095341384,,0,
16.0,12.0,0,6.912058565765619,311.970097,1,305.0580384342344
17.0,12.0,0,-51.0264307630714,,0,
18.0,12.0,0,-113.32710368209518,,0,
19.0,12.0,0,-172.87846753117628,,0,
20.0,12.0,0,-225.44208724191412,-215.514907,1,9.92718024191413
21.0,12.0,0,-268.75181440031156,,0,
22.0,12.0,0,-301.12879217322916,,0,
23.0,12.0,0,-321.58539862791076,,0,
24.0,12.0,0,-329.82497296039946,-325.456297,1,4.368675960399457
25.0,12.0,0,-327.2785958307795,,0,
26.0,12.0,0,-315.4162735508289,,0,
27.0,12.0,0,-294.75318025017623,,0,
28.0,12.0,0,-265.06602716771886,-390.223825,1,-125.15779783228112
29.0,12.0,0,-226.4363277181983,,0,
30.0,12.0,0,-179.90452084550634,,0,
31.0,12.0,0,-129.84927043074276,,0,
32.0,12.0,0,-81.13883702619933,75.052587,1,156.19142402619934
33.0,12.0,0,-37.67374373367056,,0,
34.0,12.0,0,-4.213655959814787,,0,
35.0,12.0,0,14.423034542705864,,0,
36.0,12.0,0,16.972375197103247,345.067705,1,328.09532980289674
37.0,12.0,0,8.124936426524073,,0,
38.0,12.0,0,-6.385767209576443,,0,
39.0,12.0,0,-22.56806535925716,,0,
40.0,12.0,0,-39.66428490693215,133.168544,1,172.83282890693215
41.0,12.0,0,-61.24774133192841,,0,
42.0,12.0,0,-82.42504019930493,,0,
43.0,12.0,0,-99.3533257698873,,0,
44.0,12.0,0,-111.69162700907327,4.330302,1,116.02192900907328
45.0,12.0,0,-122.92571670748293,,0,
46.0,12.0,0,-131.65144052100368,,0,
47.0,12.0,0,-137.96961949096294,,0,
48.0,12.0,0,-141.94320977514144,-163.206285,1,-21.263075224858568
49.0,12.0,0,-145.01682809647173,,0,
50.0,12.0,0,-148.6204281046521,,0,
51.0,12.0,0,-153.7521797666559,,0,
52.0,12.0,0,-161.3256049352931,57.309256,1,218.6348609352931
53.0,12.0,0,-169.0343460550066,,0,
54.0,12.0,0,-175.2867007656023,,0,
55.0,12.0,0,-179.8224537273636,,0,
56.0,12.0,0,-183.79378245654516,-114.851178,1,68.94260445654515
57.0,12.0,0,-189.7900931101758,,0,
58.0,12.0,0,-196.79176281485707,,0,
59.0,12.0,0,-204.61240478575928,,0,
60.0,12.0,0,-214.2768062655814,-45.298145,1,168.9786612655814
61.0,12.0,0,-229.20721701416187,,0,
62.0,12.0,0,-244.09453934431076,,0,
63.0,12.0,0,-255.8146559597226,,0,
64.0,12.0,0,-262.5145894784946,-249.272607,1,13.241982478494606
65.0,12.0,0,-262.38752512214705,,0,
66.0,12.0,0,-252.48568527848693,,0,
67.0,12.0,0,-230.4004958923324,,0,
68.0,12.0,0,-193.24892972421367,-354.772481,1,-161.52355127578636
69.0,12.0,0,-137.28845159278717,,0,
70.0,12.0,0,-69.33788264624309,,0,
71.0,12.0,0,2.679611563857179,,0,
72.0,12.0,0,67.63845307793235,167.959399,1,100.32094592206764
73.0,12.0,0,112.95175310061313,,0,
74.0,12.0,0,134.40843987936387,,0,
75.0,12.0,0,130.40559962275438,,0,
76.0,12.0,0,100.89749192190357,393.438981,1,292.54148907809645
77.0,12.0,0,45.393459607614204,,0,
78.0,12.0,0,-18.901497617305722,,0,
79.0,12.0,0,-78.10582507489016,,0,
80.0,12.0,0,-123.14615586469881,-356.296662,1,-233.1505061353012
81.0,12.0,0,-152.96768738201354,,0,
82.0,12.0,0,-168.6610004666145,,0,
83.0,12.0,0,-171.59233204973862,,0,
84.0,12.0,0,-164.36447984486585,-218.623771,1,-54.25929115513415
85.0,12.0,0,-150.47897948266473,,0,
86.0,12.0,0,-136.99861027102452,,0,
87.0,12.0,0,-129.65372011993895,,0,
88.0,12.0,0,-134.47754161554622,174.42523,1,308.9027716155462
89.0,12.0,0,-158.4672728695441,,0,
90.0,12.0,0,-187.6631789234816,,0,
91.0,12.0,0,-209.1187542132102,,0,
92.0,12.0,0,-214.72398985479958,-347.477927,1,-132.75393714520044
93.0,12.0,0,-205.2646768616396,,0,
94.0,12.0,0,-184.36949216586072,,0,
95.0,12.0,0,-156.71857053029817,,0,
96.0,12.0,0,-129.25756084773457,-146.300716,1,-17.043155152265427
97.0,12.0,0,-111.62530574109405,,0,
98.0,12.0,0,-111.06294678052654,,0,
99.0,12.0,0,-129.8620428443537,,0,
100.0,12.0,0,-166.3181497035548,-168.424107,1,-2.105957296445183
101.0,12.0,0,-217.61728740588296,,0,
102.0,12.0,0,-281.7190115264093,,0,
103.0,12.0,0,-356.300444631197,,0,
104.0,12.0,0,-436.563518239127,-478.359073,1,-41.79555476087302
105.0,12.0,0,-514.9636544311652,,0,
106.0,12.0,0,-583.7099320590496,,0,
107.0,12.0,0,-636.4034723570803,,0,
108.0,12.0,0,-670.0828146778804,-776.85928,1,-106.77646532211963
109.0,12.0,0,-687.4660674828629,,0,
110.0,12.0,0,-691.9714838869404,,0,
111.0,12.0,0,-684.5512209066655,,0,
112.0,12.0,0,-665.6325168064795,-693.917403,1,-28.284886193520492
113.0,12.0,0,-635.7399464385817,,0,
114.0,12.0,0,-597.9321590213804,,0,
115.0,12.0,0,-557.4068120135344,,0,
116.0,12.0,0,-519.2850954713649,-368.121004,1,151.16409147136488
117.0,12.0,0,-484.8497714853147,,0,
118.0,12.0,0,-455.0763059619494,,0,
119.0,12.0,0,-431.15267303562723,,0,
120.0,12.0,0,-412.81362957239617,-327.398594,1,85.41503557239616
121.0,12.0,0,-398.66825200634776,,0,
122.0,12.0,0,-387.51444129558513,,0,
123.0,12.0,0,-377.762701120344,,0,
124.0,12.0,0,-368.23701274057385,-448.695112,1,-80.45809925942615
125.0,12.0,0,-356.7837635029573,,0,
126.0,12.0,0,-342.12845555937383,,0,
127.0,12.0,0,-327.61528331122827,,0,
128.0,12.0,0,-315.9249702701927,-379.998609,1,-64.07363872980727
129.0,12.0,0,-306.46945472812513,,0,
130.0,12.0,0,-299.34557805978693,,0,
131.0,12.0,0,-290.6719128348632,,0,
132.0,12.0,0,-272.6489324073773,-434.476408,1,-161.8274755926227
133.0,12.0,0,-234.02732757094782,,0,
134.0,12.0,0,-172.127542873146,,0,
135.0,12.0,0,-83.03782555146609,,0,
136.0,12.0,0,33.47435262205545,-363.316407,1,-396.7907596220555
137.0,12.0,0,166.96040106139844,,0,
138.0,12.0,0,304.3193250588374,,0,
139.0,12.0,0,431.93830378493294,,0,
140.0,12.0,0,531.3929156255908,1050.849331,1,519.4564153744091
141.0,12.0,0,574.5435123820789,,0,
142.0,12.0,0,562.0455600433052,,0,
143.0,12.0,0,500.68969208630733,,0,
144.0,12.0,0,402.2153138954891,805.036733,1,402.82141910451094
145.0,12.0,0,288.489277059678,,0,
146.0,12.0,0,180.99550683482084,,0,
147.0,12.0,0,96.24795715673827,,0,
148.0,12.0,0,42.52404421870597,-242.577485,1,-285.101529218706
149.0,12.0,0,15.7370828948915,,0,
150.0,12.0,0,8.769492427934892,,0,
151.0,12.0,0,14.844543845392764,,0,
152.0,12.0,0,27.899278175784275,1.348415,1,-26.550863175784276
153.0,12.0,0,42.742886272026226,,0,
154.0,12.0,0,53.40362003236078,,0,
155.0,12.0,0,55.44167640525848,,0,
156.0,12.0,0,46.78572004963644,32.610099,1,-14.17562104963644
157.0,12.0,0,28.726541495183483,,0,
158.0,12.0,0,2.5970356732141227,,0,
159.0,12.0,0,-30.91600400628522,,0,
160.0,12.0,0,-70.27423059148714,-159.080754,1,-88.80652340851287
161.0,12.0,0,-111.65268825157546,,0,
162.0,12.0,0,-154.42494153277948,,0,
163.0,12.0,0,-195.3652522994671,,0,
164.0,12.0,0,-228.78257287258748,-422.569633,1,-193.78706012741253
165.0,12.0,0,-246.10622499068268,,0,
166.0,12.0,0,-249.403901851736,,0,
167.0,12.0,0,-239.46827675774693,,0,
168.0,12.0,0,-217.88409691583365,-97.080143,1,120.80395391583365
169.0,12.0,0,-187.84138646733481,,0,
170.0,12.0,0,-152.25409912364557,,0,
171.0,12.0,0,-112.55345681239851,,0,
172.0,12.0,0,-68.05365350749344,-139.495573,1,-71.44191949250657
173.0,12.0,0,-17.236108570359647,,0,
174.0,12.0,0,35.77242560079321,,0,
175.0,12.0,0,86.10738102672622,,0,
176.0,12.0,0,128.0166686719749,344.665602,1,216.64893332802507
177.0,12.0,0,153.22372189722955,,0,
178.0,12.0,0,165.30425548134372,,0,
179.0,12.0,0,165.316668700194,,0,
180.0,12.0,0,150.50085919140838,460.602057,1,310.1011978085916
181.0,12.0,0,113.09031414985657,,0,
182.0,12.0,0,61.44886052212678,,0,
183.0,12.0,0,0.6735796362627298,,0,
184.0,12.0,0,-63.74548052577302,-112.997783,1,-49.25230247422698
185.0,12.0,0,-123.99928766372614,,0,
186.0,12.0,0,-171.23255983623676,,0,
187.0,12.0,0,-197.43560020951554,,0,
188.0,12.0,0,-194.46156609803438,-486.987334,1,-292.5257679019656
189.0,12.0,0,-159.8676024414599,,0,
190.0,12.0,0,-108.47708503110334,,0,
191.0,12.0,0,-48.54874882148579,,0,
192.0,12.0,0,14.715318570844829,-60.689072,1,-75.40439057084484
193.0,12.0,0,73.239035905106,,0,
194.0,12.0,0,117.38299905112945,,0,
195.0,12.0,0,143.7586228554137,,0,
196.0,12.0,0,153.47791120922193,-111.261807,1,-264.7397182092219
197.0,12.0,0,150.7406894825399,,0,
198.0,12.0,0,141.19605121202767,,0,
199.0,12.0,0,129.18664347473532,,0,
0.0,13.0,0,240.56023973133415,,0,
1.0,13.0,0,229.16761643369682,,0,
2.0,13.0,0,218.71338409371674,,0,
3.0,13.0,0,209.803791140439,191.439574,1,-18.364217140438996
4.0,13.0,0,201.95304239122197,,0,
5.0,13.0,0,193.17125316150486,,0,
6.0,13.0,0,182.8501691990532,,0,
7.0,13.0,0,171.59563159570098,148.512453,1,-23.083178595700986
8.0,13.0,0,160.78100725705735,,0,
9.0,13.0,0,150.52119881776161,,0,
10.0,13.0,0,140.4059342383407,,0,
11.0,13.0,0,128.67395008867607,266.120158,1,137.44620791132394
12.0,13.0,0,112.26897678966634,,0,
13.0,13.0,0,88.1050284509547,,0,
14.0,13.0,0,55.72663077013567,,0,
15.0,13.0,0,15.766199711011723,282.659677,1,266.89347728898827
16.0,13.0,0,-32.56558446283452,,0,
17.0,13.0,0,-89.89532531099394,,0,
18.0,13.0,0,-150.1774013186805,,0,
19.0,13.0,0,-207.07381717138924,-198.576444,1,8.497373171389228
20.0,13.0,0,-256.4996659606695,,0,
21.0,13.0,0,-295.66599236475304,,0,
22.0,13.0,0,-322.6445214035921,,0,
23.0,13.0,0,-336.35976248723455,-401.220829,1,-64.86106651276543
24.0,13.0,0,-335.7083542982582,,0,
25.0,13.0,0,-323.4956445675343,,0,
26.0,13.0,0,-302.3350289359223,,0,
27.0,13.0,0,-274.0649255698081,-311.761432,1,-37.6965064301919
28.0,13.0,0,-237.68265513097867,,0,
29.0,13.0,0,-194.3968888106756,,0,
30.0,13.0,0,-146.7758302516304,,0,
31.0,13.0,0,-99.24279237166047,-47.447063,1,51.79572937166047
32.0,13.0,0,-56.86056282662321,,0,
33.0,13.0,0,-21.867644716752693,,0,
34.0,13.0,0,3.05800952273421,,0,
35.0,13.0,0,15.083199369255453,150.625904,1,135.54270463074454
36.0,13.0,0,10.581587146036327,,0,
37.0,13.0,0,-4.683239842299372,,0,
38.0,13.0,0,-25.475259084254503,,0,
39.0,13.0,0,-48.160976660845336,163.649534,1,211.81051066084532
40.0,13.0,0,-71.83234283863567,,0,
41.0,13.0,0,-96.92643839656375,,0,
42.0,13.0,0,-120.10144623101223,,0,
43.0,13.0,0,-137.6659396905452,-154.090801,1,-16.424861309454798
44.0,13.0,0,-149.53288664645515,,0,
45.0,13.0,0,-156.8499002265744,,0,
46.0,13.0,0,-159.170100572519,,0,
47.0,13.0,0,-156.52422100130934,-247.536461,1,-91.01223999869066
48.0,13.0,0,-148.4891989538446,,0,
49.0,13.0,0,-139.2889438883867,,0,
50.0,13.0,0,-131.51779713318683,,0,
51.0,13.0,0,-127.44016430398915,63.050051,1,190.49021530398915
52.0,13.0,0,-131.65879450237844,,0,
53.0,13.0,0,-139.22440443118103,,0,
54.0,13.0,0,-147.9489528844133,,0,
55.0,13.0,0,-156.89437753881793,46.936274,1,203.83065153881793
56.0,13.0,0,-166.1127076440025,,0,
57.0,13.0,0,-176.3623308261158,,0,
58.0,13.0,0,-187.94569579756353,,0,
59.0,13.0,0,-201.54703987250105,70.561762,1,272.10880187250103
60.0,13.0,0,-216.83449666714296,,0,
61.0,13.0,0,-233.68241455196403,,0,
62.0,13.0,0,-249.1100074343849,,0,
63.0,13.0,0,-260.135154945252,-148.685386,1,111.449768945252
64.0,13.0,0,-264.88532088237116,,0,
65.0,13.0,0,-261.8026675756555,,0,
66.0,13.0,0,-248.7846071118256,,0,
67.0,13.0,0,-223.12302069860743,-294.772831,1,-71.64981030139256
68.0,13.0,0,-181.78669308812823,,0,
69.0,13.0,0,-123.75533993775025,,0,
70.0,13.0,0,-54.67812044173479,,0,
71.0,13.0,0,15.845159067190252,77.180721,1,61.33556193280975
72.0,13.0,0,76.06066741119139,,0,
73.0,13.0,0,114.87201188295148,,0,
74.0,13.0,0,127.41180970560526,,0,
75.0,13.0,0,114.4696780621889,459.640893,1,345.1712149378111
76.0,13.0,0,78.70503838127479,,0,
77.0,13.0,0,25.123850611038506,,0,
78.0,13.0,0,-34.207128664595075,,0,
79.0,13.0,0,-87.39555119219585,-308.580949,1,-221.18539780780412
80.0,13.0,0,-123.37792885862291,,0,
81.0,13.0,0,-144.84758287889417,,0,
82.0,13.0,0,-153.1171952986915,,0,
83.0,13.0,0,-149.69583852414507,-199.544617,1,-49.848778475854914
84.0,13.0,0,-137.19663997448515,,0,
85.0,13.0,0,-119.54681936395355,,0,
86.0,13.0,0,-102.6040375662269,,0,
87.0,13.0,0,-92.57575139321852,335.961899,1,428.53765039321854
88.0,13.0,0,-95.9498996277689,,0,
89.0,13.0,0,-116.02870981680462,,0,
90.0,13.0,0,-144.73591008744552,,0,
91.0,13.0,0,-169.06267449643929,-389.739494,1,-220.6768195035607
92.0,13.0,0,-175.82705386180896,,0,
93.0,13.0,0,-167.65637316083303,,0,
94.0,13.0,0,-147.2517039430677,,0,
95.0,13.0,0,-118.18631545174867,-231.812675,1,-113.62635954825134
96.0,13.0,0,-87.90280828659888,,0,
97.0,13.0,0,-70.32100324775092,,0,
98.0,13.0,0,-73.70358500620932,,0,
99.0,13.0,0,-98.92062169668498,-99.486229,1,-0.5656073033150193
100.0,13.0,0,-142.76689212358906,,0,
101.0,13.0,0,-201.4052562433062,,0,
102.0,13.0,0,-271.54654953599675,,0,
103.0,13.0,0,-349.9639476715238,-309.133542,1,40.830405671523806
104.0,13.0,0,-432.13775083768996,,0,
105.0,13.0,0,-510.4074471217464,,0,
106.0,13.0,0,-578.2397781672189,,0,
107.0,13.0,0,-630.7487259026966,-778.771369,1,-148.02264309730344
108.0,13.0,0,-663.246158976166,,0,
109.0,13.0,0,-680.0254010461795,,0,
110.0,13.0,0,-683.5651418718044,,0,
111.0,13.0,0,-674.8269622614607,-725.174415,1,-50.34745273853923
112.0,13.0,0,-654.3812487162941,,0,
113.0,13.0,0,-623.3626856709016,,0,
114.0,13.0,0,-584.8753885395126,,0,
115.0,13.0,0,-544.5390463303775,-388.721744,1,155.81730233037746
116.0,13.0,0,-510.1974157161894,,0,
117.0,13.0,0,-480.70920824079076,,0,
118.0,13.0,0,-456.1590201909421,,0,
119.0,13.0,0,-436.8653646763414,-408.049286,1,28.81607867634142
120.0,13.0,0,-422.6402506700251,,0,
121.0,13.0,0,-410.9591081183171,,0,
122.0,13.0,0,-399.52794163604267,,0,
123.0,13.0,0,-386.9378695196938,-336.20684,1,50.73102951969378
124.0,13.0,0,-373.4100564426626,,0,
125.0,13.0,0,-357.8188707244117,,0,
126.0,13.0,0,-341.07902856572764,,0,
127.0,13.0,0,-325.32558510056697,-334.279564,1,-8.953978899433025
128.0,13.0,0,-312.5543066402315,,0,
129.0,13.0,0,-303.4713662805734,,0,
130.0,13.0,0,-297.17523603804875,,0,
131.0,13.0,0,-289.12828343047295,-395.556497,1,-106.42821356952703
132.0,13.0,0,-270.8960743495263,,0,
133.0,13.0,0,-233.00906665076036,,0,
134.0,13.0,0,-170.86764108389616,,0,
135.0,13.0,0,-81.84907080081757,-410.769942,1,-328.92087119918244
136.0,13.0,0,38.577071083243936,,0,
137.0,13.0,0,175.57962511113146,,0,
138.0,13.0,0,317.4663716000505,,0,
139.0,13.0,0,451.9847907674266,556.869722,1,104.88493123257342
140.0,13.0,0,559.2459319222253,,0,
141.0,13.0,0,618.8112498726696,,0,
142.0,13.0,0,622.9354907457018,,0,
143.0,13.0,0,569.3499093567953,1000.412371,1,431.06246164320476
144.0,13.0,0,463.90045962214936,,0,
145.0,13.0,0,336.94053190323757,,0,
146.0,13.0,0,210.60024150984827,,0,
147.0,13.0,0,103.11121516325511,-219.104109,1,-322.2153241632551
148.0,13.0,0,32.34295304422267,,0,
149.0,13.0,0,-5.561198515119031,,0,
150.0,13.0,0,-14.869489055941813,,0,
151.0,13.0,0,-2.467131794197485,84.38573,1,86.85286179419748
152.0,13.0,0,23.251345284981653,,0,
153.0,13.0,0,53.98547078476986,,0,
154.0,13.0,0,82.24596277659293,,0,
155.0,13.0,0,102.83486639545299,213.670026,1,110.83515960454702
156.0,13.0,0,111.26240365894046,,0,
157.0,13.0,0,109.536127056228,,0,
158.0,13.0,0,98.16025960026309,,0,
159.0,13.0,0,76.8155797100626,-28.651347,1,-105.4669267100626
160.0,13.0,0,45.806165849324316,,0,
161.0,13.0,0,6.669887196389027,,0,
162.0,13.0,0,-38.76457244181074,,0,
163.0,13.0,0,-86.498224419076,-284.281275,1,-197.783050580924
164.0,13.0,0,-129.82993595162407,,0,
165.0,13.0,0,-161.7404498765245,,0,
166.0,13.0,0,-180.41548287961632,,0,
167.0,13.0,0,-186.19649686315097,-231.792118,1,-45.59562113684902
168.0,13.0,0,-179.35896258009598,,0,
169.0,13.0,0,-162.99095238861628,,0,
170.0,13.0,0,-140.20151456748135,,0,
171.0,13.0,0,-113.03439942724071,31.066062,1,144.1004614272407
172.0,13.0,0,-79.45953541365452,,0,
173.0,13.0,0,-37.742920904420316,,0,
174.0,13.0,0,9.673580873990431,,0,
175.0,13.0,0,57.364602570654824,208.851004,1,151.48640142934516
176.0,13.0,0,98.08616548590362,,0,
177.0,13.0,0,125.39157616288867,,0,
178.0,13.0,0,139.00395545829087,,0,
179.0,13.0,0,139.8697453760542,399.421852,1,259.5521066239458
180.0,13.0,0,126.09900834457949,,0,
181.0,13.0,0,95.42536254413426,,0,
182.0,13.0,0,52.39454602217302,,0,
183.0,13.0,0,2.2484497474506497,5.766613,1,3.5181632525493507
184.0,13.0,0,-50.0486458693631,,0,
185.0,13.0,0,-97.90364328329451,,0,
186.0,13.0,0,-133.795681924792,,0,
187.0,13.0,0,-148.46014594845474,-523.092757,1,-374.63261105154527
188.0,13.0,0,-127.64402857003734,,0,
189.0,13.0,0,-79.06351888924837,,0,
190.0,13.0,0,-14.157730162609369,,0,
191.0,13.0,0,57.25915102055296,-192.167582,1,-249.42673302055297
192.0,13.0,0,131.25660828035325,,0,
193.0,13.0,0,193.1706171829719,,0,
194.0,13.0,0,233.83503107260913,,0,
195.0,13.0,0,251.08471695892513,-49.110243,1,-300.1949599589251
196.0,13.0,0,247.80066781584173,,0,
197.0,13.0,0,229.27888334868476,,0,
198.0,13.0,0,201.7274442408234,,0,
199.0,13.0,0,172.26226339070126,-104.131246,1,-276.3935093907013
0.0,14.0,0,234.28113026171923,,0,
1.0,14.0,0,222.04735965793952,,0,
2.0,14.0,0,208.51751360460185,361.815164,1,153.29765039539814
3.0,14.0,0,194.5829876260832,,0,
4.0,14.0,0,180.46534736151807,,0,
5.0,14.0,0,165.72090307809412,,0,
6.0,14.0,0,150.35302276164293,152.262179,1,1.9091562383570704
7.0,14.0,0,135.33267932850868,,0,
8.0,14.0,0,121.72110276483,,0,
9.0,14.0,0,110.07334529818036,,0,
10.0,14.0,0,100.16625353507698,133.221358,1,33.05510446492303
11.0,14.0,0,89.1706658792682,,0,
12.0,14.0,0,73.23432372533716,,0,
13.0,14.0,0,48.559180713724345,,0,
14.0,14.0,0,13.015280546620488,96.217764,1,83.20248345337951
15.0,14.0,0,-31.87230636086315,,0,
16.0,14.0,0,-83.95842116838321,,0,
17.0,14.0,0,-140.4406050434336,,0,
18.0,14.0,0,-196.86953022284433,-187.352807,1,9.51672322284432
19.0,14.0,0,-249.09469265001826,,0,
20.0,14.0,0,-293.6213414480444,,0,
21.0,14.0,0,-327.23834720486775,,0,
22.0,14.0,0,-347.30157245509326,-403.524,1,-56.222427544906736
23.0,14.0,0,-353.1209221156314,,0,
24.0,14.0,0,-344.7826284718467,,0,
25.0,14.0,0,-324.1608865580056,,0,
26.0,14.0,0,-294.23644387628883,-188.721345,1,105.51509887628882
27.0,14.0,0,-259.08693802170455,,0,
28.0,14.0,0,-217.46199819166213,,0,
29.0,14.0,0,-170.9500760701485,,0,
30.0,14.0,0,-123.08295654971153,-85.412383,1,37.67057354971152
31.0,14.0,0,-79.10144607536495,,0,
32.0,14.0,0,-42.50032230676152,,0,
33.0,14.0,0,-15.642778455861844,,0,
34.0,14.0,0,-0.2193754337495193,-58.99555,1,-58.77617456625048
35.0,14.0,0,2.8291464978829026,,0,
36.0,14.0,0,-8.67553307581693,,0,
37.0,14.0,0,-31.171455136034638,,0,
38.0,14.0,0,-59.4977921214886,105.256756,1,164.7545481214886
39.0,14.0,0,-89.349437284749,,0,
40.0,14.0,0,-118.63183379010297,,0,
41.0,14.0,0,-146.62060100457165,,0,
42.0,14.0,0,-171.34855641855393,-250.721655,1,-79.37309858144607
43.0,14.0,0,-188.9889313451713,,0,
44.0,14.0,0,-199.77490030881017,,0,
45.0,14.0,0,-202.7763903522864,,0,
46.0,14.0,0,-197.30820784787647,-249.034633,1,-51.72642515212354
47.0,14.0,0,-184.94993834663182,,0,
48.0,14.0,0,-167.64485225686803,,0,
49.0,14.0,0,-149.3837583034765,,0,
50.0,14.0,0,-134.3038276095176,-74.466875,1,59.83695260951761
51.0,14.0,0,-125.00564620050136,,0,
52.0,14.0,0,-123.77638430194929,,0,
53.0,14.0,0,-129.2984766799491,,0,
54.0,14.0,0,-139.59700413164683,64.619517,1,204.21652113164683
55.0,14.0,0,-152.4225085633807,,0,
56.0,14.0,0,-166.38971872528782,,0,
57.0,14.0,0,-180.96997164725326,,0,
58.0,14.0,0,-196.50499626284,-70.873942,1,125.63105426284
59.0,14.0,0,-215.4023033323465,,0,
60.0,14.0,0,-234.138816828141,,0,
61.0,14.0,0,-251.02070897072554,,0,
62.0,14.0,0,-264.44941991963424,-108.401008,1,156.04841191963425
63.0,14.0,0,-272.3490823064931,,0,
64.0,14.0,0,-272.9556891301181,,0,
65.0,14.0,0,-265.14637469907757,,0,
66.0,14.0,0,-247.7076759991469,-203.821156,1,43.886519999146884
67.0,14.0,0,-217.63170730357524,,0,
68.0,14.0,0,-172.27370041364338,,0,
69.0,14.0,0,-111.77226301305927,,0,
70.0,14.0,0,-41.37062214803882,-109.187516,1,-67.81689385196118
71.0,14.0,0,28.60291550180409,,0,
72.0,14.0,0,85.84668434935156,,0,
73.0,14.0,0,118.76545968721621,,0,
74.0,14.0,0,121.57408118783496,516.500093,1,394.92601181216503
75.0,14.0,0,98.83393830488785,,0,
76.0,14.0,0,57.38167160988087,,0,
77.0,14.0,0,5.660900928429328,,0,
78.0,14.0,0,-45.65604927937966,-321.851983,1,-276.19593372062036
79.0,14.0,0,-89.01227964251302,,0,
80.0,14.0,0,-118.8240702280309,,0,
81.0,14.0,0,-134.6152478592703,,0,
82.0,14.0,0,-137.096070963511,-187.821058,1,-50.72498703648898
83.0,14.0,0,-128.23955885274336,,0,
84.0,14.0,0,-111.15499507309869,,0,
85.0,14.0,0,-90.04852390743326,,0,
86.0,14.0,0,-70.26589757896727,312.410842,1,382.6767395789673
87.0,14.0,0,-57.76450137613574,,0,
88.0,14.0,0,-58.26230288611259,,0,
89.0,14.0,0,-74.35516471724259,,0,
90.0,14.0,0,-100.94935030999477,-184.819651,1,-83.87030069000522
91.0,14.0,0,-124.77974880090915,,0,
92.0,14.0,0,-134.08754244982265,,0,
93.0,14.0,0,-126.9849356348277,,0,
94.0,14.0,0,-106.19180100856465,-284.154895,1,-177.96309399143536
95.0,14.0,0,-73.6156384809874,,0,
96.0,14.0,0,-41.869741300615715,,0,
97.0,14.0,0,-25.338566405000165,,0,
98.0,14.0,0,-34.89351815966074,196.606753,1,231.50027115966074
99.0,14.0,0,-68.34238776519487,,0,
100.0,14.0,0,-120.21055303738103,,0,
101.0,14.0,0,-185.78530485540978,,0,
102.0,14.0,0,-260.88849568439764,-219.544623,1,41.34387268439764
103.0,14.0,0,-342.32289005978964,,0,
104.0,14.0,0,-424.6373062424391,,0,
105.0,14.0,0,-501.2453716521268,,0,
106.0,14.0,0,-565.8610221193521,-733.725519,1,-167.86449688064783
107.0,14.0,0,-615.632453048951,,0,
108.0,14.0,0,-648.837386506726,,0,
109.0,14.0,0,-666.7997061919014,,0,
110.0,14.0,0,-671.0282512791891,-684.823387,1,-13.79513572081089
111.0,14.0,0,-662.4447034958284,,0,
112.0,14.0,0,-642.1010107319453,,0,
113.0,14.0,0,-611.715192872507,,0,
114.0,14.0,0,-574.610863552487,-493.644052,1,80.966811552487
115.0,14.0,0,-537.0588845345774,,0,
116.0,14.0,0,-504.9844502254564,,0,
117.0,14.0,0,-479.4862017891719,,0,
118.0,14.0,0,-460.1816374672926,-467.512251,1,-7.330613532707389
119.0,14.0,0,-446.42748563480563,,0,
120.0,14.0,0,-436.90166858781595,,0,
121.0,14.0,0,-428.3799219970242,,0,
122.0,14.0,0,-417.3927576741553,-456.461701,1,-39.068943325844714
123.0,14.0,0,-402.2808216327103,,0,
124.0,14.0,0,-382.8146304677939,,0,
125.0,14.0,0,-360.2858932710951,,0,
126.0,14.0,0,-337.9240336289513,-254.069434,1,83.85459962895129
127.0,14.0,0,-316.79447271942627,,0,
128.0,14.0,0,-299.1513889185153,,0,
129.0,14.0,0,-287.36815097078215,,0,
130.0,14.0,0,-280.26659187837504,-346.803889,1,-66.53729712162499
131.0,14.0,0,-272.3756772830384,,0,
132.0,14.0,0,-255.29718592227437,,0,
133.0,14.0,0,-219.3382476004772,,0,
134.0,14.0,0,-157.6171570380102,-443.577089,1,-285.9599319619898
135.0,14.0,0,-69.28279243560974,,0,
136.0,14.0,0,44.44361725752242,,0,
137.0,14.0,0,174.3395367260091,,0,
138.0,14.0,0,309.8303895670688,149.858698,1,-159.97169156706877
139.0,14.0,0,441.6523264274001,,0,
140.0,14.0,0,549.8785963191185,,0,
141.0,14.0,0,618.1235801619478,,0,
142.0,14.0,0,634.8166381792398,1191.355097,1,556.5384588207601
143.0,14.0,0,584.457557793241,,0,
144.0,14.0,0,483.6263667695457,,0,
145.0,14.0,0,354.11961067665834,,0,
146.0,14.0,0,218.78569594910368,250.813006,1,32.02731005089632
147.0,14.0,0,98.54672459652647,,0,
148.0,14.0,0,10.718569990829565,,0,
149.0,14.0,0,-38.852518412983045,,0,
150.0,14.0,0,-49.81213253457099,-121.032132,1,-71.21999946542901
151.0,14.0,0,-30.97740836441517,,0,
152.0,14.0,0,6.861910390201956,,0,
153.0,14.0,0,52.83806838002056,,0,
154.0,14.0,0,96.69839087338187,245.314339,1,148.61594812661812
155.0,14.0,0,133.76762012322433,,0,
156.0,14.0,0,161.04443094227463,,0,
157.0,14.0,0,177.94563834764995,,0,
158.0,14.0,0,184.06677006091923,183.915049,1,-0.15172106091921478
159.0,14.0,0,177.9972588941455,,0,
160.0,14.0,0,157.94464436545968,,0,
161.0,14.0,0,123.41989969136193,,0,
162.0,14.0,0,77.04377745301463,139.066291,1,62.02251354698538
163.0,14.0,0,24.031310790684074,,0,
164.0,14.0,0,-29.08814700366929,,0,
165.0,14.0,0,-75.2326569291763,,0,
166.0,14.0,0,-109.426918043755,-325.237272,1,-215.81035395624502
167.0,14.0,0,-131.2308074759785,,0,
168.0,14.0,0,-141.1519275670871,,0,
169.0,14.0,0,-140.62464743258897,,0,
170.0,14.0,0,-132.27195500349626,12.204299,1,144.47625400349625
171.0,14.0,0,-120.06056123343296,,0,
172.0,14.0,0,-99.73793373070657,,0,
173.0,14.0,0,-69.15886381873861,,0,
174.0,14.0,0,-29.353947867872193,-83.227938,1,-53.8739901321278
175.0,14.0,0,13.658029928803444,,0,
176.0,14.0,0,52.26158467703499,,0,
177.0,14.0,0,80.08371758554131,,0,
178.0,14.0,0,94.50490993866697,127.180657,1,32.67574706133303
179.0,14.0,0,96.68239582842216,,0,
180.0,14.0,0,86.93126800237224,,0,
181.0,14.0,0,65.84126835037023,,0,
182.0,14.0,0,36.592345060547814,-3.270645,1,-39.862990060547816
183.0,14.0,0,2.2576383643317968,,0,
184.0,14.0,0,-33.052241592435166,,0,
185.0,14.0,0,-62.955549762933515,,0,
186.0,14.0,0,-79.50561738829128,-357.465114,1,-277.95949661170874
187.0,14.0,0,-73.33910699002445,,0,
188.0,14.0,0,-37.147596639581025,,0,
189.0,14.0,0,25.492931205779314,,0,
190.0,14.0,0,105.82780789490789,-313.621293,1,-419.4491008949079
191.0,14.0,0,191.6330801988952,,0,
192.0,14.0,0,272.1495807156898,,0,
193.0,14.0,0,334.25884652417153,,0,
194.0,14.0,0,368.11350641190074,383.074577,1,14.961070588099233
195.0,14.0,0,373.6231072288938,,0,
196.0,14.0,0,355.7111103956122,,0,
197.0,14.0,0,320.7356374152005,,0,
198.0,14.0,0,276.5016746451147,-266.891599,1,-543.3932736451147
199.0,14.0,0,231.9794498323463,,0,
0.0,15.0,0,225.44189693359658,,0,
1.0,15.0,0,212.1587830358185,447.600719,1,235.44193596418154
2.0,15.0,0,195.67184252594598,,0,
3.0,15.0,0,177.23113023140468,,0,
4.0,15.0,0,157.46185082918964,,0,
5.0,15.0,0,137.0131757655181,155.696,1,18.6828242344819
6.0,15.0,0,116.55256582796574,,0,
7.0,15.0,0,97.61778326961212,,0,
8.0,15.0,0,80.95795431849547,,0,
9.0,15.0,0,67.01117054955103,-14.257122,1,-81.26829254955102
10.0,15.0,0,56.66262819478288,,0,
11.0,15.0,0,45.63912444585003,,0,
12.0,15.0,0,29.695341989863664,,0,
13.0,15.0,0,4.414697874803096,121.706606,1,117.2919081251969
14.0,15.0,0,-34.43595493584871,,0,
15.0,15.0,0,-83.2274078479968,,0,
16.0,15.0,0,-137.8189252766315,,0,
17.0,15.0,0,-193.1814826023765,-236.944458,1,-43.76297539762351
18.0,15.0,0,-245.4032663363032,,0,
19.0,15.0,0,-292.3709277685266,,0,
20.0,15.0,0,-331.198595832102,,0,
21.0,15.0,0,-359.084255062975,-442.73756,1,-83.65330493702498
22.0,15.0,0,-372.3346209395677,,0,
23.0,15.0,0,-371.58769118390046,,0,
24.0,15.0,0,-357.14861570484936,,0,
25.0,15.0,0,-330.55196507344954,-261.395185,1,69.15678007344951
26.0,15.0,0,-294.7604025409091,,0,
27.0,15.0,0,-252.88063983921893,,0,
28.0,15.0,0,-206.30792508507147,,0,
29.0,15.0,0,-157.3825926296413,-100.936271,1,56.44632162964129
30.0,15.0,0,-109.77602627547458,,0,
31.0,15.0,0,-68.25739706546301,,0,
32.0,15.0,0,-36.61145842191763,,0,
33.0,15.0,0,-16.79629843099974,-71.775119,1,-54.97882056900026
34.0,15.0,0,-9.748156384564936,,0,
35.0,15.0,0,-16.225578599842265,,0,
36.0,15.0,0,-36.39499058807269,,0,
37.0,15.0,0,-67.08409108966589,-40.379784,1,26.70430708966589
38.0,15.0,0,-103.35732177598402,,0,
39.0,15.0,0,-139.4343838756904,,0,
40.0,15.0,0,-172.19413643679582,,0,
41.0,15.0,0,-201.0633345125243,-225.914996,1,-24.851661487475695
42.0,15.0,0,-225.33804527588654,,0,
43.0,15.0,0,-243.2687575892778,,0,
44.0,15.0,0,-253.14111739117652,,0,
45.0,15.0,0,-252.33342619496398,-366.615907,1,-114.28248080503602
46.0,15.0,0,-239.8368314690888,,0,
47.0,15.0,0,-220.3370979045867,,0,
48.0,15.0,0,-196.55692925304174,,0,
49.0,15.0,0,-172.29526467178948,-81.394956,1,90.90030867178949
50.0,15.0,0,-153.10294636059552,,0,
51.0,15.0,0,-139.80738763674162,,0,
52.0,15.0,0,-134.2287926375866,,0,
53.0,15.0,0,-137.45019453554414,-71.611833,1,65.83836153554414
54.0,15.0,0,-148.96915301377885,,0,
55.0,15.0,0,-164.98859218973666,,0,
56.0,15.0,0,-183.41256654879544,,0,
57.0,15.0,0,-203.01276878477074,-234.624518,1,-31.611749215229253
58.0,15.0,0,-223.49412339215633,,0,
59.0,15.0,0,-244.7845479863463,,0,
60.0,15.0,0,-264.2316778257955,,0,
61.0,15.0,0,-279.3171721373219,-263.664137,1,15.653035137321922
62.0,15.0,0,-289.38505081948824,,0,
63.0,15.0,0,-292.9616510133492,,0,
64.0,15.0,0,-288.4700295510702,,0,
65.0,15.0,0,-274.86435518506914,-191.489585,1,83.37477018506914
66.0,15.0,0,-252.47753295884468,,0,
67.0,15.0,0,-217.70171723421663,,0,
68.0,15.0,0,-168.43989727506414,,0,
69.0,15.0,0,-104.96776388096623,-164.939718,1,-59.97195411903377
70.0,15.0,0,-32.561513057211414,,0,
71.0,15.0,0,37.44412841286976,,0,
72.0,15.0,0,92.56520172068849,,0,
73.0,15.0,0,120.42091777635505,409.952075,1,289.5311572236449
74.0,15.0,0,113.74486590892775,,0,
75.0,15.0,0,83.91110627475427,,0,
76.0,15.0,0,39.603074814076535,,0,
77.0,15.0,0,-9.784080066718161,-218.558277,1,-208.77419693328184
78.0,15.0,0,-52.368207756080665,,0,
79.0,15.0,0,-87.05283383151982,,0,
80.0,15.0,0,-111.25918514281511,,0,
81.0,15.0,0,-123.36896577203879,-183.110743,1,-59.74177722796122
82.0,15.0,0,-121.73586429274292,,0,
83.0,15.0,0,-108.82219253032235,,0,
84.0,15.0,0,-87.98143568215892,,0,
85.0,15.0,0,-63.78757539950311,-67.587969,1,-3.8003936004968892
86.0,15.0,0,-41.35072920349194,,0,
87.0,15.0,0,-25.89967255620286,,0,
88.0,15.0,0,-22.744925320788752,,0,
89.0,15.0,0,-35.352536730410066,127.639495,1,162.99203173041008
90.0,15.0,0,-60.62941666133702,,0,
91.0,15.0,0,-83.91282390395645,,0,
92.0,15.0,0,-93.88658835127717,,0,
93.0,15.0,0,-85.17948512523435,-286.040443,1,-200.86095787476563
94.0,15.0,0,-61.30423228588188,,0,
95.0,15.0,0,-28.823331769031938,,0,
96.0,15.0,0,1.4415335958183277,,0,
97.0,15.0,0,16.254153303685598,442.29487,1,426.0407166963144
98.0,15.0,0,-0.9333022626815364,,0,
99.0,15.0,0,-41.66816946933977,,0,
100.0,15.0,0,-100.33499514743744,,0,
101.0,15.0,0,-171.6431405102485,-152.58179,1,19.061350510248474
102.0,15.0,0,-250.25964890043542,,0,
103.0,15.0,0,-331.6033580795629,,0,
104.0,15.0,0,-411.29701543826377,,0,
105.0,15.0,0,-484.7047984969686,-647.266898,1,-162.5620995030314
106.0,15.0,0,-544.8546595267835,,0,
107.0,15.0,0,-592.6404497015174,,0,
108.0,15.0,0,-627.1414183183515,,0,
109.0,15.0,0,-647.7717738606734,-656.70424,1,-8.932466139326607
110.0,15.0,0,-654.281889276026,,0,
111.0,15.0,0,-647.2969949466642,,0,
112.0,15.0,0,-628.2452234146767,,0,
113.0,15.0,0,-599.6548019535257,-658.073518,1,-58.41871604647429
114.0,15.0,0,-564.6182794810738,,0,
115.0,15.0,0,-530.0335645619198,,0,
116.0,15.0,0,-501.05618890354526,,0,
117.0,15.0,0,-479.7151689917664,-446.268176,1,33.44699299176642
118.0,15.0,0,-465.9318502987153,,0,
119.0,15.0,0,-458.56644924683496,,0,
120.0,15.0,0,-455.2034754608176,,0,
121.0,15.0,0,-451.55456332245376,-489.884843,1,-38.33027967754623
122.0,15.0,0,-442.5688690111856,,0,
123.0,15.0,0,-426.31795828510076,,0,
124.0,15.0,0,-401.8278929943335,,0,
125.0,15.0,0,-370.7909005822148,-157.386444,1,213.4044565822148
126.0,15.0,0,-340.41199926892295,,0,
127.0,15.0,0,-309.2501601811964,,0,
128.0,15.0,0,-281.6561103425338,,0,
129.0,15.0,0,-263.2755977031193,-233.578651,1,29.696946703119266
130.0,15.0,0,-252.3360279937042,,0,
131.0,15.0,0,-242.47271723218728,,0,
132.0,15.0,0,-225.68699198262766,,0,
133.0,15.0,0,-191.89169578440487,-455.339509,1,-263.44781321559515
134.0,15.0,0,-131.89888454042375,,0,
135.0,15.0,0,-50.08242308150511,,0,
136.0,15.0,0,51.634838655474596,,0,
137.0,15.0,0,167.73954586335458,198.666504,1,30.926958136645425
138.0,15.0,0,290.53702174220234,,0,
139.0,15.0,0,410.3876872297842,,0,
140.0,15.0,0,511.02245316130575,,0,
141.0,15.0,0,575.542441856116,1062.948701,1,487.406259143884
142.0,15.0,0,592.4725172186736,,0,
143.0,15.0,0,553.8921319659567,,0,
144.0,15.0,0,465.4503371689934,,0,
145.0,15.0,0,340.42249230179004,470.54225,1,130.11975769820998
146.0,15.0,0,202.51677691366058,,0,
147.0,15.0,0,75.53235001349822,,0,
148.0,15.0,0,-22.9026361964643,,0,
149.0,15.0,0,-82.53040203801356,-440.907269,1,-358.3768669619864
150.0,15.0,0,-94.40622234961484,,0,
151.0,15.0,0,-71.44073162344284,,0,
152.0,15.0,0,-24.469177807448432,,0,
153.0,15.0,0,35.080144693376496,280.221248,1,245.1411033066235
154.0,15.0,0,92.56266398809385,,0,
155.0,15.0,0,146.14789377129637,,0,
156.0,15.0,0,192.0913678695215,,0,
157.0,15.0,0,228.27649393002503,220.388886,1,-7.887607930025013
158.0,15.0,0,253.20786083710846,,0,
159.0,15.0,0,264.347610604018,,0,
160.0,15.0,0,257.56619573407806,,0,
161.0,15.0,0,229.48686035675928,252.400096,1,22.91323564324071
162.0,15.0,0,184.30413580476306,,0,
163.0,15.0,0,128.26406673667952,,0,
164.0,15.0,0,67.03485974064097,,0,
165.0,15.0,0,8.074368676170707,-131.060943,1,-139.13531167617072
166.0,15.0,0,-40.102172437123954,,0,
167.0,15.0,0,-78.04219740978442,,0,
168.0,15.0,0,-105.53796834498644,,0,
169.0,15.0,0,-122.66490258846898,-231.171224,1,-108.50632141153102
170.0,15.0,0,-131.50708603160456,,0,
171.0,15.0,0,-133.48765976983123,,0,
172.0,15.0,0,-126.3077056305483,,0,
173.0,15.0,0,-107.75280215032399,-230.818801,1,-123.06599884967602
174.0,15.0,0,-76.35583302821033,,0,
175.0,15.0,0,-39.21606871136464,,0,
176.0,15.0,0,-3.7998112263157964,,0,
177.0,15.0,0,23.00201651873067,140.205052,1,117.20303548126932
178.0,15.0,0,37.28206321201287,,0,
179.0,15.0,0,42.42407997022383,,0,
180.0,15.0,0,39.578608525916934,,0,
181.0,15.0,0,29.88398060016334,-51.62456,1,-81.50854060016334
182.0,15.0,0,17.046684495173395,,0,
183.0,15.0,0,1.1659078493248671,,0,
184.0,15.0,0,-14.871054106391966,,0,
185.0,15.0,0,-24.223499520216137,-28.503191,1,-4.279691479783864
186.0,15.0,0,-18.330167820909992,,0,
187.0,15.0,0,10.266548322048038,,0,
188.0,15.0,0,64.79250009637326,,0,
189.0,15.0,0,142.8647547578439,-85.697352,1,-228.5621067578439
190.0,15.0,0,240.15850663674064,,0,
191.0,15.0,0,338.49530211184174,,0,
192.0,15.0,0,423.54329523909837,,0,
193.0,15.0,0,484.04163315938786,712.019164,1,227.9775308406122
194.0,15.0,0,508.7315298395697,,0,
195.0,15.0,0,501.8419503327459,,0,
196.0,15.0,0,468.89277497818694,,0,
197.0,15.0,0,417.1539442194626,18.99801,1,-398.15593421946255
198.0,15.0,0,356.24232591548935,,0,
199.0,15.0,0,295.7672914173454,,0,
0.0,16.0,0,210.71569151221775,343.430565,1,132.71487348778226
1.0,16.0,0,196.3869473915547,,0,
2.0,16.0,0,177.9085689985659,,0,
3.0,16.0,0,156.07123151398264,,0,
4.0,16.0,0,131.44788945978507,158.124758,1,26.67686854021494
5.0,16.0,0,105.73175052180886,,0,
6.0,16.0,0,81.01641351822764,,0,
7.0,16.0,0,59.154504230828024,,0,
8.0,16.0,0,40.63449665741064,-2.621592,1,-43.256088657410636
9.0,16.0,0,25.491907506948337,,0,
10.0,16.0,0,13.455129449022934,,0,
11.0,16.0,0,1.5595618484076113,,0,
12.0,16.0,0,-14.959931441117078,12.838709,1,27.79864044111708
13.0,16.0,0,-41.549325447995216,,0,
14.0,16.0,0,-80.65811491920613,,0,
15.0,16.0,0,-130.39477625640575,,0,
16.0,16.0,0,-185.80873816716485,-329.206281,1,-143.39754283283514
17.0,16.0,0,-238.82450907840393,,0,
18.0,16.0,0,-287.97570494608954,,0,
19.0,16.0,0,-330.35390942776576,,0,
20.0,16.0,0,-363.15560363046825,-495.195966,1,-132.04036236953175
21.0,16.0,0,-385.0304471789859,,0,
22.0,16.0,0,-394.1934278574772,,0,
23.0,16.0,0,-389.7608443305362,,0,
24.0,16.0,0,-371.5156611748971,-398.480932,1,-26.96527082510289
25.0,16.0,0,-341.1760457570199,,0,
26.0,16.0,0,-301.39012062735856,,0,
27.0,16.0,0,-254.88715617079288,,0,
28.0,16.0,0,-204.3629855629988,-171.770049,1,32.5929365629988
29.0,16.0,0,-153.5072546627489,,0,
30.0,16.0,0,-105.56721825525165,,0,
31.0,16.0,0,-65.53107441775501,,0,
32.0,16.0,0,-38.113776751211844,-24.507013,1,13.606763751211844
33.0,16.0,0,-24.333008388406597,,0,
34.0,16.0,0,-24.390897411387414,,0,
35.0,16.0,0,-39.10537586174905,,0,
36.0,16.0,0,-68.41112867672928,-61.603329,1,6.8077996767292746
37.0,16.0,0,-107.9809094966622,,0,
38.0,16.0,0,-151.55340460012667,,0,
39.0,16.0,0,-192.32558368961327,,0,
40.0,16.0,0,-225.97049690096173,-237.826716,1,-11.85621909903827
41.0,16.0,0,-253.5089121214114,,0,
42.0,16.0,0,-275.83828748064116,,0,
43.0,16.0,0,-292.31815896811895,,0,
44.0,16.0,0,-300.6999739767052,-485.933811,1,-185.23383702329477
45.0,16.0,0,-295.3414265966858,,0,
46.0,16.0,0,-280.03450160997454,,0,
47.0,16.0,0,-258.01204545481596,,0,
48.0,16.0,0,-231.73348007921595,-226.508564,1,5.224916079215944
49.0,16.0,0,-205.55076402204577,,0,
50.0,16.0,0,-183.5773810497485,,0,
51.0,16.0,0,-167.42687902133912,,0,
52.0,16.0,0,-159.0815036710119,-78.39494,1,80.68656367101188
53.0,16.0,0,-161.72982908738777,,0,
54.0,16.0,0,-173.45514441584237,,0,
55.0,16.0,0,-191.61534008930903,,0,
56.0,16.0,0,-213.9402551598614,-157.064434,1,56.8758211598614
57.0,16.0,0,-238.19120609259699,,0,
58.0,16.0,0,-262.468450726592,,0,
59.0,16.0,0,-285.0830188677646,,0,
60.0,16.0,0,-303.91198696708307,-361.197445,1,-57.28545803291695
61.0,16.0,0,-316.17659254503087,,0,
62.0,16.0,0,-322.224475684925,,0,
63.0,16.0,0,-321.3281067843782,,0,
64.0,16.0,0,-312.2079795644968,-241.085285,1,71.12269456449678
65.0,16.0,0,-293.5291132358834,,0,
66.0,16.0,0,-264.5006895714905,,0,
67.0,16.0,0,-223.67627904145047,,0,
68.0,16.0,0,-170.04021082550753,-302.193706,1,-132.1534951744925
69.0,16.0,0,-102.72473935049493,,0,
70.0,16.0,0,-30.11021543724928,,0,
71.0,16.0,0,37.84454261447536,,0,
72.0,16.0,0,89.28184264787706,366.225847,1,276.94400435212293
73.0,16.0,0,108.89061904512346,,0,
74.0,16.0,0,99.21114271308761,,0,
75.0,16.0,0,68.49762270401698,,0,
76.0,16.0,0,26.219588649692014,-36.932773,1,-63.15236164969201
77.0,16.0,0,-16.986719626991544,,0,
78.0,16.0,0,-54.31121490575606,,0,
79.0,16.0,0,-83.40610576432664,,0,
80.0,16.0,0,-103.0251128715172,-69.379117,1,33.6459958715172
81.0,16.0,0,-112.0887267087819,,0,
82.0,16.0,0,-108.45788711629575,,0,
83.0,16.0,0,-92.95967530633789,,0,
84.0,16.0,0,-69.01345794519875,-161.838886,1,-92.82542805480125
85.0,16.0,0,-42.30275113199605,,0,
86.0,16.0,0,-18.26051451821695,,0,
87.0,16.0,0,-1.0948328615631908,,0,
88.0,16.0,0,4.7645819099852815,232.973074,1,228.20849209001472
89.0,16.0,0,-7.1606779508292675,,0,
90.0,16.0,0,-28.679149210860487,,0,
91.0,16.0,0,-49.19127679045778,,0,
92.0,16.0,0,-58.443204638839234,-312.670689,1,-254.22748436116075
93.0,16.0,0,-46.65303810304613,,0,
94.0,16.0,0,-21.359191388095496,,0,
95.0,16.0,0,8.615216047444846,,0,
96.0,16.0,0,32.28672545021982,409.802418,1,377.51569254978017
97.0,16.0,0,39.28373353907955,,0,
98.0,16.0,0,20.69644331658492,,0,
99.0,16.0,0,-22.18157145474106,,0,
100.0,16.0,0,-84.58259195397841,-4.223414,1,80.3591779539784
101.0,16.0,0,-159.00891733530443,,0,
102.0,16.0,0,-238.05943547810602,,0,
103.0,16.0,0,-315.8229331188486,,0,
104.0,16.0,0,-388.69832917576423,-429.410116,1,-40.71178682423579
105.0,16.0,0,-455.36914834647905,,0,
106.0,16.0,0,-513.414725159615,,0,
107.0,16.0,0,-561.8072949899943,,0,
108.0,16.0,0,-599.048848615872,-582.887652,1,16.161196615871972
109.0,16.0,0,-623.4708286388777,,0,
110.0,16.0,0,-633.5017433747998,,0,
111.0,16.0,0,-629.0749916147906,,0,
112.0,16.0,0,-611.5193539434113,-689.123028,1,-77.60367405658872
113.0,16.0,0,-584.3841298994957,,0,
114.0,16.0,0,-552.1834839531512,,0,
115.0,16.0,0,-520.9507828719798,,0,
116.0,16.0,0,-496.08152343000984,-380.6378,1,115.44372343000981
117.0,16.0,0,-479.9487864493858,,0,
118.0,16.0,0,-472.6033595401095,,0,
119.0,16.0,0,-472.66876100184163,,0,
120.0,16.0,0,-477.119945901155,-467.803058,1,9.316887901154985
121.0,16.0,0,-479.9163222532952,,0,
122.0,16.0,0,-475.3787213600008,,0,
123.0,16.0,0,-460.54076266358607,,0,
124.0,16.0,0,-434.29706346598687,-463.214489,1,-28.917425534013148
125.0,16.0,0,-397.8190866794903,,0,
126.0,16.0,0,-355.76213941531023,,0,
127.0,16.0,0,-310.48523970140377,,0,
128.0,16.0,0,-267.7355132867815,24.135069,1,291.8705822867815
129.0,16.0,0,-238.72796996938996,,0,
130.0,16.0,0,-217.95212254323997,,0,
131.0,16.0,0,-200.49824619153515,,0,
132.0,16.0,0,-179.7014628869947,-409.231596,1,-229.53013311300532
133.0,16.0,0,-143.82717680116184,,0,
134.0,16.0,0,-92.19810333661735,,0,
135.0,16.0,0,-24.463439377315808,,0,
136.0,16.0,0,60.254491351079196,-50.713558,1,-110.9680493510792
137.0,16.0,0,157.0105366948992,,0,
138.0,16.0,0,259.86154522927245,,0,
139.0,16.0,0,361.5110225728713,,0,
140.0,16.0,0,448.6229789619101,684.537375,1,235.91439603808988
141.0,16.0,0,502.62314861558843,,0,
142.0,16.0,0,518.0823370114667,,0,
143.0,16.0,0,489.9727758045774,,0,
144.0,16.0,0,417.13287707744166,845.07847,1,427.9455929225584
145.0,16.0,0,299.4409999868367,,0,
146.0,16.0,0,163.92459048109595,,0,
147.0,16.0,0,35.52616768353619,,0,
148.0,16.0,0,-65.07954809209332,-594.338071,1,-529.2585229079067
149.0,16.0,0,-127.18247059569694,,0,
150.0,16.0,0,-144.8895850443514,,0,
151.0,16.0,0,-123.20163915574085,,0,
152.0,16.0,0,-72.97018470300827,-71.960354,1,1.0098307030082765
153.0,16.0,0,-6.414527861634269,,0,
154.0,16.0,0,65.63250469393097,,0,
155.0,16.0,0,136.6671498133801,,0,
156.0,16.0,0,200.16306285432074,434.692967,1,234.52990414567927
157.0,16.0,0,254.70657638832927,,0,
158.0,16.0,0,297.9216228891164,,0,
159.0,16.0,0,325.6380286641652,,0,
160.0,16.0,0,333.40168379992247,679.61685,1,346.21516620007753
161.0,16.0,0,312.8863300567027,,0,
162.0,16.0,0,273.1927626496181,,0,
163.0,16.0,0,218.59379062405787,,0,
164.0,16.0,0,153.18382102646865,144.530281,1,-8.653540026468647
165.0,16.0,0,86.03150370158255,,0,
166.0,16.0,0,24.822289313655347,,0,
167.0,16.0,0,-28.353916199412197,,0,
168.0,16.0,0,-72.68186118081212,-128.300592,1,-55.618730819187874
169.0,16.0,0,-106.78963188175112,,0,
170.0,16.0,0,-132.28169108275324,,0,
171.0,16.0,0,-148.69198787864298,,0,
172.0,16.0,0,-153.6603673864156,-344.493841,1,-190.83347361358437
173.0,16.0,0,-145.99713720334694,,0,
174.0,16.0,0,-125.67468627821654,,0,
175.0,16.0,0,-96.83478300552815,,0,
176.0,16.0,0,-66.64813182945363,66.314358,1,132.96248982945363
177.0,16.0,0,-43.900568834273145,,0,
178.0,16.0,0,-28.545705045107752,,0,
179.0,16.0,0,-18.604334408417344,,0,
180.0,16.0,0,-12.407299689017236,26.229635,1,38.63693468901724
181.0,16.0,0,-8.840328009333462,,0,
182.0,16.0,0,-5.218800986651331,,0,
183.0,16.0,0,-2.26045648381114,,0,
184.0,16.0,0,0.3660639482550323,146.680197,1,146.31413305174496
185.0,16.0,0,10.839656025869772,,0,
186.0,16.0,0,38.615194300422445,,0,
187.0,16.0,0,89.90361894946545,,0,
188.0,16.0,0,165.7939056023024,6.176874,1,-159.6170316023024
189.0,16.0,0,263.1914792205207,,0,
190.0,16.0,0,374.4166134656407,,0,
191.0,16.0,0,482.09176471084356,,0,
192.0,16.0,0,567.7926532444544,999.249399,1,431.4567457555456
193.0,16.0,0,623.2360927425325,,0,
194.0,16.0,0,642.0445324126631,,0,
195.0,16.0,0,624.4984538857825,,0,
196.0,16.0,0,577.2119583161548,631.842583,1,54.63062468384521
197.0,16.0,0,508.786676408723,,0,
198.0,16.0,0,431.0693121687509,,0,
199.0,16.0,0,354.62620987696573,,0,
0.0,17.0,0,185.12649318366311,,0,
1.0,17.0,0,171.74898899695836,,0,
2.0,17.0,0,153.31432790961117,,0,
3.0,17.0,0,129.7752793971449,166.136227,1,36.36094760285508
4.0,17.0,0,101.70025215670466,,0,
5.0,17.0,0,72.0263073046226,,0,
6.0,17.0,0,44.09231135318987,,0,
7.0,17.0,0,20.900585009949282,-146.866818,1,-167.76740300994928
8.0,17.0,0,1.8862504416611046,,0,
9.0,17.0,0,-14.032457440625876,,0,
10.0,17.0,0,-27.3090979878325,,0,
11.0,17.0,0,-39.6108323642984,-99.088452,1,-59.4776196357016
12.0,17.0,0,-56.12315169908106,,0,
13.0,17.0,0,-81.86854147398844,,0,
14.0,17.0,0,-119.05846381140873,,0,
15.0,17.0,0,-166.56034983578138,-270.10623,1,-103.5458801642186
16.0,17.0,0,-219.3693420656491,,0,
17.0,17.0,0,-271.3545992767904,,0,
18.0,17.0,0,-318.66314540430903,,0,
19.0,17.0,0,-357.3968034288846,-449.38357,1,-91.98676657111542
20.0,17.0,0,-384.920023473911,,0,
21.0,17.0,0,-402.82706003205385,,0,
22.0,17.0,0,-410.0847907278221,,0,
23.0,17.0,0,-404.80650912458077,-468.849574,1,-64.04306487541925
24.0,17.0,0,-385.2547624518629,,0,
25.0,17.0,0,-353.6288234682288,,0,
26.0,17.0,0,-312.0834722358268,,0,
27.0,17.0,0,-263.43150737369433,-295.217725,1,-31.786217626305643
28.0,17.0,0,-211.0746600907296,,0,
29.0,17.0,0,-158.81965179857798,,0,
30.0,17.0,0,-110.52182800206356,,0,
31.0,17.0,0,-71.14598707063124,63.109971,1,134.25595807063124
32.0,17.0,0,-47.392221939284354,,0,
33.0,17.0,0,-38.34554405044764,,0,
34.0,17.0,0,-44.01389487530105,,0,
35.0,17.0,0,-64.7760793226771,56.25522,1,121.03129932267711
36.0,17.0,0,-101.70350465457886,,0,
37.0,17.0,0,-148.2308356249705,,0,
38.0,17.0,0,-197.2231036410667,,0,
39.0,17.0,0,-240.79677929310128,-427.995171,1,-187.19839170689875
40.0,17.0,0,-273.05151986086275,,0,
41.0,17.0,0,-298.3678832233418,,0,
42.0,17.0,0,-317.66219407552853,,0,
43.0,17.0,0,-330.40467090997845,-477.767068,1,-147.36239709002155
44.0,17.0,0,-334.6969699738547,,0,
45.0,17.0,0,-328.35063357203035,,0,
46.0,17.0,0,-313.4321264985483,,0,
47.0,17.0,0,-292.6592326874379,-384.867924,1,-92.20869131256211
48.0,17.0,0,-266.9823631052859,,0,
49.0,17.0,0,-241.73699796653818,,0,
50.0,17.0,0,-219.97967871208675,,0,
51.0,17.0,0,-203.27392157912254,-128.438246,1,74.83567557912255
52.0,17.0,0,-194.56231050333008,,0,
53.0,17.0,0,-196.41690387233393,,0,
54.0,17.0,0,-208.2384356544353,,0,
55.0,17.0,0,-227.93495272786822,-200.484025,1,27.45092772786822
56.0,17.0,0,-253.48366355488542,,0,
57.0,17.0,0,-281.4210366080515,,0,
58.0,17.0,0,-308.33372799050994,,0,
59.0,17.0,0,-331.02951032249257,-368.947046,1,-37.91753567750743
60.0,17.0,0,-347.9227463701973,,0,
61.0,17.0,0,-357.74640784121584,,0,
62.0,17.0,0,-360.3330583386123,,0,
63.0,17.0,0,-355.48992749955505,-328.887371,1,26.602556499555078
64.0,17.0,0,-342.38607748638606,,0,
65.0,17.0,0,-318.5170696401037,,0,
66.0,17.0,0,-282.3859167264309,,0,
67.0,17.0,0,-233.9814968733117,-327.233215,1,-93.25171812668827
68.0,17.0,0,-174.10482541040983,,0,
69.0,17.0,0,-105.25050206377637,,0,
70.0,17.0,0,-34.770038197166286,,0,
71.0,17.0,0,27.739887251053005,65.530738,1,37.790850748946994
72.0,17.0,0,71.50685273250565,,0,
73.0,17.0,0,88.03290757373907,,0,
74.0,17.0,0,79.05035649088677,,0,
75.0,17.0,0,51.795097067253664,224.918152,1,173.12305493274633
76.0,17.0,0,15.034479112538975,,0,
77.0,17.0,0,-22.565707643690985,,0,
78.0,17.0,0,-55.30846361548174,,0,
79.0,17.0,0,-80.63767272076802,44.849656,1,125.48732872076803
80.0,17.0,0,-97.40427738224389,,0,
81.0,17.0,0,-104.36657840682892,,0,
82.0,17.0,0,-99.4810170873534,,0,
83.0,17.0,0,-82.07476179709192,-136.954438,1,-54.87967620290809
84.0,17.0,0,-55.27434798760805,,0,
85.0,17.0,0,-26.886898410972208,,0,
86.0,17.0,0,-2.995083165820688,,0,
87.0,17.0,0,13.081722263072152,238.744912,1,225.66318973692785
88.0,17.0,0,18.281210734014167,,0,
89.0,17.0,0,10.533643710397882,,0,
90.0,17.0,0,-4.935627003433183,,0,
91.0,17.0,0,-19.543624172743876,-188.548467,1,-169.0048428272561
92.0,17.0,0,-24.50012984161731,,0,
93.0,17.0,0,-13.858697037678212,,0,
94.0,17.0,0,8.783970860589761,,0,
95.0,17.0,0,34.25083308154717,213.76812,1,179.51728691845284
96.0,17.0,0,49.49040176876588,,0,
97.0,17.0,0,50.123498795204796,,0,
98.0,17.0,0,30.751281480828766,,0,
99.0,17.0,0,-11.011090236002929,143.162601,1,154.17369123600292
100.0,17.0,0,-73.80730481198407,,0,
101.0,17.0,0,-147.24751324148383,,0,
102.0,17.0,0,-222.69129067983886,,0,
103.0,17.0,0,-293.0156371872872,-418.622973,1,-125.60733581271279
104.0,17.0,0,-355.8954072004126,,0,
105.0,17.0,0,-415.69642749405466,,0,
106.0,17.0,0,-472.4625575344544,,0,
107.0,17.0,0,-523.6300525559636,-452.48488,1,71.14517255596365
108.0,17.0,0,-565.6120222543541,,0,
109.0,17.0,0,-594.767161097785,,0,
110.0,17.0,0,-608.6812057252391,,0,
111.0,17.0,0,-607.326073953649,-679.414957,1,-72.08888304635093
112.0,17.0,0,-591.5255866893567,,0,
113.0,17.0,0,-566.5706826811656,,0,
114.0,17.0,0,-537.4484333007131,,0,
115.0,17.0,0,-509.71601458772784,-466.993764,1,42.72225058772784
116.0,17.0,0,-489.6478797544114,,0,
117.0,17.0,0,-479.7791817758698,,0,
118.0,17.0,0,-480.3848528532544,,0,
119.0,17.0,0,-489.2458234402584,-393.538533,1,95.70729044025842
120.0,17.0,0,-503.38265049655456,,0,
121.0,17.0,0,-514.1947456698399,,0,
122.0,17.0,0,-515.4077166172792,,0,
123.0,17.0,0,-503.6762618252542,-552.43347,1,-48.75720817474587
124.0,17.0,0,-477.45670801616507,,0,
125.0,17.0,0,-436.80174450867344,,0,
126.0,17.0,0,-384.39754345442634,,0,
127.0,17.0,0,-325.35956630215514,225.64141,1,551.0009763021551
128.0,17.0,0,-267.81476368918084,,0,
129.0,17.0,0,-220.11220375681296,,0,
130.0,17.0,0,-182.2389358074288,,0,
131.0,17.0,0,-149.94588203646708,-85.184972,1,64.76091003646708
132.0,17.0,0,-117.92731688229833,,0,
133.0,17.0,0,-81.50433473603334,,0,
134.0,17.0,0,-40.09698907111306,,0,
135.0,17.0,0,9.148120791709516,-264.751278,1,-273.89939879170953
136.0,17.0,0,73.51905988634098,,0,
137.0,17.0,0,145.43362505477853,,0,
138.0,17.0,0,221.71390949818306,,0,
139.0,17.0,0,299.3579862745246,305.572843,1,6.214856725475386
140.0,17.0,0,366.49742996448185,,0,
141.0,17.0,0,410.36076011438854,,0,
142.0,17.0,0,424.3625858700834,,0,
143.0,17.0,0,402.7400030005956,798.670796,1,395.9307929994044
144.0,17.0,0,340.23473552649375,,0,
145.0,17.0,0,237.45260808384046,,0,
146.0,17.0,0,110.99274322960991,,0,
147.0,17.0,0,-14.672061467077583,-352.191777,1,-337.5197155329224
148.0,17.0,0,-112.59931536437944,,0,
149.0,17.0,0,-177.16859627398662,,0,
150.0,17.0,0,-201.50210212985985,,0,
151.0,17.0,0,-183.5875547134783,-547.992295,1,-364.4047402865217
152.0,17.0,0,-134.16698528290726,,0,
153.0,17.0,0,-65.12684531183913,,0,
154.0,17.0,0,15.823708980693482,,0,
155.0,17.0,0,102.00913096778095,425.405959,1,323.39682803221905
156.0,17.0,0,180.0632431767881,,0,
157.0,17.0,0,251.94673811853863,,0,
158.0,17.0,0,312.2999326433055,,0,
159.0,17.0,0,352.5694355639862,915.677785,1,563.1083494360138
160.0,17.0,0,370.0347970051225,,0,
161.0,17.0,0,362.9945675712079,,0,
162.0,17.0,0,334.4206735021435,,0,
163.0,17.0,0,286.21684329397976,493.548427,1,207.33158370602024
164.0,17.0,0,220.72316579520702,,0,
165.0,17.0,0,150.07276374427602,,0,
166.0,17.0,0,80.82733588782139,,0,
167.0,17.0,0,16.418799307197332,250.408843,1,233.99004369280266
168.0,17.0,0,-40.9297967874445,,0,
169.0,17.0,0,-89.82746461546049,,0,
170.0,17.0,0,-130.05471276910976,,0,
171.0,17.0,0,-160.2289713327773,-259.809662,1,-99.58069066722271
172.0,17.0,0,-176.73483004956506,,0,
173.0,17.0,0,-180.81454886728898,,0,
174.0,17.0,0,-172.62618412729353,,0,
175.0,17.0,0,-154.00292554951739,-285.423732,1,-131.4208064504826
176.0,17.0,0,-132.03820915264077,,0,
177.0,17.0,0,-112.77387717436068,,0,
178.0,17.0,0,-96.62939989613369,,0,
179.0,17.0,0,-82.26168778538704,-110.695617,1,-28.43392921461296
180.0,17.0,0,-68.05396709335037,,0,
181.0,17.0,0,-52.16823495645076,,0,
182.0,17.0,0,-33.09056829777546,,0,
183.0,17.0,0,-11.973285745596513,250.401819,1,262.3751047455965
184.0,17.0,0,7.051478385459632,,0,
185.0,17.0,0,35.511842004489154,,0,
186.0,17.0,0,83.00725967087783,,0,
187.0,17.0,0,155.70688004652038,-107.341926,1,-263.0488060465204
188.0,17.0,0,251.96919605555013,,0,
189.0,17.0,0,366.00364371342584,,0,
190.0,17.0,0,488.6140215420164,,0,
191.0,17.0,0,604.1573453205638,1077.52362,1,473.3662746794362
192.0,17.0,0,688.5824703609105,,0,
193.0,17.0,0,742.000888925977,,0,
194.0,17.0,0,757.7305826921947,,0,
195.0,17.0,0,730.7212734408677,1079.234966,1,348.5136925591323
196.0,17.0,0,669.6996309119277,,0,
197.0,17.0,0,586.7184968162328,,0,
198.0,17.0,0,493.9556982633658,,0,
199.0,17.0,0,402.9505275140982,294.880268,1,-108.07025951409821
0.0,18.0,0,151.04280504817143,,0,
1.0,18.0,0,138.10205353959464,,0,
2.0,18.0,0,120.65422620717436,204.744233,1,84.09000679282565
3.0,18.0,0,96.65179580263793,,0,
4.0,18.0,0,68.0178820414003,,0,
5.0,18.0,0,36.90734635479748,,0,
6.0,18.0,0,7.222443662350997,-133.073325,1,-140.295768662351
7.0,18.0,0,-15.383705647895113,,0,
8.0,18.0,0,-33.65513874869794,,0,
9.0,18.0,0,-49.22320486768149,,0,
10.0,18.0,0,-62.71146839973517,-183.030428,1,-120.31895960026483
11.0,18.0,0,-73.76350687723607,,0,
12.0,18.0,0,-88.83248158777133,,0,
13.0,18.0,0,-112.23482398997294,,0,
14.0,18.0,0,-145.89763739239424,-101.432407,1,44.46523039239425
15.0,18.0,0,-189.6437162773218,,0,
16.0,18.0,0,-238.6390327718109,,0,
17.0,18.0,0,-287.9370236371178,,0,
18.0,18.0,0,-333.0342893844936,-487.684804,1,-154.65051461550638
19.0,18.0,0,-367.503653048072,,0,
20.0,18.0,0,-392.8313339785673,,0,
21.0,18.0,0,-409.82695499272086,,0,
22.0,18.0,0,-417.47172693372704,-448.729964,1,-31.258237066272955
23.0,18.0,0,-413.09239212516695,,0,
24.0,18.0,0,-395.7459519209806,,0,
25.0,18.0,0,-365.83983786124736,,0,
26.0,18.0,0,-324.83064445643686,-412.391532,1,-87.56088754356313
27.0,18.0,0,-276.22115085087717,,0,
28.0,18.0,0,-223.8747880430892,,0,
29.0,18.0,0,-171.7974091176875,,0,
30.0,18.0,0,-124.66181855194736,-74.801839,1,49.85997955194736
31.0,18.0,0,-87.53642248013057,,0,
32.0,18.0,0,-65.04387950140517,,0,
33.0,18.0,0,-58.62808028515428,,0,
34.0,18.0,0,-68.68872032221407,26.698337,1,95.38705732221406
35.0,18.0,0,-94.33784217992797,,0,
36.0,18.0,0,-133.92114432086237,,0,
37.0,18.0,0,-182.51529712817864,,0,
38.0,18.0,0,-232.93030485487543,-425.047238,1,-192.11693314512456
39.0,18.0,0,-274.5901103807846,,0,
40.0,18.0,0,-307.278432252584,,0,
41.0,18.0,0,-331.9479808327742,,0,
42.0,18.0,0,-348.4656173523981,-385.89065,1,-37.42503264760188
43.0,18.0,0,-357.31371947098523,,0,
44.0,18.0,0,-358.4384316538926,,0,
45.0,18.0,0,-351.5992319707875,,0,
46.0,18.0,0,-337.8297946511302,-450.968551,1,-113.13875634886978
47.0,18.0,0,-318.92190110264346,,0,
48.0,18.0,0,-296.8132426510565,,0,
49.0,18.0,0,-275.0385440654354,,0,
50.0,18.0,0,-256.18279477453325,-328.629418,1,-72.44662322546674
51.0,18.0,0,-240.8080279843416,,0,
52.0,18.0,0,-232.95118029415607,,0,
53.0,18.0,0,-235.15470559312962,,0,
54.0,18.0,0,-247.87772627198137,-277.798044,1,-29.92031772801863
55.0,18.0,0,-269.48362680431455,,0,
56.0,18.0,0,-297.3128526562359,,0,
57.0,18.0,0,-327.7354770035017,,0,
58.0,18.0,0,-356.5270918319002,-445.135529,1,-88.60843716809984
59.0,18.0,0,-378.5905510459561,,0,
60.0,18.0,0,-393.73584429139737,,0,
61.0,18.0,0,-401.2308244298911,,0,
62.0,18.0,0,-400.9183399148751,-385.820124,1,15.098215914875084
63.0,18.0,0,-393.0522424731171,,0,
64.0,18.0,0,-376.2987443454331,,0,
65.0,18.0,0,-347.6683116427157,,0,
66.0,18.0,0,-304.5214826356387,-424.344608,1,-119.82312536436132
67.0,18.0,0,-248.60274962102994,,0,
68.0,18.0,0,-183.1487951814197,,0,
69.0,18.0,0,-112.81267292110715,,0,
70.0,18.0,0,-44.89869605388958,-57.523175,1,-12.624478946110422
71.0,18.0,0,11.959045829076786,,0,
72.0,18.0,0,49.398862944333814,,0,
73.0,18.0,0,63.319187407847494,,0,
74.0,18.0,0,55.80376486014575,268.672337,1,212.86857213985428
75.0,18.0,0,32.800294316140935,,0,
76.0,18.0,0,1.6140303954016417,,0,
77.0,18.0,0,-30.704452488425886,,0,
78.0,18.0,0,-58.9785576822469,-127.999721,1,-69.02116331775309
79.0,18.0,0,-81.00503783579916,,0,
80.0,18.0,0,-95.6629586602794,,0,
81.0,18.0,0,-101.5058432703081,,0,
82.0,18.0,0,-96.11084864649456,-198.934155,1,-102.82330635350544
83.0,18.0,0,-76.601770117064,,0,
84.0,18.0,0,-48.081067455757875,,0,
85.0,18.0,0,-18.69858843588736,,0,
86.0,18.0,0,3.690940223983489,204.405835,1,200.7148947760165
87.0,18.0,0,18.07358819223009,,0,
88.0,18.0,0,24.002405326638836,,0,
89.0,18.0,0,21.07882137518027,,0,
90.0,18.0,0,12.282061407226138,-6.081626,1,-18.363687407226138
91.0,18.0,0,3.731818331987597,,0,
92.0,18.0,0,1.4650795573543292,,0,
93.0,18.0,0,9.639749787223991,,0,
94.0,18.0,0,26.697206268669106,57.26082,1,30.563613731330896
95.0,18.0,0,44.39940878911875,,0,
96.0,18.0,0,53.61326658175676,,0,
97.0,18.0,0,49.98103362615802,,0,
98.0,18.0,0,30.038566877541598,167.106854,1,137.0682871224584
99.0,18.0,0,-10.810926027595997,,0,
100.0,18.0,0,-67.97334930411307,,0,
101.0,18.0,0,-134.15123585175024,,0,
102.0,18.0,0,-201.12824317091145,-452.787145,1,-251.65890182908856
103.0,18.0,0,-258.7712548545678,,0,
104.0,18.0,0,-312.1337654165691,,0,
105.0,18.0,0,-366.4258103724569,,0,
106.0,18.0,0,-423.41167272182065,-295.185283,1,128.22638972182062
107.0,18.0,0,-478.9062347159488,,0,
108.0,18.0,0,-527.0798898153589,,0,
109.0,18.0,0,-561.9904028068995,,0,
110.0,18.0,0,-579.4192243390135,-769.786967,1,-190.36774266098655
111.0,18.0,0,-580.5223308782442,,0,
112.0,18.0,0,-568.1065180464648,,0,
113.0,18.0,0,-546.7156690442935,,0,
114.0,18.0,0,-521.5516770945687,-541.286125,1,-19.73444790543124
115.0,18.0,0,-497.9887889618403,,0,
116.0,18.0,0,-482.44909556928906,,0,
117.0,18.0,0,-479.36014570167754,,0,
118.0,18.0,0,-489.9008997802157,-363.067225,1,126.83367478021569
119.0,18.0,0,-510.11168896441814,,0,
120.0,18.0,0,-533.9833128370228,,0,
121.0,18.0,0,-553.1186676876387,,0,
122.0,18.0,0,-560.2575741809269,-642.631106,1,-82.37353181907315
123.0,18.0,0,-552.2958783027716,,0,
124.0,18.0,0,-527.403363460442,,0,
125.0,18.0,0,-483.9046286048833,,0,
126.0,18.0,0,-422.6598250493407,-294.827303,1,127.83252204934075
127.0,18.0,0,-350.8143131934339,,0,
128.0,18.0,0,-276.96334318676963,,0,
129.0,18.0,0,-209.1541194174206,,0,
130.0,18.0,0,-151.7450416078791,279.610018,1,431.3550596078791
131.0,18.0,0,-101.2249024072662,,0,
132.0,18.0,0,-55.05260183895007,,0,
133.0,18.0,0,-14.563928868738003,,0,
134.0,18.0,0,19.526009901659563,10.48074,1,-9.045269901659562
135.0,18.0,0,54.19500019890256,,0,
136.0,18.0,0,95.08072926069144,,0,
137.0,18.0,0,139.36204035650007,,0,
138.0,18.0,0,185.29420721461065,-115.683921,1,-300.97812821461065
139.0,18.0,0,236.4990108741913,,0,
140.0,18.0,0,281.08381142583676,,0,
141.0,18.0,0,311.94750287779607,,0,
142.0,18.0,0,323.47343808726873,429.231959,1,105.75852091273129
143.0,18.0,0,306.84102214698214,,0,
144.0,18.0,0,255.24984152556863,,0,
145.0,18.0,0,167.75278961006552,,0,
146.0,18.0,0,54.03726867062505,157.7184,1,103.68113132937495
147.0,18.0,0,-62.45354648842476,,0,
148.0,18.0,0,-159.53832826099824,,0,
149.0,18.0,0,-227.5932759977877,,0,
150.0,18.0,0,-259.60544031870086,-671.204306,1,-411.5988656812991
151.0,18.0,0,-245.75827692647,,0,
152.0,18.0,0,-200.7359232676681,,0,
153.0,18.0,0,-134.71588669973426,,0,
154.0,18.0,0,-53.87914286623709,-203.596601,1,-149.7174581337629
155.0,18.0,0,37.6808116780594,,0,
156.0,18.0,0,129.0155384405516,,0,
157.0,18.0,0,216.75507286353968,,0,
158.0,18.0,0,293.5993511818815,655.641096,1,362.04174481811845
159.0,18.0,0,344.11741779302247,,0,
160.0,18.0,0,371.87288133916445,,0,
161.0,18.0,0,377.71426585665904,,0,
162.0,18.0,0,361.77858675434254,610.623912,1,248.84532524565748
163.0,18.0,0,320.51861669984646,,0,
164.0,18.0,0,262.58930250047706,,0,
165.0,18.0,0,195.64878571918234,,0,
166.0,18.0,0,124.49244421650656,469.937551,1,345.44510678349343
167.0,18.0,0,54.26810585381463,,0,
168.0,18.0,0,-11.388627716107294,,0,
169.0,18.0,0,-70.54378868732601,,0,
170.0,18.0,0,-121.59218094823882,-130.851265,1,-9.259084051761192
171.0,18.0,0,-162.12487320741639,,0,
172.0,18.0,0,-190.0410400480032,,0,
173.0,18.0,0,-205.64663820620626,,0,
174.0,18.0,0,-209.64414873253554,-391.52475,1,-181.88060126746444
175.0,18.0,0,-200.94138505705632,,0,
176.0,18.0,0,-187.9021151685156,,0,
177.0,18.0,0,-174.06262413202785,,0,
178.0,18.0,0,-158.8243121476844,-359.588198,1,-200.76388585231558
179.0,18.0,0,-142.41806612350047,,0,
180.0,18.0,0,-123.23005135031417,,0,
181.0,18.0,0,-98.66478051594459,,0,
182.0,18.0,0,-68.4150907525327,153.350431,1,221.7655217525327
183.0,18.0,0,-34.82356394152157,,0,
184.0,18.0,0,1.3133668103255332,,0,
185.0,18.0,0,46.884932752233,,0,
186.0,18.0,0,110.76670425990596,-88.243953,1,-199.01065725990597
187.0,18.0,0,201.47645606519654,,0,
188.0,18.0,0,313.2932359606493,,0,
189.0,18.0,0,438.3372189812362,,0,
190.0,18.0,0,565.4916307267267,795.986743,1,230.49511227327332
191.0,18.0,0,681.1310991887003,,0,
192.0,18.0,0,770.043297605589,,0,
193.0,18.0,0,826.3526104064658,,0,
194.0,18.0,0,843.6801449942868,1322.968476,1,479.2883310057132
195.0,18.0,0,809.3835096489638,,0,
196.0,18.0,0,738.669325695606,,0,
197.0,18.0,0,644.4273012401536,,0,
198.0,18.0,0,539.9500678521581,532.358155,1,-7.591912852158089
199.0,18.0,0,438.36371486540884,,0,
0.0,19.0,0,109.7843420165591,,0,
1.0,19.0,0,95.98947506584227,123.043548,1,27.05407293415773
2.0,19.0,0,78.56735738180578,,0,
3.0,19.0,0,56.740730586927384,,0,
4.0,19.0,0,30.66094096796587,,0,
5.0,19.0,0,1.247066289652139,-42.262399,1,-43.50946528965214
6.0,19.0,0,-26.5348240705207,,0,
7.0,19.0,0,-48.36360911699012,,0,
8.0,19.0,0,-64.90032300865278,,0,
9.0,19.0,0,-77.91802589222789,-178.180954,1,-100.26292810777213
10.0,19.0,0,-88.44042488350533,,0,
11.0,19.0,0,-97.95237950515002,,0,
12.0,19.0,0,-110.83013136824593,,0,
13.0,19.0,0,-131.09509080066346,-108.605716,1,22.489374800663455
14.0,19.0,0,-160.78606178751215,,0,
15.0,19.0,0,-199.479230531957,,0,
16.0,19.0,0,-243.38628633110784,,0,
17.0,19.0,0,-287.52567011420615,-394.616157,1,-107.09048688579384
18.0,19.0,0,-327.9063059622422,,0,
19.0,19.0,0,-360.99868296599016,,0,
20.0,19.0,0,-386.69603101629764,,0,
21.0,19.0,0,-405.3048448327463,-392.258132,1,13.046712832746323
22.0,19.0,0,-415.4302973736776,,0,
23.0,19.0,0,-414.80764020606875,,0,
24.0,19.0,0,-401.89886580826715,,0,
25.0,19.0,0,-375.9999509740155,-450.527249,1,-74.52729802598446
26.0,19.0,0,-337.3095643182751,,0,
27.0,19.0,0,-290.80479706823826,,0,
28.0,19.0,0,-240.41620421991684,,0,
29.0,19.0,0,-189.9366424381733,-167.037849,1,22.8987934381733
30.0,19.0,0,-145.10520360106602,,0,
31.0,19.0,0,-110.33573638030794,,0,
32.0,19.0,0,-89.20896244281903,,0,
33.0,19.0,0,-84.11891429009847,4.205361,1,88.32427529009847
34.0,19.0,0,-96.7299286739435,,0,
35.0,19.0,0,-123.73495157761499,,0,
36.0,19.0,0,-162.1266141058877,,0,
37.0,19.0,0,-207.44400368115748,-391.557246,1,-184.11324231884254
38.0,19.0,0,-253.70105127384886,,0,
39.0,19.0,0,-294.5123733462533,,0,
40.0,19.0,0,-328.01210205769166,,0,
41.0,19.0,0,-353.3755507589085,-451.493252,1,-98.11770124109148
42.0,19.0,0,-368.0070236562751,,0,
43.0,19.0,0,-374.20523044653237,,0,
44.0,19.0,0,-373.29478351934813,,0,
45.0,19.0,0,-366.3220626504626,-383.291304,1,-16.969241349537413
46.0,19.0,0,-353.86793787498027,,0,
47.0,19.0,0,-337.6280793880578,,0,
48.0,19.0,0,-319.5574835508596,,0,
49.0,19.0,0,-301.99792475567665,-357.533055,1,-55.53513024432334
50.0,19.0,0,-286.65394066041335,,0,
51.0,19.0,0,-274.7856813047547,,0,
52.0,19.0,0,-269.22771523334086,,0,
53.0,19.0,0,-272.8668421620969,-244.784903,1,28.08193916209686
54.0,19.0,0,-287.3943583201617,,0,
55.0,19.0,0,-311.1173557987204,,0,
56.0,19.0,0,-340.9167811279185,,0,
57.0,19.0,0,-372.62171891727485,-601.827882,1,-229.2061630827252
58.0,19.0,0,-401.6178743696073,,0,
59.0,19.0,0,-424.00523049896583,,0,
60.0,19.0,0,-438.290152245434,,0,
61.0,19.0,0,-443.74499993625795,-460.046369,1,-16.301369063742072
62.0,19.0,0,-440.8312181115616,,0,
63.0,19.0,0,-429.87739498814335,,0,
64.0,19.0,0,-409.8397587306681,,0,
65.0,19.0,0,-377.7715935881715,-538.367243,1,-160.5956494118285
66.0,19.0,0,-328.6277263384545,,0,
67.0,19.0,0,-266.9434307361953,,0,
68.0,19.0,0,-197.0881489093881,,0,
69.0,19.0,0,-124.8717848637607,174.823929,1,299.6957138637607
70.0,19.0,0,-58.147198498714715,,0,
71.0,19.0,0,-5.475112333311699,,0,
72.0,19.0,0,26.791546245338395,,0,
73.0,19.0,0,37.5976140658604,22.11265,1,-15.4849640658604
74.0,19.0,0,30.59830834402237,,0,
75.0,19.0,0,10.984020067728125,,0,
76.0,19.0,0,-15.33022039104253,,0,
77.0,19.0,0,-42.93265604926273,-94.268046,1,-51.335389950737266
78.0,19.0,0,-66.94156487646978,,0,
79.0,19.0,0,-86.12906136130914,,0,
80.0,19.0,0,-99.25507938864757,,0,
81.0,19.0,0,-104.60319798492128,-217.030613,1,-112.42741501507871
82.0,19.0,0,-98.83047469274607,,0,
83.0,19.0,0,-80.10198195127305,,0,
84.0,19.0,0,-51.74902283033589,,0,
85.0,19.0,0,-21.23826058168197,272.057965,1,293.296225581682
86.0,19.0,0,-0.348832763498649,,0,
87.0,19.0,0,14.720891884760931,,0,
88.0,19.0,0,24.178016887773992,,0,
89.0,19.0,0,27.298082251450978,87.441134,1,60.14305174854903
90.0,19.0,0,25.216344538377598,,0,
91.0,19.0,0,21.27530520549044,,0,
92.0,19.0,0,19.877297756203916,,0,
93.0,19.0,0,24.71248721354641,-68.078241,1,-92.79072821354642
94.0,19.0,0,35.87199137729476,,0,
95.0,19.0,0,45.767503177630715,,0,
96.0,19.0,0,48.29807110464026,,0,
97.0,19.0,0,40.1086826245446,232.666477,1,192.5577943754554
98.0,19.0,0,18.77419507014565,,0,
99.0,19.0,0,-17.131848791788798,,0,
100.0,19.0,0,-64.40966360169114,,0,
101.0,19.0,0,-117.37496444582939,-265.663422,1,-148.28845755417063
102.0,19.0,0,-169.33749594227993,,0,
103.0,19.0,0,-215.69498955004383,,0,
104.0,19.0,0,-260.4357534850715,,0,
105.0,19.0,0,-310.0961708240211,-164.954661,1,145.1415098240211
106.0,19.0,0,-368.50998251576675,,0,
107.0,19.0,0,-428.5859765088826,,0,
108.0,19.0,0,-483.1232917593006,,0,
109.0,19.0,0,-524.529363404843,-710.306773,1,-185.777409595157
110.0,19.0,0,-545.6079542615917,,0,
111.0,19.0,0,-550.5427421543864,,0,
112.0,19.0,0,-542.5403701544274,,0,
113.0,19.0,0,-525.6952339428244,-615.468105,1,-89.77287105717562
114.0,19.0,0,-505.0678462233627,,0,
115.0,19.0,0,-486.23651543527376,,0,
116.0,19.0,0,-475.72459800413344,,0,
117.0,19.0,0,-479.5755062707467,-335.409044,1,144.1664622707467
118.0,19.0,0,-500.67490724957315,,0,
119.0,19.0,0,-531.7595466041239,,0,
120.0,19.0,0,-565.3220668722643,,0,
121.0,19.0,0,-592.5768152761739,-691.750492,1,-99.17367672382613
122.0,19.0,0,-604.9595779652882,,0,
123.0,19.0,0,-600.7758783873287,,0,
124.0,19.0,0,-577.761278682272,,0,
125.0,19.0,0,-533.0412029238651,-743.133884,1,-210.0926810761349
126.0,19.0,0,-464.77651425334625,,0,
127.0,19.0,0,-383.2506069187075,,0,
128.0,19.0,0,-295.96061055501923,,0,
129.0,19.0,0,-210.1686098871287,84.426532,1,294.5951418871287
130.0,19.0,0,-135.61599352117628,,0,
131.0,19.0,0,-66.5478061484173,,0,
132.0,19.0,0,-4.591726762591861,,0,
133.0,19.0,0,43.339495834195986,350.083181,1,306.74368516580404
134.0,19.0,0,73.37577822525054,,0,
135.0,19.0,0,97.85063076356892,,0,
136.0,19.0,0,121.24686763703357,,0,
137.0,19.0,0,142.9996899527032,-63.385735,1,-206.3854249527032
138.0,19.0,0,164.00656527956016,,0,
139.0,19.0,0,185.70385755319148,,0,
140.0,19.0,0,205.1181449709693,,0,
141.0,19.0,0,220.541151804151,23.629639,1,-196.91151280415102
142.0,19.0,0,227.83951492491178,,0,
143.0,19.0,0,213.64641754876357,,0,
144.0,19.0,0,170.6431471387623,,0,
145.0,19.0,0,96.23363352403976,427.551937,1,331.31830347596025
146.0,19.0,0,-6.645931801758707,,0,
147.0,19.0,0,-113.33786136377603,,0,
148.0,19.0,0,-205.63458602805622,,0,
149.0,19.0,0,-272.6633913447149,-488.086266,1,-215.4228746552851
150.0,19.0,0,-306.34629505174235,,0,
151.0,19.0,0,-301.9839020802756,,0,
152.0,19.0,0,-266.22547269251663,,0,
153.0,19.0,0,-207.4025476030074,-693.303067,1,-485.90051939699265
154.0,19.0,0,-130.92732112458907,,0,
155.0,19.0,0,-41.46350700361654,,0,
156.0,19.0,0,54.71517476835288,,0,
157.0,19.0,0,152.03804458957165,211.19141,1,59.153365410428336
158.0,19.0,0,239.0781520511955,,0,
159.0,19.0,0,303.655640667188,,0,
160.0,19.0,0,343.66208050539717,,0,
161.0,19.0,0,360.42215014691465,461.63326,1,101.21110985308536
162.0,19.0,0,354.17083985183854,,0,
163.0,19.0,0,325.3927233291324,,0,
164.0,19.0,0,279.8538289666176,,0,
165.0,19.0,0,222.58599005476572,374.918803,1,152.3328129452343
166.0,19.0,0,154.8235841523856,,0,
167.0,19.0,0,84.50386038143188,,0,
168.0,19.0,0,15.978953489335254,,0,
169.0,19.0,0,-48.420093255117536,119.141751,1,167.56184425511753
170.0,19.0,0,-105.89129360485822,,0,
171.0,19.0,0,-153.8143821367994,,0,
172.0,19.0,0,-190.1140446071513,,0,
173.0,19.0,0,-213.77444476634264,-323.891417,1,-110.11697223365735
174.0,19.0,0,-225.93304069689475,,0,
175.0,19.0,0,-228.00624058186077,,0,
176.0,19.0,0,-224.51892477017827,,0,
177.0,19.0,0,-218.13755137845874,-399.651003,1,-181.51345162154126
178.0,19.0,0,-205.9882562570274,,0,
179.0,19.0,0,-191.53126117633656,,0,
180.0,19.0,0,-172.05764215858653,,0,
181.0,19.0,0,-142.85018550930545,-166.139101,1,-23.288915490694563
182.0,19.0,0,-105.40503267757595,,0,
183.0,19.0,0,-62.69373483303934,,0,
184.0,19.0,0,-13.842334846500307,,0,
185.0,19.0,0,46.093457616399974,-117.880567,1,-163.97402461639996
186.0,19.0,0,124.02943606837653,,0,
187.0,19.0,0,224.5770292491652,,0,
188.0,19.0,0,344.3181876838207,,0,
189.0,19.0,0,474.6186620295048,637.134525,1,162.51586297049528
190.0,19.0,0,601.7255839789286,,0,
191.0,19.0,0,717.0602083429694,,0,
192.0,19.0,0,808.618104884401,,0,
193.0,19.0,0,866.1714451117441,1271.571551,1,405.4001058882559
194.0,19.0,0,882.365749506047,,0,
195.0,19.0,0,850.9968820651993,,0,
196.0,19.0,0,778.2854609566275,,0,
197.0,19.0,0,677.016968710348,669.304862,1,-7.712106710348053
198.0,19.0,0,563.9113601227291,,0,
199.0,19.0,0,454.7036291437689,,0,
0.0,20.0,0,62.83202675636858,18.942248,1,-43.88977875636858
1.0,20.0,0,47.32575852260925,,0,
2.0,20.0,0,29.609473875025287,,0,
3.0,20.0,0,10.076232372317463,,0,
4.0,20.0,0,-11.709015486296266,151.233428,1,162.94244348629627
5.0,20.0,0,-37.9239566847682,,0,
6.0,20.0,0,-61.92748193861917,,0,
7.0,20.0,0,-80.36186570185237,,0,
8.0,20.0,0,-93.13629371556453,-178.498657,1,-85.36236328443547
9.0,20.0,0,-101.60432196967304,,0,
10.0,20.0,0,-107.48265518946573,,0,
11.0,20.0,0,-113.1842205026187,,0,
12.0,20.0,0,-122.21745582669973,-190.32342,1,-68.10596417330026
13.0,20.0,0,-138.02417857316323,,0,
14.0,20.0,0,-162.57215416256804,,0,
15.0,20.0,0,-195.56432664603926,,0,
16.0,20.0,0,-233.98097653104924,-312.228974,1,-78.24799746895076
17.0,20.0,0,-272.3735543540679,,0,
18.0,20.0,0,-308.9297155516688,,0,
19.0,20.0,0,-341.4782821475528,,0,
20.0,20.0,0,-369.03604635735974,-355.407094,1,13.628952357359765
21.0,20.0,0,-391.17190987220965,,0,
22.0,20.0,0,-405.90808695717715,,0,
23.0,20.0,0,-410.771540932823,,0,
24.0,20.0,0,-403.43015563930385,-439.169772,1,-35.739616360696175
25.0,20.0,0,-381.8578767902218,,0,
26.0,20.0,0,-347.60138387954794,,0,
27.0,20.0,0,-304.8905072337948,,0,
28.0,20.0,0,-258.2026963233948,-338.645549,1,-80.44285267660524
29.0,20.0,0,-210.67342202414875,,0,
30.0,20.0,0,-168.98144163610414,,0,
31.0,20.0,0,-137.29753888305277,,0,
32.0,20.0,0,-118.47092645289376,-73.489775,1,44.98115145289377
33.0,20.0,0,-115.26439085043967,,0,
34.0,20.0,0,-127.13780906004831,,0,
35.0,20.0,0,-151.68265125720063,,0,
36.0,20.0,0,-185.76896205591038,-227.288967,1,-41.520004944089635
37.0,20.0,0,-225.03844590531662,,0,
38.0,20.0,0,-266.0285680994857,,0,
39.0,20.0,0,-304.56257817172445,,0,
40.0,20.0,0,-337.68997197400313,-388.434598,1,-50.744626025996865
41.0,20.0,0,-362.7585194474086,,0,
42.0,20.0,0,-377.5379893206991,,0,
43.0,20.0,0,-382.71131783537567,,0,
44.0,20.0,0,-380.47834531916305,-347.643875,1,32.834470319163074
45.0,20.0,0,-373.5190448279027,,0,
46.0,20.0,0,-362.67667650140356,,0,
47.0,20.0,0,-349.3669398241909,,0,
48.0,20.0,0,-335.2170831405092,-342.586632,1,-7.369548859490806
49.0,20.0,0,-322.0900869301986,,0,
50.0,20.0,0,-311.1489693475887,,0,
51.0,20.0,0,-303.3126621686388,,0,
52.0,20.0,0,-300.7371863942244,-255.792711,1,44.94447539422441
53.0,20.0,0,-306.69132335006725,,0,
54.0,20.0,0,-323.21784352196846,,0,
55.0,20.0,0,-349.3558476334438,,0,
56.0,20.0,0,-381.3349608358694,-586.59193,1,-205.25696916413062
57.0,20.0,0,-414.05037700221874,,0,
58.0,20.0,0,-442.9268325524172,,0,
59.0,20.0,0,-464.94115273549687,,0,
60.0,20.0,0,-478.43826102174353,-533.694599,1,-55.25633797825651
61.0,20.0,0,-481.8042082771426,,0,
62.0,20.0,0,-476.36679106007796,,0,
63.0,20.0,0,-462.3920304850908,,0,
64.0,20.0,0,-438.9162194749806,-586.057237,1,-147.14101752501938
65.0,20.0,0,-403.1500492815394,,0,
66.0,20.0,0,-352.2546430543298,,0,
67.0,20.0,0,-288.1439446566219,,0,
68.0,20.0,0,-215.55432363424916,-26.550193,1,189.00413063424915
69.0,20.0,0,-141.41879533819156,,0,
70.0,20.0,0,-74.53208684938727,,0,
71.0,20.0,0,-24.35203445062507,,0,
72.0,20.0,0,3.161081124213524,-16.757271,1,-19.918352124213524
73.0,20.0,0,10.558687263401225,,0,
74.0,20.0,0,3.049115235451609,,0,
75.0,20.0,0,-14.11806846113177,,0,
76.0,20.0,0,-35.8992449385114,-21.458986,1,14.440258938511402
77.0,20.0,0,-58.76890294934856,,0,
78.0,20.0,0,-79.93948353285668,,0,
79.0,20.0,0,-97.73998466081684,,0,
80.0,20.0,0,-110.50348064582795,-43.135307,1,67.36817364582795
81.0,20.0,0,-116.92705660650972,,0,
82.0,20.0,0,-112.56299419194693,,0,
83.0,20.0,0,-96.14200362470001,,0,
84.0,20.0,0,-70.65753645315999,136.294499,1,206.95203545316
85.0,20.0,0,-42.18646295345388,,0,
86.0,20.0,0,-17.367479414708214,,0,
87.0,20.0,0,3.3082838868140243,,0,
88.0,20.0,0,19.839809441531543,-33.735223,1,-53.57503244153154
89.0,20.0,0,30.858224146533757,,0,
90.0,20.0,0,35.843490918923635,,0,
91.0,20.0,0,36.08669530361658,,0,
92.0,20.0,0,34.8912686194235,-57.235932,1,-92.12720061942349
93.0,20.0,0,37.12406892434228,,0,
94.0,20.0,0,41.157051542933914,,0,
95.0,20.0,0,42.72096368711209,,0,
96.0,20.0,0,37.75935713661602,196.450632,1,158.691274863384
97.0,20.0,0,24.866382944659563,,0,
98.0,20.0,0,3.480111081385985,,0,
99.0,20.0,0,-26.110182848904515,,0,
100.0,20.0,0,-61.66633505940263,-191.056045,1,-129.38970994059738
101.0,20.0,0,-99.634036845644,,0,
102.0,20.0,0,-136.13734290687717,,0,
103.0,20.0,0,-170.09647228347603,,0,
104.0,20.0,0,-206.37408233663882,-119.455958,1,86.91812433663883
105.0,20.0,0,-253.1979637570912,,0,
106.0,20.0,0,-310.9798498657183,,0,
107.0,20.0,0,-373.9140779415611,,0,
108.0,20.0,0,-433.3365357914008,-517.345017,1,-84.00848120859916
109.0,20.0,0,-479.10099269193597,,0,
110.0,20.0,0,-507.27910774660995,,0,
111.0,20.0,0,-518.828410841932,,0,
112.0,20.0,0,-516.5424713723769,-582.208668,1,-65.6661966276231
113.0,20.0,0,-505.0983190907864,,0,
114.0,20.0,0,-489.9501302431163,,0,
115.0,20.0,0,-476.765498838271,,0,
116.0,20.0,0,-472.12474465812556,-331.672033,1,140.45271165812557
117.0,20.0,0,-484.3442940347013,,0,
118.0,20.0,0,-512.5119680823991,,0,
119.0,20.0,0,-551.5031247064471,,0,
120.0,20.0,0,-592.8453495342983,-647.693875,1,-54.848525465701755
121.0,20.0,0,-625.9299254094949,,0,
122.0,20.0,0,-643.6702376977773,,0,
123.0,20.0,0,-642.4403622287791,,0,
124.0,20.0,0,-620.3489084647154,-758.094359,1,-137.7454505352847
125.0,20.0,0,-573.2494527355302,,0,
126.0,20.0,0,-504.31096142251045,,0,
127.0,20.0,0,-419.93816804420203,,0,
128.0,20.0,0,-326.9824227099889,-328.818581,1,-1.8361582900110989
129.0,20.0,0,-232.38952881505247,,0,
130.0,20.0,0,-142.10789496265352,,0,
131.0,20.0,0,-56.408311123610474,,0,
132.0,20.0,0,20.32257950550411,412.220442,1,391.8978624944959
133.0,20.0,0,73.55563931702636,,0,
134.0,20.0,0,108.24688950716518,,0,
135.0,20.0,0,130.79206541646272,,0,
136.0,20.0,0,145.3337884968496,212.860234,1,67.5264455031504
137.0,20.0,0,152.12449241406284,,0,
138.0,20.0,0,153.78700724465307,,0,
139.0,20.0,0,151.7148780876305,,0,
140.0,20.0,0,147.91469954955392,-200.981663,1,-348.89636254955394
141.0,20.0,0,149.85068998334464,,0,
142.0,20.0,0,146.76677333016414,,0,
143.0,20.0,0,128.46009745984338,,0,
144.0,20.0,0,87.29031905706506,249.101282,1,161.81096294293494
145.0,20.0,0,17.21341947442852,,0,
146.0,20.0,0,-73.64997503580526,,0,
147.0,20.0,0,-168.82481874525547,,0,
148.0,20.0,0,-252.94742342992686,-257.680696,1,-4.733272570073154
149.0,20.0,0,-315.4252912098891,,0,
150.0,20.0,0,-349.7350427241763,,0,
151.0,20.0,0,-353.2160302710254,,0,
152.0,20.0,0,-327.71152411587536,-602.321887,1,-274.6103628841246
153.0,20.0,0,-278.3594487453811,,0,
154.0,20.0,0,-209.4830564998556,,0,
155.0,20.0,0,-125.12363745924085,,0,
156.0,20.0,0,-30.210496903862804,-229.793524,1,-199.5830270961372
157.0,20.0,0,71.96841466904152,,0,
158.0,20.0,0,167.019021774875,,0,
159.0,20.0,0,243.37346480600536,,0,
160.0,20.0,0,294.7891895180801,336.984048,1,42.19485848191988
161.0,20.0,0,321.9629201502539,,0,
162.0,20.0,0,326.50402288220357,,0,
163.0,20.0,0,310.8567637333181,,0,
164.0,20.0,0,279.1574902229477,263.54637,1,-15.611120222947648
165.0,20.0,0,232.7846754314378,,0,
166.0,20.0,0,173.87945248628967,,0,
167.0,20.0,0,108.69437271892093,,0,
168.0,20.0,0,42.345426144311205,97.768502,1,55.42307585568879
169.0,20.0,0,-22.727355632930994,,0,
170.0,20.0,0,-82.14858665387146,,0,
171.0,20.0,0,-133.25070429802872,,0,
172.0,20.0,0,-174.35045806271955,-297.703244,1,-123.35278593728043
173.0,20.0,0,-202.68793125252705,,0,
174.0,20.0,0,-221.50937930378132,,0,
175.0,20.0,0,-232.20062368921936,,0,
176.0,20.0,0,-236.32115964684635,-429.768281,1,-193.44712135315365
177.0,20.0,0,-235.67290848400444,,0,
178.0,20.0,0,-230.43832496087998,,0,
179.0,20.0,0,-221.84407504671253,,0,
180.0,20.0,0,-207.0195438468363,-511.086055,1,-304.0665111531637
181.0,20.0,0,-176.79766458575614,,0,
182.0,20.0,0,-137.50289393006824,,0,
183.0,20.0,0,-91.06607144605368,,0,
184.0,20.0,0,-35.733840465778485,-127.571805,1,-91.83796453422151
185.0,20.0,0,32.339844074100256,,0,
186.0,20.0,0,117.52999970735982,,0,
187.0,20.0,0,221.86277603311464,,0,
188.0,20.0,0,342.4206364597194,376.778213,1,34.357576540280604
189.0,20.0,0,471.2971127140336,,0,
190.0,20.0,0,597.8745033871382,,0,
191.0,20.0,0,712.9755452298559,,0,
192.0,20.0,0,805.9548359413166,982.292345,1,176.3375090586834
193.0,20.0,0,863.6511270836927,,0,
194.0,20.0,0,882.3645115275867,,0,
195.0,20.0,0,856.8116940078326,,0,
196.0,20.0,0,786.373865051195,934.863028,1,148.48916294880496
197.0,20.0,0,681.6984335700981,,0,
198.0,20.0,0,563.5539804780856,,0,
199.0,20.0,0,450.0777652929537,,0,
0.0,21.0,0,12.135350055992603,,0,
1.0,21.0,0,-5.645930489059538,,0,
2.0,21.0,0,-24.601819172967225,,0,
3.0,21.0,0,-43.325792953372,12.585749,1,55.911541953372
4.0,21.0,0,-62.7706709492486,,0,
5.0,21.0,0,-83.28077897476032,,0,
6.0,21.0,0,-101.17835978255607,,0,
7.0,21.0,0,-113.70133774774149,-170.765211,1,-57.0638732522585
8.0,21.0,0,-120.46147660166025,,0,
9.0,21.0,0,-122.54236671468243,,0,
10.0,21.0,0,-121.97715116012841,,0,
11.0,21.0,0,-121.5446922936244,-123.844407,1,-2.2997147063756103
12.0,21.0,0,-124.50745430809911,,0,
13.0,21.0,0,-134.07012398028746,,0,
14.0,21.0,0,-152.16140495054424,,0,
15.0,21.0,0,-178.54200765793212,-239.407619,1,-60.86561134206789
16.0,21.0,0,-210.71845681103878,,0,
17.0,21.0,0,-245.17185947531834,,0,
18.0,21.0,0,-279.72698073717766,,0,
19.0,21.0,0,-312.75626564375125,-281.73083,1,31.025435643751223
20.0,21.0,0,-343.28105163015425,,0,
21.0,21.0,0,-370.21194669627585,,0,
22.0,21.0,0,-391.13628994091414,,0,
23.0,21.0,0,-402.6871242141351,-508.632984,1,-105.94585978586491
24.0,21.0,0,-401.5880245845765,,0,
25.0,21.0,0,-385.7721150643192,,0,
26.0,21.0,0,-356.3008000482805,,0,
27.0,21.0,0,-317.3341852099693,-447.308526,1,-129.97434079003068
28.0,21.0,0,-273.9758306122385,,0,
29.0,21.0,0,-231.16562320990488,,0,
30.0,21.0,0,-194.31437988509424,,0,
31.0,21.0,0,-167.1102918686811,-118.44251,1,48.66778186868109
32.0,21.0,0,-151.73859472456388,,0,
33.0,21.0,0,-149.29323366563767,,0,
34.0,21.0,0,-158.8168555686716,,0,
35.0,21.0,0,-178.35599421849474,-212.088286,1,-33.73229178150527
36.0,21.0,0,-205.64385369373485,,0,
37.0,21.0,0,-238.32073477166705,,0,
38.0,21.0,0,-274.02400738047436,,0,
39.0,21.0,0,-309.3294622807298,-288.939539,1,20.38992328072976
40.0,21.0,0,-341.07440579729155,,0,
41.0,21.0,0,-365.7750267232768,,0,
42.0,21.0,0,-380.8149865705054,,0,
43.0,21.0,0,-385.473075488233,-363.004907,1,22.468168488233005
44.0,21.0,0,-382.4890220009256,,0,
45.0,21.0,0,-375.1357491775416,,0,
46.0,21.0,0,-365.3953022585483,,0,
47.0,21.0,0,-354.64244392397813,-380.717103,1,-26.074659076021874
48.0,21.0,0,-343.9295969621744,,0,
49.0,21.0,0,-335.27605491504073,,0,
50.0,21.0,0,-329.0999715361977,,0,
51.0,21.0,0,-325.2187152269762,-364.556441,1,-39.337725773023806
52.0,21.0,0,-325.51757107896265,,0,
53.0,21.0,0,-333.9447887111455,,0,
54.0,21.0,0,-352.85866664978676,,0,
55.0,21.0,0,-382.1769359247992,-370.971557,1,11.205378924799163
56.0,21.0,0,-416.94419411115814,,0,
57.0,21.0,0,-450.67426965758204,,0,
58.0,21.0,0,-478.78221631865017,,0,
59.0,21.0,0,-499.0851297881745,-679.920971,1,-180.83584121182548
60.0,21.0,0,-510.4922820519423,,0,
61.0,21.0,0,-512.3175472083967,,0,
62.0,21.0,0,-504.98198708193377,,0,
63.0,21.0,0,-488.651185873081,-483.194716,1,5.456469873080948
64.0,21.0,0,-463.0270436856663,,0,
65.0,21.0,0,-426.26619867701083,,0,
66.0,21.0,0,-376.0889955573948,,0,
67.0,21.0,0,-312.3381295168074,-335.538427,1,-23.200297483192628
68.0,21.0,0,-239.11984273185953,,0,
69.0,21.0,0,-164.132027885993,,0,
70.0,21.0,0,-97.02666660526302,,0,
71.0,21.0,0,-48.46823856025003,182.928066,1,231.39630456025003
72.0,21.0,0,-25.58472459157929,,0,
73.0,21.0,0,-20.64260019827634,,0,
74.0,21.0,0,-28.10488216439262,,0,
75.0,21.0,0,-43.04105874861125,-106.920142,1,-63.87908325138875
76.0,21.0,0,-60.64973403455224,,0,
77.0,21.0,0,-79.77904876525281,,0,
78.0,21.0,0,-99.08969461356173,,0,
79.0,21.0,0,-117.37635191821028,-69.921374,1,47.454977918210275
80.0,21.0,0,-132.12094077153597,,0,
81.0,21.0,0,-140.42323532153387,,0,
82.0,21.0,0,-138.4857535373303,,0,
83.0,21.0,0,-124.54472957638791,-76.962729,1,47.58200057638791
84.0,21.0,0,-101.73487811925588,,0,
85.0,21.0,0,-73.11966575775295,,0,
86.0,21.0,0,-42.661832905956544,,0,
87.0,21.0,0,-13.305635743483435,-36.943372,1,-23.63773625651656
88.0,21.0,0,13.067083034373354,,0,
89.0,21.0,0,33.62340008519823,,0,
90.0,21.0,0,46.37679418706102,,0,
91.0,21.0,0,51.03601066407282,-33.502105,1,-84.53811566407282
92.0,21.0,0,50.383277449873276,,0,
93.0,21.0,0,47.84104483301053,,0,
94.0,21.0,0,43.85048915754305,,0,
95.0,21.0,0,36.81568762473762,106.820955,1,70.00526737526238
96.0,21.0,0,24.196032540901797,,0,
97.0,21.0,0,7.3864849783713,,0,
98.0,21.0,0,-12.832242373027839,,0,
99.0,21.0,0,-35.51440386916511,-53.26916,1,-17.754756130834892
100.0,21.0,0,-59.256088975205785,,0,
101.0,21.0,0,-82.95392098743469,,0,
102.0,21.0,0,-104.95322907360969,,0,
103.0,21.0,0,-125.91289523494197,-186.973435,1,-61.060539765058024
104.0,21.0,0,-153.46947555296356,,0,
105.0,21.0,0,-195.43781821549055,,0,
106.0,21.0,0,-252.2798731867806,,0,
107.0,21.0,0,-317.2655681859469,-328.910698,1,-11.64512981405312
108.0,21.0,0,-380.41669219423784,,0,
109.0,21.0,0,-432.3359301206656,,0,
110.0,21.0,0,-468.26372198347235,,0,
111.0,21.0,0,-487.62681744561996,-548.878506,1,-61.25168855438005
112.0,21.0,0,-491.6744147700665,,0,
113.0,21.0,0,-486.2902946351387,,0,
114.0,21.0,0,-477.4465632494539,,0,
115.0,21.0,0,-471.21702262881445,-217.700355,1,253.51666762881445
116.0,21.0,0,-474.01830192591297,,0,
117.0,21.0,0,-491.14093125180807,,0,
118.0,21.0,0,-523.3270482303342,,0,
119.0,21.0,0,-567.4088969805744,-526.349121,1,41.059775980574386
120.0,21.0,0,-613.7438972095842,,0,
121.0,21.0,0,-651.8894562455826,,0,
122.0,21.0,0,-673.4286839744018,,0,
123.0,21.0,0,-672.4580064443871,-814.699427,1,-142.24142055561288
124.0,21.0,0,-649.0837411780376,,0,
125.0,21.0,0,-603.7276689752471,,0,
126.0,21.0,0,-538.4679128325079,,0,
127.0,21.0,0,-456.9412610309664,-560.982134,1,-104.04087296903356
128.0,21.0,0,-364.83441884606145,,0,
129.0,21.0,0,-267.37824586150236,,0,
130.0,21.0,0,-168.83130016550422,,0,
131.0,21.0,0,-73.55024372960906,257.291537,1,330.84178072960907
132.0,21.0,0,11.11220542807132,,0,
133.0,21.0,0,76.55667602736503,,0,
134.0,21.0,0,121.93100800586399,,0,
135.0,21.0,0,148.82956784171984,363.337703,1,214.50813515828014
136.0,21.0,0,161.38498138054274,,0,
137.0,21.0,0,161.8693990384927,,0,
138.0,21.0,0,152.31796831532847,,0,
139.0,21.0,0,135.61624004272744,-110.459385,1,-246.07562504272744
140.0,21.0,0,116.73188301792834,,0,
141.0,21.0,0,100.59061763854697,,0,
142.0,21.0,0,82.67777255701367,,0,
143.0,21.0,0,54.324513169471174,44.646099,1,-9.678414169471175
144.0,21.0,0,8.018573936657049,,0,
145.0,21.0,0,-59.33967290096916,,0,
146.0,21.0,0,-141.45183612022083,,0,
147.0,21.0,0,-226.12316291069146,-208.855722,1,17.267440910691477
148.0,21.0,0,-301.4248521657428,,0,
149.0,21.0,0,-357.8356015845202,,0,
150.0,21.0,0,-390.9504829449579,,0,
151.0,21.0,0,-399.92564811045304,-481.494848,1,-81.56919988954695
152.0,21.0,0,-382.93688696064055,,0,
153.0,21.0,0,-343.4947040162515,,0,
154.0,21.0,0,-283.554238113109,,0,
155.0,21.0,0,-204.42410888010636,-498.199364,1,-293.77525511989364
156.0,21.0,0,-111.2316777415108,,0,
157.0,21.0,0,-10.080451203859411,,0,
158.0,21.0,0,88.79108018381521,,0,
159.0,21.0,0,174.14947981899604,370.684052,1,196.53457218100397
160.0,21.0,0,235.16686985711567,,0,
161.0,21.0,0,273.8295257783029,,0,
162.0,21.0,0,291.23662303830497,,0,
163.0,21.0,0,289.3846284626052,125.026196,1,-164.35843246260518
164.0,21.0,0,272.63090182631277,,0,
165.0,21.0,0,238.28536262502894,,0,
166.0,21.0,0,189.00242693908513,,0,
167.0,21.0,0,131.15786232054234,0.114409,1,-131.04345332054234
168.0,21.0,0,69.63438090961426,,0,
169.0,21.0,0,8.2844908463303,,0,
170.0,21.0,0,-48.59660760383122,,0,
171.0,21.0,0,-97.81337708234787,-276.170464,1,-178.3570869176521
172.0,21.0,0,-138.70089024328627,,0,
173.0,21.0,0,-170.95131132984534,,0,
174.0,21.0,0,-195.84837292064913,,0,
175.0,21.0,0,-213.86635768786073,-294.403651,1,-80.5372933121393
176.0,21.0,0,-224.41084011341445,,0,
177.0,21.0,0,-230.16471310378984,,0,
178.0,21.0,0,-232.00763952662237,,0,
179.0,21.0,0,-229.6996877954807,-516.518068,1,-286.81838020451926
180.0,21.0,0,-219.23823363613337,,0,
181.0,21.0,0,-196.04280550871044,,0,
182.0,21.0,0,-162.04425600543618,,0,
183.0,21.0,0,-118.52371291723102,-129.782393,1,-11.25868008276899
184.0,21.0,0,-63.60235434491187,,0,
185.0,21.0,0,5.389784028287977,,0,
186.0,21.0,0,90.9879499739036,,0,
187.0,21.0,0,193.70258227782324,6.877304,1,-186.82527827782323
188.0,21.0,0,310.5802119290456,,0,
189.0,21.0,0,435.0609384602867,,0,
190.0,21.0,0,558.3696527141146,,0,
191.0,21.0,0,670.9962555398233,862.969402,1,191.97314646017662
192.0,21.0,0,762.2756854132749,,0,
193.0,21.0,0,822.1063430402428,,0,
194.0,21.0,0,845.4224842607509,,0,
195.0,21.0,0,827.260489156004,1235.872049,1,408.611559843996
196.0,21.0,0,759.3838388319127,,0,
197.0,21.0,0,658.7146897192579,,0,
198.0,21.0,0,542.5929588903673,,0,
199.0,21.0,0,428.99067537812516,-12.362132,1,-441.35280737812514
0.0,22.0,0,-40.24631494330242,,0,
1.0,22.0,0,-60.271932364907116,,0,
2.0,22.0,0,-81.1718427753076,-171.288132,1,-90.1162892246924
3.0,22.0,0,-99.60253000096418,,0,
4.0,22.0,0,-117.0147270723246,,0,
5.0,22.0,0,-132.6116471362766,,0,
6.0,22.0,0,-143.68716925638728,-139.400793,1,4.286376256387285
7.0,22.0,0,-148.95493787433952,,0,
8.0,22.0,0,-148.18495488911867,,0,
9.0,22.0,0,-142.31089190999046,,0,
10.0,22.0,0,-133.57794891227968,-185.308611,1,-51.73066208772033
11.0,22.0,0,-125.04305209661834,,0,
12.0,22.0,0,-119.99290458508767,,0,
13.0,22.0,0,-121.64986794139259,,0,
14.0,22.0,0,-132.3079802717548,-5.962457,1,126.34552327175479
15.0,22.0,0,-151.77234617248178,,0,
16.0,22.0,0,-178.31428410368972,,0,
17.0,22.0,0,-209.5870015998371,,0,
18.0,22.0,0,-243.38419663533568,-257.638235,1,-14.254038364664325
19.0,22.0,0,-277.802803679253,,0,
20.0,22.0,0,-312.12532962858677,,0,
21.0,22.0,0,-345.1171595114283,,0,
22.0,22.0,0,-373.74722612742335,-478.955389,1,-105.20816287257668
23.0,22.0,0,-393.25912100146525,,0,
24.0,22.0,0,-399.6022970126942,,0,
25.0,22.0,0,-390.24226158857346,,0,
26.0,22.0,0,-365.2695535989478,-384.926289,1,-19.656735401052174
27.0,22.0,0,-329.622991287848,,0,
28.0,22.0,0,-289.71415271563455,,0,
29.0,22.0,0,-251.73900227504782,,0,
30.0,22.0,0,-220.65670278551988,-176.071321,1,44.58538178551987
31.0,22.0,0,-198.64178897975944,,0,
32.0,22.0,0,-186.80168133694679,,0,
33.0,22.0,0,-185.07199811050668,,0,
34.0,22.0,0,-191.76958235516213,-285.709266,1,-93.93968364483788
35.0,22.0,0,-205.4749200178776,,0,
36.0,22.0,0,-225.1442141503794,,0,
37.0,22.0,0,-250.53402292274404,,0,
38.0,22.0,0,-281.153033194365,-177.226406,1,103.92662719436498
39.0,22.0,0,-313.00768372020684,,0,
40.0,22.0,0,-342.22593370708637,,0,
41.0,22.0,0,-365.74031678726897,,0,
42.0,22.0,0,-380.67499222629704,-474.547705,1,-93.87271277370297
43.0,22.0,0,-384.3280199992587,,0,
44.0,22.0,0,-380.4962698731106,,0,
45.0,22.0,0,-372.66059832891915,,0,
46.0,22.0,0,-363.4727724387776,-387.842463,1,-24.3696905612224
47.0,22.0,0,-354.16674363194034,,0,
48.0,22.0,0,-346.17254927009344,,0,
49.0,22.0,0,-341.29607164114714,,0,
50.0,22.0,0,-339.53018356952816,-454.965795,1,-115.43561143047185
51.0,22.0,0,-338.63682612298,,0,
52.0,22.0,0,-342.5867841031868,,0,
53.0,22.0,0,-354.31614845996955,,0,
54.0,22.0,0,-375.83694352104794,-232.222104,1,143.61483952104794
55.0,22.0,0,-409.0934350528987,,0,
56.0,22.0,0,-446.44755811127834,,0,
57.0,22.0,0,-480.70530020003207,,0,
58.0,22.0,0,-506.91009147663135,-739.527584,1,-232.6174925233687
59.0,22.0,0,-524.5020900786621,,0,
60.0,22.0,0,-533.4676352492534,,0,
61.0,22.0,0,-533.5228395673912,,0,
62.0,22.0,0,-524.8975816449965,-558.445171,1,-33.547589355003424
63.0,22.0,0,-507.3789768744027,,0,
64.0,22.0,0,-481.6257792902179,,0,
65.0,22.0,0,-446.5967504004948,,0,
66.0,22.0,0,-399.9465772663243,-498.787297,1,-98.84071973367571
67.0,22.0,0,-338.9975735519547,,0,
68.0,22.0,0,-268.68681967206066,,0,
69.0,22.0,0,-195.99113576719537,,0,
70.0,22.0,0,-130.75662734813523,96.678144,1,227.43477134813523
71.0,22.0,0,-86.86921893106773,,0,
72.0,22.0,0,-64.20352178241592,,0,
73.0,22.0,0,-58.20064716041088,,0,
74.0,22.0,0,-63.58699625992449,-107.020871,1,-43.43387474007551
75.0,22.0,0,-75.04309223440941,,0,
76.0,22.0,0,-89.93721064174315,,0,
77.0,22.0,0,-106.85537423123606,,0,
78.0,22.0,0,-125.088280354772,-48.823623,1,76.264657354772
79.0,22.0,0,-144.8337335716351,,0,
80.0,22.0,0,-162.01966513495427,,0,
81.0,22.0,0,-173.0104838028783,,0,
82.0,22.0,0,-174.13504184619524,-236.183946,1,-62.048904153804756
83.0,22.0,0,-162.3691706773534,,0,
84.0,22.0,0,-139.93462483520852,,0,
85.0,22.0,0,-108.51398961496307,,0,
86.0,22.0,0,-70.35105803509941,-126.96406,1,-56.61300196490059
87.0,22.0,0,-30.409552156430436,,0,
88.0,22.0,0,6.8058623692486435,,0,
89.0,22.0,0,37.454656869580504,,0,
90.0,22.0,0,58.1415554342675,112.13154,1,53.9899845657325
91.0,22.0,0,66.51376069756225,,0,
92.0,22.0,0,65.06523691862822,,0,
93.0,22.0,0,56.68526494881371,,0,
94.0,22.0,0,43.71675165515626,51.952767,1,8.236015344843743
95.0,22.0,0,27.253202452789992,,0,
96.0,22.0,0,8.40133598819375,,0,
97.0,22.0,0,-10.736720980436075,,0,
98.0,22.0,0,-28.615429604280507,-59.312359,1,-30.696929395719494
99.0,22.0,0,-43.77017440099735,,0,
100.0,22.0,0,-56.19595672133437,,0,
101.0,22.0,0,-66.27761225984432,,0,
102.0,22.0,0,-74.90579368927865,-263.648415,1,-188.74262131072135
103.0,22.0,0,-82.36845618794905,,0,
104.0,22.0,0,-100.51344542880543,,0,
105.0,22.0,0,-137.9014540629869,,0,
106.0,22.0,0,-195.45639438880607,-125.882794,1,69.57360038880607
107.0,22.0,0,-263.84217795258155,,0,
108.0,22.0,0,-331.8928850843513,,0,
109.0,22.0,0,-390.3026795622427,,0,
110.0,22.0,0,-433.07921165414155,-506.267047,1,-73.18783534585845
111.0,22.0,0,-458.90310482273344,,0,
112.0,22.0,0,-469.58039783569984,,0,
113.0,22.0,0,-470.23707039805595,,0,
114.0,22.0,0,-467.4465105923373,-260.496428,1,206.9500825923373
115.0,22.0,0,-467.81917930586496,,0,
116.0,22.0,0,-477.07539037638344,,0,
117.0,22.0,0,-498.4676908937399,,0,
118.0,22.0,0,-532.6897588375141,-320.506909,1,212.18284983751408
119.0,22.0,0,-580.1327082527569,,0,
120.0,22.0,0,-628.4865869331989,,0,
121.0,22.0,0,-668.3380290826317,,0,
122.0,22.0,0,-691.5833671343862,-952.961119,1,-261.37775186561385
123.0,22.0,0,-688.5970838855719,,0,
124.0,22.0,0,-664.7933855573065,,0,
125.0,22.0,0,-622.843879631313,,0,
126.0,22.0,0,-564.0259483378613,-665.44132,1,-101.41537166213868
127.0,22.0,0,-488.67543132894207,,0,
128.0,22.0,0,-402.1692659537657,,0,
129.0,22.0,0,-307.3464547023177,,0,
130.0,22.0,0,-206.83654869464226,-275.089996,1,-68.25344730535772
131.0,22.0,0,-107.65468767168932,,0,
132.0,22.0,0,-17.33965263783466,,0,
133.0,22.0,0,58.49527150194626,,0,
134.0,22.0,0,116.4059620705666,359.26963,1,242.8636679294334
135.0,22.0,0,151.11108941340353,,0,
136.0,22.0,0,168.563603848801,,0,
137.0,22.0,0,170.10921990778297,,0,
138.0,22.0,0,156.71963665343355,57.786058,1,-98.93357865343356
139.0,22.0,0,131.92163396824617,,0,
140.0,22.0,0,100.73862126865424,,0,
141.0,22.0,0,68.37159740668721,,0,
142.0,22.0,0,35.841762327821925,-188.894494,1,-224.73625632782193
143.0,22.0,0,-3.916347764665261,,0,
144.0,22.0,0,-57.10017131885979,,0,
145.0,22.0,0,-124.92544492939487,,0,
146.0,22.0,0,-202.61574454174843,-227.703077,1,-25.08733245825158
147.0,22.0,0,-280.5050217519747,,0,
148.0,22.0,0,-348.663051427342,,0,
149.0,22.0,0,-398.7922438670648,,0,
150.0,22.0,0,-428.0837569668656,-286.909391,1,141.1743659668656
151.0,22.0,0,-438.9631855664775,,0,
152.0,22.0,0,-428.33407568209805,,0,
153.0,22.0,0,-397.3398046668153,,0,
154.0,22.0,0,-346.6711600461276,-564.117493,1,-217.44633295387234
155.0,22.0,0,-273.31206286442466,,0,
156.0,22.0,0,-185.1522364798002,,0,
157.0,22.0,0,-88.08679589955136,,0,
158.0,22.0,0,10.339313420001417,13.72172,1,3.382406579998582
159.0,22.0,0,99.90718245413154,,0,
160.0,22.0,0,172.13790760783013,,0,
161.0,22.0,0,224.93359665758908,,0,
162.0,22.0,0,258.3511584526859,209.045475,1,-49.30568345268591
163.0,22.0,0,274.00463836849667,,0,
164.0,22.0,0,271.39408971811645,,0,
165.0,22.0,0,248.81748069659807,,0,
166.0,22.0,0,208.56615248857997,101.765276,1,-106.80087648857997
167.0,22.0,0,158.5327545008622,,0,
168.0,22.0,0,103.32251152070239,,0,
169.0,22.0,0,48.34196722856723,,0,
170.0,22.0,0,-2.90895570628345,-110.741259,1,-107.83230329371655
171.0,22.0,0,-46.89916664501652,,0,
172.0,22.0,0,-85.59409190854058,,0,
173.0,22.0,0,-119.74466387776192,,0,
174.0,22.0,0,-149.5486735717859,-200.883367,1,-51.33469342821408
175.0,22.0,0,-173.58179460139945,,0,
176.0,22.0,0,-192.2559678896796,,0,
177.0,22.0,0,-206.31961518758908,,0,
178.0,22.0,0,-216.0677170373965,-155.98672,1,60.080997037396514
179.0,22.0,0,-221.46143249352463,,0,
180.0,22.0,0,-218.44052312499844,,0,
181.0,22.0,0,-204.70616821502335,,0,
182.0,22.0,0,-180.56016773870215,-242.10101,1,-61.540842261297854
183.0,22.0,0,-145.35647977842018,,0,
184.0,22.0,0,-97.03223024168983,,0,
185.0,22.0,0,-33.36937701422721,,0,
186.0,22.0,0,47.0068499208428,47.888302,1,0.8814520791572065
187.0,22.0,0,143.73197851516306,,0,
188.0,22.0,0,253.93467121152207,,0,
189.0,22.0,0,371.94045277033,,0,
190.0,22.0,0,489.9391832195688,605.533421,1,115.59423778043117
191.0,22.0,0,598.6297598262317,,0,
192.0,22.0,0,687.7111408663914,,0,
193.0,22.0,0,747.9638695879839,,0,
194.0,22.0,0,773.305789409671,1463.026223,1,689.7204335903291
195.0,22.0,0,758.4956381563097,,0,
196.0,22.0,0,701.472685223911,,0,
197.0,22.0,0,612.785929533653,,0,
198.0,22.0,0,507.73396219708957,277.860814,1,-229.87314819708956
199.0,22.0,0,404.2577834962867,,0,
0.0,23.0,0,-92.91655452013947,,0,
1.0,23.0,0,-114.31851846538484,-162.720194,1,-48.40167553461515
2.0,23.0,0,-135.9103508091066,,0,
3.0,23.0,0,-154.88004939921666,,0,
4.0,23.0,0,-170.83180560951587,,0,
5.0,23.0,0,-182.72709385678172,-250.226322,1,-67.49922814321829
6.0,23.0,0,-187.5305120050907,,0,
7.0,23.0,0,-185.59027435188182,,0,
8.0,23.0,0,-176.8441276231315,,0,
9.0,23.0,0,-162.02764328289777,-270.222946,1,-108.19530271710221
10.0,23.0,0,-143.88172531034797,,0,
11.0,23.0,0,-125.97566292062402,,0,
12.0,23.0,0,-111.71444951999001,,0,
13.0,23.0,0,-104.22331652161665,-50.02165,1,54.20166652161665
14.0,23.0,0,-106.77409548591822,,0,
15.0,23.0,0,-119.09085426526144,,0,
16.0,23.0,0,-140.45922793098725,,0,
17.0,23.0,0,-169.1670038877055,-142.274027,1,26.892976887705515
18.0,23.0,0,-202.94081611791626,,0,
19.0,23.0,0,-239.74996285466477,,0,
20.0,23.0,0,-278.7508184639737,,0,
21.0,23.0,0,-319.06638577906415,-269.352742,1,49.71364377906417
22.0,23.0,0,-356.729620853439,,0,
23.0,23.0,0,-384.8261381450575,,0,
24.0,23.0,0,-398.85330933262594,,0,
25.0,23.0,0,-396.3913874127902,-519.258586,1,-122.86719858720983
26.0,23.0,0,-375.7750134130474,,0,
27.0,23.0,0,-343.8084461730905,,0,
28.0,23.0,0,-307.6619042675011,,0,
29.0,23.0,0,-274.5557099962607,-200.194125,1,74.36158499626069
30.0,23.0,0,-249.42543041682802,,0,
31.0,23.0,0,-232.18018093775027,,0,
32.0,23.0,0,-223.38380679581314,,0,
33.0,23.0,0,-222.71232816949487,-270.921568,1,-48.20923983050511
34.0,23.0,0,-226.91418220708147,,0,
35.0,23.0,0,-235.29596962942742,,0,
36.0,23.0,0,-247.77613641391508,,0,
37.0,23.0,0,-265.5076731744921,-103.12224,1,162.38543317449208
38.0,23.0,0,-291.0728564459132,,0,
39.0,23.0,0,-318.3258978149388,,0,
40.0,23.0,0,-343.63753668405116,,0,
41.0,23.0,0,-364.46528769424185,-400.107251,1,-35.64196330575817
42.0,23.0,0,-377.4924552878365,,0,
43.0,23.0,0,-380.85980783274863,,0,
44.0,23.0,0,-376.7080879906425,,0,
45.0,23.0,0,-368.53043160401285,-316.1755,1,52.35493160401285
46.0,23.0,0,-359.8684133628849,,0,
47.0,23.0,0,-351.17364062950946,,0,
48.0,23.0,0,-344.29591482004616,,0,
49.0,23.0,0,-341.4626451381482,-356.27327,1,-14.810624861851807
50.0,23.0,0,-341.7265429114923,,0,
51.0,23.0,0,-344.56857465347275,,0,
52.0,23.0,0,-352.7879931330681,,0,
53.0,23.0,0,-368.8441214589402,-198.789751,1,170.0543704589402
54.0,23.0,0,-394.3289892389439,,0,
55.0,23.0,0,-429.0025145142572,,0,
56.0,23.0,0,-467.0479414658621,,0,
57.0,23.0,0,-500.70545874279924,-641.753426,1,-141.04796725720075
58.0,23.0,0,-523.7566606726032,,0,
59.0,23.0,0,-538.615333200607,,0,
60.0,23.0,0,-545.4815396234044,,0,
61.0,23.0,0,-543.7094747547526,-622.803919,1,-79.09444424524736
62.0,23.0,0,-534.0117369397776,,0,
63.0,23.0,0,-517.0444490129594,,0,
64.0,23.0,0,-493.3412764512468,,0,
65.0,23.0,0,-462.2867061498109,-586.270883,1,-123.9841768501891
66.0,23.0,0,-421.10824041068554,,0,
67.0,23.0,0,-367.5502643211803,,0,
68.0,23.0,0,-304.24433659692295,,0,
69.0,23.0,0,-238.1005540152546,-233.867069,1,4.233485015254615
70.0,23.0,0,-178.9516234585899,,0,
71.0,23.0,0,-136.23629176005488,,0,
72.0,23.0,0,-111.6655422608601,,0,
73.0,23.0,0,-102.16913538752124,-18.654912,1,83.51422338752124
74.0,23.0,0,-103.53436987171881,,0,
75.0,23.0,0,-111.85630400499213,,0,
76.0,23.0,0,-124.67895267321728,,0,
77.0,23.0,0,-140.5721265283064,-123.765742,1,16.806384528306396
78.0,23.0,0,-158.94090085523203,,0,
79.0,23.0,0,-179.09080317540793,,0,
80.0,23.0,0,-197.90154193685157,,0,
81.0,23.0,0,-210.99480374297127,-214.169297,1,-3.174493257028729
82.0,23.0,0,-213.92890510725556,,0,
83.0,23.0,0,-203.50031292415224,,0,
84.0,23.0,0,-179.59828930720687,,0,
85.0,23.0,0,-143.38371416006703,-277.23251,1,-133.84879583993296
86.0,23.0,0,-95.48068260613945,,0,
87.0,23.0,0,-44.274228185473476,,0,
88.0,23.0,0,3.946925132535398,,0,
89.0,23.0,0,44.268580005678814,128.06273,1,83.79414999432117
90.0,23.0,0,71.44274474936537,,0,
91.0,23.0,0,82.72563989454648,,0,
92.0,23.0,0,79.27090803047759,,0,
93.0,23.0,0,64.00907792325597,116.110986,1,52.101908076744024
94.0,23.0,0,41.751006743783364,,0,
95.0,23.0,0,16.543594920716714,,0,
96.0,23.0,0,-7.918389872822445,,0,
97.0,23.0,0,-27.97754727571737,-76.869613,1,-48.89206572428263
98.0,23.0,0,-42.28580321428308,,0,
99.0,23.0,0,-50.287270479719155,,0,
100.0,23.0,0,-51.92968466116872,,0,
101.0,23.0,0,-48.02777337451698,-262.529347,1,-214.501573625483
102.0,23.0,0,-42.347867055621464,,0,
103.0,23.0,0,-39.98245860749739,,0,
104.0,23.0,0,-51.277990393777145,,0,
105.0,23.0,0,-86.31085826654453,160.396108,1,246.70696626654453
106.0,23.0,0,-147.23298619902926,,0,
107.0,23.0,0,-219.7380171714467,,0,
108.0,23.0,0,-292.89761903323233,,0,
109.0,23.0,0,-357.48263889277587,-422.358918,1,-64.87627910722415
110.0,23.0,0,-405.88684734440176,,0,
111.0,23.0,0,-437.15266205806984,,0,
112.0,23.0,0,-452.9502550504985,,0,
113.0,23.0,0,-458.09903759905137,-451.897855,1,6.2011825990513785
114.0,23.0,0,-459.6118839101109,,0,
115.0,23.0,0,-464.826472193934,,0,
116.0,23.0,0,-479.6258756505558,,0,
117.0,23.0,0,-506.2334624713985,-156.840883,1,349.39257947139856
118.0,23.0,0,-544.3764130520867,,0,
119.0,23.0,0,-590.8977246839786,,0,
120.0,23.0,0,-636.6651500861335,,0,
121.0,23.0,0,-672.8639698181069,-990.278059,1,-317.41408918189313
122.0,23.0,0,-692.0144185834797,,0,
123.0,23.0,0,-688.9884467914235,,0,
124.0,23.0,0,-666.4503266758984,,0,
125.0,23.0,0,-628.2788742398261,-622.956836,1,5.322038239826156
126.0,23.0,0,-575.5088756263722,,0,
127.0,23.0,0,-508.99222058057785,,0,
128.0,23.0,0,-431.22443891863804,,0,
129.0,23.0,0,-343.28372075152583,-547.381162,1,-204.09744124847418
130.0,23.0,0,-245.1555754294386,,0,
131.0,23.0,0,-147.06407946255058,,0,
132.0,23.0,0,-55.492312168935314,,0,
133.0,23.0,0,24.971403571486007,-12.341728,1,-37.31313157148601
134.0,23.0,0,90.29894809622783,,0,
135.0,23.0,0,137.26134087808896,,0,
136.0,23.0,0,165.87568496569293,,0,
137.0,23.0,0,174.70080158743076,236.090952,1,61.39015041256923
138.0,23.0,0,163.5693951647263,,0,
139.0,23.0,0,136.38465679157525,,0,
140.0,23.0,0,97.36660610418767,,0,
141.0,23.0,0,52.22785474936245,-231.47771,1,-283.70556474936245
142.0,23.0,0,8.213096278137527,,0,
143.0,23.0,0,-42.616125490749255,,0,
144.0,23.0,0,-103.36321093817241,,0,
145.0,23.0,0,-173.90082714520395,-357.803963,1,-183.90313585479606
146.0,23.0,0,-250.5515380910365,,0,
147.0,23.0,0,-325.92219139868394,,0,
148.0,23.0,0,-390.39188628282864,,0,
149.0,23.0,0,-435.599862058647,-396.137605,1,39.46225705864697
150.0,23.0,0,-461.4009368879488,,0,
151.0,23.0,0,-470.1346560670063,,0,
152.0,23.0,0,-461.3581938383868,,0,
153.0,23.0,0,-434.8085753857158,-411.485538,1,23.323037385715793
154.0,23.0,0,-389.89415163663216,,0,
155.0,23.0,0,-326.0439910250716,,0,
156.0,23.0,0,-246.81628969695885,,0,
157.0,23.0,0,-156.36860857065767,-215.919289,1,-59.55068042934232
158.0,23.0,0,-60.5265510303434,,0,
159.0,23.0,0,31.689511878881603,,0,
160.0,23.0,0,113.734927324811,,0,
161.0,23.0,0,181.4325951761566,299.090352,1,117.65775682384339
162.0,23.0,0,232.48529558768496,,0,
163.0,23.0,0,265.7174986838363,,0,
164.0,23.0,0,278.78488048748113,,0,
165.0,23.0,0,269.2778236203594,244.522554,1,-24.7552696203594
166.0,23.0,0,239.6847049021162,,0,
167.0,23.0,0,196.10749573702924,,0,
168.0,23.0,0,146.8651070529595,,0,
169.0,23.0,0,100.7864261935465,-255.470906,1,-356.2573321935465
170.0,23.0,0,58.366006448166445,,0,
171.0,23.0,0,19.369497331092134,,0,
172.0,23.0,0,-16.9404485989362,,0,
173.0,23.0,0,-51.831239114748314,-106.253674,1,-54.42243488525169
174.0,23.0,0,-85.56023047631606,,0,
175.0,23.0,0,-117.03436768963002,,0,
176.0,23.0,0,-145.42809990840033,,0,
177.0,23.0,0,-170.0668647000566,70.044453,1,240.11131770005662
178.0,23.0,0,-190.26704120868817,,0,
179.0,23.0,0,-204.88137998222373,,0,
180.0,23.0,0,-211.41579776257277,,0,
181.0,23.0,0,-208.39034977031406,-150.476901,1,57.91344877031406
182.0,23.0,0,-196.36874471860938,,0,
183.0,23.0,0,-172.91970192221925,,0,
184.0,23.0,0,-135.45617025042884,,0,
185.0,23.0,0,-81.56585539877415,12.592775,1,94.15863039877415
186.0,23.0,0,-10.566374186426401,,0,
187.0,23.0,0,76.85445477208123,,0,
188.0,23.0,0,178.1092978194356,,0,
189.0,23.0,0,287.99239360610954,285.995803,1,-1.996590606109521
190.0,23.0,0,399.44887662585825,,0,
191.0,23.0,0,503.8429810460657,,0,
192.0,23.0,0,590.7994823823683,,0,
193.0,23.0,0,650.3180523738265,1104.977525,1,454.6594726261735
194.0,23.0,0,676.963141801767,,0,
195.0,23.0,0,667.2804553071037,,0,
196.0,23.0,0,621.7493556234986,,0,
197.0,23.0,0,548.129564285744,653.861346,1,105.73178171425604
198.0,23.0,0,457.60358086554334,,0,
199.0,23.0,0,366.773839534726,,0,
0.0,24.0,0,-146.31513114762492,-45.332914,1,100.98221714762492
1.0,24.0,0,-168.61965623172,,0,
2.0,24.0,0,-190.27920772088692,,0,
3.0,24.0,0,-208.69492873246782,,0,
4.0,24.0,0,-222.64201385015622,-320.102806,1,-97.46079214984377
5.0,24.0,0,-230.65672111185268,,0,
6.0,24.0,0,-230.85488652717322,,0,
7.0,24.0,0,-222.80350362649187,,0,
8.0,24.0,0,-206.55944874743,-244.100113,1,-37.54066425257
9.0,24.0,0,-182.50703554879874,,0,
10.0,24.0,0,-154.41695631993935,,0,
11.0,24.0,0,-126.59676800388843,,0,
12.0,24.0,0,-102.90350465569645,-162.663153,1,-59.75964834430354
13.0,24.0,0,-86.21063321596012,,0,
14.0,24.0,0,-79.26159364939667,,0,
15.0,24.0,0,-83.66807921882719,,0,
16.0,24.0,0,-100.10319838440046,34.65889,1,134.76208838440044
17.0,24.0,0,-126.98731988156214,,0,
18.0,24.0,0,-161.93362399982288,,0,
19.0,24.0,0,-202.49828608578537,,0,
20.0,24.0,0,-247.14286538190208,-100.969429,1,146.1734363819021
21.0,24.0,0,-296.4074343582615,,0,
22.0,24.0,0,-342.71524926740676,,0,
23.0,24.0,0,-378.9033799720928,,0,
24.0,24.0,0,-399.4942234135233,-580.906993,1,-181.41276958647677
25.0,24.0,0,-402.5783370533027,,0,
26.0,24.0,0,-388.59255825402215,,0,
27.0,24.0,0,-362.27571661857655,,0,
28.0,24.0,0,-330.82844467728864,-198.925577,1,131.90286767728864
29.0,24.0,0,-303.6661918859463,,0,
30.0,24.0,0,-282.8683175193146,,0,
31.0,24.0,0,-269.24655894050375,,0,
32.0,24.0,0,-262.49161970918067,-182.01855,1,80.47306970918066
33.0,24.0,0,-262.4806264503859,,0,
34.0,24.0,0,-265.12555396324024,,0,
35.0,24.0,0,-269.3426866126829,,0,
36.0,24.0,0,-276.21636904228944,-241.941625,1,34.274744042289456
37.0,24.0,0,-288.4880399957765,,0,
38.0,24.0,0,-306.60259790485725,,0,
39.0,24.0,0,-327.3449592436664,,0,
40.0,24.0,0,-347.38057983107865,-295.953888,1,51.42669183107864
41.0,24.0,0,-364.81466331443517,,0,
42.0,24.0,0,-375.58096978790127,,0,
43.0,24.0,0,-378.04269983863924,,0,
44.0,24.0,0,-373.8816051032627,-370.986461,1,2.8951441032626803
45.0,24.0,0,-366.42010435904376,,0,
46.0,24.0,0,-358.22977098741103,,0,
47.0,24.0,0,-350.036082505947,,0,
48.0,24.0,0,-343.1778340463061,-209.105981,1,134.07185304630607
49.0,24.0,0,-341.4133612116566,,0,
50.0,24.0,0,-342.2150974192191,,0,
51.0,24.0,0,-346.64256621187087,,0,
52.0,24.0,0,-357.88658619415946,-204.256212,1,153.63037419415946
53.0,24.0,0,-376.82419148879126,,0,
54.0,24.0,0,-403.851356938947,,0,
55.0,24.0,0,-438.0260873856023,,0,
56.0,24.0,0,-474.40903269452974,-578.666934,1,-104.25790130547023
57.0,24.0,0,-504.2983885896392,,0,
58.0,24.0,0,-525.3830834079417,,0,
59.0,24.0,0,-538.5107329367893,,0,
60.0,24.0,0,-544.2762792570866,-618.346415,1,-74.07013574291341
61.0,24.0,0,-541.365139784175,,0,
62.0,24.0,0,-531.9729700548341,,0,
63.0,24.0,0,-517.1980293008965,,0,
64.0,24.0,0,-497.5589970727451,-457.813035,1,39.7459620727451
65.0,24.0,0,-473.0901692007319,,0,
66.0,24.0,0,-440.6448405714473,,0,
67.0,24.0,0,-397.36588554800255,,0,
68.0,24.0,0,-343.45713915635133,-513.110485,1,-169.6533458436487
69.0,24.0,0,-285.7291996439453,,0,
70.0,24.0,0,-232.71211313840467,,0,
71.0,24.0,0,-191.49900755658746,,0,
72.0,24.0,0,-165.26116053084843,6.449456,1,171.71061653084843
73.0,24.0,0,-152.11993231147062,,0,
74.0,24.0,0,-149.26884293509647,,0,
75.0,24.0,0,-154.3674242568668,,0,
76.0,24.0,0,-165.14774020435289,-262.014607,1,-96.86686679564713
77.0,24.0,0,-179.87356955348514,,0,
78.0,24.0,0,-197.65150446264306,,0,
79.0,24.0,0,-217.64803616446443,,0,
80.0,24.0,0,-237.414774980105,-174.049806,1,63.364968980105004
81.0,24.0,0,-251.77302541211247,,0,
82.0,24.0,0,-255.44940437015612,,0,
83.0,24.0,0,-244.2847221068223,,0,
84.0,24.0,0,-215.96521937625948,-311.601691,1,-95.63647162374053
85.0,24.0,0,-171.31807581405155,,0,
86.0,24.0,0,-113.64075285953004,,0,
87.0,24.0,0,-51.05374272254994,,0,
88.0,24.0,0,7.878134276135825,-73.728484,1,-81.60661827613582
89.0,24.0,0,57.29481261316687,,0,
90.0,24.0,0,89.23908134637168,,0,
91.0,24.0,0,100.62313501891913,,0,
92.0,24.0,0,93.29519929748494,203.163289,1,109.86808970251505
93.0,24.0,0,70.1214187793521,,0,
94.0,24.0,0,39.38949218625203,,0,
95.0,24.0,0,6.873703308810946,,0,
96.0,24.0,0,-22.482730554387672,-125.870372,1,-103.38764144561233
97.0,24.0,0,-42.686092560354155,,0,
98.0,24.0,0,-53.35474230130785,,0,
99.0,24.0,0,-54.138279389822856,,0,
100.0,24.0,0,-46.088842948607635,-198.288471,1,-152.19962805139235
101.0,24.0,0,-29.732530490728095,,0,
102.0,24.0,0,-13.856995988782728,,0,
103.0,24.0,0,-5.8551110135013005,,0,
104.0,24.0,0,-14.748823540925514,315.367912,1,330.1167355409255
105.0,24.0,0,-53.72547283291351,,0,
106.0,24.0,0,-115.63320819221553,,0,
107.0,24.0,0,-190.1137053995626,,0,
108.0,24.0,0,-267.00720809504855,-206.539296,1,60.46791209504855
109.0,24.0,0,-335.8916702576098,,0,
110.0,24.0,0,-389.3534777924651,,0,
111.0,24.0,0,-425.00393034666195,,0,
112.0,24.0,0,-443.9225211981684,-556.917214,1,-112.99469280183155
113.0,24.0,0,-451.2899337024428,,0,
114.0,24.0,0,-454.31355798844015,,0,
115.0,24.0,0,-461.52642034488963,,0,
116.0,24.0,0,-480.388266550377,-197.959892,1,282.42837455037704
117.0,24.0,0,-511.21228541911114,,0,
118.0,24.0,0,-551.6914134522085,,0,
119.0,24.0,0,-596.68415156228,,0,
120.0,24.0,0,-637.5116615698207,-950.939812,1,-313.42815043017924
121.0,24.0,0,-667.5936906762654,,0,
122.0,24.0,0,-681.7302791642142,,0,
123.0,24.0,0,-677.1424771509483,,0,
124.0,24.0,0,-655.3757333223475,-584.272112,1,71.10362132234752
125.0,24.0,0,-620.6294193172362,,0,
126.0,24.0,0,-573.2011564290151,,0,
127.0,24.0,0,-514.2620153442258,,0,
128.0,24.0,0,-444.87278864590917,-567.846981,1,-122.97419235409086
129.0,24.0,0,-363.3096089629689,,0,
130.0,24.0,0,-273.97738752310397,,0,
131.0,24.0,0,-183.10893744416535,,0,
132.0,24.0,0,-95.57591025705915,-261.592948,1,-166.01703774294083
133.0,24.0,0,-15.87660537858028,,0,
134.0,24.0,0,53.23914664093172,,0,
135.0,24.0,0,110.24979229085147,,0,
136.0,24.0,0,152.0736463489593,331.683793,1,179.61014665104068
137.0,24.0,0,171.49354137969203,,0,
138.0,24.0,0,169.41318203159608,,0,
139.0,24.0,0,146.68569430999923,,0,
140.0,24.0,0,107.13386256818194,46.844714,1,-60.289148568181936
141.0,24.0,0,57.649181036045775,,0,
142.0,24.0,0,1.6334170105401427,,0,
143.0,24.0,0,-61.121097879484296,,0,
144.0,24.0,0,-129.55603504611645,-490.005829,1,-360.44979395388356
145.0,24.0,0,-203.76254926039837,,0,
146.0,24.0,0,-281.34204625163693,,0,
147.0,24.0,0,-356.3714069190901,,0,
148.0,24.0,0,-420.0724812557455,-656.276102,1,-236.20362074425452
149.0,24.0,0,-461.2115279675927,,0,
150.0,24.0,0,-483.42614279151894,,0,
151.0,24.0,0,-489.3156755559612,,0,
152.0,24.0,0,-479.9959013297921,-352.696009,1,127.2998923297921
153.0,24.0,0,-455.49319064081647,,0,
154.0,24.0,0,-415.5447512276005,,0,
155.0,24.0,0,-360.4191439995775,,0,
156.0,24.0,0,-291.144791231025,-416.154755,1,-125.00996376897501
157.0,24.0,0,-207.76871238648891,,0,
158.0,24.0,0,-117.04775730217807,,0,
159.0,24.0,0,-24.591088698711246,,0,
160.0,24.0,0,65.07452745269984,24.155265,1,-40.91926245269984
161.0,24.0,0,145.89246413856745,,0,
162.0,24.0,0,212.7469733019825,,0,
163.0,24.0,0,262.33959677792154,,0,
164.0,24.0,0,292.00664387014695,426.621214,1,134.61457012985306
165.0,24.0,0,297.28536442737095,,0,
166.0,24.0,0,280.613637101138,,0,
167.0,24.0,0,245.5537184216082,,0,
168.0,24.0,0,202.1075160219334,-202.860804,1,-404.96832002193344
169.0,24.0,0,166.67661177786067,,0,
170.0,24.0,0,132.53172861831263,,0,
171.0,24.0,0,98.01267332490534,,0,
172.0,24.0,0,64.02048125234433,59.424629,1,-4.595852252344322
173.0,24.0,0,28.296901444438845,,0,
174.0,24.0,0,-10.263143773889169,,0,
175.0,24.0,0,-50.3843547264114,,0,
176.0,24.0,0,-89.90591796697117,-90.691855,1,-0.78593703302883
177.0,24.0,0,-126.6269338617567,,0,
178.0,24.0,0,-158.69868408096954,,0,
179.0,24.0,0,-184.44426314416341,,0,
180.0,24.0,0,-202.23814214090817,-33.678497,1,168.55964514090817
181.0,24.0,0,-211.40503895073198,,0,
182.0,24.0,0,-211.72330863308161,,0,
183.0,24.0,0,-201.34676644485444,,0,
184.0,24.0,0,-177.1802458083257,-226.305464,1,-49.12521819167429
185.0,24.0,0,-135.6564922546968,,0,
186.0,24.0,0,-76.80727042770013,,0,
187.0,24.0,0,-1.1062723726499826,,0,
188.0,24.0,0,89.60416553914547,-90.906847,1,-180.51101253914547
189.0,24.0,0,189.88799118669704,,0,
190.0,24.0,0,293.39946219767444,,0,
191.0,24.0,0,392.81499011069536,,0,
192.0,24.0,0,478.0534106846899,626.784468,1,148.73105731531007
193.0,24.0,0,536.8692834288813,,0,
194.0,24.0,0,566.2940958202817,,0,
195.0,24.0,0,563.2237878118176,,0,
196.0,24.0,0,527.5825053632725,695.298118,1,167.71561263672754
197.0,24.0,0,466.5595327243209,,0,
198.0,24.0,0,391.4391731058713,,0,
199.0,24.0,0,314.9288678979501,,0,
0.0,25.0,0,-202.7459667408839,,0,
1.0,25.0,0,-224.31503049540333,,0,
2.0,25.0,0,-244.79311272874475,,0,
3.0,25.0,0,-261.43871479760855,-357.613892,1,-96.17517720239147
4.0,25.0,0,-272.8468674866017,,0,
5.0,25.0,0,-277.52878958173096,,0,
6.0,25.0,0,-273.75291387271136,,0,
7.0,25.0,0,-260.4049239112064,-324.58624,1,-64.18131608879355
8.0,25.0,0,-237.12715293467045,,0,
9.0,25.0,0,-204.74441151414067,,0,
10.0,25.0,0,-166.9829569910653,,0,
11.0,25.0,0,-129.2015227098018,-76.832725,1,52.3687977098018
12.0,25.0,0,-95.82957863016054,,0,
13.0,25.0,0,-69.07803835789673,,0,
14.0,25.0,0,-52.24014159711078,,0,
15.0,25.0,0,-48.1772922645323,29.751246,1,77.92853826453229
16.0,25.0,0,-59.76834694389254,,0,
17.0,25.0,0,-85.16580932051875,,0,
18.0,25.0,0,-122.46274019638076,,0,
19.0,25.0,0,-168.8365829223767,27.156749,1,195.99333192237668
20.0,25.0,0,-221.60235929326154,,0,
21.0,25.0,0,-277.9431069425773,,0,
22.0,25.0,0,-331.65266232192516,,0,
23.0,25.0,0,-375.5513782966882,-477.075569,1,-101.52419070331177
24.0,25.0,0,-402.4141681122128,,0,
25.0,25.0,0,-412.0929437058512,,0,
26.0,25.0,0,-405.71800912637264,,0,
27.0,25.0,0,-387.04789466725197,-343.099261,1,43.948633667251954
28.0,25.0,0,-362.4807228981517,,0,
29.0,25.0,0,-339.0553314033896,,0,
30.0,25.0,0,-321.0934345112182,,0,
31.0,25.0,0,-310.92375510558486,-126.940464,1,183.98329110558484
32.0,25.0,0,-306.7279446986504,,0,
33.0,25.0,0,-306.193415661226,,0,
34.0,25.0,0,-306.6384031283669,,0,
35.0,25.0,0,-306.93329510930926,-328.182416,1,-21.249120890690733
36.0,25.0,0,-308.9470233998727,,0,
37.0,25.0,0,-315.0498280697502,,0,
38.0,25.0,0,-325.80945737310685,,0,
39.0,25.0,0,-339.8424593517557,-314.151231,1,25.691228351755683
40.0,25.0,0,-354.76546796783805,,0,
41.0,25.0,0,-368.12947556888685,,0,
42.0,25.0,0,-376.4128686138429,,0,
43.0,25.0,0,-377.33449718263,-474.508002,1,-97.17350481736997
44.0,25.0,0,-372.9966126193758,,0,
45.0,25.0,0,-366.69577821635175,,0,
46.0,25.0,0,-360.4569890482817,,0,
47.0,25.0,0,-354.5714075723663,-133.036066,1,221.5353415723663
48.0,25.0,0,-349.63888916163705,,0,
49.0,25.0,0,-346.98104320594575,,0,
50.0,25.0,0,-346.3213708748808,,0,
51.0,25.0,0,-349.3631793400273,-207.068134,1,142.2950453400273
52.0,25.0,0,-360.82829622004647,,0,
53.0,25.0,0,-378.7804552724119,,0,
54.0,25.0,0,-403.3665100975195,,0,
55.0,25.0,0,-433.99846057547256,-477.746118,1,-43.74765742452746
56.0,25.0,0,-466.0176629422931,,0,
57.0,25.0,0,-492.8681979200628,,0,
58.0,25.0,0,-511.5686905295588,,0,
59.0,25.0,0,-522.7297812027973,-650.733743,1,-128.0039617972027
60.0,25.0,0,-527.2825599083444,,0,
61.0,25.0,0,-525.3568077356322,,0,
62.0,25.0,0,-518.3145633820677,,0,
63.0,25.0,0,-507.7164063770324,-447.898795,1,59.81761137703239
64.0,25.0,0,-494.46308737341315,,0,
65.0,25.0,0,-478.162644684111,,0,
66.0,25.0,0,-456.2900112690404,,0,
67.0,25.0,0,-425.4005191246397,-606.847408,1,-181.4468888753603
68.0,25.0,0,-382.0545713659376,,0,
69.0,25.0,0,-334.254618831008,,0,
70.0,25.0,0,-288.4559832767118,,0,
71.0,25.0,0,-250.09778791875578,-150.466189,1,99.63159891875577
72.0,25.0,0,-223.95502241153736,,0,
73.0,25.0,0,-207.84719722310547,,0,
74.0,25.0,0,-200.85527088027447,,0,
75.0,25.0,0,-202.74344945297344,-198.532857,1,4.2105924529734295
76.0,25.0,0,-211.05722546746256,,0,
77.0,25.0,0,-223.657485589094,,0,
78.0,25.0,0,-239.70756036485545,,0,
79.0,25.0,0,-258.5584006792633,-184.403224,1,74.15517667926329
80.0,25.0,0,-278.60463250172324,,0,
81.0,25.0,0,-292.901913795562,,0,
82.0,25.0,0,-295.5026272526011,,0,
83.0,25.0,0,-281.79613547900226,-378.584769,1,-96.78863352099773
84.0,25.0,0,-247.1986799708975,,0,
85.0,25.0,0,-193.21571010909975,,0,
86.0,25.0,0,-123.7337851949269,,0,
87.0,25.0,0,-48.18926726421341,-244.789979,1,-196.60071173578658
88.0,25.0,0,22.362582967529306,,0,
89.0,25.0,0,78.86313345259987,,0,
90.0,25.0,0,112.92872172611533,,0,
91.0,25.0,0,120.14167204190744,369.82213,1,249.68045795809257
92.0,25.0,0,105.0103518513788,,0,
93.0,25.0,0,74.62721277374658,,0,
94.0,25.0,0,37.31375156802824,,0,
95.0,25.0,0,0.005723540321923792,-179.204488,1,-179.21021154032192
96.0,25.0,0,-31.691279400372878,,0,
97.0,25.0,0,-53.004501947318204,,0,
98.0,25.0,0,-60.97837885818444,,0,
99.0,25.0,0,-53.96627898362931,-257.575622,1,-203.6093430163707
100.0,25.0,0,-35.84840834012721,,0,
101.0,25.0,0,-12.213391742261592,,0,
102.0,25.0,0,7.808433016092749,,0,
103.0,25.0,0,14.510199650321738,320.783674,1,306.2734743496783
104.0,25.0,0,0.16587303076812532,,0,
105.0,25.0,0,-40.48768663598457,,0,
106.0,25.0,0,-102.77495848626131,,0,
107.0,25.0,0,-178.08793277753284,-66.167331,1,111.92060177753284
108.0,25.0,0,-257.7215436035767,,0,
109.0,25.0,0,-329.0629344532499,,0,
110.0,25.0,0,-385.01474009631784,,0,
111.0,25.0,0,-423.0583583706757,-505.14048,1,-82.08212162932432
112.0,25.0,0,-442.8937220026273,,0,
113.0,25.0,0,-450.71511963231023,,0,
114.0,25.0,0,-453.3371780384041,,0,
115.0,25.0,0,-459.24859100114554,-210.173241,1,249.07535000114555
116.0,25.0,0,-479.60232551628724,,0,
117.0,25.0,0,-510.80631121620536,,0,
118.0,25.0,0,-550.3897694969492,,0,
119.0,25.0,0,-593.4662182542379,-754.847915,1,-161.38169674576204
120.0,25.0,0,-629.1267009165022,,0,
121.0,25.0,0,-653.700895381975,,0,
122.0,25.0,0,-663.1881303358241,,0,
123.0,25.0,0,-656.3317359077046,-545.332307,1,110.99942890770456
124.0,25.0,0,-634.9198526181281,,0,
125.0,25.0,0,-601.5867127408274,,0,
126.0,25.0,0,-557.4346752872807,,0,
127.0,25.0,0,-503.3957612295635,-549.896956,1,-46.50119477043654
128.0,25.0,0,-440.0007753907121,,0,
129.0,25.0,0,-367.55443510087207,,0,
130.0,25.0,0,-289.4063253318309,,0,
131.0,25.0,0,-209.7314191496116,-314.828407,1,-105.09698785038842
132.0,25.0,0,-130.36497468920425,,0,
133.0,25.0,0,-56.517803560360335,,0,
134.0,25.0,0,11.033492601243779,,0,
135.0,25.0,0,72.98935111530591,-38.07467,1,-111.0640211153059
136.0,25.0,0,124.21795163780916,,0,
137.0,25.0,0,158.26612003857736,,0,
138.0,25.0,0,170.7267988664098,,0,
139.0,25.0,0,157.8922254947247,593.758863,1,435.8666375052753
140.0,25.0,0,124.37995084188879,,0,
141.0,25.0,0,74.8630173294805,,0,
142.0,25.0,0,11.425580982584506,,0,
143.0,25.0,0,-61.7251519926358,-267.173672,1,-205.4485200073642
144.0,25.0,0,-136.43012443650514,,0,
145.0,25.0,0,-214.4092034222558,,0,
146.0,25.0,0,-293.2391868736595,,0,
147.0,25.0,0,-367.3704466945492,-713.405737,1,-346.03529030545087
148.0,25.0,0,-428.66299395868555,,0,
149.0,25.0,0,-469.3914915674832,,0,
150.0,25.0,0,-489.55722658964805,,0,
151.0,25.0,0,-492.8600665787235,-472.605277,1,20.25478957872349
152.0,25.0,0,-482.5904800071148,,0,
153.0,25.0,0,-459.4380840295926,,0,
154.0,25.0,0,-423.6236109684687,,0,
155.0,25.0,0,-375.3301083954284,-246.635095,1,128.6950133954284
156.0,25.0,0,-313.86319123744033,,0,
157.0,25.0,0,-239.46416663285345,,0,
158.0,25.0,0,-155.66691980313044,,0,
159.0,25.0,0,-65.73765894956887,-202.694513,1,-136.95685405043113
160.0,25.0,0,28.62643338914495,,0,
161.0,25.0,0,118.84774597617798,,0,
162.0,25.0,0,197.76215955475345,,0,
163.0,25.0,0,259.6460159677081,481.564259,1,221.9182430322919
164.0,25.0,0,302.96834088116884,,0,
165.0,25.0,0,326.00841627805494,,0,
166.0,25.0,0,326.4838817026466,,0,
167.0,25.0,0,304.0603177305311,460.349489,1,156.2891712694689
168.0,25.0,0,272.38125410326757,,0,
169.0,25.0,0,243.89978075120598,,0,
170.0,25.0,0,216.17160075553693,,0,
171.0,25.0,0,184.85701465397142,-16.125153,1,-200.98216765397143
172.0,25.0,0,153.0758111937903,,0,
173.0,25.0,0,115.2655990102794,,0,
174.0,25.0,0,70.28107253788039,,0,
175.0,25.0,0,20.16575880162418,-133.863362,1,-154.02912080162417
176.0,25.0,0,-31.501840399578214,,0,
177.0,25.0,0,-81.03128262981772,,0,
178.0,25.0,0,-125.4818644747138,,0,
179.0,25.0,0,-163.11372901080176,-177.241247,1,-14.127517989198225
180.0,25.0,0,-192.68907324085012,,0,
181.0,25.0,0,-213.9543965572957,,0,
182.0,25.0,0,-226.6278717983514,,0,
183.0,25.0,0,-229.47982900682837,-145.006827,1,84.47300200682838
184.0,25.0,0,-218.91223340621218,,0,
185.0,25.0,0,-191.27643121220171,,0,
186.0,25.0,0,-145.6171810363885,,0,
187.0,25.0,0,-82.8693172368221,-199.95098,1,-117.08166276317789
188.0,25.0,0,-3.608376395655796,,0,
189.0,25.0,0,85.24772437894717,,0,
190.0,25.0,0,178.77496622642502,,0,
191.0,25.0,0,271.61601442145184,204.250803,1,-67.36521142145185
192.0,25.0,0,353.28504229779355,,0,
193.0,25.0,0,413.5153478374705,,0,
194.0,25.0,0,447.48130228510126,,0,
195.0,25.0,0,452.16619589854963,579.500685,1,127.33448910145034
196.0,25.0,0,425.3382244401146,,0,
197.0,25.0,0,375.52813856257126,,0,
198.0,25.0,0,314.0795220118016,,0,
199.0,25.0,0,252.5070296502672,-29.519423,1,-282.02645265026723
0.0,26.0,0,-259.0715679503046,,0,
1.0,26.0,0,-279.6735335807316,,0,
2.0,26.0,0,-298.41952792322263,-337.599935,1,-39.180407076777385
3.0,26.0,0,-312.60503857489675,,0,
4.0,26.0,0,-321.4763161132578,,0,
5.0,26.0,0,-323.4194839147385,,0,
6.0,26.0,0,-316.38565129367635,-327.309704,1,-10.924052706323664
7.0,26.0,0,-298.83937444351614,,0,
8.0,26.0,0,-270.1151503873989,,0,
9.0,26.0,0,-230.6223476419691,,0,
10.0,26.0,0,-183.8695181000512,-72.498732,1,111.3707861000512
11.0,26.0,0,-136.9323624963872,,0,
12.0,26.0,0,-92.2601553008426,,0,
13.0,26.0,0,-54.05421453551389,,0,
14.0,26.0,0,-27.362856419291347,114.365107,1,141.72796341929134
15.0,26.0,0,-15.620248195715249,,0,
16.0,26.0,0,-21.142559895757586,,0,
17.0,26.0,0,-44.399409030447714,,0,
18.0,26.0,0,-84.57752272789367,76.948188,1,161.52571072789368
19.0,26.0,0,-137.46028413495515,,0,
20.0,26.0,0,-198.06405928335153,,0,
21.0,26.0,0,-261.3369976466056,,0,
22.0,26.0,0,-321.45970913302153,-343.832834,1,-22.373124866978458
23.0,26.0,0,-372.01736763026565,,0,
24.0,26.0,0,-407.1952416971326,,0,
25.0,26.0,0,-425.15733860456385,,0,
26.0,26.0,0,-427.13554595410824,-429.623055,1,-2.487509045891784
27.0,26.0,0,-416.52033814880997,,0,
28.0,26.0,0,-398.56281914911233,,0,
29.0,26.0,0,-378.96604203176685,,0,
30.0,26.0,0,-362.975286840694,-187.799109,1,175.17617784069404
31.0,26.0,0,-356.1707275696099,,0,
32.0,26.0,0,-353.37683770246804,,0,
33.0,26.0,0,-351.397626030026,,0,
34.0,26.0,0,-348.80945746437646,-414.159746,1,-65.35028853562352
35.0,26.0,0,-344.51851496472955,,0,
36.0,26.0,0,-341.3928261998808,,0,
37.0,26.0,0,-341.3648450274486,,0,
38.0,26.0,0,-345.26851810119115,-321.558509,1,23.710009101191133
39.0,26.0,0,-353.06572110485286,,0,
40.0,26.0,0,-362.73654892505147,,0,
41.0,26.0,0,-372.12547922861995,,0,
42.0,26.0,0,-378.3674338333076,-495.039773,1,-116.67233916669244
43.0,26.0,0,-377.70612150186207,,0,
44.0,26.0,0,-373.67216083128005,,0,
45.0,26.0,0,-369.39741047483403,,0,
46.0,26.0,0,-366.91922362172045,-213.47975,1,153.43947362172045
47.0,26.0,0,-364.91084931138903,,0,
48.0,26.0,0,-362.34387804276776,,0,
49.0,26.0,0,-359.43198340176605,,0,
50.0,26.0,0,-357.05102005705703,-318.278025,1,38.77299505705702
51.0,26.0,0,-358.15072927845176,,0,
52.0,26.0,0,-364.66556597605813,,0,
53.0,26.0,0,-376.6376608334249,,0,
54.0,26.0,0,-394.42637509619817,-340.835274,1,53.591101096198145
55.0,26.0,0,-418.73726138775237,,0,
56.0,26.0,0,-445.3963125888258,,0,
57.0,26.0,0,-468.51046445037355,,0,
58.0,26.0,0,-483.51317145698704,-743.607536,1,-260.09436454301294
59.0,26.0,0,-492.10872460185783,,0,
60.0,26.0,0,-496.2648664066801,,0,
61.0,26.0,0,-496.3443493725499,,0,
62.0,26.0,0,-492.99465068185236,-506.890195,1,-13.895544318147643
63.0,26.0,0,-488.0124516179785,,0,
64.0,26.0,0,-482.48723983892705,,0,
65.0,26.0,0,-475.7087802873575,,0,
66.0,26.0,0,-464.74483144294936,-493.718125,1,-28.973293557050624
67.0,26.0,0,-445.24744726368226,,0,
68.0,26.0,0,-416.1086624277523,,0,
69.0,26.0,0,-381.2246408065548,,0,
70.0,26.0,0,-345.2647808167385,-377.298477,1,-32.0336961832615
71.0,26.0,0,-312.9928153423825,,0,
72.0,26.0,0,-287.8169024345698,,0,
73.0,26.0,0,-269.65855938673485,,0,
74.0,26.0,0,-258.62056133826263,-124.497241,1,134.12332033826263
75.0,26.0,0,-257.3283187159104,,0,
76.0,26.0,0,-261.9868673142628,,0,
77.0,26.0,0,-271.0366417398909,,0,
78.0,26.0,0,-284.17678384971805,-255.791175,1,28.38560884971804
79.0,26.0,0,-301.44147633982357,,0,
80.0,26.0,0,-319.5921140513383,,0,
81.0,26.0,0,-331.7208499551052,,0,
82.0,26.0,0,-330.36998192296596,-427.265625,1,-96.89564307703404
83.0,26.0,0,-311.0616755397641,,0,
84.0,26.0,0,-270.7688096317579,,0,
85.0,26.0,0,-208.08413586526876,,0,
86.0,26.0,0,-124.9891697918647,-504.026637,1,-379.0374672081353
87.0,26.0,0,-35.25828430731781,,0,
88.0,26.0,0,45.79803735401947,,0,
89.0,26.0,0,107.02717649930855,,0,
90.0,26.0,0,140.86188932950608,400.759827,1,259.8979376704939
91.0,26.0,0,140.58596334425965,,0,
92.0,26.0,0,116.51206734066363,,0,
93.0,26.0,0,78.44638564402703,,0,
94.0,26.0,0,35.79149550406146,-205.022598,1,-240.81409350406145
95.0,26.0,0,-4.425588036538102,,0,
96.0,26.0,0,-36.93229808640899,,0,
97.0,26.0,0,-57.89724301407114,,0,
98.0,26.0,0,-63.91237020405242,-313.220927,1,-249.3085567959476
99.0,26.0,0,-49.79306727059884,,0,
100.0,26.0,0,-24.927574358240236,,0,
101.0,26.0,0,2.484665604948532,,0,
102.0,26.0,0,22.775782010518014,135.562641,1,112.786858989482
103.0,26.0,0,24.255240058657364,,0,
104.0,26.0,0,2.8402547542355023,,0,
105.0,26.0,0,-42.43128993513528,,0,
106.0,26.0,0,-107.43038049823372,-19.622176,1,87.80820449823372
107.0,26.0,0,-185.9689449929283,,0,
108.0,26.0,0,-266.37385943491245,,0,
109.0,26.0,0,-337.3883136329241,,0,
110.0,26.0,0,-392.19951050385134,-448.782342,1,-56.582831496148685
111.0,26.0,0,-428.93395403644536,,0,
112.0,26.0,0,-448.6512442889507,,0,
113.0,26.0,0,-456.12752553634346,,0,
114.0,26.0,0,-458.13199893099954,-232.040552,1,226.09144693099955
115.0,26.0,0,-463.0369249723735,,0,
116.0,26.0,0,-478.2442310093902,,0,
117.0,26.0,0,-503.9855728306575,,0,
118.0,26.0,0,-537.9318590373732,-479.46352,1,58.4683390373732
119.0,26.0,0,-576.0813034417224,,0,
120.0,26.0,0,-609.0967464304995,,0,
121.0,26.0,0,-630.4183180007967,,0,
122.0,26.0,0,-635.7966840495355,-645.102655,1,-9.305970950464484
123.0,26.0,0,-626.2039085391443,,0,
124.0,26.0,0,-604.1575843483442,,0,
125.0,26.0,0,-571.4784402927617,,0,
126.0,26.0,0,-529.2001159077627,-506.557792,1,22.64232390776266
127.0,26.0,0,-478.64626311312895,,0,
128.0,26.0,0,-421.04351689718897,,0,
129.0,26.0,0,-357.5855187306879,,0,
130.0,26.0,0,-290.3180830065976,-341.880347,1,-51.56226399340238
131.0,26.0,0,-221.8430162445875,,0,
132.0,26.0,0,-154.25296804250684,,0,
133.0,26.0,0,-90.3613047269173,,0,
134.0,26.0,0,-30.068829275260214,-272.801582,1,-242.73275272473978
135.0,26.0,0,31.59405539848376,,0,
136.0,26.0,0,87.23334678588435,,0,
137.0,26.0,0,132.19086674263235,,0,
138.0,26.0,0,160.34970290167257,575.407049,1,415.05734609832746
139.0,26.0,0,159.43051355308853,,0,
140.0,26.0,0,137.35099902038928,,0,
141.0,26.0,0,94.31756408791989,,0,
142.0,26.0,0,29.89027704531327,77.59303,1,47.70275295468673
143.0,26.0,0,-46.96681813732721,,0,
144.0,26.0,0,-127.41278154205065,,0,
145.0,26.0,0,-208.75705046916846,,0,
146.0,26.0,0,-288.08159408473875,-465.663136,1,-177.58154191526125
147.0,26.0,0,-360.83958344126586,,0,
148.0,26.0,0,-420.62285854225047,,0,
149.0,26.0,0,-460.64409391838126,,0,
150.0,26.0,0,-478.38087228429504,-640.837281,1,-162.45640871570492
151.0,26.0,0,-479.19081712374464,,0,
152.0,26.0,0,-468.02050489967223,,0,
153.0,26.0,0,-446.38308110367507,,0,
154.0,26.0,0,-414.3492337206844,-364.77283,1,49.576403720684425
155.0,26.0,0,-372.154122462729,,0,
156.0,26.0,0,-317.8373825333547,,0,
157.0,26.0,0,-251.4655607000459,,0,
158.0,26.0,0,-174.5960436112946,-228.946269,1,-54.35022538870541
159.0,26.0,0,-87.86585408914834,,0,
160.0,26.0,0,5.345932953525335,,0,
161.0,26.0,0,98.99991114553995,,0,
162.0,26.0,0,185.26153735490516,389.079593,1,203.81805564509483
163.0,26.0,0,254.4092996052932,,0,
164.0,26.0,0,308.28324823919684,,0,
165.0,26.0,0,346.5468521574512,,0,
166.0,26.0,0,365.5753766123671,905.939149,1,540.3637723876329
167.0,26.0,0,355.79375237971544,,0,
168.0,26.0,0,336.9001282195095,,0,
169.0,26.0,0,318.6384103044402,,0,
170.0,26.0,0,300.2754329163581,457.993147,1,157.7177140836419
171.0,26.0,0,275.2928506254684,,0,
172.0,26.0,0,243.90273244981654,,0,
173.0,26.0,0,201.84735383838415,,0,
174.0,26.0,0,148.80919006839395,178.747652,1,29.938461931606042
175.0,26.0,0,87.80151155078784,,0,
176.0,26.0,0,23.74830430257134,,0,
177.0,26.0,0,-38.52215765416622,,0,
178.0,26.0,0,-94.63568209344521,-212.342187,1,-117.70650490655478
179.0,26.0,0,-143.38783177826554,,0,
180.0,26.0,0,-184.38421955239028,,0,
181.0,26.0,0,-217.11921547004022,,0,
182.0,26.0,0,-241.23137867916375,-175.068993,1,66.16238567916375
183.0,26.0,0,-256.7207350623794,,0,
184.0,26.0,0,-259.31981679191813,,0,
185.0,26.0,0,-244.84893040545285,,0,
186.0,26.0,0,-210.79581412300467,-329.704338,1,-118.90852387699533
187.0,26.0,0,-159.18696708464995,,0,
188.0,26.0,0,-93.03806132799946,,0,
189.0,26.0,0,-17.151999143417925,,0,
190.0,26.0,0,64.54757772665471,-106.685388,1,-171.2329657266547
191.0,26.0,0,150.0629418133758,,0,
192.0,26.0,0,227.6157241081819,,0,
193.0,26.0,0,288.21990794409066,,0,
194.0,26.0,0,326.17467834753916,516.561115,1,190.38643665246082
195.0,26.0,0,337.510241916636,,0,
196.0,26.0,0,321.0117733650841,,0,
197.0,26.0,0,282.48598739970475,,0,
198.0,26.0,0,232.9668553515803,33.06621,1,-199.9006453515803
199.0,26.0,0,186.09757713554427,,0,
0.0,27.0,0,-313.7136546606198,,0,
1.0,27.0,0,-332.9512470483314,-321.987268,1,10.963979048331453
2.0,27.0,0,-349.295772398822,,0,
3.0,27.0,0,-361.1940580161754,,0,
4.0,27.0,0,-367.7810661708936,,0,
5.0,27.0,0,-367.4271614905447,-395.655544,1,-28.228382509455344
6.0,27.0,0,-357.62217503320426,,0,
7.0,27.0,0,-337.3431416344829,,0,
8.0,27.0,0,-305.1430903435685,,0,
9.0,27.0,0,-260.4018502396066,-350.167985,1,-89.76613476039341
10.0,27.0,0,-206.7547342024045,,0,
11.0,27.0,0,-149.2662369310856,,0,
12.0,27.0,0,-91.9680223360192,,0,
13.0,27.0,0,-40.995260504540056,31.446462,1,72.44172250454005
14.0,27.0,0,-4.1812621334102005,,0,
15.0,27.0,0,15.51047410722822,,0,
16.0,27.0,0,15.79253989085555,,0,
17.0,27.0,0,-4.802080498368014,123.320982,1,128.12306249836803
18.0,27.0,0,-47.80312088225037,,0,
19.0,27.0,0,-106.51941885449924,,0,
20.0,27.0,0,-174.2815228663385,,0,
21.0,27.0,0,-244.29097180697136,-260.585709,1,-16.294737193028652
22.0,27.0,0,-311.0390089240391,,0,
23.0,27.0,0,-369.36461770068854,,0,
24.0,27.0,0,-413.64944485924207,,0,
25.0,27.0,0,-440.4561212154804,-493.09412,1,-52.637998784519596
26.0,27.0,0,-450.8055192718748,,0,
27.0,27.0,0,-447.81291736639105,,0,
28.0,27.0,0,-435.9557095714845,,0,
29.0,27.0,0,-420.9395177711267,-269.597374,1,151.3421437711267
30.0,27.0,0,-408.61844274564646,,0,
31.0,27.0,0,-402.3909639781341,,0,
32.0,27.0,0,-398.87560129351914,,0,
33.0,27.0,0,-393.51872815506067,-542.031159,1,-148.51243084493933
34.0,27.0,0,-386.18175795616116,,0,
35.0,27.0,0,-377.7095747287385,,0,
36.0,27.0,0,-369.8714116960764,,0,
37.0,27.0,0,-364.31530306115746,-364.991091,1,-0.6757879388425181
38.0,27.0,0,-362.3066864120774,,0,
39.0,27.0,0,-364.09156244667247,,0,
40.0,27.0,0,-368.47022754186764,,0,
41.0,27.0,0,-373.60841015697224,-362.576537,1,11.031873156972267
42.0,27.0,0,-377.1613778033061,,0,
43.0,27.0,0,-377.48357455420773,,0,
44.0,27.0,0,-376.068453844171,,0,
45.0,27.0,0,-375.1655264282599,-232.93662,1,142.2289064282599
46.0,27.0,0,-378.01676971442066,,0,
47.0,27.0,0,-380.31471057538874,,0,
48.0,27.0,0,-380.1865041560959,,0,
49.0,27.0,0,-377.52146670621005,-391.072484,1,-13.551017293789926
50.0,27.0,0,-373.4160758118378,,0,
51.0,27.0,0,-369.95019157684874,,0,
52.0,27.0,0,-368.86228110303637,,0,
53.0,27.0,0,-371.5483651669347,-222.564247,1,148.98411816693468
54.0,27.0,0,-379.5561252088519,,0,
55.0,27.0,0,-393.920012956718,,0,
56.0,27.0,0,-412.8346496373415,,0,
57.0,27.0,0,-431.1951592833502,-665.659874,1,-234.46471471664972
58.0,27.0,0,-440.94754048692994,,0,
59.0,27.0,0,-447.237087167101,,0,
60.0,27.0,0,-452.001121502195,,0,
61.0,27.0,0,-455.1002907388611,-510.326999,1,-55.226708261138924
62.0,27.0,0,-456.43609926616773,,0,
63.0,27.0,0,-458.4064232369419,,0,
64.0,27.0,0,-461.865489122225,,0,
65.0,27.0,0,-465.9848904993851,-378.211205,1,87.77368549938507
66.0,27.0,0,-466.78909932333045,,0,
67.0,27.0,0,-460.3818894503638,,0,
68.0,27.0,0,-445.9886917762924,,0,
69.0,27.0,0,-425.57599828991806,-466.521131,1,-40.945132710081964
70.0,27.0,0,-401.02804548072163,,0,
71.0,27.0,0,-376.4621730397921,,0,
72.0,27.0,0,-354.7286261658883,,0,
73.0,27.0,0,-336.9339207744051,-263.24218,1,73.6917407744051
74.0,27.0,0,-324.1405427106074,,0,
75.0,27.0,0,-317.6610788970138,,0,
76.0,27.0,0,-316.6051114714355,,0,
77.0,27.0,0,-320.38658729969757,-210.981507,1,109.40508029969757
78.0,27.0,0,-328.99269397568423,,0,
79.0,27.0,0,-342.1781554793706,,0,
80.0,27.0,0,-356.79716964252293,,0,
81.0,27.0,0,-365.2490804810368,-468.414485,1,-103.16540451896321
82.0,27.0,0,-357.5825293143862,,0,
83.0,27.0,0,-330.7419636818813,,0,
84.0,27.0,0,-282.6433586093772,,0,
85.0,27.0,0,-211.6710703681747,-637.179516,1,-425.50844563182534
86.0,27.0,0,-114.03270264144521,,0,
87.0,27.0,0,-11.47301918908488,,0,
88.0,27.0,0,77.45490927924402,,0,
89.0,27.0,0,138.54335373075446,412.043417,1,273.5000632692455
90.0,27.0,0,166.35973755497253,,0,
91.0,27.0,0,160.28960566793103,,0,
92.0,27.0,0,128.35786111216294,,0,
93.0,27.0,0,82.55645504649146,13.779019,1,-68.77743604649146
94.0,27.0,0,35.172903199563734,,0,
95.0,27.0,0,-6.961545309517533,,0,
96.0,27.0,0,-38.56009710050421,,0,
97.0,27.0,0,-56.33258694258984,-220.867857,1,-164.53527005741014
98.0,27.0,0,-57.507996679414646,,0,
99.0,27.0,0,-41.22816520149354,,0,
100.0,27.0,0,-14.436408053908963,,0,
101.0,27.0,0,13.040628265705891,-31.393574,1,-44.43420226570589
102.0,27.0,0,30.379404624865856,,0,
103.0,27.0,0,26.95349300908856,,0,
104.0,27.0,0,-2.1697320163220866,,0,
105.0,27.0,0,-55.26579288800713,117.287824,1,172.55361688800713
106.0,27.0,0,-126.6506332467834,,0,
107.0,27.0,0,-208.45491121779196,,0,
108.0,27.0,0,-289.3194220412406,,0,
109.0,27.0,0,-358.0350261074491,-402.086822,1,-44.0517958925509
110.0,27.0,0,-408.99475644840277,,0,
111.0,27.0,0,-442.3434109549562,,0,
112.0,27.0,0,-459.7380213201068,,0,
113.0,27.0,0,-465.08078661188483,-468.792058,1,-3.711271388115165
114.0,27.0,0,-464.48241875192616,,0,
115.0,27.0,0,-465.0264853806002,,0,
116.0,27.0,0,-472.5125422788551,,0,
117.0,27.0,0,-489.5026811112184,-362.211376,1,127.29130511121843
118.0,27.0,0,-515.6626050077612,,0,
119.0,27.0,0,-547.4337754391017,,0,
120.0,27.0,0,-577.1241289569298,,0,
121.0,27.0,0,-596.2103000624338,-772.466448,1,-176.2561479375662
122.0,27.0,0,-597.646150593122,,0,
123.0,27.0,0,-585.6252706784289,,0,
124.0,27.0,0,-562.8270005050581,,0,
125.0,27.0,0,-530.7806257738266,-561.825007,1,-31.044381226173414
126.0,27.0,0,-489.9375762542186,,0,
127.0,27.0,0,-442.42648186988663,,0,
128.0,27.0,0,-390.2767170891748,,0,
129.0,27.0,0,-335.21647114888765,-369.257,1,-34.040528851112356
130.0,27.0,0,-278.2617629186716,,0,
131.0,27.0,0,-221.4897207407048,,0,
132.0,27.0,0,-166.08052828162909,,0,
133.0,27.0,0,-112.910248102271,-389.695417,1,-276.785168897729
134.0,27.0,0,-60.87489227543119,,0,
135.0,27.0,0,-8.042813084088266,,0,
136.0,27.0,0,43.2113618736621,,0,
137.0,27.0,0,89.8033463084139,182.002364,1,92.1990176915861
138.0,27.0,0,124.57078585901763,,0,
139.0,27.0,0,139.89322482288117,,0,
140.0,27.0,0,134.3877358448226,,0,
141.0,27.0,0,103.73983948631212,476.565281,1,372.8254415136879
142.0,27.0,0,43.31196482735686,,0,
143.0,27.0,0,-31.30449339095503,,0,
144.0,27.0,0,-111.43816514802165,,0,
145.0,27.0,0,-192.5822665800806,-238.507086,1,-45.92481941991937
146.0,27.0,0,-269.8056597271934,,0,
147.0,27.0,0,-339.6735365614877,,0,
148.0,27.0,0,-396.84720001532696,,0,
149.0,27.0,0,-434.8589020569343,-689.787718,1,-254.92881594306573
150.0,27.0,0,-448.15699119027704,,0,
151.0,27.0,0,-446.47966607497074,,0,
152.0,27.0,0,-435.29736052500084,,0,
153.0,27.0,0,-416.25379174319096,-457.57561,1,-41.321818256809024
154.0,27.0,0,-389.04252114193514,,0,
155.0,27.0,0,-352.2963476991281,,0,
156.0,27.0,0,-304.1294107954018,,0,
157.0,27.0,0,-244.4245105437003,-419.125855,1,-174.7013444562997
158.0,27.0,0,-173.99664859869517,,0,
159.0,27.0,0,-93.73613719106652,,0,
160.0,27.0,0,-6.000682177720591,,0,
161.0,27.0,0,84.91937253437936,172.834913,1,87.91554046562064
162.0,27.0,0,171.09835215634666,,0,
163.0,27.0,0,245.13251158734784,,0,
164.0,27.0,0,305.4004194540903,,0,
165.0,27.0,0,351.2250996278599,871.917634,1,520.6925343721401
166.0,27.0,0,379.0018309208099,,0,
167.0,27.0,0,386.24524380033836,,0,
168.0,27.0,0,382.6304726586677,,0,
169.0,27.0,0,376.3224943159148,1066.328752,1,690.0062576840851
170.0,27.0,0,367.65463825687766,,0,
171.0,27.0,0,352.34487944678403,,0,
172.0,27.0,0,324.58012657565996,,0,
173.0,27.0,0,277.60290633747354,445.993626,1,168.39071966252646
174.0,27.0,0,215.62223240127787,,0,
175.0,27.0,0,144.7732557747513,,0,
176.0,27.0,0,69.92453569872305,,0,
177.0,27.0,0,-4.004257459659129,-117.9248,1,-113.92054254034088
178.0,27.0,0,-69.94863525009714,,0,
179.0,27.0,0,-128.41904646914918,,0,
180.0,27.0,0,-179.53935789503157,,0,
181.0,27.0,0,-222.54924205550924,-143.984193,1,78.56504905550923
182.0,27.0,0,-256.9213845010381,,0,
183.0,27.0,0,-282.06049889931455,,0,
184.0,27.0,0,-295.2444267270621,,0,
185.0,27.0,0,-292.28383524669334,-471.801828,1,-179.51799275330666
186.0,27.0,0,-267.95442236447707,,0,
187.0,27.0,0,-227.2268857616,,0,
188.0,27.0,0,-173.47742790915072,,0,
189.0,27.0,0,-109.79751000599936,-125.747662,1,-15.950151994000649
190.0,27.0,0,-38.4707021927461,,0,
191.0,27.0,0,37.00478825904429,,0,
192.0,27.0,0,108.7196166687645,,0,
193.0,27.0,0,168.18370740953833,441.01528,1,272.8315725904617
194.0,27.0,0,209.38138102181256,,0,
195.0,27.0,0,227.75378505396657,,0,
196.0,27.0,0,221.30812483420596,,0,
197.0,27.0,0,194.16498188395053,116.394018,1,-77.77096388395053
198.0,27.0,0,157.6474415436387,,0,
199.0,27.0,0,122.13448636746034,,0,
0.0,28.0,0,-366.32148819230497,-392.40633,1,-26.084841807695057
1.0,28.0,0,-384.33191584970336,,0,
2.0,28.0,0,-398.1272087622201,,0,
3.0,28.0,0,-407.2507170024328,,0,
4.0,28.0,0,-411.3701477050781,-440.617674,1,-29.247526294921897
5.0,28.0,0,-408.3387696449645,,0,
6.0,28.0,0,-396.0352509885561,,0,
7.0,28.0,0,-373.39109564805403,,0,
8.0,28.0,0,-338.8092286968604,-456.665856,1,-117.85662730313965
9.0,28.0,0,-289.51272448850796,,0,
10.0,28.0,0,-229.6536117773503,,0,
11.0,28.0,0,-162.37495536566712,,0,
12.0,28.0,0,-92.2659064065665,-178.493893,1,-86.22798659343351
13.0,28.0,0,-28.923362337751314,,0,
14.0,28.0,0,18.87865691888146,,0,
15.0,28.0,0,46.57022027298808,,0,
16.0,28.0,0,51.505632577231154,181.870975,1,130.36534242276883
17.0,28.0,0,32.04946887004189,,0,
18.0,28.0,0,-11.538997164461762,,0,
19.0,28.0,0,-74.16420449363068,,0,
20.0,28.0,0,-148.2788262432441,-255.001717,1,-106.7228907567559
21.0,28.0,0,-224.55980626144446,,0,
22.0,28.0,0,-298.9617676518392,,0,
23.0,28.0,0,-366.14619505545124,,0,
24.0,28.0,0,-420.1957417738158,-513.703897,1,-93.50815522618416
25.0,28.0,0,-455.5659710408654,,0,
26.0,28.0,0,-473.9687512667151,,0,
27.0,28.0,0,-477.787916254485,,0,
28.0,28.0,0,-470.6820007052738,-400.715639,1,69.96636170527381
29.0,28.0,0,-459.0512690450996,,0,
30.0,28.0,0,-448.7406465609092,,0,
31.0,28.0,0,-442.32617050455883,,0,
32.0,28.0,0,-437.5257326273713,-616.112077,1,-178.58634437262867
33.0,28.0,0,-427.83217793505173,,0,
34.0,28.0,0,-416.07635789131746,,0,
35.0,28.0,0,-403.5225857824553,,0,
36.0,28.0,0,-391.4098373472225,-414.772394,1,-23.362556652777528
37.0,28.0,0,-380.8588644945994,,0,
38.0,28.0,0,-373.6562953973189,,0,
39.0,28.0,0,-370.30115482164547,,0,
40.0,28.0,0,-370.10415890440345,-347.412999,1,22.691159904403435
41.0,28.0,0,-371.8596303935483,,0,
42.0,28.0,0,-374.1785200802842,,0,
43.0,28.0,0,-376.75089614791796,,0,
44.0,28.0,0,-380.69376122253016,-234.535526,1,146.15823522253015
45.0,28.0,0,-386.37826731801033,,0,
46.0,28.0,0,-393.6077735805884,,0,
47.0,28.0,0,-399.39905204303795,,0,
48.0,28.0,0,-401.276065856684,-428.572625,1,-27.296559143316017
49.0,28.0,0,-398.50297212810256,,0,
50.0,28.0,0,-391.660354346619,,0,
51.0,28.0,0,-382.1838729956071,,0,
52.0,28.0,0,-371.85801751422696,-300.0129,1,71.84511751422696
53.0,28.0,0,-363.268380723428,,0,
54.0,28.0,0,-358.8175387396477,,0,
55.0,28.0,0,-360.42535451066215,,0,
56.0,28.0,0,-368.19496270176023,-416.322832,1,-48.12786929823977
57.0,28.0,0,-377.4479071351234,,0,
58.0,28.0,0,-383.7914004031336,,0,
59.0,28.0,0,-389.08958863152657,,0,
60.0,28.0,0,-395.3039846208412,-455.910095,1,-60.60611037915879
61.0,28.0,0,-401.71493214182556,,0,
62.0,28.0,0,-409.9648431777023,,0,
63.0,28.0,0,-421.14093157678144,,0,
64.0,28.0,0,-435.1392663909355,-336.07521,1,99.06405639093549
65.0,28.0,0,-451.85458825691603,,0,
66.0,28.0,0,-465.6945360741811,,0,
67.0,28.0,0,-473.08654625545023,,0,
68.0,28.0,0,-472.9355730932439,-426.439242,1,46.496331093243896
69.0,28.0,0,-466.4707806664519,,0,
70.0,28.0,0,-453.9459818112664,,0,
71.0,28.0,0,-437.9869723193988,,0,
72.0,28.0,0,-421.4100502791116,-385.858369,1,35.55168127911162
73.0,28.0,0,-405.6328968211892,,0,
74.0,28.0,0,-391.5371549151605,,0,
75.0,28.0,0,-380.0511650016997,,0,
76.0,28.0,0,-372.2375040029874,-350.724626,1,21.512878002987406
77.0,28.0,0,-369.35309385019355,,0,
78.0,28.0,0,-371.27624182624277,,0,
79.0,28.0,0,-378.08721198419516,,0,
80.0,28.0,0,-387.5573431334342,-259.560976,1,127.9963671334342
81.0,28.0,0,-389.91016175213736,,0,
82.0,28.0,0,-375.37801507132826,,0,
83.0,28.0,0,-339.1325025927508,,0,
84.0,28.0,0,-278.6871080864221,-566.630295,1,-287.94318691357796
85.0,28.0,0,-193.7335108895786,,0,
86.0,28.0,0,-87.97793851007009,,0,
87.0,28.0,0,21.99436641437933,,0,
88.0,28.0,0,115.7963054808788,401.006275,1,285.2099695191212
89.0,28.0,0,173.27521102997707,,0,
90.0,28.0,0,194.36783817666583,,0,
91.0,28.0,0,181.23946439134306,,0,
92.0,28.0,0,141.23348830884788,270.343507,1,129.1100186911521
93.0,28.0,0,88.38135289540514,,0,
94.0,28.0,0,35.82569811362191,,0,
95.0,28.0,0,-7.915256711130496,,0,
96.0,28.0,0,-37.375744229590055,-102.316813,1,-64.94106877040994
97.0,28.0,0,-51.175660069915466,,0,
98.0,28.0,0,-48.763724402029766,,0,
99.0,28.0,0,-31.350072049390292,,0,
100.0,28.0,0,-5.020801866543479,-47.916253,1,-42.89545113345652
101.0,28.0,0,20.39901943571749,,0,
102.0,28.0,0,34.27602340372687,,0,
103.0,28.0,0,25.639186910004355,,0,
104.0,28.0,0,-12.596412065904588,285.546438,1,298.1428500659046
105.0,28.0,0,-75.19732729258249,,0,
106.0,28.0,0,-153.58309511921834,,0,
107.0,28.0,0,-238.8828867979464,,0,
108.0,28.0,0,-320.2479718139657,-478.002442,1,-157.75447018603427
109.0,28.0,0,-385.06462688650936,,0,
110.0,28.0,0,-431.61771658701764,,0,
111.0,28.0,0,-460.3169377911836,,0,
112.0,28.0,0,-473.271853788523,-498.025267,1,-24.753413211476982
113.0,28.0,0,-473.8727275040583,,0,
114.0,28.0,0,-467.85354707203805,,0,
115.0,28.0,0,-461.02127783815376,,0,
116.0,28.0,0,-458.7177222368191,-409.95332,1,48.76440223681908
117.0,28.0,0,-465.1650972633506,,0,
118.0,28.0,0,-482.10370992915705,,0,
119.0,28.0,0,-507.16731788462494,,0,
120.0,28.0,0,-532.5673730613198,-620.142484,1,-87.57511093868015
121.0,28.0,0,-547.3710511513636,,0,
122.0,28.0,0,-547.6838923755568,,0,
123.0,28.0,0,-535.0007816820871,,0,
124.0,28.0,0,-512.0186053703655,-495.861006,1,16.157599370365574
125.0,28.0,0,-480.6943968007108,,0,
126.0,28.0,0,-441.7266306017409,,0,
127.0,28.0,0,-397.07003535015974,,0,
128.0,28.0,0,-349.6279801967903,-243.029195,1,106.59878519679032
129.0,28.0,0,-301.90613150177523,,0,
130.0,28.0,0,-255.48113113176078,,0,
131.0,28.0,0,-210.90717357199173,,0,
132.0,28.0,0,-167.7273926549824,-311.869102,1,-144.1417093450176
133.0,28.0,0,-126.101554154302,,0,
134.0,28.0,0,-85.26991426059976,,0,
135.0,28.0,0,-44.461246953345835,,0,
136.0,28.0,0,-4.127693945076317,-161.362267,1,-157.2345730549237
137.0,28.0,0,36.85038175637601,,0,
138.0,28.0,0,72.15541066450533,,0,
139.0,28.0,0,97.54522728174925,,0,
140.0,28.0,0,106.6605561861652,430.52681,1,323.8662538138348
141.0,28.0,0,86.01960019115359,,0,
142.0,28.0,0,39.26918418169953,,0,
143.0,28.0,0,-24.769022894324735,,0,
144.0,28.0,0,-97.16874100046698,-57.230335,1,39.93840600046698
145.0,28.0,0,-171.9613858347293,,0,
146.0,28.0,0,-243.13117304909974,,0,
147.0,28.0,0,-306.5631372476928,,0,
148.0,28.0,0,-357.14985987346154,-461.053166,1,-103.90330612653844
149.0,28.0,0,-387.5168497338891,,0,
150.0,28.0,0,-397.90450285957195,,0,
151.0,28.0,0,-394.7834994944278,,0,
152.0,28.0,0,-384.35817041783594,-441.487354,1,-57.129183582164046
153.0,28.0,0,-368.47661133873044,,0,
154.0,28.0,0,-346.3617522265995,,0,
155.0,28.0,0,-315.2824244000949,,0,
156.0,28.0,0,-272.4280176808825,-490.380786,1,-217.95276831911752
157.0,28.0,0,-218.83411329379305,,0,
158.0,28.0,0,-155.51553529896773,,0,
159.0,28.0,0,-83.15159546677023,,0,
160.0,28.0,0,-3.6493601095862687,-109.146025,1,-105.49666489041373
161.0,28.0,0,81.07478508562781,,0,
162.0,28.0,0,163.34410870750435,,0,
163.0,28.0,0,237.2012609434314,,0,
164.0,28.0,0,298.6531888397876,737.439177,1,438.78598816021236
165.0,28.0,0,346.50861593778245,,0,
166.0,28.0,0,379.67714579962194,,0,
167.0,28.0,0,398.4892131688539,,0,
168.0,28.0,0,407.4889171894174,894.756966,1,487.2680488105826
169.0,28.0,0,411.6457219161093,,0,
170.0,28.0,0,411.38643795996904,,0,
171.0,28.0,0,403.44027225277387,,0,
172.0,28.0,0,381.00492046494037,915.749845,1,534.7449245350597
173.0,28.0,0,329.4315045354888,,0,
174.0,28.0,0,261.145581549732,,0,
175.0,28.0,0,182.75219605211169,,0,
176.0,28.0,0,100.3039863537997,208.111794,1,107.8078076462003
177.0,28.0,0,18.507974758162163,,0,
178.0,28.0,0,-55.519064489519224,,0,
179.0,28.0,0,-121.50799723551609,,0,
180.0,28.0,0,-180.4820666227024,-113.090516,1,67.39155062270241
181.0,28.0,0,-230.95851168315858,,0,
182.0,28.0,0,-271.98772661131807,,0,
183.0,28.0,0,-303.16400428442284,,0,
184.0,28.0,0,-322.7946337170433,-359.114581,1,-36.31994728295666
185.0,28.0,0,-326.8923336081207,,0,
186.0,28.0,0,-313.3691298083868,,0,
187.0,28.0,0,-284.1554864612408,,0,
188.0,28.0,0,-242.15690989163704,-228.000316,1,14.156593891637044
189.0,28.0,0,-189.89197008498013,,0,
190.0,28.0,0,-129.71643854794092,,0,
191.0,28.0,0,-64.58719431655481,,0,
192.0,28.0,0,0.5744730434380472,45.973174,1,45.39870095656195
193.0,28.0,0,57.73250573128462,,0,
194.0,28.0,0,101.60998707008548,,0,
195.0,28.0,0,126.71803180407733,,0,
196.0,28.0,0,129.08598511270247,269.694491,1,140.60850588729755
197.0,28.0,0,111.37942663533613,,0,
198.0,28.0,0,86.40582861774601,,0,
199.0,28.0,0,62.41555025288835,,0,
0.0,29.0,0,-416.68731412536,,0,
1.0,29.0,0,-433.97811224497855,,0,
2.0,29.0,0,-445.7220930263866,,0,
3.0,29.0,0,-451.81574678234756,-369.321563,1,82.49418378234753
4.0,29.0,0,-453.29394104215316,,0,
5.0,29.0,0,-446.8780472786166,,0,
6.0,29.0,0,-430.83340309606865,,0,
7.0,29.0,0,-404.2612555520609,-459.049162,1,-54.78790644793912
8.0,29.0,0,-365.1552454242483,,0,
9.0,29.0,0,-312.16154957632534,,0,
10.0,29.0,0,-246.58285218290985,,0,
11.0,29.0,0,-170.05963477212936,-355.887907,1,-185.82827222787063
12.0,29.0,0,-87.13853596453555,,0,
13.0,29.0,0,-12.422961638309062,,0,
14.0,29.0,0,44.74151883646846,,0,
15.0,29.0,0,79.35145239089616,99.366416,1,20.014963609103845
16.0,29.0,0,88.26071646274067,,0,
17.0,29.0,0,70.34026275272481,,0,
18.0,29.0,0,26.455985295353457,,0,
19.0,29.0,0,-38.65298099280335,-111.101095,1,-72.44811400719665
20.0,29.0,0,-117.30053527699783,,0,
21.0,29.0,0,-201.24804778490216,,0,
22.0,29.0,0,-284.3843208751641,,0,
23.0,29.0,0,-360.5764231068315,-383.405769,1,-22.829345893168522
24.0,29.0,0,-423.3254169631982,,0,
25.0,29.0,0,-467.7369238198735,,0,
26.0,29.0,0,-493.51380369393155,,0,
27.0,29.0,0,-502.88122407207265,-595.744075,1,-92.8628509279273
28.0,29.0,0,-498.3689801224973,,0,
29.0,29.0,0,-488.0783788138069,,0,
30.0,29.0,0,-477.8098909568507,,0,
31.0,29.0,0,-469.54159945232095,-612.649401,1,-143.10780154767906
32.0,29.0,0,-461.3495931022335,,0,
33.0,29.0,0,-450.02671651670244,,0,
34.0,29.0,0,-435.85061071184464,,0,
35.0,29.0,0,-419.7747708184179,-517.340681,1,-97.56591018158213
36.0,29.0,0,-403.4623028917704,,0,
37.0,29.0,0,-388.63852886809036,,0,
38.0,29.0,0,-377.0094458507374,,0,
39.0,29.0,0,-369.54754205653444,-383.396739,1,-13.849196943465586
40.0,29.0,0,-366.0317472368479,,0,
41.0,29.0,0,-366.1052281995071,,0,
42.0,29.0,0,-368.96584187308326,,0,
43.0,29.0,0,-374.67088000359945,-283.553981,1,91.11689900359943
44.0,29.0,0,-385.05642881046515,,0,
45.0,29.0,0,-397.44686254905537,,0,
46.0,29.0,0,-409.6652662260458,,0,
47.0,29.0,0,-418.8143432037905,-423.027989,1,-4.213645796209505
48.0,29.0,0,-422.49199069384485,,0,
49.0,29.0,0,-419.2238197418628,,0,
50.0,29.0,0,-408.8202673768392,,0,
51.0,29.0,0,-392.70054726616945,-438.586661,1,-45.88611373383054
52.0,29.0,0,-372.5216478705406,,0,
53.0,29.0,0,-352.2638793417718,,0,
54.0,29.0,0,-334.7746669831686,,0,
55.0,29.0,0,-322.308840890415,-194.733667,1,127.57517389041502
56.0,29.0,0,-317.7950001745485,,0,
57.0,29.0,0,-316.97145765589084,,0,
58.0,29.0,0,-318.00570687663276,,0,
59.0,29.0,0,-321.53838075860403,-273.72749,1,47.810890758604046
60.0,29.0,0,-328.71342121763155,,0,
61.0,29.0,0,-340.0809726885054,,0,
62.0,29.0,0,-356.869142630836,,0,
63.0,29.0,0,-379.74130788171897,-290.8807,1,88.86060788171898
64.0,29.0,0,-406.9637191625079,,0,
65.0,29.0,0,-436.03785639617126,,0,
66.0,29.0,0,-462.87251300993375,,0,
67.0,29.0,0,-484.17626646510325,-430.5804,1,53.595866465103256
68.0,29.0,0,-498.3206268779468,,0,
69.0,29.0,0,-504.718466559425,,0,
70.0,29.0,0,-503.25853562296834,,0,
71.0,29.0,0,-495.62609273398994,-469.76195,1,25.864142733989922
72.0,29.0,0,-484.6563863940537,,0,
73.0,29.0,0,-471.44402533367975,,0,
74.0,29.0,0,-456.49134414611035,,0,
75.0,29.0,0,-440.3730818660115,-486.705623,1,-46.332541133988514
76.0,29.0,0,-426.0527645868715,,0,
77.0,29.0,0,-416.1311575528234,,0,
78.0,29.0,0,-410.9736606521765,,0,
79.0,29.0,0,-410.001155268983,-161.160383,1,248.840772268983
80.0,29.0,0,-413.788002055604,,0,
81.0,29.0,0,-408.3253242811188,,0,
82.0,29.0,0,-384.0983014710655,,0,
83.0,29.0,0,-336.5835560914711,-445.489821,1,-108.9062649085289
84.0,29.0,0,-262.4740312109934,,0,
85.0,29.0,0,-165.32352305506356,,0,
86.0,29.0,0,-52.282755430729594,,0,
87.0,29.0,0,60.96207408065675,161.002135,1,100.04006091934326
88.0,29.0,0,154.03290742746321,,0,
89.0,29.0,0,209.82230075402185,,0,
90.0,29.0,0,224.45731074045761,,0,
91.0,29.0,0,203.04740815173136,374.473564,1,171.42615584826865
92.0,29.0,0,153.3390211762744,,0,
93.0,29.0,0,93.64622672012774,,0,
94.0,29.0,0,37.686301290334086,,0,
95.0,29.0,0,-6.556507124449126,-144.408024,1,-137.85151687555089
96.0,29.0,0,-32.9159868863062,,0,
97.0,29.0,0,-43.59735937678488,,0,
98.0,29.0,0,-39.27948898173054,,0,
99.0,29.0,0,-21.482091627811315,-60.150653,1,-38.668561372188684
100.0,29.0,0,3.275157371070236,,0,
101.0,29.0,0,24.626371452395688,,0,
102.0,29.0,0,33.14402183366474,,0,
103.0,29.0,0,19.062706166878343,410.506155,1,391.44344883312164
104.0,29.0,0,-29.579726196243428,,0,
105.0,29.0,0,-100.77430674049538,,0,
106.0,29.0,0,-184.80266748013673,,0,
107.0,29.0,0,-272.09811737324344,-485.064234,1,-212.96611662675656
108.0,29.0,0,-351.8709761649661,,0,
109.0,29.0,0,-414.45369033538736,,0,
110.0,29.0,0,-456.5526988326019,,0,
111.0,29.0,0,-479.18744642299134,-560.655951,1,-81.46850457700862
112.0,29.0,0,-485.29878885345533,,0,
113.0,29.0,0,-479.01503027934814,,0,
114.0,29.0,0,-465.26527798961615,,0,
115.0,29.0,0,-448.91546005231794,-480.542882,1,-31.62742194768208
116.0,29.0,0,-435.3848867454217,,0,
117.0,29.0,0,-430.3608538193512,,0,
118.0,29.0,0,-437.44388879457256,,0,
119.0,29.0,0,-456.3184911564458,-324.341236,1,131.97725515644584
120.0,29.0,0,-477.3905702334014,,0,
121.0,29.0,0,-490.0551416272647,,0,
122.0,29.0,0,-489.76994710217696,,0,
123.0,29.0,0,-477.2014095012564,-455.472682,1,21.7287275012564
124.0,29.0,0,-454.88607779698214,,0,
125.0,29.0,0,-424.877558125183,,0,
126.0,29.0,0,-388.1166038575466,,0,
127.0,29.0,0,-346.03757872851565,-329.610403,1,16.427175728515635
128.0,29.0,0,-302.5639814657625,,0,
129.0,29.0,0,-261.3725879629492,,0,
130.0,29.0,0,-224.93037707498297,,0,
131.0,29.0,0,-192.69379481172655,-267.172542,1,-74.47874718827347
132.0,29.0,0,-161.7212129390682,,0,
133.0,29.0,0,-132.61086501623504,,0,
134.0,29.0,0,-104.34663335658843,,0,
135.0,29.0,0,-75.66984534356743,-302.433719,1,-226.76387365643257
136.0,29.0,0,-47.112466942402534,,0,
137.0,29.0,0,-18.742607791442424,,0,
138.0,29.0,0,9.176409355015494,,0,
139.0,29.0,0,36.10098089487292,-96.341187,1,-132.4421678948729
140.0,29.0,0,52.100367296719924,,0,
141.0,29.0,0,46.507257119286805,,0,
142.0,29.0,0,17.604623207473196,,0,
143.0,29.0,0,-31.48045418167021,442.713852,1,474.1943061816702
144.0,29.0,0,-91.58299787016585,,0,
145.0,29.0,0,-154.45674038684228,,0,
146.0,29.0,0,-214.29136892221868,,0,
147.0,29.0,0,-266.69904452143237,-340.72922,1,-74.03017547856763
148.0,29.0,0,-306.2052234420553,,0,
149.0,29.0,0,-328.34484962932765,,0,
150.0,29.0,0,-333.90614614414517,,0,
151.0,29.0,0,-327.974261962343,-262.118304,1,65.85595796234298
152.0,29.0,0,-317.3529942916939,,0,
153.0,29.0,0,-303.3960370073328,,0,
154.0,29.0,0,-285.21465949434787,,0,
155.0,29.0,0,-259.4142468001228,-436.973531,1,-177.5592841998772
156.0,29.0,0,-221.01353988517076,,0,
157.0,29.0,0,-173.94766753027216,,0,
158.0,29.0,0,-118.41343020298518,,0,
159.0,29.0,0,-53.544595358427614,-402.747272,1,-349.2026766415724
160.0,29.0,0,18.271206628298387,,0,
161.0,29.0,0,93.67241734859999,,0,
162.0,29.0,0,168.32066156738438,,0,
163.0,29.0,0,238.14324686140753,327.993982,1,89.85073513859248
164.0,29.0,0,296.1414614886744,,0,
165.0,29.0,0,342.1023001973517,,0,
166.0,29.0,0,376.5596000608057,,0,
167.0,29.0,0,400.2875856545288,434.563341,1,34.27575534547117
168.0,29.0,0,415.4552442629356,,0,
169.0,29.0,0,425.557071182644,,0,
170.0,29.0,0,429.1474051855039,,0,
171.0,29.0,0,420.81380790052935,932.182334,1,511.3685260994706
172.0,29.0,0,395.0369003145024,,0,
173.0,29.0,0,346.349902797956,,0,
174.0,29.0,0,277.9291439212393,,0,
175.0,29.0,0,193.93255998799577,529.27462,1,335.34206001200425
176.0,29.0,0,104.96344263083301,,0,
177.0,29.0,0,19.64983962965198,,0,
178.0,29.0,0,-57.58434336259961,,0,
179.0,29.0,0,-127.02610948588699,-8.201907,1,118.82420248588699
180.0,29.0,0,-190.15976327029057,,0,
181.0,29.0,0,-243.3919646879658,,0,
182.0,29.0,0,-286.222889195662,,0,
183.0,29.0,0,-319.0508739585057,-141.891378,1,177.1594959585057
184.0,29.0,0,-341.3836940128822,,0,
185.0,29.0,0,-351.34657577541657,,0,
186.0,29.0,0,-347.20008675497957,,0,
187.0,29.0,0,-328.70520636439323,-395.746352,1,-67.04114563560677
188.0,29.0,0,-297.5356453335844,,0,
189.0,29.0,0,-255.9773506759666,,0,
190.0,29.0,0,-206.59270379063673,,0,
191.0,29.0,0,-151.9884991105646,-252.344288,1,-100.35578888943542
192.0,29.0,0,-94.17922203196213,,0,
193.0,29.0,0,-40.355055873980746,,0,
194.0,29.0,0,4.585576804354787,,0,
195.0,29.0,0,34.894593050237745,270.145814,1,235.25122094976223
196.0,29.0,0,42.46118503063917,,0,
197.0,29.0,0,34.5373777365312,,0,
198.0,29.0,0,20.936412100913003,,0,
199.0,29.0,0,9.33595672249794,-241.046478,1,-250.38243472249795
0.0,30.0,0,-464.3317841719836,,0,
1.0,30.0,0,-481.7303783381358,,0,
2.0,30.0,0,-492.5825121218804,-342.909769,1,149.67274312188044
3.0,30.0,0,-496.9480941656511,,0,
4.0,30.0,0,-494.72686529369093,,0,
5.0,30.0,0,-483.85812347289175,,0,
6.0,30.0,0,-462.56419344991446,-411.261338,1,51.30285544991443
7.0,30.0,0,-430.4473621812649,,0,
8.0,30.0,0,-384.90576312784106,,0,
9.0,30.0,0,-325.2732379254885,,0,
10.0,30.0,0,-252.09773172694258,-491.170975,1,-239.07324327305741
11.0,30.0,0,-163.5760542091448,,0,
12.0,30.0,0,-71.45985028007999,,0,
13.0,30.0,0,11.365955497603863,,0,
14.0,30.0,0,74.83060953160748,89.952036,1,15.121426468392528
15.0,30.0,0,114.15035188081674,,0,
16.0,30.0,0,126.67512194346637,,0,
17.0,30.0,0,110.64707061555237,,0,
18.0,30.0,0,66.17364853364415,185.82603,1,119.65238146635585
19.0,30.0,0,-1.5549149883445352,,0,
20.0,30.0,0,-84.99976769881323,,0,
21.0,30.0,0,-176.36795730842277,,0,
22.0,30.0,0,-268.3925987132825,-245.575755,1,22.81684371328251
23.0,30.0,0,-353.4285441545071,,0,
24.0,30.0,0,-424.5206612807233,,0,
25.0,30.0,0,-476.45750991092063,,0,
26.0,30.0,0,-507.24897876847535,-653.214176,1,-145.9651972315246
27.0,30.0,0,-519.1290119900368,,0,
28.0,30.0,0,-516.2515709241852,,0,
29.0,30.0,0,-505.8588627916761,,0,
30.0,30.0,0,-494.56932783545926,-423.623501,1,70.94582683545929
31.0,30.0,0,-483.988753490441,,0,
32.0,30.0,0,-473.007519104518,,0,
33.0,30.0,0,-460.08622946892865,,0,
34.0,30.0,0,-444.47158333077095,-502.971284,1,-58.49970066922907
35.0,30.0,0,-425.4344498179853,,0,
36.0,30.0,0,-405.50785187538713,,0,
37.0,30.0,0,-386.7088782377541,,0,
38.0,30.0,0,-370.9767281631939,-383.061052,1,-12.084323836806107
39.0,30.0,0,-359.9133693475742,,0,
40.0,30.0,0,-354.34818898537196,,0,
41.0,30.0,0,-354.3606190395076,,0,
42.0,30.0,0,-359.5278329506982,-323.229335,1,36.29849795069822
43.0,30.0,0,-370.04042465472594,,0,
44.0,30.0,0,-385.59369133389555,,0,
45.0,30.0,0,-403.52551241242327,,0,
46.0,30.0,0,-420.8021373450756,-465.078977,1,-44.2768396549244
47.0,30.0,0,-433.6255018718075,,0,
48.0,30.0,0,-439.79701814078726,,0,
49.0,30.0,0,-436.4355383828515,,0,
50.0,30.0,0,-422.0821806577733,-495.163356,1,-73.08117534222674
51.0,30.0,0,-398.96321767068,,0,
52.0,30.0,0,-370.2046503385063,,0,
53.0,30.0,0,-339.7702137015294,,0,
54.0,30.0,0,-311.29036257532425,-206.048109,1,105.24225357532424
55.0,30.0,0,-287.06465467004455,,0,
56.0,30.0,0,-268.9378581844503,,0,
57.0,30.0,0,-256.75562053290196,,0,
58.0,30.0,0,-250.82535039260983,-167.054703,1,83.77064739260985
59.0,30.0,0,-251.16680181317497,,0,
60.0,30.0,0,-258.974084217567,,0,
61.0,30.0,0,-275.60845464956947,,0,
62.0,30.0,0,-301.3014433966018,-208.460709,1,92.84073439660182
63.0,30.0,0,-336.54828802417614,,0,
64.0,30.0,0,-376.7432333386969,,0,
65.0,30.0,0,-418.11834212974645,,0,
66.0,30.0,0,-457.3109886716702,-450.097283,1,7.213705671670198
67.0,30.0,0,-491.8861490825075,,0,
68.0,30.0,0,-519.6520517965546,,0,
69.0,30.0,0,-538.4390055695549,,0,
70.0,30.0,0,-547.1602330075111,-583.74419,1,-36.58395699248888
71.0,30.0,0,-547.3645991046797,,0,
72.0,30.0,0,-541.2168797419872,,0,
73.0,30.0,0,-530.1656209662906,,0,
74.0,30.0,0,-514.811755470495,-628.60885,1,-113.79709452950499
75.0,30.0,0,-494.3685641856864,,0,
76.0,30.0,0,-474.31770792999305,,0,
77.0,30.0,0,-458.5593518204987,,0,
78.0,30.0,0,-448.6040021859808,-232.127087,1,216.4769151859808
79.0,30.0,0,-442.79770010040374,,0,
80.0,30.0,0,-437.23646143462975,,0,
81.0,30.0,0,-420.8788712422247,,0,
82.0,30.0,0,-383.1319172895455,-504.452286,1,-121.32036871045449
83.0,30.0,0,-321.3803097891505,,0,
84.0,30.0,0,-235.96365478495136,,0,
85.0,30.0,0,-129.75215664121788,,0,
86.0,30.0,0,-9.772835128766019,-232.083888,1,-222.31105287123398
87.0,30.0,0,105.98373701481614,,0,
88.0,30.0,0,197.86710844538175,,0,
89.0,30.0,0,249.8461285662488,,0,
90.0,30.0,0,254.4771210635954,581.501785,1,327.02466393640464
91.0,30.0,0,220.68139497557422,,0,
92.0,30.0,0,162.33967430033954,,0,
93.0,30.0,0,97.43419945228379,,0,
94.0,30.0,0,41.781725795415696,-179.27334,1,-221.0550657954157
95.0,30.0,0,0.9154241518117487,,0,
96.0,30.0,0,-23.111370662867557,,0,
97.0,30.0,0,-31.64253625884885,,0,
98.0,30.0,0,-26.715028627426364,-178.034567,1,-151.31953837257365
99.0,30.0,0,-8.9389544473961,,0,
100.0,30.0,0,11.881587576848688,,0,
101.0,30.0,0,26.01033814510447,,0,
102.0,30.0,0,24.384560246311594,284.447179,1,260.0626187536884
103.0,30.0,0,-1.187789705581963,,0,
104.0,30.0,0,-55.44100463439827,,0,
105.0,30.0,0,-131.46614357089857,,0,
106.0,30.0,0,-219.08692086586962,-347.121263,1,-128.03434213413038
107.0,30.0,0,-307.1906011463143,,0,
108.0,30.0,0,-385.25985209591454,,0,
109.0,30.0,0,-444.781008746475,,0,
110.0,30.0,0,-481.1655204704148,-625.48861,1,-144.32308952958522
111.0,30.0,0,-496.00208186748205,,0,
112.0,30.0,0,-493.1601769529225,,0,
113.0,30.0,0,-477.4852033762145,,0,
114.0,30.0,0,-454.1023478610441,-544.436339,1,-90.33399113895587
115.0,30.0,0,-426.7066751612583,,0,
116.0,30.0,0,-402.80472969281254,,0,
117.0,30.0,0,-387.82907800911926,,0,
118.0,30.0,0,-385.79354210355086,-116.504594,1,269.28894810355087
119.0,30.0,0,-400.65872533398215,,0,
120.0,30.0,0,-418.9603808129905,,0,
121.0,30.0,0,-430.06818337657023,,0,
122.0,30.0,0,-428.5955566613702,-416.897358,1,11.698198661370213
123.0,30.0,0,-415.67780870373826,,0,
124.0,30.0,0,-394.24455432605464,,0,
125.0,30.0,0,-366.35237557429355,,0,
126.0,30.0,0,-332.86480112047866,-397.709377,1,-64.84457587952136
127.0,30.0,0,-293.91139912820654,,0,
128.0,30.0,0,-254.01161765656434,,0,
129.0,30.0,0,-218.32509801955894,,0,
130.0,30.0,0,-191.02896572789177,-75.499398,1,115.52956772789177
131.0,30.0,0,-169.69139825936873,,0,
132.0,30.0,0,-151.11616503447294,,0,
133.0,30.0,0,-134.44106922356877,,0,
134.0,30.0,0,-118.59724328713492,-224.037681,1,-105.44043771286508
135.0,30.0,0,-101.23615160537884,,0,
136.0,30.0,0,-85.21686850686092,,0,
137.0,30.0,0,-70.95622134796577,,0,
138.0,30.0,0,-55.823964555514976,-445.351261,1,-389.52729644448505
139.0,30.0,0,-32.25191004364751,,0,
140.0,30.0,0,-13.527158240438439,,0,
141.0,30.0,0,-7.422618768643588,,0,
142.0,30.0,0,-18.65659278386738,261.523356,1,280.17994878386736
143.0,30.0,0,-52.49480993836187,,0,
144.0,30.0,0,-97.45967137743719,,0,
145.0,30.0,0,-145.17167531175073,,0,
146.0,30.0,0,-189.9133714911295,-119.479585,1,70.43378649112951
147.0,30.0,0,-228.28233557962812,,0,
148.0,30.0,0,-254.547494051978,,0,
149.0,30.0,0,-266.12143520242535,,0,
150.0,30.0,0,-264.2213069497375,-281.743282,1,-17.52197505026254
151.0,30.0,0,-253.04959874041378,,0,
152.0,30.0,0,-238.516712971963,,0,
153.0,30.0,0,-223.21412046207115,,0,
154.0,30.0,0,-205.83178332657553,-280.667557,1,-74.83577367342446
155.0,30.0,0,-181.48893324634992,,0,
156.0,30.0,0,-148.83497914043255,,0,
157.0,30.0,0,-108.97588296979666,,0,
158.0,30.0,0,-61.5944659691304,-212.118904,1,-150.5244380308696
159.0,30.0,0,-3.403242500964552,,0,
160.0,30.0,0,60.909794204169884,,0,
161.0,30.0,0,127.45979421935044,,0,
162.0,30.0,0,192.4338668626733,-16.82969,1,-209.2635568626733
163.0,30.0,0,255.03186174947768,,0,
164.0,30.0,0,306.6737640084466,,0,
165.0,30.0,0,346.9810483066831,,0,
166.0,30.0,0,377.93199403886683,324.596155,1,-53.33583903886682
167.0,30.0,0,399.1467586911749,,0,
168.0,30.0,0,413.0274009210989,,0,
169.0,30.0,0,422.7579150237143,,0,
170.0,30.0,0,425.1821506188717,614.39478,1,189.2126293811283
171.0,30.0,0,410.79288305249065,,0,
172.0,30.0,0,379.31830993318,,0,
173.0,30.0,0,330.0369903235696,,0,
174.0,30.0,0,263.12649830407463,733.465461,1,470.3389626959254
175.0,30.0,0,174.1722122230567,,0,
176.0,30.0,0,81.89588543539867,,0,
177.0,30.0,0,-3.953172938665375,,0,
178.0,30.0,0,-80.3661449442152,72.533258,1,152.89940294421518
179.0,30.0,0,-150.21977795055136,,0,
180.0,30.0,0,-210.73106735083275,,0,
181.0,30.0,0,-260.4628143562004,,0,
182.0,30.0,0,-299.88899553893134,-227.233359,1,72.65563653893133
183.0,30.0,0,-330.1791963300202,,0,
184.0,30.0,0,-352.44347708905116,,0,
185.0,30.0,0,-366.4840200464241,,0,
186.0,30.0,0,-369.94575346121565,-405.271496,1,-35.32574253878437
187.0,30.0,0,-360.2383544035256,,0,
188.0,30.0,0,-338.2011470091529,,0,
189.0,30.0,0,-305.5875732861459,,0,
190.0,30.0,0,-264.9339477161411,-395.029998,1,-130.09605028385886
191.0,30.0,0,-218.74404352204874,,0,
192.0,30.0,0,-169.6220455733128,,0,
193.0,30.0,0,-121.57313508167863,,0,
194.0,30.0,0,-78.54541150853038,-67.698577,1,10.846834508530378
195.0,30.0,0,-47.12544732680544,,0,
196.0,30.0,0,-31.96265867445618,,0,
197.0,30.0,0,-29.329795982688665,,0,
198.0,30.0,0,-32.07038023881614,-245.80797,1,-213.73758976118387
199.0,30.0,0,-31.234863413497806,,0,
0.0,31.0,0,-508.27270225202665,,0,
1.0,31.0,0,-526.512731178198,-481.197433,1,45.31529817819802
2.0,31.0,0,-537.1488814810291,,0,
3.0,31.0,0,-540.0461408474948,,0,
4.0,31.0,0,-534.6721030413173,,0,
5.0,31.0,0,-519.4539746874943,-440.661083,1,78.79289168749432
6.0,31.0,0,-492.76921903388575,,0,
7.0,31.0,0,-453.3037144787377,,0,
8.0,31.0,0,-398.91277726122644,,0,
9.0,31.0,0,-328.39571194769815,-513.513075,1,-185.1173630523018
10.0,31.0,0,-242.95812342409045,,0,
11.0,31.0,0,-145.98712520254776,,0,
12.0,31.0,0,-47.500166619196534,,0,
13.0,31.0,0,40.67073473520577,139.146194,1,98.47545926479424
14.0,31.0,0,107.51577409985475,,0,
15.0,31.0,0,149.58493378711864,,0,
16.0,31.0,0,164.32860178989358,,0,
17.0,31.0,0,149.96336592745502,284.20484,1,134.24147407254497
18.0,31.0,0,104.38272677827626,,0,
19.0,31.0,0,33.89683746150695,,0,
20.0,31.0,0,-54.67921633529477,,0,
21.0,31.0,0,-152.998614477925,-99.29755,1,53.701064477925
22.0,31.0,0,-253.13828323595226,,0,
23.0,31.0,0,-345.7257236139267,,0,
24.0,31.0,0,-423.5423457133584,,0,
25.0,31.0,0,-481.06096766504925,-587.266501,1,-106.2055333349507
26.0,31.0,0,-514.7378051339183,,0,
27.0,31.0,0,-528.1603440891486,,0,
28.0,31.0,0,-525.4106374657713,,0,
29.0,31.0,0,-513.3924155365676,-402.731512,1,110.66090353656756
30.0,31.0,0,-500.5961361452937,,0,
31.0,31.0,0,-487.5900115163531,,0,
32.0,31.0,0,-474.13022365723737,,0,
33.0,31.0,0,-459.1730148192728,-430.0357,1,29.137314819272774
34.0,31.0,0,-441.47995683248155,,0,
35.0,31.0,0,-420.5575630860403,,0,
36.0,31.0,0,-397.77001777268015,,0,
37.0,31.0,0,-375.12956164823845,-373.613183,1,1.516378648238458
38.0,31.0,0,-355.17661132174544,,0,
39.0,31.0,0,-340.5168147669174,,0,
40.0,31.0,0,-333.13592181378044,,0,
41.0,31.0,0,-333.6563587342389,-361.304877,1,-27.648518265761084
42.0,31.0,0,-341.45722934626974,,0,
43.0,31.0,0,-356.63870642974507,,0,
44.0,31.0,0,-377.25374641711824,,0,
45.0,31.0,0,-399.6436811205931,-493.251852,1,-93.60817087940688
46.0,31.0,0,-421.1266113780439,,0,
47.0,31.0,0,-438.59581659547985,,0,
48.0,31.0,0,-448.3863924756879,,0,
49.0,31.0,0,-446.1511708855396,-566.158889,1,-120.00771811446043
50.0,31.0,0,-428.7752669644542,,0,
51.0,31.0,0,-400.6608707542764,,0,
52.0,31.0,0,-365.4305000673048,,0,
53.0,31.0,0,-327.07660693558864,-265.731753,1,61.34485393558862
54.0,31.0,0,-290.04153923969716,,0,
55.0,31.0,0,-255.5136533243931,,0,
56.0,31.0,0,-225.41276524891146,,0,
57.0,31.0,0,-201.96903488429962,-93.944609,1,108.02442588429962
58.0,31.0,0,-188.65142315253615,,0,
59.0,31.0,0,-184.36776152951643,,0,
60.0,31.0,0,-191.5936011428712,,0,
61.0,31.0,0,-213.58099948544987,58.955735,1,272.53673448544987
62.0,31.0,0,-248.46259951591492,,0,
63.0,31.0,0,-293.4680860133958,,0,
64.0,31.0,0,-344.28943639062345,,0,
65.0,31.0,0,-396.3381928249728,-431.297552,1,-34.9593591750272
66.0,31.0,0,-446.3469505379908,,0,
67.0,31.0,0,-492.91991765925195,,0,
68.0,31.0,0,-533.2274013507413,,0,
69.0,31.0,0,-563.6627878753934,-639.07064,1,-75.40785212460662
70.0,31.0,0,-581.7698979061097,,0,
71.0,31.0,0,-589.3649832807132,,0,
72.0,31.0,0,-587.5387205850566,,0,
73.0,31.0,0,-577.7991139094811,-688.573537,1,-110.7744230905189
74.0,31.0,0,-561.1437912356341,,0,
75.0,31.0,0,-538.6609529032721,,0,
76.0,31.0,0,-514.725583743304,,0,
77.0,31.0,0,-494.2860619716812,-380.406202,1,113.87985997168119
78.0,31.0,0,-480.3379879806307,,0,
79.0,31.0,0,-468.09375430454384,,0,
80.0,31.0,0,-452.1411304012872,,0,
81.0,31.0,0,-423.6793578529614,-665.880988,1,-242.2016301470386
82.0,31.0,0,-370.2988247165922,,0,
83.0,31.0,0,-294.0396921711508,,0,
84.0,31.0,0,-197.24365200730972,,0,
85.0,31.0,0,-84.07546254992485,-435.329626,1,-351.25416345007517
86.0,31.0,0,42.189500221051276,,0,
87.0,31.0,0,157.88458567622,,0,
88.0,31.0,0,245.1163475170033,,0,
89.0,31.0,0,290.83716150111286,775.228127,1,484.3909654988871
90.0,31.0,0,282.0886759289424,,0,
91.0,31.0,0,236.72172339609824,,0,
92.0,31.0,0,170.84224869916216,,0,
93.0,31.0,0,101.84077460726257,-216.383351,1,-318.2241256072626
94.0,31.0,0,49.28320204053307,,0,
95.0,31.0,0,12.459535895904992,,0,
96.0,31.0,0,-8.2629710152396,,0,
97.0,31.0,0,-13.555688320018817,-187.442442,1,-173.88675367998118
98.0,31.0,0,-6.6886830933217425,,0,
99.0,31.0,0,7.957230152678676,,0,
100.0,31.0,0,22.21211938606575,,0,
101.0,31.0,0,26.863024030753877,75.653752,1,48.79072796924612
102.0,31.0,0,13.058289394015446,,0,
103.0,31.0,0,-23.938227165897842,,0,
104.0,31.0,0,-85.10256848111749,,0,
105.0,31.0,0,-164.96213534282288,-84.563075,1,80.39906034282288
106.0,31.0,0,-255.15754215820925,,0,
107.0,31.0,0,-342.7981759670656,,0,
108.0,31.0,0,-417.7869726478966,,0,
109.0,31.0,0,-472.953576846543,-619.74293,1,-146.789353153457
110.0,31.0,0,-501.9173581810901,,0,
111.0,31.0,0,-507.8532606200315,,0,
112.0,31.0,0,-494.3503257732373,,0,
113.0,31.0,0,-466.85510865808465,-636.280712,1,-169.42560334191535
114.0,31.0,0,-431.498078005563,,0,
115.0,31.0,0,-394.2752232524217,,0,
116.0,31.0,0,-362.2645923087548,,0,
117.0,31.0,0,-341.33523824531585,-74.247851,1,267.0873872453159
118.0,31.0,0,-335.76892213303654,,0,
119.0,31.0,0,-345.6307973501971,,0,
120.0,31.0,0,-361.0613403583411,,0,
121.0,31.0,0,-370.6394456162816,-489.363424,1,-118.72397838371842
122.0,31.0,0,-366.9452179383952,,0,
123.0,31.0,0,-353.2415634425124,,0,
124.0,31.0,0,-332.92149304348277,,0,
125.0,31.0,0,-307.8552366544027,-313.106685,1,-5.251448345597339
126.0,31.0,0,-278.53346587868873,,0,
127.0,31.0,0,-245.37898788740858,,0,
128.0,31.0,0,-211.0854685139493,,0,
129.0,31.0,0,-180.71574623382185,86.337888,1,267.05363423382187
130.0,31.0,0,-162.24197743460536,,0,
131.0,31.0,0,-150.01416099164635,,0,
132.0,31.0,0,-141.69593823462492,,0,
133.0,31.0,0,-135.20283121569082,123.060522,1,258.2633532156908
134.0,31.0,0,-128.64630035031587,,0,
135.0,31.0,0,-122.10125210881233,,0,
136.0,31.0,0,-117.77656619239133,,0,
137.0,31.0,0,-114.94094181474065,-213.335339,1,-98.39439718525935
138.0,31.0,0,-109.12642131501343,,0,
139.0,31.0,0,-96.62943129171617,,0,
140.0,31.0,0,-82.06699159019627,,0,
141.0,31.0,0,-70.84659282746725,-194.274888,1,-123.42829517253276
142.0,31.0,0,-70.96060063538607,,0,
143.0,31.0,0,-87.48479519528337,,0,
144.0,31.0,0,-115.42316557548475,,0,
145.0,31.0,0,-146.94095837068744,173.59388,1,320.53483837068745
146.0,31.0,0,-175.87990665703546,,0,
147.0,31.0,0,-197.80132228322327,,0,
148.0,31.0,0,-208.7235547916498,,0,
149.0,31.0,0,-207.13083452940919,-425.363403,1,-218.23256847059082
150.0,31.0,0,-194.51484222663566,,0,
151.0,31.0,0,-174.690976689104,,0,
152.0,31.0,0,-153.02149368159007,,0,
153.0,31.0,0,-133.2230493404204,48.998346,1,182.2213953404204
154.0,31.0,0,-113.35699043958448,,0,
155.0,31.0,0,-89.88250918639824,,0,
156.0,31.0,0,-61.24347747920547,,0,
157.0,31.0,0,-26.477202066453174,68.269005,1,94.74620706645318
158.0,31.0,0,15.966178557369858,,0,
159.0,31.0,0,67.15414691064507,,0,
160.0,31.0,0,125.00328932353295,,0,
161.0,31.0,0,186.48004244884942,-209.50633,1,-395.9863724488494
162.0,31.0,0,245.99705148115754,,0,
163.0,31.0,0,298.8899767808616,,0,
164.0,31.0,0,340.78085152152926,,0,
165.0,31.0,0,372.0435727008153,173.655246,1,-198.38832670081527
166.0,31.0,0,395.383260718314,,0,
167.0,31.0,0,406.5677699830849,,0,
168.0,31.0,0,410.1604692186229,,0,
169.0,31.0,0,412.31647932727356,338.073046,1,-74.24343332727358
170.0,31.0,0,406.53736623446457,,0,
171.0,31.0,0,384.462655472802,,0,
172.0,31.0,0,344.4235232230276,,0,
173.0,31.0,0,287.1265289557632,538.819358,1,251.69282904423676
174.0,31.0,0,213.19653159659356,,0,
175.0,31.0,0,125.1251797110308,,0,
176.0,31.0,0,34.64474876224995,,0,
177.0,31.0,0,-49.03853609645739,12.694395,1,61.73293109645739
178.0,31.0,0,-122.90895182895474,,0,
179.0,31.0,0,-186.79708791454323,,0,
180.0,31.0,0,-239.24079732131213,,0,
181.0,31.0,0,-280.38135268352926,-259.731123,1,20.650229683529233
182.0,31.0,0,-312.30952054960653,,0,
183.0,31.0,0,-336.57493142969906,,0,
184.0,31.0,0,-355.91514295944944,,0,
185.0,31.0,0,-372.1776719731279,-231.56954,1,140.60813197312788
186.0,31.0,0,-380.7912821378559,,0,
187.0,31.0,0,-377.77090707747266,,0,
188.0,31.0,0,-362.56026503955945,,0,
189.0,31.0,0,-336.3038541455753,-505.545712,1,-169.24185785442467
190.0,31.0,0,-301.9850980702322,,0,
191.0,31.0,0,-262.54743182566017,,0,
192.0,31.0,0,-220.68207456031814,,0,
193.0,31.0,0,-178.92296687304042,-307.306166,1,-128.3831991269596
194.0,31.0,0,-138.24233688227832,,0,
195.0,31.0,0,-105.8157244254835,,0,
196.0,31.0,0,-84.15224261954427,,0,
197.0,31.0,0,-70.46167917689309,-302.128836,1,-231.6671568231069
198.0,31.0,0,-61.24235174502246,,0,
199.0,31.0,0,-52.67995758494362,,0,
0.0,32.0,0,-546.9723833883181,-565.507908,1,-18.53552461168192
1.0,32.0,0,-566.6737637345213,,0,
2.0,32.0,0,-577.5624621720053,,0,
3.0,32.0,0,-579.3415408811998,,0,
4.0,32.0,0,-571.587929163361,-550.483778,1,21.10415116336094
5.0,32.0,0,-552.5063729165122,,0,
6.0,32.0,0,-520.173780194018,,0,
7.0,32.0,0,-472.92494079098105,,0,
8.0,32.0,0,-408.90757175162435,-484.9931,1,-76.08552824837568
9.0,32.0,0,-326.2746508063283,,0,
10.0,32.0,0,-229.09862807113677,,0,
11.0,32.0,0,-123.9929793602787,,0,
12.0,32.0,0,-21.038606276735663,95.36221,1,116.40081627673567
13.0,32.0,0,69.5774682611227,,0,
14.0,32.0,0,139.12405910063535,,0,
15.0,32.0,0,182.60643465910107,,0,
16.0,32.0,0,197.11072928388603,269.983508,1,72.87277871611394
17.0,32.0,0,181.76000817806926,,0,
18.0,32.0,0,136.60471844649874,,0,
19.0,32.0,0,64.47113551024813,,0,
20.0,32.0,0,-29.53148460527882,180.754841,1,210.28632560527882
21.0,32.0,0,-134.7632290874608,,0,
22.0,32.0,0,-240.48803612822667,,0,
23.0,32.0,0,-337.46851271542255,,0,
24.0,32.0,0,-418.6872324270662,-489.287168,1,-70.59993557293382
25.0,32.0,0,-478.01905102538876,,0,
26.0,32.0,0,-514.7279892750084,,0,
27.0,32.0,0,-530.1691430197097,,0,
28.0,32.0,0,-527.2001301660202,-650.552379,1,-123.35224883397973
29.0,32.0,0,-513.961544463411,,0,
30.0,32.0,0,-498.00177421909757,,0,
31.0,32.0,0,-481.93817716802005,,0,
32.0,32.0,0,-466.20398500119336,-313.541591,1,152.66239400119338
33.0,32.0,0,-449.32109549455345,,0,
34.0,32.0,0,-429.7136346504558,,0,
35.0,32.0,0,-406.8304010787979,,0,
36.0,32.0,0,-381.3533194838092,-396.628896,1,-15.275576516190824
37.0,32.0,0,-354.7366010691039,,0,
38.0,32.0,0,-330.0309806470759,,0,
39.0,32.0,0,-310.9869407956139,,0,
40.0,32.0,0,-301.05171515373513,-295.742309,1,5.309406153735154
41.0,32.0,0,-301.0475689144805,,0,
42.0,32.0,0,-310.7934503784636,,0,
43.0,32.0,0,-329.79168267478235,,0,
44.0,32.0,0,-355.3060661035124,-454.296265,1,-98.99019889648758
45.0,32.0,0,-381.5969032892026,,0,
46.0,32.0,0,-407.2824640502222,,0,
47.0,32.0,0,-429.3381753161666,,0,
48.0,32.0,0,-443.2262873498257,-554.423327,1,-111.19703965017425
49.0,32.0,0,-442.21194656111766,,0,
50.0,32.0,0,-425.99725606897846,,0,
51.0,32.0,0,-396.85174140892923,,0,
52.0,32.0,0,-358.6246562132146,-335.66973,1,22.954926213214605
53.0,32.0,0,-315.96337493983447,,0,
54.0,32.0,0,-272.0702681398252,,0,
55.0,32.0,0,-229.12051347387023,,0,
56.0,32.0,0,-189.7976148397429,-172.724682,1,17.07293283974289
57.0,32.0,0,-157.99906916066539,,0,
58.0,32.0,0,-136.68993663298897,,0,
59.0,32.0,0,-126.98518402921036,,0,
60.0,32.0,0,-131.77556775778066,114.424379,1,246.19994675778065
61.0,32.0,0,-157.8304423193913,,0,
62.0,32.0,0,-198.6863609700231,,0,
63.0,32.0,0,-250.301015572506,,0,
64.0,32.0,0,-308.6304410225712,-376.807708,1,-68.17726697742881
65.0,32.0,0,-368.17558738437947,,0,
66.0,32.0,0,-427.1375867438037,,0,
67.0,32.0,0,-483.66357512935065,,0,
68.0,32.0,0,-534.6188511439832,-635.850393,1,-101.23154185601686
69.0,32.0,0,-574.4886876495148,,0,
70.0,32.0,0,-602.6754462799872,,0,
71.0,32.0,0,-618.273575221072,,0,
72.0,32.0,0,-620.712097814423,-744.446876,1,-123.73477818557694
73.0,32.0,0,-612.74248642358,,0,
74.0,32.0,0,-596.3731486223405,,0,
75.0,32.0,0,-573.1405653485563,,0,
76.0,32.0,0,-546.9408441059059,-462.459819,1,84.48102510590587
77.0,32.0,0,-523.7114970125549,,0,
78.0,32.0,0,-503.2903426667326,,0,
79.0,32.0,0,-481.6631825180375,,0,
80.0,32.0,0,-452.5070752259926,-643.011949,1,-190.50487377400736
81.0,32.0,0,-408.4323079411406,,0,
82.0,32.0,0,-342.4106192543404,,0,
83.0,32.0,0,-253.22638174984604,,0,
84.0,32.0,0,-143.03835714503657,-412.935691,1,-269.89733385496345
85.0,32.0,0,-19.63246848974086,,0,
86.0,32.0,0,106.31511170428712,,0,
87.0,32.0,0,215.4771757585695,,0,
88.0,32.0,0,289.6153590856702,760.641459,1,471.02609991432985
89.0,32.0,0,319.7121713447559,,0,
90.0,32.0,0,302.7184609603719,,0,
91.0,32.0,0,250.52334800810786,,0,
92.0,32.0,0,181.22778735795873,169.309036,1,-11.91875135795874
93.0,32.0,0,113.55952161317691,,0,
94.0,32.0,0,61.558455427526496,,0,
95.0,32.0,0,27.651218642364256,,0,
96.0,32.0,0,10.544618633488426,-77.179007,1,-87.72362563348842
97.0,32.0,0,9.297331908310298,,0,
98.0,32.0,0,17.417227694473695,,0,
99.0,32.0,0,28.43908272634144,,0,
100.0,32.0,0,34.896265545947244,-31.59234,1,-66.48860554594725
101.0,32.0,0,28.807407686603256,,0,
102.0,32.0,0,3.6263833634584444,,0,
103.0,32.0,0,-44.030148412508424,,0,
104.0,32.0,0,-113.79504072244163,88.016141,1,201.81118172244163
105.0,32.0,0,-199.20036896690726,,0,
106.0,32.0,0,-290.58444050504477,,0,
107.0,32.0,0,-375.81765482670744,,0,
108.0,32.0,0,-444.53303992465953,-613.3938,1,-168.86076007534052
109.0,32.0,0,-491.7958638194832,,0,
110.0,32.0,0,-514.3289928858285,,0,
111.0,32.0,0,-511.94867161120055,,0,
112.0,32.0,0,-486.93855311675,-656.443505,1,-169.50495188325
113.0,32.0,0,-446.70455778221367,,0,
114.0,32.0,0,-399.373035138502,,0,
115.0,32.0,0,-352.7151780343265,,0,
116.0,32.0,0,-314.28801012790063,-192.912803,1,121.37520712790064
117.0,32.0,0,-289.56249865336576,,0,
118.0,32.0,0,-282.0457217025105,,0,
119.0,32.0,0,-290.1782692145789,,0,
120.0,32.0,0,-304.2139748497284,-355.041056,1,-50.827081150271624
121.0,32.0,0,-311.46783276391216,,0,
122.0,32.0,0,-306.7022567127424,,0,
123.0,32.0,0,-292.4849946333561,,0,
124.0,32.0,0,-273.91558528126916,-254.164333,1,19.75125228126916
125.0,32.0,0,-252.98895319690928,,0,
126.0,32.0,0,-230.2365922832396,,0,
127.0,32.0,0,-205.94703387649497,,0,
128.0,32.0,0,-181.49354348040652,-134.972342,1,46.52120148040652
129.0,32.0,0,-161.1218931225594,,0,
130.0,32.0,0,-147.55820311472053,,0,
131.0,32.0,0,-140.7051596865058,,0,
132.0,32.0,0,-140.58245986700058,334.794424,1,475.3768838670006
133.0,32.0,0,-142.1731413352536,,0,
134.0,32.0,0,-142.25062999571674,,0,
135.0,32.0,0,-143.05749086476862,,0,
136.0,32.0,0,-148.4742683909135,-70.809208,1,77.6650603909135
137.0,32.0,0,-155.28311143489555,,0,
138.0,32.0,0,-158.66325128276367,,0,
139.0,32.0,0,-156.4040883926209,,0,
140.0,32.0,0,-149.05693433212582,-369.488349,1,-220.4314146678742
141.0,32.0,0,-136.04263315012213,,0,
142.0,32.0,0,-127.95117423147894,,0,
143.0,32.0,0,-130.4794882782735,,0,
144.0,32.0,0,-143.13676380203106,137.119795,1,280.25655880203107
145.0,32.0,0,-159.23088869312778,,0,
146.0,32.0,0,-172.21921142819338,,0,
147.0,32.0,0,-177.5399870504625,,0,
148.0,32.0,0,-172.18576086242683,-119.058951,1,53.12680986242684
149.0,32.0,0,-155.9357733533252,,0,
150.0,32.0,0,-130.75694565020967,,0,
151.0,32.0,0,-100.13981282769237,,0,
152.0,32.0,0,-68.93351680890191,75.535657,1,144.46917380890193
153.0,32.0,0,-43.10416318522766,,0,
154.0,32.0,0,-19.19695284613408,,0,
155.0,32.0,0,5.348859892692417,,0,
156.0,32.0,0,32.20319176767953,209.413191,1,177.20999923232048
157.0,32.0,0,64.68857581564225,,0,
158.0,32.0,0,105.12249180511571,,0,
159.0,32.0,0,153.479495966807,,0,
160.0,32.0,0,208.28089544619434,19.477016,1,-188.80387944619434
161.0,32.0,0,269.2645997428335,,0,
162.0,32.0,0,326.44929850974586,,0,
163.0,32.0,0,373.1550595264416,,0,
164.0,32.0,0,406.43319868063554,186.977434,1,-219.45576468063555
165.0,32.0,0,430.2878803538624,,0,
166.0,32.0,0,440.66598056815565,,0,
167.0,32.0,0,435.90410615410656,,0,
168.0,32.0,0,421.3544344305992,-56.110098,1,-477.4645324305992
169.0,32.0,0,410.8105529071763,,0,
170.0,32.0,0,391.7078906930983,,0,
171.0,32.0,0,356.96550680254586,,0,
172.0,32.0,0,304.41183745115995,322.196347,1,17.78450954884005
173.0,32.0,0,234.7317257358227,,0,
174.0,32.0,0,151.89690056745894,,0,
175.0,32.0,0,62.60713401157409,,0,
176.0,32.0,0,-24.492209617979825,46.27464,1,70.76684961797983
177.0,32.0,0,-103.60405317461118,,0,
178.0,32.0,0,-171.75609847833402,,0,
179.0,32.0,0,-227.11327759129927,,0,
180.0,32.0,0,-268.44868359155953,-310.882977,1,-42.43429340844045
181.0,32.0,0,-298.65819709631614,,0,
182.0,32.0,0,-321.2163573675789,,0,
183.0,32.0,0,-338.33355553413276,,0,
184.0,32.0,0,-352.6722814142704,-72.855534,1,279.81674741427037
185.0,32.0,0,-369.75414599943906,,0,
186.0,32.0,0,-380.30261494359,,0,
187.0,32.0,0,-380.0709300292656,,0,
188.0,32.0,0,-368.4058930191677,-436.461204,1,-68.0553109808323
189.0,32.0,0,-345.3868956640363,,0,
190.0,32.0,0,-315.02361143706366,,0,
191.0,32.0,0,-280.06923190900125,,0,
192.0,32.0,0,-242.43602017639205,-347.888445,1,-105.45242482360794
193.0,32.0,0,-203.82032598368824,,0,
194.0,32.0,0,-165.7231459657196,,0,
195.0,32.0,0,-132.17687832936645,,0,
196.0,32.0,0,-105.93728635483421,-280.159372,1,-174.2220856451658
197.0,32.0,0,-83.5979932625778,,0,
198.0,32.0,0,-66.75897533167154,,0,
199.0,32.0,0,-53.69144716206938,,0,
0.0,33.0,0,-578.3252332662232,,0,
1.0,33.0,0,-600.5099624481518,,0,
2.0,33.0,0,-612.536234625848,,0,
3.0,33.0,0,-613.7761410344392,-561.503917,1,52.272224034439205
4.0,33.0,0,-604.4575492455624,,0,
5.0,33.0,0,-581.9810935765272,,0,
6.0,33.0,0,-544.2745071648387,,0,
7.0,33.0,0,-489.3997268474195,-550.808397,1,-61.4086701525805
8.0,33.0,0,-415.69862777460366,,0,
9.0,33.0,0,-323.1984040448442,,0,
10.0,33.0,0,-216.24490216188133,,0,
11.0,33.0,0,-103.21058303397149,-17.434687,1,85.77589603397149
12.0,33.0,0,3.860496818087995,,0,
13.0,33.0,0,96.5301977848867,,0,
14.0,33.0,0,167.0590941379778,,0,
15.0,33.0,0,210.39618277014233,293.923152,1,83.52696922985768
16.0,33.0,0,222.70282947598025,,0,
17.0,33.0,0,205.45318180834875,,0,
18.0,33.0,0,159.6813815718051,,0,
19.0,33.0,0,86.54568015737459,328.384836,1,241.83915584262542
20.0,33.0,0,-12.483269179007038,,0,
21.0,33.0,0,-122.30783699837048,,0,
22.0,33.0,0,-230.8204260864295,,0,
23.0,33.0,0,-328.1739746767562,-446.138506,1,-117.96453132324382
24.0,33.0,0,-408.6001020814292,,0,
25.0,33.0,0,-468.1101215304807,,0,
26.0,33.0,0,-505.9065306135453,,0,
27.0,33.0,0,-523.0507095884532,-733.076771,1,-210.02606141154683
28.0,33.0,0,-519.136546472786,,0,
29.0,33.0,0,-504.901667480357,,0,
30.0,33.0,0,-486.97703238681424,,0,
31.0,33.0,0,-468.39408740750514,-400.523842,1,67.87024540750514
32.0,33.0,0,-451.04133020876907,,0,
33.0,33.0,0,-432.5068763438612,,0,
34.0,33.0,0,-411.1051183049567,,0,
35.0,33.0,0,-386.0086506702937,-399.337732,1,-13.329081329706298
36.0,33.0,0,-357.52710874029435,,0,
37.0,33.0,0,-326.93530466378434,,0,
38.0,33.0,0,-297.0223214873113,,0,
39.0,33.0,0,-272.3689082118217,-190.684296,1,81.6846122118217
40.0,33.0,0,-258.7184089446673,,0,
41.0,33.0,0,-256.5228711729869,,0,
42.0,33.0,0,-266.1520346321631,,0,
43.0,33.0,0,-286.9893652740866,-295.80049,1,-8.81112472591343
44.0,33.0,0,-315.5113610068802,,0,
45.0,33.0,0,-346.631374070741,,0,
46.0,33.0,0,-376.9080001176335,,0,
47.0,33.0,0,-403.1122524656821,-517.978362,1,-114.86610953431784
48.0,33.0,0,-420.6348902019672,,0,
49.0,33.0,0,-424.5601508084801,,0,
50.0,33.0,0,-412.98047747986857,,0,
51.0,33.0,0,-386.35452826856636,-420.82311,1,-34.46858173143363
52.0,33.0,0,-348.7880323068239,,0,
53.0,33.0,0,-304.63163861527573,,0,
54.0,33.0,0,-256.882064151112,,0,
55.0,33.0,0,-208.18036902497988,-271.076777,1,-62.89640797502011
56.0,33.0,0,-162.1867656923132,,0,
57.0,33.0,0,-123.46606919239275,,0,
58.0,33.0,0,-96.00638883560896,,0,
59.0,33.0,0,-82.6458118702285,46.988736,1,129.63454787022852
60.0,33.0,0,-86.83696479164064,,0,
61.0,33.0,0,-111.39852948559565,,0,
62.0,33.0,0,-152.9001374610234,,0,
63.0,33.0,0,-206.67278785258532,-235.673731,1,-29.000943147414688
64.0,33.0,0,-268.43424307438545,,0,
65.0,33.0,0,-333.5367603539489,,0,
66.0,33.0,0,-398.88492381514516,,0,
67.0,33.0,0,-462.193976322189,-673.591762,1,-211.39778567781104
68.0,33.0,0,-520.2916320597287,,0,
69.0,33.0,0,-569.3039855838579,,0,
70.0,33.0,0,-606.9509995172266,,0,
71.0,33.0,0,-630.712981889199,-811.012098,1,-180.29911611080104
72.0,33.0,0,-637.4649861063808,,0,
73.0,33.0,0,-633.1415784329874,,0,
74.0,33.0,0,-619.5507992118364,,0,
75.0,33.0,0,-597.3140653978335,-558.27766,1,39.036405397833505
76.0,33.0,0,-570.5302104132716,,0,
77.0,33.0,0,-543.1139736788173,,0,
78.0,33.0,0,-514.9885714761913,,0,
79.0,33.0,0,-482.71682062686887,-536.096621,1,-53.37980037313116
80.0,33.0,0,-439.25401421941933,,0,
81.0,33.0,0,-379.8093740925251,,0,
82.0,33.0,0,-300.4100360472221,,0,
83.0,33.0,0,-199.25697579211555,-453.616428,1,-254.35945220788443
84.0,33.0,0,-76.03401153051527,,0,
85.0,33.0,0,53.92387433280237,,0,
86.0,33.0,0,176.40884586283937,,0,
87.0,33.0,0,274.97684226045385,564.492056,1,289.5152137395462
88.0,33.0,0,330.9242100723204,,0,
89.0,33.0,0,344.7594381813542,,0,
90.0,33.0,0,318.2750319635961,,0,
91.0,33.0,0,259.91325609222986,449.630512,1,189.71725590777015
92.0,33.0,0,188.4607613227272,,0,
93.0,33.0,0,122.52205991058145,,0,
94.0,33.0,0,73.68868357685278,,0,
95.0,33.0,0,44.616327065974474,-62.611766,1,-107.22809306597448
96.0,33.0,0,33.250653863622574,,0,
97.0,33.0,0,35.56567544469726,,0,
98.0,33.0,0,44.37875926832203,,0,
99.0,33.0,0,51.851437923440244,44.682694,1,-7.168743923440246
100.0,33.0,0,50.68643180032086,,0,
101.0,33.0,0,34.00699372164672,,0,
102.0,33.0,0,-2.6343483544624178,,0,
103.0,33.0,0,-60.36718702595681,65.899111,1,126.26629802595681
104.0,33.0,0,-138.87004182284,,0,
105.0,33.0,0,-228.94299266079906,,0,
106.0,33.0,0,-320.4219768916082,,0,
107.0,33.0,0,-401.6893387912569,-582.047465,1,-180.3581262087431
108.0,33.0,0,-461.7683323853853,,0,
109.0,33.0,0,-500.4273292453727,,0,
110.0,33.0,0,-515.5556868915737,,0,
111.0,33.0,0,-505.1309963843087,-705.210228,1,-200.07923161569136
112.0,33.0,0,-468.465495426557,,0,
113.0,33.0,0,-416.6026432099752,,0,
114.0,33.0,0,-358.54531445732573,,0,
115.0,33.0,0,-303.3540525237331,-249.418637,1,53.93541552373313
116.0,33.0,0,-259.9234242334496,,0,
117.0,33.0,0,-232.3224591469625,,0,
118.0,33.0,0,-224.08197950490285,,0,
119.0,33.0,0,-234.4507297114469,4.725839,1,239.17656871144692
120.0,33.0,0,-250.25370321440278,,0,
121.0,33.0,0,-257.85241976357065,,0,
122.0,33.0,0,-252.17039289025706,,0,
123.0,33.0,0,-236.84594414453022,-116.826297,1,120.01964714453023
124.0,33.0,0,-220.3033932117396,,0,
125.0,33.0,0,-204.28808649256825,,0,
126.0,33.0,0,-190.19547239335952,,0,
127.0,33.0,0,-177.79387281817617,-171.302118,1,6.491754818176162
128.0,33.0,0,-166.64361121528782,,0,
129.0,33.0,0,-157.25961191533133,,0,
130.0,33.0,0,-150.0680487153586,,0,
131.0,33.0,0,-147.15340120799374,178.009749,1,325.16315020799374
132.0,33.0,0,-154.80129779409617,,0,
133.0,33.0,0,-162.70888572069816,,0,
134.0,33.0,0,-167.20526338659693,,0,
135.0,33.0,0,-171.4756663062144,128.167526,1,299.6431923062144
136.0,33.0,0,-184.3448675343534,,0,
137.0,33.0,0,-198.21186652721372,,0,
138.0,33.0,0,-208.45088694314472,,0,
139.0,33.0,0,-212.53465619147755,-356.223698,1,-143.68904180852246
140.0,33.0,0,-208.89738997025415,,0,
141.0,33.0,0,-197.85784890467767,,0,
142.0,33.0,0,-185.3107530910056,,0,
143.0,33.0,0,-177.3884223724599,-17.537001,1,159.8514213724599
144.0,33.0,0,-178.21413280512206,,0,
145.0,33.0,0,-180.3583940556273,,0,
146.0,33.0,0,-177.97465421375819,,0,
147.0,33.0,0,-167.50298305158503,-213.834701,1,-46.33171794841496
148.0,33.0,0,-146.3476121543208,,0,
149.0,33.0,0,-115.70530668622814,,0,
150.0,33.0,0,-78.01042121998034,,0,
151.0,33.0,0,-37.02739197964547,-75.434997,1,-38.407605020354524
152.0,33.0,0,2.7333395162131637,,0,
153.0,33.0,0,36.87923612515442,,0,
154.0,33.0,0,65.93137529632077,,0,
155.0,33.0,0,93.17322376277298,223.79346,1,130.62023623722703
156.0,33.0,0,120.15216928510927,,0,
157.0,33.0,0,153.55187018518336,,0,
158.0,33.0,0,196.24051253404468,,0,
159.0,33.0,0,248.06607119739056,250.404484,1,2.33841280260944
160.0,33.0,0,307.28976726485416,,0,
161.0,33.0,0,370.2203021105379,,0,
162.0,33.0,0,428.56637755059637,,0,
163.0,33.0,0,474.7605622736737,234.60832,1,-240.15224227367372
164.0,33.0,0,505.06628480902873,,0,
165.0,33.0,0,519.3625830709934,,0,
166.0,33.0,0,516.0022925822996,,0,
167.0,33.0,0,495.6798072360689,10.397572,1,-485.28223523606886
168.0,33.0,0,465.097050413955,,0,
169.0,33.0,0,432.33341140626,,0,
170.0,33.0,0,393.64750056527555,,0,
171.0,33.0,0,342.1250366587192,106.04325,1,-236.08178665871918
172.0,33.0,0,274.2010774840601,,0,
173.0,33.0,0,190.75342931086197,,0,
174.0,33.0,0,98.037321284879,,0,
175.0,33.0,0,5.760879652807489,-101.243098,1,-107.00397765280749
176.0,33.0,0,-78.47631885134615,,0,
177.0,33.0,0,-152.2293191344943,,0,
178.0,33.0,0,-212.43733990332112,,0,
179.0,33.0,0,-258.2706516664475,-443.101021,1,-184.83036933355248
180.0,33.0,0,-287.6578582797665,,0,
181.0,33.0,0,-307.3240406694822,,0,
182.0,33.0,0,-321.57001947890967,,0,
183.0,33.0,0,-333.9618391280528,-120.314542,1,213.6472971280528
184.0,33.0,0,-346.48758676368743,,0,
185.0,33.0,0,-359.4571164813824,,0,
186.0,33.0,0,-367.0509642639663,,0,
187.0,33.0,0,-364.7350731380284,-404.754253,1,-40.01917986197162
188.0,33.0,0,-352.0190255250782,,0,
189.0,33.0,0,-329.95264943223447,,0,
190.0,33.0,0,-301.35537039488554,,0,
191.0,33.0,0,-268.654809047468,-302.700418,1,-34.04560895253201
192.0,33.0,0,-232.7733349162154,,0,
193.0,33.0,0,-195.73460569325835,,0,
194.0,33.0,0,-158.3019552063197,,0,
195.0,33.0,0,-121.64004206471145,-315.955037,1,-194.31499493528855
196.0,33.0,0,-90.38490535272285,,0,
197.0,33.0,0,-65.95498106861487,,0,
198.0,33.0,0,-48.099295884370804,,0,
199.0,33.0,0,-34.83721029339358,-370.973771,1,-336.1365607066064
0.0,34.0,0,-600.7198515799828,,0,
1.0,34.0,0,-626.2574174297042,,0,
2.0,34.0,0,-640.5931905703619,-632.221237,1,8.371953570361939
3.0,34.0,0,-642.8204785371199,,0,
4.0,34.0,0,-632.1919034933671,,0,
5.0,34.0,0,-606.8843567404547,,0,
6.0,34.0,0,-564.9185653449968,-573.148517,1,-8.22995165500322
7.0,34.0,0,-503.85912757273763,,0,
8.0,34.0,0,-422.4863636526279,,0,
9.0,34.0,0,-322.0940362564288,,0,
10.0,34.0,0,-207.48047451814637,-131.903923,1,75.57655151814637
11.0,34.0,0,-88.10996373463422,,0,
12.0,34.0,0,24.31242859037593,,0,
13.0,34.0,0,119.388447413221,,0,
14.0,34.0,0,189.04619019431993,353.171007,1,164.12481680568004
15.0,34.0,0,229.60616714088246,,0,
16.0,34.0,0,239.31921859574504,,0,
17.0,34.0,0,219.12004068517126,,0,
18.0,34.0,0,170.48557209270075,265.347288,1,94.86171590729924
19.0,34.0,0,93.39587955083698,,0,
20.0,34.0,0,-5.65690799895674,,0,
21.0,34.0,0,-115.19092297798488,,0,
22.0,34.0,0,-223.11929664004128,-364.348339,1,-141.22904235995873
23.0,34.0,0,-317.4680914976634,,0,
24.0,34.0,0,-395.001661100192,,0,
25.0,34.0,0,-452.0692277303897,,0,
26.0,34.0,0,-487.0584113348741,-645.339269,1,-158.28085766512584
27.0,34.0,0,-501.7847860259935,,0,
28.0,34.0,0,-499.07494701771066,,0,
29.0,34.0,0,-485.85608645749744,,0,
30.0,34.0,0,-468.3108796366723,-414.074375,1,54.23650463667235
31.0,34.0,0,-449.39719330507796,,0,
32.0,34.0,0,-430.2951860515168,,0,
33.0,34.0,0,-409.963890343206,,0,
34.0,34.0,0,-386.7935500773601,-402.868735,1,-16.07518492263989
35.0,34.0,0,-359.3884408683516,,0,
36.0,34.0,0,-327.9406402367167,,0,
37.0,34.0,0,-293.34816392412176,,0,
38.0,34.0,0,-258.01433537341654,-312.905135,1,-54.89079962658343
39.0,34.0,0,-227.58552795648575,,0,
40.0,34.0,0,-207.8272065068595,,0,
41.0,34.0,0,-201.2568025579676,,0,
42.0,34.0,0,-208.52751845354214,-169.915472,1,38.61204645354215
43.0,34.0,0,-229.4359404859133,,0,
44.0,34.0,0,-260.0865403730422,,0,
45.0,34.0,0,-295.2799679901218,,0,
46.0,34.0,0,-329.7468694851268,-517.004587,1,-187.2577175148732
47.0,34.0,0,-360.3237325679511,,0,
48.0,34.0,0,-382.82467510027345,,0,
49.0,34.0,0,-392.91701366228517,,0,
50.0,34.0,0,-388.3274879329838,-526.271202,1,-137.94371406701623
51.0,34.0,0,-366.77895017620176,,0,
52.0,34.0,0,-333.3562509745825,,0,
53.0,34.0,0,-291.304619582952,,0,
54.0,34.0,0,-243.29341310437303,-261.315348,1,-18.02193489562694
55.0,34.0,0,-191.90871010627598,,0,
56.0,34.0,0,-141.40979963750578,,0,
57.0,34.0,0,-97.28891577001195,,0,
58.0,34.0,0,-65.292727479944,95.715714,1,161.008441479944
59.0,34.0,0,-48.97906015836634,,0,
60.0,34.0,0,-51.0382608207874,,0,
61.0,34.0,0,-72.48135383587214,,0,
62.0,34.0,0,-111.26861801405903,-129.698228,1,-18.42960998594097
63.0,34.0,0,-163.6640925211832,,0,
64.0,34.0,0,-226.23199324216694,,0,
65.0,34.0,0,-294.2622940457659,,0,
66.0,34.0,0,-363.1217434445862,-540.966799,1,-177.84505555541386
67.0,34.0,0,-430.4252163937781,,0,
68.0,34.0,0,-493.48084645171184,,0,
69.0,34.0,0,-548.8969702188624,,0,
70.0,34.0,0,-593.2060842615319,-681.593535,1,-88.38745073846803
71.0,34.0,0,-621.6834772313014,,0,
72.0,34.0,0,-635.0331428786158,,0,
73.0,34.0,0,-636.6645260684891,,0,
74.0,34.0,0,-628.1861346875085,-762.151139,1,-133.9650043124915
75.0,34.0,0,-608.1036289209733,,0,
76.0,34.0,0,-581.566859156359,,0,
77.0,34.0,0,-550.7303222459741,,0,
78.0,34.0,0,-514.906051135622,-450.310841,1,64.59521013562198
79.0,34.0,0,-471.86812991602346,,0,
80.0,34.0,0,-415.0871075441246,,0,
81.0,34.0,0,-340.5048017963418,,0,
82.0,34.0,0,-245.9933124150848,-319.863605,1,-73.8702925849152
83.0,34.0,0,-130.12572428910062,,0,
84.0,34.0,0,0.7187944368342869,,0,
85.0,34.0,0,131.7480371958227,,0,
86.0,34.0,0,245.87764341925504,415.458045,1,169.580401580745
87.0,34.0,0,327.7512890775688,,0,
88.0,34.0,0,366.77210383399506,,0,
89.0,34.0,0,364.5721478671767,,0,
90.0,34.0,0,327.4060731259524,613.725678,1,286.3196048740476
91.0,34.0,0,260.8428403782891,,0,
92.0,34.0,0,187.09106193771004,,0,
93.0,34.0,0,123.65841862908565,,0,
94.0,34.0,0,81.24698868265841,-136.202993,1,-217.4499816826584
95.0,34.0,0,59.936355489015114,,0,
96.0,34.0,0,55.866076986902044,,0,
97.0,34.0,0,63.259921103017405,,0,
98.0,34.0,0,73.49537205754314,198.410264,1,124.91489194245688
99.0,34.0,0,77.88919718147372,,0,
100.0,34.0,0,69.40727874683216,,0,
101.0,34.0,0,42.264082825277,,0,
102.0,34.0,0,-6.9133269854064565,201.418043,1,208.33136998540647
103.0,34.0,0,-75.73875699029304,,0,
104.0,34.0,0,-159.75706293637631,,0,
105.0,34.0,0,-251.16497787606204,,0,
106.0,34.0,0,-339.9270090526261,-461.570258,1,-121.64324894737393
107.0,34.0,0,-413.43346561586077,,0,
108.0,34.0,0,-466.32510200965044,,0,
109.0,34.0,0,-496.77697321842425,,0,
110.0,34.0,0,-503.0109333352302,-604.883488,1,-101.87255466476984
111.0,34.0,0,-481.6468743174919,,0,
112.0,34.0,0,-436.6647248828667,,0,
113.0,34.0,0,-376.2043478874257,,0,
114.0,34.0,0,-309.4049101663404,-350.292623,1,-40.88771283365958
115.0,34.0,0,-248.0806839778088,,0,
116.0,34.0,0,-201.56972235045396,,0,
117.0,34.0,0,-173.66931700409623,,0,
118.0,34.0,0,-166.45002178585855,218.119791,1,384.5698127858585
119.0,34.0,0,-183.2835675161914,,0,
120.0,34.0,0,-203.75050389696844,,0,
121.0,34.0,0,-212.99940777325537,,0,
122.0,34.0,0,-206.25016877643066,-190.48326,1,15.766908776430654
123.0,34.0,0,-190.35458982142154,,0,
124.0,34.0,0,-173.98271011479665,,0,
125.0,34.0,0,-162.19743376178667,,0,
126.0,34.0,0,-157.92426218860783,-132.462298,1,25.461964188607823
127.0,34.0,0,-158.98234112455975,,0,
128.0,34.0,0,-162.45793292822782,,0,
129.0,34.0,0,-166.1064281507861,,0,
130.0,34.0,0,-169.06718588311924,-191.075415,1,-22.008229116880756
131.0,34.0,0,-175.29084380203858,,0,
132.0,34.0,0,-187.2972082569031,,0,
133.0,34.0,0,-199.34197128366213,,0,
134.0,34.0,0,-207.8615234409226,108.857798,1,316.7193214409226
135.0,34.0,0,-216.5970070483163,,0,
136.0,34.0,0,-230.49070782598574,,0,
137.0,34.0,0,-246.7980173442047,,0,
138.0,34.0,0,-260.6751609472558,-461.14557,1,-200.47040905274423
139.0,34.0,0,-268.2557329428382,,0,
140.0,34.0,0,-267.2645004502265,,0,
141.0,34.0,0,-257.7202524424065,,0,
142.0,34.0,0,-243.00003765511792,-362.78967,1,-119.78963234488208
143.0,34.0,0,-229.0290446592262,,0,
144.0,34.0,0,-218.84041717776563,,0,
145.0,34.0,0,-208.14412456005812,,0,
146.0,34.0,0,-191.1766652376391,-356.602261,1,-165.4255957623609
147.0,34.0,0,-165.91122427373193,,0,
148.0,34.0,0,-131.4508282673778,,0,
149.0,34.0,0,-88.52943096740637,,0,
150.0,34.0,0,-39.80194416921586,3.427094,1,43.229038169215855
151.0,34.0,0,10.325417842541356,,0,
152.0,34.0,0,58.7053939208854,,0,
153.0,34.0,0,100.52451599482447,,0,
154.0,34.0,0,132.96868194220588,294.352214,1,161.38353205779413
155.0,34.0,0,161.42192449513823,,0,
156.0,34.0,0,191.6812355380971,,0,
157.0,34.0,0,229.49526942986995,,0,
158.0,34.0,0,278.3637684590649,249.011473,1,-29.35229545906489
159.0,34.0,0,338.33954508870374,,0,
160.0,34.0,0,406.506642669905,,0,
161.0,34.0,0,476.99381455685943,,0,
162.0,34.0,0,541.517540235538,511.007683,1,-30.50985723553805
163.0,34.0,0,591.9340565702878,,0,
164.0,34.0,0,621.7110268900869,,0,
165.0,34.0,0,628.8539936961606,,0,
166.0,34.0,0,613.6416472906712,288.365395,1,-325.27625229067127
167.0,34.0,0,578.9663548491662,,0,
168.0,34.0,0,530.6441392931156,,0,
169.0,34.0,0,475.8528005904518,,0,
170.0,34.0,0,417.36444060737267,-111.977593,1,-529.3420336073726
171.0,34.0,0,348.9114797813818,,0,
172.0,34.0,0,265.96273831208237,,0,
173.0,34.0,0,169.71080421097577,,0,
174.0,34.0,0,67.456655878108,-198.714854,1,-266.171509878108
175.0,34.0,0,-26.617867880384438,,0,
176.0,34.0,0,-110.96963421464898,,0,
177.0,34.0,0,-180.83054670551792,,0,
178.0,34.0,0,-230.87870004680008,-586.046125,1,-355.1674249531999
179.0,34.0,0,-264.54084423417225,,0,
180.0,34.0,0,-285.63154593715444,,0,
181.0,34.0,0,-298.3201311416924,,0,
182.0,34.0,0,-306.21964124869555,-199.089849,1,107.12979224869557
183.0,34.0,0,-315.4640894874465,,0,
184.0,34.0,0,-325.539764409652,,0,
185.0,34.0,0,-334.12267077481374,,0,
186.0,34.0,0,-336.35302659124136,-398.333355,1,-61.98032840875862
187.0,34.0,0,-328.88027892354876,,0,
188.0,34.0,0,-312.6867838327307,,0,
189.0,34.0,0,-288.796204530634,,0,
190.0,34.0,0,-259.4374932642095,-450.344771,1,-190.9072777357905
191.0,34.0,0,-226.56077371863648,,0,
192.0,34.0,0,-190.75825325935148,,0,
193.0,34.0,0,-153.18500012531877,,0,
194.0,34.0,0,-115.2190545455087,-391.298806,1,-276.0797514544913
195.0,34.0,0,-74.60573873715475,,0,
196.0,34.0,0,-41.57256429968402,,0,
197.0,34.0,0,-19.50581144541502,,0,
198.0,34.0,0,-6.414442819077522,-94.431819,1,-88.01737618092248
199.0,34.0,0,2.5920239142142236,,0,
0.0,35.0,0,-611.4888101527467,,0,
1.0,35.0,0,-640.925325023476,-695.269003,1,-54.34367797652396
2.0,35.0,0,-658.3155406855512,,0,
3.0,35.0,0,-662.6196687039919,,0,
4.0,35.0,0,-652.1461150408722,,0,
5.0,35.0,0,-625.3740213168785,-578.864373,1,46.5096483168785
6.0,35.0,0,-581.1276643630117,,0,
7.0,35.0,0,-515.9192720898427,,0,
8.0,35.0,0,-428.9072406925261,,0,
9.0,35.0,0,-322.7743950407021,-380.842233,1,-58.06783795929795
10.0,35.0,0,-202.341544425115,,0,
11.0,35.0,0,-77.81965611735359,,0,
12.0,35.0,0,38.990493710618466,,0,
13.0,35.0,0,136.01903841644526,272.429434,1,136.41039558355476
14.0,35.0,0,203.78465883398894,,0,
15.0,35.0,0,241.3750978000462,,0,
16.0,35.0,0,247.49608710617758,,0,
17.0,35.0,0,222.8791835415177,240.698022,1,17.818838458482304
18.0,35.0,0,169.59314558887854,,0,
19.0,35.0,0,90.87400784203783,,0,
20.0,35.0,0,-6.031466087093577,,0,
21.0,35.0,0,-111.12666530325077,-283.690069,1,-172.56340369674922
22.0,35.0,0,-213.65993057074957,,0,
23.0,35.0,0,-304.304499669699,,0,
24.0,35.0,0,-377.9253839054145,,0,
25.0,35.0,0,-430.71929597854614,-550.574174,1,-119.85487802145383
26.0,35.0,0,-460.605641764123,,0,
27.0,35.0,0,-472.7390814893879,,0,
28.0,35.0,0,-470.91303311567754,,0,
29.0,35.0,0,-459.48480303777615,-412.87163,1,46.613173037776164
30.0,35.0,0,-443.5080536454916,,0,
31.0,35.0,0,-424.757988137193,,0,
32.0,35.0,0,-404.3569022472948,,0,
33.0,35.0,0,-382.2073278320022,-353.124996,1,29.082331832002183
34.0,35.0,0,-357.1641720717307,,0,
35.0,35.0,0,-327.6402137861587,,0,
36.0,35.0,0,-293.06426006462425,,0,
37.0,35.0,0,-254.39387681137305,-341.638516,1,-87.24463918862693
38.0,35.0,0,-213.01953445351683,,0,
39.0,35.0,0,-175.89960181561764,,0,
40.0,35.0,0,-149.17303045431618,,0,
41.0,35.0,0,-137.10943394596688,-27.663546,1,109.44588794596689
42.0,35.0,0,-140.73853741167113,,0,
43.0,35.0,0,-159.38926659431309,,0,
44.0,35.0,0,-190.22195902396925,,0,
45.0,35.0,0,-228.29210256552324,-358.641357,1,-130.3492544344768
46.0,35.0,0,-265.885386334965,,0,
47.0,35.0,0,-301.4541949155973,,0,
48.0,35.0,0,-330.0824713774491,,0,
49.0,35.0,0,-345.93765665893443,-541.065089,1,-195.12743234106551
50.0,35.0,0,-347.8143779768143,,0,
51.0,35.0,0,-335.55705049075186,,0,
52.0,35.0,0,-310.70173173048533,,0,
53.0,35.0,0,-274.63865092679043,-395.749253,1,-121.11060207320958
54.0,35.0,0,-230.18910921690986,,0,
55.0,35.0,0,-180.07241200411227,,0,
56.0,35.0,0,-127.9350095205009,,0,
57.0,35.0,0,-79.88058505731169,8.9124,1,88.7929850573117
58.0,35.0,0,-44.2396640740335,,0,
59.0,35.0,0,-24.426725387806073,,0,
60.0,35.0,0,-23.10224463022314,,0,
61.0,35.0,0,-40.253673620769405,64.217531,1,104.4712046207694
62.0,35.0,0,-74.08950803277548,,0,
63.0,35.0,0,-122.65219011926092,,0,
64.0,35.0,0,-183.6196295255795,,0,
65.0,35.0,0,-252.40424326906214,-353.396451,1,-100.99220773093788
66.0,35.0,0,-322.21536608424503,,0,
67.0,35.0,0,-391.60747082997113,,0,
68.0,35.0,0,-457.6509286996443,,0,
69.0,35.0,0,-516.4744330701651,-534.100272,1,-17.625838929834913
70.0,35.0,0,-564.0348228760995,,0,
71.0,35.0,0,-597.1681109147612,,0,
72.0,35.0,0,-616.2909307925147,,0,
73.0,35.0,0,-623.5561486291117,-674.585619,1,-51.02947037088825
74.0,35.0,0,-619.342055453104,,0,
75.0,35.0,0,-603.8097433082294,,0,
76.0,35.0,0,-579.5398476165719,,0,
77.0,35.0,0,-547.4589622465137,-374.864282,1,172.5946802465137
78.0,35.0,0,-506.2761983080418,,0,
79.0,35.0,0,-453.23992067953805,,0,
80.0,35.0,0,-383.6839230021287,,0,
81.0,35.0,0,-294.03546616627136,-387.747686,1,-93.71221983372862
82.0,35.0,0,-183.987360312487,,0,
83.0,35.0,0,-56.08687862835359,,0,
84.0,35.0,0,80.86433078849223,,0,
85.0,35.0,0,210.9996974762762,277.612316,1,66.61261852372382
86.0,35.0,0,315.0293019481469,,0,
87.0,35.0,0,379.44833170453785,,0,
88.0,35.0,0,398.02435976281413,,0,
89.0,35.0,0,375.5775169438275,754.206852,1,378.6293350561725
90.0,35.0,0,322.16081243904773,,0,
91.0,35.0,0,250.02847648778697,,0,
92.0,35.0,0,176.82670583378058,,0,
93.0,35.0,0,117.76541603403166,-120.835083,1,-238.60049903403166
94.0,35.0,0,84.80962613644078,,0,
95.0,35.0,0,72.75541029480519,,0,
96.0,35.0,0,76.90586793408147,,0,
97.0,35.0,0,91.19879280932946,113.962898,1,22.764105190670534
98.0,35.0,0,104.01711745676585,,0,
99.0,35.0,0,105.30989365949063,,0,
100.0,35.0,0,88.73076525460056,,0,
101.0,35.0,0,51.07533369254088,248.217014,1,197.14168030745913
102.0,35.0,0,-10.867038808355574,,0,
103.0,35.0,0,-88.78574172308436,,0,
104.0,35.0,0,-175.95815112735727,,0,
105.0,35.0,0,-265.30552418192383,-248.511585,1,16.793939181923832
106.0,35.0,0,-348.0058948128135,,0,
107.0,35.0,0,-414.8109427291638,,0,
108.0,35.0,0,-460.3387119460094,,0,
109.0,35.0,0,-482.01166129898047,-530.716614,1,-48.70495270101958
110.0,35.0,0,-477.80469971706043,,0,
111.0,35.0,0,-446.8909539722954,,0,
112.0,35.0,0,-393.63612020621076,,0,
113.0,35.0,0,-325.9179397887783,-503.933456,1,-178.01551621122167
114.0,35.0,0,-251.22238920032396,,0,
115.0,35.0,0,-185.951417263248,,0,
116.0,35.0,0,-140.37292174831964,,0,
117.0,35.0,0,-117.81063581886701,243.646419,1,361.45705481886705
118.0,35.0,0,-118.7867473954102,,0,
119.0,35.0,0,-139.68720006174408,,0,
120.0,35.0,0,-163.8887821760145,,0,
121.0,35.0,0,-174.10726442164741,-407.327937,1,-233.2206725783526
122.0,35.0,0,-165.05544737243326,,0,
123.0,35.0,0,-148.92026390135288,,0,
124.0,35.0,0,-134.09446152215241,,0,
125.0,35.0,0,-126.4411897023092,76.824764,1,203.26595370230922
126.0,35.0,0,-132.31161538499873,,0,
127.0,35.0,0,-145.99655012768926,,0,
128.0,35.0,0,-163.28182126453612,,0,
129.0,35.0,0,-180.44528225483373,-345.818799,1,-165.37351674516628
130.0,35.0,0,-194.4299738071859,,0,
131.0,35.0,0,-210.8083180980757,,0,
132.0,35.0,0,-229.59469713666476,,0,
133.0,35.0,0,-246.17595011682715,-319.557335,1,-73.38138488317287
134.0,35.0,0,-258.0850201455178,,0,
135.0,35.0,0,-269.3845775468508,,0,
136.0,35.0,0,-283.4419655703241,,0,
137.0,35.0,0,-300.36446463363245,-276.115696,1,24.248768633632437
138.0,35.0,0,-315.8466351972893,,0,
139.0,35.0,0,-324.90874436916783,,0,
140.0,35.0,0,-324.9793310993118,,0,
141.0,35.0,0,-315.4485357941594,-392.145626,1,-76.6970902058406
142.0,35.0,0,-298.03864746005274,,0,
143.0,35.0,0,-278.7099760072306,,0,
144.0,35.0,0,-259.7417984177591,,0,
145.0,35.0,0,-238.609270097455,-380.391994,1,-141.782723902545
146.0,35.0,0,-209.04849432664923,,0,
147.0,35.0,0,-172.14742868742906,,0,
148.0,35.0,0,-127.57545074971858,,0,
149.0,35.0,0,-75.52883063501213,-81.975663,1,-6.44683236498787
150.0,35.0,0,-18.931815680116415,,0,
151.0,35.0,0,38.359895726433024,,0,
152.0,35.0,0,93.29403877677396,,0,
153.0,35.0,0,141.58646703022532,486.663784,1,345.0773169697747
154.0,35.0,0,175.33708533889148,,0,
155.0,35.0,0,205.74081018310972,,0,
156.0,35.0,0,240.0944891726831,,0,
157.0,35.0,0,283.78266358259134,272.841764,1,-10.940899582591328
158.0,35.0,0,340.6143700268585,,0,
159.0,35.0,0,410.9690113615943,,0,
160.0,35.0,0,491.3225854008924,,0,
161.0,35.0,0,574.2427057591267,716.609784,1,142.3670782408733
162.0,35.0,0,650.7919526023325,,0,
163.0,35.0,0,709.5310225882567,,0,
164.0,35.0,0,741.1492456565611,,0,
165.0,35.0,0,744.226727077039,785.433116,1,41.20638892296108
166.0,35.0,0,720.7443036024924,,0,
167.0,35.0,0,674.9649748069933,,0,
168.0,35.0,0,611.6005030989181,,0,
169.0,35.0,0,537.9056537034921,204.11796,1,-333.7876937034921
170.0,35.0,0,464.019205602468,,0,
171.0,35.0,0,380.98374951886944,,0,
172.0,35.0,0,285.49215412163176,,0,
173.0,35.0,0,180.18138744845055,-332.164282,1,-512.3456694484505
174.0,35.0,0,73.21779642626643,,0,
175.0,35.0,0,-24.98030018771533,,0,
176.0,35.0,0,-109.96167074865662,,0,
177.0,35.0,0,-177.42317811958492,-627.490375,1,-450.06719688041505
178.0,35.0,0,-216.7475720567163,,0,
179.0,35.0,0,-240.48434047680348,,0,
180.0,35.0,0,-255.3068436582107,,0,
181.0,35.0,0,-264.69689555629157,-405.170193,1,-140.47329744370842
182.0,35.0,0,-269.3237973288633,,0,
183.0,35.0,0,-274.9230284935329,,0,
184.0,35.0,0,-281.306363865966,,0,
185.0,35.0,0,-285.48399426741526,-427.22277,1,-141.73877573258477
186.0,35.0,0,-281.24917183537036,,0,
187.0,35.0,0,-269.1382323978469,,0,
188.0,35.0,0,-249.16730085178278,,0,
189.0,35.0,0,-221.6030800738372,-458.236386,1,-236.6333059261628
190.0,35.0,0,-189.4269456686452,,0,
191.0,35.0,0,-155.01830900949426,,0,
192.0,35.0,0,-117.70849366975017,,0,
193.0,35.0,0,-76.12133850483224,-351.680055,1,-275.55871649516774
194.0,35.0,0,-33.86111240112223,,0,
195.0,35.0,0,5.652100858278573,,0,
196.0,35.0,0,35.30184962856583,,0,
197.0,35.0,0,50.52042408986017,236.008321,1,185.48789691013982
198.0,35.0,0,55.3343118224293,,0,
199.0,35.0,0,55.22106420970522,,0,
0.0,36.0,0,-607.5983250858262,-536.624651,1,70.97367408582625
1.0,36.0,0,-640.0491380013991,,0,
2.0,36.0,0,-661.4967250484042,,0,
3.0,36.0,0,-669.2073729909025,,0,
4.0,36.0,0,-660.4384018224664,-692.446868,1,-32.00846617753359
5.0,36.0,0,-634.5738163390197,,0,
6.0,36.0,0,-589.9107112521306,,0,
7.0,36.0,0,-522.634653609246,,0,
8.0,36.0,0,-431.512278762646,-573.710665,1,-142.19838623735393
9.0,36.0,0,-321.42260619741865,,0,
10.0,36.0,0,-198.831716140965,,0,
11.0,36.0,0,-72.39368431037292,,0,
12.0,36.0,0,46.19110431638546,206.270598,1,160.07949368361454
13.0,36.0,0,142.12910041504074,,0,
14.0,36.0,0,210.0171857047826,,0,
15.0,36.0,0,246.31043845159002,,0,
16.0,36.0,0,248.91841449122876,362.574886,1,113.65647150877123
17.0,36.0,0,219.75488363951445,,0,
18.0,36.0,0,162.5552455270663,,0,
19.0,36.0,0,82.92010370735079,,0,
20.0,36.0,0,-10.980303030461073,-114.786115,1,-103.80581196953892
21.0,36.0,0,-110.12923180536018,,0,
22.0,36.0,0,-205.58993767411448,,0,
23.0,36.0,0,-289.9084274872439,,0,
24.0,36.0,0,-357.57860951544717,-466.926097,1,-109.34748748455286
25.0,36.0,0,-403.2825432482641,,0,
26.0,36.0,0,-429.31477047200315,,0,
27.0,36.0,0,-440.2177967559546,,0,
28.0,36.0,0,-439.8200183082372,-420.805513,1,19.014505308237176
29.0,36.0,0,-430.5997664289316,,0,
30.0,36.0,0,-415.3239497053437,,0,
31.0,36.0,0,-395.98626402090304,,0,
32.0,36.0,0,-373.9648495367728,-376.984278,1,-3.0194284632272
33.0,36.0,0,-349.82863016985357,,0,
34.0,36.0,0,-323.0610655238852,,0,
35.0,36.0,0,-291.48789416207,,0,
36.0,36.0,0,-252.94831966678612,-437.964499,1,-185.01617933321387
37.0,36.0,0,-208.9562932731933,,0,
38.0,36.0,0,-162.52792093832977,,0,
39.0,36.0,0,-119.11490840325132,,0,
40.0,36.0,0,-85.03678560303524,2.836777,1,87.87356260303524
41.0,36.0,0,-66.750584303285,,0,
42.0,36.0,0,-64.95216024876572,,0,
43.0,36.0,0,-79.47289790539071,,0,
44.0,36.0,0,-107.70770097151399,-77.05552,1,30.652180971513985
45.0,36.0,0,-145.19774572266033,,0,
46.0,36.0,0,-185.7761826675851,,0,
47.0,36.0,0,-226.25004271115176,,0,
48.0,36.0,0,-261.8589708196232,-485.093592,1,-223.2346211803768
49.0,36.0,0,-283.6254884566879,,0,
50.0,36.0,0,-293.8852151101455,,0,
51.0,36.0,0,-292.7497773759533,,0,
52.0,36.0,0,-279.96327927242965,-404.684165,1,-124.72088572757036
53.0,36.0,0,-253.65799989452353,,0,
54.0,36.0,0,-217.57272722339258,,0,
55.0,36.0,0,-173.28605008206796,,0,
56.0,36.0,0,-123.21931498264894,-195.57796,1,-72.35864501735105
57.0,36.0,0,-74.25041704042815,,0,
58.0,36.0,0,-34.5785292214714,,0,
59.0,36.0,0,-10.455394211487146,,0,
60.0,36.0,0,-5.512032116996124,148.565363,1,154.07739511699612
61.0,36.0,0,-17.607212849892676,,0,
62.0,36.0,0,-44.58089804719202,,0,
63.0,36.0,0,-86.45801941410173,,0,
64.0,36.0,0,-142.9942195416661,-137.965651,1,5.02856854166609
65.0,36.0,0,-209.27272451552562,,0,
66.0,36.0,0,-279.37147862208076,,0,
67.0,36.0,0,-349.8780178442248,,0,
68.0,36.0,0,-417.5379327137489,-412.026209,1,5.511723713748893
69.0,36.0,0,-477.99633050197735,,0,
70.0,36.0,0,-527.5214787083678,,0,
71.0,36.0,0,-563.9360884727212,,0,
72.0,36.0,0,-587.1857357092667,-530.107349,1,57.07838670926674
73.0,36.0,0,-599.1254570469027,,0,
74.0,36.0,0,-598.9284410738619,,0,
75.0,36.0,0,-587.4753481611551,,0,
76.0,36.0,0,-566.5735686510452,-304.096047,1,262.4775216510452
77.0,36.0,0,-534.8864125026157,,0,
78.0,36.0,0,-489.8918094483961,,0,
79.0,36.0,0,-428.79669840761926,,0,
80.0,36.0,0,-348.15737542218994,-409.248538,1,-61.09116257781005
81.0,36.0,0,-244.83260134060401,,0,
82.0,36.0,0,-121.60126970760757,,0,
83.0,36.0,0,16.223123962903628,,0,
84.0,36.0,0,158.61640370776877,3.585826,1,-155.03057770776877
85.0,36.0,0,287.4838189953007,,0,
86.0,36.0,0,383.1286443757417,,0,
87.0,36.0,0,430.600512515055,,0,
88.0,36.0,0,425.4213578545023,865.143946,1,439.72258814549775
89.0,36.0,0,379.58666630403604,,0,
90.0,36.0,0,309.1258576459368,,0,
91.0,36.0,0,230.79856157656468,,0,
92.0,36.0,0,161.56711558729876,-65.601056,1,-227.16817158729876
93.0,36.0,0,112.06358457158785,,0,
94.0,36.0,0,87.71923079158296,,0,
95.0,36.0,0,84.94594065268757,,0,
96.0,36.0,0,97.36828590059304,-84.4204,1,-181.78868590059304
97.0,36.0,0,119.61709737341153,,0,
98.0,36.0,0,135.57871131272987,,0,
99.0,36.0,0,132.90340305044083,,0,
100.0,36.0,0,105.39749899980961,164.886159,1,59.48866000019038
101.0,36.0,0,54.147066517034546,,0,
102.0,36.0,0,-17.30027105467161,,0,
103.0,36.0,0,-100.97133915766608,,0,
104.0,36.0,0,-188.7974602834438,-188.43921,1,0.3582502834437946
105.0,36.0,0,-274.3618146492954,,0,
106.0,36.0,0,-350.74737217018264,,0,
107.0,36.0,0,-410.7002320045722,,0,
108.0,36.0,0,-448.589974141054,-542.72636,1,-94.13638585894603
109.0,36.0,0,-461.5429833867238,,0,
110.0,36.0,0,-447.7342918495997,,0,
111.0,36.0,0,-407.05634706874844,,0,
112.0,36.0,0,-343.56855281299795,-445.754186,1,-102.18563318700205
113.0,36.0,0,-265.7771920332161,,0,
114.0,36.0,0,-185.22298639215296,,0,
115.0,36.0,0,-118.0926097726333,,0,
116.0,36.0,0,-76.6235626800335,321.705667,1,398.3292296800335
117.0,36.0,0,-61.715290844847914,,0,
118.0,36.0,0,-70.3413860287983,,0,
119.0,36.0,0,-95.61451793916058,,0,
120.0,36.0,0,-122.68421322898939,-538.513736,1,-415.8295227710106
121.0,36.0,0,-129.9167051234981,,0,
122.0,36.0,0,-122.37531738329562,,0,
123.0,36.0,0,-109.34779902652372,,0,
124.0,36.0,0,-99.63198816392105,69.097127,1,168.72911516392105
125.0,36.0,0,-99.36266755667748,,0,
126.0,36.0,0,-111.98831468075514,,0,
127.0,36.0,0,-134.59750872082077,,0,
128.0,36.0,0,-162.23809767729836,-266.953169,1,-104.71507132270165
129.0,36.0,0,-188.91863491223194,,0,
130.0,36.0,0,-215.00637321569957,,0,
131.0,36.0,0,-242.556841288344,,0,
132.0,36.0,0,-270.3977473293198,-416.006337,1,-145.60858967068015
133.0,36.0,0,-292.28142441797536,,0,
134.0,36.0,0,-309.4633470196277,,0,
135.0,36.0,0,-324.1853419886902,,0,
136.0,36.0,0,-339.0962569916155,-186.516214,1,152.58004299161553
137.0,36.0,0,-357.29316589049995,,0,
138.0,36.0,0,-372.62924005207606,,0,
139.0,36.0,0,-380.7842908448074,,0,
140.0,36.0,0,-379.5220259996131,-456.755565,1,-77.23353900038688
141.0,36.0,0,-367.1605010445928,,0,
142.0,36.0,0,-347.1066651480505,,0,
143.0,36.0,0,-323.0300481391605,,0,
144.0,36.0,0,-296.4632823469583,-470.427199,1,-173.96391665304168
145.0,36.0,0,-265.89121482218616,,0,
146.0,36.0,0,-228.5500353598036,,0,
147.0,36.0,0,-184.38473032054026,,0,
148.0,36.0,0,-133.5770558549557,-196.108344,1,-62.5312881450443
149.0,36.0,0,-75.72553742490709,,0,
150.0,36.0,0,-14.64057462720666,,0,
151.0,36.0,0,45.799640708835796,,0,
152.0,36.0,0,101.87304556602612,370.383209,1,268.5101634339739
153.0,36.0,0,150.11736061051488,,0,
154.0,36.0,0,188.34248945023865,,0,
155.0,36.0,0,222.8679140744498,,0,
156.0,36.0,0,261.503333178116,258.497636,1,-3.0056971781160087
157.0,36.0,0,310.42466141213663,,0,
158.0,36.0,0,373.952482588822,,0,
159.0,36.0,0,453.66668619192205,,0,
160.0,36.0,0,546.8688221995253,673.548848,1,126.68002580047471
161.0,36.0,0,644.4662742172368,,0,
162.0,36.0,0,737.9469979545102,,0,
163.0,36.0,0,810.3217374400701,,0,
164.0,36.0,0,845.8821860544849,1537.329998,1,691.447811945515
165.0,36.0,0,847.8947096429765,,0,
166.0,36.0,0,822.1808009285014,,0,
167.0,36.0,0,772.1193104428239,,0,
168.0,36.0,0,701.4980893987231,611.932223,1,-89.56586639872307
169.0,36.0,0,618.859092002036,,0,
170.0,36.0,0,531.149086448364,,0,
171.0,36.0,0,435.9206373812631,,0,
172.0,36.0,0,331.0143666306976,-121.797238,1,-452.8116046306976
173.0,36.0,0,219.6674490661826,,0,
174.0,36.0,0,109.57259128103033,,0,
175.0,36.0,0,10.576298717409372,,0,
176.0,36.0,0,-69.84488920331933,-525.174489,1,-455.32959979668067
177.0,36.0,0,-128.727036411874,,0,
178.0,36.0,0,-163.91994488588534,,0,
179.0,36.0,0,-182.4791697312612,,0,
180.0,36.0,0,-192.44045699876733,-478.55348,1,-286.11302300123265
181.0,36.0,0,-198.41298149246722,,0,
182.0,36.0,0,-202.65438782796264,,0,
183.0,36.0,0,-206.6537942935247,,0,
184.0,36.0,0,-208.75404430972412,-380.10328,1,-171.34923569027586
185.0,36.0,0,-207.46674813097343,,0,
186.0,36.0,0,-199.66522415052168,,0,
187.0,36.0,0,-184.2158215364907,,0,
188.0,36.0,0,-161.05504421889782,-283.221882,1,-122.16683778110217
189.0,36.0,0,-128.85121126426384,,0,
190.0,36.0,0,-92.6426061396487,,0,
191.0,36.0,0,-55.4064433244057,,0,
192.0,36.0,0,-16.733775025699288,-333.619033,1,-316.8852579743007
193.0,36.0,0,29.11673448421061,,0,
194.0,36.0,0,72.13429516134784,,0,
195.0,36.0,0,106.98384983185679,,0,
196.0,36.0,0,129.42677016928792,352.227622,1,222.80085183071208
197.0,36.0,0,133.63656424498186,,0,
198.0,36.0,0,127.27580805192702,,0,
199.0,36.0,0,116.12837929697707,,0,
0.0,37.0,0,-587.3622304047458,,0,
1.0,37.0,0,-621.9032699461095,,0,
2.0,37.0,0,-646.4403686407022,,0,
3.0,37.0,0,-657.7571681424743,-788.480629,1,-130.72346085752577
4.0,37.0,0,-650.9975097202696,,0,
5.0,37.0,0,-627.5270835431293,,0,
6.0,37.0,0,-584.7884642709978,,0,
7.0,37.0,0,-517.8431503039319,-701.457457,1,-183.61430669606807
8.0,37.0,0,-424.8215591032058,,0,
9.0,37.0,0,-314.93871896900237,,0,
10.0,37.0,0,-194.61330647184514,,0,
11.0,37.0,0,-70.81971507892013,4.047727,1,74.86744207892012
12.0,37.0,0,44.863560161786154,,0,
13.0,37.0,0,140.4108474140521,,0,
14.0,37.0,0,208.69985281885602,,0,
15.0,37.0,0,244.71516027860343,375.293924,1,130.57876372139657
16.0,37.0,0,244.38091305759735,,0,
17.0,37.0,0,211.91323977382854,,0,
18.0,37.0,0,151.80758527014405,,0,
19.0,37.0,0,71.27971211462864,33.171201,1,-38.108511114628634
20.0,37.0,0,-19.785727391950786,,0,
21.0,37.0,0,-113.06183306663297,,0,
22.0,37.0,0,-200.7239071149379,,0,
23.0,37.0,0,-276.55397933453787,-382.757425,1,-106.20344566546214
24.0,37.0,0,-335.74460608675145,,0,
25.0,37.0,0,-375.51158686866984,,0,
26.0,37.0,0,-398.231700433651,,0,
27.0,37.0,0,-408.740607945947,-351.600968,1,57.13963994594695
28.0,37.0,0,-410.08250428549945,,0,
29.0,37.0,0,-402.17661694367416,,0,
30.0,37.0,0,-386.5781464600004,,0,
31.0,37.0,0,-365.43413982423954,-406.014384,1,-40.58024417576047
32.0,37.0,0,-340.6860921573825,,0,
33.0,37.0,0,-313.68308427510783,,0,
34.0,37.0,0,-284.60506050637923,,0,
35.0,37.0,0,-251.2526307334192,-407.446934,1,-156.1943032665808
36.0,37.0,0,-208.70330018317327,,0,
37.0,37.0,0,-160.4799610876944,,0,
38.0,37.0,0,-109.6185381404357,,0,
39.0,37.0,0,-60.99138114845846,-143.616319,1,-82.62493785154155
40.0,37.0,0,-20.79040350881405,,0,
41.0,37.0,0,5.4782904903404415,,0,
42.0,37.0,0,14.651195810176432,,0,
43.0,37.0,0,5.356302441796288,144.841732,1,139.48542955820372
44.0,37.0,0,-19.056778052588925,,0,
45.0,37.0,0,-53.81112542725168,,0,
46.0,37.0,0,-94.26904550241306,,0,
47.0,37.0,0,-136.60146978485864,-373.887661,1,-237.28619121514134
48.0,37.0,0,-175.9794718902558,,0,
49.0,37.0,0,-207.08320984547026,,0,
50.0,37.0,0,-228.5824911161326,,0,
51.0,37.0,0,-239.4345880834153,-237.845079,1,1.5895090834152938
52.0,37.0,0,-239.45603608014062,,0,
53.0,37.0,0,-227.89527706685476,,0,
54.0,37.0,0,-205.21248906326946,,0,
55.0,37.0,0,-171.46094758773688,-282.144579,1,-110.68363141226314
56.0,37.0,0,-127.0920548432041,,0,
57.0,37.0,0,-80.18711229111068,,0,
58.0,37.0,0,-38.926588550093584,,0,
59.0,37.0,0,-11.32629182713572,211.018873,1,222.34516482713573
60.0,37.0,0,-3.5841096313670278,,0,
61.0,37.0,0,-9.666690609767102,,0,
62.0,37.0,0,-28.07531292689964,,0,
63.0,37.0,0,-60.56496336462442,94.019502,1,154.5844653646244
64.0,37.0,0,-110.48451065109111,,0,
65.0,37.0,0,-172.1859717387706,,0,
66.0,37.0,0,-240.65755371935666,,0,
67.0,37.0,0,-310.8349964427762,-261.837431,1,48.99756544277619
68.0,37.0,0,-378.72656913119135,,0,
69.0,37.0,0,-439.1238463255577,,0,
70.0,37.0,0,-489.0679919301765,,0,
71.0,37.0,0,-527.3687288195943,-427.142278,1,100.22645081959428
72.0,37.0,0,-553.7825201044325,,0,
73.0,37.0,0,-568.7405752197374,,0,
74.0,37.0,0,-571.8167007437441,,0,
75.0,37.0,0,-563.3809449410182,-435.971512,1,127.40943294101822
76.0,37.0,0,-546.022046019265,,0,
77.0,37.0,0,-515.1054908662336,,0,
78.0,37.0,0,-467.19948541835765,,0,
79.0,37.0,0,-399.60586614802014,-463.035939,1,-63.430072851979844
80.0,37.0,0,-309.47930092853494,,0,
81.0,37.0,0,-195.33929520426318,,0,
82.0,37.0,0,-61.03461192641407,,0,
83.0,37.0,0,84.70221659001254,-98.976752,1,-183.67896859001254
84.0,37.0,0,231.68029064545408,,0,
85.0,37.0,0,358.3885506038205,,0,
86.0,37.0,0,444.8746542525769,,0,
87.0,37.0,0,475.0091517819383,889.577249,1,414.5680972180618
88.0,37.0,0,444.4565225050319,,0,
89.0,37.0,0,376.8597848194768,,0,
90.0,37.0,0,291.63336199359037,,0,
91.0,37.0,0,207.45252847095253,-40.087006,1,-247.53953447095253
92.0,37.0,0,143.3005373639753,,0,
93.0,37.0,0,103.08061920432374,,0,
94.0,37.0,0,89.15446732197597,,0,
95.0,37.0,0,97.63969592552166,-272.542204,1,-370.1818999255217
96.0,37.0,0,120.91656184737803,,0,
97.0,37.0,0,149.17643478504033,,0,
98.0,37.0,0,166.71302374321385,,0,
99.0,37.0,0,158.58404491405236,354.463651,1,195.87960608594767
100.0,37.0,0,118.33549473127641,,0,
101.0,37.0,0,54.2720628399984,,0,
102.0,37.0,0,-25.894637343124487,,0,
103.0,37.0,0,-113.41510161809856,-162.865852,1,-49.45075038190143
104.0,37.0,0,-200.07966343671433,,0,
105.0,37.0,0,-281.1352356102143,,0,
106.0,37.0,0,-351.2291644707002,,0,
107.0,37.0,0,-404.4929413224454,-460.286773,1,-55.79383167755458
108.0,37.0,0,-434.9089557004627,,0,
109.0,37.0,0,-440.21860610257136,,0,
110.0,37.0,0,-418.173245797283,,0,
111.0,37.0,0,-368.1627953455318,-425.122359,1,-56.95956365446824
112.0,37.0,0,-294.0854036428791,,0,
113.0,37.0,0,-206.7291741874651,,0,
114.0,37.0,0,-120.13268791181326,,0,
115.0,37.0,0,-51.250329230271745,246.490291,1,297.74062023027176
116.0,37.0,0,-14.584394173172768,,0,
117.0,37.0,0,-5.279083961213473,,0,
118.0,37.0,0,-18.70703878812492,,0,
119.0,37.0,0,-45.570679680793546,-304.517491,1,-258.94681131920646
120.0,37.0,0,-70.9020422747999,,0,
121.0,37.0,0,-81.48750110913534,,0,
122.0,37.0,0,-78.74890542106004,,0,
123.0,37.0,0,-70.99309411586728,-10.280429,1,60.71266511586728
124.0,37.0,0,-67.87972415110562,,0,
125.0,37.0,0,-74.4257940138923,,0,
126.0,37.0,0,-92.97206794621889,,0,
127.0,37.0,0,-121.3496342493454,-101.931554,1,19.418080249345394
128.0,37.0,0,-155.01611249090638,,0,
129.0,37.0,0,-190.21801942761522,,0,
130.0,37.0,0,-226.5827099538874,,0,
131.0,37.0,0,-264.1631149057066,-377.572685,1,-113.40957009429337
132.0,37.0,0,-300.51740462786984,,0,
133.0,37.0,0,-331.54912293772213,,0,
134.0,37.0,0,-356.5880893475842,,0,
135.0,37.0,0,-377.3539630686864,-451.133211,1,-73.77924793131359
136.0,37.0,0,-396.2727336217649,,0,
137.0,37.0,0,-414.42908780288417,,0,
138.0,37.0,0,-428.13151450431906,,0,
139.0,37.0,0,-433.1713905141223,-451.890087,1,-18.718696485877672
140.0,37.0,0,-427.96525053633377,,0,
141.0,37.0,0,-412.7455871535931,,0,
142.0,37.0,0,-390.03808852203656,,0,
143.0,37.0,0,-362.0849738488905,-367.385306,1,-5.300332151109501
144.0,37.0,0,-329.6478924462572,,0,
145.0,37.0,0,-292.55170209379867,,0,
146.0,37.0,0,-250.01993153139483,,0,
147.0,37.0,0,-201.5473512134049,-385.755681,1,-184.20832978659507
148.0,37.0,0,-147.0396199519746,,0,
149.0,37.0,0,-87.37175685272086,,0,
150.0,37.0,0,-25.597084962180816,,0,
151.0,37.0,0,34.469085089396685,109.412543,1,74.94345791060331
152.0,37.0,0,88.26796776696574,,0,
153.0,37.0,0,135.32490422041155,,0,
154.0,37.0,0,175.87786006636452,,0,
155.0,37.0,0,213.56935409083962,317.057113,1,103.48775890916039
156.0,37.0,0,254.90428783302195,,0,
157.0,37.0,0,306.2694481909275,,0,
158.0,37.0,0,372.71974451188,,0,
159.0,37.0,0,457.0076731177978,657.886577,1,200.87890388220217
160.0,37.0,0,558.1138346833177,,0,
161.0,37.0,0,670.0307782536838,,0,
162.0,37.0,0,781.4533976358362,,0,
163.0,37.0,0,871.8802911669482,1643.280504,1,771.4002128330519
164.0,37.0,0,914.0491901845671,,0,
165.0,37.0,0,922.1684208402876,,0,
166.0,37.0,0,901.4664105540141,,0,
167.0,37.0,0,855.040482792072,1024.967199,1,169.92671620792794
168.0,37.0,0,784.5459657541942,,0,
169.0,37.0,0,699.8840785899665,,0,
170.0,37.0,0,606.4219411225058,,0,
171.0,37.0,0,504.97741699707694,533.336884,1,28.35946700292311
172.0,37.0,0,395.39096608478576,,0,
173.0,37.0,0,281.70766134443693,,0,
174.0,37.0,0,171.53476721583866,,0,
175.0,37.0,0,75.15801335219294,-166.107671,1,-241.26568435219295
176.0,37.0,0,2.91371483146213,,0,
177.0,37.0,0,-48.23594669159502,,0,
178.0,37.0,0,-79.19894594117068,,0,
179.0,37.0,0,-93.76430685305968,-418.626019,1,-324.8617121469403
180.0,37.0,0,-99.44860126264393,,0,
181.0,37.0,0,-102.34261521231383,,0,
182.0,37.0,0,-105.75540906726383,,0,
183.0,37.0,0,-109.53940573288128,-308.83103,1,-199.29162426711872
184.0,37.0,0,-108.26783493859693,,0,
185.0,37.0,0,-104.19315664609894,,0,
186.0,37.0,0,-94.6657630673144,,0,
187.0,37.0,0,-76.23227023938671,-73.389442,1,2.842828239386705
188.0,37.0,0,-49.06214335048571,,0,
189.0,37.0,0,-13.911468252539635,,0,
190.0,37.0,0,26.259349587373435,,0,
191.0,37.0,0,68.20034824032336,-166.050596,1,-234.25094424032338
192.0,37.0,0,110.70568134263158,,0,
193.0,37.0,0,153.70539851579815,,0,
194.0,37.0,0,190.52456308761612,,0,
195.0,37.0,0,214.45328441495076,439.073607,1,224.62032258504922
196.0,37.0,0,223.79782760655507,,0,
197.0,37.0,0,217.69684351445176,,0,
198.0,37.0,0,200.35830981191248,,0,
199.0,37.0,0,178.0420473641716,129.05934,1,-48.9827073641716
0.0,38.0,0,-549.8425795158837,,0,
1.0,38.0,0,-584.9211915694177,,0,
2.0,38.0,0,-610.1446443540044,-693.659574,1,-83.51492964599561
3.0,38.0,0,-622.1963577092392,,0,
4.0,38.0,0,-618.1354986773804,,0,
5.0,38.0,0,-597.5677214583848,,0,
6.0,38.0,0,-557.8713091774844,-788.577151,1,-230.7058418225156
7.0,38.0,0,-491.16351525927894,,0,
8.0,38.0,0,-402.30486572976224,,0,
9.0,38.0,0,-298.25395463919267,,0,
10.0,38.0,0,-185.12786252517253,-301.722892,1,-116.59502947482747
11.0,38.0,0,-67.55955648247618,,0,
12.0,38.0,0,42.58673542109318,,0,
13.0,38.0,0,134.92178409546614,,0,
14.0,38.0,0,201.34872032492422,266.949605,1,65.6008846750758
15.0,38.0,0,234.77383085829206,,0,
16.0,38.0,0,233.73072006739676,,0,
17.0,38.0,0,200.11911595007405,,0,
18.0,38.0,0,137.9875203894917,242.387796,1,104.40027561050832
19.0,38.0,0,56.81319975061342,,0,
20.0,38.0,0,-32.48592442111112,,0,
21.0,38.0,0,-120.69449227885343,,0,
22.0,38.0,0,-200.69317802763544,-180.980207,1,19.712971027635433
23.0,38.0,0,-267.96868716017343,,0,
24.0,38.0,0,-319.43876275862567,,0,
25.0,38.0,0,-353.89185247244313,,0,
26.0,38.0,0,-373.58252410497516,-241.979423,1,131.60310110497517
27.0,38.0,0,-384.52599539700896,,0,
28.0,38.0,0,-386.0623592734337,,0,
29.0,38.0,0,-377.7854550546035,,0,
30.0,38.0,0,-360.3749966074247,-459.181746,1,-98.80674939257528
31.0,38.0,0,-336.0909437460359,,0,
32.0,38.0,0,-307.2806136608124,,0,
33.0,38.0,0,-275.8541132626124,,0,
34.0,38.0,0,-242.68204448581673,-344.649181,1,-101.96713651418327
35.0,38.0,0,-205.46207747526933,,0,
36.0,38.0,0,-161.56054311804473,,0,
37.0,38.0,0,-111.55077785602771,,0,
38.0,38.0,0,-57.24123580183368,-215.828422,1,-158.5871861981663
39.0,38.0,0,-4.238870268687606,,0,
40.0,38.0,0,41.35253107920289,,0,
41.0,38.0,0,74.78313442366198,,0,
42.0,38.0,0,91.99483474902809,256.005983,1,164.01114825097193
43.0,38.0,0,88.27082307307865,,0,
44.0,38.0,0,68.99392220913433,,0,
45.0,38.0,0,38.624971773824655,,0,
46.0,38.0,0,0.9522390367928892,-232.765981,1,-233.7182200367929
47.0,38.0,0,-40.80406153551303,,0,
48.0,38.0,0,-83.1237537158886,,0,
49.0,38.0,0,-122.45996403018944,,0,
50.0,38.0,0,-155.951114280615,-282.667237,1,-126.716122719385
51.0,38.0,0,-179.49959495972143,,0,
52.0,38.0,0,-194.59893091209233,,0,
53.0,38.0,0,-200.0672040869249,,0,
54.0,38.0,0,-193.73655191622674,-253.168275,1,-59.43172308377325
55.0,38.0,0,-172.88090643216856,,0,
56.0,38.0,0,-139.577586944215,,0,
57.0,38.0,0,-99.6718847642187,,0,
58.0,38.0,0,-61.291856980999,111.99127,1,173.283126980999
59.0,38.0,0,-35.29487234991393,,0,
60.0,38.0,0,-22.404544878692832,,0,
61.0,38.0,0,-20.61965638108086,,0,
62.0,38.0,0,-29.72341410384979,9.230123,1,38.95353710384979
63.0,38.0,0,-52.95540823583724,,0,
64.0,38.0,0,-92.25450090807863,,0,
65.0,38.0,0,-146.52423630584963,,0,
66.0,38.0,0,-212.0127388864057,-93.668721,1,118.34401788640571
67.0,38.0,0,-280.67962178448215,,0,
68.0,38.0,0,-346.0185677539557,,0,
69.0,38.0,0,-403.7117777716485,,0,
70.0,38.0,0,-451.6100644765538,-421.000978,1,30.60908647655384
71.0,38.0,0,-489.6147964526899,,0,
72.0,38.0,0,-517.0329616749659,,0,
73.0,38.0,0,-533.915960480459,,0,
74.0,38.0,0,-540.2214457235532,-562.265714,1,-22.044268276446815
75.0,38.0,0,-535.6786787045276,,0,
76.0,38.0,0,-520.1364485097583,,0,
77.0,38.0,0,-489.40266135003185,,0,
78.0,38.0,0,-439.0957433084841,-521.565276,1,-82.46953269151595
79.0,38.0,0,-366.851698830229,,0,
80.0,38.0,0,-270.17079324868973,,0,
81.0,38.0,0,-147.3506766348146,,0,
82.0,38.0,0,-2.265448075486347,-277.022313,1,-274.75686492451365
83.0,38.0,0,151.8355176949408,,0,
84.0,38.0,0,298.0377083523199,,0,
85.0,38.0,0,416.6746546019567,,0,
86.0,38.0,0,489.4912922788062,998.949621,1,509.45832872119377
87.0,38.0,0,495.7233949370857,,0,
88.0,38.0,0,447.7627690277295,,0,
89.0,38.0,0,365.98567625076976,,0,
90.0,38.0,0,271.920200606226,165.783498,1,-106.13670260622598
91.0,38.0,0,187.10062748147175,,0,
92.0,38.0,0,124.54796337042353,,0,
93.0,38.0,0,90.76266329793725,,0,
94.0,38.0,0,87.80022474954603,-299.188174,1,-386.98839874954604
95.0,38.0,0,108.32020020281198,,0,
96.0,38.0,0,141.5286984499544,,0,
97.0,38.0,0,174.99291850521695,,0,
98.0,38.0,0,192.63292246572382,485.665283,1,293.03236053427617
99.0,38.0,0,175.44568073694245,,0,
100.0,38.0,0,125.59618246396712,,0,
101.0,38.0,0,51.50446188641945,,0,
102.0,38.0,0,-36.09595516481204,-96.427644,1,-60.33168883518796
103.0,38.0,0,-125.86776179249864,,0,
104.0,38.0,0,-211.16140115159214,,0,
105.0,38.0,0,-287.4881994271418,,0,
106.0,38.0,0,-351.0285052674444,-317.0875,1,33.94100526744444
107.0,38.0,0,-397.2405355053488,,0,
108.0,38.0,0,-421.5699969008274,,0,
109.0,38.0,0,-420.8339451428619,,0,
110.0,38.0,0,-392.2419991592178,-479.173639,1,-86.93163984078217
111.0,38.0,0,-333.7138934102841,,0,
112.0,38.0,0,-251.780505982053,,0,
113.0,38.0,0,-157.67465032084147,,0,
114.0,38.0,0,-66.95956307454617,160.802792,1,227.76235507454618
115.0,38.0,0,0.10975469858385623,,0,
116.0,38.0,0,37.80664221878396,,0,
117.0,38.0,0,46.65034830075456,,0,
118.0,38.0,0,30.699715566297527,78.946262,1,48.24654643370248
119.0,38.0,0,2.539443293469958,,0,
120.0,38.0,0,-22.966936567710945,,0,
121.0,38.0,0,-36.39026146545075,,0,
122.0,38.0,0,-38.610253268503584,-63.352492,1,-24.742238731496414
123.0,38.0,0,-36.52335858321749,,0,
124.0,38.0,0,-38.57930155657232,,0,
125.0,38.0,0,-50.31151979090646,,0,
126.0,38.0,0,-74.15492254530545,209.668409,1,283.82333154530545
127.0,38.0,0,-106.8243403394008,,0,
128.0,38.0,0,-144.3213072772487,,0,
129.0,38.0,0,-184.94089825917035,,0,
130.0,38.0,0,-228.71735090971924,-316.451248,1,-87.73389709028078
131.0,38.0,0,-274.55176728894,,0,
132.0,38.0,0,-319.8255183635629,,0,
133.0,38.0,0,-360.8047364577651,,0,
134.0,38.0,0,-394.7111240394879,-548.807537,1,-154.0964129605121
135.0,38.0,0,-422.7031122792978,,0,
136.0,38.0,0,-446.302379209199,,0,
137.0,38.0,0,-465.6133194821887,,0,
138.0,38.0,0,-478.30739054788137,-539.397372,1,-61.08998145211865
139.0,38.0,0,-480.21495123859495,,0,
140.0,38.0,0,-471.26872165419627,,0,
141.0,38.0,0,-452.9953985562315,,0,
142.0,38.0,0,-428.1572326038731,-382.607761,1,45.549471603873144
143.0,38.0,0,-397.507799416082,,0,
144.0,38.0,0,-361.2499668627279,,0,
145.0,38.0,0,-320.14067005435936,,0,
146.0,38.0,0,-274.83994758699555,-501.627721,1,-226.78777341300446
147.0,38.0,0,-224.41729942779057,,0,
148.0,38.0,0,-168.71970854245592,,0,
149.0,38.0,0,-109.50579879287397,,0,
150.0,38.0,0,-50.015310634044,-64.382337,1,-14.367026365956008
151.0,38.0,0,6.516982349799946,,0,
152.0,38.0,0,57.45690864417702,,0,
153.0,38.0,0,102.63637063559145,,0,
154.0,38.0,0,143.2993548847735,192.62295,1,49.32359511522651
155.0,38.0,0,181.46501229517162,,0,
156.0,38.0,0,222.6856764422264,,0,
157.0,38.0,0,272.59495353058446,,0,
158.0,38.0,0,336.8602037108503,443.890781,1,107.03057728914968
159.0,38.0,0,419.2860490346793,,0,
160.0,38.0,0,521.6092414685991,,0,
161.0,38.0,0,640.6138038712088,,0,
162.0,38.0,0,762.9086507402826,1029.284353,1,266.3757022597174
163.0,38.0,0,862.2586887129582,,0,
164.0,38.0,0,925.5029940193053,,0,
165.0,38.0,0,952.1293308882741,,0,
166.0,38.0,0,943.4737916081212,1685.667824,1,742.1940323918789
167.0,38.0,0,905.8926984234713,,0,
168.0,38.0,0,844.9340319961775,,0,
169.0,38.0,0,766.8533610943705,,0,
170.0,38.0,0,676.3454627282917,1003.470911,1,327.12544827170825
171.0,38.0,0,576.3682381908875,,0,
172.0,38.0,0,469.0782028187532,,0,
173.0,38.0,0,358.72966987802647,,0,
174.0,38.0,0,253.55281180585735,121.342562,1,-132.21024980585736
175.0,38.0,0,165.81678158417344,,0,
176.0,38.0,0,99.65094237867743,,0,
177.0,38.0,0,54.1552518629469,,0,
178.0,38.0,0,27.498702645068988,-83.229452,1,-110.72815464506898
179.0,38.0,0,17.765812349971384,,0,
180.0,38.0,0,16.447098154341802,,0,
181.0,38.0,0,17.19674457574729,,0,
182.0,38.0,0,16.42918998328969,-89.737349,1,-106.16653898328968
183.0,38.0,0,15.076290502212942,,0,
184.0,38.0,0,15.960148073034361,,0,
185.0,38.0,0,19.388947207015008,,0,
186.0,38.0,0,27.97653363738209,-145.612339,1,-173.58887263738208
187.0,38.0,0,48.09417581604794,,0,
188.0,38.0,0,77.03815574804321,,0,
189.0,38.0,0,113.93046723050065,,0,
190.0,38.0,0,157.2251554906834,115.848864,1,-41.376291490683386
191.0,38.0,0,202.76007389184088,,0,
192.0,38.0,0,245.07877781870775,,0,
193.0,38.0,0,281.1651873840019,,0,
194.0,38.0,0,307.19426899030805,530.54232,1,223.34805100969197
195.0,38.0,0,316.002960992977,,0,
196.0,38.0,0,311.6952031333931,,0,
197.0,38.0,0,294.96274383645505,,0,
198.0,38.0,0,267.19824336632155,613.557916,1,346.35967263367843
199.0,38.0,0,235.1899029649794,,0,
0.0,39.0,0,-494.72870000917464,,0,
1.0,39.0,0,-528.8464154996909,-553.379658,1,-24.53324250030903
2.0,39.0,0,-553.1238520871848,,0,
3.0,39.0,0,-564.7648070071009,,0,
4.0,39.0,0,-561.414561690297,,0,
5.0,39.0,0,-541.9318242680747,-658.440099,1,-116.50827473192533
6.0,39.0,0,-503.6555364120286,,0,
7.0,39.0,0,-443.0508766574785,,0,
8.0,39.0,0,-362.6530144813005,,0,
9.0,39.0,0,-268.03484906442463,-533.523441,1,-265.4885919355754
10.0,39.0,0,-164.51857880176976,,0,
11.0,39.0,0,-57.64995745103806,,0,
12.0,39.0,0,43.5990047538653,,0,
13.0,39.0,0,129.1958535616286,99.364607,1,-29.831246561628603
14.0,39.0,0,190.31493648979813,,0,
15.0,39.0,0,220.47866874583997,,0,
16.0,39.0,0,217.83166860509664,,0,
17.0,39.0,0,183.8164831912145,367.131119,1,183.3146358087855
18.0,39.0,0,119.82538341428153,,0,
19.0,39.0,0,38.3031117010396,,0,
20.0,39.0,0,-49.34396568662487,,0,
21.0,39.0,0,-133.0281540809665,-182.391574,1,-49.363419919033504
22.0,39.0,0,-206.10934204724617,,0,
23.0,39.0,0,-266.24086557282135,,0,
24.0,39.0,0,-311.7279003858566,,0,
25.0,39.0,0,-342.56532328855246,-282.848982,1,59.716341288552485
26.0,39.0,0,-360.94167256355286,,0,
27.0,39.0,0,-370.09851938154316,,0,
28.0,39.0,0,-370.24440647743177,,0,
29.0,39.0,0,-360.29762998758815,-396.508781,1,-36.21115101241185
30.0,39.0,0,-339.77117660664953,,0,
31.0,39.0,0,-311.4896121302154,,0,
32.0,39.0,0,-278.0138167864643,,0,
33.0,39.0,0,-241.02625988423824,-155.638654,1,85.38760588423824
34.0,39.0,0,-202.72191148460843,,0,
35.0,39.0,0,-160.9404921271198,,0,
36.0,39.0,0,-114.95773395919241,,0,
37.0,39.0,0,-64.31063767988235,-225.620654,1,-161.31001632011765
38.0,39.0,0,-7.291124448413029,,0,
39.0,39.0,0,48.582144463667646,,0,
40.0,39.0,0,97.69999641994946,,0,
41.0,39.0,0,135.68158160615712,254.189281,1,118.50769939384287
42.0,39.0,0,158.15288362512365,,0,
43.0,39.0,0,162.0060451097088,,0,
44.0,39.0,0,149.47869200422429,,0,
45.0,39.0,0,124.75428602984175,112.110772,1,-12.643514029841754
46.0,39.0,0,91.49577251332812,,0,
47.0,39.0,0,51.71229271485936,,0,
48.0,39.0,0,7.629334757570177,,0,
49.0,39.0,0,-37.496905425563455,-149.148354,1,-111.65144857443656
50.0,39.0,0,-80.29950583633035,,0,
51.0,39.0,0,-118.26890688971616,,0,
52.0,39.0,0,-150.58905766473617,,0,
53.0,39.0,0,-174.51350272027776,-64.386221,1,110.12728172027775
54.0,39.0,0,-185.84311934490688,,0,
55.0,39.0,0,-181.44034868199378,,0,
56.0,39.0,0,-162.34223505924456,,0,
57.0,39.0,0,-133.7137735618744,-90.90407,1,42.8097035618744
58.0,39.0,0,-103.14670495444443,,0,
59.0,39.0,0,-77.78216086351313,,0,
60.0,39.0,0,-59.82848994247615,,0,
61.0,39.0,0,-50.00311306142248,-42.874084,1,7.129029061422479
62.0,39.0,0,-49.98129345255438,,0,
63.0,39.0,0,-62.52823166619055,,0,
64.0,39.0,0,-90.56315376691055,,0,
65.0,39.0,0,-136.09671888500452,88.540592,1,224.63731088500452
66.0,39.0,0,-197.57602753024548,,0,
67.0,39.0,0,-261.6993190848443,,0,
68.0,39.0,0,-321.2858221697388,,0,
69.0,39.0,0,-373.1814192283782,-314.73466,1,58.4467592283782
70.0,39.0,0,-416.29674440447707,,0,
71.0,39.0,0,-450.68474139639875,,0,
72.0,39.0,0,-476.3314365125261,,0,
73.0,39.0,0,-493.2255413457751,-548.60049,1,-55.37494865422491
74.0,39.0,0,-501.4848112829495,,0,
75.0,39.0,0,-500.2077439597924,,0,
76.0,39.0,0,-486.80139010981657,,0,
77.0,39.0,0,-456.4696905692108,-526.952996,1,-70.48330543078919
78.0,39.0,0,-404.36334699045983,,0,
79.0,39.0,0,-329.58930612829863,,0,
80.0,39.0,0,-229.26138472929597,,0,
81.0,39.0,0,-100.60392107849475,-340.396524,1,-239.79260292150525
82.0,39.0,0,53.27991306706099,,0,
83.0,39.0,0,211.895849497756,,0,
84.0,39.0,0,353.376778811391,,0,
85.0,39.0,0,455.6331375137088,1029.974526,1,574.3413884862912
86.0,39.0,0,505.769910695235,,0,
87.0,39.0,0,496.2289972474391,,0,
88.0,39.0,0,436.52414398407564,,0,
89.0,39.0,0,346.95888315164484,371.594136,1,24.63525284835515
90.0,39.0,0,249.95374105888186,,0,
91.0,39.0,0,165.51481052150484,,0,
92.0,39.0,0,106.07811228540959,,0,
93.0,39.0,0,77.6818578162929,-216.824286,1,-294.50614381629293
94.0,39.0,0,85.52131017233478,,0,
95.0,39.0,0,116.3502774155786,,0,
96.0,39.0,0,157.3476369213313,,0,
97.0,39.0,0,193.66406525249477,366.544565,1,172.8804997475052
98.0,39.0,0,207.91210334852803,,0,
99.0,39.0,0,185.95550938183442,,0,
100.0,39.0,0,128.23547268623952,,0,
101.0,39.0,0,45.51288094819756,12.626755,1,-32.88612594819756
102.0,39.0,0,-48.302129518124275,,0,
103.0,39.0,0,-140.77909593423828,,0,
104.0,39.0,0,-224.37721310154302,,0,
105.0,39.0,0,-295.5305129646731,-274.336347,1,21.194165964673118
106.0,39.0,0,-352.38056708604563,,0,
107.0,39.0,0,-391.95536162907956,,0,
108.0,39.0,0,-410.93589564677677,,0,
109.0,39.0,0,-405.3456930719549,-437.869992,1,-32.52429892804514
110.0,39.0,0,-371.28654905199073,,0,
111.0,39.0,0,-307.58447137422627,,0,
112.0,39.0,0,-220.44494879289414,,0,
113.0,39.0,0,-122.91895219276194,-101.814177,1,21.104775192761934
114.0,39.0,0,-31.892589100287296,,0,
115.0,39.0,0,36.77624298771843,,0,
116.0,39.0,0,76.7488030063978,,0,
117.0,39.0,0,87.85164799081394,373.189577,1,285.33792900918604
118.0,39.0,0,69.96742618369171,,0,
119.0,39.0,0,40.225184846669436,,0,
120.0,39.0,0,13.649466477509122,,0,
121.0,39.0,0,-0.20526254689320922,-235.037922,1,-234.8326594531068
122.0,39.0,0,-4.565702063031495,,0,
123.0,39.0,0,-7.0007775306585245,,0,
124.0,39.0,0,-13.985201642964967,,0,
125.0,39.0,0,-29.792076915560756,143.778213,1,173.57028991556075
126.0,39.0,0,-58.362325342022814,,0,
127.0,39.0,0,-93.46499683149159,,0,
128.0,39.0,0,-131.95487259380752,,0,
129.0,39.0,0,-174.0257221335778,-120.553274,1,53.4724481335778
130.0,39.0,0,-221.61230681097368,,0,
131.0,39.0,0,-272.8683410937665,,0,
132.0,39.0,0,-325.283086465206,,0,
133.0,39.0,0,-375.59131625975715,-530.651386,1,-155.06006974024285
134.0,39.0,0,-418.08818316925317,,0,
135.0,39.0,0,-454.13324752578046,,0,
136.0,39.0,0,-483.1413800706505,,0,
137.0,39.0,0,-504.90982861234806,-845.288068,1,-340.3782393876519
138.0,39.0,0,-518.1169401116204,,0,
139.0,39.0,0,-519.9274226373527,,0,
140.0,39.0,0,-509.4384990851395,,0,
141.0,39.0,0,-488.8879250145401,-381.433572,1,107.45435301454006
142.0,39.0,0,-463.0927084820578,,0,
143.0,39.0,0,-431.09539188537747,,0,
144.0,39.0,0,-392.9920524469926,,0,
145.0,39.0,0,-349.882173132617,-256.998433,1,92.88374013261705
146.0,39.0,0,-304.1112921035383,,0,
147.0,39.0,0,-253.5006566370139,,0,
148.0,39.0,0,-198.1726415011799,,0,
149.0,39.0,0,-140.45915489422623,-101.990222,1,38.46893289422623
150.0,39.0,0,-84.38712553982623,,0,
151.0,39.0,0,-32.14799024630338,,0,
152.0,39.0,0,14.691625073319301,,0,
153.0,39.0,0,56.34542825398967,-121.428521,1,-177.77394925398966
154.0,39.0,0,94.50273077655584,,0,
155.0,39.0,0,131.56825276953168,,0,
156.0,39.0,0,170.5980358265806,,0,
157.0,39.0,0,215.32720579952002,155.490332,1,-59.83687379952002
158.0,39.0,0,272.50071878987364,,0,
159.0,39.0,0,346.11382182640955,,0,
160.0,39.0,0,441.12735131557565,,0,
161.0,39.0,0,558.4421430781949,520.624394,1,-37.81774907819488
162.0,39.0,0,682.8512476003962,,0,
163.0,39.0,0,793.9846341321245,,0,
164.0,39.0,0,879.070166565245,,0,
165.0,39.0,0,930.0824151004199,1365.053674,1,434.9712588995801
166.0,39.0,0,938.9603901710361,,0,
167.0,39.0,0,918.5336947480682,,0,
168.0,39.0,0,874.2189429787686,,0,
169.0,39.0,0,810.3299914579839,866.291826,1,55.96183454201616
170.0,39.0,0,730.4430490261875,,0,
171.0,39.0,0,639.7205868398305,,0,
172.0,39.0,0,541.5670692112762,,0,
173.0,39.0,0,440.32819287956227,429.259389,1,-11.068803879562267
174.0,39.0,0,345.3898303899914,,0,
175.0,39.0,0,266.4098650640808,,0,
176.0,39.0,0,207.32018375396729,,0,
177.0,39.0,0,168.094750626944,138.395854,1,-29.69889662694399
178.0,39.0,0,147.62370428070426,,0,
179.0,39.0,0,141.87908191001043,,0,
180.0,39.0,0,144.32175892870873,,0,
181.0,39.0,0,148.98937767907046,218.526864,1,69.53748632092953
182.0,39.0,0,151.23271972639486,,0,
183.0,39.0,0,151.97346233017743,,0,
184.0,39.0,0,152.47860126872547,,0,
185.0,39.0,0,154.56487468769774,-62.374858,1,-216.93973268769776
186.0,39.0,0,162.18890707497485,,0,
187.0,39.0,0,179.5255720433779,,0,
188.0,39.0,0,206.65270244865678,,0,
189.0,39.0,0,242.9593812506646,132.067428,1,-110.89195325066459
190.0,39.0,0,288.12872105371207,,0,
191.0,39.0,0,333.64687557984143,,0,
192.0,39.0,0,370.8366052377969,,0,
193.0,39.0,0,394.5479152193293,543.868113,1,149.3201977806707
194.0,39.0,0,404.2656135526486,,0,
195.0,39.0,0,399.31928571499884,,0,
196.0,39.0,0,382.7962093045935,,0,
197.0,39.0,0,356.7850586422719,586.754516,1,229.96945735772806
198.0,39.0,0,319.4108756366186,,0,
199.0,39.0,0,280.10945895593613,,0,
0.0,40.0,0,-422.54779207496904,-300.158539,1,122.38925307496902
1.0,40.0,0,-454.1172783160582,,0,
2.0,40.0,0,-476.90138265676796,,0,
3.0,40.0,0,-487.5441684364341,,0,
4.0,40.0,0,-483.4738893446047,-552.567673,1,-69.09378365539533
5.0,40.0,0,-464.74244033452123,,0,
6.0,40.0,0,-430.26066330377944,,0,
7.0,40.0,0,-377.9926911960356,,0,
8.0,40.0,0,-308.3741680793464,-529.798624,1,-221.4244559206536
9.0,40.0,0,-225.5197996054776,,0,
10.0,40.0,0,-134.51747872959822,,0,
11.0,40.0,0,-40.51746453647502,,0,
12.0,40.0,0,49.73999867460225,-16.830683,1,-66.57068167460224
13.0,40.0,0,126.1897089080885,,0,
14.0,40.0,0,179.87932961480692,,0,
15.0,40.0,0,204.4716361828614,,0,
16.0,40.0,0,196.9817930343561,428.97902,1,231.9972269656439
17.0,40.0,0,159.54357429314405,,0,
18.0,40.0,0,96.4277192670852,,0,
19.0,40.0,0,16.67138346459251,,0,
20.0,40.0,0,-68.69169341749512,-202.125448,1,-133.4337545825049
21.0,40.0,0,-147.541876111296,,0,
22.0,40.0,0,-215.93687775591388,,0,
23.0,40.0,0,-271.1245818042662,,0,
24.0,40.0,0,-312.37805535504594,-296.950198,1,15.427857355045944
25.0,40.0,0,-340.77751417830586,,0,
26.0,40.0,0,-357.7096702205017,,0,
27.0,40.0,0,-365.1340864977683,,0,
28.0,40.0,0,-363.64229932706803,-298.042735,1,65.59956432706804
29.0,40.0,0,-351.3307374762371,,0,
30.0,40.0,0,-327.55761365266517,,0,
31.0,40.0,0,-295.1622579374816,,0,
32.0,40.0,0,-257.8077844895888,-106.93191,1,150.8758744895888
33.0,40.0,0,-216.16217342950404,,0,
34.0,40.0,0,-170.90773516567424,,0,
35.0,40.0,0,-122.69815129064955,,0,
36.0,40.0,0,-72.53630214021541,-127.353834,1,-54.817531859784594
37.0,40.0,0,-19.117898407625034,,0,
38.0,40.0,0,37.93026246142108,,0,
39.0,40.0,0,94.12023700587451,,0,
40.0,40.0,0,144.46617647144012,226.191295,1,81.72511852855988
41.0,40.0,0,185.02286016196012,,0,
42.0,40.0,0,211.92620134586468,,0,
43.0,40.0,0,222.18445534055354,,0,
44.0,40.0,0,215.9360799912829,359.000621,1,143.06454100871713
45.0,40.0,0,196.99957015668042,,0,
46.0,40.0,0,168.66228082031012,,0,
47.0,40.0,0,131.76327687280718,,0,
48.0,40.0,0,86.65535493055359,169.44252,1,82.78716506944642
49.0,40.0,0,37.342244470026344,,0,
50.0,40.0,0,-13.160494358278811,,0,
51.0,40.0,0,-64.09793346305378,,0,
52.0,40.0,0,-113.91886723623611,74.739001,1,188.6578682362361
53.0,40.0,0,-156.80747872183565,,0,
54.0,40.0,0,-186.68667003023438,,0,
55.0,40.0,0,-199.44364710268565,,0,
56.0,40.0,0,-194.82269425899722,-253.741038,1,-58.918343741002786
57.0,40.0,0,-178.02167694200762,,0,
58.0,40.0,0,-155.45262049208395,,0,
59.0,40.0,0,-131.76172683601908,,0,
60.0,40.0,0,-109.66856253909646,-155.470372,1,-45.80180946090354
61.0,40.0,0,-92.88808175059967,,0,
62.0,40.0,0,-84.76142515568063,,0,
63.0,40.0,0,-88.11639146553352,,0,
64.0,40.0,0,-106.61398617457598,134.17839,1,240.792376174576
65.0,40.0,0,-146.5110895189573,,0,
66.0,40.0,0,-199.15412752865814,,0,
67.0,40.0,0,-253.7982258112752,,0,
68.0,40.0,0,-303.43579980602954,-229.894259,1,73.54154080602953
69.0,40.0,0,-345.98746209335513,,0,
70.0,40.0,0,-380.93738255498465,,0,
71.0,40.0,0,-408.5287897118833,,0,
72.0,40.0,0,-429.6426566821756,-465.639014,1,-35.99635731782439
73.0,40.0,0,-444.36868639395107,,0,
74.0,40.0,0,-453.19860243145376,,0,
75.0,40.0,0,-454.2144595559803,,0,
76.0,40.0,0,-443.028119235998,-512.709245,1,-69.68112576400199
77.0,40.0,0,-412.8062928362342,,0,
78.0,40.0,0,-360.58676134829875,,0,
79.0,40.0,0,-284.8318375116214,,0,
80.0,40.0,0,-182.90260705468245,-442.332976,1,-259.4303689453175
81.0,40.0,0,-49.05756347152055,,0,
82.0,40.0,0,104.86730285763042,,0,
83.0,40.0,0,260.34872914175503,,0,
84.0,40.0,0,393.942984766094,861.326616,1,467.38363123390593
85.0,40.0,0,476.6949059732433,,0,
86.0,40.0,0,507.161302760127,,0,
87.0,40.0,0,484.00452448031865,,0,
88.0,40.0,0,414.4646246980119,642.157464,1,227.6928393019881
89.0,40.0,0,319.64617336331867,,0,
90.0,40.0,0,222.1962000845815,,0,
91.0,40.0,0,141.18882739765104,,0,
92.0,40.0,0,89.94395762134809,-116.486773,1,-206.4307306213481
93.0,40.0,0,71.79308834549738,,0,
94.0,40.0,0,85.89629996061558,,0,
95.0,40.0,0,123.25029055139748,,0,
96.0,40.0,0,170.25908036588226,307.570948,1,137.31186763411773
97.0,40.0,0,209.19984860502882,,0,
98.0,40.0,0,221.8163829537225,,0,
99.0,40.0,0,194.84692868811544,,0,
100.0,40.0,0,127.76436162868049,114.688867,1,-13.075494628680488
101.0,40.0,0,35.101280572183896,,0,
102.0,40.0,0,-65.71503519732505,,0,
103.0,40.0,0,-160.6411102518323,,0,
104.0,40.0,0,-241.7622809097229,-311.867361,1,-70.10508009027711
105.0,40.0,0,-307.32976778410375,,0,
106.0,40.0,0,-357.03848837447003,,0,
107.0,40.0,0,-390.12333426601253,,0,
108.0,40.0,0,-404.7568971774308,-291.369732,1,113.3871651774308
109.0,40.0,0,-395.9471930763684,,0,
110.0,40.0,0,-358.76181661497685,,0,
111.0,40.0,0,-291.40345196815906,,0,
112.0,40.0,0,-199.5766736966907,-362.654427,1,-163.0777533033093
113.0,40.0,0,-99.18740392575273,,0,
114.0,40.0,0,-7.5244486148585565,,0,
115.0,40.0,0,61.5220587036456,,0,
116.0,40.0,0,100.37708945351187,407.647908,1,307.2708185464881
117.0,40.0,0,109.65450082835741,,0,
118.0,40.0,0,93.917193622794,,0,
119.0,40.0,0,65.29449836420827,,0,
120.0,40.0,0,38.14053608244285,-285.862392,1,-324.00292808244285
121.0,40.0,0,26.387026700482238,,0,
122.0,40.0,0,21.44571046868805,,0,
123.0,40.0,0,15.35277752118418,,0,
124.0,40.0,0,2.4612578866072,142.209417,1,139.7481591133928
125.0,40.0,0,-19.093929592287168,,0,
126.0,40.0,0,-49.050189577334095,,0,
127.0,40.0,0,-83.16822936281096,,0,
128.0,40.0,0,-118.89301591133699,123.244613,1,242.137628911337
129.0,40.0,0,-158.4924483706127,,0,
130.0,40.0,0,-204.93207228783285,,0,
131.0,40.0,0,-257.48970424418803,,0,
132.0,40.0,0,-312.6396041928092,-468.429154,1,-155.78954980719078
133.0,40.0,0,-368.16362473357003,,0,
134.0,40.0,0,-420.8170171683887,,0,
135.0,40.0,0,-466.9657014507102,,0,
136.0,40.0,0,-502.3141813070979,-898.960824,1,-396.6466426929021
137.0,40.0,0,-528.3849439914338,,0,
138.0,40.0,0,-545.495248648338,,0,
139.0,40.0,0,-550.6789304417325,,0,
140.0,40.0,0,-541.6990203328896,-544.2006,1,-2.501579667110377
141.0,40.0,0,-521.8117079171352,,0,
142.0,40.0,0,-495.22951535414904,,0,
143.0,40.0,0,-462.93913822388276,,0,
144.0,40.0,0,-425.24865588196553,-332.042656,1,93.20599988196551
145.0,40.0,0,-383.2545606829226,,0,
146.0,40.0,0,-337.75084858515766,,0,
147.0,40.0,0,-287.77531829627696,,0,
148.0,40.0,0,-233.69826709781773,-161.311639,1,72.38662809781772
149.0,40.0,0,-178.1200527981855,,0,
150.0,40.0,0,-124.7986477202503,,0,
151.0,40.0,0,-76.55007394170389,,0,
152.0,40.0,0,-34.51027351617813,-215.80671,1,-181.29643648382188
153.0,40.0,0,2.098504352848977,,0,
154.0,40.0,0,36.015281092142686,,0,
155.0,40.0,0,70.29038262309041,,0,
156.0,40.0,0,106.13695925706998,198.110899,1,91.97393974293001
157.0,40.0,0,143.97628246736713,,0,
158.0,40.0,0,190.4509320112411,,0,
159.0,40.0,0,250.7037779041566,,0,
160.0,40.0,0,331.02323460171465,-101.207106,1,-432.23034060171466
161.0,40.0,0,440.8428852709476,,0,
162.0,40.0,0,562.1351057162974,,0,
163.0,40.0,0,679.2419499683892,,0,
164.0,40.0,0,779.2310371696949,996.984621,1,217.75358383030505
165.0,40.0,0,847.7564346832223,,0,
166.0,40.0,0,883.4561734134331,,0,
167.0,40.0,0,889.6276498744264,,0,
168.0,40.0,0,867.9709606100805,1008.262287,1,140.2913263899195
169.0,40.0,0,823.2782239627559,,0,
170.0,40.0,0,760.4333612092305,,0,
171.0,40.0,0,684.6938337808242,,0,
172.0,40.0,0,600.8266292286571,744.06993,1,143.2433007713429
173.0,40.0,0,512.0290456521325,,0,
174.0,40.0,0,429.4623235594481,,0,
175.0,40.0,0,361.24421333055943,,0,
176.0,40.0,0,311.27130989567377,296.567931,1,-14.70337889567378
177.0,40.0,0,280.06117310002446,,0,
178.0,40.0,0,265.97583026625216,,0,
179.0,40.0,0,264.7460749032907,,0,
180.0,40.0,0,270.337506466778,260.704233,1,-9.633273466778007
181.0,40.0,0,277.7703206522856,,0,
182.0,40.0,0,283.439707769081,,0,
183.0,40.0,0,286.206451876089,,0,
184.0,40.0,0,286.1925862862263,318.360042,1,32.167455713773734
185.0,40.0,0,286.2372047097888,,0,
186.0,40.0,0,291.04907019087113,,0,
187.0,40.0,0,303.92117262724787,,0,
188.0,40.0,0,326.9386086643208,301.017617,1,-25.92099166432081
189.0,40.0,0,360.95134337665513,,0,
190.0,40.0,0,403.7086141749751,,0,
191.0,40.0,0,445.514949392993,,0,
192.0,40.0,0,473.8196535797324,696.640635,1,222.82098142026757
193.0,40.0,0,482.23193931533024,,0,
194.0,40.0,0,476.2110746107064,,0,
195.0,40.0,0,457.2754092118703,,0,
196.0,40.0,0,428.30619100062177,532.462688,1,104.15649699937819
197.0,40.0,0,391.90491316327825,,0,
198.0,40.0,0,350.04494553711265,,0,
199.0,40.0,0,308.2326559089124,,0,
0.0,41.0,0,-335.0121933417395,,0,
1.0,41.0,0,-362.71076980931684,,0,
2.0,41.0,0,-382.83157488307916,,0,
3.0,41.0,0,-391.9096684360411,-524.282069,1,-132.37240056395888
4.0,41.0,0,-386.6427771388553,,0,
5.0,41.0,0,-370.1327713483479,,0,
6.0,41.0,0,-341.96610395563766,,0,
7.0,41.0,0,-300.00544107845053,-363.24868,1,-63.24323892154945
8.0,41.0,0,-242.43480443395674,,0,
9.0,41.0,0,-172.84283104608767,,0,
10.0,41.0,0,-95.79284300666768,,0,
11.0,41.0,0,-16.100525711895898,-152.993381,1,-136.8928552881041
12.0,41.0,0,62.08872457384132,,0,
13.0,41.0,0,127.0870532549452,,0,
14.0,41.0,0,170.55563314585015,,0,
15.0,41.0,0,187.29280173406005,345.133857,1,157.84105526593993
16.0,41.0,0,172.72568882186897,,0,
17.0,41.0,0,132.17318588518538,,0,
18.0,41.0,0,70.54407291300595,,0,
19.0,41.0,0,-5.501407894305885,80.24066,1,85.74206789430589
20.0,41.0,0,-86.39718389022164,,0,
21.0,41.0,0,-162.80959374830127,,0,
22.0,41.0,0,-228.93582569318824,,0,
23.0,41.0,0,-281.0385058801621,-348.165756,1,-67.12725011983787
24.0,41.0,0,-319.7547777360305,,0,
25.0,41.0,0,-346.68531023483956,,0,
26.0,41.0,0,-362.89413883630186,,0,
27.0,41.0,0,-369.525161432568,-278.183901,1,91.34126043256799
28.0,41.0,0,-367.67163573321886,,0,
29.0,41.0,0,-353.7050260262331,,0,
30.0,41.0,0,-327.01357942726463,,0,
31.0,41.0,0,-290.5099937324412,-134.71087,1,155.79912373244122
32.0,41.0,0,-250.08785962942056,,0,
33.0,41.0,0,-203.58213871205226,,0,
34.0,41.0,0,-151.27579946024343,,0,
35.0,41.0,0,-95.51523300237022,23.589005,1,119.10423800237022
36.0,41.0,0,-40.55639846320264,,0,
37.0,41.0,0,15.63489869586192,,0,
38.0,41.0,0,72.70503458147869,,0,
39.0,41.0,0,127.7685140571557,142.251657,1,14.483142942844296
40.0,41.0,0,177.42313932231627,,0,
41.0,41.0,0,218.91878573514987,,0,
42.0,41.0,0,248.73804685240611,,0,
43.0,41.0,0,263.37967835296877,368.894488,1,105.51480964703126
44.0,41.0,0,261.30418156681117,,0,
45.0,41.0,0,246.9825390650658,,0,
46.0,41.0,0,222.72270063939504,,0,
47.0,41.0,0,188.95378473494202,387.613852,1,198.660067265058
48.0,41.0,0,142.82549921877217,,0,
49.0,41.0,0,90.86751909498707,,0,
50.0,41.0,0,34.812265651416965,,0,
51.0,41.0,0,-26.59585377550684,132.219705,1,158.81555877550684
52.0,41.0,0,-92.06797648395877,,0,
53.0,41.0,0,-151.60884386871476,,0,
54.0,41.0,0,-198.05645897379145,,0,
55.0,41.0,0,-226.07429903466254,-340.071178,1,-113.99687896533743
56.0,41.0,0,-233.5655520344153,,0,
57.0,41.0,0,-226.86350748021505,,0,
58.0,41.0,0,-211.08942127774935,,0,
59.0,41.0,0,-189.54914198152255,-309.464671,1,-119.91552901847746
60.0,41.0,0,-164.36361358722206,,0,
61.0,41.0,0,-142.60782884946093,,0,
62.0,41.0,0,-128.61277745605912,,0,
63.0,41.0,0,-125.98883743491024,-58.650057,1,67.33878043491023
64.0,41.0,0,-138.88650121062528,,0,
65.0,41.0,0,-169.43287728069117,,0,
66.0,41.0,0,-210.65066042810213,,0,
67.0,41.0,0,-252.22372630797327,-316.003772,1,-63.78004569202676
68.0,41.0,0,-288.2940022988478,,0,
69.0,41.0,0,-318.67828523612116,,0,
70.0,41.0,0,-342.7195525916759,,0,
71.0,41.0,0,-360.3429452442797,-469.260622,1,-108.91767675572032
72.0,41.0,0,-373.98205492144916,,0,
73.0,41.0,0,-385.2982791590621,,0,
74.0,41.0,0,-393.9572791068349,,0,
75.0,41.0,0,-396.70797856501304,-439.878787,1,-43.17080843498695
76.0,41.0,0,-387.56105519182165,,0,
77.0,41.0,0,-359.5009421610739,,0,
78.0,41.0,0,-308.09981108189095,,0,
79.0,41.0,0,-231.51147694594692,-531.807038,1,-300.2955610540531
80.0,41.0,0,-127.94652154808864,,0,
81.0,41.0,0,2.4959433043550234,,0,
82.0,41.0,0,149.11752135836286,,0,
83.0,41.0,0,293.0912845796556,604.002579,1,310.91129442034435
84.0,41.0,0,410.75747142577893,,0,
85.0,41.0,0,480.2722805638041,,0,
86.0,41.0,0,496.01397851802176,,0,
87.0,41.0,0,461.52825846732594,786.537826,1,325.00956753267405
88.0,41.0,0,382.332113618555,,0,
89.0,41.0,0,284.9199532819184,,0,
90.0,41.0,0,190.89463528362103,,0,
91.0,41.0,0,116.396420955949,-190.416693,1,-306.813113955949
92.0,41.0,0,76.80500516940083,,0,
93.0,41.0,0,68.3858250786725,,0,
94.0,41.0,0,88.24739618139574,,0,
95.0,41.0,0,130.30152173852548,10.006867,1,-120.29465473852548
96.0,41.0,0,182.26182337719365,,0,
97.0,41.0,0,223.57278600748396,,0,
98.0,41.0,0,234.9868301397073,,0,
99.0,41.0,0,201.62483511207392,492.086455,1,290.4616198879261
100.0,41.0,0,122.45712050620932,,0,
101.0,41.0,0,19.09576022787951,,0,
102.0,41.0,0,-88.90080162353115,,0,
103.0,41.0,0,-185.37253233867523,-282.734842,1,-97.36230966132479
104.0,41.0,0,-262.87731165555306,,0,
105.0,41.0,0,-322.804265062965,,0,
106.0,41.0,0,-365.83784211811144,,0,
107.0,41.0,0,-392.60537432768615,-270.719715,1,121.88565932768614
108.0,41.0,0,-403.6438192378846,,0,
109.0,41.0,0,-392.32310427021,,0,
110.0,41.0,0,-352.9269790216349,,0,
111.0,41.0,0,-282.17783070434234,-514.469583,1,-232.2917522956576
112.0,41.0,0,-184.78617770518758,,0,
113.0,41.0,0,-82.14833400386851,,0,
114.0,41.0,0,8.71434323687572,,0,
115.0,41.0,0,75.98577147815377,269.401767,1,193.41599552184624
116.0,41.0,0,110.6348037077696,,0,
117.0,41.0,0,117.84497204900254,,0,
118.0,41.0,0,104.13936186602223,,0,
119.0,41.0,0,79.25189986417536,-153.262062,1,-232.51396186417534
120.0,41.0,0,56.21808428896475,,0,
121.0,41.0,0,43.69786667940207,,0,
122.0,41.0,0,37.1766102979891,,0,
123.0,41.0,0,27.911017981357872,148.680196,1,120.76917801864212
124.0,41.0,0,9.644021243788302,,0,
125.0,41.0,0,-15.65645191911608,,0,
126.0,41.0,0,-45.37596507498529,,0,
127.0,41.0,0,-75.53258210618515,-164.314796,1,-88.78221389381486
128.0,41.0,0,-104.34699636878213,,0,
129.0,41.0,0,-136.72386102983728,,0,
130.0,41.0,0,-177.14296394388657,,0,
131.0,41.0,0,-227.19271660182858,-391.573885,1,-164.38116839817144
132.0,41.0,0,-280.7766035653185,,0,
133.0,41.0,0,-338.8140425978927,,0,
134.0,41.0,0,-399.36288147763116,,0,
135.0,41.0,0,-456.5599556877278,-802.662118,1,-346.1021623122722
136.0,41.0,0,-498.92743202182464,,0,
137.0,41.0,0,-532.3361122008646,,0,
138.0,41.0,0,-556.9598849645117,,0,
139.0,41.0,0,-569.2216913852608,-729.352589,1,-160.13089761473918
140.0,41.0,0,-564.0800349434139,,0,
141.0,41.0,0,-546.8028756342828,,0,
142.0,41.0,0,-521.4974427132402,,0,
143.0,41.0,0,-490.52109723421745,-500.38643,1,-9.865332765782568
144.0,41.0,0,-454.86744526715484,,0,
145.0,41.0,0,-415.58848489052616,,0,
146.0,41.0,0,-372.45556500111707,,0,
147.0,41.0,0,-324.29671165451873,-324.308177,1,-0.011465345481269651
148.0,41.0,0,-272.0729313674383,,0,
149.0,41.0,0,-218.34309835964814,,0,
150.0,41.0,0,-167.02440714277327,,0,
151.0,41.0,0,-122.07704450492747,-127.490091,1,-5.413046495072535
152.0,41.0,0,-84.62882653821725,,0,
153.0,41.0,0,-53.8665727552725,,0,
154.0,41.0,0,-25.73145264526829,,0,
155.0,41.0,0,4.589147367281839,-144.12644,1,-148.71558736728184
156.0,41.0,0,35.42241876758635,,0,
157.0,41.0,0,66.16818576934747,,0,
158.0,41.0,0,101.74834210705012,,0,
159.0,41.0,0,149.0137542304583,-148.278593,1,-297.2923472304583
160.0,41.0,0,215.5922364569269,,0,
161.0,41.0,0,307.48191195260733,,0,
162.0,41.0,0,417.23480008589104,,0,
163.0,41.0,0,531.1626019664109,402.685219,1,-128.47738296641086
164.0,41.0,0,636.0257363850251,,0,
165.0,41.0,0,721.3188971017953,,0,
166.0,41.0,0,783.3918518954888,,0,
167.0,41.0,0,820.0889856521972,1106.994474,1,286.90548834780293
168.0,41.0,0,824.7309137270786,,0,
169.0,41.0,0,804.0445243103895,,0,
170.0,41.0,0,761.7352492632344,,0,
171.0,41.0,0,703.1283647958189,872.586696,1,169.45833120418104
172.0,41.0,0,634.2711113730911,,0,
173.0,41.0,0,561.2971672383137,,0,
174.0,41.0,0,493.1381614904385,,0,
175.0,41.0,0,437.420223380439,433.740313,1,-3.679910380438969
176.0,41.0,0,398.14081928227097,,0,
177.0,41.0,0,375.6694372512866,,0,
178.0,41.0,0,368.13833597605117,,0,
179.0,41.0,0,371.9810902448371,451.356465,1,79.37537475516291
180.0,41.0,0,380.88394950912334,,0,
181.0,41.0,0,391.13331943936646,,0,
182.0,41.0,0,398.97779653267935,,0,
183.0,41.0,0,402.9578624041751,547.270923,1,144.31306059582494
184.0,41.0,0,401.11984660988674,,0,
185.0,41.0,0,398.9555962339509,,0,
186.0,41.0,0,400.0191971708555,,0,
187.0,41.0,0,406.6456577491481,568.777686,1,162.13202825085193
188.0,41.0,0,422.86701009166427,,0,
189.0,41.0,0,450.506090384908,,0,
190.0,41.0,0,486.6932484167628,,0,
191.0,41.0,0,521.4367632563226,940.026151,1,418.58938774367743
192.0,41.0,0,535.9355753683485,,0,
193.0,41.0,0,533.6725071817636,,0,
194.0,41.0,0,516.8893608879298,,0,
195.0,41.0,0,486.15801148768514,643.948042,1,157.79003051231484
196.0,41.0,0,446.8090365107637,,0,
197.0,41.0,0,403.4279693667777,,0,
198.0,41.0,0,359.612829179503,,0,
199.0,41.0,0,319.3678786121309,137.306186,1,-182.06169261213088
0.0,42.0,0,-234.6996645545587,,0,
1.0,42.0,0,-256.84447447711136,,0,
2.0,42.0,0,-272.4501758576371,-359.699612,1,-87.24943614236292
3.0,42.0,0,-277.51820338587277,,0,
4.0,42.0,0,-273.1688459345605,,0,
5.0,42.0,0,-261.4630256865639,,0,
6.0,42.0,0,-241.74281050055288,-153.598323,1,88.14448750055288
7.0,42.0,0,-211.21523352479562,,0,
8.0,42.0,0,-167.69152533076704,,0,
9.0,42.0,0,-112.37441276398022,,0,
10.0,42.0,0,-49.164919735863805,-227.132212,1,-177.9672922641362
11.0,42.0,0,17.173113897442818,,0,
12.0,42.0,0,80.59908022498712,,0,
13.0,42.0,0,131.26690475223586,,0,
14.0,42.0,0,160.6853499924764,231.963892,1,71.27854200752358
15.0,42.0,0,165.6003476078622,,0,
16.0,42.0,0,145.15892501920462,,0,
17.0,42.0,0,102.89058625284815,,0,
18.0,42.0,0,43.5587716139853,96.196483,1,52.6377113860147
19.0,42.0,0,-28.176705540390685,,0,
20.0,42.0,0,-104.24148376425728,,0,
21.0,42.0,0,-177.70265796454623,,0,
22.0,42.0,0,-242.71279726480134,-405.25245,1,-162.53965273519867
23.0,42.0,0,-292.740107761696,,0,
24.0,42.0,0,-330.7401754632592,,0,
25.0,42.0,0,-358.13682825898286,,0,
26.0,42.0,0,-375.6654769706074,-343.488689,1,32.17678797060739
27.0,42.0,0,-384.3089667786844,,0,
28.0,42.0,0,-382.52653675712645,,0,
29.0,42.0,0,-367.60172583023086,,0,
30.0,42.0,0,-339.3711907088291,-229.743822,1,109.6273687088291
31.0,42.0,0,-301.1936270869337,,0,
32.0,42.0,0,-256.4240075631533,,0,
33.0,42.0,0,-204.63909817958483,,0,
34.0,42.0,0,-146.16755398688838,-67.776323,1,78.39123098688837
35.0,42.0,0,-84.54228888358921,,0,
36.0,42.0,0,-23.796614455292,,0,
37.0,42.0,0,35.18349088646937,,0,
38.0,42.0,0,92.08015986788087,125.144061,1,33.06390113211913
39.0,42.0,0,144.89919428806752,,0,
40.0,42.0,0,192.35732745286077,,0,
41.0,42.0,0,232.5656487752567,,0,
42.0,42.0,0,262.583517647814,372.990769,1,110.407251352186
43.0,42.0,0,277.6007373663597,,0,
44.0,42.0,0,278.9773250820581,,0,
45.0,42.0,0,268.1233568545431,,0,
46.0,42.0,0,245.20338409487158,490.1185,1,244.9151159051284
47.0,42.0,0,211.2877426277846,,0,
48.0,42.0,0,166.33365148305893,,0,
49.0,42.0,0,113.18562965137244,,0,
50.0,42.0,0,53.49300422088709,309.033565,1,255.54056077911292
51.0,42.0,0,-17.165991609799676,,0,
52.0,42.0,0,-91.20969817729201,,0,
53.0,42.0,0,-161.03183609066764,,0,
54.0,42.0,0,-218.92601612582803,-328.320538,1,-109.39452187417197
55.0,42.0,0,-256.780311249895,,0,
56.0,42.0,0,-274.4525082340697,,0,
57.0,42.0,0,-275.3191276541329,,0,
58.0,42.0,0,-263.8908806554973,-356.52655,1,-92.63566934450267
59.0,42.0,0,-242.42362925200723,,0,
60.0,42.0,0,-216.74738857970806,,0,
61.0,42.0,0,-192.57311231037602,,0,
62.0,42.0,0,-174.39089329889975,-284.920405,1,-110.52951170110026
63.0,42.0,0,-166.57100903149694,,0,
64.0,42.0,0,-172.60926201753318,,0,
65.0,42.0,0,-192.87487872308702,,0,
66.0,42.0,0,-221.78871318744496,-411.069148,1,-189.28043481255503
67.0,42.0,0,-248.00559086131398,,0,
68.0,42.0,0,-270.047892435221,,0,
69.0,42.0,0,-286.96482574543916,,0,
70.0,42.0,0,-298.54762554029,-416.452965,1,-117.90533945970998
71.0,42.0,0,-303.9850353389047,,0,
72.0,42.0,0,-308.7536157417344,,0,
73.0,42.0,0,-315.69692872144515,,0,
74.0,42.0,0,-324.0619247974246,-425.978422,1,-101.91649720257544
75.0,42.0,0,-329.029831453925,,0,
76.0,42.0,0,-323.44660536709125,,0,
77.0,42.0,0,-299.1150473174639,,0,
78.0,42.0,0,-249.6644376029726,-592.177737,1,-342.51329939702737
79.0,42.0,0,-174.21610789711121,,0,
80.0,42.0,0,-73.52894945233129,,0,
81.0,42.0,0,49.455031481320475,,0,
82.0,42.0,0,185.20216463471297,256.197671,1,70.99550636528704
83.0,42.0,0,314.89842171309283,,0,
84.0,42.0,0,417.17118898872286,,0,
85.0,42.0,0,472.9143105325056,,0,
86.0,42.0,0,472.49942813720554,832.691287,1,360.19185886279445
87.0,42.0,0,423.66906217101496,,0,
88.0,42.0,0,340.3105484714615,,0,
89.0,42.0,0,245.3341344615328,,0,
90.0,42.0,0,161.36679116124287,-239.457338,1,-400.82412916124287
91.0,42.0,0,100.11874708259711,,0,
92.0,42.0,0,69.2707014279149,,0,
93.0,42.0,0,68.2499187439098,,0,
94.0,42.0,0,93.20242795330705,-99.768684,1,-192.97111195330706
95.0,42.0,0,140.51580788235879,,0,
96.0,42.0,0,193.23744072052068,,0,
97.0,42.0,0,232.85358956898563,,0,
98.0,42.0,0,240.6575795651297,709.401203,1,468.7436234348703
99.0,42.0,0,195.67166983819334,,0,
100.0,42.0,0,109.00744691010914,,0,
101.0,42.0,0,-1.2320032033603638,,0,
102.0,42.0,0,-114.70334151797579,-399.017798,1,-284.31445648202424
103.0,42.0,0,-210.0396808925725,,0,
104.0,42.0,0,-285.36381395411445,,0,
105.0,42.0,0,-341.2404389192234,,0,
106.0,42.0,0,-379.12992595060496,-327.18629,1,51.94363595060497
107.0,42.0,0,-401.36474360193824,,0,
108.0,42.0,0,-406.65380248753354,,0,
109.0,42.0,0,-390.81506499124225,,0,
110.0,42.0,0,-348.08282961093937,-638.716236,1,-290.6334063890606
111.0,42.0,0,-270.7074113575218,,0,
112.0,42.0,0,-171.36195440228767,,0,
113.0,42.0,0,-69.43579727498582,,0,
114.0,42.0,0,16.50591645401437,241.092724,1,224.58680754598564
115.0,42.0,0,77.04475171014201,,0,
116.0,42.0,0,108.00803080655169,,0,
117.0,42.0,0,113.04476272407919,,0,
118.0,42.0,0,100.11657814212958,185.98298,1,85.86640185787041
119.0,42.0,0,77.72232751332922,,0,
120.0,42.0,0,57.69422325049527,,0,
121.0,42.0,0,45.438770504668355,,0,
122.0,42.0,0,37.76730070938356,178.338218,1,140.57091729061645
123.0,42.0,0,25.293697630171664,,0,
124.0,42.0,0,6.103599549154751,,0,
125.0,42.0,0,-18.862254461157136,,0,
126.0,42.0,0,-45.67095307036652,-172.917852,1,-127.24689892963349
127.0,42.0,0,-68.16234652174171,,0,
128.0,42.0,0,-88.45260161766782,,0,
129.0,42.0,0,-110.64229508780409,,0,
130.0,42.0,0,-139.7774028996355,43.637685,1,183.4150878996355
131.0,42.0,0,-181.56470519083086,,0,
132.0,42.0,0,-231.2398728551343,,0,
133.0,42.0,0,-288.74120914551895,,0,
134.0,42.0,0,-352.55839131353423,-476.159349,1,-123.60095768646579
135.0,42.0,0,-415.70521534618456,,0,
136.0,42.0,0,-470.2474779320182,,0,
137.0,42.0,0,-515.4833365632221,,0,
138.0,42.0,0,-550.3448609838961,-573.413528,1,-23.068667016103973
139.0,42.0,0,-570.598027080996,,0,
140.0,42.0,0,-573.2201623088913,,0,
141.0,42.0,0,-561.1203830740415,,0,
142.0,42.0,0,-538.8992284269189,-516.596544,1,22.30268442691886
143.0,42.0,0,-510.5059725311585,,0,
144.0,42.0,0,-477.859377136454,,0,
145.0,42.0,0,-442.3412085358286,,0,
146.0,42.0,0,-403.5919570038095,-491.154819,1,-87.56286199619046
147.0,42.0,0,-358.9296862541232,,0,
148.0,42.0,0,-309.98392320156563,,0,
149.0,42.0,0,-258.4544500063639,,0,
150.0,42.0,0,-208.22494048182853,-122.24809,1,85.97685048182852
151.0,42.0,0,-165.260148514295,,0,
152.0,42.0,0,-130.58022644126322,,0,
153.0,42.0,0,-104.35920459916815,,0,
154.0,42.0,0,-82.56815553293563,-391.011053,1,-308.44289746706437
155.0,42.0,0,-55.89154209732078,,0,
156.0,42.0,0,-30.952873846050352,,0,
157.0,42.0,0,-8.567763116210699,,0,
158.0,42.0,0,15.606136071495712,-49.102159,1,-64.70829507149571
159.0,42.0,0,49.21928065363318,,0,
160.0,42.0,0,97.98798507684842,,0,
161.0,42.0,0,168.7969421001617,,0,
162.0,42.0,0,262.88349412963726,-236.900741,1,-499.7842351296373
163.0,42.0,0,367.6274655107409,,0,
164.0,42.0,0,471.4221093598753,,0,
165.0,42.0,0,567.2885333795566,,0,
166.0,42.0,0,649.1868766914122,927.233107,1,278.04623030858784
167.0,42.0,0,710.6018495680764,,0,
168.0,42.0,0,745.7819089784753,,0,
169.0,42.0,0,753.3540839732159,,0,
170.0,42.0,0,733.0204224281479,1068.919359,1,335.8989365718521
171.0,42.0,0,692.3168678749353,,0,
172.0,42.0,0,639.5795981469564,,0,
173.0,42.0,0,582.2702216675971,,0,
174.0,42.0,0,528.6144948045257,509.71599,1,-18.89850480452577
175.0,42.0,0,485.730432911776,,0,
176.0,42.0,0,457.5346040769946,,0,
177.0,42.0,0,443.83834340120666,,0,
178.0,42.0,0,441.8617014158517,628.225402,1,186.36370058414832
179.0,42.0,0,449.5940527662169,,0,
180.0,42.0,0,463.2595973990392,,0,
181.0,42.0,0,477.05773762916215,,0,
182.0,42.0,0,484.88933691591956,589.96285,1,105.07351308408045
183.0,42.0,0,487.23243454424664,,0,
184.0,42.0,0,484.84069887083024,,0,
185.0,42.0,0,480.4103757897392,,0,
186.0,42.0,0,477.2771884580143,637.036175,1,159.75898654198568
187.0,42.0,0,475.9160184855573,,0,
188.0,42.0,0,483.22330586379394,,0,
189.0,42.0,0,500.97089009545743,,0,
190.0,42.0,0,525.3398775148671,836.323951,1,310.98407348513285
191.0,42.0,0,546.4138521063142,,0,
192.0,42.0,0,552.7731793613639,,0,
193.0,42.0,0,543.695688424632,,0,
194.0,42.0,0,521.313281781273,819.649741,1,298.336459218727
195.0,42.0,0,482.82436428801157,,0,
196.0,42.0,0,438.94202539743856,,0,
197.0,42.0,0,394.4308008197695,,0,
198.0,42.0,0,352.1377906356938,185.064822,1,-167.07296863569383
199.0,42.0,0,316.8482477776706,,0,
0.0,43.0,0,-125.46964514348656,,0,
1.0,43.0,0,-140.58777739247307,-243.108096,1,-102.52031860752692
2.0,43.0,0,-149.9401198681444,,0,
3.0,43.0,0,-152.08734058961272,,0,
4.0,43.0,0,-149.13945328677073,,0,
5.0,43.0,0,-143.98983154958114,-28.582233,1,115.40759854958114
6.0,43.0,0,-134.40422271122225,,0,
7.0,43.0,0,-116.83995945658535,,0,
8.0,43.0,0,-88.27581339376047,,0,
9.0,43.0,0,-47.61909146653488,-249.760326,1,-202.1412345334651
10.0,43.0,0,1.299763719085604,,0,
11.0,43.0,0,53.11041995417327,,0,
12.0,43.0,0,101.03276191861369,,0,
13.0,43.0,0,136.09888522187248,287.802433,1,151.70354777812753
14.0,43.0,0,149.61317010689527,,0,
15.0,43.0,0,142.56019760714844,,0,
16.0,43.0,0,115.80482368706726,,0,
17.0,43.0,0,71.95209086802788,-0.556205,1,-72.50829586802789
18.0,43.0,0,14.720089400187135,,0,
19.0,43.0,0,-51.69392713950947,,0,
20.0,43.0,0,-121.82412355556153,,0,
21.0,43.0,0,-190.3589687719941,-250.097918,1,-59.73894922800588
22.0,43.0,0,-252.11823464743793,,0,
23.0,43.0,0,-302.8110363422893,,0,
24.0,43.0,0,-342.48294853628613,,0,
25.0,43.0,0,-372.2832704000175,-442.604863,1,-70.32159259998252
26.0,43.0,0,-392.9520094762556,,0,
27.0,43.0,0,-404.4157545811031,,0,
28.0,43.0,0,-404.1449792927597,,0,
29.0,43.0,0,-388.9377222182229,-423.568834,1,-34.631111781777065
30.0,43.0,0,-359.7747983285226,,0,
31.0,43.0,0,-320.5724654775113,,0,
32.0,43.0,0,-273.1077345807571,,0,
33.0,43.0,0,-217.18857430381468,-262.366151,1,-45.17757669618533
34.0,43.0,0,-153.63252861483488,,0,
35.0,43.0,0,-87.02097242302261,,0,
36.0,43.0,0,-21.965064100455493,,0,
37.0,43.0,0,38.28477047383785,167.458971,1,129.17420052616214
38.0,43.0,0,93.6474569933489,,0,
39.0,43.0,0,143.64676203019917,,0,
40.0,43.0,0,187.31237803120166,,0,
41.0,43.0,0,223.35100700013572,331.857173,1,108.50616599986427
42.0,43.0,0,249.58356997254305,,0,
43.0,43.0,0,263.7298191000009,,0,
44.0,43.0,0,266.1879482178483,,0,
45.0,43.0,0,257.1509323391365,430.695804,1,173.54487166086352
46.0,43.0,0,233.5080952134449,,0,
47.0,43.0,0,199.48417705856264,,0,
48.0,43.0,0,155.0034479885362,,0,
49.0,43.0,0,99.28035282721976,468.644807,1,369.36445417278026
50.0,43.0,0,34.852388406638056,,0,
51.0,43.0,0,-37.02115020575002,,0,
52.0,43.0,0,-112.11075670830905,,0,
53.0,43.0,0,-185.00901810417417,-135.484693,1,49.52432510417418
54.0,43.0,0,-247.4082261233125,,0,
55.0,43.0,0,-292.1260067222174,,0,
56.0,43.0,0,-316.43304569716565,,0,
57.0,43.0,0,-320.7234002300538,-402.853778,1,-82.13037776994616
58.0,43.0,0,-309.9381468768697,,0,
59.0,43.0,0,-289.03868076915387,,0,
60.0,43.0,0,-263.4610497126705,,0,
61.0,43.0,0,-237.99483694834635,-285.358144,1,-47.363307051653635
62.0,43.0,0,-215.90308408462442,,0,
63.0,43.0,0,-202.1326568480581,,0,
64.0,43.0,0,-199.57072246610187,,0,
65.0,43.0,0,-207.8671883715433,-228.79253,1,-20.925341628456692
66.0,43.0,0,-222.35354351403657,,0,
67.0,43.0,0,-236.14738377009053,,0,
68.0,43.0,0,-245.43561899842462,,0,
69.0,43.0,0,-247.95904708653688,-466.167013,1,-218.2079659134631
70.0,43.0,0,-244.98770341312047,,0,
71.0,43.0,0,-238.9321092525497,,0,
72.0,43.0,0,-234.90577293676324,,0,
73.0,43.0,0,-237.28984732104072,-185.69944,1,51.590407321040715
74.0,43.0,0,-245.4372887428617,,0,
75.0,43.0,0,-252.83493195445044,,0,
76.0,43.0,0,-251.606866400718,,0,
77.0,43.0,0,-232.57491940070759,-411.049728,1,-178.47480859929243
78.0,43.0,0,-186.689974250854,,0,
79.0,43.0,0,-115.70287941303104,,0,
80.0,43.0,0,-21.341649033129215,,0,
81.0,43.0,0,91.64466228801757,-83.507575,1,-175.15223728801757
82.0,43.0,0,215.62232445261907,,0,
83.0,43.0,0,329.9921039643232,,0,
84.0,43.0,0,416.0506710205809,,0,
85.0,43.0,0,457.97745815484086,969.127735,1,511.15027684515917
86.0,43.0,0,440.3409053812502,,0,
87.0,43.0,0,381.1686311252997,,0,
88.0,43.0,0,297.0872170123621,,0,
89.0,43.0,0,207.30982574936934,-198.824713,1,-406.1345387493693
90.0,43.0,0,136.78057582932524,,0,
91.0,43.0,0,87.85131571488455,,0,
92.0,43.0,0,65.45229352051683,,0,
93.0,43.0,0,71.69693818938686,-118.674318,1,-190.37125618938686
94.0,43.0,0,102.81321084836964,,0,
95.0,43.0,0,150.985714022303,,0,
96.0,43.0,0,200.46290581345966,,0,
97.0,43.0,0,232.30812295086798,687.18861,1,454.88048704913206
98.0,43.0,0,229.47694878320908,,0,
99.0,43.0,0,179.91985517938156,,0,
100.0,43.0,0,90.04934372380376,,0,
101.0,43.0,0,-22.37518496825942,-333.129818,1,-310.7546330317406
102.0,43.0,0,-136.2059905443457,,0,
103.0,43.0,0,-233.4267871291231,,0,
104.0,43.0,0,-308.18037514950265,,0,
105.0,43.0,0,-361.3555394182622,-258.845853,1,102.50968641826222
106.0,43.0,0,-395.38647632393986,,0,
107.0,43.0,0,-412.1087967166677,,0,
108.0,43.0,0,-410.66517734579975,,0,
109.0,43.0,0,-387.8182084625587,-563.29842,1,-175.48021153744128
110.0,43.0,0,-338.58701769827167,,0,
111.0,43.0,0,-260.24745884747244,,0,
112.0,43.0,0,-162.06946208779118,,0,
113.0,43.0,0,-62.470469380612485,210.726602,1,273.1970713806125
114.0,43.0,0,16.03661075659329,,0,
115.0,43.0,0,69.15903411002364,,0,
116.0,43.0,0,94.52753066492733,,0,
117.0,43.0,0,94.62983862694819,246.044365,1,151.4145263730518
118.0,43.0,0,78.63143268940621,,0,
119.0,43.0,0,57.08000977814663,,0,
120.0,43.0,0,39.05346378160175,,0,
121.0,43.0,0,27.411499442416243,40.315874,1,12.904374557583758
122.0,43.0,0,18.759425633819774,,0,
123.0,43.0,0,7.595501257863361,,0,
124.0,43.0,0,-8.617228794493712,,0,
125.0,43.0,0,-29.623576043057255,191.172886,1,220.79646204305726
126.0,43.0,0,-49.70764106445131,,0,
127.0,43.0,0,-64.2760346380528,,0,
128.0,43.0,0,-74.85712508740835,,0,
129.0,43.0,0,-85.79310011141934,101.449609,1,187.24270911141934
130.0,43.0,0,-102.72310467681382,,0,
131.0,43.0,0,-130.70584523043362,,0,
132.0,43.0,0,-170.8509267945774,,0,
133.0,43.0,0,-223.97506332630292,-173.275425,1,50.6996383263029
134.0,43.0,0,-288.3786186388461,,0,
135.0,43.0,0,-357.02564005565364,,0,
136.0,43.0,0,-423.1537739679916,,0,
137.0,43.0,0,-481.95507904014084,-454.86646,1,27.088619040140827
138.0,43.0,0,-529.3412625286728,,0,
139.0,43.0,0,-559.7405972781125,,0,
140.0,43.0,0,-570.6746907669585,,0,
141.0,43.0,0,-564.6490064261016,-528.219235,1,36.429771426101524
142.0,43.0,0,-546.5651911766035,,0,
143.0,43.0,0,-521.0460710362531,,0,
144.0,43.0,0,-491.4402878351975,,0,
145.0,43.0,0,-459.78796256298665,-560.123059,1,-100.33509643701336
146.0,43.0,0,-425.7132023269078,,0,
147.0,43.0,0,-387.6112795578083,,0,
148.0,43.0,0,-344.6535419798456,,0,
149.0,43.0,0,-296.79525823006406,-319.104104,1,-22.308845769935942
150.0,43.0,0,-248.4817519641947,,0,
151.0,43.0,0,-205.02266034879722,,0,
152.0,43.0,0,-169.7875267327763,,0,
153.0,43.0,0,-144.34174703829922,12.101665,1,156.44341203829921
154.0,43.0,0,-123.89206554251723,,0,
155.0,43.0,0,-103.75617503328249,,0,
156.0,43.0,0,-86.56527957413346,,0,
157.0,43.0,0,-73.20076258201152,-57.306756,1,15.89400658201152
158.0,43.0,0,-59.96203701058403,,0,
159.0,43.0,0,-40.891039970330894,,0,
160.0,43.0,0,-10.513321558246389,,0,
161.0,43.0,0,38.14828726416454,-482.44245,1,-520.5907372641645
162.0,43.0,0,116.39819225063547,,0,
163.0,43.0,0,206.9805295104161,,0,
164.0,43.0,0,302.89179154485464,,0,
165.0,43.0,0,402.52437564195134,390.530876,1,-11.99349964195136
166.0,43.0,0,496.9321331476094,,0,
167.0,43.0,0,577.2708425084129,,0,
168.0,43.0,0,637.8876020638272,,0,
169.0,43.0,0,673.0799710690044,1062.879268,1,389.7992969309955
170.0,43.0,0,673.5534677968826,,0,
171.0,43.0,0,651.5305498461239,,0,
172.0,43.0,0,615.1939132376574,,0,
173.0,43.0,0,572.2243534750305,446.256027,1,-125.9683264750305
174.0,43.0,0,531.4602219094522,,0,
175.0,43.0,0,500.07493452262133,,0,
176.0,43.0,0,481.91268522758037,,0,
177.0,43.0,0,476.51517509832047,620.757567,1,144.24239190167953
178.0,43.0,0,478.81145122554153,,0,
179.0,43.0,0,489.6651920910226,,0,
180.0,43.0,0,506.8845179839991,,0,
181.0,43.0,0,524.576311463723,876.181153,1,351.60484153627704
182.0,43.0,0,531.3121374254115,,0,
183.0,43.0,0,533.3024356849492,,0,
184.0,43.0,0,530.7928902404383,,0,
185.0,43.0,0,522.7540336472448,617.021619,1,94.26758535275519
186.0,43.0,0,513.0591933864634,,0,
187.0,43.0,0,505.2692479165271,,0,
188.0,43.0,0,503.91773165250197,,0,
189.0,43.0,0,510.97183553269133,631.425125,1,120.45328946730865
190.0,43.0,0,522.6578496524598,,0,
191.0,43.0,0,531.5643570385873,,0,
192.0,43.0,0,529.6211557618808,,0,
193.0,43.0,0,512.9260648554191,930.051556,1,417.1254911445809
194.0,43.0,0,484.0801382679492,,0,
195.0,43.0,0,446.3421450792812,,0,
196.0,43.0,0,406.50488434545696,,0,
197.0,43.0,0,368.6137154842727,344.852493,1,-23.761222484272707
198.0,43.0,0,334.39412591815926,,0,
199.0,43.0,0,304.81010104576126,,0,
0.0,44.0,0,-12.568747295998037,-78.864175,1,-66.29542770400197
1.0,44.0,0,-20.890291491290554,,0,
2.0,44.0,0,-25.095636228099465,,0,
3.0,44.0,0,-25.2079401682131,,0,
4.0,44.0,0,-23.40726098860614,175.361555,1,198.76881598860615
5.0,44.0,0,-25.188564652577043,,0,
6.0,44.0,0,-25.31170859350823,,0,
7.0,44.0,0,-20.343544542323798,,0,
8.0,44.0,0,-7.04555284883827,-159.536648,1,-152.49109515116174
9.0,44.0,0,18.785207050386816,,0,
10.0,44.0,0,51.94903371995315,,0,
11.0,44.0,0,87.489085115958,,0,
12.0,44.0,0,118.67238689027727,210.375402,1,91.70301510972274
13.0,44.0,0,136.0512721175328,,0,
14.0,44.0,0,136.04516601003706,,0,
15.0,44.0,0,118.82874065916985,,0,
16.0,44.0,0,86.06155911949463,90.104124,1,4.042564880505367
17.0,44.0,0,40.68209368409589,,0,
18.0,44.0,0,-14.049447367782705,,0,
19.0,44.0,0,-74.92310984269716,,0,
20.0,44.0,0,-138.42421872797422,-181.99757,1,-43.573351272025775
21.0,44.0,0,-201.25239371252246,,0,
22.0,44.0,0,-259.99129316420294,,0,
23.0,44.0,0,-311.35345317050815,,0,
24.0,44.0,0,-353.299033180112,-478.272696,1,-124.97366281988798
25.0,44.0,0,-385.93055786698824,,0,
26.0,44.0,0,-409.64013983588666,,0,
27.0,44.0,0,-423.886712126201,,0,
28.0,44.0,0,-426.00020138034597,-602.356191,1,-176.355989619654
29.0,44.0,0,-410.47831380716525,,0,
30.0,44.0,0,-381.6888327454217,,0,
31.0,44.0,0,-342.75342107983306,,0,
32.0,44.0,0,-294.6984605488833,-367.815686,1,-73.11722545111672
33.0,44.0,0,-236.29034031683113,,0,
34.0,44.0,0,-170.44388634106144,,0,
35.0,44.0,0,-101.28473975218367,,0,
36.0,44.0,0,-33.89266487269197,102.996096,1,136.88876087269196
37.0,44.0,0,25.552460297360085,,0,
38.0,44.0,0,78.60728818457574,,0,
39.0,44.0,0,124.97327397530898,,0,
40.0,44.0,0,163.5028148922138,209.897782,1,46.394967107786215
41.0,44.0,0,193.50589073821902,,0,
42.0,44.0,0,214.13461143756285,,0,
43.0,44.0,0,224.4604233438149,,0,
44.0,44.0,0,223.9948638760252,308.047784,1,84.05292012397479
45.0,44.0,0,212.14942937006708,,0,
46.0,44.0,0,188.23170296894386,,0,
47.0,44.0,0,154.30099918460473,,0,
48.0,44.0,0,110.40471088676713,360.901087,1,250.49637611323288
49.0,44.0,0,51.928459484362975,,0,
50.0,44.0,0,-13.712130354717374,,0,
51.0,44.0,0,-82.99203089193907,,0,
52.0,44.0,0,-153.57296193309594,5.273075,1,158.84603693309595
53.0,44.0,0,-224.34948900272138,,0,
54.0,44.0,0,-285.8738217172213,,0,
55.0,44.0,0,-331.9533671489917,,0,
56.0,44.0,0,-358.8147531375289,-549.910307,1,-191.0955538624711
57.0,44.0,0,-362.6370535399765,,0,
58.0,44.0,0,-351.00822497345507,,0,
59.0,44.0,0,-329.7379213497625,,0,
60.0,44.0,0,-303.63240190962097,-365.052685,1,-61.42028309037903
61.0,44.0,0,-276.0624443034176,,0,
62.0,44.0,0,-250.10530725773424,,0,
63.0,44.0,0,-229.70153474621475,,0,
64.0,44.0,0,-217.6355172675103,-55.963138,1,161.67237926751028
65.0,44.0,0,-213.62276790764008,,0,
66.0,44.0,0,-214.58996177156223,,0,
67.0,44.0,0,-216.16333574720193,,0,
68.0,44.0,0,-213.93618216435425,-386.172116,1,-172.23593383564577
69.0,44.0,0,-202.48335370374843,,0,
70.0,44.0,0,-186.37608066631947,,0,
71.0,44.0,0,-169.37036387512853,,0,
72.0,44.0,0,-156.60256259446032,-23.524787,1,133.07777559446032
73.0,44.0,0,-154.8831541975378,,0,
74.0,44.0,0,-161.29351714561926,,0,
75.0,44.0,0,-169.8160691090743,,0,
76.0,44.0,0,-171.93223194335587,-259.565474,1,-87.63324205664412
77.0,44.0,0,-156.76133529329672,,0,
78.0,44.0,0,-118.93239506008103,,0,
79.0,44.0,0,-56.50454969040584,,0,
80.0,44.0,0,30.134806841029786,-278.624794,1,-308.7596008410298
81.0,44.0,0,133.77061314630555,,0,
82.0,44.0,0,243.04029911084217,,0,
83.0,44.0,0,339.8886151452898,,0,
84.0,44.0,0,405.5141118201427,718.431034,1,312.91692217985724
85.0,44.0,0,427.6855168688344,,0,
86.0,44.0,0,401.35245457146084,,0,
87.0,44.0,0,339.63667986897053,,0,
88.0,44.0,0,261.6634767566575,-120.37166,1,-382.0351367566575
89.0,44.0,0,183.7273107727524,,0,
90.0,44.0,0,121.05371400644071,,0,
91.0,44.0,0,79.55954853176081,,0,
92.0,44.0,0,62.94335700751981,-57.726906,1,-120.67026300751981
93.0,44.0,0,75.01014755934011,,0,
94.0,44.0,0,109.5530574752338,,0,
95.0,44.0,0,156.8695097475138,,0,
96.0,44.0,0,201.93443730380386,340.531901,1,138.59746369619614
97.0,44.0,0,225.18972175038652,,0,
98.0,44.0,0,214.61252912605414,,0,
99.0,44.0,0,161.5216285388451,,0,
100.0,44.0,0,69.06435610901099,27.225051,1,-41.839305109010986
101.0,44.0,0,-45.003975283383625,,0,
102.0,44.0,0,-159.56863572337897,,0,
103.0,44.0,0,-257.4620715697238,,0,
104.0,44.0,0,-330.59307698739576,-251.931944,1,78.66113298739577
105.0,44.0,0,-380.5847003101371,,0,
106.0,44.0,0,-410.5181400759611,,0,
107.0,44.0,0,-421.8806753139943,,0,
108.0,44.0,0,-414.2293962696567,-440.544848,1,-26.315451730343284
109.0,44.0,0,-385.4102727025165,,0,
110.0,44.0,0,-332.83128608204424,,0,
111.0,44.0,0,-256.0324008950265,,0,
112.0,44.0,0,-161.6835639454075,-108.983232,1,52.70033194540751
113.0,44.0,0,-67.87999041198054,,0,
114.0,44.0,0,6.297716942732222,,0,
115.0,44.0,0,52.93418401177041,,0,
116.0,44.0,0,71.54656784085091,222.706714,1,151.1601461591491
117.0,44.0,0,64.01794485363644,,0,
118.0,44.0,0,42.731895018252544,,0,
119.0,44.0,0,19.60952048987383,,0,
120.0,44.0,0,3.2271672270726413,-206.164023,1,-209.39119022707263
121.0,44.0,0,-7.081456816114951,,0,
122.0,44.0,0,-15.32961472403258,,0,
123.0,44.0,0,-24.63221805973444,,0,
124.0,44.0,0,-36.35758224979509,173.77059,1,210.12817224979509
125.0,44.0,0,-52.52152444748208,,0,
126.0,44.0,0,-64.31064878724283,,0,
127.0,44.0,0,-68.61582469206769,,0,
128.0,44.0,0,-67.59336378308944,-30.637028,1,36.95633578308944
129.0,44.0,0,-65.36145824252162,,0,
130.0,44.0,0,-67.542052321136,,0,
131.0,44.0,0,-79.9076729855733,,0,
132.0,44.0,0,-107.10862364724744,0.157152,1,107.26577564724744
133.0,44.0,0,-153.57141789537854,,0,
134.0,44.0,0,-215.96876098861685,,0,
135.0,44.0,0,-288.9016773875337,,0,
136.0,44.0,0,-365.50055684137624,-319.45184,1,46.04871684137623
137.0,44.0,0,-437.97161348123336,,0,
138.0,44.0,0,-498.5455487209838,,0,
139.0,44.0,0,-539.7663218895905,,0,
140.0,44.0,0,-558.2117739970563,-558.43468,1,-0.2229060029436596
141.0,44.0,0,-557.6141460973304,,0,
142.0,44.0,0,-543.5544952903874,,0,
143.0,44.0,0,-521.1014006105252,,0,
144.0,44.0,0,-494.49466557311825,-458.985853,1,35.508812573118234
145.0,44.0,0,-466.96443802514113,,0,
146.0,44.0,0,-438.32608204730786,,0,
147.0,44.0,0,-407.65308224828914,,0,
148.0,44.0,0,-372.89583982503973,-535.660592,1,-162.76475217496022
149.0,44.0,0,-330.14739564433694,,0,
150.0,44.0,0,-285.03210469544865,,0,
151.0,44.0,0,-241.8849095054902,,0,
152.0,44.0,0,-204.69213719887193,-8.650995,1,196.04114219887194
153.0,44.0,0,-178.7701890815515,,0,
154.0,44.0,0,-158.3140194148291,,0,
155.0,44.0,0,-141.81878102966584,,0,
156.0,44.0,0,-131.47342490917072,-137.515192,1,-6.041767090829296
157.0,44.0,0,-126.45145151508041,,0,
158.0,44.0,0,-123.18100975640118,,0,
159.0,44.0,0,-116.07043418195099,,0,
160.0,44.0,0,-98.48654474690557,-464.575933,1,-366.08938825309446
161.0,44.0,0,-63.24796271533705,,0,
162.0,44.0,0,-5.82201060722582,,0,
163.0,44.0,0,66.02765158261172,,0,
164.0,44.0,0,147.52990539569873,-324.016767,1,-471.54667239569875
165.0,44.0,0,245.0234067349229,,0,
166.0,44.0,0,342.9438136680983,,0,
167.0,44.0,0,433.07975274068303,,0,
168.0,44.0,0,509.0085575336125,739.766087,1,230.7575294663875
169.0,44.0,0,561.4802516835043,,0,
170.0,44.0,0,584.2886512731202,,0,
171.0,44.0,0,581.9379477249458,,0,
172.0,44.0,0,560.9964894275181,612.62156,1,51.625070572481945
173.0,44.0,0,530.1795275844634,,0,
174.0,44.0,0,500.13278657360934,,0,
175.0,44.0,0,478.03261096961796,,0,
176.0,44.0,0,467.4508693777025,576.23706,1,108.78619062229757
177.0,44.0,0,467.5507395946188,,0,
178.0,44.0,0,474.86315026623197,,0,
179.0,44.0,0,487.9455857705325,,0,
180.0,44.0,0,505.2098331034649,941.740773,1,436.5309398965351
181.0,44.0,0,521.7454411177896,,0,
182.0,44.0,0,531.7379117438104,,0,
183.0,44.0,0,536.4350690899882,,0,
184.0,44.0,0,535.7724985061213,801.79388,1,266.0213814938786
185.0,44.0,0,524.3585344959283,,0,
186.0,44.0,0,510.1064714177046,,0,
187.0,44.0,0,497.08419123478234,,0,
188.0,44.0,0,488.0860324241221,414.562949,1,-73.52308342412209
189.0,44.0,0,485.55999813135713,,0,
190.0,44.0,0,485.7061240882613,,0,
191.0,44.0,0,483.724595727399,,0,
192.0,44.0,0,474.01467941282317,715.053142,1,241.0384625871768
193.0,44.0,0,449.6670203190297,,0,
194.0,44.0,0,417.84352736501023,,0,
195.0,44.0,0,384.27941933320835,,0,
196.0,44.0,0,354.3444190805312,309.721608,1,-44.62281108053122
197.0,44.0,0,328.3731459444389,,0,
198.0,44.0,0,305.3953063671943,,0,
199.0,44.0,0,284.17028077133,,0,
0.0,45.0,0,98.56840367196128,,0,
1.0,45.0,0,95.64593758713454,,0,
2.0,45.0,0,94.71925473632291,,0,
3.0,45.0,0,94.34196647908539,236.396677,1,142.05471052091463
4.0,45.0,0,92.73748217266984,,0,
5.0,45.0,0,87.57398114493117,,0,
6.0,45.0,0,80.75582995964214,,0,
7.0,45.0,0,75.76221933285706,-23.873754,1,-99.63597333285706
8.0,45.0,0,76.49430004460737,,0,
9.0,45.0,0,85.53927556122653,,0,
10.0,45.0,0,100.94998521357775,,0,
11.0,45.0,0,118.77480012574233,68.485754,1,-50.28904612574233
12.0,45.0,0,132.0413416158408,,0,
13.0,45.0,0,133.730575368274,,0,
14.0,45.0,0,121.16516494145617,,0,
15.0,45.0,0,94.93880572135095,130.442974,1,35.50416827864905
16.0,45.0,0,56.67034124955535,,0,
17.0,45.0,0,10.273638898972422,,0,
18.0,45.0,0,-41.31579675269313,,0,
19.0,45.0,0,-96.45602622488514,-124.322521,1,-27.86649477511486
20.0,45.0,0,-153.31305845058523,,0,
21.0,45.0,0,-210.70396695053205,,0,
22.0,45.0,0,-266.66135585075244,,0,
23.0,45.0,0,-318.6545454207808,-373.227223,1,-54.5726775792192
24.0,45.0,0,-362.2728953815531,,0,
25.0,45.0,0,-397.04465464362875,,0,
26.0,45.0,0,-422.71297505660914,,0,
27.0,45.0,0,-438.15654039382935,-553.979815,1,-115.82327460617068
28.0,45.0,0,-440.65204304177314,,0,
29.0,45.0,0,-427.5966492383741,,0,
30.0,45.0,0,-400.9947343687527,,0,
31.0,45.0,0,-363.6240390513849,-449.392431,1,-85.76839194861509
32.0,45.0,0,-316.42695117974654,,0,
33.0,45.0,0,-259.26530493528116,,0,
34.0,45.0,0,-194.261954666581,,0,
35.0,45.0,0,-125.99804148171097,-148.34287,1,-22.344828518289034
36.0,45.0,0,-60.192680679727346,,0,
37.0,45.0,0,-1.5617878749035299,,0,
38.0,45.0,0,49.101230847649276,,0,
39.0,45.0,0,91.45743248704821,124.355219,1,32.8977865129518
40.0,45.0,0,124.0900839313399,,0,
41.0,45.0,0,147.19973823381588,,0,
42.0,45.0,0,160.95440707285888,,0,
43.0,45.0,0,165.41314647346735,183.420557,1,18.007410526532652
44.0,45.0,0,159.40905141527764,,0,
45.0,45.0,0,142.91312668053433,,0,
46.0,45.0,0,116.25373362656683,,0,
47.0,45.0,0,79.92354443640215,255.02348,1,175.09993556359785
48.0,45.0,0,33.39043659088202,,0,
49.0,45.0,0,-23.50634210370481,,0,
50.0,45.0,0,-86.03200769994874,,0,
51.0,45.0,0,-150.49346799368504,-13.864125,1,136.62934299368504
52.0,45.0,0,-215.30365843744949,,0,
53.0,45.0,0,-278.2754146370571,,0,
54.0,45.0,0,-333.3543003576342,,0,
55.0,45.0,0,-374.6035244058294,-534.816226,1,-160.21270159417065
56.0,45.0,0,-397.6281950530829,,0,
57.0,45.0,0,-400.6835631794529,,0,
58.0,45.0,0,-388.1826181666693,,0,
59.0,45.0,0,-365.87914768536575,-321.044755,1,44.83439268536574
60.0,45.0,0,-338.6300376956351,,0,
61.0,45.0,0,-308.3460633694194,,0,
62.0,45.0,0,-277.65298692299984,,0,
63.0,45.0,0,-249.89526328933425,-222.377774,1,27.517489289334264
64.0,45.0,0,-228.1222537016729,,0,
65.0,45.0,0,-212.27868643397233,,0,
66.0,45.0,0,-200.55538692430127,,0,
67.0,45.0,0,-189.4348916140152,-229.655022,1,-40.22013038598479
68.0,45.0,0,-174.55203759064898,,0,
69.0,45.0,0,-152.94257278554142,,0,
70.0,45.0,0,-126.97084705228917,,0,
71.0,45.0,0,-101.01969968160847,-14.286813,1,86.73288668160848
72.0,45.0,0,-80.85492793889716,,0,
73.0,45.0,0,-72.34309152123751,,0,
74.0,45.0,0,-75.32323108665878,,0,
75.0,45.0,0,-83.36317527282517,-9.300563,1,74.06261227282518
76.0,45.0,0,-87.12131332443096,,0,
77.0,45.0,0,-77.36117433023173,,0,
78.0,45.0,0,-48.424199805478565,,0,
79.0,45.0,0,2.89928293164121,-245.139316,1,-248.03859893164122
80.0,45.0,0,80.27879601443419,,0,
81.0,45.0,0,171.79229709558422,,0,
82.0,45.0,0,265.2432288089767,,0,
83.0,45.0,0,344.838717775885,595.01126,1,250.17254222411498
84.0,45.0,0,390.4767342119012,,0,
85.0,45.0,0,397.2653134219581,,0,
86.0,45.0,0,364.56360803800635,,0,
87.0,45.0,0,303.3396066579444,68.882889,1,-234.45671765794438
88.0,45.0,0,234.1906060904148,,0,
89.0,45.0,0,166.54970604844857,,0,
90.0,45.0,0,110.85702872212278,,0,
91.0,45.0,0,74.44406948814867,-47.848893,1,-122.29296248814867
92.0,45.0,0,62.007480689149816,,0,
93.0,45.0,0,75.58765530813253,,0,
94.0,45.0,0,110.27836304035736,,0,
95.0,45.0,0,154.96027547276753,58.545746,1,-96.41452947276753
96.0,45.0,0,194.40264892601408,,0,
97.0,45.0,0,212.7474636438419,,0,
98.0,45.0,0,198.07250425763777,,0,
99.0,45.0,0,142.44914432318183,398.705811,1,256.25666667681816
100.0,45.0,0,46.48227482443326,,0,
101.0,45.0,0,-69.05415908446594,,0,
102.0,45.0,0,-183.8722514410183,,0,
103.0,45.0,0,-280.4052595307585,-471.052718,1,-190.64745846924154
104.0,45.0,0,-349.46440692574834,,0,
105.0,45.0,0,-395.83708242926514,,0,
106.0,45.0,0,-421.9455943061621,,0,
107.0,45.0,0,-428.9352369416738,-426.639707,1,2.2955299416738058
108.0,45.0,0,-416.8217495944991,,0,
109.0,45.0,0,-384.41393303030054,,0,
110.0,45.0,0,-331.00437359238276,,0,
111.0,45.0,0,-257.7171956623788,-479.868337,1,-222.1511413376212
112.0,45.0,0,-167.36226550518768,,0,
113.0,45.0,0,-78.71582340239547,,0,
114.0,45.0,0,-9.550821688084397,,0,
115.0,45.0,0,28.6810742552625,344.916927,1,316.2358527447375
116.0,45.0,0,37.75631471446832,,0,
117.0,45.0,0,23.94430077110883,,0,
118.0,45.0,0,-2.0411442306358367,,0,
119.0,45.0,0,-27.783052863785997,-285.549879,1,-257.766826136214
120.0,45.0,0,-42.47269640333252,,0,
121.0,45.0,0,-51.91348814126104,,0,
122.0,45.0,0,-60.36024241312407,,0,
123.0,45.0,0,-70.43760374537669,11.306019,1,81.74362274537668
124.0,45.0,0,-81.52212960203178,,0,
125.0,45.0,0,-90.92993456800468,,0,
126.0,45.0,0,-92.57331346225692,,0,
127.0,45.0,0,-84.27757082006428,-27.084985,1,57.19258582006428
128.0,45.0,0,-69.50872833584435,,0,
129.0,45.0,0,-51.692452608433086,,0,
130.0,45.0,0,-36.966233888757415,,0,
131.0,45.0,0,-32.82916597253643,376.874922,1,409.70408797253646
132.0,45.0,0,-46.665782789408695,,0,
133.0,45.0,0,-83.19329387170728,,0,
134.0,45.0,0,-141.39415605796967,,0,
135.0,45.0,0,-216.91289955435786,-170.063469,1,46.849430554357866
136.0,45.0,0,-302.14484593772795,,0,
137.0,45.0,0,-386.44853209721623,,0,
138.0,45.0,0,-459.26750250009354,,0,
139.0,45.0,0,-510.4924604925327,-679.8789,1,-169.38643950746734
140.0,45.0,0,-535.0919009483187,,0,
141.0,45.0,0,-539.6276299944147,,0,
142.0,45.0,0,-529.5090740844607,,0,
143.0,45.0,0,-510.41600172186736,-490.257885,1,20.158116721867373
144.0,45.0,0,-487.49579091148917,,0,
145.0,45.0,0,-464.0003996740561,,0,
146.0,45.0,0,-440.75626777182333,,0,
147.0,45.0,0,-417.02510928804986,-533.373294,1,-116.34818471195013
148.0,45.0,0,-389.792957237456,,0,
149.0,45.0,0,-355.94357202993706,,0,
150.0,45.0,0,-317.2241034031613,,0,
151.0,45.0,0,-277.78854981064796,-270.460739,1,7.327810810647975
152.0,45.0,0,-242.31490676430985,,0,
153.0,45.0,0,-214.2738939439878,,0,
154.0,45.0,0,-192.36425868608057,,0,
155.0,45.0,0,-176.29622835083865,-25.043601,1,151.25262735083865
156.0,45.0,0,-170.10082894633524,,0,
157.0,45.0,0,-170.72144781448878,,0,
158.0,45.0,0,-175.123703863821,,0,
159.0,45.0,0,-177.16316428268328,-226.456206,1,-49.293041717316726
160.0,45.0,0,-168.57148758578114,,0,
161.0,45.0,0,-144.45509976963513,,0,
162.0,45.0,0,-102.73650637408718,,0,
163.0,45.0,0,-45.84602567483671,-525.661152,1,-479.8151263251633
164.0,45.0,0,24.858410220011137,,0,
165.0,45.0,0,109.38729100814089,,0,
166.0,45.0,0,200.37993282661773,,0,
167.0,45.0,0,291.3577534551732,168.997472,1,-122.36028145517324
168.0,45.0,0,374.2903941036202,,0,
169.0,45.0,0,436.9435009212466,,0,
170.0,45.0,0,474.4519148878753,,0,
171.0,45.0,0,487.73535334854387,683.379804,1,195.64445065145617
172.0,45.0,0,478.1170242312364,,0,
173.0,45.0,0,457.7179390392266,,0,
174.0,45.0,0,436.5081815680023,,0,
175.0,45.0,0,421.56045286846347,405.896565,1,-15.663887868463462
176.0,45.0,0,416.7946547837928,,0,
177.0,45.0,0,421.70789442933165,,0,
178.0,45.0,0,432.9134998328518,,0,
179.0,45.0,0,446.8164316522889,753.706375,1,306.8899433477111
180.0,45.0,0,462.9284191741608,,0,
181.0,45.0,0,478.86811933945864,,0,
182.0,45.0,0,491.0266083467286,,0,
183.0,45.0,0,497.6810812377371,633.028646,1,135.3475647622629
184.0,45.0,0,496.99072925769724,,0,
185.0,45.0,0,487.42217366816476,,0,
186.0,45.0,0,473.10682499129325,,0,
187.0,45.0,0,457.9178891116753,469.226644,1,11.3087548883247
188.0,45.0,0,443.9803469220642,,0,
189.0,45.0,0,432.6826903312467,,0,
190.0,45.0,0,422.18021256499924,,0,
191.0,45.0,0,409.17136368807405,539.622943,1,130.4515793119259
192.0,45.0,0,390.09002831671387,,0,
193.0,45.0,0,363.5878392290324,,0,
194.0,45.0,0,334.41026044799946,,0,
195.0,45.0,0,307.80726389447227,87.998501,1,-219.80876289447227
196.0,45.0,0,290.62960205506533,,0,
197.0,45.0,0,277.9779885467142,,0,
198.0,45.0,0,267.1195747356396,,0,
199.0,45.0,0,255.69767133984715,316.994117,1,61.29644566015287
0.0,46.0,0,203.30314299929887,,0,
1.0,46.0,0,203.76554464595392,,0,
2.0,46.0,0,204.49257837049663,290.576616,1,86.08403762950337
3.0,46.0,0,202.700423741946,,0,
4.0,46.0,0,198.79447149904445,,0,
5.0,46.0,0,191.29030573135242,,0,
6.0,46.0,0,179.64558227919042,201.119632,1,21.474049720809575
7.0,46.0,0,166.58353950886521,,0,
8.0,46.0,0,156.01687722548377,,0,
9.0,46.0,0,149.8286394975148,,0,
10.0,46.0,0,147.72993692173623,53.407925,1,-94.32201192173622
11.0,46.0,0,148.5633220761083,,0,
12.0,46.0,0,145.08844451024197,,0,
13.0,46.0,0,131.84205778082833,,0,
14.0,46.0,0,106.8394833614584,104.889561,1,-1.9499223614584054
15.0,46.0,0,71.56296874349937,,0,
16.0,46.0,0,28.650239614769816,,0,
17.0,46.0,0,-18.13793157087639,,0,
18.0,46.0,0,-65.65949751948938,-130.406475,1,-64.74697748051062
19.0,46.0,0,-114.57704560668208,,0,
20.0,46.0,0,-165.8005906501785,,0,
21.0,46.0,0,-219.01411032909527,,0,
22.0,46.0,0,-272.36526214750484,-171.487699,1,100.87756314750484
23.0,46.0,0,-324.3564222076966,,0,
24.0,46.0,0,-369.23060918576084,,0,
25.0,46.0,0,-405.179727331968,,0,
26.0,46.0,0,-431.75118915876374,-428.32879,1,3.42239915876371
27.0,46.0,0,-447.7043551164679,,0,
28.0,46.0,0,-451.0159053518437,,0,
29.0,46.0,0,-440.2672789171338,,0,
30.0,46.0,0,-416.35336094046943,-518.826279,1,-102.47291805953057
31.0,46.0,0,-381.6769515281776,,0,
32.0,46.0,0,-337.6636295346543,,0,
33.0,46.0,0,-284.2045482053654,,0,
34.0,46.0,0,-222.09201925841626,-424.767933,1,-202.67591374158377
35.0,46.0,0,-156.8014106405899,,0,
36.0,46.0,0,-94.25655079912394,,0,
37.0,46.0,0,-38.4752982868813,,0,
38.0,46.0,0,8.626992161851376,26.291162,1,17.664169838148624
39.0,46.0,0,46.16237935482059,,0,
40.0,46.0,0,73.18577200791333,,0,
41.0,46.0,0,89.515802111011,,0,
42.0,46.0,0,95.8074814286083,35.137927,1,-60.6695544286083
43.0,46.0,0,93.5319519743789,,0,
44.0,46.0,0,81.14242341532372,,0,
45.0,46.0,0,59.02404387528077,,0,
46.0,46.0,0,28.323612054809928,62.675549,1,34.35193694519007
47.0,46.0,0,-11.49705137492856,,0,
48.0,46.0,0,-60.34782821836416,,0,
49.0,46.0,0,-115.64285332791042,,0,
50.0,46.0,0,-173.0529837475624,-243.811982,1,-70.7589982524376
51.0,46.0,0,-230.83152225241065,,0,
52.0,46.0,0,-287.6905952952802,,0,
53.0,46.0,0,-341.1745363904629,,0,
54.0,46.0,0,-387.08840528689325,-364.730595,1,22.357810286893255
55.0,46.0,0,-420.4132053538633,,0,
56.0,46.0,0,-437.4059942851309,,0,
57.0,46.0,0,-437.32996088371146,,0,
58.0,46.0,0,-423.1143979661865,-397.142728,1,25.97166996618654
59.0,46.0,0,-399.6675825409475,,0,
60.0,46.0,0,-370.12963374180254,,0,
61.0,46.0,0,-336.36417801724747,,0,
62.0,46.0,0,-300.37351931398734,-341.779573,1,-41.40605368601268
63.0,46.0,0,-265.278606611595,,0,
64.0,46.0,0,-233.69900552835315,,0,
65.0,46.0,0,-206.6664944741642,,0,
66.0,46.0,0,-183.58235167630482,-114.146582,1,69.43576967630483
67.0,46.0,0,-161.02921182080172,,0,
68.0,46.0,0,-135.4193708624225,,0,
69.0,46.0,0,-105.12506281933747,,0,
70.0,46.0,0,-71.4720101209823,-72.550591,1,-1.078580879017693
71.0,46.0,0,-37.95901168423006,,0,
72.0,46.0,0,-9.70970864861738,,0,
73.0,46.0,0,6.5155867440626025,,0,
74.0,46.0,0,7.017542729561683,322.488424,1,315.4708812704383
75.0,46.0,0,-0.13020695646991953,,0,
76.0,46.0,0,-5.199209284037352,,0,
77.0,46.0,0,-0.11085534677840769,,0,
78.0,46.0,0,22.048042092646938,-210.483799,1,-232.53184109264694
79.0,46.0,0,64.88182464527199,,0,
80.0,46.0,0,128.32174653571565,,0,
81.0,46.0,0,203.85053592931945,,0,
82.0,46.0,0,279.2947090570815,499.100448,1,219.80573894291848
83.0,46.0,0,340.3325905581878,,0,
84.0,46.0,0,373.20483678765595,,0,
85.0,46.0,0,371.6304756872123,,0,
86.0,46.0,0,335.9115421428578,340.845253,1,4.933710857142216
87.0,46.0,0,278.06004176293936,,0,
88.0,46.0,0,213.7090399277513,,0,
89.0,46.0,0,152.5219201624859,,0,
90.0,46.0,0,102.09101302409545,42.592962,1,-59.498051024095446
91.0,46.0,0,69.18962174473563,,0,
92.0,46.0,0,58.32913896325044,,0,
93.0,46.0,0,71.34351566206897,,0,
94.0,46.0,0,104.98647391438135,-161.877989,1,-266.86446291438136
95.0,46.0,0,146.71885342645692,,0,
96.0,46.0,0,181.07047272729687,,0,
97.0,46.0,0,194.36204574245494,,0,
98.0,46.0,0,175.9922567475296,426.117305,1,250.12504825247038
99.0,46.0,0,115.63401126870303,,0,
100.0,46.0,0,21.425381696608383,,0,
101.0,46.0,0,-91.06527658333653,,0,
102.0,46.0,0,-203.02596697001718,-500.039918,1,-297.0139510299828
103.0,46.0,0,-293.2543050798122,,0,
104.0,46.0,0,-359.9567399686057,,0,
105.0,46.0,0,-404.4024941122625,,0,
106.0,46.0,0,-427.80200160178356,-518.211877,1,-90.4098753982164
107.0,46.0,0,-431.91373195755295,,0,
108.0,46.0,0,-417.40762954964885,,0,
109.0,46.0,0,-383.4507731285703,,0,
110.0,46.0,0,-329.645669390884,-544.699357,1,-215.05368760911597
111.0,46.0,0,-258.5058901103912,,0,
112.0,46.0,0,-175.80830717697972,,0,
113.0,46.0,0,-94.64109635265777,,0,
114.0,46.0,0,-31.082589038589504,366.429149,1,397.5117380385895
115.0,46.0,0,-2.667647137772292,,0,
116.0,46.0,0,-1.3893124153837562,,0,
117.0,46.0,0,-19.784280945081264,,0,
118.0,46.0,0,-48.10154033920844,-173.483826,1,-125.38228566079155
119.0,46.0,0,-73.06626273295842,,0,
120.0,46.0,0,-90.1708650245564,,0,
121.0,46.0,0,-101.68972225720063,,0,
122.0,46.0,0,-111.7211764107924,5.075902,1,116.7970784107924
123.0,46.0,0,-124.3422570975963,,0,
124.0,46.0,0,-135.75814304547384,,0,
125.0,46.0,0,-140.56952307245228,,0,
126.0,46.0,0,-132.51499354449334,-209.170536,1,-76.65554245550666
127.0,46.0,0,-111.70663604792207,,0,
128.0,46.0,0,-81.56119482521899,,0,
129.0,46.0,0,-46.5382484238944,,0,
130.0,46.0,0,-13.443850571173243,348.69142,1,362.13527057117324
131.0,46.0,0,8.48985660681501,,0,
132.0,46.0,0,9.282823576941155,,0,
133.0,46.0,0,-17.33709743723739,,0,
134.0,46.0,0,-70.49792478058953,67.269776,1,137.7677007805895
135.0,46.0,0,-147.26485402544495,,0,
136.0,46.0,0,-236.79719456331804,,0,
137.0,46.0,0,-328.3197056040517,,0,
138.0,46.0,0,-409.964213336003,-657.743082,1,-247.77886866399695
139.0,46.0,0,-466.9592481935397,,0,
140.0,46.0,0,-499.5544821805088,,0,
141.0,46.0,0,-510.4894858049229,,0,
142.0,46.0,0,-504.3307833529543,-434.565051,1,69.76573235295433
143.0,46.0,0,-488.7487321696244,,0,
144.0,46.0,0,-470.03840732970275,,0,
145.0,46.0,0,-451.34846712835133,,0,
146.0,46.0,0,-433.72160915343557,-397.924216,1,35.797393153435564
147.0,46.0,0,-417.28011610056274,,0,
148.0,46.0,0,-398.99405632540584,,0,
149.0,46.0,0,-375.31056909938343,,0,
150.0,46.0,0,-344.7407725384692,-598.694236,1,-253.95346346153087
151.0,46.0,0,-311.2640094833914,,0,
152.0,46.0,0,-279.1759174624458,,0,
153.0,46.0,0,-251.33412288757972,,0,
154.0,46.0,0,-229.4537483160384,88.020216,1,317.4739643160384
155.0,46.0,0,-214.43448114651255,,0,
156.0,46.0,0,-207.84755659499206,,0,
157.0,46.0,0,-209.90627630031668,,0,
158.0,46.0,0,-219.43270035320893,38.09872,1,257.53142035320894
159.0,46.0,0,-227.9265667772852,,0,
160.0,46.0,0,-226.73664412577637,,0,
161.0,46.0,0,-211.35060226148926,,0,
162.0,46.0,0,-180.24426633235998,-445.255315,1,-265.01104866764
163.0,46.0,0,-134.03281786083244,,0,
164.0,46.0,0,-73.80050279933494,,0,
165.0,46.0,0,-1.7700470827985555,,0,
166.0,46.0,0,78.23064103047363,-237.930458,1,-316.1610990304736
167.0,46.0,0,166.19284139131196,,0,
168.0,46.0,0,247.2726883420255,,0,
169.0,46.0,0,311.25027489324566,,0,
170.0,46.0,0,353.4677635105327,289.051328,1,-64.41643551053266
171.0,46.0,0,373.13314526784234,,0,
172.0,46.0,0,372.69382026977837,,0,
173.0,46.0,0,360.5671900284942,,0,
174.0,46.0,0,346.01942687737755,291.637277,1,-54.38214987737757
175.0,46.0,0,336.2653391910717,,0,
176.0,46.0,0,335.43561343778856,,0,
177.0,46.0,0,343.7456366226543,,0,
178.0,46.0,0,358.0182361721527,555.194551,1,197.17631482784736
179.0,46.0,0,371.8124758913182,,0,
180.0,46.0,0,388.01114401128143,,0,
181.0,46.0,0,405.0288313552737,,0,
182.0,46.0,0,419.2684266490396,420.534918,1,1.2664913509603934
183.0,46.0,0,427.7313315276988,,0,
184.0,46.0,0,428.4919175999239,,0,
185.0,46.0,0,421.6191133474931,,0,
186.0,46.0,0,409.73197009251453,355.162839,1,-54.56913109251451
187.0,46.0,0,394.7739336518571,,0,
188.0,46.0,0,378.06570300110616,,0,
189.0,46.0,0,360.55878666229546,,0,
190.0,46.0,0,341.80590510414913,341.355668,1,-0.45023710414915286
191.0,46.0,0,319.9684982234612,,0,
192.0,46.0,0,294.24661512253806,,0,
193.0,46.0,0,267.7425891610328,,0,
194.0,46.0,0,246.1832597826142,-135.703412,1,-381.88667178261414
195.0,46.0,0,231.17970606544986,,0,
196.0,46.0,0,224.24448073282838,,0,
197.0,46.0,0,222.90462871268392,,0,
198.0,46.0,0,222.95042099896818,206.909506,1,-16.04091499896819
199.0,46.0,0,220.4330379231833,,0,
0.0,47.0,0,298.2815869508777,,0,
1.0,47.0,0,299.61362729407847,402.263727,1,102.65009970592155
2.0,47.0,0,299.50174072617665,,0,
3.0,47.0,0,296.9643351875711,,0,
4.0,47.0,0,291.80414056265727,,0,
5.0,47.0,0,282.8290868969634,407.513569,1,124.6844821030366
6.0,47.0,0,266.93860024889,,0,
7.0,47.0,0,247.7661468074657,,0,
8.0,47.0,0,227.94104640488513,,0,
9.0,47.0,0,209.42834219522774,139.524814,1,-69.90352819522775
10.0,47.0,0,193.13922288105823,,0,
11.0,47.0,0,177.8960476233624,,0,
12.0,47.0,0,158.9581556036137,,0,
13.0,47.0,0,131.66203872021288,180.495706,1,48.833667279787136
14.0,47.0,0,94.61763411015272,,0,
15.0,47.0,0,51.26465108557022,,0,
16.0,47.0,0,4.758108158828691,,0,
17.0,47.0,0,-42.15791917173192,-197.634753,1,-155.47683382826807
18.0,47.0,0,-85.32505644741468,,0,
19.0,47.0,0,-128.94214829150587,,0,
20.0,47.0,0,-175.8233666678425,,0,
21.0,47.0,0,-227.2327560223639,-30.908693,1,196.3240630223639
22.0,47.0,0,-280.2228040881455,,0,
23.0,47.0,0,-330.97844408801757,,0,
24.0,47.0,0,-375.2068225857802,,0,
25.0,47.0,0,-410.81139777065255,-399.543791,1,11.267606770652549
26.0,47.0,0,-437.3494943070691,,0,
27.0,47.0,0,-453.5925576814916,,0,
28.0,47.0,0,-457.88079091138206,,0,
29.0,47.0,0,-448.9257567883469,-480.09656,1,-31.170803211653094
30.0,47.0,0,-427.25283946166746,,0,
31.0,47.0,0,-395.688990765193,,0,
32.0,47.0,0,-355.94518244545907,,0,
33.0,47.0,0,-307.95533535722643,-474.877723,1,-166.92238764277357
34.0,47.0,0,-249.800682826899,,0,
35.0,47.0,0,-189.20257534948178,,0,
36.0,47.0,0,-131.6978120293934,,0,
37.0,47.0,0,-80.72708207461983,-64.135718,1,16.591364074619833
38.0,47.0,0,-38.59136402839795,,0,
39.0,47.0,0,-6.172330983681604,,0,
40.0,47.0,0,15.493382079410367,,0,
41.0,47.0,0,25.8143064690521,1.846255,1,-23.9680514690521
42.0,47.0,0,25.8175978185609,,0,
43.0,47.0,0,16.62501941563096,,0,
44.0,47.0,0,-2.067975070560351,,0,
45.0,47.0,0,-29.83700401103124,-133.285481,1,-103.44847698896876
46.0,47.0,0,-64.12929682480171,,0,
47.0,47.0,0,-106.9943721893942,,0,
48.0,47.0,0,-157.45111712487414,,0,
49.0,47.0,0,-211.47923882876057,-357.574955,1,-146.09571617123942
50.0,47.0,0,-263.43792896252126,,0,
51.0,47.0,0,-314.374048251193,,0,
52.0,47.0,0,-362.82242888689507,,0,
53.0,47.0,0,-406.7379278114531,-390.676551,1,16.0613768114531
54.0,47.0,0,-443.39610113133676,,0,
55.0,47.0,0,-468.34072963672224,,0,
56.0,47.0,0,-478.3938447434921,,0,
57.0,47.0,0,-473.55581196246203,-617.976157,1,-144.4203450375379
58.0,47.0,0,-456.4434690142516,,0,
59.0,47.0,0,-430.47188252129126,,0,
60.0,47.0,0,-398.01341341785155,,0,
61.0,47.0,0,-360.4638945434708,-399.444909,1,-38.98101445652918
62.0,47.0,0,-319.1208210363984,,0,
63.0,47.0,0,-277.2832678515115,,0,
64.0,47.0,0,-237.19653396552894,,0,
65.0,47.0,0,-200.32946366618853,-112.149139,1,88.18032466618853
66.0,47.0,0,-167.91716322198045,,0,
67.0,47.0,0,-135.90351838927018,,0,
68.0,47.0,0,-101.63777495047543,,0,
69.0,47.0,0,-64.21044227830134,-52.535688,1,11.674754278301343
70.0,47.0,0,-24.58098247880116,,0,
71.0,47.0,0,14.642161207273602,,0,
72.0,47.0,0,49.54018561937846,,0,
73.0,47.0,0,73.74596612300957,493.358548,1,419.6125818769904
74.0,47.0,0,76.85642535888474,,0,
75.0,47.0,0,72.29346184298629,,0,
76.0,47.0,0,67.95537722669542,,0,
77.0,47.0,0,69.49491062981542,-33.919356,1,-103.41426662981542
78.0,47.0,0,86.1800594284432,,0,
79.0,47.0,0,120.12784805438059,,0,
80.0,47.0,0,170.00701920024585,,0,
81.0,47.0,0,229.1275135226897,225.003391,1,-4.124122522689703
82.0,47.0,0,287.10441986858496,,0,
83.0,47.0,0,332.15172927308595,,0,
84.0,47.0,0,354.44350537168793,,0,
85.0,47.0,0,348.3715644853655,593.573665,1,245.20210051463448
86.0,47.0,0,310.79954793065554,,0,
87.0,47.0,0,255.93184770888183,,0,
88.0,47.0,0,196.07497964403592,,0,
89.0,47.0,0,139.66682156029856,161.566808,1,21.89998643970145
90.0,47.0,0,92.95287047734018,,0,
91.0,47.0,0,62.503379389527254,,0,
92.0,47.0,0,52.41016943450086,,0,
93.0,47.0,0,63.652359263796825,-166.972975,1,-230.62533426379682
94.0,47.0,0,96.16427737870254,,0,
95.0,47.0,0,134.50426461119787,,0,
96.0,47.0,0,163.42724576298497,,0,
97.0,47.0,0,169.3679266749532,437.349426,1,267.9814993250468
98.0,47.0,0,144.70293540944112,,0,
99.0,47.0,0,85.35589648474706,,0,
100.0,47.0,0,-2.9606893673771992,,0,
101.0,47.0,0,-106.97907329711597,-440.785123,1,-333.806049702884
102.0,47.0,0,-209.82621454210312,,0,
103.0,47.0,0,-296.23437260411447,,0,
104.0,47.0,0,-361.31450832489645,,0,
105.0,47.0,0,-404.97187704383396,-490.943497,1,-85.97161995616602
106.0,47.0,0,-426.6056319831987,,0,
107.0,47.0,0,-429.4447876774939,,0,
108.0,47.0,0,-414.49582092507626,,0,
109.0,47.0,0,-381.1763004565728,-477.17432,1,-95.99801954342723
110.0,47.0,0,-328.601220071585,,0,
111.0,47.0,0,-262.20670100534335,,0,
112.0,47.0,0,-188.84428511129227,,0,
113.0,47.0,0,-118.94894034339814,166.046702,1,284.9956423433981
114.0,47.0,0,-66.16498822742142,,0,
115.0,47.0,0,-41.642605576547794,,0,
116.0,47.0,0,-43.31512019279762,,0,
117.0,47.0,0,-63.16544925014023,-156.573703,1,-93.40825374985977
118.0,47.0,0,-91.23034601873951,,0,
119.0,47.0,0,-117.53519936627708,,0,
120.0,47.0,0,-137.7351828122628,,0,
121.0,47.0,0,-152.93627465993632,68.596133,1,221.53240765993633
122.0,47.0,0,-166.3231044090353,,0,
123.0,47.0,0,-179.67199942364823,,0,
124.0,47.0,0,-190.30905537240324,,0,
125.0,47.0,0,-192.52851388091221,-436.331855,1,-243.8033411190878
126.0,47.0,0,-176.63076106266817,,0,
127.0,47.0,0,-145.54899608634878,,0,
128.0,47.0,0,-101.54396573919803,,0,
129.0,47.0,0,-50.13435055455193,-71.863958,1,-21.729607445448067
130.0,47.0,0,0.7933788400841877,,0,
131.0,47.0,0,40.82991217530798,,0,
132.0,47.0,0,56.82831844664179,,0,
133.0,47.0,0,37.87154032033868,515.007199,1,477.13565867966133
134.0,47.0,0,-11.603736212477088,,0,
135.0,47.0,0,-84.78544043493457,,0,
136.0,47.0,0,-173.15509248548187,,0,
137.0,47.0,0,-265.43043287005275,-270.083928,1,-4.65349512994726
138.0,47.0,0,-348.9303017111961,,0,
139.0,47.0,0,-412.7449584247079,,0,
140.0,47.0,0,-453.42439932969864,,0,
141.0,47.0,0,-470.8931054403074,-616.387448,1,-145.49434255969254
142.0,47.0,0,-468.20363229326904,,0,
143.0,47.0,0,-456.72350346762687,,0,
144.0,47.0,0,-443.425494316034,,0,
145.0,47.0,0,-430.8682512503583,-330.92556,1,99.94269125035828
146.0,47.0,0,-419.74021566903684,,0,
147.0,47.0,0,-410.26765082986094,,0,
148.0,47.0,0,-400.9673680384876,,0,
149.0,47.0,0,-388.0716093252413,-579.78206,1,-191.7104506747587
150.0,47.0,0,-365.958741764538,,0,
151.0,47.0,0,-340.2543570830021,,0,
152.0,47.0,0,-313.87243968551047,,0,
153.0,47.0,0,-288.5672103697434,-217.87875,1,70.68846036974341
154.0,47.0,0,-268.8062835386954,,0,
155.0,47.0,0,-255.1705562651623,,0,
156.0,47.0,0,-248.24809749191627,,0,
157.0,47.0,0,-249.3722470717039,59.094369,1,308.4666160717039
158.0,47.0,0,-262.6242594574578,,0,
159.0,47.0,0,-274.95810281392187,,0,
160.0,47.0,0,-278.11328242812306,,0,
161.0,47.0,0,-268.2806060120929,-274.781234,1,-6.50062798790708
162.0,47.0,0,-244.07737261988223,,0,
163.0,47.0,0,-205.7107646758668,,0,
164.0,47.0,0,-153.83760053291917,,0,
165.0,47.0,0,-89.97635096288286,-342.396381,1,-252.42003003711716
166.0,47.0,0,-16.937029860448092,,0,
167.0,47.0,0,60.913388905348256,,0,
168.0,47.0,0,133.07700371858664,,0,
169.0,47.0,0,191.0411990780849,-36.195062,1,-227.2362610780849
170.0,47.0,0,230.77995283761993,,0,
171.0,47.0,0,251.36345456214622,,0,
172.0,47.0,0,255.0347504708916,,0,
173.0,47.0,0,247.5781664568931,245.162288,1,-2.415878456893097
174.0,47.0,0,236.64541872451082,,0,
175.0,47.0,0,229.56545886630192,,0,
176.0,47.0,0,230.8645124612376,,0,
177.0,47.0,0,240.14275167975575,447.887362,1,207.74461032024425
178.0,47.0,0,254.02341908612289,,0,
179.0,47.0,0,269.9930808490608,,0,
180.0,47.0,0,289.08057218580507,,0,
181.0,47.0,0,309.4378419765271,366.690849,1,57.25300702347289
182.0,47.0,0,326.98327343398705,,0,
183.0,47.0,0,338.42577213654295,,0,
184.0,47.0,0,342.0233848115895,,0,
185.0,47.0,0,338.1346611320041,266.313243,1,-71.82141813200411
186.0,47.0,0,329.6192279723473,,0,
187.0,47.0,0,316.2711421586573,,0,
188.0,47.0,0,298.7795798294246,,0,
189.0,47.0,0,278.03549799742177,242.583011,1,-35.45248699742177
190.0,47.0,0,254.87865765788592,,0,
191.0,47.0,0,228.36508298804983,,0,
192.0,47.0,0,199.88077281182632,,0,
193.0,47.0,0,174.8799294885248,-135.705455,1,-310.5853844885248
194.0,47.0,0,162.62533200369217,,0,
195.0,47.0,0,157.5050766468048,,0,
196.0,47.0,0,159.22981596691534,,0,
197.0,47.0,0,167.44708973588422,-30.673048,1,-198.1201377358842
198.0,47.0,0,177.02814222802408,,0,
199.0,47.0,0,182.5173684679903,,0,
0.0,48.0,0,381.30812892178074,464.415032,1,83.10690307821926
1.0,48.0,0,381.8409781837836,,0,
2.0,48.0,0,380.2390378045384,,0,
3.0,48.0,0,376.22148730093613,,0,
4.0,48.0,0,369.1087298989296,378.115722,1,9.00699210107041
5.0,48.0,0,357.49716797983274,,0,
6.0,48.0,0,339.8865570179187,,0,
7.0,48.0,0,316.9970515797613,,0,
8.0,48.0,0,289.9134214487858,277.33629,1,-12.577131448785792
9.0,48.0,0,261.4476063400507,,0,
10.0,48.0,0,233.29511037911288,,0,
11.0,48.0,0,204.69075670884922,,0,
12.0,48.0,0,172.51260152133182,246.709181,1,74.19657947866818
13.0,48.0,0,132.34473573416471,,0,
14.0,48.0,0,85.42180469818413,,0,
15.0,48.0,0,35.79772016615607,,0,
16.0,48.0,0,-11.918136548949406,-242.662783,1,-230.74464645105058
17.0,48.0,0,-56.85113073233515,,0,
18.0,48.0,0,-98.73750096256845,,0,
19.0,48.0,0,-140.02719523967244,,0,
20.0,48.0,0,-184.1439122473821,-13.043619,1,171.1002932473821
21.0,48.0,0,-235.46768592018634,,0,
22.0,48.0,0,-288.2993084352929,,0,
23.0,48.0,0,-337.872798032593,,0,
24.0,48.0,0,-380.1684436869109,-444.691815,1,-64.52337131308911
25.0,48.0,0,-414.181654489832,,0,
26.0,48.0,0,-439.6684463506099,,0,
27.0,48.0,0,-455.6653604854364,,0,
28.0,48.0,0,-460.6675349653233,-515.853774,1,-55.18623903467676
29.0,48.0,0,-452.6750444257632,,0,
30.0,48.0,0,-433.34597610798664,,0,
31.0,48.0,0,-404.89891340915347,,0,
32.0,48.0,0,-368.96886159898713,-499.843996,1,-130.87513440101287
33.0,48.0,0,-325.2713420301443,,0,
34.0,48.0,0,-274.1110792362597,,0,
35.0,48.0,0,-220.57122330274433,,0,
36.0,48.0,0,-170.09646553872153,-146.346743,1,23.749722538721528
37.0,48.0,0,-125.71574738994241,,0,
38.0,48.0,0,-89.36138377757743,,0,
39.0,48.0,0,-62.26101657317486,,0,
40.0,48.0,0,-45.54497952735983,-0.108934,1,45.43604552735983
41.0,48.0,0,-40.57236875826493,,0,
42.0,48.0,0,-45.843383637606166,,0,
43.0,48.0,0,-60.26018471363932,,0,
44.0,48.0,0,-83.20750305172987,-81.125966,1,2.0815370517298675
45.0,48.0,0,-114.03927694866434,,0,
46.0,48.0,0,-151.7409133883193,,0,
47.0,48.0,0,-196.60837315459503,,0,
48.0,48.0,0,-247.12349461577833,-343.256931,1,-96.13343638422168
49.0,48.0,0,-297.81957103242166,,0,
50.0,48.0,0,-346.9673635516083,,0,
51.0,48.0,0,-393.142499848851,,0,
52.0,48.0,0,-434.0613102852367,-470.462818,1,-36.40150771476334
53.0,48.0,0,-469.40724635124207,,0,
54.0,48.0,0,-497.7642918576021,,0,
55.0,48.0,0,-515.1447245264426,,0,
56.0,48.0,0,-517.9364926983835,-699.312458,1,-181.37596530161647
57.0,48.0,0,-507.39333923265804,,0,
58.0,48.0,0,-486.2826414143201,,0,
59.0,48.0,0,-457.0224262343254,,0,
60.0,48.0,0,-421.27724858466536,-450.485172,1,-29.20792341533462
61.0,48.0,0,-379.6704774098471,,0,
62.0,48.0,0,-334.23204034764785,,0,
63.0,48.0,0,-287.3679907533224,,0,
64.0,48.0,0,-241.2020839761244,-225.67198,1,15.530103976124423
65.0,48.0,0,-197.6436835952918,,0,
66.0,48.0,0,-156.8813726590597,,0,
67.0,48.0,0,-116.88590070983628,,0,
68.0,48.0,0,-75.7804546689149,30.934331,1,106.7147856689149
69.0,48.0,0,-33.0077348863706,,0,
70.0,48.0,0,10.56286220625043,,0,
71.0,48.0,0,52.62559775382397,,0,
72.0,48.0,0,89.40992690465646,386.85877,1,297.44884309534353
73.0,48.0,0,115.13124935817905,,0,
74.0,48.0,0,125.64206467242911,,0,
75.0,48.0,0,127.47335160837974,,0,
76.0,48.0,0,127.44577432912774,299.625611,1,172.17983667087225
77.0,48.0,0,128.0714884580666,,0,
78.0,48.0,0,139.17146154190414,,0,
79.0,48.0,0,164.25241991184885,,0,
80.0,48.0,0,202.30138023322797,86.839123,1,-115.46225723322797
81.0,48.0,0,247.19050365753355,,0,
82.0,48.0,0,290.1317762408289,,0,
83.0,48.0,0,321.4502574875951,,0,
84.0,48.0,0,332.807141850295,579.837364,1,247.03022214970497
85.0,48.0,0,320.1276249291841,,0,
86.0,48.0,0,283.88706965954043,,0,
87.0,48.0,0,233.21340491541196,,0,
88.0,48.0,0,178.6146091655246,301.261519,1,122.64690983447542
89.0,48.0,0,126.83668033324648,,0,
90.0,48.0,0,83.47718908253592,,0,
91.0,48.0,0,55.21020897140261,,0,
92.0,48.0,0,47.369866962661035,-107.091989,1,-154.46185596266105
93.0,48.0,0,59.19677845729166,,0,
94.0,48.0,0,86.5470338150044,,0,
95.0,48.0,0,118.56578650849406,,0,
96.0,48.0,0,141.45539745448332,377.179722,1,235.7243245455167
97.0,48.0,0,139.6145391331811,,0,
98.0,48.0,0,111.5514340257505,,0,
99.0,48.0,0,55.630315081449226,,0,
100.0,48.0,0,-25.039005244121654,-117.764629,1,-92.72562375587835
101.0,48.0,0,-119.0809873623075,,0,
102.0,48.0,0,-212.59490613621892,,0,
103.0,48.0,0,-293.6135021367809,,0,
104.0,48.0,0,-355.35139487465494,-442.858519,1,-87.50712412534506
105.0,48.0,0,-396.6720079871593,,0,
106.0,48.0,0,-417.97391377715394,,0,
107.0,48.0,0,-421.05165573285194,,0,
108.0,48.0,0,-406.9778622161466,-442.574048,1,-35.5961857838534
109.0,48.0,0,-375.21986898515024,,0,
110.0,48.0,0,-327.61716594794416,,0,
111.0,48.0,0,-268.9879354200093,,0,
112.0,48.0,0,-206.17833027022425,-103.720429,1,102.45790127022426
113.0,48.0,0,-147.90408792183734,,0,
114.0,48.0,0,-104.11303393423441,,0,
115.0,48.0,0,-82.92829785967479,,0,
116.0,48.0,0,-85.89031010700273,-43.919851,1,41.97045910700273
117.0,48.0,0,-105.93395025713835,,0,
118.0,48.0,0,-133.88754033768782,,0,
119.0,48.0,0,-161.40444728569128,,0,
120.0,48.0,0,-183.4313103723107,-71.168987,1,112.26232337231069
121.0,48.0,0,-200.98267207562458,,0,
122.0,48.0,0,-216.2548990964424,,0,
123.0,48.0,0,-229.08363995864056,,0,
124.0,48.0,0,-236.38377145311097,-375.589996,1,-139.20622454688902
125.0,48.0,0,-233.7857928861631,,0,
126.0,48.0,0,-215.90744876884855,,0,
127.0,48.0,0,-180.10257744573755,,0,
128.0,48.0,0,-125.45697333826683,-464.615534,1,-339.1585606617332
129.0,48.0,0,-60.919476876966655,,0,
130.0,48.0,0,3.1145526241743937,,0,
131.0,48.0,0,56.90580331266392,,0,
132.0,48.0,0,87.26742614759132,713.355803,1,626.0883768524087
133.0,48.0,0,73.98711023945361,,0,
134.0,48.0,0,31.45903414505301,,0,
135.0,48.0,0,-33.78423266403843,,0,
136.0,48.0,0,-116.80995223647915,233.721778,1,350.5317302364791
137.0,48.0,0,-205.53294128971174,,0,
138.0,48.0,0,-287.5587395975017,,0,
139.0,48.0,0,-354.1285632606596,,0,
140.0,48.0,0,-400.0339963150909,-573.487191,1,-173.45319468490914
141.0,48.0,0,-420.6711196103133,,0,
142.0,48.0,0,-423.0691653818358,,0,
143.0,48.0,0,-417.1457988592447,,0,
144.0,48.0,0,-411.05990827886853,-213.19792,1,197.86198827886852
145.0,48.0,0,-405.7890857269522,,0,
146.0,48.0,0,-400.99630259454716,,0,
147.0,48.0,0,-397.580454477109,,0,
148.0,48.0,0,-395.62449556973297,-399.665976,1,-4.041480430267029
149.0,48.0,0,-390.7436839896254,,0,
150.0,48.0,0,-379.2332567687845,,0,
151.0,48.0,0,-363.2770429926459,,0,
152.0,48.0,0,-345.27054565015715,-466.972014,1,-121.70146834984286
153.0,48.0,0,-325.2175976145081,,0,
154.0,48.0,0,-308.7794064062182,,0,
155.0,48.0,0,-297.9699822945986,,0,
156.0,48.0,0,-293.67833953141235,108.647152,1,402.32549153141235
157.0,48.0,0,-297.58214202709496,,0,
158.0,48.0,0,-309.72793622442987,,0,
159.0,48.0,0,-321.9169985973276,,0,
160.0,48.0,0,-325.8713034992106,-223.552578,1,102.31872549921061
161.0,48.0,0,-318.3879261862021,,0,
162.0,48.0,0,-298.3913318780251,,0,
163.0,48.0,0,-265.6428144176025,,0,
164.0,48.0,0,-220.31347231497057,-271.775104,1,-51.46163168502943
165.0,48.0,0,-162.66586792236194,,0,
166.0,48.0,0,-96.86088936845772,,0,
167.0,48.0,0,-29.443950959015638,,0,
168.0,48.0,0,30.730824779486284,-54.368912,1,-85.09973677948628
169.0,48.0,0,78.85202693915926,,0,
170.0,48.0,0,112.45471202256158,,0,
171.0,48.0,0,130.59566991543397,,0,
172.0,48.0,0,134.6731044703629,-56.413436,1,-191.08654047036288
173.0,48.0,0,128.58461862406693,,0,
174.0,48.0,0,118.23640718124807,,0,
175.0,48.0,0,111.3779576336965,,0,
176.0,48.0,0,114.1838332968764,49.398508,1,-64.78532529687641
177.0,48.0,0,123.89691926189698,,0,
178.0,48.0,0,136.84574421821162,,0,
179.0,48.0,0,153.7428070390597,,0,
180.0,48.0,0,177.12861534580588,17.846489,1,-159.2821263458059
181.0,48.0,0,202.35903836903162,,0,
182.0,48.0,0,224.0921020496171,,0,
183.0,48.0,0,239.34130616835319,,0,
184.0,48.0,0,246.85538594401442,241.696085,1,-5.159300944014404
185.0,48.0,0,247.10080312518403,,0,
186.0,48.0,0,241.47429456212558,,0,
187.0,48.0,0,230.30532892933115,,0,
188.0,48.0,0,213.99964316212572,229.493421,1,15.49377783787429
189.0,48.0,0,193.4554445669055,,0,
190.0,48.0,0,169.60181118827313,,0,
191.0,48.0,0,143.1495718760416,,0,
192.0,48.0,0,117.03069791849703,0.768177,1,-116.26252091849703
193.0,48.0,0,98.98023782903329,,0,
194.0,48.0,0,91.34772196342237,,0,
195.0,48.0,0,91.72725250246003,,0,
196.0,48.0,0,98.94007588247769,-67.405957,1,-166.3460328824777
197.0,48.0,0,114.90310198441148,,0,
198.0,48.0,0,132.08188518648967,,0,
199.0,48.0,0,144.0754971227143,,0,
0.0,49.0,0,450.22399516333826,,0,
1.0,49.0,0,450.1948650814593,,0,
2.0,49.0,0,447.2478387793526,,0,
3.0,49.0,0,441.30936390766874,423.515224,1,-17.79413990766875
4.0,49.0,0,431.75458635762334,,0,
5.0,49.0,0,417.62871689605527,,0,
6.0,49.0,0,398.18957630428486,,0,
7.0,49.0,0,372.9164228446316,502.494479,1,129.57805615536842
8.0,49.0,0,339.96258423896506,,0,
9.0,49.0,0,303.8590038656257,,0,
10.0,49.0,0,266.4175764224492,,0,
11.0,49.0,0,227.1946704192087,162.548774,1,-64.6458964192087
12.0,49.0,0,184.1597078423947,,0,
13.0,49.0,0,135.30258138128556,,0,
14.0,49.0,0,81.61698398645967,,0,
15.0,49.0,0,27.204207871109247,-177.537435,1,-204.74164287110924
16.0,49.0,0,-20.496654503745958,,0,
17.0,49.0,0,-64.79925725562498,,0,
18.0,49.0,0,-107.10872557992116,,0,
19.0,49.0,0,-149.21757511096075,-142.062237,1,7.1553381109607415
20.0,49.0,0,-194.04333099490032,,0,
21.0,49.0,0,-243.51841578772292,,0,
22.0,49.0,0,-294.6320524511393,,0,
23.0,49.0,0,-342.691560841864,-448.46085,1,-105.76928915813602
24.0,49.0,0,-382.31371375056915,,0,
25.0,49.0,0,-414.2978737524245,,0,
26.0,49.0,0,-438.39899082505144,,0,
27.0,49.0,0,-453.6297441176139,-515.573388,1,-61.94364388238614
28.0,49.0,0,-458.62825079541653,,0,
29.0,49.0,0,-452.39339416497387,,0,
30.0,49.0,0,-435.79979785054456,,0,
31.0,49.0,0,-410.6248108812142,-374.551051,1,36.073759881214244
32.0,49.0,0,-378.87521577905864,,0,
33.0,49.0,0,-340.41058804048225,,0,
34.0,49.0,0,-296.48510437225923,,0,
35.0,49.0,0,-250.79529485618696,-202.175263,1,48.620031856186955
36.0,49.0,0,-208.42005254072137,,0,
37.0,49.0,0,-171.31593864338356,,0,
38.0,49.0,0,-141.2948190991301,,0,
39.0,49.0,0,-119.84767236607149,-197.46218,1,-77.6145076339285
40.0,49.0,0,-108.24969566427171,,0,
41.0,49.0,0,-107.27985076629557,,0,
42.0,49.0,0,-116.26479647681117,,0,
43.0,49.0,0,-134.05904301302508,-160.901576,1,-26.84253298697493
44.0,49.0,0,-159.25467480462976,,0,
45.0,49.0,0,-191.6364402427571,,0,
46.0,49.0,0,-230.53305960749276,,0,
47.0,49.0,0,-275.0969825674547,-508.590155,1,-233.4931724325453
48.0,49.0,0,-323.19529880268965,,0,
49.0,49.0,0,-371.4914181412896,,0,
50.0,49.0,0,-418.1654199101031,,0,
51.0,49.0,0,-461.02015990857035,-617.469228,1,-156.4490680914297
52.0,49.0,0,-495.20211626868695,,0,
53.0,49.0,0,-523.2680349573784,,0,
54.0,49.0,0,-544.6406228780979,,0,
55.0,49.0,0,-555.9936538449256,-715.105944,1,-159.11229015507445
56.0,49.0,0,-551.8644822104834,,0,
57.0,49.0,0,-536.0405401040334,,0,
58.0,49.0,0,-510.98918087384664,,0,
59.0,49.0,0,-478.364043610869,-477.737957,1,0.6260866108689811
60.0,49.0,0,-439.3336121443426,,0,
61.0,49.0,0,-394.84623356582597,,0,
62.0,49.0,0,-346.54856354673393,,0,
63.0,49.0,0,-296.4152099317289,-360.123386,1,-63.70817606827109
64.0,49.0,0,-246.31949396815617,,0,
65.0,49.0,0,-197.68959197518416,,0,
66.0,49.0,0,-150.75909998675343,,0,
67.0,49.0,0,-104.68178537325002,-103.126666,1,1.5551193732500224
68.0,49.0,0,-58.56484108627774,,0,
69.0,49.0,0,-12.214493151230272,,0,
70.0,49.0,0,33.45134352776222,,0,
71.0,49.0,0,76.28533987334231,86.808738,1,10.523398126657696
72.0,49.0,0,112.87064823420951,,0,
73.0,49.0,0,139.79391962476075,,0,
74.0,49.0,0,155.63237805885728,,0,
75.0,49.0,0,163.29570528271142,634.981284,1,471.68557871728854
76.0,49.0,0,166.83483990596142,,0,
77.0,49.0,0,169.93466500536306,,0,
78.0,49.0,0,178.499676739797,,0,
79.0,49.0,0,196.4317823080346,107.833507,1,-88.5982753080346
80.0,49.0,0,224.96812606375897,,0,
81.0,49.0,0,257.8646534869331,,0,
82.0,49.0,0,288.12152020807844,,0,
83.0,49.0,0,308.09251059789676,406.479964,1,98.38745340210323
84.0,49.0,0,309.7183376805624,,0,
85.0,49.0,0,292.2260200433084,,0,
86.0,49.0,0,257.32071036292473,,0,
87.0,49.0,0,211.08416708436562,129.148498,1,-81.93566908436563
88.0,49.0,0,162.5279395393154,,0,
89.0,49.0,0,115.93414293113165,,0,
90.0,49.0,0,76.15408623620169,,0,
91.0,49.0,0,49.405707400874235,-170.015163,1,-219.42087040087424
92.0,49.0,0,43.82401080196723,,0,
93.0,49.0,0,54.118478142190725,,0,
94.0,49.0,0,74.76566927158274,,0,
95.0,49.0,0,97.4258217595052,60.23371,1,-37.192111759505195
96.0,49.0,0,110.95374112317222,,0,
97.0,49.0,0,105.21536297857529,,0,
98.0,49.0,0,77.27737851208076,,0,
99.0,49.0,0,26.708110236999346,178.803527,1,152.09541676300066
100.0,49.0,0,-46.242787166527705,,0,
101.0,49.0,0,-130.17598442698363,,0,
102.0,49.0,0,-214.13930702372454,,0,
103.0,49.0,0,-288.4708591286908,-393.136975,1,-104.66611587130922
104.0,49.0,0,-344.9474736061529,,0,
105.0,49.0,0,-383.4590388968354,,0,
106.0,49.0,0,-404.2775417509838,,0,
107.0,49.0,0,-408.15539925450867,-370.906589,1,37.24881025450867
108.0,49.0,0,-395.83567604617565,,0,
109.0,49.0,0,-368.0677933304105,,0,
110.0,49.0,0,-327.2721617142088,,0,
111.0,49.0,0,-277.8579412731342,-276.207346,1,1.650595273134229
112.0,49.0,0,-225.8164609837695,,0,
113.0,49.0,0,-178.12633822346106,,0,
114.0,49.0,0,-141.96502442081692,,0,
115.0,49.0,0,-123.65602466859855,55.881303,1,179.53732766859855
116.0,49.0,0,-128.17128888797015,,0,
117.0,49.0,0,-147.57274417742155,,0,
118.0,49.0,0,-174.5231460442883,,0,
119.0,49.0,0,-202.20017749571707,-344.498598,1,-142.29842050428294
120.0,49.0,0,-223.72063029475976,,0,
121.0,49.0,0,-241.50673872616608,,0,
122.0,49.0,0,-256.6385248101433,,0,
123.0,49.0,0,-267.82338876166614,-358.732362,1,-90.90897323833389
124.0,49.0,0,-270.6599551325198,,0,
125.0,49.0,0,-263.878788271104,,0,
126.0,49.0,0,-244.61460725485813,,0,
127.0,49.0,0,-208.54466939903796,-651.737136,1,-443.192466600962
128.0,49.0,0,-147.07529456622433,,0,
129.0,49.0,0,-76.19946803047787,,0,
130.0,49.0,0,-7.116251214814838,,0,
131.0,49.0,0,50.362428839551285,67.635811,1,17.27338216044872
132.0,49.0,0,83.70691512164194,,0,
133.0,49.0,0,82.60095360549167,,0,
134.0,49.0,0,52.56581752677448,,0,
135.0,49.0,0,-0.10860798979410902,289.695138,1,289.8037459897941
136.0,49.0,0,-74.98323537886608,,0,
137.0,49.0,0,-156.42427665973082,,0,
138.0,49.0,0,-233.10799109947402,,0,
139.0,49.0,0,-297.2290748876985,-87.683001,1,209.54607388769853
140.0,49.0,0,-343.1489375338424,,0,
141.0,49.0,0,-368.2393772720825,,0,
142.0,49.0,0,-376.6986704742303,,0,
143.0,49.0,0,-376.8091533050756,-151.75652,1,225.0526333050756
144.0,49.0,0,-379.21450584509876,,0,
145.0,49.0,0,-381.2433639660012,,0,
146.0,49.0,0,-382.3159183053649,,0,
147.0,49.0,0,-383.697992334608,-235.641523,1,148.05646933460798
148.0,49.0,0,-388.2016717749648,,0,
149.0,49.0,0,-390.33685169299133,,0,
150.0,49.0,0,-387.5167817886686,,0,
151.0,49.0,0,-380.27381615620106,-281.646391,1,98.62742515620107
152.0,49.0,0,-369.82444789248984,,0,
153.0,49.0,0,-357.5107294381596,,0,
154.0,49.0,0,-346.8204721075017,,0,
155.0,49.0,0,-340.45241767540574,-335.689805,1,4.762612675405762
156.0,49.0,0,-339.9318851537537,,0,
157.0,49.0,0,-345.924321890343,,0,
158.0,49.0,0,-357.0121747900266,,0,
159.0,49.0,0,-367.7400118270889,-464.410883,1,-96.67087117291112
160.0,49.0,0,-370.3618897786364,,0,
161.0,49.0,0,-363.53238937840797,,0,
162.0,49.0,0,-346.13304435869213,,0,
163.0,49.0,0,-317.4947992649395,-225.233354,1,92.26144526493951
164.0,49.0,0,-277.48344115680084,,0,
165.0,49.0,0,-227.00521504576318,,0,
166.0,49.0,0,-169.60630402062088,,0,
167.0,49.0,0,-111.83797254296951,77.38673,1,189.2247025429695
168.0,49.0,0,-63.87854565912858,,0,
169.0,49.0,0,-25.829251801827922,,0,
170.0,49.0,0,0.9163023954024538,,0,
171.0,49.0,0,15.424717218149453,-121.15814,1,-136.58285721814946
172.0,49.0,0,18.45564936264418,,0,
173.0,49.0,0,12.618529384490103,,0,
174.0,49.0,0,2.2250857681501657,,0,
175.0,49.0,0,-5.810233589494601,-332.143303,1,-326.3330694105054
176.0,49.0,0,-0.8672062256373465,,0,
177.0,49.0,0,9.354025479638949,,0,
178.0,49.0,0,21.52947051776573,,0,
179.0,49.0,0,37.54343636147678,-302.773351,1,-340.31678736147677
180.0,49.0,0,65.07098489208147,,0,
181.0,49.0,0,94.03656651452184,,0,
182.0,49.0,0,119.04006270645186,,0,
183.0,49.0,0,137.64884169469588,-152.121354,1,-289.7701956946959
184.0,49.0,0,148.9039915089961,,0,
185.0,49.0,0,152.98412110190839,,0,
186.0,49.0,0,150.5936766488012,,0,
187.0,49.0,0,142.29733450291678,-41.007676,1,-183.3050105029168
188.0,49.0,0,128.71101763285697,,0,
189.0,49.0,0,110.78816207475029,,0,
190.0,49.0,0,89.79331542621367,,0,
191.0,49.0,0,67.59279563953169,-20.843439,1,-88.43623463953169
192.0,49.0,0,47.80534514901228,,0,
193.0,49.0,0,35.21360951801762,,0,
194.0,49.0,0,31.496708462247625,,0,
195.0,49.0,0,35.86381415557116,-274.330593,1,-310.1944071555712
196.0,49.0,0,47.80801877612248,,0,
197.0,49.0,0,66.64231871301308,,0,
198.0,49.0,0,87.50210676947609,,0,
199.0,49.0,0,103.98769523529336,304.586849,1,200.5991537647066
